,vsini70,vsini80,vsini90,vsini100,vsini110,vsini120,vsini130,vsini140,vsini150,vsini160,vsini170,vsini180,vsini190,vsini200,vsini210,vsini220,vsini230,vsini240,vsini250,vsini260,vsini270,vsini280,vsini290,vsini300,vsini310,vsini320,vsini330
T15000logg2.0,2302450.349252767,2133797.9885374475,1979903.272939736,1850926.3433397594,1734610.3268983276,1629128.614672772,1535275.1072111793,1448341.5125419665,1371442.2525756906,1304106.7485391754,1243045.6594736145,1190317.088374769,1143711.1910598152,1102952.306922081,1067334.930221764,1035414.1476723993,1007472.0010391648,982744.0974393374,960145.3570021805,940236.5063330472,922268.1929913807,906104.2206137731,891669.4720065923,878523.3685511898,866759.774873727,856182.8283108195,846481.1970464122
T15000logg2.2,3160135.5579992305,2950365.7061089487,2754318.5570007972,2586693.966797973,2433143.5893829367,2291764.587719673,2164215.7174130445,2044349.4211002495,1936199.995375203,1839716.9287169173,1750915.9211185733,1672834.5432659942,1602754.162911588,1540593.9668285693,1485266.549178823,1434928.1665786894,1390132.318346073,1349766.4532369392,1312330.8470841174,1278755.5153061547,1247991.5627564243,1219813.1389011845,1194213.2124365342,1170578.596585199,1148971.417624999,1129185.5282462244,1110788.221988201
T15000logg2.4,3159629.7785541606,2975390.6739140702,2802047.991070129,2652686.378889025,2515068.639178661,2387511.563648872,2271816.532635358,2162747.660795439,2063803.9354267293,1975022.998701593,1892962.4365048574,1820226.3343746061,1754511.865884814,1695874.045777284,1643304.170712128,1595101.9452194048,1551909.6611563438,1512708.8565356755,1476041.563699339,1442911.629228448,1412357.9993280931,1384065.0318337337,1358179.3720535696,1334130.8754612098,1311858.9563259562,1291316.6087984918,1272093.1278983064
T15000logg2.6,2845733.614483554,2696905.602073186,2557570.9666395267,2437676.4531413717,2327290.3951559467,2224836.8255864275,2131840.6530106035,2044334.8884310238,1964979.6628981265,1893772.7810433386,1827983.0910407153,1769577.5320775192,1716652.4476963088,1669295.1518094183,1626705.6394114252,1587474.3288284729,1552158.0818743794,1519969.587923302,1489693.7368730851,1462187.4395775574,1436718.0579693269,1412949.7295176499,1391084.987971011,1370690.4990071263,1351622.7419307216,1333938.3214816048,1317321.6173617793
T15000logg2.8,3027284.6574018775,2883960.2461938597,2749187.5881517795,2632720.8864879627,2524946.3028920754,2424410.7756412905,2332844.7039800966,2246426.2288081315,2167796.698121166,2097018.4449572763,2031436.1674736482,1972921.2354250927,1919715.3470313144,1871906.553581357,1828768.5949494177,1788818.7616863265,1752684.1006268896,1719638.4728739313,1688369.8884178435,1659832.650856861,1633315.0157055876,1608397.4368109507,1585371.4854249202,1563809.418772459,1543490.3115418036,1524555.6439998073,1506688.2548855133
T15000logg3.0,2936140.968469985,2821273.967029685,2712460.193119632,2617600.3888863353,2529243.1366150817,2446301.14166263,2370361.575949629,2298448.8144026306,2232718.3916091877,2173240.0420225677,2117853.2033199463,2068232.373812805,2022818.1418354353,1981817.7043959266,1944614.465249849,1909949.065562627,1878435.0862970592,1849447.037735477,1821844.1302014708,1796515.8659187015,1772855.76322641,1750446.4160816479,1729621.5933793546,1710013.8237531616,1691365.4401309849,1673885.449028559,1657296.7763526835
T16000logg2.0,2149189.5125947595,1979816.8372279168,1826876.491280557,1700093.933148676,1586878.553257916,1485346.0433876908,1395918.3659693627,1313702.722960798,1241827.2909568083,1179568.6346357402,1123520.9779575705,1075656.929414338,1033751.1438911281,997472.6184768922,966127.8902313237,938380.8693910227,914446.8516146189,893536.0146310774,874672.9073227448,858325.9244455306,843726.901227924,830805.4626439417,819446.8901582992,809195.1124108246,800207.8726707445,792266.3783095148,785048.2049216453
T16000logg2.2,2667739.7355626933,2474332.2329259715,2296886.042490943,2147277.2847497556,2012121.0353587843,1888803.8760727544,1778782.8980464805,1676514.243057284,1585291.2991657695,1504975.119385803,1431860.1461457876,1368135.002903175,1311663.37064141,1261891.3894652037,1217990.6902661116,1178517.8401139015,1143664.5260788805,1112482.4474076862,1083872.4517193823,1058412.740355661,1035272.0263105993,1014230.2491611097,995295.3259938079,977927.0340259395,962219.720683155,947963.2590247107,934790.4885831416
T16000logg2.4,3009369.58910155,2809438.1772525175,2624110.292332974,2466454.517028385,2322910.888369152,2190827.884903996,2072168.872505831,1961179.5749971955,1861241.7236066372,1772499.8252443352,1691137.8304376262,1619543.5007143677,1555572.568110617,1498720.6901533096,1448122.873525035,1402213.5380304335,1361278.7542499173,1324311.197262387,1290084.4308706117,1259296.5434051526,1231080.4198992492,1205141.4058182426,1181552.3452907607,1159753.9323383071,1139778.2113054448,1121449.279911499,1104388.5957445956
T16000logg2.6,3219466.3794741514,3025626.556442151,2844499.15439712,2689292.2317710933,2547032.979610974,2415216.321926996,2296179.0532049327,2184344.2017647363,2083024.0920302053,1992554.3365081607,1909199.1088747606,1835302.6824232207,1768908.2614868183,1709540.6892874734,1656377.41867254,1607823.9691210934,1564218.2363814064,1524627.8137722742,1487713.3126260194,1454263.4740866416,1423440.9186761314,1394878.0105126721,1368714.0104644485,1344404.7879265733,1321919.3640080974,1301133.6623971313,1281677.3524944354
T16000logg2.8,3274664.5588579187,3101628.934627592,2938505.1059043026,2797860.7846246734,2667754.746169652,2546875.950409034,2437002.6635916745,2333144.6383053493,2238811.585083681,2154060.19671396,2075521.1169130383,2005658.9002052364,1942347.0461024665,1885714.4720902792,1834633.5450115013,1787627.9932838795,1745303.9459764855,1706591.395601728,1670262.480287124,1637208.792173632,1606474.3236610792,1577933.7889170987,1551592.1824327174,1526928.3073743242,1503986.0396886538,1482626.5202720205,1462493.4764653435
T16000logg3.0,3262549.9721654584,3110023.919787272,2965591.743132645,2840096.783670792,2723682.511475178,2614539.461729981,2515116.5937758996,2421095.482565419,2335202.262684007,2257875.8255159953,2186068.6972495806,2121790.3140806323,2063515.094730708,2010951.2080385434,1963455.2313954984,1919642.3707739105,1879920.2387166999,1843529.219581004,1809242.1300938455,1777870.8044144444,1748712.020963428,1721354.8130544897,1696042.9931482323,1672314.0050402065,1650038.1381924064,1629229.876241534,1609569.0683485721
T16000logg3.2,3515259.608956389,3360341.826722396,3213340.998716657,3085287.9370578555,2966118.171085177,2854064.897255257,2751787.4986359295,2654866.2496552854,2566206.9836731306,2486309.484639124,2411940.812762876,2345303.7843484413,2284798.591197064,2230117.5409139073,2180591.9958110237,2134854.237410745,2093300.811367546,2055108.3259756314,2019101.0880492697,1986076.0372392912,1955298.8649384154,1926398.6092565823,1899578.2528937696,1874363.8127458242,1850668.791965295,1828454.852294693,1807400.5386661184
T17000logg2.2,2712457.0093775145,2510519.0870078187,2325148.7445429303,2169263.27412399,2028205.899547899,1899995.4785656235,1785653.6684621437,1679029.513358112,1584238.8455234086,1500912.3562517555,1424951.6472156462,1359109.6583499582,1300774.2915654548,1249507.5078645393,1204401.5865903355,1163825.1460717337,1128103.0537371545,1096162.657837562,1066870.5744534095,1040898.2101483461,1017251.8966425897,995874.7719412157,976657.2055360572,958996.7740399316,943113.7582925278,928715.1009261141,915381.8602998592
T17000logg2.4,3047200.282442365,2832550.169967125,2634537.21899186,2466470.138596509,2314335.2576564676,2174632.204899671,2049600.599599877,1933030.9027167277,1828253.5486681059,1735526.5308789145,1650788.1980936464,1576390.3367326362,1510281.863844674,1451524.384172878,1399394.2885021686,1352351.1488471827,1310515.7849595374,1272740.7299450005,1237971.9734320303,1206791.1103371796,1178295.7576376249,1152096.0878667105,1128412.1255881642,1106559.1596018432,1086614.2981466195,1068386.088194246,1051444.1454469787
T17000logg2.6,3351433.8837577165,3135855.0443165046,2934758.308045675,2762916.032725408,2605711.790971518,2460805.499877683,2330157.1054089586,2207411.87718797,2096544.1869530252,1997701.9463284723,1906687.6582437526,1826310.7529032154,1754191.641881694,1690044.6858899763,1632587.350020986,1580298.0939300074,1533580.2538494645,1491114.2315956606,1451689.0730614597,1416118.500375669,1383279.3886233189,1353078.6480925519,1325475.0363552151,1299811.2379390365,1276245.7032476638,1254517.0002070528,1234175.4133458456
T17000logg2.8,3516924.6262783073,3311232.2421097285,3117927.5609418023,2951569.8852340393,2798424.1380119137,2656358.741374381,2527671.6026652954,2406275.377418258,2296072.1484300415,2197376.3342455504,2106096.756928961,2025053.0725334473,1952012.9108859203,1886718.5481316838,1827979.2833781582,1774251.092029076,1725993.6447801988,1681921.3106558444,1640803.7862978084,1603500.7140251633,1568907.9067684556,1536910.1123725462,1507499.776427714,1480033.9017451226,1454644.8687855345,1431096.9913379545,1408949.9081705534
T17000logg3.0,3616079.1139338757,3423489.978034874,3241488.138200972,3083651.1412396547,2937989.9994394886,2801646.8822342735,2677877.135715307,2561040.069683954,2454329.2164166635,2358533.2958926293,2269768.087008788,2190476.724961013,2119021.1386477607,2054577.8001682702,1996504.5885295072,1943320.3095715854,1895245.2382777217,1851223.9187218691,1810085.3251147536,1772551.5644622575,1737792.5019080064,1705284.0177314146,1675372.0942503132,1647407.8407021947,1621363.0765172616,1597122.1885088594,1574281.4399747984
T17000logg3.2,3693040.3872897476,3516405.4198842114,3348420.8619628926,3201745.213659007,3065600.254834153,2937486.8372289743,2820710.2913808576,2710119.46216321,2608769.9793621185,2517469.8729502736,2432559.9532469977,2356428.904375161,2287578.3009711686,2225237.908072562,2168920.987068122,2117140.8552748626,2070185.4110147585,2027020.3818561006,1986564.1249564658,1949541.845281886,1915124.8375058924,1882836.62536193,1853025.822310418,1825055.8935565616,1798904.2252301003,1774473.0000736266,1751369.5539260819
T18000logg2.2,2535554.777738179,2341036.4220631053,2162478.6521822596,2012098.9733290651,1876241.634231093,1752387.942709308,1641939.1356220606,1539052.5843419088,1447750.398968024,1367791.5420634889,1295307.175373212,1232932.1239102432,1178188.911019371,1130164.652206182,1088514.0745102973,1051498.3251968583,1019248.5348736305,990859.5827446283,965186.1474899868,942734.8773860133,922675.4917337111,904610.3058926781,888692.8230802836,874262.0172052644,861450.7203664447,850030.6361595957,839573.9574001739
T18000logg2.4,2681461.4204090675,2485576.1040849104,2306445.8179716747,2155472.094532278,2019712.74296176,1895884.7655478683,1785711.646038696,1683540.9486485354,1592367.7599023846,1512199.0611502812,1439260.0271584198,1375636.8704660493,1319372.6689091362,1269564.3057007727,1225669.358879215,1186216.0207036263,1151311.7002622567,1119962.8281315058,1091229.4435377468,1065617.2515791229,1042314.6080004129,1020994.8198013074,1001837.8545214107,984220.8821339608,968239.8609058283,953721.4852004586,940274.2518612933
T18000logg2.6,3538055.887272927,3304405.030996504,3085070.2017135266,2896587.9620283763,2723729.594646542,2563853.208480518,2419479.4934947877,2283491.926041569,2160332.7070993916,2050309.9483281923,1948849.657601365,1859379.2479889407,1779260.776237137,1707834.1526479598,1644163.5959311994,1586365.7099133078,1534844.0157460407,1488129.160921982,1444954.5211741235,1406160.2368833728,1370468.7221250795,1337685.8387910791,1307904.4480088956,1280269.016848974,1255000.375739818,1231804.7641170367,1210122.1505923623
T18000logg2.8,3494642.128655556,3277061.311013393,3073597.9346273886,2898611.159619797,2738894.346133676,2590380.339862771,2456525.9301304156,2330937.8782972028,2216758.619934378,2114845.379157201,2021013.622227355,1937710.4962373823,1863281.7252103884,1796256.888699055,1736380.6124019278,1681962.5235162866,1633042.738122981,1588461.3140521161,1547149.1932404651,1509692.1429819202,1475247.3568893857,1443105.8726456831,1413828.883920916,1386611.515015248,1361452.6895623612,1338228.0232764487,1316477.3072552283
T18000logg3.0,3444907.8705536425,3251513.9052371583,3069984.186354055,2913028.8032949604,2769146.317591071,2634560.3785166806,2512817.7261025906,2398427.1090583038,2293972.5622998145,2200435.3188997563,2114082.98916645,2036934.0902084217,1967743.2986657897,1905197.566185454,1848987.5655982469,1797703.657054566,1751353.4799695422,1708917.8529694565,1669422.465056576,1633402.5772755658,1600163.5919422768,1569006.5685663158,1540459.7321807737,1513846.6719790623,1489098.5794836571,1466125.0338175967,1444542.4333903976
T18000logg3.2,3583351.923919282,3401748.7730704444,3229957.606851421,3080428.3057106147,2942326.8737930134,2812840.0999532305,2695106.7374178614,2583999.193343262,2482345.6303780666,2390920.5078505836,2306101.884029501,2230098.0174070694,2161474.536242121,2099496.8472717903,2043439.4498208645,1992049.1445581706,1945537.5610356438,1902723.6943584199,1862712.9082788732,1826155.2464240743,1792133.501820229,1760320.1541621403,1730996.985995041,1703484.506620217,1677846.8006127821,1653936.769194994,1631347.1122017875
T18000logg3.4,3725725.209869108,3550866.70601199,3384683.8985229274,3239217.371813303,3104454.5424939343,2977182.2527628085,2861219.3183619874,2751570.2479054653,2650809.7919125264,2560059.093837862,2475712.363027909,2399860.715068679,2331450.554032984,2269220.739882397,2212971.169229405,2161373.2707354156,2114468.7773716254,2071258.3584340424,2030860.4848154066,1993820.5757838548,1959428.2480740398,1927044.2223489282,1897194.1777323736,1869188.6058949507,1843003.560581166,1818532.0478222652,1795396.011884309
T19000logg2.4,2721073.616297715,2520273.926495381,2334907.860971438,2177163.041822722,2034724.5286927677,1903359.0373451978,1786017.8873247788,1676752.7313976435,1578523.422627962,1491885.821701985,1413067.1629327233,1344309.469515088,1284049.794185383,1230165.0179292394,1183183.3433511932,1141335.8233063968,1104406.5815325733,1071526.40027878,1041711.3927729656,1015297.8073433236,991586.6012222939,969883.2794562506,950647.5927169749,933139.5881543211,917349.4561491889,903166.5220909859,890136.1249878735
T19000logg2.6,2969436.453799696,2763847.0806966717,2573143.7506005177,2410421.384509879,2262567.1512789503,2126346.4844971285,2004033.2410779705,1889578.7979523088,1786454.9566654589,1694951.6816227753,1611173.878193294,1537684.0141835236,1472415.5494911592,1414307.431793165,1362906.3613744648,1316574.645595939,1275425.563795605,1238335.3485582613,1204286.5303741507,1173858.222227294,1146082.4192613084,1120570.0229901168,1097634.9626945413,1076459.129309524,1057214.5513924526,1039693.9276655708,1023396.1095507386
T19000logg2.8,3108587.0854508807,2908637.193270802,2723143.704467675,2564093.7771394285,2419781.0265322486,2285495.685227302,2164851.9832475833,2052277.6605157112,1950054.6401669276,1859128.5654483924,1775794.9060699234,1701844.1001242844,1636221.2155689758,1576888.900522926,1524116.718026145,1476397.4864010366,1433530.8220044896,1394550.2794079026,1358596.2299319417,1326046.7186865294,1296234.9020931888,1268478.815409715,1243295.5633133473,1219998.2824985227,1198502.5546528518,1178753.0596160176,1160340.9573105646
T19000logg3.0,3346313.0142876464,3149014.2043696796,2964383.77060991,2805124.5552011337,2659505.4493076126,2523705.389695426,2401047.651600006,2285961.374419415,2181139.9701702176,2087425.110082901,2001055.407701958,1924120.655054215,1855247.719480313,1793164.6079451519,1737450.4347412605,1686765.2090935626,1641113.4998947126,1599347.5841469893,1560598.3425744828,1525383.5823480783,1492903.2832579308,1462560.0863756537,1434857.693203856,1409048.8712509465,1385144.9347710991,1363029.5305833127,1342277.4908407382
T19000logg3.2,3490406.2863616026,3303325.8521531746,3127016.4028947195,2974123.0072636297,2833172.191914097,2701568.2962239473,2582025.261446833,2469270.7365573654,2366420.3771600025,2274072.0115797566,2188517.814990315,2112118.838370529,2043205.46102626,1981230.1577570387,1925265.3246269906,1874037.4391646313,1827825.4107286797,1785344.4010826026,1745718.3616913885,1709628.108565506,1675992.6788738375,1644750.2390482263,1615985.844910848,1588994.1722660647,1563968.8769891276,1540682.748099481,1518694.9531566072
T19000logg3.4,3594631.8265913306,3419043.933602225,3252388.454602032,3106616.5068228226,2971850.406327458,2844857.4541590717,2729273.406133524,2620124.7815110954,2519922.8282325068,2429694.801998933,2345896.498372524,2270612.3953959728,2202752.2155941552,2141122.3160111695,2085429.0398196531,2034423.835743326,1988142.9634673274,1945523.557019894,1905740.2017005547,1869337.2660906278,1835520.9465649398,1803745.4950979892,1774520.715541047,1747096.9337070705,1721519.5786488822,1697668.1470184803,1675127.7812197562
T19000logg3.6,4298545.121668251,4104275.4695494925,3916555.9832008295,3750323.866812115,3594824.977090688,3447158.951516726,3311840.902303745,3182852.027826987,3063749.6538521284,2955858.737801614,2854877.3349823756,2763960.033209147,2681681.017327293,2606660.0828612377,2538754.9022132857,2476414.3446062217,2419763.0972573753,2367551.815600667,2318744.3709813533,2274069.3764280183,2232535.1737895776,2193449.985690592,2157488.9786643493,2123677.641047635,2092139.5637368816,2062710.2149225161,2034828.5139287596
T20000logg2.4,2196151.132776428,2036862.8151011302,1891582.341406273,1768918.0742234979,1659119.8917576717,1558600.7833126397,1469435.7665482182,1387060.3439971835,1313634.565714761,1249380.7658411136,1191253.9451358896,1140829.9980967622,1096862.9471399405,1057685.2685574177,1023685.9648089488,993519.3557231342,966979.4429515036,943440.7169644656,922158.0179799497,903375.7047057071,886574.2632960508,871253.2715740479,857744.2345093426,845494.7647999951,834508.0220866993,824707.4123062125,815742.326639223
T20000logg2.6,2737834.8914775755,2544828.2842391697,2366350.13523065,2214091.1487174463,2076274.3737504343,1949235.3413442879,1835411.7450167679,1729186.4038088883,1633575.4366551398,1548935.792022736,1471659.0395419062,1404054.4930902405,1344367.3482496475,1291068.519191839,1244239.8140642508,1202243.1628956143,1165019.2562562972,1131634.3178197006,1101145.236481794,1074000.012432559,1049405.4905625049,1026779.6466169573,1006614.3346095408,988073.8164352349,971277.9028791564,956097.825467582,942022.6247462103
T20000logg2.8,2809190.3272910654,2623361.6522005615,2452091.2341579963,2305864.617459206,2173591.621497732,2051251.3995010238,1941532.7590736612,1839407.3490296765,1747187.6964005446,1665384.405651884,1590594.330290391,1524558.9683230459,1465967.8355414546,1413398.9240704866,1366698.7184979294,1324556.5533973519,1286875.2581320817,1252663.2425589368,1221193.3725559332,1192851.4489005469,1166891.0061572718,1142832.1361355348,1121113.1341261745,1101001.530888018,1082571.7460930422,1065710.729538496,1049990.66926878
T20000logg3.0,3082418.136413409,2893642.4180404264,2718112.637854625,2566861.0007426445,2429554.665808802,2301111.66403505,2185571.497505032,2077708.5017229165,1979482.4322465463,1891968.9116514074,1811677.8777577067,1740262.0283589156,1677002.3162894677,1619296.7467254712,1568033.664169381,1521660.2451717763,1479840.6463395932,1441721.3279826706,1406541.199602309,1374612.4101030384,1345236.652801088,1317875.132959629,1292987.2774916792,1269902.9523493648,1248483.8405443176,1228806.3806098578,1210396.8771121583
T20000logg3.2,3266835.1881018323,3082796.5787425544,2910293.490665229,2760786.6333569787,2624023.2098888797,2495857.575876751,2379946.2672564657,2271194.5876808665,2171910.288815277,2083063.215015874,2001150.870503408,1928051.679388347,1862793.5211006352,1803471.9860469927,1750372.1932801886,1702085.4240427662,1658477.0163670327,1618534.092022672,1581495.8448762395,1547790.4028375908,1516643.5880747137,1487491.9141253075,1460882.5540597087,1436043.311354027,1412976.7437432774,1391649.646588948,1371588.970459824
T20000logg3.4,3451627.3143719896,3274397.215064291,3106846.7191646267,2960505.3439582563,2825817.9240063233,2698889.6152425995,2583630.267317001,2475087.9556327714,2375521.2524158205,2286036.5232980885,2203164.1220818907,2128839.047966443,2062222.7534839865,2001426.9504993036,1946765.1571374494,1896885.525216097,1851663.5170103046,1810080.4345490187,1771399.6666701315,1736064.3819773719,1703295.6196744065,1672528.9192375517,1644330.0181357062,1617916.9165943558,1593297.0496768295,1570434.8887885823,1548856.0382155958
T20000logg3.6,3550808.912601753,3386917.148455068,3230709.1497472255,3093171.756242697,2965689.244097693,2844763.034170006,2734433.9402880683,2630121.3365275436,2534050.5881505194,2447419.413072597,2366874.3088422725,2294352.812671378,2229148.418317053,2169439.6000196086,2115567.4970114697,2066275.0707185217,2021449.5610733922,1980106.4100291696,1941561.3434017473,1906255.1759133427,1873429.3265218653,1842537.246855296,1814145.1587893106,1787482.033616025,1762568.3009886476,1739366.141103472,1717407.5319627821
T20000logg3.8,3982739.6311648227,3815494.721877557,3653228.3391624875,3508628.159655126,3372442.32487174,3242683.125216093,3123207.697759401,3009002.0754050985,2903549.1766783437,2807817.5866439114,2717994.6640158743,2637101.213009964,2563658.748459251,2496815.5721621914,2436212.468259284,2380466.839956398,2329834.57011177,2283149.715791731,2239446.2523521557,2199503.289976216,2162229.2587289503,2127287.314740592,2095134.741649604,2064808.871903294,2036601.08237973,2010306.1244130577,1985323.0652592464
T21000logg2.4,1630971.7407726496,1485253.830694345,1355060.531671676,1246647.892627063,1151384.267979146,1064712.76383724,989215.530065677,920788.9518606766,861150.5763478369,810624.6068575797,766154.8540880984,728920.6269727622,698049.1034243826,671126.4521363113,649091.5873930091,630773.5004331883,615411.2588689688,602752.6165505347,592210.1999507454,583576.1651955524,576525.1723241002,570730.272329761,566195.6535855527,562591.9863637525,559805.7970333567,557823.9637356813,556333.9400329619
T21000logg2.6,2206012.1696161805,2050671.6108074342,1908096.135785833,1786763.5316252464,1677978.1699868636,1577925.9580190252,1488844.4057206088,1406351.7593793196,1332227.7348358668,1266936.84774081,1207683.629609976,1155961.6242284505,1110814.6904833845,1070358.1466834254,1035178.0583991571,1003951.6083930586,976400.4160587378,951861.9718178887,929689.4542535581,910073.637118459,892436.4327855704,876380.9087455467,862205.1492163212,849298.3345041911,837718.9685901761,827369.935563412,817875.294971372
T21000logg2.8,2518781.1039392995,2351923.1108052214,2198409.499277606,2066920.1285531062,1948846.6703565712,1838945.1194036948,1740828.587343732,1649915.2945972306,1567579.2876813915,1494675.3645893945,1428276.1140989345,1369682.9602108211,1318227.2274725023,1271566.9672362234,1230579.9457251548,1193887.2492237762,1161018.7292828541,1131407.7600162358,1104368.5239719097,1080070.4157114765,1057939.8675842227,1037558.5431066792,1019254.2116529738,1002467.5545501795,986993.6155564986,973010.5604354438,960048.3783495174
T21000logg3.0,2917381.2388078636,2737933.93006122,2570908.084324028,2426670.350583568,2295488.8608773346,2173166.4764739904,2062890.0315078197,1959763.3939976734,1866092.4915282796,1782514.2236536979,1705776.601549936,1637824.9961284262,1577540.817650117,1522778.7083772393,1474296.1320036894,1430431.0241277518,1391033.3839043921,1355263.981305454,1322274.5421354217,1292478.2238685917,1265144.5584215256,1239709.523466474,1216708.5210745921,1195345.4914245617,1175663.3840602324,1157614.2355701441,1140714.1331574451
T21000logg3.2,3042227.1028239974,2866144.825064728,2701679.868196127,2559235.062996064,2429428.0148085654,2307667.8399456968,2197807.602282975,2094989.2225733052,2001215.732157527,1917460.209913766,1840431.1992326349,1771851.5659790584,1710980.0975481921,1655340.4005500968,1605884.2181970617,1561058.4667651993,1520572.210368334,1483650.5938569077,1449509.0470691635,1418489.790831709,1389903.0469866223,1363222.136651428,1338939.5766333556,1316338.5134070308,1295347.6505800956,1276028.2234181177,1257892.5704902788
T21000logg3.4,3244717.085499978,3071355.140656997,2908167.076107598,2765777.883551491,2635275.5661910567,2512214.464713957,2400691.3950343225,2295947.9314560033,2199998.711176227,2113934.466238344,2034462.131871392,1963375.4486919413,1900024.8803570007,1841913.3378576026,1790034.1244030835,1742842.9836960481,1700077.3637900562,1660891.27564285,1624549.0764371892,1591414.114145888,1560739.5659653419,1532024.1209719928,1505786.8577523914,1481268.4151874005,1458415.5425901944,1437290.8230856808,1417385.190008787
T21000logg3.6,3422121.072829979,3254571.561094101,3095613.966036082,2955867.9469781737,2826965.0275061876,2704684.9130854653,2593383.6356378933,2488453.6571326577,2391935.8624475966,2305063.0399029935,2224534.3673329684,2152206.1064459044,2087542.9649631071,2028028.45383097,1974701.1906808617,1926059.9699083227,1881840.9007099564,1841193.5392385134,1803405.0429727975,1768847.875416784,1736766.5303694867,1706659.9786314245,1679065.5976592572,1653206.791215009,1629041.023508586,1606626.3929238524,1585446.5554263797
T21000logg3.8,3597183.405718567,3437767.828330463,3285125.3641182473,3149794.3447311814,3024036.2931282306,2903967.993678608,2794168.598279558,2690206.235810144,2594180.8443496246,2507425.2172690085,2426649.022709415,2353805.963008198,2288466.586699953,2228101.9573898287,2173833.0684578363,2124198.587839601,2078939.9524507048,2037220.9569521262,1998353.0612575798,1962717.48506309,1929557.099188046,1898373.1062677717,1869718.0494791486,1842803.5841782372,1817607.4303879128,1794161.248499884,1771963.8848428512
T21000logg4.0,4032438.22555641,3871945.570212979,3715589.4459288656,3574784.5537837916,3442601.3050504886,3314709.0470678257,3197035.5911498424,3084837.5343585024,2980346.7630808195,2885336.8367688307,2796274.1316492646,2715564.1015084214,2642934.1404660563,2575378.9622306614,2514583.8377827583,2458906.789177961,2407880.7957593226,2360864.735295484,2317034.086291734,2276771.7794370586,2239292.8633711967,2204036.0159623916,2171587.4713467043,2141178.2414348465,2112531.606683162,2085912.8525769582,2060713.722477559
T22000logg2.6,2462104.0254731765,2283525.692661884,2118281.966948642,1976868.023761095,1849623.492416139,1731840.7191872771,1626694.2342355545,1528732.2268217334,1440469.7959154905,1362620.915529119,1291838.6070992025,1230247.6979413724,1176672.6790882666,1128276.5073789272,1086484.072532177,1049422.8663931438,1016624.2627690581,987580.1616566236,961344.6349141197,938134.445893449,917344.3036314297,898413.2828041033,881681.3397532915,866537.4152320869,852832.2888862011,840633.1501052417,829440.9776451864
T22000logg2.8,2440867.484160225,2276683.1545242686,2125447.149576244,1995773.3163127636,1879761.7327902345,1771415.4897262964,1674948.7466924381,1585607.5690383145,1504550.1319422894,1432887.6755307275,1367721.770295614,1310306.6894438243,1260036.0337182519,1214546.527554798,1174702.237362368,1139231.200822747,1107407.310999274,1078906.3327763593,1053005.8438293876,1029764.5141752121,1008689.948094492,989378.7019814113,972067.3679796682,956297.6692036294,941767.9387194298,928689.1830145413,916633.9968188764
T22000logg3.0,2511162.4859348717,2355296.530513114,2211251.0797425974,2087251.2232809723,1975506.2896024603,1871160.400631428,1777707.6438990687,1690892.440840312,1612042.823439221,1542003.4759552134,1478013.782763819,1421373.2037712326,1371473.2923709257,1326081.5850709865,1286077.4215840946,1250141.9261098548,1217832.675444748,1188621.2736612575,1161845.381537161,1137693.7456774183,1115597.5243873764,1095182.3885741923,1076743.5557588872,1059763.3164873363,1044072.573196434,1029777.9840289124,1016478.5521903147
T22000logg3.2,2707010.139553587,2548850.5787667823,2401970.581812853,2274879.929115151,2159743.635796053,2051658.6133327493,1954451.1412406573,1863883.6746200155,1781364.2618597194,1707817.3739959653,1640407.2381794185,1580473.3166367272,1527437.7257391699,1479013.7332027373,1436108.7685889197,1397377.5024428556,1362396.3451646832,1330592.6243717917,1301295.7011189144,1274722.8112758126,1250285.5281175338,1227569.9775666445,1206942.014238324,1187838.938802793,1170068.5027353023,1153784.005230763,1138550.528269531
T22000logg3.4,3099050.9485476594,2933942.1563048046,2778526.8746161456,2642412.039580335,2518287.829936731,2400287.262613402,2293646.389929184,2193700.1776463278,2101821.600488191,2019435.7930442623,1943503.1292238855,1875559.775436028,1815124.2259504562,1759683.5756083506,1710292.98868805,1665571.2136637399,1624833.800576632,1587702.507203842,1553371.3667821,1522037.3151758104,1493100.2002382537,1466088.0788318063,1441400.2325010463,1418481.6779273488,1396953.9472728139,1377141.2353228908,1358546.471598133
T22000logg3.6,3088742.860941698,2932211.829183484,2784553.0917058396,2655209.151149159,2536526.6264088587,2423787.2831301577,2321578.7237587124,2225562.3464558474,2137353.709504044,2058238.1971896878,1985166.463680597,1919675.686629898,1861373.6540940232,1807769.3960519128,1759903.1030489581,1716440.6207017167,1676915.7609905368,1640729.6680724786,1607209.527829544,1576586.8584754444,1548245.5489739766,1521731.6337781248,1497468.263192703,1474869.1630264383,1453680.7205311747,1434113.7994425495,1415705.3762882513
T22000logg3.8,3239678.2345098285,3091580.566309383,2950710.360923219,2826409.0034986935,2711170.455834923,2601656.000740179,2501589.876147362,2407008.6537626614,2319991.168218163,2241528.005846331,2168653.490017492,2103175.2881441107,2044450.7032088214,1990511.9240835332,1942062.7202418202,1897774.2827689638,1857515.2817159344,1820455.89639261,1785941.1737711562,1754370.091061589,1725031.8546370128,1697451.2852273812,1672171.3535052328,1648411.6182340668,1626246.007108124,1605644.2557979973,1586134.349864123
T22000logg4.0,3429814.181319871,3285789.0588078173,3147370.631685769,3024022.326073614,2909240.3838111055,2798866.35972534,2697848.4519683807,2602130.0248527657,2513406.607779631,2433165.513139019,2358393.7876225626,2290817.840152167,2230225.3603405813,2174099.438239294,2123635.7897775173,2077541.466302814,2035378.4547071587,1996531.3872611788,1960384.809173044,1927210.3764937485,1896327.4947769772,1867325.6469300657,1840654.0660701715,1815679.6137601784,1792177.2105351742,1770349.1580287565,1749715.3932538165
T23000logg2.6,1430962.7748439277,1324376.9936485237,1230171.8482131741,1152256.41736948,1084726.2225029496,1024469.5295927118,972498.0971668934,926044.7035538795,885669.5855073027,851311.729894829,820984.9327621303,795206.48153139,773425.015357531,754433.5395598244,738473.9803796115,724867.4320835376,713287.5826431336,703382.9276610228,694820.0972214993,687569.8107235294,681363.4965541858,676009.6106245775,671564.6105029164,667755.0051096028,664615.0199384659,662050.9307370095,659889.8564943175
T23000logg2.8,1983548.7359400743,1843983.2294605644,1716656.0376461302,1608495.832146482,1512146.1915796213,1423454.8749119318,1344875.2100125165,1272509.0386573502,1207567.3855181404,1150632.3710386844,1099152.414840653,1054249.8607405354,1015348.8716789151,980376.4461914975,950098.6439155907,923388.833034363,899783.2339909526,878805.342539355,859942.4034960304,843252.3033717735,828264.8787593755,814714.2296262494,802743.1751129583,791918.1633155397,782206.3482854179,773569.2355520157,765677.1905421482
T23000logg3.0,2332179.8509524562,2184338.526717683,2047925.6486946875,1930669.6442265278,1825161.703799464,1727141.701926323,1639425.8719430938,1557992.493170294,1484254.6564754862,1418849.6060391415,1359170.6371411567,1306567.2706462783,1260375.8232400517,1218454.530294287,1181699.322938104,1148783.0198717082,1119340.567520177,1092830.6743374197,1068613.0250421194,1046883.218143174,1027084.4239453127,1008873.7144919387,992501.7184414425,977465.4827607572,963698.8341584723,951196.6744474396,939593.3003986033
T23000logg3.2,2472006.3286652826,2328148.14520292,2194827.085114813,2079463.5189428972,1975073.596368214,1877530.0375130805,1789772.6576958676,1708093.6339636263,1633851.4311685415,1567672.5110703357,1507055.8754276605,1453310.2790902779,1405808.3391552414,1362500.1792207677,1324263.6063687906,1289776.485751993,1258743.7092166985,1230601.033523497,1204702.2632979266,1181300.765425857,1159817.5271585726,1139905.4861331417,1121857.9612539054,1105152.0962849648,1089729.2783915235,1075595.550934733,1062382.376636849
T23000logg3.4,2689415.158310707,2544309.641355846,2408712.4862022456,2290646.4268618673,2182962.542757507,2081621.1872880124,1990009.8470409664,1904309.2057826028,1826093.0631044954,1756138.0084441358,1691778.2432990524,1634480.0590318986,1583646.1844583736,1537089.2394402022,1495794.8674457204,1458387.8059109873,1424575.4815901776,1393766.2636904416,1365291.9394863346,1339445.7768609414,1315598.617696349,1293383.082096125,1273149.620864933,1254326.7025357771,1236846.499909087,1220740.6451899144,1205612.4546592736
T23000logg3.6,2872119.7166583287,2724390.5619453173,2585931.2464446872,2464484.019032559,2354189.7565343594,2248598.208634381,2153347.6167495237,2064387.3061010074,1982506.5382720914,1909176.1003854913,1841739.7498259002,1781263.0713595059,1727471.7480492296,1678193.3711535772,1634196.0930881975,1594482.5929367999,1558091.1090645539,1524961.4363956666,1494372.1294851778,1466383.463242893,1440514.2874956457,1416431.202201226,1394330.5563815115,1373817.9540777602,1354604.9359108503,1336853.587299699,1320233.3507421138
T23000logg3.8,3015074.037400176,2874537.4452149314,2741211.2426038235,2623350.1091494733,2514919.063069695,2410952.472193022,2316445.11294474,2227536.5069798855,2145494.530243025,2071691.5420864131,2003394.5707298028,1941986.7195991927,1887173.3283627874,1836696.5375967082,1791530.4844320356,1750513.3601624863,1713016.3436614457,1678696.693365621,1646884.7023297034,1617758.9459226227,1590752.997665863,1565497.9462072847,1542315.574292406,1520726.8822129495,1500413.2789799725,1481627.1343952308,1463944.3211781182
T23000logg4.0,3155082.257133163,3019195.847065258,2889339.7263361225,2773829.4034162397,2666656.41380138,2563888.6063445574,2469862.7924828418,2380949.315190942,2298775.2332959212,2224526.0345770824,2155495.536672318,2093290.7271805464,2037561.755980636,1986039.7141752096,1939836.8924448215,1897661.6186081492,1859146.8303183638,1823743.2677228132,1790809.3059853492,1760631.3515126135,1732592.2504256591,1706273.9849174786,1682097.1069467494,1659488.1908771398,1638241.993854378,1618532.0515344571,1599903.1265329185
T23000logg4.2,3394449.131580558,3261430.507057612,3132697.9181218697,3016924.9262227695,2908840.5838759234,2803904.157891909,2707559.119689889,2616024.4223304847,2530802.115611839,2453489.3546816316,2381293.4207951874,2315900.1573713603,2257130.9686909216,2202615.3014197936,2153555.7086769426,2108757.126392977,2067581.2023835625,2029725.875904827,1994491.6849415137,1962108.8555009067,1931957.1400634306,1903667.791356524,1877597.77834559,1853221.2467705256,1830209.6158194183,1808854.116536982,1788667.1294066922
T24000logg2.8,1778524.9188861407,1638864.6226933901,1512857.3920617467,1406242.6610550287,1312331.3847376758,1226183.3978006367,1150418.9565368243,1081356.4336789153,1019850.3872005979,966456.5363720421,918700.4529719639,877446.7699223318,842156.8595824668,810814.3607552845,784038.5402981989,760848.5655525457,740565.6395545405,722858.6621481427,707254.0429597553,693659.88940027,681690.5818419718,671130.2262171323,662009.4101395007,653982.7155802624,646932.2713506687,640891.9724412189,635518.1657902406
T24000logg3.0,2133381.7477371544,1990031.9577695779,1857958.133392813,1744843.1896784022,1643696.9781120596,1549636.0719061375,1466071.467503033,1388753.8686420603,1318783.966774901,1257141.090733984,1201135.1407129925,1151978.6976669894,1109209.0063369079,1070591.9865620136,1036956.8566367456,1007199.1313135208,980653.6153939455,956971.0709653414,935587.0595134867,916507.0114815959,899273.0779773325,883616.1919326793,869638.5371813814,856965.5464899482,845426.2744073636,835076.081991747,825567.334687443
T24000logg3.2,2262660.8517137687,2127641.5786793507,2002814.553472625,1895150.4670582053,1798182.8375781663,1707345.1856156604,1626052.7209392833,1550588.6079076044,1482037.8612233403,1421241.872727319,1365743.8066150872,1316670.501018968,1273542.5542876574,1234351.6915834863,1199876.9119780066,1169017.795326413,1141248.9518239817,1116212.7323238114,1093325.908314527,1072684.851659021,1053829.5487780736,1036466.143026754,1020760.3776092567,1006350.4636180489,993035.039172546,980908.0107070759,969643.976504042
T24000logg3.4,2543537.2130372846,2401953.428443146,2270249.629399706,2155622.081789889,2052228.970390163,1953882.267321767,1865699.73788017,1783686.121326339,1708609.6301623434,1641742.4651781549,1580527.1208901738,1525987.1313832756,1477765.7434862,1433785.6147729089,1394790.5455548537,1359796.2955334159,1327881.1757766542,1299018.6809191038,1272505.6220380273,1248361.6423657322,1226182.1185968625,1205634.2047744251,1186866.8520625918,1169544.246968504,1153400.2453345892,1138561.965219205,1124736.1430489284
T24000logg3.6,2681176.467177755,2544172.284746315,2415725.549401571,2303207.048477904,2200631.70848539,2103091.095024579,2014902.133947035,1932412.6547936965,1856755.8816011765,1789008.4328953004,1726655.2130992038,1670914.350276786,1621367.1502999025,1575954.0755631453,1535531.8937858653,1498959.9127790106,1465667.9898415827,1435342.284721063,1407325.1675951243,1381764.049816479,1358171.986848834,1336196.4743352018,1316063.3313993558,1297414.085270598,1279938.8468674663,1263817.703369237,1248712.6238249647
T24000logg3.8,2804099.434527861,2671982.4023836423,2547203.8942655423,2437011.992317667,2335914.380345129,2239244.487252965,2151407.607847119,2068940.6254879716,1993057.904741057,1924849.8010995176,1861851.6577537125,1805355.811457479,1754955.4731949144,1708610.937443443,1667240.271198444,1629686.089247281,1595404.1965594534,1564095.2441202095,1535083.6009416995,1508545.796836297,1483989.038324343,1461043.7566760262,1439963.0493441843,1420384.9757181478,1401981.1541426778,1384953.600029748,1368957.850291878
T24000logg4.0,2942028.3980611702,2813517.304888284,2691178.031652853,2582437.600292639,2482018.7241067206,2385422.79060547,2297289.2211378533,2214182.868178164,2137377.6273279046,2068113.2773522418,2003893.1183694252,1946081.1109738885,1894369.2801849656,1846669.104142895,1803946.732491349,1765078.6360751071,1729502.8834334805,1696917.1407401776,1666673.1320487782,1638947.9281400866,1613229.0582561027,1589164.6006521008,1567010.8066846011,1546387.8211879549,1526973.0072740577,1508973.5851362634,1492025.1611724568
T24000logg4.2,3055924.28193716,2935589.012608691,2819942.3021347243,2716377.0899798167,2619608.1885235803,2526541.440402539,2440911.988377484,2359608.9752262235,2284346.754449396,2216118.176785088,2152492.0937704104,2095096.8138184086,2043555.0915784906,1995794.6455882392,1952923.6359858005,1913668.0711719538,1877815.66883515,1844801.4496826194,1814020.0970421843,1785817.2265198329,1759559.1848054281,1734894.617538919,1712199.9771258319,1690917.1566739962,1670980.4231222128,1652420.5183962025,1634848.2739358647
T24000logg4.4,3140991.7267211657,3026955.8801673967,2916412.9484176827,2816221.662098146,2722725.8480935832,2631083.033164425,2546839.8159667985,2466855.645406529,2392135.713383842,2324216.3307017484,2260790.283690081,2203180.867992354,2151298.4675099254,2103166.660504729,2059761.996215989,2020182.031091739,1983566.9772912026,1949968.1952851613,1918708.937360319,1889888.0039196208,1863073.925854209,1837935.4105424706,1814704.3728905912,1792991.7684061965,1772512.8599717915,1753480.6157557592,1735526.4684118533
T25000logg2.8,1275617.2560389643,1161364.8048495802,1060693.0434573113,976732.2992318451,904969.2488661442,840148.0448335372,784688.5980881742,735614.4739364746,692760.6766721308,656609.0194130678,625126.2884446925,598519.552546416,576595.9219115314,557780.2320757493,542300.769415181,529706.6043181086,519104.3145410287,510386.14938016713,503292.5255080061,497524.4547508156,492855.4435304787,489219.15073514264,486498.282721066,484468.1325175817,483101.6004722797,482354.88414421317,482010.76084355754
T25000logg3.0,1901815.8179892753,1754531.631596333,1620412.5769766725,1506717.28761911,1405710.6394644103,1312401.8970639822,1230141.2123956012,1154577.0637755764,1087069.8096869006,1028381.8586887738,975578.2818137779,929897.715646443,890713.2147391115,855655.5986622337,825619.1201034689,799458.8139653576,776428.2622971891,756245.1162352287,738335.5522378419,722622.7486535421,708704.022748994,696304.6091740454,685468.3725324782,675855.9264626626,667305.1117733152,659843.5226462419,653135.9493585976
T25000logg3.2,1998872.5066859112,1871670.977621948,1754622.0298288425,1654169.0839246055,1564593.7347741541,1480265.9694173636,1405629.1735401459,1336793.5628893557,1274317.9022630434,1219407.3280278847,1169586.347222575,1125686.4757564913,1087504.1057391618,1053040.1004192191,1022904.6499032368,996359.5036497082,972439.446872603,951117.4950807998,931895.0144899106,914629.9742775398,899011.2505048376,884830.5741604869,872081.6658241635,860521.2161331078,849966.2997961872,840440.3276742236,831717.4059196776
T25000logg3.4,2411589.9156670044,2275906.1466345526,2149199.417075168,2038924.378907805,1939418.2967464956,1844789.7694024746,1760052.704091771,1681127.438955638,1608845.1577288636,1544541.06765464,1485658.3271076714,1433311.951900119,1387176.9363174974,1345143.2993180791,1308008.414183556,1274816.2558229303,1244613.4225987052,1217410.62125437,1192524.1807353944,1169937.6359585698,1149269.436678484,1130197.5324115762,1112843.7180261125,1096892.6634453079,1082076.1531189375,1068513.8056522144,1055919.3960750715
T25000logg3.6,2583004.8693377376,2451680.5383915617,2328196.425033756,2219773.3708696947,2121183.914015175,2026771.404630756,1941680.5943449906,1862120.7801740253,1788952.916799191,1723482.1201356775,1663248.063536029,1609393.7822178537,1561602.6751527456,1517844.8762245756,1478946.0752559465,1443926.814143588,1411899.3110866551,1382876.4056848406,1356148.3589954854,1331745.0129849773,1309284.9543388118,1288419.254517957,1269307.7985420548,1251630.4563797996,1235104.0333174318,1219873.4398686087,1205646.469545545
T25000logg3.8,2648112.559567656,2522607.0448562363,2404343.550018846,2299949.7976128766,2204645.989145476,2113019.4306727704,2030075.7501794714,1952401.595237312,1880843.5303008459,1816630.1186122505,1757447.7839923818,1704365.5504813509,1657080.292778952,1613686.088031182,1574966.347884492,1539975.088153353,1507888.0207802353,1478703.4945248556,1451732.9476075566,1427036.2192678647,1404226.0338307442,1382963.959617777,1363427.3644405934,1345296.0126282685,1328292.2415766844,1312568.4844624589,1297838.20956703
T25000logg4.0,2780700.750221961,2661081.5373304486,2547316.3064631796,2446057.359138555,2352696.5606906293,2262548.991301403,2180351.0229151906,2102897.1607322143,2031247.6568111393,1966646.4756455922,1906807.1056300362,1852961.5614006533,1804828.38406464,1760479.0358551801,1720788.7330234556,1684746.0342565577,1651686.64811405,1621482.721251531,1593476.832549199,1567788.7485661742,1543987.5652932718,1521735.0469302367,1501246.83885495,1482187.5855350706,1464254.7530279323,1447638.0974607286,1432015.585552244
T25000logg4.2,2950920.656779196,2830414.902893094,2715157.432295517,2611260.070422284,2516194.9865103313,2422224.3714383594,2336881.088809806,2256609.776319501,2181708.408852834,2113989.817704315,2051259.7272158922,1994508.2516116847,1943631.3627484986,1896767.8944345987,1854697.8321045402,1816736.5525116601,1781320.38573542,1749198.8737822603,1719531.2121451213,1692006.365510952,1666624.3034497467,1642942.996066246,1620968.3506523632,1600565.9755086324,1581386.6287469033,1563548.6746228246,1546869.6883340643
T26000logg2.8,777739.8620767415,711872.5954842288,656088.5867728074,610788.5206393971,574211.3724562024,542769.323142295,517491.83764480863,496815.2981870306,479851.00845728524,466738.6357777678,456344.8837097379,448344.77106006385,442868.56084262754,439106.79009690933,436949.07962903363,436415.21994654735,436833.12998364464,438097.1111616439,440199.3092862421,442790.90274906636,445757.6500251445,449172.9317251421,452856.3868124986,456698.3596954408,460779.8123626116,464994.32218388777,469252.9348373959
T26000logg3.0,1658793.5900962185,1524544.5816441928,1403185.7919327184,1299647.5636546123,1209459.26192948,1125619.9091066748,1052302.6724278643,985742.1170938502,925966.689889065,873961.1899048149,827547.0666269353,787259.520427491,752825.8273964083,722396.7609092066,696364.7332058474,674085.3315921077,654385.8988686332,637354.9480053829,622514.772889981,609553.6003762002,598252.6193430364,588423.9836427969,579976.8509468006,572643.7221763857,566284.2494809624,560937.4451645779,556287.4408020973
T26000logg3.2,1909669.297522709,1779648.9961283526,1660996.1178124025,1559006.9734975586,1469469.6950195553,1384215.8047033246,1309419.03211811,1241025.3889848972,1178921.6263210888,1124532.642768818,1075556.8455838342,1032507.1478874118,995209.8181266829,961802.836783617,932720.9528738548,907419.3465053516,884441.0166990646,864241.7337888385,846240.840145535,830004.6794522678,815512.6776089941,802498.5722988363,790821.3051526882,780351.278924203,770887.8424141824,762430.6165344373,754803.4532302003
T26000logg3.4,2291174.2254957184,2157186.1223402894,2032676.925850009,1924074.8838344293,1826785.0682580336,1733859.88300062,1650866.1355700258,1573866.4090227415,1503455.1779221678,1440843.9700839748,1383728.5404813339,1333107.2534653263,1288569.3637978318,1248174.2192244672,1212637.1366297228,1181062.8711292061,1152274.182317942,1126566.0691879736,1103202.82884804,1081976.8528131426,1062740.4341160494,1045113.005883401,1029110.0081877708,1014517.4577816833,1001036.1192365605,988778.1910166476,977473.8144488072
T26000logg3.6,2447724.047786972,2322183.2671866855,2204452.813013015,2101282.4146835646,2007500.6146642482,1918166.807807213,1837605.0583555761,1762303.3122950592,1693279.0251331383,1631578.7393385773,1574874.577237716,1524365.23571558,1479616.6790987418,1438689.0808399178,1402434.2186370012,1369787.2810867883,1340062.8244463713,1313161.7425889103,1288418.064079016,1265841.3240141047,1245120.3890649322,1225894.98253074,1208285.1046068827,1192041.0385528815,1176873.9489599378,1162894.0499805105,1149845.4708010813
T26000logg3.8,2604299.1046042074,2482119.511866864,2367248.0110825966,2265374.8814581735,2172908.8291952554,2083525.8755595966,2002676.7826398842,1927084.2088429132,1857380.689784318,1794669.8232597779,1736929.0025824674,1685178.5531167206,1639008.7965248104,1596705.4069129373,1559009.2790508384,1525011.1153098855,1493650.0119195539,1465272.1003728514,1439092.4657666688,1414984.2723983577,1392829.2110026805,1372200.8671655853,1353171.002760036,1335575.0312150337,1319068.4973714845,1303804.2189156413,1289543.0086258808
T26000logg4.0,2771171.96852179,2650356.3181266254,2535242.6187545396,2432646.7585932733,2338903.7555005536,2246876.5017286963,2163719.167064803,2085511.9364032387,2012956.0322233017,1947668.617469877,1887281.7558346563,1832915.2021621242,1784400.2067307273,1739753.3794394475,1699826.796837293,1663847.815447239,1630498.8956789693,1600262.6816943712,1572349.869328681,1546631.3143409714,1522894.6903888579,1500764.5510982838,1480318.5605675331,1461337.168632353,1443522.5896116514,1426968.8940574573,1411499.3470703326
T26000logg4.2,2696781.5849213284,2590610.7461485784,2489094.6573768575,2398060.9773147264,2313759.168818006,2232059.2498578746,2157247.262555346,2086575.9867910384,2021034.3645504762,1961728.20048445,1906644.7460898438,1856967.473814399,1812434.506383548,1771321.6350735677,1734473.8695040895,1700942.9417563456,1670133.163562198,1641955.6227708724,1615819.2882252736,1591748.8424790585,1569460.6179842744,1548618.2145510537,1529366.5201606527,1511448.9290851273,1494585.7237301224,1478937.4110731932,1464193.2329382682
T26000logg4.4,2798756.666033146,2696230.329149595,2597368.417615551,2507777.6903075348,2425193.3246208206,2342988.8468176364,2268083.8397464063,2197360.9998094416,2131085.01608447,2071041.7558589804,2015236.9176322378,1964531.2766990203,1918986.9505535099,1876910.3814978718,1838988.1497243561,1804700.30261274,1772674.0941535584,1743515.41360089,1716545.5622056122,1691534.2431522845,1668391.3795122793,1646782.7849261002,1626743.027617246,1608084.599254897,1590547.0477902398,1574218.1522684009,1558930.1902504596
T27000logg3.0,988369.7446719843,894659.1980501534,819129.3628082653,756084.8639737575,701311.8857080183,654530.1782915998,614427.7270339904,579345.0029033446,549767.7429738204,525003.955517403,504174.66399791196,486811.8539487621,472715.2346772291,461342.26376260456,452127.24092952895,445001.5289816492,439494.5182598635,435152.36072915414,432012.6419995541,429807.31874045363,428363.67173257685,427673.2285461761,427536.29978247883,427968.9022349442,428832.0877798691,430015.3150982254,431603.2935124253
T27000logg3.2,573519.4841709608,503278.1451766177,446796.19154404034,399362.7191289074,358598.9687281141,324002.87312607147,294553.8833031806,269425.05620063917,248838.3040484607,232052.48482212803,218365.57358630875,207324.67240144385,198626.12386330884,191894.703872807,186806.78268622185,183247.0365792897,180926.33194805676,179690.6540110428,179345.31912233046,179744.7138871711,180830.50896419142,182460.4537950952,184545.86430381943,187067.35814931834,189917.09535849205,193018.67126257054,196422.90608795898
T27000logg3.4,2076516.7608666338,1952458.2086061162,1838300.1393844723,1739407.3773562515,1651334.0360280296,1567605.1019005608,1493176.8630820923,1424513.641110622,1362047.690127805,1306769.745822694,1256545.7675744342,1212158.3887471496,1173235.9367484837,1138033.309653016,1107128.6119958553,1079751.889465896,1054817.67800232,1032583.3563133333,1012419.5913299136,994098.4343808169,977509.3829253577,962337.7866583185,948560.7119962606,936018.9136946329,924461.0197357293,913968.6642544222,904310.4782755645
T27000logg3.6,2145441.8564462857,2033731.3805499924,1937488.893824902,1852986.535909313,1773423.2601894392,1700359.9640620765,1633491.5483766114,1572039.0151865655,1515834.9210739906,1465639.203361559,1420781.3730161092,1380173.7710958088,1344197.855748712,1312242.715553187,1283332.0471582087,1257449.1636704416,1234024.4812839376,1212772.785494606,1193280.901378301,1175393.8552282718,1159071.1731412516,1143923.707389311,1129953.0462860086,1117107.2518378678,1105140.6230536986,1094040.5619603225,1083701.8109491293
T27000logg3.8,2429256.4440629324,2309846.936619254,2197889.3967764233,2098708.62351758,2009425.9714922041,1922515.7433550905,1844458.7137378177,1771982.8930287834,1704829.4903272062,1644816.9748106184,1589865.868206367,1540556.5717080585,1496807.0577212148,1456921.496099898,1421405.6491395957,1389680.7807789391,1360317.4207911042,1333904.555391809,1309792.060427121,1287449.099694727,1267069.5223413783,1248238.5916355345,1230844.9764708527,1214841.3976311234,1199920.3763617645,1186136.5725862333,1173345.288850307
T27000logg4.0,2536003.469593689,2424658.521470445,2318786.8102103476,2224692.900781318,2138067.4294615695,2054596.3808686472,1978652.1814080998,1907140.3818476151,1841154.1685622134,1781800.073433084,1726887.1263532806,1677679.103190497,1633845.7558381357,1593527.5206513265,1557627.6778413805,1525143.3166387696,1495425.3565218935,1468403.8906492153,1443447.4437403078,1420572.9146827112,1399484.4222042898,1379829.871081875,1361749.7400731703,1344989.5857707923,1329267.712829279,1314723.4382471954,1301069.5321566537
T27000logg4.2,2656812.7120887833,2550532.0280333697,2448768.574584482,2357377.4088399643,2273480.1505093733,2190801.584843893,2115742.8756192564,2044990.2108807992,1979181.3653952787,1919743.6270859344,1864627.1104908024,1814871.6790513478,1770328.4266008418,1729260.5883057122,1692459.8150304211,1659218.4129068519,1628361.9874929385,1600342.1254660138,1574440.3087336565,1550536.1837745071,1528461.5209475108,1507862.857578165,1488815.2596651097,1471122.9576867423,1454500.525999757,1439056.069529773,1424610.195819297
T27000logg4.4,2692221.662667125,2593360.8323696363,2498210.9883911796,2411806.396461474,2332284.3945770673,2253332.157859627,2181294.8487238074,2113477.1909534778,2049770.2275911183,1992097.2705418419,1938600.3329810612,1889967.5752020404,1846306.9797902042,1806056.7855801093,1769797.550965524,1737063.1456830073,1706492.3199024992,1678708.8494789968,1653113.2607224435,1629237.4803823656,1607248.6214628664,1586756.7119664499,1567707.532513157,1550018.3192141592,1533395.9049924514,1517937.3061877603,1503470.6679282133
T28000logg3.0,658982.3931858663,590755.5079080276,533029.1846935387,485286.5274478467,446820.07489542256,413930.289202577,387131.73958461185,365370.5586371988,347414.23248147377,333297.2887593201,322162.3013520556,313515.9251095461,307461.3947047725,303331.79168989824,300865.3396490737,300080.8699548931,300353.64178759325,301506.8815510516,303570.97762695013,306208.92199100833,309284.8862772249,312885.98843506677,316848.9571976149,321011.0638585157,325438.3525484655,330133.2321616435,334864.9434946985
T28000logg3.2,1353243.686008812,1239351.229222114,1137977.3923984016,1052134.1903277633,978400.9393754615,909771.5627387125,850515.1680610564,797614.2713319154,750363.7946192321,709895.1633657605,674276.8114019149,643543.910978297,617644.06915055,595067.9499167163,575941.4382210386,559934.9786917417,545862.2008800895,533920.7905375169,523807.0474810817,515009.05428664456,507544.9678870562,501277.283177528,495995.7403136687,491584.79910908354,487950.02788342425,485053.8985697385,482707.6803564563
T28000logg3.4,1784272.0612123734,1659351.6215580874,1545845.30475481,1447901.2514061318,1362172.646414166,1280892.3813305218,1209446.4318623922,1144630.115052573,1085559.1270632949,1034067.7149444642,987992.7450046259,947518.5684351401,912585.9025558366,881484.1173641135,854473.7145369643,831104.4518776299,809923.650349196,791400.0894966618,775089.5468077788,760196.6217934802,747078.1456533251,735348.4930399321,724870.4206034364,715527.8952740608,707089.3583132599,699658.7784816795,692968.348617797
T28000logg3.6,1993902.447811108,1873267.0633905125,1761480.9670453593,1664390.095504533,1578081.5114992121,1494829.28473603,1421354.9600282593,1353588.3451417584,1291697.309227849,1237271.9951599264,1187898.2035725273,1144310.699707021,1106377.8797783693,1072141.4598852843,1042195.4328870708,1015995.237618282,992002.319631906,970804.881317407,951778.3684753992,934471.417099264,918904.0794568689,904782.7521303642,891961.9851838878,880352.9257095864,869730.7485631471,860095.4887835666,851301.4023191093
T28000logg3.8,2280326.894417337,2166026.6346731153,2058626.7139843458,1964154.3472956466,1878093.737083716,1795984.0231418477,1721810.4599504692,1652435.2159394012,1588881.4792377225,1532057.783866716,1479818.8951311067,1433354.479664654,1392219.1426811698,1354613.8788119536,1321381.9287283209,1291509.6138581764,1264316.6113152127,1239780.9358093299,1217267.4702143432,1196712.7145174877,1177915.040383568,1160506.6175940738,1144570.133420921,1129909.7116495112,1116227.1997336522,1103664.1486425651,1091935.984373601
T28000logg4.0,2414596.391022473,2304033.097931137,2199734.189011388,2106578.0329223666,2022325.9073251276,1939979.3579006935,1865676.827495555,1796488.4627312515,1732217.6884757597,1674567.0330807858,1621634.9325544294,1574057.3368461735,1531738.7505404614,1493084.7303969054,1458640.2079603025,1427837.0330345437,1399244.9206655389,1373535.0288426036,1350022.9612240396,1328217.7268345766,1308319.340609309,1289872.8472138136,1272872.1965301891,1257194.16313072,1242518.933771182,1229005.2714772488,1216424.9247624849
T28000logg4.2,2501337.007703864,2398349.3008345934,2300159.474012663,2211969.4832206396,2131466.392341254,2052035.1814449476,1980103.8722237172,1912590.8680838214,1849770.21626533,1793150.196356336,1740828.0677676063,1693640.3122811096,1651471.4475917898,1612722.3250953895,1578055.3922140133,1546880.893629575,1517867.5127939396,1491647.232375989,1467505.760269557,1445171.0714522083,1424642.048023004,1405541.8777443138,1387871.0221762108,1371513.0360648013,1356173.0583911184,1341949.925484679,1328686.059765534
T29000logg3.0,513736.34545231157,471931.60964008636,440746.31483580446,416917.1236751546,401747.4158675941,392853.1930240463,389056.4500091599,389689.89020780195,393527.1460758804,400107.48284312064,408283.402162516,417693.3384979928,428405.5812997777,439368.6107107619,450585.0293768601,462362.94604327047,473900.7091304872,485344.60755789664,497047.876541213,508337.4426640284,519374.1620141468,530487.9121470583,541112.7259641467,551393.5958651622,561634.0761983672,571386.7396949524,580798.3209056122
T29000logg3.2,894055.5774678655,803246.4405461684,724195.9757291407,657724.2410426079,602125.2632077382,552130.8093918171,509779.25656276534,473196.15231262514,441523.19436824316,414976.76488812675,392324.558063997,373347.1364487513,357948.25910563115,345148.5785572007,334871.4371716192,326931.8735375323,320478.85958960385,315534.83701172814,311934.40088687756,309343.65629557736,307640.44516378955,306797.64068359835,306691.76996768935,307117.7710056973,308058.7995528934,309562.24130084063,311342.7955797423
T29000logg3.4,1431522.0624465558,1319037.950391854,1217733.8577725224,1131217.398028415,1056135.8279156745,985486.5557056608,924007.1021162609,868566.0301364455,818651.4271024048,775541.8663836201,737262.1277636436,704013.2363858595,675703.4757983857,650770.5035212757,629443.2865084939,611342.7392349557,595191.5260474815,581327.562939442,569362.7214529847,558762.89474558,549609.3008610979,541688.4188840785,534836.9333469262,528929.5188343169,523816.1629387613,519536.70570946194,515853.7193586462
T29000logg3.6,1759878.3703169082,1644007.9908146658,1537588.2023139833,1445416.6015627792,1364063.3364251882,1286215.7768498806,1217658.3324703118,1154932.5994815067,1097708.0603099642,1047621.3541327639,1002500.1443279744,962782.2750724754,928404.9831228036,897625.9936531105,870836.6738860108,847585.4852077498,826436.8577622264,807886.4829180387,791433.8287454669,776498.3384554095,763230.8547332499,751331.0104072099,740645.1807940739,731076.9832731102,722409.8911055782,714700.803598572,707730.5860515704
T29000logg3.8,2105380.109605421,1990811.7216253753,1883795.3407579649,1789922.805765021,1705387.5929275043,1624232.975883466,1551607.9427060175,1484081.3520370978,1422352.2861122778,1367455.1202138076,1317265.9025356383,1272819.3075412062,1233715.622157181,1198181.0355227306,1166964.6409771545,1139250.3338603743,1113880.4377024733,1091274.087892143,1070706.7128102074,1051970.1847143108,1034986.9020668254,1019361.1318927526,1005160.2857209055,992184.3549861393,980126.0359576717,969187.0068841279,959053.1118055927
T29000logg4.0,2057915.6341426405,1953580.1808527699,1855054.1852006381,1767660.6149302481,1688801.4557613616,1611810.7728738482,1542921.6131775407,1478896.351174771,1419589.7701404477,1366849.9130215473,1318574.4670795635,1275442.9836243722,1237499.4486495098,1203018.181996549,1172556.5563171585,1145654.5927204378,1120845.7509764938,1098749.5380135647,1078796.006042536,1060429.785390401,1043832.2994073938,1028638.8361121535,1014751.9474757249,1002073.2196416145,990333.7027972812,979645.3972496303,969779.4127016088
T29000logg4.2,2416027.7755034976,2313987.4184835088,2216809.608545163,2129511.378505022,2049945.5524613503,1971600.6464104936,1900687.6994981936,1834333.817860737,1772456.300782815,1716842.0494531868,1665577.917298528,1619362.6931974085,1578182.9295015342,1540447.1209679032,1506740.4798470722,1476543.3851274983,1448472.7733906766,1423176.0989136188,1400021.817947534,1378513.611262269,1358851.1339185843,1340620.1240379098,1323755.4280983664,1308190.3080455884,1293619.2715453946,1280146.6887003155,1267598.1900599548
T30000logg3.2,269819.9604088358,231873.7312386294,199727.37428678354,171611.2120973644,150058.46572363572,133485.4758684522,120553.1209607724,111657.47050815183,105810.16826544367,102208.39077445272,100675.20298475103,100723.65786954021,101977.78685847651,104214.49238602727,107293.71272744026,111180.03034181167,115703.28046169046,120798.42979233358,126492.38723185874,132560.9722469696,138931.75976314608,145663.2581954348,152550.19214416717,159527.2967809529,166693.6199912576,173876.79412933628,181052.67089704485
T30000logg3.4,1028279.2089010227,934094.2751118094,851578.5292065425,780947.7925155996,721272.4579081527,667086.4786080461,620140.9825149573,579210.0534119109,542794.2717946739,511560.15205944626,484480.15850515326,461158.9077683132,441515.5089716312,424708.57307889615,410603.8598948335,398936.1387599469,388900.9914868679,380553.30916711106,373667.3724212365,367836.9251012022,363113.67618146684,359298.12885163934,356422.9974727021,354203.37685066735,352542.3557860091,351622.1018312853,351080.7085813525
T30000logg3.6,1526915.08513678,1417318.5000034145,1317628.5278149648,1231965.7377938754,1156953.8787400846,1085702.0975494601,1023350.6554247795,966686.9506534335,915331.49182905,870709.4900472529,830798.5348896896,795912.8102295806,765982.0038149911,739403.1085323668,716475.7672831517,696811.0827754405,679079.5092329772,663701.7634931442,650247.289258756,638176.2059343965,627601.1877849263,618264.5090354095,610044.9185577477,602801.7952114396,596354.4205640629,590793.0959290597,585852.6316581381
T30000logg3.8,1839248.388591276,1728263.465423668,1625673.2373598495,1535924.8110660154,1456269.2077702906,1379729.739844047,1311858.7821569582,1249692.2255116557,1192519.1476799299,1142273.1842148283,1096887.8734318973,1056688.9474649362,1021716.4016177589,990314.2010701108,962827.1918363248,938840.6558301499,916931.0401341289,897613.8488847662,880446.6357282618,864652.0790010464,850605.2621542339,837908.9961481253,826444.510032198,816105.3715361763,806646.8013878766,798185.5792160819,790463.5473035595
T30000logg4.0,2088448.5564741855,1984664.9116087214,1887161.0524208213,1800689.9551694081,1722827.998030298,1646953.4989700322,1578930.4385123537,1515743.7511205731,1457377.1110605649,1405351.9888142429,1357771.7971876485,1315326.5117138908,1277884.2666257403,1243859.39190621,1213803.265681312,1187167.6956606673,1162568.1837963725,1140651.2262766673,1120756.964035723,1102460.383164653,1085894.4189300854,1070650.1296343033,1056727.2078331942,1043988.0184988925,1032135.3093193353,1021342.7276987906,1011361.5236591437
T30000logg4.2,2195039.7811988145,2097173.351131322,2004541.180521892,1921416.8532281178,1846030.570767032,1772201.0937483595,1705460.3565049611,1643418.4088186496,1585526.2389385607,1533701.7084040423,1486175.3905909364,1443402.4448907333,1405445.1086368172,1370834.9051944464,1340020.680074857,1312551.5127846024,1287113.0429010135,1264285.9603525838,1243565.0118077763,1224247.706791897,1206740.964571639,1190581.0563491157,1175713.346099716,1162051.1402254254,1149302.2103758252,1137604.5601424552,1126741.8752759122
T30000logg4.4,2266693.883747963,2174640.925718618,2086514.033447573,2006786.5689277714,1933829.260872614,1861775.682263976,1796336.9846439026,1735148.9656480812,1677735.4417136586,1626163.6606996292,1578627.859707347,1535640.5461681862,1497378.2794343634,1462348.7244102666,1431031.5953029331,1403039.0664611745,1377046.0611505983,1353632.921000441,1332345.4481802522,1312446.8838721116,1294357.3955946085,1277640.371815587,1262207.0054069848,1247989.22488664,1234706.7728944647,1222480.2583773157,1211099.701426336
T31000logg3.2,254838.3816421219,229100.87520082673,206939.1357343105,188160.88841435936,173411.91167988564,161637.3109465318,152928.80460456526,147008.9964347975,143400.65869885983,142065.38081755015,142395.069457313,144163.54383489556,147250.79402368286,151174.4950866921,155842.12190065224,161269.936603965,167172.24317260692,173484.51775512216,180203.42681934865,187259.31870689394,194429.98649784044,201707.42803641182,209261.65350214645,216714.9053872947,224130.46606194304,231715.40552263494,239146.09403966885
T31000logg3.4,659059.0200536136,590074.1298198517,531222.9044570616,479893.4235054336,437866.245588617,401600.0820682838,370120.5961578691,343937.2363251431,321323.1258916904,301938.9202158888,285760.5534831997,272204.6687313335,260942.36945694024,251762.00058180525,244470.26881524303,238679.81478948245,234222.3984725518,230875.7143851276,228382.47807476344,226879.8810941098,226057.55233518276,225827.18434191414,226319.0906117442,227254.04235064232,228564.37840149962,230394.8462090469,232482.9441662543
T31000logg3.6,1159110.2753228652,1065199.7946789924,981758.2358895385,909809.330330878,848152.6713739411,791145.1860098359,741287.2675771667,697147.3241076125,657404.8518428489,623046.1013958411,592910.6141343759,566764.3354420828,544509.688456963,525148.0677677937,508701.1723534155,494792.4887577032,482578.17845336,472201.7466488952,463328.8180517,455587.7471185941,449053.00384066,443429.7372943658,438841.31342076353,434971.99652528146,431679.5179589621,429172.13449048856,427117.35387109796
T31000logg3.8,1585767.4887565598,1482251.9502628609,1387651.2072494216,1305012.9886407573,1232356.7122622374,1163260.284601636,1102069.2994173963,1046633.1968876356,995733.6592441521,951220.262075322,911385.1587807104,876261.4934089328,845879.357365964,818841.4145954779,795349.559644685,774999.6998480288,756592.4470894386,740506.2745287126,726344.7513064367,713424.1625897958,702080.9181026164,691905.4033155607,682903.774687209,674873.8740246679,667588.7673641549,661243.3042506387,655523.1270879512
T31000logg4.0,1764001.6724636056,1662422.8832800845,1568016.9163394636,1484643.631641834,1410328.6705898745,1338709.3798543336,1274838.5058927084,1216404.61254816,1162273.6757442064,1114648.9358785544,1071638.6716544766,1033411.4049171514,1000121.7616165511,970222.4000757132,944027.2570143414,921151.9549374017,900277.3185528659,881872.8458269725,865540.2824697657,850476.1106955924,837114.8241133292,825014.4536668311,814133.4498673517,804314.0564772272,795302.7398877854,787287.2048444927,779962.5506239797
T31000logg4.2,1957236.9490083214,1863772.5325800315,1775888.2944726082,1697330.715912916,1626505.6204489048,1557562.3280061723,1495445.6561492088,1438148.8907679282,1384616.4752205773,1337006.4690828566,1293620.6883977393,1254652.1556152848,1220298.303022638,1189157.7711860691,1161554.28528657,1137117.2692076757,1114628.8813339206,1094547.1761217755,1076477.8972787,1059666.2855284163,1044550.7306442013,1030688.5609807486,1018035.9434697584,1006474.8459470987,995744.7774326884,985997.7189645836,976991.9645275204
T31000logg4.4,2056303.2342473522,1969771.7744088694,1887882.1211964823,1813196.3182693345,1745390.2766672773,1679042.6527628296,1618364.0333107528,1562341.957427099,1509494.2917297345,1462026.1453927206,1418667.6165908254,1379501.047533408,1344627.001514976,1312925.382005883,1284709.376756439,1259424.1434106156,1236187.1203657514,1215323.883143405,1196315.5987280034,1178686.4737087907,1162748.2552707836,1148013.8585751322,1134484.2905126945,1122114.8707553856,1110549.1038752866,1099976.458435624,1090196.3352933603
T32000logg3.2,395827.87218724337,342823.8336535561,296020.55001483404,253321.3643744731,218051.26719338298,188621.8112461834,163406.48002206243,143245.438623226,127129.53906165474,113987.03271651373,103782.269838963,96075.65287662018,90246.51570756662,86065.9704128389,83484.82635514,82221.63954017451,82080.26326593911,83043.30193308576,84909.95375162511,87608.9957724983,90963.8399353132,94883.1519601319,99363.72864778701,104194.31079413588,109349.50866773742,114857.75384717707,120546.6613862807
T32000logg3.4,234907.09598353418,210532.82828062368,188834.29738815228,169056.3822453111,152841.46584308083,139519.7941400368,128377.0768482821,119759.90221049833,113245.76637960438,108340.88898374198,104950.118859925,102857.1387298991,101750.3948427126,101434.30259727943,101906.71102903267,103060.74432649964,104790.4188488025,107118.48414099142,109957.1018864709,113291.86342003732,116986.20043134442,120980.2298193878,125363.3027905055,129902.11928976909,134607.50610643736,139555.6865538688,144580.06139435046
T32000logg3.6,655508.5658391751,594089.3746786764,540800.5459841434,494854.407887066,456743.2703809305,423226.57207171794,394384.6884169566,369872.93778868794,348497.8252526198,330160.4878553599,314550.3356742377,301230.8364166063,290117.4099543592,280882.25591077283,273291.48588632606,267226.47099275776,262241.7309733508,258294.10503841104,255286.10169045857,253027.28608372976,251456.4571645909,250518.02643904614,250225.55040091588,250352.24445938942,250875.57053924171,251916.6834722123,253184.7291535866
T32000logg3.8,1228921.3112185695,1143715.806522621,1067017.110853268,1000733.2996477962,943289.612980142,889456.3880496242,842254.4786154253,799858.2472293875,761498.7677554011,728087.4805110913,698411.4509549916,672489.4673602626,650284.2951012959,630706.8314857279,613912.9407749812,599566.4989776473,586745.5451983915,575685.1821207377,566038.8771839779,557501.8282509685,550083.2168423426,543537.3907288597,537987.7185894011,533121.4802189706,528813.4830740343,525270.5102230208,522163.00129231345
T32000logg4.0,1254416.1149284118,1168046.5510691805,1089432.0886181789,1020628.3873493149,960334.8511340615,903227.777684436,852637.4869301093,807004.660956173,765271.5970428754,728783.2512267745,696260.8939627075,667680.5017017312,642995.0554249805,621116.7989329956,602215.7384667147,585885.0906634505,571231.2799984477,558514.8589230467,547351.8732056646,537314.450605551,528580.5312752892,520788.09027189866,514042.1213317858,508098.8209295377,502766.70006610046,498231.1489926792,494230.6695785648
T32000logg4.2,1756851.440089288,1666256.2416577945,1582207.9123536677,1506217.5906124022,1438532.7939269904,1373463.1367633066,1314366.2264340324,1260926.0116135264,1210374.354764543,1165624.8985633494,1125329.0549347114,1089211.5623768615,1057379.6698561946,1028841.8044981596,1003688.6324867884,981355.8690385111,961167.3358092118,943195.348177447,926961.4068314318,912142.8642320321,898869.9473163655,886782.2667247693,875729.0084563346,865799.2738804421,856620.2227473943,848345.5568381189,840768.3121976212
T33000logg3.2,424744.9496756342,404670.3255429362,388339.7803493024,375729.54587997304,367083.2974274972,361465.88596463786,359048.8918257944,359113.2955069016,361236.52610775107,365446.68345325603,370921.2460482302,377474.4160667032,385164.3869311116,393398.1758316433,402075.7915132499,411305.7251564289,420739.8393920273,430238.6884319672,439913.1863613367,449585.4984056093,459093.1880464199,468482.29788530734,477885.9989318354,486956.1732584625,495782.9064573921,504623.39836759644,513107.37923038966
T33000logg3.4,516407.0344645075,462368.6125317174,414375.8292803709,369982.3837587811,332485.7019985264,300128.07032601384,271154.9836954647,246750.60436082623,225926.966164696,207510.88146918232,191893.0729264989,178671.4160645651,167166.27346009912,157350.66627859295,149237.44562377682,142412.7107793593,136810.7219459115,132469.3221110519,129130.31569242921,126722.13522434093,125226.40850049301,124486.84496048694,124418.75799529586,124978.73619274373,126071.64332488319,127633.03594770096,129621.24434984315
T33000logg3.6,468621.87569306756,423547.55250430875,384972.40770504856,350629.843386705,322518.2827364728,298692.97514774476,277811.25869297056,260552.7139751857,245876.21698814054,233028.53433538563,222320.5618055991,213329.39535842396,205745.98739994917,199540.86137287936,194593.52456300144,190618.0382268431,187578.35371261096,185313.15391803486,183665.89941027653,182750.93155118398,182362.16563804523,182461.05857196785,183097.09467246785,184112.88777289807,185467.65859139417,187217.30774539564,189200.75537773978
T33000logg3.8,659173.4490027495,605695.0214669572,558984.5758738919,518340.2168882474,484310.7426043005,454078.1096644456,427699.66705718194,405058.7337384784,384905.2971991746,367368.3207398721,352237.6114278376,339069.90166038834,327844.21984268154,318277.30230679165,310164.86344052874,303380.4771350176,297562.0123798484,292667.01315618947,288591.537451825,285210.7619855128,282469.76723952184,280302.73256202677,278752.88312069303,277621.0608845465,276884.0040185761,276618.1153795386,276623.45677671407
T33000logg4.0,1146821.702729605,1062767.238828714,987932.1055327252,921457.1172026624,864476.7095430163,812261.2996067102,765722.7722897946,725063.3257824278,687754.4666507136,655193.8283890078,626767.738954558,601492.6047858422,579625.2829515758,560713.4508542861,544320.6156623807,530087.4173601879,517784.9321899095,507118.73961229314,497772.9057689962,489672.56347112334,482722.9088833283,476673.4848344476,471503.9678340231,467118.19389215123,463361.36936132517,460216.02825012116,457575.0403151011
T33000logg4.2,1445260.1451723566,1364613.3856833593,1290177.2143458812,1224100.5483711346,1165580.289505585,1109626.7589696434,1059566.0488598207,1014212.679002949,971982.9014586413,934826.6386091453,901451.632972225,871745.1071070425,845886.2953488715,822782.5852549468,802594.6543408054,784959.3097509933,769039.1373919945,755017.1924501014,742541.3353018153,731222.9283177594,721192.4506192843,712140.9981411917,704082.493125982,696867.3691620847,690279.8251087584,684487.0095874729,679241.2969791598
T34000logg3.4,599222.6216060389,545238.7983983306,495669.3918516833,448224.9130902406,406936.09113852517,370495.79075618734,336992.9302409313,308059.9437648563,282956.1614650142,260312.45471186447,240664.90686613377,223711.26418286876,208528.16817976028,195091.13399998687,183543.37969579012,173342.3882879035,164455.2924449368,157096.14120050296,150941.59027916103,145800.75946542277,141857.69195905648,138883.05911740035,136616.0995693662,135226.87128499406,134540.30041929326,134378.40226366872,134828.19443569376
T34000logg3.6,558173.5715450231,514089.653442665,474563.18880203547,437173.4815374147,404912.3101592064,376417.6773573946,350074.40416934877,327211.5959320625,307127.67322525877,288774.9389314838,272677.53514005995,258597.80677595903,245872.47569418902,234521.73572088467,224636.2745575725,215786.12527653493,207882.67522565473,201124.3475348174,195269.95198867738,190139.3472606133,185960.23810037805,182549.39932600915,179708.93149986496,177602.33325632836,176080.51391508433,175024.1380566732,174477.7736252378
T34000logg3.8,476666.84242796316,448299.3643654268,422335.42278883106,397767.7622341257,376104.4056388497,356527.30915826926,338451.55118402117,322476.225709693,308215.8035367869,295269.85977916716,283622.6159578941,273321.17708764167,263943.3876417385,255394.85630143536,247898.8108632214,241226.5136594798,235145.34319515838,229973.89104065305,225535.4690703457,221525.49263707694,218268.63114020898,215597.9004681841,213294.87088606646,211557.8402561359,210265.55603202368,209295.85814339825,208714.0240491581
T34000logg4.0,721356.5354964454,670464.0340593284,626516.98839961,587829.019420946,555765.7152096424,527385.5768867402,502343.7891094529,481091.74938764254,462063.4166429587,445497.39491243346,431357.8680579617,419157.87473051227,408742.4524681758,400082.3136977885,392863.3750780545,386727.29370295163,381773.5541236247,377622.37631008215,374078.58452963847,371306.2968320394,369083.48292140185,367288.7026589029,366046.7020788434,365196.95774512924,364628.2850153995,364470.2964969154,364522.0928175736
T34000logg4.2,1026078.3824436287,964903.4559752916,909559.7627714006,861076.2981890598,819055.3950348761,779751.3595701153,745070.3993804173,714041.510483183,685732.559153323,660937.3274064288,638917.3707351955,619557.3343588721,602928.5284931033,588306.8140490139,575740.8040298738,564975.9297104563,555437.8362722627,547181.8472488153,539970.3034905384,533632.2085142924,528128.662078042,523265.4382147184,519198.79219002917,515641.3981378431,512498.40798770194,509950.5555898989,507733.9583555662
T34000logg4.4,1294771.2280128028,1228371.9859004135,1167401.101499476,1112245.0160207641,1063642.280358745,1017484.4773417101,975615.502323756,938188.0779545082,902830.4616021683,871598.1491733178,843706.1154951941,818801.9415226515,796912.368402265,777638.2534209642,760758.9607841326,745821.6842644673,732618.2094635335,720947.1367260388,710458.3740559514,701076.0896126752,692792.9595896518,685327.7534411307,678640.9517460526,672744.9070031876,667371.911545611,662661.6636884696,658428.2616495171
T35000logg3.4,550089.351667552,502644.174189985,458141.75418118556,414711.42258438806,376374.92631558503,342250.6360286089,310669.3136964674,283326.6302909937,259673.56835423983,238430.46921892627,220110.6632577649,204450.21105458683,190531.24643219984,178308.34120352165,167894.61451993563,158750.79321263422,150844.224156587,144399.32675121666,139106.23663195863,134798.0473229328,131644.97767252845,129417.25844676842,127898.15288709558,127215.84779571505,127209.72003065201,127712.31763097881,128801.92520076627
T35000logg3.6,450332.67506988207,414850.58304644254,382919.3538875171,352631.13495856733,326348.03290152695,303157.80742651434,281860.9102836719,263384.3119165437,247338.21955212162,232956.8506949239,220327.35097440658,209525.72091826377,199968.82459165234,191519.90722603854,184356.21126115147,178166.20589915774,172689.56875375807,168226.82543905082,164562.15589371749,161484.7064506444,159200.2984651948,157553.04650989815,156403.59456375253,155823.93045535265,155724.85771455907,156029.19746898493,156712.57777784317
T35000logg3.8,470819.7375029331,436043.9946766291,405505.1343050964,377885.1964826541,354557.2535808054,334121.9511959822,315767.03042046266,300087.38260775164,286324.73060899077,273965.4894267287,263301.16908461275,253972.31060442442,245706.0758788727,238525.77189709223,232318.71066657515,226882.88853309606,222145.3505987621,218117.73020966357,214660.4867282983,211777.61841273328,209454.40615513243,207608.37175455847,206245.7436810165,205307.92880378565,204748.73172673865,204543.55488106422,204664.24783163655
T35000logg4.0,269903.647993016,256321.42889061413,244754.7425833071,234536.50238173746,226204.98408940766,219249.06048043794,213362.70791160906,208645.3306390713,204842.68887850625,201785.3024774771,199368.0700366542,197540.0037918727,196178.81263153185,195208.171995173,194645.2184784059,194425.54075928315,194480.87438067546,194838.26028000918,195445.08985974552,196258.5845171812,197305.80231495152,198535.11061402713,199938.14840892825,201480.3958151418,203164.75236062147,204970.62422614422,206882.0288859023
T35000logg4.2,443971.12254023843,433202.94441405084,423061.7948328587,412997.8989139164,403701.18422341277,395041.69784855517,386675.7927062371,378968.2324852389,372002.20075019845,365554.4969301603,359622.263864498,354322.95164488925,349471.10466150194,344668.8103497722,340342.00173112965,336319.40542438655,332339.9667889037,328788.92632667965,325557.33685454755,322449.8121149199,319736.55863510433,317331.04445043136,315094.90964792285,313159.6592315837,311509.5663222498,310027.31400262465,308793.7038495159
T36000logg3.6,529686.33177765,490036.03223630757,453532.02003980946,418377.2783805494,387305.76392412506,359724.2890011896,334231.90568303765,311698.4231956926,291998.0983139698,274222.0398049379,258221.08779775212,244340.487148398,231941.819042831,220452.08297555926,210540.9683993713,201837.13155824566,193835.6784714503,187146.80038271123,181493.147216723,176523.21499793712,172556.6466870652,169411.38749506808,166860.44385028665,164998.168755243,163767.58593328757,163013.38686386906,162738.67510525463
T36000logg3.8,559385.6703072761,530861.6291010893,504276.522824002,478197.17358614714,454629.2196652026,433172.3592785313,412800.747998897,394309.69564720185,377696.41493149375,362286.89577498275,348042.4999202323,335326.43136690726,323662.12677537056,312497.19449085696,302563.6122844997,293519.7938138868,284875.1941292163,277291.0921525251,270521.1145283524,264211.4961888611,258772.47606017004,254033.7417088744,249760.11423725612,246110.75189076972,243050.75767848827,240395.803401227,238207.80849583872
T36000logg4.0,381617.9024473099,353494.7863063762,329849.54859018046,308682.8997106239,291589.3400878783,277332.8572363952,264781.14244898286,254517.01979195594,245897.84137778997,238305.60817440978,231942.96415706738,226669.78951827867,222124.74819050933,218447.6050901002,215516.28110061307,213103.66176042426,211261.04862509627,209901.21476065036,208902.6705749379,208313.08580841872,208103.10420953197,208186.73610303563,208602.2404498218,209289.76604369233,210197.50488177827,211364.27839391291,212691.1466037209
T36000logg4.2,477846.1051124488,446072.93377319333,419087.6308469502,394902.04155236564,375192.2909334878,358391.70993774757,343436.54407385807,330983.9799812998,320192.32641968946,310585.16434184986,302426.2288282602,295489.0083768941,289412.6690388607,284401.1864327944,280248.7794889744,276685.5377779218,273780.08839201793,271422.0248618216,269434.03414629604,267906.5459411108,266802.36183342757,265992.3715296732,265557.2813299964,265413.32161189907,265500.7029970446,265872.4692451736,266433.20319116954
T37000logg3.6,218519.05923239017,198184.64469067805,179825.47402919774,162826.80980014484,148422.29498209097,136196.25629475282,125735.33491071232,117324.18127657937,110738.57397191963,105707.60465191549,101993.4494629206,99552.41229270029,98136.13540476919,97475.27400245669,97597.65920459238,98366.02980763985,99727.0251389429,101609.99341852109,103984.4516784576,106802.34945559887,109977.24686187762,113478.85273022004,117296.38059330486,121325.36299383536,125546.33413318405,129986.1283257947,134536.64173297698
T37000logg3.8,242748.80111882417,231294.35072274395,220810.5554032846,210924.1922850793,202279.8587475697,194746.46473471672,188055.21847886487,182326.37809809292,177571.6550816694,173612.33935337575,170269.71212479915,167637.4108425428,165570.39829663414,163817.83480113384,162567.25719212176,161735.33031006914,161189.32976101665,161050.85376309126,161267.76021693484,161755.22813306825,162555.91615399602,163632.8104849562,164942.17737496883,166451.44674948032,168171.45019042393,170059.58687824284,172107.3099312234
T37000logg4.0,301828.2645017067,281866.8793631381,265013.7611874963,249995.80895639255,237834.410553585,227830.0896213426,219220.7303082632,212233.22807801995,206536.4283410149,201684.28909161847,197664.06223560878,194436.8485654341,191772.72951474617,189595.5506217529,187997.43112930484,186838.7411603224,186059.26716356902,185704.50996175286,185683.30377407413,185966.45887708542,186563.68338018563,187417.6903821957,188522.12257952604,189820.46748718066,191314.9178603165,192983.1431536529,194799.8981420655
T37000logg4.2,315501.5216221614,301262.28731997096,289103.82301009074,278164.4553981012,269119.150446948,261517.19161833863,254879.02646388236,249293.92828837325,244639.84117642514,240617.09981758642,237133.02941363637,234243.75338610896,231777.5896152425,229612.31092600117,227879.4357851208,226481.1378447328,225316.72905573162,224497.6836814853,223941.64314075062,223599.88459006313,223505.31452062388,223641.6923982517,223948.55134891463,224461.0100953832,225144.1648506635,225953.58901612868,226932.40051286286
T38000logg3.6,152241.05210798897,139760.94020752425,128935.71323546169,119650.75102819077,112437.20773978691,106956.75898396935,103149.12378396756,100910.15428009747,100065.06523863901,100551.84162004403,102042.39534352833,104417.71088122865,107609.94219976092,111330.83125143444,115518.21627968093,120124.52713966618,125214.40602647561,130509.31982132971,136050.94921271462,141948.8367072035,147907.6857530927,153967.97698502455,160247.32900679152,166497.57709719188,172746.84427823426,179122.10144837288,185427.21668271488
T38000logg3.8,248808.34622300806,231303.49113419408,215768.3404029936,201415.84520509062,189265.43028430338,178945.7208197714,169921.4301840438,162403.15965671532,156247.90356855985,151131.69104943407,146875.37521439354,143552.5968237667,140922.60647283745,138811.2278431465,137342.99271465288,136420.93744920698,135904.03747620407,135893.3006148294,136312.80722820247,137069.44875684596,138197.7283405139,139641.2099614371,141360.69051303182,143311.88651613955,145494.29954286717,147880.75841405892,150428.01876641373
T38000logg4.0,390007.2224627513,370289.09626035637,352315.8704823321,334992.69676828256,319494.5266659873,305489.39128513646,292386.8174564566,280673.7503289945,270369.9146354648,261090.42184444377,252781.19199859432,245605.90299455103,239276.8592387313,233382.6288714016,228313.28027924476,223827.84218807053,219655.16587182038,216111.83791493496,213066.59465650847,210347.1013315253,208145.88106794714,206386.21189193317,204945.09353287081,203898.38912026392,203220.00763854396,202816.23528977274,202711.78469200578
T38000logg4.2,408768.64527003013,384580.61802138214,363884.64926278766,345064.43079751125,329371.55035842804,316064.23012008186,304181.5567746662,293956.44007530384,285204.4521751441,277353.7278105234,270311.9387132551,264269.969649179,258878.41339769698,254027.39395283465,249909.80701107113,246311.1325484391,243123.3444199178,240483.0672804197,238249.66191185804,236387.56571388326,234913.4464621002,233807.14198813663,233001.58489197324,232517.71956154925,232309.165491339,232326.64846582408,232596.64385064115
T38000logg4.4,469039.94234363147,444387.57506583724,422967.35304421274,403287.21018559346,386611.6272210943,372124.1899448079,358950.87806741404,347413.7132951406,337260.3225903729,328037.2778930429,319644.3547261639,312288.54691750696,305644.02770848374,299602.78529128723,294317.95259212656,289582.45078056655,285272.3152636052,281525.24580936256,278201.65996251954,275247.5574680646,272721.77774786216,270580.49190276745,268755.21457755374,267280.74075971724,266115.7216791647,265208.4878142712,264559.05535689567
T39000logg3.6,723605.2532588714,677370.5466914407,632942.4920396378,588524.3795699265,547924.991413188,510871.7635209088,475679.6359417849,443859.8634744052,415457.418588595,389264.9038655802,365358.8603202554,344185.9641529197,324792.8787323266,306620.89275148074,290467.2446888331,275865.424704494,262001.52298230352,250008.2294311903,239446.502826409,229723.78502373464,221491.20762177484,214440.20849962454,208154.17619258884,202953.35179466597,198670.3306691037,195028.6703782196,192157.26856695084
T39000logg3.8,250332.21517163003,235039.5880833937,221036.15928258726,207766.62527926307,196189.39145057878,186132.35654962625,177161.9550858239,169483.11903789232,163089.6335463212,157700.17503437574,153120.07556777855,149476.33089217046,146544.24255504884,144049.44544508663,142216.39766344018,140930.87791819382,140025.1037811591,139652.7317319654,139736.19440293673,140163.8234642896,140992.08195532107,142164.23645341623,143623.60517049138,145338.44643212747,147307.26819557417,149483.5960347627,151851.68145019928
T39000logg4.0,473802.9256613142,449714.14024592645,427854.8646685558,406772.355858286,388175.9211936032,371404.422264414,355529.871964652,341402.03883364715,328756.4292252209,316983.3974706579,306370.63501849276,296922.4698584414,288173.13710505335,280143.53591575724,272968.357704986,266393.16058266244,260248.4481309427,254853.42473373387,250040.41775888886,245555.30866641202,241750.25091601012,238462.74794102588,235495.54555864143,233076.02855969328,231079.5996736902,229379.2486117237,228071.23698587337
T39000logg4.2,467004.72247275664,456225.419104964,445767.9517599618,435247.9058081419,425301.91796923615,415954.2530908566,406904.3135914749,398267.2044376392,390343.4220838236,382959.98391596787,375718.9693109119,369154.7999059273,363004.23904226697,356818.76164383884,351131.98545848066,345791.85266154865,340512.17038377776,335723.6180293083,331327.875119123,327131.00784104306,323338.4623485352,319942.67805053404,316764.2732909123,313938.79872305994,311449.6301669228,309196.97530253144,307182.6269859192
T40000logg3.6,709873.9267973264,665466.7746332171,622420.9482928573,579042.5912968073,538966.2895113576,502165.3494144274,467114.6974950195,435216.29237998417,406742.61513096554,380583.94631017814,356653.65511279757,335557.5953389576,316464.3808630156,298396.96942727163,282480.84572377347,268140.1727141518,254558.55373607247,242804.67819977558,232477.26256965593,223021.44775975996,215023.75593894187,208212.00678630575,202204.08868471696,197249.65615928924,193224.57552501714,189863.85712692875,187264.16368057564
T40000logg3.8,575107.6305320973,552849.5484937729,529877.4281691366,507242.562986006,485678.7276536802,464153.6811023566,443868.12489246344,424847.60999194544,406754.0633410537,390329.71151608485,374945.7339485927,360739.0593438498,347823.06652099924,335429.99987106817,323993.4095107132,313410.27910121914,303410.06452981906,294336.29968602705,285952.8200874453,278281.9427065495,271505.2248256003,265233.27823474724,259705.75379170122,254859.37680559035,250509.9352123894,246790.0165464162,243570.1480278963
T40000logg4.0,327457.5300184438,314821.25050977693,302378.86490602756,291016.2591243205,279999.46146264323,269913.84212546895,260778.01581163317,252306.9089686317,244881.83825945144,238051.21073465777,232065.6645584249,226804.66600498222,221981.23284980562,217743.982988086,213837.6264749166,210382.98790783988,207410.33694724474,204776.91332977288,202615.19940344692,200817.90062755515,199398.46332600957,198362.4549009559,197609.27504767437,197184.9752743811,197046.31453245378,197155.22147493315,197523.99178108555
T40000logg4.2,321977.9336300252,311495.3957333845,301698.4157042635,293113.43562840053,285180.13766391436,278160.9333189868,271949.8689785621,266338.95832185255,261463.50712653488,256989.80235362618,253074.8229312473,249538.2690771955,246296.12436578702,243424.02883180528,240736.49038294863,238397.38284668644,236364.63317549336,234594.0371640644,233172.9223605006,231955.67875384496,231035.90349327808,230361.94225824316,229903.1567665871,229688.55919843903,229630.86436534836,229777.10120691438,230103.42280094372
T41000logg3.6,717327.1962062651,666960.1069730525,616109.2304502763,568976.3089134804,526023.5459885682,485656.4275075516,449705.59567519766,416812.3910854974,387044.3904294875,360888.9376051862,336676.41618189623,315162.6900922058,295861.6070991795,278038.7774841698,262206.01507892786,247669.49500079337,234697.77922469893,223429.98191144157,213307.89897097682,204661.69781215987,197277.2695065647,190939.784593957,185761.3411602546,181423.18310758483,177964.70312303974,175337.01696109606,173335.59882940544
T41000logg3.8,260287.24478335353,246738.55893400527,233241.99454168844,220820.6966925649,209662.27340274528,199303.75835553568,190191.50453605436,182135.79408875358,175071.91876863735,169185.40784413333,164021.07847701607,159737.42370241066,156173.00242695372,153083.19607413124,150576.74335441002,148525.8651609014,146942.03451693978,145874.93826439924,145191.07090481155,144949.50044849963,145111.85698335274,145607.43011426716,146443.93495679932,147574.50258424325,148963.5705700361,150604.793997993,152468.49148467754
T41000logg4.0,409007.2402320275,395526.0920777382,381608.60726171726,368342.49075439206,355467.4045223701,343096.5568050479,331670.37778239,320614.1867477912,310561.0145839874,301347.7377881736,292861.10920850775,285294.15129687305,278082.12783271645,271476.4950397706,265362.45090240624,259603.94553995802,254465.5358105961,249635.00717948907,245350.008355538,241589.90545846047,238212.8359026906,235346.04272326356,232859.54243905973,230762.14473569073,229071.06045989477,227666.75645547028,226617.86963063508
T41000logg4.2,321068.75871377153,310337.7128247823,300253.0927512081,291356.6621328067,283077.6089875034,275750.6984881358,269137.6170171408,263163.4276555878,257920.1218414511,253105.91606822074,248883.59146747546,245015.99653503188,241483.35071730864,238313.08411552868,235345.35138085595,232776.00197936012,230426.13946935307,228417.23905234208,226732.51124037165,225289.68988054176,224190.0854600073,223279.3991748716,222637.77026958164,222244.96188815773,222029.98095194215,222055.61353601975,222224.12060239952
T41000logg4.4,393453.116923559,385951.5732429794,378660.6645758082,371922.4339930338,365390.28452533524,359360.51862587454,353518.07573474717,348084.20560520596,343072.33118554717,338337.67164734047,334045.77903052204,329884.6045203004,326011.6793285574,322326.53430723905,318768.7503560503,315490.61218009004,312307.4031034036,309418.28064658766,306716.8853750433,304235.4971330454,302037.0280437406,299988.6751005769,298235.33533058583,296606.09405600704,295199.0680186602,294016.7494069925,292973.35259413905
T42000logg3.8,390280.4232162602,370842.36346662755,351083.7051757798,332604.12433946953,315337.8261891381,299047.73816154967,284462.2939556814,270610.34313818096,258220.02875741047,247191.98014667508,237104.01629422695,228246.94499812505,220063.16594317264,212649.5651544546,206053.8139309492,199965.0549611746,194655.9082278026,190002.8186335925,185960.68201047104,182642.41840278305,179805.24031732144,177570.74589775084,175857.84989763217,174575.92326230375,173760.40844574847,173329.7151848303,173262.98991746042
T42000logg4.0,665936.5809515655,643175.9885354943,620577.9626419776,597315.5699783303,574619.9815541343,553016.176594526,532027.8936906138,511577.55840844876,492810.44272690907,475353.6446775417,458175.66039256996,442636.9434086288,428190.5174172737,414008.9869235802,400945.3408165888,388776.34350679966,376995.48513764516,366088.9453499553,356099.96119589434,346669.5697379681,337979.4867059654,330152.6645840912,323003.6188548557,316294.74158612895,310409.1968082847,305149.1000255692,300232.6235207574
T42000logg4.2,441870.54586513154,431417.4622221433,421103.98723372526,410572.9585214571,400373.53820690117,390698.6988415654,381299.60214966204,372169.3535408187,363801.4290421102,356044.63287441764,348400.7291718476,341503.82328138006,335070.24064382573,328675.8944548009,322769.75371048914,317239.53344895423,311838.7099348024,306872.1530738877,302337.6385702413,298044.9422857123,294154.5479400823,290679.5814691064,287518.1007316065,284605.1522652534,282101.5597338785,279911.5076192685,277884.89688232273
T43000logg3.8,689200.3067223418,658403.5793429544,627849.5707576537,596091.7624223424,566017.3331293642,537570.1535280809,509583.4669583726,483650.9927098831,459924.3394037476,437503.2804011794,416794.04678519047,398099.86695363815,380575.90551327216,364068.845375028,349033.95308444207,335049.0231028519,321578.17582963133,309552.80363545485,298635.07082238846,288254.38977209735,279184.8107188091,271113.9725072802,263616.43037489895,257153.56023765611,251519.16164918896,246419.28123651427,242089.3910407205
T43000logg4.0,689181.0358125312,664604.1833991366,640039.611123189,616231.0573838594,592556.5366710175,570420.0354574956,548473.6235432148,528062.9970945922,508575.5900026607,490183.17643215024,473149.63305310695,456752.16365808476,441665.3909637418,426886.22007287235,413118.3941355447,400112.49312418286,387797.65481469006,376509.36750753835,365782.2753968899,356111.77442658594,346991.9067775705,338718.09545401984,331216.3155903873,324296.5139043024,318158.4716699022,312472.7206635756,307465.1515846376
T43000logg4.2,602806.3541098896,586820.6425470905,571031.2532950455,554883.7432180924,539067.9675612301,523993.26827823906,509440.2618338234,494875.2708228717,481523.4485158087,469006.4069343234,456587.01205494924,445195.24204384495,434479.71098426316,423839.2273293544,413884.6398137527,404511.8131854044,395375.44528163096,386777.6437851859,378835.6003589953,371338.81450544135,364215.3707815547,357779.15762083756,351879.77212410816,346191.73964617256,341166.71844186424,336616.1489204485,332314.9865420874
T44000logg3.8,668803.1191578369,639423.9998976153,610185.7591573109,579672.0079132044,550601.9452332299,522982.9215453652,495730.0981517274,470385.99727964704,447193.8859362179,425331.0141485049,405136.8341500617,386964.9064675365,370010.97656438523,354004.39455106744,339459.58273665945,325989.5161967271,312943.0473681585,301339.44833407697,290819.670806784,280841.6752137655,272130.60892373923,264398.86732693017,257244.05214889272,251092.08885515924,245755.1521070811,240954.7759824731,236904.95455837456
T44000logg4.0,241939.58977713762,235009.58778691225,228235.96364471727,221241.41638797824,214543.54474811399,208214.30343517457,202084.73879849754,196495.26020541473,191650.80877808397,187450.12071900748,183861.06344331524,180988.03285644247,178647.4516128676,176558.3943904408,174889.0037748777,173511.889551936,172292.01385407159,171413.61753067398,170821.82117770644,170436.85003174958,170369.91157013556,170565.91387605102,170975.78405113897,171629.31690529917,172506.55651366728,173561.01547300996,174820.99395709572
T44000logg4.2,334380.91910313535,325951.5567003476,317731.6851068017,309451.4773319569,301526.9291236339,294045.26962218795,286875.16046836285,280068.199881553,273958.46464934945,268475.19484885124,263251.7163843585,258702.68045908026,254610.4202458561,250651.73419817467,247106.4544975236,243886.72783794766,240803.70720023912,238083.6863483861,235695.10785447957,233507.85505328965,231640.96658947866,230087.8613116369,228754.19447523652,227669.64324068063,226865.77970869537,226293.25148417847,225863.88896110747
T45000logg3.8,634549.4263731304,606777.6410727812,579078.374315645,550007.6570366649,522229.12694802857,495730.95665227016,469483.5864980409,445124.4645984432,422852.6114435139,401864.39741728385,382641.18327175674,365396.35778914526,349330.04803955706,334296.4776785714,320650.3842562545,307961.4669303903,295801.2820530137,284963.10437255277,275152.0144457015,265847.7267605179,257773.7524080911,250634.73793254272,244040.4790249401,238433.35954592458,233603.3502290956,229284.6644071057,225705.9473204133
T45000logg4.0,263562.4663003776,256173.79653545347,248877.1306049431,241242.72358029135,233876.75853944483,226832.05013417144,219912.04348575446,213550.17782794038,207921.520469196,202912.30968869058,198526.77586884768,194884.32902899478,191756.23380039775,188949.0316802965,186581.4014510062,184533.87766541872,182623.94249126955,181085.9788575212,179841.77178233018,178777.78786082412,178060.30669350672,177621.66757098847,177389.64449792542,177438.2532559567,177735.78101688827,178225.3889062096,178946.48612764053
T45000logg4.2,323066.2128970085,315363.7042085293,307840.92598777346,300250.28619505296,292959.5493912861,286022.2611826076,279353.7358534661,273023.6877246834,267340.1776702835,262275.40369895636,257471.48369540903,253320.24162909,249613.32853164044,246044.4476641863,242860.33157926187,239978.0969565031,237208.53998563567,234777.41970801583,232638.56499164487,230673.7545732828,228997.3606357085,227608.3832891517,226413.54640314588,225453.95984842692,224753.5178109943,224254.92844081766,223915.69632907634
T46000logg4.0,577623.8914807528,560311.6389596272,542761.8775815098,524076.4868131215,505796.64589338534,488033.3789223189,470172.0019741963,453164.87467651966,437343.9529099527,422256.4370701442,408028.906140232,395060.76636792126,382908.0290427038,371053.71294292447,360211.73069434636,350057.82650148345,340010.7093757573,330906.8452627602,322485.15377504524,314327.0924589156,307021.6753512063,300381.1005707969,294103.7929319745,288522.712210993,283551.61433490133,278951.52215763176,274922.0793977133
T46000logg4.2,337527.79050164757,329620.39595722896,321768.2199898126,313655.42961069604,305742.23556178773,298180.8070989663,290824.870279154,283786.19605518994,277451.0307926399,271748.00915097387,266299.30545341363,261575.3262391602,257319.5850192476,253190.6001995444,249480.52347711715,246073.88669490058,242772.14971702514,239824.8804077066,237194.4603829076,234751.6288453292,232629.61805291794,230826.60491553272,229245.1571141326,227926.1798436396,226900.63325755385,226114.63461677532,225489.78630123942
T47000logg4.0,624221.277686509,603947.4207032812,583442.8095223249,561621.6864243892,540324.3683327839,519669.8928040168,498927.72605168034,479245.43229258014,460972.50044746214,443557.00550018216,427194.18144825485,412303.8471416662,398348.2466608129,384828.1706983918,372459.67812343483,360887.7182431657,349459.46149411995,339132.56141098903,329606.25646597915,320415.23869275535,312214.4031921375,304783.1144976866,297782.68374001206,291581.09597708617,286068.7849879434,280982.5276928342,276536.5550131356
T47000logg4.2,306570.56226574804,300556.4629675022,294557.0974388616,288318.8152459312,282196.5687319614,276332.6663857686,270610.4745048235,265112.55773158034,260182.11707453622,255755.74162339355,251558.354984753,247941.94621835853,244699.89754215122,241557.63331820496,238742.45397651743,236161.37114592438,233658.67492887625,231431.79065143372,229455.97414102327,227628.0645909291,226061.2167331144,224752.95391757204,223624.92393729053,222715.88017566758,222049.4662301694,221588.90303227224,221253.0088080469
T48000logg4.0,695515.4472043732,672666.9552775121,649567.6750050839,625138.634967216,601147.8492399807,577938.5962864468,554817.7994537274,532553.041711469,511910.6395475861,492413.9708295979,473631.1449113592,456584.56839299254,440726.4473055523,425046.0281759866,410720.08533986704,397300.2041278783,384119.39850240626,372075.5959195683,360949.12781999353,350290.98275051167,340605.1965139052,331817.9916242799,323578.2859273488,316140.516933271,309492.42913963646,303415.5298241519,297901.0648526987
T49000logg4.0,573051.6574577652,554153.0702712624,535041.5994739991,514853.02983451745,494928.7531336513,475666.54742678883,456592.3837626418,438116.2928427039,421105.6518727901,405314.53264357115,389887.231595905,376122.2071615171,363426.2978185757,351004.14117327484,339709.8379002249,329215.558581851,319001.1469190722,309697.18016060593,301168.96536983154,293089.5904275001,285764.1651325091,279204.7151619855,273152.8208977816,267724.5913740836,262971.5347624744,258736.28121058026,254932.9408466625
T49000logg4.2,572048.926696256,558225.1411129716,544123.8952490188,529058.3026091622,513991.2795406434,499220.56052320305,484391.16848857666,469854.7550587568,456310.6785161754,443620.5591630296,431041.0217766845,419696.4253095705,409092.95089430886,398556.8383563456,388829.6979359664,379646.6353515259,370554.41709528124,362140.8706471474,354293.62775450636,346715.8618474796,339729.9320793925,333339.7133191307,327322.61399741133,321786.75013624504,316820.4418932384,312284.0384274798,308058.755264112
T50000logg4.0,565573.5995201039,546464.1085994409,526270.1324291903,506495.9485876403,486177.82585729874,466262.0656963905,447242.3089842729,428593.1343753232,411460.23985609686,395254.96604749636,380356.10473713756,366827.6047653834,353980.6847115669,342197.0185073341,330968.4586238268,320398.1178085469,310670.5304121535,301395.49013741093,292972.9179513077,285177.06963650853,278041.68981777836,271701.94277214335,265854.8085208889,260719.62584947023,256141.67512540752,252092.78708021037,248643.81585055316
T50000logg4.2,6.685402631480055e+17,6.641969211609066e+17,6.601957264471284e+17,6.566397489709842e+17,6.535963144441852e+17,6.512423864103639e+17,6.495333892677112e+17,6.485329300590296e+17,6.482310378524529e+17,6.485802131286728e+17,6.49507252369472e+17,6.510317775727392e+17,6.530070020333315e+17,6.555003345355532e+17,6.582946129817861e+17,6.615138986149522e+17,6.649861923546252e+17,6.68592873446927e+17,6.724375800024764e+17,6.763268519061358e+17,6.803859201712397e+17,6.84405193882813e+17,6.88545445257633e+17,6.926734075430532e+17,6.967200416844477e+17,7.008012005830262e+17,7.047695886007021e+17
T51000logg4.2,653153.7978584557,636107.9737665114,618874.586722128,601420.7320256223,583574.9083119504,566237.5036809205,548665.2551885688,532174.1435432335,515729.1177450531,500395.71926290926,485938.07256061776,472101.94227491744,459186.9303512058,446530.4498049013,434751.42194613453,423102.2961054698,412162.3324060891,401827.2483589047,391964.151829027,382878.76001941354,374189.13461214985,366309.0726931526,358795.26998198347,351939.12121924746,345663.2197588461,339844.50311060523,334629.7387971488
T52000logg4.2,427539.2263190953,416894.947499805,406195.4120348176,395440.82392130047,384490.4377398551,373935.6230205639,363294.08427984203,353404.250364135,343656.4729561161,334692.3962795607,326416.0547987622,318598.9094348621,311424.4685421698,304453.68747327465,298025.8190852483,291772.7849893797,285937.7630692839,280514.86285845784,275389.04549598356,270773.2913887421,266417.06176863646,262545.68721306266,258991.50703946748,255810.54698639002,253036.2999944125,250543.4061493628,248445.16155085887
T53000logg4.2,550465.6683436234,537163.2011213242,523377.51193436305,509420.7031974839,494856.5703680322,480680.53361290623,466148.5545147115,452339.8746543224,439069.8426093223,426514.05426598893,414957.6319056499,403897.8120373054,393770.6010883655,383838.9479431537,374509.7144870354,365618.80032464047,357042.3464851824,349068.69868841924,341343.9876026146,334258.9596743309,327513.5562135491,321281.271245544,315592.75215765124,310271.1129212919,305530.72155312065,301094.5095551649,297159.65480748453
T54000logg4.2,638133.2951951677,620620.5209527625,603069.886491715,584870.585076961,566579.6128805055,548591.063411786,530589.4975969053,513568.92903930106,496835.31965734466,481511.19720752374,466577.1806402008,452777.5931582478,439696.3732610056,427157.84319983644,415376.41058927396,403905.20409920043,393272.41995248105,382929.79869048565,373418.4659326816,364390.7712383906,356017.0817056234,348332.02085020544,341136.61323469674,334659.2376463682,328587.89983008296,323207.8973515121,318180.69584164466
T56000logg4.2,299635.5760226077,291379.4629296797,284149.2177399203,276821.5598702018,269723.4638755866,262354.05511659704,255244.4859049505,248574.5941589115,242580.40733769123,237527.24957202634,233302.16624692036,229930.64362096667,227084.3082262047,224701.59074258647,222465.91825242873,220426.11366847006,218456.38958910623,216606.38395212556,214901.52992055297,213320.23970849143,211951.3132927643,210714.51669148187,209730.4468439822,208885.42633622806,208294.69564967213,207852.92743220093,207621.92563536915
