,vsini70,vsini80,vsini90,vsini100,vsini110,vsini120,vsini130,vsini140,vsini150,vsini160,vsini170,vsini180,vsini190,vsini200,vsini210,vsini220,vsini230,vsini240,vsini250,vsini260,vsini270,vsini280,vsini290,vsini300,vsini310,vsini320,vsini330
T15000logg2.0,1138.0344217763188,1033.7873256751634,937.929378116336,857.87271156852,784.6426979813042,717.9111331664552,658.2242604778581,602.2268709040831,552.8206265821972,509.596849567547,470.19506249070855,436.42412513556434,406.55286917869927,380.402692127532,357.6122484066834,337.13841430690366,319.23186254556896,303.4000665340712,288.90368200070384,276.15073702064717,264.6035623382643,254.2100485422561,244.90530042561844,236.36936825373527,228.7201601082314,221.80374794573493,215.39372375083113
T15000logg2.2,1591.9447427579014,1462.82064397324,1341.1624311855783,1237.4746956853412,1141.364314047296,1052.7474244455848,972.6905334078302,896.7407674750924,828.664040185893,768.2452594359014,712.4966070257357,664.0676884934188,620.7780770056528,582.490814804148,548.6894531259601,518.02713994863,490.89595704578045,466.60767075285986,444.16241824798834,424.1728047516347,405.8932573839229,389.2690075030286,374.2191588941584,360.3002679901511,347.68292198089125,336.1465251579987,325.37661154126926
T15000logg2.4,1505.9502594147118,1393.4210699511477,1286.674315093971,1194.9994794854476,1109.5233793798768,1030.216379832812,958.2560443501711,889.8149627610487,828.2148894836314,773.3320308182534,722.517114626884,678.1032784532954,638.244602406494,602.8454428126828,571.4419476802052,542.8371915473869,517.411136715516,494.54600848502446,473.32528530399236,454.3358405573469,436.9043284728122,420.96749042316424,406.4765504781347,393.0300527890043,380.76675544831954,369.5060981702802,358.96120076394914
T15000logg2.6,1251.2876371082298,1160.890456515645,1075.674206665253,1002.691920473042,934.7143206356535,871.5810991323657,814.3081892464179,759.9675746736394,711.1419049114658,667.7317693597277,627.60466903504,592.5392604390445,561.0635689306091,533.0876848936033,508.24852053537387,485.5970481411062,465.42076674495587,447.24940150155186,430.35531690725264,415.1966798391145,401.2654532256785,388.49136226765967,376.84618978598365,366.03024399072984,356.1282622845672,347.01276269738383,338.46984622115696
T15000logg2.8,1289.408207925457,1202.4236279034137,1120.0178543715745,1049.0712509678558,982.6273972872714,920.5983999617525,864.1324323104897,810.4183723501861,762.017824950925,718.8724859778631,678.8908193169057,643.7999924161587,612.2238849345327,584.0655757022427,558.9972905537988,536.0590442863758,515.5533769005986,497.0392748608565,479.7668115820457,464.2162443471662,449.8906288414062,436.7047185037665,424.6450845680122,413.41742404300777,403.0941446557952,393.5598696589589,384.60313533318225
T15000logg3.0,1160.4100607619023,1091.2063686166348,1025.096823168147,967.6618000974667,913.4777824207044,862.5566413655723,815.9775598075125,771.5205468404762,731.2909184899034,695.2768535175645,661.7491496944981,632.2170513307932,605.5150233076114,581.6116486485658,560.2419616296497,540.6115975973315,522.9960379327676,507.0269065283792,492.07333777202416,478.5577410463082,466.06423406384283,454.51230400433724,443.9056691135665,433.99841453074515,424.84156607698895,416.35126196054665,408.3495103083005
T16000logg2.0,1075.7168187435766,970.3776972942372,874.3591104461578,794.8632879018446,722.7086911080497,657.4982762212675,599.5410478600824,545.453857858307,498.1186609551935,456.98151456360466,419.6967194500672,387.9813034695647,360.0909748965817,335.85132900942864,314.8891155790332,296.20141411919803,280.0247533300748,265.8474775817837,252.9688162076284,241.76374518932107,231.68686185972612,222.6949192303496,214.72530203574215,207.4525384080746,200.9999088153319,195.22481730740307,189.8967528202986
T16000logg2.2,1343.6715764966068,1224.0696506304587,1113.4366629978938,1020.3633951376031,935.1650728496606,857.0959516759862,787.1254366835154,721.3531810700359,662.9066145113508,611.5538616396234,564.6408430891554,524.1415999855647,488.2944409656869,456.7141043887616,429.0338295058345,404.1420065532855,382.23820937266754,362.7428930311794,344.86769222641607,329.03854848484553,314.6693880640634,301.63205182868774,289.923741850189,279.15530557520987,269.4415412946468,260.6210130391871,252.4273171509343
T16000logg2.4,1485.1545338629885,1361.8920197605273,1246.7536437067317,1149.0514338256296,1059.042040285892,976.026866208953,901.2732076491578,830.7035936601437,767.5621801083762,711.762685126087,660.5117593418328,615.9658619534309,576.3340680274342,541.2198601922041,510.2605779808702,482.2709693825622,457.47823330777845,435.2773401745976,414.817268229665,396.57026565202506,379.9245993089334,364.73546822838307,351.00461772191557,338.3267567304388,326.81528703023037,316.2947236467074,306.4885209716587
T16000logg2.6,1542.2516449121633,1423.2296464827643,1311.1462089724716,1215.3074388219713,1126.443849569046,1043.9662731412186,969.3672287329764,898.6954224309319,835.1535424441316,778.7619561369926,726.7557289133075,681.2876733327738,640.6797412512977,604.5392128399973,572.5321983898283,543.4758426032407,517.6070415718842,494.35712574620175,472.83832503437117,453.5501582154399,435.8933315169922,419.7081336120907,405.0068168770028,391.38980557509143,378.9629251196814,367.55243550423825,356.88457461746174
T16000logg2.8,1502.1334059696192,1396.472237903282,1295.973705728193,1209.4869803083839,1128.4672272438777,1053.1014878489734,984.4878713894462,919.079129098555,860.1664336951684,807.5851917200893,758.8228700616124,716.0828672367619,677.6038178715336,643.404442951418,612.926820387914,585.0817252904068,560.2701094321907,537.8383071948612,516.9768627873547,498.23655518571104,480.939245646341,465.1155044802759,450.6515532412991,437.16945861626664,424.8492754174533,413.4762530595779,402.7902931069754
T16000logg3.0,1428.675963952963,1335.8939156046279,1247.226058714249,1170.2467357103765,1097.929724710051,1029.9881602448568,968.0079430373579,908.9237779197987,855.3936589594147,807.5446285584517,763.0913996615212,723.8892557699191,688.626655399254,657.0151731724994,628.8164133136543,603.0394864393471,579.9213946981133,559.0038798113438,539.5152096029108,521.9202882789291,505.7165730749514,490.75428540578673,477.06684348689583,464.31696733110584,452.58454568188284,441.7356954343888,431.53704839533293
T16000logg3.2,1519.1229547591138,1424.814341406047,1334.4333603847438,1255.68780685201,1181.435660562908,1111.4399640720806,1047.4184051158843,986.2668664084478,930.7849010372817,881.1185931250325,834.8801109386039,794.054138512785,757.262094219328,724.2222183412141,694.6906393091464,667.6564757571765,643.3708039781321,621.3426713518954,600.8005683685467,582.2230076508396,565.0833855436548,549.2408355020859,534.7208208611629,521.1723717272331,508.6914048657913,497.1263655427754,486.23580171686217
T17000logg2.2,1416.3773329948508,1290.0593000036283,1172.906475107775,1074.3836998284055,983.910286315985,901.1939399811375,826.9208762230288,756.8276418138352,694.6261440041682,639.9286697783313,589.8673458231568,546.7983778961185,508.60407161242375,475.03403155596123,445.63441778618056,419.1414937747211,395.8799905876113,375.17391024566115,356.16573447844127,339.3758236904395,324.09607988658826,310.2823720365616,297.87399619778995,286.4338480304154,276.1393461121813,266.7925230930553,258.08664742205247
T17000logg2.4,1545.6699191997322,1413.1285180636326,1289.7837218112088,1185.2317908545026,1089.4029325712402,1001.0515403958684,921.6786084560655,846.9365597549127,780.0663777140497,721.0727580601371,667.0440041768718,620.1218388535328,578.5519522668168,541.6609519520939,509.21317518567884,479.9893162518008,454.1321336856619,430.9814563606433,409.7311490978052,390.8104582808682,373.60975626442973,357.8507169970264,343.6835627016314,330.62259076139895,318.7673102387646,307.96662026511854,297.9113388082912
T17000logg2.6,1666.6861124576633,1533.879549239605,1408.9053384630488,1302.2547739299212,1203.4936268096978,1112.266102560726,1029.7858758369696,951.5964276195983,881.4412235391675,819.1781395024715,761.7623728702825,711.7061251518397,666.976126379047,627.3484954114009,592.216657826751,560.3610935857422,532.1161565118955,506.6942012959815,483.2065506361271,462.2259988740935,442.9693829275316,425.4120704105589,409.4818709936482,394.7042583502405,381.27428184289766,368.9623247939542,357.438662003194
T17000logg2.8,1705.6718798038428,1579.4331790611113,1459.6955950729869,1356.722594998475,1260.7420528760247,1171.5249246993728,1090.4993896755207,1013.4035517413171,943.9176997816954,881.9984807364923,824.6678337443703,774.4495492053646,729.4100592815207,689.3412230474679,653.6940547585283,621.2477175213002,592.3594722859171,566.2649163697616,542.0729467499449,520.3734714156627,500.39367761492866,482.1090412746749,465.4527541142955,449.95665819399204,435.8169173679825,422.80305058178504,410.5884043511028
T17000logg3.0,1702.7182699012747,1584.8864611580987,1472.4459271306544,1374.9088245862638,1283.7779188318111,1198.2341131564788,1120.3888093101039,1046.3041540107442,979.1129277033406,919.111219851807,863.4725058617529,814.4351577698885,770.5006467105646,731.0473384457258,695.9189205610395,663.9431388975445,635.2954776398127,609.3727285842251,585.3326894763111,563.6562089550101,543.766841259681,525.3507886073972,508.58991377164097,493.0086567828232,478.69801487420426,465.50345307724155,453.1219078735798
T17000logg3.2,1687.0102581512863,1579.3104954888868,1475.7794178032925,1385.2795424915037,1300.1712464675181,1219.8169910605227,1146.3740177417067,1076.2493405516568,1012.429804518329,955.2369292807203,902.0070078106461,854.9160549030554,812.5826185569254,774.4288553564716,740.3785359774561,709.279625849569,681.3387532216418,655.9749920214608,632.3980903757387,611.0853423246065,591.4718802028475,573.2701091245125,556.6603906158941,541.1803499028675,526.9258544068005,513.7479917690553,501.3527737864497
T18000logg2.2,1352.7916227681262,1229.1409821431128,1114.6205924632798,1018.2717090298994,930.1198967967454,849.2933577735666,776.8163950589275,708.5192272000389,647.9135731539183,594.7657322410852,546.313578755119,504.76328656743493,468.16270997578346,435.89958595698323,407.8916482604759,382.82190911521656,360.8808116001431,341.5112205647779,323.85392366218264,308.34069650699286,294.3951380299824,281.71341109532494,270.45585353720503,260.1505949734246,250.89202863741647,242.55321802825202,234.82618039546583
T18000logg2.4,1355.2245420774082,1234.4227910538298,1122.82360107297,1028.790302935664,942.9859498924294,864.2154204519055,793.6850088428508,727.4965935524486,668.5756612066381,616.8175001219907,569.5792447799229,528.747644972227,492.68751170969017,460.7840240283502,432.864793017061,407.78846391427277,385.6913726765245,365.9917791388196,347.9615311745649,331.9809304688361,317.5009380006715,304.2743546951638,292.4347879894255,281.54461619234706,271.6947811323594,262.7572565124677,254.45356131726837
T18000logg2.6,1843.8677206635855,1698.494085706546,1560.7032328350867,1442.3470069356074,1332.518853505839,1230.6575258188016,1138.4169640079672,1050.769874707151,971.7990531070601,901.4933610093017,836.5303595376425,779.8618351211826,729.2636392999353,684.248731931506,644.4548922176372,608.3940689051472,576.4112612481362,547.6504535304547,521.1246387819473,497.4602782656527,475.7941704029992,455.97275683004295,438.0617507748052,421.4568633666254,406.35928324903267,392.5517170795586,379.6286906221056
T18000logg2.8,1734.2978648514252,1600.3122083263386,1473.8362730678098,1365.0769926931846,1264.6363718010016,1170.913028597228,1086.2164250809726,1006.0826138578117,933.6509997847497,869.2881391709496,809.9747675675065,757.9566029257475,711.716315257583,670.18408183577,633.4866582103106,600.2858525166005,570.6477454963737,543.938158594908,519.3225006165718,497.22238935094134,477.0872583604153,458.39895216917307,441.54132477928425,425.94186033054694,411.6554054733139,398.5647925757005,386.33349197766347
T18000logg3.0,1631.4257416207047,1513.7084195219402,1402.195002343495,1305.7977076240716,1216.3608828811086,1132.4232886527022,1056.3211816538344,984.2270971777007,918.8418200757766,860.6035113310427,806.805374079961,759.3778320002835,717.1005742226802,679.0075217824568,645.1880318379127,614.5094853894808,587.0045157531421,562.1233881827021,539.1253056234272,518.3794602144707,499.4259071976051,481.7837141419877,465.79612941800065,450.9740811287386,437.3498010491572,424.8144134800852,413.0817067073587
T18000logg3.2,1649.9996036468083,1539.9316049345641,1434.7143446129605,1343.0772556004715,1257.3272068375384,1176.656651451045,1103.1103579047005,1033.1170163437139,969.52941910895,912.6409807515456,859.8225657006827,813.1328290848518,771.2214244318831,733.5359968142999,699.8710186977615,669.1957467268871,641.681738774205,616.6787108297922,593.4850913864559,572.5456272542656,553.2569909196892,535.3951224437652,519.1169784471485,503.9429752230319,489.99729456945335,477.1219855529783,465.01725691825703
T18000logg3.4,1693.1050325152057,1587.2840442467475,1485.5658702170533,1396.3508218910354,1312.5725044599178,1233.1002591571466,1160.4460193691486,1091.163769594872,1027.9047242890533,971.1908819016136,918.4350857634851,871.6014391653789,829.596796360773,791.5194086554867,757.5202119885003,726.5136037345034,698.56688336847,673.1452503969272,649.5478980189913,628.1626348981728,608.5229614021144,590.1713714491481,573.4616602164173,557.8946080815117,543.5261382159848,530.2422186783966,517.7536180048052
T19000logg2.4,1440.2935740441526,1314.4443410293813,1197.2515192640246,1097.607874088555,1006.5976161895204,922.2154179882591,846.5419238226656,775.3569246991506,711.477417197408,655.1764825449015,603.7498817806412,559.1641771529897,520.0661698337959,484.94870342949434,454.42964848704725,427.1266998987268,402.9796208723276,381.5151082837497,361.94910721688694,344.59173017921665,328.9950365518028,314.6099001477325,301.8236637216868,290.1229297228335,279.49055054366937,269.8874103460357,260.99290210492654
T19000logg2.6,1535.2487468245197,1407.0751240929394,1287.0885405000356,1184.7954334982933,1090.742301361573,1003.7367705966376,925.3405448637146,851.2821386133822,784.8098995443765,725.9750108459835,671.9711029027727,625.0353625552308,583.4226808418914,546.3784540679136,513.8296054538902,484.4892781477249,458.50677815657764,435.2398957235805,413.88108210799805,394.87810872212617,377.6048944719264,361.7291356239626,347.5007806656756,334.3607925746971,322.4323841033749,311.5797355877332,301.45709242763354
T19000logg2.8,1532.8747593098105,1410.5032248627915,1296.017319025824,1197.9434421667079,1107.9268012546502,1023.8084860161078,948.0438509189894,876.7344137899626,812.3395392202888,755.3221364654365,703.0068577809093,657.128611707387,616.6320480341699,580.032043590807,547.8339204201387,518.8243274777847,492.9049936562067,469.57680620618584,448.1484310781016,428.9035354070029,411.422021236164,395.1913262309603,380.5812341046078,367.11143732857334,354.7579753617777,343.4715741566799,332.95897993475927
T19000logg3.0,1615.402214370505,1494.8807451452894,1381.0507437322888,1282.892288989947,1192.058734387651,1107.0489202738238,1030.0730598180546,957.241238156676,891.3226746669266,832.6771750650892,778.5825388007689,731.0058548401386,688.644257021348,650.5600195231543,616.7777366573355,586.1892959137998,558.8362936610695,534.1010256470045,511.2819082118967,490.75205886688974,471.9971797547125,454.57375829151096,438.8250873471893,424.2248818548792,410.8336199512242,398.5411067238026,387.0387771053286
T19000logg3.2,1643.2504515169305,1529.6626305301618,1421.4951556819244,1327.66027890368,1239.9940725883296,1157.8686640704325,1083.0343598920679,1011.825562916022,947.3098799022883,889.6549534720871,836.1847724867861,789.0634049365357,746.7634650194396,708.8875596310949,675.0769047051483,644.2769649895771,616.7286888336727,591.7102877782539,568.5130827147758,547.6251553519686,528.3364613925966,510.5827091048459,494.40055253359077,479.3000523415435,465.46899450880045,452.7146484940392,440.7167867662997
T19000logg3.4,1656.405543149549,1550.1938832019162,1448.2205506963917,1358.864435928738,1275.130945602437,1195.876177723911,1123.505964163178,1054.5770266745776,991.6890852554976,935.3129768499566,882.9015358630519,836.4079525313008,794.7216946720167,756.981300653338,723.2849926759383,692.5892302820935,664.9615817698906,639.8350775347611,616.5349499967043,595.4515492953572,576.0798286166845,558.0023267802864,541.568682615969,526.2527249672015,512.1364140532976,499.1053640049195,486.8538698280368
T19000logg3.6,2061.0410077327665,1942.3779025879082,1826.1030420724492,1722.6996094869307,1624.5805288912816,1530.920310329223,1444.7114748884085,1361.8037670553747,1285.6125048485703,1216.769949768176,1152.2223219837852,1094.7355534851758,1042.8959432880583,995.7385570233415,953.5100788403146,914.8852604130083,880.034922233654,848.2774183994171,818.7389598480962,791.9769670766292,767.3435143154819,744.287266939478,723.3039742500677,703.6955018156068,685.5892436127073,668.8529713901315,653.0693177996534
T20000logg2.4,1106.834740243917,1008.2093262551551,917.3254057012119,840.5785738629115,770.8521177556578,706.4395287123092,648.8702941338935,594.9777288790502,546.8978366311732,504.743707582666,466.4036839443867,433.2887385931606,404.3416061616778,378.41286281153583,355.9509513127398,335.90773682382434,318.2245729358802,302.5508199611299,288.2914328995441,275.6754789512121,264.3649534652515,253.9550427139924,244.72982509889027,236.3054839447326,228.67056886163064,221.79798713151607,215.44555569255454
T20000logg2.6,1425.8482695550574,1305.1265786940492,1192.413416477271,1096.2938057208783,1008.2384394858681,926.6297059647572,853.2102414542305,784.0121075925105,721.8742810105094,666.9463489142156,616.6422014336698,572.9598195638798,534.420691614904,499.9397185230392,469.79887134447625,442.71934017645634,418.7364916677753,397.3243646693193,377.7291616641614,360.3161017776958,344.5828618213543,330.04742900111006,317.0990357574031,305.17643372994644,294.34221989348595,284.52751244637534,275.39010322548404
T20000logg2.8,1384.414566748441,1270.7101099134386,1164.9698517577744,1074.7850146434232,992.1725765832952,915.3654079862466,846.2327284600254,781.2637484268229,722.8645237597963,671.2493856471885,623.9806444933814,582.6969855330207,546.2061131103554,513.4878577695647,484.69710571106197,458.77398835678946,435.7075242376632,414.9611938884991,395.92620689609976,378.90322588417547,363.4283174222783,349.1003597252511,336.24904069575945,324.37939053990925,313.5452682434569,303.6707240561895,294.4626533480237
T20000logg3.0,1503.2750361980077,1387.5897998594755,1279.0152447253784,1185.4570224266258,1099.5231507865662,1018.699081784272,945.799582346286,877.1702186762908,814.9775280535105,759.8124020304514,709.1574237702193,664.6078236437187,625.3822745983736,589.582812080126,558.1493374312208,529.8350218338708,504.44054717144917,481.54911747168603,460.5257848655588,441.60351586848896,424.3629555296929,408.3619641047644,393.9314219809948,380.6219663886873,368.343926205054,357.1415622681279,346.6919608385374
T20000logg3.2,1560.609818898676,1448.2746943234415,1341.9185894291816,1249.693416990915,1164.2804741913,1083.8520078347492,1010.9072992352527,941.8893798737303,879.2258595376107,823.4023236360322,771.8901915081183,726.4627483404612,686.1360565386836,649.5199520139888,617.1276556207033,587.8063364865765,561.5008580207302,537.6869298202913,515.7271015571192,495.9348285824978,477.8388103323153,460.98067712878054,445.748560887089,431.6178153458565,418.6087163394729,406.6784216784503,395.502067505678
T20000logg3.4,1617.1816027760876,1509.563361280482,1406.680274248193,1316.676831565964,1232.759449090855,1153.2769795248712,1080.8801461278474,1012.1260374419403,949.4079875788985,893.2859178883309,841.2623199260865,795.1601546450962,754.0746722076719,716.6322461588976,683.3756561048989,653.1790599902268,625.9973744481322,601.3065590217768,578.4782723450948,557.8379822174903,538.9110243795336,521.2357483762983,505.21461333780366,490.3133282321043,476.55868135420155,463.9058444281142,452.0242241562251
T20000logg3.6,1633.6517232755361,1534.6197578490821,1439.0353468989636,1354.6166423108036,1275.256568362005,1199.5363137857175,1130.1824779604297,1064.0307346805441,1003.4209005480229,948.9670373220561,898.271725089167,853.1500560728477,812.7861748058166,775.8691715513206,742.955965147391,712.9774352097146,685.9056481596716,661.2365395534981,638.369394238473,617.6355996970608,598.5724431729619,580.7264604999236,564.5064885806624,549.3835988578693,535.3916699273803,522.4871122772444,510.34140013074995
T20000logg3.8,1903.7696774850472,1802.128165249047,1701.9632659179454,1612.2194266776394,1526.3221732751988,1443.9541749132516,1367.690370916912,1294.0745427037607,1226.3692521238202,1165.002427328259,1107.2725011569019,1055.7909723624402,1009.1540607251437,966.7867164755689,928.7334765485098,893.8125068286532,862.2916950338949,833.5195652265837,806.6840428233863,782.3758697377547,759.8924903374532,738.9132574554105,719.7806831208054,701.8323436859574,685.2796229188784,669.9687822956317,655.4791308435678
T21000logg2.4,906.4246846408123,815.5715283564224,733.2553655897974,664.4166850581647,602.7213760731742,545.6258354825643,495.09915719186364,448.35295300812277,407.0409409663778,371.3459159975019,339.32143058388465,312.0042021046307,288.6136356665017,267.6651419505689,249.92642384500735,234.42740097947066,220.88010187534417,209.14855743638478,198.70099619352092,189.5955021007038,181.60555358663885,174.39452897531362,168.12171510163463,162.55050100724097,157.5160636889287,153.1210691210088,149.1401083341389
T21000logg2.6,1109.8707899956119,1014.1650601975444,925.4044994405441,849.854667141885,781.2207080490381,717.6248163807421,660.6821623941165,607.3335658511857,559.415344321124,517.1758650254227,478.6558448368283,445.19924433297007,415.9354306990561,389.5574520072841,366.66807630244347,346.22290216342367,328.12357398647015,312.0137708665117,297.35142331300665,284.3401076323778,272.6218608511237,261.84307780806597,252.2702314796653,243.50333027009276,235.53961550651627,228.36521615181587,221.71877910110524
T21000logg2.8,1242.3889612587402,1139.8353262530823,1044.5448090947064,962.9145521334823,888.7195245992907,819.1435062168856,756.806042153412,698.4874200925636,645.800310299233,599.2716136477538,556.8003471076954,519.6357931401859,487.1091837987845,457.52735793026295,431.74617625461593,408.68565901413837,388.0603390075782,369.6151528013858,352.7846217745376,337.7140329670154,324.06561136575164,311.4785484270595,300.2020956157225,289.8886056043859,280.356610117225,271.759363902148,263.78144095450403
T21000logg3.0,1444.1326207821974,1333.5779484727643,1229.567794467364,1139.7250375141218,1056.981460798457,979.3554359255583,909.1562095414592,842.9124289971388,782.9603164285433,729.6592159559149,680.6415002980106,637.6549239095799,599.6940937351029,565.1851766448707,534.9206026625092,507.61388252476826,483.1972187668535,461.23053249184085,441.03690149861905,422.9225722469095,406.4394443842691,391.12819706828236,377.3733124476241,364.6545766197849,352.9725756826968,342.3268991257576,332.3711797908058
T21000logg3.2,1469.3069102276825,1361.2649309774972,1259.2943702953783,1170.9071563641576,1089.3614379378494,1012.4113638395339,942.7756824808803,877.0472176075291,817.3640395659307,764.2731806680307,715.3952965553736,672.3407741461484,634.3409759620308,599.589148017532,569.0440578941298,541.4726040632294,516.7072445373241,494.36641423690156,473.8099163131292,455.29052743394044,438.3937571435761,422.68466059625877,408.51001227380283,395.40326201618467,383.29960335414336,372.2465517761447,361.90896321284544
T21000logg3.4,1542.800302954102,1436.885679602576,1336.0684302730983,1247.9742636134283,1166.207438405695,1088.6392550383846,1018.1407129039841,951.3733325274819,890.4954004448165,836.1184410127363,785.8574485180385,741.38871814527,701.9946097373746,665.8509567793616,633.9607912197374,605.0871453488497,579.0789416797311,555.5221964879262,533.7966975342198,514.1699910168201,496.19715380452834,479.4518950739668,464.29848831331634,450.2439904883938,437.2342075802374,425.31903721590203,414.1452948209251
T21000logg3.6,1607.1567584367865,1505.2709728210182,1407.4134837851936,1321.1559732045023,1240.5117207775866,1163.511035226732,1093.183761008357,1026.3130480037685,965.0789839984087,910.1714945057921,859.21191127684,813.929548722422,773.6701778472889,736.606087356705,703.7817837038733,673.9746408634531,647.0413837372572,622.569775356054,599.9440479643295,579.4448394453119,560.6226398466698,543.0446433655131,527.0925563175025,512.2610540081549,498.5004038067937,485.8625256190721,473.9844909094497
T21000logg3.8,1671.9412943250663,1575.2897485100548,1481.46858120094,1397.950151768259,1319.211449008062,1243.4962281257365,1173.9716244842523,1107.5606381369985,1046.4734011446355,991.4535989979246,940.1472194859053,894.3530172249929,853.4779246019162,815.7001160929366,782.1243235074744,751.5393837980886,723.8171774455718,698.5549935493101,675.1402084744676,653.8698729591197,634.2920167569752,615.9662361027372,599.2935881440218,583.7578537509103,569.31398009117,556.014431957014,543.4904486627228
T21000logg4.0,1932.6439000510181,1834.7648463850112,1737.8541256371802,1650.0264398720244,1566.3245083976353,1484.6416116304508,1409.131538994613,1336.4902806879702,1269.0144616259365,1207.7668222756195,1150.2278465041084,1098.523982482525,1052.1683876064183,1009.0040093650831,970.5446899180118,935.4332614627724,903.3991524818252,874.1880502402977,847.0666497608721,822.3405725314811,799.550600232677,778.1814417881875,758.6859254310639,740.5590736028713,723.5359184481249,707.8931157711783,693.152326970705
T22000logg2.6,1333.1855404645723,1220.2282357705762,1114.5097769634478,1023.882694464285,941.2952328910552,864.1970836703437,794.9521934815111,729.7227356745317,670.8556492505193,618.8125505351567,571.2502751694707,529.9475975771085,493.888589216036,461.0945131717913,432.7594569617099,407.4417827084117,384.92800336778447,364.9551949246379,346.7631025985877,330.5897290235137,316.04967372918617,302.65611106603654,290.73995436931517,279.87613690562773,269.90222008441606,260.94714422290906,252.64952292230785
T22000logg2.8,1224.3193378034296,1122.7562737367937,1028.2263950812846,947.0993372021852,873.6670220700248,804.5029191213221,742.6773034108807,684.8567427929247,632.4504088634307,586.1788117225473,543.9862527393401,507.05583912128145,474.77041891119165,445.44900863869526,419.91068964899745,397.15181019992923,376.7245961535384,358.5288622024173,341.97064392412227,327.13283132814985,313.72815899312644,301.3960569245397,290.34665240348613,280.29051922127655,270.95970926916215,262.57195841751866,254.81569512080412
T22000logg3.0,1216.6843162734028,1121.122922036305,1031.846108954163,954.9153831517275,884.7062062136259,818.6347013405219,759.2381486704211,703.5367756247306,653.0729806866137,608.3666944895068,567.4414276625309,531.5244570118525,499.9979451078539,471.2539346268696,446.13436163718205,423.6043839063498,403.40059996765666,385.28350780027563,368.7085470414448,353.83054856743246,340.3150995896537,327.8236851458352,316.60038526925,306.3056371870441,296.7740365087435,288.1470109927977,280.11928443471595
T22000logg3.2,1294.0084710337092,1197.142971214572,1106.2185617936336,1027.4718081317721,955.2329804534465,886.9122751480483,825.2759689533697,767.3422442905684,714.7356558557655,668.0223109443351,625.1505972634374,587.3985867695361,554.1628713099662,523.7776251178617,497.1258383561417,473.1505779315523,451.58555438859383,432.17597584967734,414.369800736369,398.3311177999132,383.71607499012725,370.16720464958104,357.9516914094461,346.7133777736953,336.2750036637528,326.793394452133,317.94645349410024
T22000logg3.4,1486.0112413637498,1384.520360329094,1287.8428533644583,1202.9865506495553,1124.662328342606,1049.6064144012846,981.6034021653403,917.3484738947814,858.4619442313009,805.8620073935114,757.3331826885875,714.3148171952117,676.2640017227748,641.3381302044139,610.5447222827505,582.7964456837373,557.6274998535697,534.9384516650797,514.0773025579089,495.1825280147473,477.914343505143,461.8670607526814,447.32557700645094,433.94279822491626,421.40235304885033,409.9911284961581,399.33148351337087
T22000logg3.6,1454.7649232243018,1359.0378660994334,1267.6781296885797,1187.4436965306325,1112.8668301931632,1041.508919297716,976.5968426995761,915.1063745079555,858.8364853295813,808.5450935093216,762.0419040948847,720.7775049654962,684.2327723649573,650.6057419148306,620.9053573143791,594.0468098313305,569.7418618637249,547.7358250466855,527.4530581429213,509.0759390356705,492.24506732526635,476.56741154794537,462.34594627193184,449.20751042778124,436.9398434261073,425.72844688918207,415.22967944258977
T22000logg3.8,1498.2347967771386,1408.3674531624613,1321.7626820946696,1245.0982058690633,1172.982230934397,1103.9693411990502,1040.652813266159,980.2663598250052,924.9448009743961,875.2270073312529,828.9766480932072,787.8475514795147,751.1348465529032,717.4143749874914,687.4561252995533,660.1740820347662,635.5212290715675,613.0780667360677,592.2788233026267,573.4260880075554,556.0913006036584,539.8669921211043,525.1382800654818,511.3979464441915,498.67133467750546,486.9568457516834,475.91846273587635
T22000logg4.0,1588.0011778845874,1500.677118370693,1415.52495709883,1339.2487070009597,1267.2202134102713,1197.377600654899,1133.1719046018118,1071.7929103964,1015.0890785413512,963.9352678391996,916.1834228139068,873.4285343449038,835.2586742491585,799.8681172397488,768.3870815885215,739.7356276009656,713.6544808537511,689.889332845357,667.8778432802206,647.8386681145344,629.3794978263035,612.113204120478,596.3777611631111,581.7664161619763,568.0705107817897,555.4953997373633,543.6672588752645
T23000logg2.6,641.0450828626969,577.9348264517618,521.4764336064808,474.70228930097386,433.2621376209185,395.6172050214539,362.57437532683633,332.35370286578717,305.8189158285124,282.93148458629986,262.45114473524626,244.9434076568941,229.89628583631142,216.56192233340997,205.20743372704987,195.27336510329837,186.65142874127227,179.13927584471426,172.43863157801692,166.61228333668382,161.47868773629088,156.84887843933916,152.82976219781509,149.2307087252309,146.0394247354952,143.23856834256702,140.70504638411361
T23000logg2.8,992.004893632902,906.3836469186541,827.3536237299372,760.0576303749208,699.2122172130388,642.6289217177922,592.0823872572633,544.9271965063075,502.5385088369672,465.2419096117131,431.3155883254307,401.79964695570135,376.09290675390315,352.8001857214454,332.6293919868622,314.6630573756715,298.6999587471989,284.4964277162222,271.5927556974064,260.11453425010683,249.7718884689306,240.2824595008493,231.8371893100016,224.13631203841626,217.09595725989797,210.77537117926798,204.9286103634979
T23000logg3.0,1142.7942273691363,1052.0848791386172,967.3909999282478,894.4608375627695,827.935023495576,765.6079731076007,709.5436928224805,656.9431183265729,609.3680984317189,567.1998826356363,528.5988770214991,494.7989815336427,465.14934699483223,438.13615437076004,414.58909671261523,393.46630249843025,374.58504926188556,357.67713069680923,342.21107146983627,328.3672281071217,315.8091952029675,304.2099569627539,293.8145831963291,284.2719651778119,275.48566157189515,267.53661536723877,260.13700958349665
T23000logg3.2,1174.6841390479906,1086.9691275835303,1004.7083378332806,933.4224438046218,868.0224861366297,806.408268954392,750.7455024541777,698.425866094809,650.9825883222102,608.7987607786052,570.0728712781311,536.0227561050962,506.03685052886266,478.63354404920074,454.6423658561261,433.0374737814564,413.6560043435323,396.22447804678546,380.2197247640763,365.83807820988096,352.73567490984334,340.59050773242876,329.6616599660165,319.5848042032889,310.2741126685596,301.8145818291021,293.9088161206474
T23000logg3.4,1270.8131636906,1182.0459023066487,1098.082708881141,1024.814651037873,957.0621162182674,892.7922845882609,834.4610762519177,779.388123548887,729.2720305530265,684.5791597738042,643.3867268482353,607.0398515127582,574.9326847782322,545.4803819682826,519.6046715730886,496.22957293604344,475.18870341615883,456.19978635514525,438.7162782321844,422.95643885964506,408.5499504235734,395.1567170339229,383.0639982719574,371.88072332054577,361.51366873574784,352.0602524443809,343.201841848896
T23000logg3.6,1343.6173486676478,1253.4672660354925,1167.960313992169,1092.7763418232648,1023.6566207813086,956.8322157488113,896.4013753295409,839.4941731855521,787.2556158933957,740.6539776322714,697.7554552303773,659.6267363437561,625.8921721233961,594.9671418364288,567.6275558432264,543.0716422971797,520.6372238208843,500.4412916665051,481.8952773887438,465.04350141282583,449.62940922646493,435.329329343212,422.33190932251745,410.362380858214,399.1641261022864,388.9491880159407,379.42926952397266
T23000logg3.8,1404.0708876679244,1318.2857790253404,1235.8170433789637,1162.634139824287,1094.3888056292155,1028.3610697118595,968.1287944699667,910.9812221643975,858.3985857555667,811.2442306228813,767.5443739621351,728.5988862393036,693.997405043941,662.1030824825774,633.8470232774307,608.2896595228389,585.0172741316185,563.9450898180787,544.5094655094758,526.8444017820134,510.63487504832773,495.53262273138984,481.796164309618,469.1112372487251,457.1971015027918,446.31484308068997,436.1192082532751
T23000logg4.0,1456.5844671972216,1374.0101240965341,1293.9551599228078,1222.4329089732958,1155.0897161380517,1089.9544871801947,1030.120729286,973.0332202265237,920.4353617652586,873.0482619222566,828.9114659254698,789.494272226585,754.3398577415528,721.8006202102698,692.916489916166,666.6452896984144,642.7631621244306,621.0412868476393,600.9286545890053,582.6407582249043,565.8216091535154,550.0937702384078,535.7777135406089,522.496226345748,510.05557215380526,498.6495737349575,487.9193125988766
T23000logg4.2,1582.7290455614764,1501.7175128140977,1422.0694255564797,1350.0020383510484,1281.7188568900722,1214.7775824485364,1153.0506456235905,1093.8867512644767,1038.9285026812568,989.1784136013827,942.6289613153463,900.8064559102673,863.3637369245871,828.5920096720525,797.5967708791281,769.3913056642538,743.561884928467,720.0606304707057,698.2810154911209,678.4012206254582,660.0770502493219,642.935377797147,627.2828553847879,612.765633384518,599.0799628917481,586.5361711784382,574.7346380167811
T24000logg2.8,926.3512933841266,841.3231662319484,763.6626374350485,697.7826530809508,638.7693275856135,583.8682747233956,535.0536469312988,489.8299748870315,449.3086070760061,413.83120667896515,381.7682071564647,353.9612022578838,329.8473233971622,308.123542265426,289.3813846560626,272.8056280303352,258.08529741866704,245.07488925349128,233.32884685881504,222.90838770381586,213.57497290182616,205.06798353857903,197.53069160148584,190.72545913308352,184.49069750987704,178.95375396108307,173.86834336981985
T24000logg3.0,1085.0822883015435,996.5877348713572,914.0057984039659,842.9735109676025,778.534004707566,717.9789315607486,663.7478688051943,612.9716241889001,566.9481882918734,526.2590717794066,489.09752825797676,456.57142683557026,428.13654662097014,402.2933008019306,379.7994130912444,359.7379463877125,341.77043705356186,325.7506633666365,311.1682783890644,298.1188076233399,286.3227922175069,275.47731475172225,265.7679319670023,256.9209122621905,248.73983174898817,241.38421069377023,234.57005361873448
T24000logg3.2,1089.5503950149475,1006.4007273243441,928.6116357628927,861.3273557758525,799.9007389711946,741.8174884807657,689.556908405989,640.5548332873074,596.0835705057989,556.6620439093798,520.5714402700486,488.8608167408179,461.0160704385796,435.6292013372428,413.4291070532134,393.53617185784105,375.6494268930956,359.62493657876274,344.9699999042138,331.79635347040784,319.82971166250144,308.7753288134331,298.82734270340273,289.7202994320599,281.25852851474843,273.6064855048306,266.4891826207062
T24000logg3.4,1212.2206279770878,1125.0782178572,1043.0348013622083,971.4122576623513,905.9888842172355,843.1131685223585,786.5237028802884,733.4254859020207,684.8913476527214,641.7612193895815,602.2097414477688,567.2316688404641,536.4072205974595,508.2493435867638,483.4799819186101,461.3129256967409,441.1336298825188,423.0551521349816,406.5048635446176,391.5189774845301,377.87211986758325,365.2451284273205,353.809633789672,343.3173323615477,333.5269735652252,324.63052092009684,316.3643856799578
T24000logg3.6,1251.3316056970016,1167.42893883165,1087.7866534577927,1017.8371636512202,953.2231699215905,891.2215455688678,834.980941535638,781.9203429952322,733.382145046906,690.0638518840013,650.1387024034731,614.7541485147514,583.4495208613388,554.7255651094587,529.3987327882222,506.5718689611679,485.8670291734937,467.19882791154674,450.030830266113,434.4790451211118,420.2639369864028,407.0576446420528,395.07861588978267,384.05940315239036,373.73819457058926,364.3386564227946,355.55977953624307
T24000logg3.8,1297.295194702317,1216.577507536988,1139.3103231432005,1070.8465095689323,1007.1537869050791,945.6651437885952,889.6042246557463,836.5073564223279,787.7672420607322,744.098766322509,703.7003741462969,667.7727403484588,635.8712424907177,606.5039067818432,580.5335370831757,557.053053471298,535.6966991057889,516.3919549933285,498.5907232147886,482.4262958227968,467.61687323311656,453.82285765673583,441.28055367591446,429.71783943999185,418.8606196152613,408.9493358280147,399.67365106619803
T24000logg4.0,1355.3134801670042,1276.962192084697,1201.303822298217,1133.7645855423468,1070.4983008399595,1009.0514429156065,952.7804876983429,899.2545631293345,849.9100850454364,805.5424114384906,764.3360849319532,727.5496244915616,694.7888510983047,664.5350133693129,637.6935556502382,613.3654990660349,591.1785069938896,571.0653698281423,552.4830582388113,535.5710170133752,520.0385407056705,505.5473405292023,492.34323404071193,480.14321266231633,468.66992553948285,458.1751224537749,448.3331179799239
T24000logg4.2,1396.2143717179933,1323.387562591172,1252.2860556597827,1188.2757790037956,1127.496945407237,1068.5010546657666,1013.963525580181,961.6876693902177,913.4264130731691,869.7811720999158,828.9866055773863,792.498244912852,759.8613915813817,729.5719929243465,702.6452233659483,678.060908734143,655.7044966881664,635.3206589517864,616.3896655715961,599.1705079751192,583.2936653495207,568.4164073570632,554.8622929280256,542.234161062147,530.4371024274146,519.5865501935056,509.3501224816253
T24000logg4.4,1441.6297309387662,1372.5483616434833,1304.4302418473349,1242.2693424955417,1183.3608835434595,1124.9305822698216,1070.9951031783748,1019.317395473925,971.1059287160764,927.3739180952579,886.4411724323977,849.5287448913565,816.4034213651604,785.6280289923961,758.1134848646647,733.1154447074708,710.0387387823754,689.076121032767,669.6505817698312,651.8512395866977,635.4457013464456,620.0999927279589,606.0477365395346,593.0082944342504,580.7169138439326,569.4311729195182,558.8354978805273
T25000logg2.8,654.4830442630639,587.871606661324,528.2805319304151,478.28129586371443,434.5079237902377,393.9643865377272,358.5163863780169,326.2743633862118,297.6089531864139,272.8361856284396,250.7558662356644,231.72186994547633,215.42744460304252,200.96225944651735,188.60936558426968,177.9230876509163,168.4830057628223,160.28851088572057,153.03665816608134,146.67535437681775,141.07067602053158,136.0666442334838,131.70419172097561,127.84283657110323,124.37472128091913,121.36588494089979,118.67331412712109
T25000logg3.0,1037.53211540394,945.2957306676622,860.229241814564,787.7347284949259,722.2637658849139,660.9762167658799,606.305687072687,555.3571930123886,509.58494403060575,469.43365098352643,432.9933052410943,401.36095034513306,373.8772850323034,349.0098539333017,327.53208587858234,308.48269973091345,291.51519566118293,276.50458011767955,262.91532745526905,250.8308848022392,239.99025006426095,230.07288427087508,221.25520018778835,213.27862559651058,205.9386034071341,199.39032035114158,193.36067953621546
T25000logg3.2,992.5636712564461,913.9223705204057,840.632027335208,777.3704980357907,720.1417274708384,665.6035534543072,616.9240681961043,571.5105093183296,530.2150581920371,493.7733747053446,460.54489529096486,431.3376111614264,405.7993138029871,382.6047370834238,362.3375718806665,344.34616655844565,328.06521637235056,313.5762971322691,300.4143380958039,288.5690867145294,277.8566399109386,268.0205957864077,259.170453826078,251.11380501753874,243.6499204410815,236.91672290956032,230.7074363368461
T25000logg3.4,1172.888709752596,1088.6281907489606,1008.9462730203526,939.3061048960946,875.6676995296228,814.527529853493,759.5138267449541,707.8027104049953,660.46914047889,618.377465759058,579.7364767193775,545.5841088137867,515.5107010726327,488.03499018051406,463.9011506904647,442.32856787299175,422.7029434950047,405.152822118286,389.10679871301886,374.5952727302734,361.40310302975473,349.2098535495608,338.1812340878222,328.08217474827126,318.66431422857414,310.11890508965337,302.19131292223597
T25000logg3.6,1220.7699492725253,1139.7271467358894,1062.527543933182,994.4789251852568,931.8043577075726,871.1697353389285,816.3211616156747,764.5964078411248,717.0967634666986,674.6841980741723,635.5935938532554,600.8927136187266,570.1987331238977,542.0519228514069,517.2263559133831,494.9419128925376,474.59786927580006,456.3344488579407,439.5734250855218,424.36127298212597,410.4823243931369,397.60799328541935,385.9215385723447,375.17834012275824,365.1275155179298,355.97446132914234,347.45246409157113
T25000logg3.8,1222.0232562791118,1145.1036056175992,1071.6552052298887,1006.5864854725677,946.3889414672353,887.8956313642462,834.7767621693306,784.6056272730215,738.470539860525,697.1963198112317,659.0957116589879,625.1850966900065,595.1072106692023,567.471552590559,543.0260602187439,521.0249406456564,500.8964398580553,482.7749447484012,466.1055735317571,450.9434170760656,437.07394801501164,424.18220171456295,412.4535821568821,401.6456939524997,391.5164083091172,382.27040689914656,373.64476856909954
T25000logg4.0,1279.4203143384427,1206.3699139127511,1135.8671540364305,1072.8139967581358,1013.83293471645,956.2703784207064,903.5828361472473,853.4942013138474,807.2414240446182,765.6482673125533,727.0476613918732,692.5758078513528,661.8832854567722,633.5645403982692,608.4382185892924,585.7026369699859,564.9031502473413,546.0864983909552,528.7129367315438,512.8826838687752,498.35330559407504,484.8037140701865,472.4503113258468,461.0385607818443,450.3074772736249,440.49108757085287,431.29804479061085
T25000logg4.2,1379.5145221079795,1305.6721631757855,1233.852277936346,1168.7127889928215,1108.2792716172212,1047.6582667155678,992.4442305695665,940.0530724474355,891.1517815629895,847.0360184721736,806.07985072697,769.2284154383077,736.2977752695178,705.9157754349325,678.825579899634,654.4746777812175,631.7729950435414,611.3732112478914,592.5943114748487,575.3057017826051,559.4875921775158,544.7577335698663,531.2371231206021,518.7577644110772,507.03503316626,496.2652480521993,486.2519572150325
T26000logg2.8,301.2737048392763,267.0132303381728,237.5841147666459,213.52430917243154,193.49500492341778,175.54236229748537,160.48860219883076,147.47670909819513,136.24880237168176,126.88835014467139,118.8768611297969,112.1375312230806,106.63469082847247,102.02407010887138,98.29800810936092,95.36828131462643,92.97635517154657,91.09604663058906,89.63790425989238,88.51018738639966,87.65462710645058,87.04312441313046,86.64482331665376,86.40822101226165,86.31950451291311,86.36843185676719,86.51415626922466
T26000logg3.0,890.1643254150331,809.8805994606096,736.2341013278774,673.1307955931868,617.2153597155424,564.2747977790467,517.4672432165042,474.2141438045616,435.04109137464985,400.61621495817576,369.5136741878145,342.34032404668136,318.7265164796688,297.4912392305716,279.0709614083676,262.89317053576514,248.2934059160484,235.44508896370994,223.88178663678616,213.54669632743298,204.29764536819633,195.89513603466875,188.41535060423632,181.6748766265567,175.50012683328728,170.01107605967994,165.00901763221484
T26000logg3.2,972.4436710190224,892.2772750959443,818.1309418803424,754.0496588541467,696.9889803158763,641.7607868505464,592.9197232417358,547.6893490153163,506.428981209433,470.1120550819713,437.1942499435792,408.2402334586661,382.96680674986465,360.1338394023134,340.1896039971937,322.64729230352634,306.59254326983415,292.4380099564496,279.65959070000025,268.0955184584032,257.706159412556,248.2142030182612,239.65809514273792,231.90285908846067,224.7503652140584,218.3045217803882,212.41718930006707
T26000logg3.4,1131.3890536493961,1048.4085933295673,970.2870641546436,901.9231188054777,839.9071665515175,779.9424336210458,726.1656965220823,675.7717218715821,629.6395714189908,588.613745347283,551.0485497275101,517.8772402208775,488.6761957121932,462.0687952851287,438.7281720609385,417.94042729212566,398.9423707217874,382.0412025580562,366.62172950437025,352.6587032480879,340.01504440254064,328.35188328565044,317.8055747807043,308.17552035817715,299.2099271953361,291.09020377567185,283.5896068540052
T26000logg3.6,1158.7297346944426,1080.937634407392,1007.0036341770979,941.9555980052355,882.0229110318801,824.3413789926149,772.0958158694617,722.8167114035824,677.6805910886878,637.3885245800923,600.2743481297707,567.4202198867079,538.3803096676196,511.7665972080344,488.35004682886785,467.2996978519959,448.16595243528604,430.9906712462064,415.22321213917,400.93512410020895,387.9159433446775,375.83584558305387,364.88224633353815,354.82532519569503,345.41440267733316,336.85230679717165,328.8747729115191
T26000logg3.8,1202.898006902461,1128.2457441552858,1057.0182792440964,993.6286155923236,935.3025367225517,878.1868341783917,826.3947117795022,777.5258351840429,732.4877329438955,692.0929884917996,654.8241179018996,621.6372610114475,592.1541774068464,565.0947318008123,541.1605623382329,519.6550516072597,499.85843870501316,482.1044584434275,465.7733204763117,450.87270344704046,437.2752643202687,424.63137324703774,413.1041390785427,402.4997424785682,392.55330239969504,383.4702089643934,375.0203930094767
T26000logg4.0,1293.2424392702424,1218.5734196376536,1146.369807913113,1081.6587465096131,1021.7661867407246,962.2118520610984,908.2277222430774,857.0336457518837,809.5762067908419,766.9547977047664,727.4602797236151,692.1275679851514,660.6947568332303,631.7326878540971,606.0253620867447,582.9466298165054,561.5749441769486,542.3897930417533,524.7438022253326,508.6031290430828,493.83900955310736,480.10555445559567,467.55509475384616,455.9813472368621,445.12248629102777,435.17257612818963,425.91936998670946
T26000logg4.2,1223.4429968652087,1158.958699648051,1096.2807105910497,1039.7395157835483,986.550568989299,934.3965614304516,886.428322426485,840.6842537289473,798.3069024707162,760.0393583225382,724.4082509764124,692.4908037029504,663.9715480865311,637.5922973497245,614.1342905795335,592.8482361846417,573.3333061459294,555.6474747864818,539.2854110600837,524.3392248231476,510.6078328430273,497.7804681832524,486.0636388521629,475.22182891574454,465.0139092767553,455.6669196919374,446.8919068471341
T26000logg4.4,1273.9317663377717,1211.478128543796,1150.235867585286,1094.3488669216647,1042.1109752533155,989.3470250009891,941.1212825635304,895.1930671231404,852.1615383303778,813.2623330449569,777.0314045686864,744.3083509750445,715.0131691619453,687.9075701029327,663.657172623436,641.8241490987357,621.4278717042672,603.0421828162828,586.0986705350753,570.4790328125825,556.1479084924828,542.7929413656158,530.5203904370213,519.165130416165,508.49467572927125,498.67613081214455,489.5321967500811
T27000logg3.0,475.93065833821606,423.2548961794029,380.4155938217002,344.3007503017182,311.968601862501,283.48780176077696,258.3616676309836,235.63356097846068,215.90519906064765,198.8726033792349,184.07479961551792,171.247703086317,160.26345360684857,150.8541933328059,142.69250031574364,135.7067774946457,129.6973598395846,124.39685019766857,119.79760666496468,115.80470119171893,112.2840710074446,109.22331723049898,106.55621342293153,104.24564354751362,102.2250810274474,100.46608518833558,98.96596419803473
T27000logg3.2,299.81782611681496,262.60129821222273,232.72628686354585,207.59764913263336,185.18689136462433,165.41509874758222,148.0034671807567,132.42180649650442,119.13322073827037,107.84726195859572,98.14551968503126,89.87975890542869,82.88507902899728,76.95947007388678,71.9126261500039,67.67827085730288,64.12605148746856,61.10587209165819,58.568595754574574,56.45607963544942,54.67450516932764,53.201999440949415,52.00724042186017,51.0299357596036,50.253327394779596,49.652768046362574,49.21164414790019
T27000logg3.4,1008.4450177197277,931.8504215090487,860.4388800318255,798.3254351982232,742.2380577762619,688.1908255415156,639.8771867249469,594.8243052026637,553.771824765753,517.4045029472267,484.2279485563284,455.0013425264569,429.33135334999565,406.000228870264,385.5655100117364,367.39847123645313,350.8209979495984,336.08799548004646,322.6642386625038,310.51812799523674,299.5288781776694,289.4055869947777,280.2583138742209,271.9152711128603,264.1602248789792,257.1456437830496,250.67327417478714
T27000logg3.6,972.4451622355067,903.1660443078813,842.86994844423,789.483570035652,738.4783231863488,691.0557738164981,647.2989632289976,606.9518456346824,569.9142684871747,536.8610587190979,507.4538283220722,480.82440345940444,457.2695207446825,436.4424135712315,417.60380427461723,400.7785319426728,385.64337348501766,371.97304085121453,359.48448714249935,348.10997151450283,337.7979476427547,328.2710046991028,319.53889515756504,311.57220429224833,304.1765387637609,297.3471763017782,291.04541414955116
T27000logg3.8,1145.2750765924036,1071.5345116805897,1001.3904935034508,938.9509018941936,882.0166936457185,825.8060256020652,775.1546798925405,727.7107465084673,683.6980508772152,644.4311600550989,608.3920105126539,576.1964188118048,547.6925199614121,521.6453259495944,498.570808621869,477.9957949425557,458.96417856523345,441.96605949817075,426.47132306549884,412.2113159035835,399.2798374472861,387.3304854923302,376.3947854167036,366.3724820180498,357.0199380040919,348.461221597373,340.55232097614834
T27000logg4.0,1187.6286516463372,1118.864684707555,1052.4566908152713,993.071619490043,937.5689644718299,883.4806012988593,834.0077792015887,786.9830084675324,743.6070160453547,704.6106156156471,668.4297600308428,636.1851457475351,607.5016201786258,581.054320184056,557.6507792166227,536.4953157308863,517.1659123782266,499.7271615031595,483.64273177144634,469.000581018003,455.59807967537864,443.10673008412556,431.73215600732607,421.2413134300369,411.38308906439033,402.38077113808043,393.95248173157967
T27000logg4.2,1218.6220521642074,1153.3171584760782,1089.78083992042,1032.3778592962574,978.955851415326,925.59318139903,876.9957889344272,830.7859121215782,787.8246726048493,749.0976047652216,713.1051847156369,680.8056294523681,651.9750926832086,625.3481922917442,601.6556168922353,580.3293817025392,560.542174397798,542.7421033148424,526.3368670661821,511.3037205525599,497.53152784405256,484.6998898808311,472.95646739273235,462.1125885730608,451.92350453160026,442.5774987663358,433.875124101897
T27000logg4.4,1229.3496227568512,1168.9664743351827,1109.8256679047047,1055.7245271664267,1005.2111598586738,954.3073429679972,907.7020565701488,863.4449878913133,821.8345896331645,784.236773699212,749.2786947512127,717.6537562687121,689.3412648500877,663.1895984248131,639.7773122886707,618.7043575454709,599.0400783959655,581.3158027819562,565.0330157964223,549.9412911284616,536.1433846108322,523.3043709973109,511.47672027547515,500.5547206287192,490.2984762050144,480.853517340305,472.0650959173552
T28000logg3.0,274.86846083602126,241.64739227339535,213.25772168268176,189.75293266482,170.30397666154838,152.9619169977437,138.31331132210474,125.76347974193227,114.8623995039999,105.69354135820582,97.87390449946149,91.23674157297724,85.77071457464847,81.2098763227894,77.47290068544845,74.49672115988022,72.04425772622561,70.06442715122056,68.50201834724798,67.25936185001116,66.28747721292443,65.57320109784605,65.0822718990802,64.75604913024402,64.5880961213799,64.58100234152553,64.66950314665006
T28000logg3.2,720.2458078471792,652.0664080125006,590.490881391639,538.0034553706768,492.0343220837544,448.2365874456809,409.837080368602,374.8404097163966,343.1741211869783,315.6353185041207,291.00714168577707,269.4989774349001,250.92764483574976,234.36183017424187,220.01327525693912,207.5445414249883,196.2731029790278,186.42262623735766,177.66421362769066,169.78555667239954,162.80308780414217,156.52255062392734,150.92513922883774,145.9223873508301,141.38340795174767,137.35733366760255,133.73459597116195
T28000logg3.4,935.2709905731637,857.9703609727993,786.664202932703,724.7045371448166,669.5651210929693,616.3146576676947,569.0230291422141,525.501294133595,485.52374322389466,450.4217634747626,418.73877136371283,390.78476716359705,366.4001994467739,344.44486618512246,325.23129752505463,308.3401201568544,292.91151124105824,279.2985969562428,267.10560010536057,255.909703190855,245.9327392480242,236.84153774811548,228.61211362284863,221.17430601618187,214.32143549468165,208.13984303507974,202.50057543020637
T28000logg3.6,1026.1801181662802,950.3858795308696,879.0845896902559,816.6272063275528,760.2475658983453,704.9814579205919,655.7343487897382,609.7573191202048,567.5632572395622,530.2156079863634,496.1149036833378,465.96994224112376,439.5183308494948,415.4624900312008,394.35829135186776,375.7023675743365,358.5250320276491,343.3250842711739,329.5349929472615,316.9914930606131,305.67332776145054,295.2730538112854,285.84356147809495,277.2544192682589,269.28327931446904,262.05361715407525,255.41477716784377
T28000logg3.8,1091.514999901164,1020.4678874518335,952.720099169579,892.8139023398077,837.4295645353682,783.979600664329,735.4241805759001,689.5595541314688,647.5204813902176,609.9234144844904,575.2420473419635,544.5251587077939,517.3337064927608,492.3891952959068,470.4421240541285,450.6926700290639,432.7261566447251,416.6049944033102,401.79464690499657,388.36259576396304,376.13157293153654,364.7731574939891,354.4702433760076,345.01405230812117,336.15483097258044,328.1013315513339,320.591481945584
T28000logg4.0,1140.35790590466,1072.0784465557194,1006.6057414162083,947.7689442270422,893.7928008044432,840.2363424456447,791.7117652334836,746.0943490792584,703.6278894978658,665.560164532761,630.492782452883,599.0719494677677,571.1486748586059,545.5609353973354,522.8453708519763,502.5315923399198,483.6920489156796,466.84117947458486,451.438541260542,437.23852498166474,424.343018088816,412.3913389122827,401.44526657288793,391.3952331545706,381.98871015949777,373.377375108706,365.4043804122941
T28000logg4.2,1154.9564270963622,1091.4630264334814,1029.9410460304953,974.3481584200326,922.9023493027347,871.4002014830075,824.6089763123872,780.299963163127,739.0437907636061,701.915791737591,667.5158636550755,636.6364265612734,609.1023608713685,583.7419834564242,561.181698194571,540.9456966207807,522.1099208589318,505.22337970226914,489.7069575904026,475.4458193673152,462.4240497333902,450.316181434162,439.22106832865666,428.99885152127837,419.4084644918705,410.61289225388265,402.4484683912731
T29000logg3.0,105.49179317588481,98.00651492815278,92.36051482172142,88.0185056381564,85.17722404017705,83.43001690184254,82.58480856657621,82.51728978506559,83.02805357026287,84.03318656543063,85.32565894747471,86.85037118980114,88.61226307260347,90.42662495366187,92.29871086741439,94.2757722300707,96.2205471142542,98.15803566313963,100.1441029346001,102.06452346981182,103.94624045430494,105.84282416797423,107.659074046821,109.41820051166513,111.17192506979565,112.84381816696543,114.45772950734711
T29000logg3.2,454.65726797807065,405.9289724373684,362.9062333976954,326.6579070457885,295.57296978832045,266.6260410783802,241.56170031633553,219.13462557752317,199.20560812041455,182.0083942257544,166.8266561415946,153.7076901596298,142.50254246106385,132.66896944733043,124.27395642605825,117.10656458730095,110.74966203146603,105.28237314159873,100.50456058393134,96.32898380910346,92.69045253092135,89.50002691602504,86.75900833822868,84.37109579239922,82.27444621939668,80.5123978304194,78.97936912181711
T29000logg3.4,774.5866429199917,705.7622425918213,642.8408207045514,588.708041466096,540.8664753569643,494.9012974453321,454.3639416773958,417.15340898468315,383.2954862629321,353.6887031454269,327.0552721980398,303.70889231937343,283.4475911102446,265.27321252415385,249.4695891789958,235.66084241744184,223.10386865302436,212.0923283766356,202.24655212527213,193.34131932613795,185.4166798645616,178.23881903787444,171.8052109997615,166.02334565853258,160.73395890447705,156.0123825402065,151.73418814309818
T29000logg3.6,926.761113276301,854.4051395558208,786.9287237469398,728.0029497262232,675.1490515756628,623.6949644760786,577.9089965361607,535.4515103010111,496.4630557552304,462.0741643382709,430.83989726828776,403.24573602024424,379.10188205592704,357.25285144369633,338.10825320955945,321.23546740230125,305.7627670612536,292.0930128271757,279.76502955229836,268.52098760223345,258.43249925825165,249.20585840540193,240.85219053588457,233.27521405832874,226.27173746311686,219.94279896230577,214.1510912439612
T29000logg3.8,1048.9766175304924,977.2938984996523,909.2865886718365,849.2372149080157,794.3295129794432,740.8661206371847,692.6822380259097,647.3790697418453,605.8417179100386,568.7912576702375,534.7447816805696,504.6257023923528,478.0315453071725,453.72347836876935,432.3763746610353,413.31629727088733,395.84072480403444,380.28566634643033,366.0538869948743,353.1362543602925,341.4263034758387,330.58453848545133,320.76289412743614,311.77972336624924,303.38169740676915,295.76947797364795,288.72030394353607
T29000logg4.0,1045.9120415372918,980.3913612818138,917.4358501727612,861.0413282286485,809.3438416719042,758.0742232435191,711.8001493774535,668.3057611440244,627.8340528309963,591.6599975882074,558.348802321788,528.5610533502378,502.19287001718243,478.061415140753,456.70609525056534,437.69309755335115,420.09314481035295,404.4079215698948,390.1326094506442,377.00471444504007,365.12399181026825,354.15643372924916,344.1390297873508,334.972063076978,326.4198475766665,318.61761764963154,311.4143288088416
T29000logg4.2,1135.742203561191,1072.352837962573,1010.97875125681,955.460237977542,904.1416799220545,852.8703373765637,806.2607746861705,762.2516513091292,721.1342734514096,684.1898414196484,650.0279133255326,619.3274760639137,591.989828085127,566.8611478728761,544.5035845641195,524.4789031782417,505.8678905296791,489.19218989328255,473.9343913255122,459.84347916041287,447.02686522217687,435.13806032215007,424.2257299563068,414.1931531421924,404.79474316031224,396.1720915287356,388.1787016637264
T30000logg3.2,59.19061105935406,52.13109771117485,46.10424364060103,40.840427670185754,36.743426720698125,33.51255018434578,30.95960512363271,29.131981136199517,27.86884311598901,27.031430816638096,26.573876682737577,26.419106261623714,26.4959073848168,26.756377873468505,27.18379419571922,27.76615695287641,28.46825499322867,29.283654662217927,30.21006984978872,31.20854346060423,32.26704379312493,33.39143315075699,34.547929954061566,35.72484378764194,36.93612134788196,38.154186689573095,39.374086064130594
T30000logg3.4,527.6216676995786,475.75973440865135,429.5971598869353,389.9490917890519,355.6688107382494,323.58145017509787,295.3300521725535,270.02652432044107,247.04641766711916,227.0253588642087,209.27839406860687,193.71053946501732,180.2329230775266,168.32740575234115,157.9978020530336,149.0197643758257,140.97345957407995,133.93135554708203,127.71263692877157,122.08420416999566,117.14236260936492,112.72134106661963,108.81265558415362,105.34410205232587,102.21736381832159,99.48765010191069,97.05026000767009
T30000logg3.6,817.4151369456772,749.3360693425828,686.4727817833653,632.0090032588761,583.4980025184694,536.5509389014373,494.9692171610645,456.59706851262285,421.52634400399137,390.73998675444903,362.9125048330179,338.4313341166249,317.10589331370926,297.89055583827735,281.1209758078624,266.40869996899966,252.96908680433785,241.1427375892289,230.52382588671037,220.87798509509904,212.26020231117243,204.41432556325637,197.34930284046536,190.96895967717998,185.0978135502846,179.82791147084546,175.02583770696913
T30000logg3.8,954.9010059389317,885.4967603126183,820.2646822823305,762.6759536474269,710.6939190686207,659.8677160393881,614.332608672798,572.0716423461289,532.9353374090635,498.29906891276505,466.7652918415304,438.7352875741013,414.11596867210386,391.79196730681116,372.1371576221965,354.7530118377772,338.7791237132074,324.6100635587161,311.8491607741043,300.07035916972956,289.51796075694637,279.8471757657361,271.0433352955174,263.04165918554116,255.62516831670663,248.8923406139874,242.7139565521585
T30000logg4.0,1027.662046851913,962.7568402805055,900.7553016713463,845.340641998042,794.6755812241787,744.5223809986513,699.2511532612912,656.7358135278099,617.3099274205771,582.0640154352534,549.6585422268766,520.7563136812041,495.1658224469895,471.7696679018737,451.09521301933574,432.67184647057456,415.61923729132667,400.43653042640034,386.5849954205059,373.87557122114663,362.3681251620444,351.72363973350457,342.0145877863634,333.1287981239766,324.82408466978995,317.2547482302342,310.2665131487634
T30000logg4.2,1051.8520154332457,990.9310457795301,932.2645038508591,879.2158206849854,830.3684983084222,781.7852363485545,737.6171636796593,696.1445970835326,657.3019476006081,622.4899067165288,590.4225220593826,561.591359172932,535.9640986942386,512.4865547484666,491.6069791211703,472.9388948519318,455.63701403039755,440.1482944522748,426.06332212846695,412.962786174118,401.1212064959047,390.16884900206077,380.11246894657955,370.8936319428933,362.2763040118335,354.37780413549973,347.0716760129034
T30000logg4.4,1091.7302446847864,1034.397678547538,978.4961691148056,927.4534128115118,880.0058734137625,832.4174859675213,788.9208651722021,747.8427154265488,709.1595516962274,674.3478412706457,642.11509712996,612.9952652678012,587.0208389201244,563.1266909418063,541.7936136688645,522.6667138830963,504.88296530329376,488.9094507046837,474.3540550226523,460.7794436337944,448.4735253656308,437.0721410614978,426.5747708674408,416.92647377457314,407.8934916283568,399.59320106236015,391.89674712668693
T31000logg3.2,99.21855417822793,89.92819523331532,81.74293341458961,74.76452638990641,68.85777221837473,63.53641019903549,59.14412001219191,55.536134575570934,52.57569401929245,50.37137063233863,48.68513660834568,47.479868917667005,46.71942566186141,46.24498579876428,46.066508150705864,46.162667372930855,46.42940526781023,46.879658693554696,47.48632680924167,48.196838501841704,48.99894668326531,49.867665306485634,50.81771725614805,51.79536973674706,52.79405890529844,53.849103404695235,54.90647540926577
T31000logg3.4,282.12755508276655,250.6304506354859,223.60284195622648,200.19692280590365,180.71328566166142,163.35517417382883,148.06492365267795,134.9557498362656,123.22076218996682,112.97202415497092,104.12564303497744,96.43512218104802,89.77615639060656,84.06752077611857,79.19879176543407,74.99603377680545,71.37128343459949,68.24847553052686,65.50889585523718,63.155999390121615,61.13774167542537,59.390389307676735,57.92785649554879,56.6999855552065,55.65332560019607,54.82264138387426,54.14518626830278
T31000logg3.6,610.8739523518419,555.9946300376191,506.3603218482761,463.29742715007643,425.56160494193387,389.7332320990358,357.94726384030605,329.1626526048731,302.81692035601645,279.74910189084534,259.14831618361865,241.01692499149564,225.2426214227439,211.19008267090157,198.95068328977064,188.2333740155957,178.55149559692595,170.04731897630572,162.47633463476333,155.5701941338032,149.47367521534693,143.95748816533467,139.03004367221257,134.62108462009778,130.59391221225783,127.02095387887408,123.79973047394846
T31000logg3.8,834.5713657924202,770.4155633996244,710.75201451941,658.1933996260058,611.1178878591712,565.463525295684,524.5840837729629,486.97431638075903,452.10350410542463,421.35795608520647,393.5474272573552,368.856358071733,347.2258113478143,327.7220295284958,310.5844739867454,295.4626647155048,281.6382179198378,269.40141556949123,258.43580636123045,248.29834195561807,239.27141796024713,231.02960106336332,223.5434899615003,216.77235514501044,210.51685295382677,204.8610480233664,199.69393068257182
T31000logg4.0,927.2701328861978,863.5570247323188,803.2556070503651,749.4629166163099,700.637838023642,652.721084028388,609.5197868110995,569.4447444536456,532.0092627070285,498.81887981208655,468.5672670254312,441.5371193012665,417.73813441661076,396.1363647542785,377.05459191524096,360.1407569744577,344.5916898365688,330.76608429299466,318.3310873936421,306.77236875476143,296.4335712856361,286.9552470638435,278.2930781394299,270.4205237441938,263.11501978337054,256.4669961800742,250.36248882238567
T31000logg4.2,958.9482095820323,900.6397893513841,844.8270851611923,794.4867871772043,748.3526411669017,702.7057976980342,661.2622243771306,622.6028878380246,586.2804192437153,553.868457233138,524.1478828038033,497.41679835209925,473.73004497736923,452.1151766856758,432.9069634446352,415.78052335922075,399.96587492662394,385.8231998895266,373.0346122287381,361.0994209260962,350.36390623459124,340.47559789668054,331.3920796494526,323.0949883106011,315.3639619102527,308.2858597679852,301.75742289718204
T31000logg4.4,1001.8047429801795,948.1861637228241,896.3871191694476,848.7674327222076,804.7353825267843,760.8739083627732,720.5310843120402,682.8394323927436,647.035914429096,614.8532532225498,585.2530890325947,558.4609196114685,534.5429817735629,512.6647666694546,493.13275713071545,475.58220106815656,459.3563185276514,444.78407178507706,431.51218391893144,419.11320382605487,407.9216795751816,397.5713542548887,387.9984430024611,379.25316204079945,371.0683969283737,363.5367986151078,356.58316055012114
T32000logg3.2,98.98400829646526,85.9145458765513,74.52944958533573,64.32671774631591,55.91118846428889,48.78911505280204,42.684129194446236,37.75018244536197,33.704974091708785,30.364471787071608,27.697092926191093,25.592395190088485,23.93228473536448,22.668720971334555,21.785934968023614,21.226498828541498,20.93156135701055,20.888953936167848,21.05304641791662,21.3897752513988,21.871358271579947,22.478160320611437,23.196477581105373,23.994566344155132,24.864806912239803,25.805793653882002,26.789268570980468
T32000logg3.4,55.18667600892412,50.03990006753076,45.44117256022423,41.298077274034036,37.84881739422584,34.921749714584216,32.457842742874014,30.493813496938657,28.945228569250276,27.74713269232151,26.854415716138735,26.23096617246354,25.819607327722597,25.57056267077894,25.490440191544238,25.556281813974255,25.737866273022707,26.044665279317044,26.45600173927117,26.96013959377942,27.539471003547494,28.179022870787023,28.89053186300299,29.636838090385822,30.416282951204465,31.241443931309323,32.08466396815792
T32000logg3.6,282.4667204785461,253.6008793302664,228.30359701174825,206.573433521915,188.19868814301785,171.51524383941555,156.94258693301177,144.14817225316006,132.68158799890892,122.64892104142838,113.83819197481262,106.11305716553814,99.43525201059647,93.6212656357476,88.59608919714505,84.26704148452843,80.4435127337558,77.1074439062762,74.18692655573204,71.60754198629867,69.35798466985158,67.39124359070853,65.71184320368367,64.2514071345504,62.982497530869445,61.935962194896376,61.032814068202924
T32000logg3.8,625.0363091827717,574.139056859486,527.457795336512,486.74642106743676,450.7097249024873,416.1379379075002,385.3985448941278,357.23909958722965,331.44525902881475,308.7091139834167,288.21272860155,270.1231640389255,254.32046217152603,240.12679478418966,227.7215529157203,216.81324869810624,206.87593429497704,198.10936464754852,190.23443222402884,183.06057936237207,176.66021855374444,170.82363112637827,165.59006371653425,160.8619629892761,156.50901337892307,152.62014321371208,149.0788623541714
T32000logg4.0,676.3227674641566,623.4793680182356,574.4886414870905,531.2742633832985,492.63473389793177,455.2306711835183,421.7104937811492,390.9381606203454,362.46254701859567,337.3446321531132,314.6593372706164,294.54056706597953,276.90996004551465,261.0340541912135,247.1069147214232,234.81612999154228,223.60272537670699,213.69320425748205,204.8096481423105,196.62387116154162,189.34882726010824,182.70760677693463,176.70018581996567,171.27983989430982,166.27779935164514,161.77158797180843,157.67004982714673
T32000logg4.2,891.5193144934343,835.1146250409396,781.6690684672167,733.0278970100744,688.823951324391,645.4918345567393,605.8768291769514,569.5475275929505,534.8222279399387,504.01055935328094,475.9980655194386,450.74295540145386,428.3537721593559,408.071770491463,390.0489037073735,373.9480458127143,359.20129146979747,346.01248295706273,334.0593510509016,322.9849771305917,313.03120633084205,303.92357006246874,295.4633874430088,287.8187454720042,280.71682753415445,274.195184689525,268.21372568904997
T33000logg3.2,124.32308959439814,117.15727605616291,110.99676186086596,105.95174557795563,101.8728599211642,98.36879793257636,95.73710280857473,93.76509771549128,92.37085718873597,91.61652219525375,91.25643920605802,91.26929116447378,91.64510341840334,92.2234112883029,93.0182040228798,94.02642191481475,95.14375607236916,96.36904102107509,97.69243288150261,99.04916962855332,100.43479279508539,101.83186401863657,103.25726508979129,104.65770795354051,106.03228333429456,107.42787122899199,108.78262633024468
T33000logg3.4,131.71969396943265,116.5108826390316,103.34119466678708,91.5049610661385,81.66764114233646,73.19672283000521,65.70294228641525,59.4195437369606,54.02253860281732,49.25091445822005,45.192141523512646,41.71774562342077,38.68932492825164,36.11566046414025,33.96556445320201,32.14545204834369,30.6310424503293,29.403181286344118,28.40396681355308,27.616485914549248,27.02990659719082,26.611742008805223,26.347114553564097,26.221202152696524,26.214306691096947,26.314895964611285,26.510202031436446
T33000logg3.6,148.24507281563731,131.54777598988028,117.47501231964713,105.17269654164501,95.20418801824786,86.73463971024817,79.31198126375637,73.13790676057995,67.78417814051402,63.01546531178269,58.96382894206361,55.4524714575271,52.393081957807055,49.82710177306834,47.65996202835049,45.80142481231736,44.25012727706783,42.92567825081975,41.78109235560276,40.85280280670457,40.08222775407547,39.45588309439133,38.99326717104886,38.648552201305336,38.40943134454034,38.29079722035744,38.25091321826515
T33000logg3.8,274.64297266820677,249.03562478917488,226.43466619224148,206.82172948356796,190.13082210618333,174.9001746229475,161.4711958378489,149.6556290973751,138.88930878669234,129.41517710233956,121.05133162375311,113.63280846809612,107.16680106790902,101.49321933945741,96.52863156154875,92.1969808191306,88.33389559919549,84.91342383892275,81.8786585525321,79.15454144182416,76.74349616075109,74.60306884558139,72.72498650663731,71.06399801993932,69.59169459152656,68.32387652228068,67.20485727938289
T33000logg4.0,590.036578634001,543.3947408909017,500.77929412075827,462.56945739337016,428.8393925759819,396.83010921745955,367.8201407533974,341.7926757837168,317.3122452862652,295.7227249561135,276.56401537219875,259.21367918845766,244.0299032561052,230.55954313449675,218.6226658501282,208.05577887455556,198.5677878523048,190.1199769774034,182.52545844078531,175.62077526760524,169.46257926268981,163.89533912844288,158.80762289204256,154.26285471528146,150.13826474070027,146.3459143107276,142.94499943993816
T33000logg4.2,737.5184653647663,687.8192272141797,640.9803135667865,598.9570365571088,560.9611208307514,523.8746499818227,490.3106373960486,459.4096009012269,430.3222551320041,404.5259214854189,381.0776149834976,360.0466678815733,341.49879481977297,324.7093825658289,309.85456330553643,296.6638010090895,284.5837388982586,273.8217363942428,264.1191794583862,255.1390963079095,247.0958935496847,239.73768874263195,232.99148345986313,226.882179295687,221.22090412288324,216.0663741593515,211.34522939641002
T34000logg3.4,125.87164755417332,113.36843120376774,102.16537649509088,91.73459771744831,82.8023900906491,74.96372802061279,67.86614541699622,61.79229387706548,56.53789198821351,51.83968523636918,47.78368907217446,44.29106457376707,41.19121885801709,38.47743238176411,36.165257880422615,34.151784421011065,32.41554645750926,30.984009325853208,29.79372997772195,28.800621755664405,28.03610363820874,27.45762043765906,27.015790455340774,26.738641141814067,26.594753899161798,26.550727073658607,26.620507739750234
T34000logg3.6,134.26993022697602,121.29187048629412,110.07122882883806,99.82608773844701,91.25701345273741,83.82357527547491,77.0878874398358,71.3547226916299,66.34213395551053,61.78891069275078,57.83572115066965,54.377269312183756,51.27101055163151,48.550681631843666,46.19064115797045,44.09107304270452,42.23764700173016,40.63451706070098,39.227582780183944,37.99263095913702,36.957187807574144,36.08593993413165,35.348055982864715,34.763725987984394,34.30445346911562,33.95056148460466,33.7035960781677
T34000logg3.8,123.64255324565369,114.40012119081194,106.11283295136315,98.58994352418215,92.0205607826062,85.99989855059057,80.56458436372188,75.79465781528015,71.49987827237113,67.71254852326875,64.34993132776866,61.39156328044243,58.76451959470284,56.40618316183451,54.354123171703215,52.5556210886262,50.93289079915456,49.54529981649637,48.349109928002925,47.266289734895444,46.36366402156823,45.603814869276675,44.93105991580405,44.39083971588133,43.95326084226351,43.59051747866897,43.316839236742055
T34000logg4.0,321.2640201496279,294.3081602941662,270.4538185709848,249.24029958122983,231.1176866401646,214.4908991571336,199.52709748525493,186.39440318323912,174.26098912330517,163.50558874376267,154.0464425465777,145.62474741226438,138.21794197978352,131.74689447339406,126.08571963509758,121.06787917700082,116.63886004981516,112.7134318727755,109.1689895947106,106.00331966455163,103.1969394030868,100.66467728090264,98.40469919495915,96.41213607253586,94.61156519066212,93.01447306323746,91.59860834528037
T34000logg4.2,502.6155766019401,466.8629770966947,433.70143701887304,404.23352455186614,378.0008321750708,352.77466381443156,330.1104790073261,309.3355727072192,290.06765255938654,272.92931248942585,257.4039870114805,243.5565065372816,231.37022424590327,220.39583733923612,210.73408556094674,202.18316009240655,194.38566010378054,187.45713557320747,181.21684045955223,175.4848570178829,170.35926356451426,165.6690505364268,161.4416799633797,157.61113474928234,154.07372059208143,150.8973274144005,147.99686279573143
T34000logg4.4,653.4870104790963,613.1794903101425,575.1799547417619,540.4199184453854,508.9839159894148,478.3722974399179,450.2827505246268,424.6600640216731,400.07390263628446,378.19016691875726,358.34586540714787,340.40004380392,324.45578663454074,310.09053176678725,297.31166759574285,285.86750708135133,275.44425816086795,266.112844699227,257.63392342449373,249.8148972493542,242.7931557598753,236.37221910333756,230.41206757462456,225.04681723713006,220.07292045732038,215.50715517142797,211.33864608578108
T35000logg3.4,108.56089336533158,98.87081406930174,89.91266832548784,81.34056673684744,73.8343359471615,67.15626613068241,61.04850310467816,55.78658635559873,51.25107724247804,47.21749494061644,43.75065240571606,40.79968402964648,38.200307625362676,35.9318447101604,34.01964373339396,32.367694387740954,30.954066133219488,29.8189648361014,28.90351500356439,28.16509091371272,27.637632069995615,27.27865449063272,27.045213197205424,26.961360645363385,26.99828281918108,27.124233146997653,27.35389565436151
T35000logg3.6,108.44813857538367,98.09951301954543,89.10901876418946,80.86682600156676,73.91703762587441,67.86034545783461,62.395287741050616,57.73679075528901,53.698550436082975,50.09799328218859,46.97120860784954,44.291427558605484,41.9283133470065,39.874089922979515,38.138020019834244,36.64200840165601,35.33626381485832,34.25680484583905,33.35087988623323,32.58156235476043,31.980973357992486,31.51482728042825,31.158810011210008,30.92341911055243,30.78796716941442,30.739686676405352,30.7713618280679
T35000logg3.8,127.80461921809062,115.5539377845995,105.05868469363331,95.89527429133905,88.32312145157658,81.75867578610847,75.9974092744719,71.128656090802,66.84765269819843,63.03536104338581,59.745757982678015,56.843100267298475,54.287673087455175,52.08473924874547,50.16544859126975,48.48809597544612,47.0230221358575,45.73711228869157,44.6064227200265,43.62978889950383,42.78935739188756,42.07578312812036,41.4889283047443,41.006573051960416,40.62344000879546,40.33321441763048,40.122212787947774
T35000logg4.0,71.47009135120072,66.20353226027657,61.7411803000244,57.84608752967902,54.64700349794674,51.888015717891825,49.516153936004656,47.56412687907457,45.90575954546053,44.52211239921602,43.379123149333054,42.43333015541739,41.662499835779734,41.04032086739201,40.55931256000991,40.19862934214321,39.931522379861526,39.757190554331984,39.658360698519886,39.61872992006039,39.64456264450893,39.72259961532256,39.84535357770367,40.00902569835603,40.21147722651549,40.44414641566184,40.70646958008425
T35000logg4.2,86.35567061456247,83.52638900467036,80.967105668731,78.54326564978435,76.38628848958707,74.4196856984589,72.58206804279597,70.93748522375476,69.47243855982428,68.1487231563491,66.9558977816013,65.9029215483002,64.95756711318285,64.04482592930339,63.235323945735296,62.49832493342672,61.781920703840434,61.1502296734655,60.58294606006825,60.04171009447436,59.57338582966855,59.162999821159396,58.78396313013735,58.45904034601989,58.18627211988337,57.943217792195185,57.7439195630562
T36000logg3.6,106.91146395645156,97.77005861003015,89.60134526205907,81.92900554090919,75.30628051594154,69.50234463946047,64.2155923902513,59.622872535005826,55.63610861276391,52.06806296910843,48.89737416563375,46.161264553192645,43.736632819214385,41.529141507125466,39.64456877426556,38.01020877085683,36.531525236802516,35.30478218246002,34.27602565503806,33.379605313132124,32.66898903413679,32.11141639522723,31.664412906656963,31.343759342344043,31.139572666655294,31.022192199139187,30.99169120618977
T36000logg3.8,111.95561553655638,104.88645368182529,98.54732623909149,92.54132405517714,87.2873954154768,82.59692273559138,78.24052549603216,74.37983165697942,70.95270108255032,67.81608827894478,64.96678207364846,62.44622895497336,60.15937613307944,58.013921907383605,56.126237843748505,54.42778143949163,52.8282268350191,51.433777742801006,50.19592894957079,49.05096786920203,48.068247156229745,47.216436607543784,46.45331231697734,45.80539820054298,45.26612319843292,44.80205349537565,44.42280047903438
T36000logg4.0,108.25854848155488,97.68980236388173,88.94471026193912,81.21196129685967,75.0455002460958,69.91311357408891,65.38513003155198,61.68276712843045,58.528717448371104,55.69335511763885,53.298605007351284,51.253582996038915,49.44369842330212,47.94746529972588,46.69649381337112,45.60776438759552,44.70837867827917,43.95014630145541,43.287430592503426,42.750532790405636,42.320732012091725,41.97089767197175,41.72157989920829,41.55207623723756,41.44457762228673,41.41347903564934,41.43371010209824
T36000logg4.2,162.72489594837114,148.9739067425818,137.21986877901665,126.68910225468295,118.02045089969799,110.46828981271244,103.66327222195521,97.8723320677653,92.69703628037776,88.01159996760873,83.94551620134048,80.37362740744136,77.1783158582698,74.44024268978244,72.07072948535419,69.9529501724473,68.10966574294366,66.49210447102223,65.02190419999754,63.73379845007657,62.61575698394521,61.61500458468773,60.75720559571213,60.02521578092668,59.38412989063699,58.851319219228934,58.40645611911986
T37000logg3.6,56.84768829434907,51.42998926787852,46.60689231982193,42.256046447490036,38.563063275599184,35.34344792678818,32.586384410944625,30.327123082507665,28.47297488246421,27.016936528302683,25.875597654895774,25.02484251171892,24.42844411867831,24.01535424983616,23.792585841617694,23.737961060055472,23.819029811100894,24.02522631774754,24.34798139554786,24.76009495739179,25.252158386520648,25.81822753289872,26.443589858656782,27.116553193934607,27.833195936842852,28.58948237922272,29.371623985390368
T37000logg3.8,52.79163061469845,49.84887852113311,47.209305765992525,44.7938243933389,42.707964314366585,40.87502511184743,39.27087339027924,37.9098280798116,36.76692688047214,35.826028983895775,35.03815177826859,34.40212490158693,33.90411444738664,33.48672991422217,33.179203551859594,32.97174366655212,32.82946603340657,32.77169880573356,32.789860167596736,32.860320759635535,32.991416456954795,33.1778452970399,33.40639431603376,33.67265547158147,33.9798252372776,34.31632237626321,34.682003388838304
T37000logg4.0,75.2039393784749,68.46648494154725,62.890577551497444,57.98577111689912,54.06889756695756,50.84053005878153,48.04957144009378,45.79358857161541,43.92393226220969,42.30020607248738,40.9520004951038,39.837626474451746,38.88992788307229,38.11493504324637,37.509272556292366,37.02699436941207,36.65876419330814,36.398253623628726,36.21679642501834,36.11320587844629,36.08511583007898,36.11690792158988,36.209780732588975,36.35106715149326,36.53790175405663,36.766780420717595,37.03142961192508
T37000logg4.2,73.5756123305372,68.61831436775795,64.47477519537462,60.81592696018072,57.844886578995094,55.34992133967133,53.179699526726075,51.38438386441106,49.87510966311347,48.56566572791894,47.45423772042776,46.51924290279417,45.719369281150115,45.04056728552981,44.487049289519774,44.033758424474144,43.65863350596819,43.36941509761368,43.14533520110832,42.97749783062423,42.86789035819183,42.81145305066392,42.79732539135899,42.82942124414975,42.90034779451145,43.001391433977666,43.13897846715222
T38000logg3.6,46.62571767764472,42.9696080391918,39.75152024388537,36.99835592167151,34.73302722584262,32.80570449309743,31.304494455613778,30.17380480980673,29.367417152137296,28.906223859854478,28.686563237148338,28.68944090680122,28.901330247057818,29.24506269319407,29.720382658841732,30.316266944580164,31.02179858167827,31.796940810296686,32.64326444962975,33.56193110611217,34.51078508100174,35.49197009649143,36.51815198183353,37.55035930923506,38.59038388231934,39.657411689925524,40.7188009481486
T38000logg3.8,55.85695727384908,51.08326016791076,46.96503105676229,43.262651738046024,40.19150904154001,37.58914764594466,35.33950050077964,33.4885792351017,31.962401770141252,30.69555391858604,29.649927199808065,28.816034061334097,28.153172903734646,27.62553164620353,27.249150102098906,27.005894735694444,26.860082349519256,26.823373033705156,26.879818119317445,27.004447867484288,27.202917372288244,27.46573526146254,27.780574461630493,28.140351824359943,28.546075174771147,28.98875755803641,29.461544229584963
T38000logg4.0,85.59333442605033,79.67929431983569,74.51480212252041,69.75512831065862,65.66310448323212,62.042685258104136,58.746389230801206,55.88407516580234,53.389933537374326,51.173405865720305,49.230060538859306,47.55609509615456,46.094542685118235,44.77560542441072,43.65416524433846,42.67850014927964,41.79532359811041,41.05008581785082,40.41261515749384,39.84987161993302,39.393028855734066,39.02585884144482,38.72516496018915,38.50311988685849,38.35377405027666,38.258923446058006,38.22268037702804
T38000logg4.2,100.83936901082751,92.53911596187972,85.62157055834133,79.44942035470636,74.43692108243147,70.24514247926884,66.52200066488011,63.39137407066257,60.71582931030989,58.29758587262418,56.180404072184125,54.35829985942959,52.727188832315086,51.303604103947656,50.09461161615517,49.02815014109424,48.09536341262884,47.301088891425955,46.6010469390498,46.00138247520031,45.49862134131877,45.079850111645364,44.74072110794987,44.48036570358619,44.2839059831949,44.14641380678254,44.06935343720557
T38000logg4.4,128.4749905326709,119.1789414187432,111.20491321132602,103.9872057233721,97.96143665261825,92.72377576673598,87.97092237746784,83.85224234664379,80.18857630960791,76.84432811749922,73.86687044132117,71.2274812583427,68.84882612440738,66.74287270700621,64.88720980280735,63.223063544898025,61.73125779524876,60.40666288017335,59.20882526226543,58.13514421993411,57.18755138430206,56.347419409922146,55.60666116636202,54.96757228656397,54.41342609614253,53.93607319929482,53.53418602308553
T39000logg3.6,130.83622362099518,122.6451405210242,114.79731529177445,106.98596391369709,99.86413307716765,93.37346608297942,87.23240292191504,81.69396667809262,76.75968013948803,72.22683264256283,68.09592160446608,64.4448471503759,61.111149933803766,57.992351727659646,55.22828069185488,52.74106615118969,50.38467727527961,48.35436114222255,46.575284936710915,44.94012472928235,43.56187322144552,42.38867955020506,41.34542881332556,40.48821108109175,39.789390195270435,39.199317544111864,38.7404853366939
T39000logg3.8,52.47221154344863,48.887069456744605,45.67952136167006,42.72059326239428,40.18256992811357,37.98202515718425,36.05112740987367,34.42119403998222,33.063845954828,31.936549923642854,30.989202261088014,30.233194353071767,29.63341640290899,29.132635075312717,28.769665269921926,28.527188196197216,28.36521657730761,28.308804775063322,28.344106312413384,28.442593938000062,28.61517951597187,28.85320906390814,29.141094323572872,29.474732436156927,29.855452007024038,30.270910295167294,30.719716260225244
T39000logg4.0,102.25097266165294,95.11528389296194,88.91717158676506,83.19258997794152,78.34750603462562,74.09753151891844,70.19013024257625,66.81439074018283,63.8375028938454,61.10462053409163,58.68912577791289,56.55897740302506,54.61429198177431,52.87333269456975,51.34038194824157,49.95670320155705,48.691221213249655,47.58461671141629,46.59977950643303,45.69414622999534,44.92359237709423,44.25751532123652,43.66232932698636,43.174299702269906,42.770341699122675,42.42836314337891,42.16219395445911
T39000logg4.2,89.38675254228751,87.08316236840795,84.88128547985802,82.72681201326203,80.71676560142855,78.83075274725783,77.03920769084858,75.35400465772291,73.81475425178265,72.40435589527597,71.04266309515914,69.81155371357049,68.67370807205101,67.54276384889785,66.50837013122718,65.54716831116855,64.60385515521865,63.75199628545602,62.97501251701749,62.235683124712864,61.569101733748994,60.97489013318904,60.419583852193846,59.92672970262861,59.493994032874504,59.10238602844376,58.75282481234691
T40000logg3.6,128.81761555291294,121.05737466791123,113.54450721609385,105.99181960402233,99.02317673527732,92.62925580991644,86.55354762474599,81.03217312678215,76.10947787376504,71.59797012454554,67.47468856680784,63.84378314760706,60.56476944286522,57.46517637646897,54.739890482886665,52.29207426700638,49.97747285570477,47.9798350976917,46.23095407249292,44.63191578378626,43.283969883926524,42.14124929137174,41.13590371219119,40.31110595906723,39.64663315643782,39.095344966358546,38.673991958305145
T40000logg3.8,105.27612758291997,100.94588508249961,96.59340430386949,92.3626050011798,88.38074880285997,84.45805805325512,80.79004880774913,77.3824654092931,74.17110167770166,71.27086031281702,68.56982145602156,66.08956422427903,63.84267510519249,61.6974920620735,59.730276968176064,57.91941461858466,56.21892600112833,54.68510505701215,53.272156111935935,51.9857852399065,50.85458509239857,49.809977142950196,48.895044648502754,48.096776261881224,47.383361891187455,46.7785493011296,46.25875207106452
T40000logg4.0,69.6397286317662,66.53243648207396,63.60127508164245,60.94710575048787,58.439873869255074,56.13606291051959,54.05899150192753,52.17330286739548,50.51891323512098,49.02607372306408,47.730314032411464,46.593328940624396,45.56777764007328,44.67240525496981,43.85664204916318,43.14450564515986,42.53212110541517,41.993893641368516,41.55153624888126,41.17945516566698,40.882701848000835,40.659401962460414,40.489645435462045,40.38264213967627,40.328764117147436,40.32112640067731,40.36176265289532
T40000logg4.2,66.71937344941928,63.76555466434081,61.11525958199559,58.837035373896335,56.80100859909222,55.00181446838809,53.4399875336458,52.06727443465258,50.88866960714021,49.8428008394695,48.942790754508444,48.14651162779078,47.438987438879614,46.82132459246788,46.263353550998296,45.791623217472456,45.38883668586049,45.04839798470829,44.77881339692892,44.55174293116348,44.38401671942328,44.2626156721027,44.18393077217606,44.15097622703147,44.14689230337297,44.18108678011689,44.247659950262744
T41000logg3.6,130.2414205172917,121.52720469000643,112.73495815377497,104.58710360733856,97.16465351454447,90.19438826901226,83.99032974640686,78.31763452739389,73.18963634358984,68.68709932864016,64.52237648014169,60.82544541977563,57.510825201249794,54.45344312041556,51.74113494813272,49.25396639156035,47.03910825904094,45.11879507205534,43.39648779209218,41.92918072518463,40.678747764954956,39.60875150367976,38.738234608454114,38.01189412922816,37.43694098375943,37.004445686448314,36.67921037618345
T41000logg3.8,55.6287526216306,52.71858858257374,49.91491164122692,47.340226272121974,45.032961550725425,42.90994210708164,41.03185524397722,39.381103053121706,37.94678254162513,36.7446147176743,35.697562516955166,34.82966605027591,34.10290574534684,33.47700873413105,32.96970983601796,32.55306567683766,32.231582547991685,32.009947688323706,31.86088669129721,31.79597454805126,31.805875299714128,31.87684133333269,32.01110201208316,32.198725257051485,32.433167990164755,32.71361124289516,33.0338590517625
T41000logg4.0,77.06779962420116,74.66812060307599,72.20218194439538,69.85525767727152,67.58460953585602,65.40895610357468,63.402876059017586,61.46907017499435,59.71363559038716,58.107866798840284,56.632841413214635,55.31892839123595,54.069402693804676,52.92747268946858,51.87168702382251,50.880020450943626,49.99692079776335,49.16805947624758,48.43470412451038,47.7921319313765,47.216234920638364,46.72876298411712,46.30668181470562,45.952004904431185,45.66701681542414,45.43121796811638,45.25660987818721
T41000logg4.2,65.12099050780387,62.23696366957743,59.625317334305215,57.38301871188398,55.36346359378473,53.58946931243049,52.02981046258162,50.65579769859477,49.47107706996537,48.41691605245304,47.504007647502284,46.68887722772039,45.96332556010822,45.32377384826822,44.74431029255961,44.255874942078435,43.821336903754975,43.46082188939988,43.163379067620774,42.91560836385148,42.73305435268592,42.58593826216248,42.49001920296299,42.43883656922494,42.42050401454377,42.44570099538134,42.495741654385604
T41000logg4.4,80.6599636053157,78.4557657740629,76.39043980077906,74.53696320991828,72.8024255730521,71.19742544434546,69.69609033917713,68.3308938210448,67.09619470723999,65.97358954104543,64.96534296547166,64.02211373186053,63.16491607580988,62.3639780302847,61.61335100379866,60.931595867254316,60.283909241697835,59.704291713072216,59.166257474603526,58.67802493795188,58.24697661644421,57.847952815256896,57.506779844173955,57.19123464187161,56.91880832238189,56.68887208601024,56.48535088386648
T42000logg3.8,74.27738350881324,70.89304458729278,67.4561741061281,64.24239982908149,61.24208288089533,58.41463499931453,55.88465073711735,53.48495008903013,51.34020875863129,49.43222143241445,47.68893799505478,46.15924791593852,44.74712654428481,43.46982992236576,42.33472959099496,41.28884605318113,40.37894360834174,39.58273213276561,38.89332991002878,38.32937873791517,37.84896391060521,37.47321968214798,37.187397728405635,36.976423319008305,36.84605080879743,36.78200667468597,36.78099576057013
T42000logg4.0,121.81096080636655,117.37084900306847,113.0351393822635,108.65477089782947,104.43872633501915,100.45049182134626,96.61826130959777,92.92292438547815,89.54744791387463,86.4330012079472,83.39169724865882,80.64804792918748,78.11326994885033,75.63882675465122,73.36668460393156,71.26357480442408,69.2368002916486,67.36528752295148,65.65924284924263,64.05263592909976,62.57472723195707,61.24848414207901,60.03984775563843,58.90721994109648,57.91735813705598,57.03528853067601,56.21202910679142
T42000logg4.2,83.93823198345996,81.89545820130628,79.89787103108135,77.89147508980763,75.96630157519623,74.14302887814277,72.3903013379582,70.70372251622446,69.16144094291734,67.74395086974666,66.3601359185195,65.11313806291912,63.958123294183615,62.81836469544452,61.767522407592026,60.78950882451155,59.83937524433713,58.96652033341823,58.172971712156844,57.423870519914026,56.74527479134925,56.14077996901212,55.59149705352383,55.085800938866136,54.65171473392366,54.27205339640957,53.920960041685305
T43000logg3.8,124.96525489884003,119.58566303011548,114.25335639914972,108.72576530392342,103.49740268060306,98.55530310268438,93.70433783269795,89.21436746986537,85.10957466942507,81.23852190326613,77.66468988439381,74.44173614665588,71.42518320286314,68.58520788965286,66.0018160060642,63.60324528357606,61.29467650453316,59.23680711560694,57.37183469473536,55.59941073053795,54.05312399238423,52.67968241126363,51.40442272818413,50.307167899634806,49.352794664451864,48.48994297896687,47.75901799052749
T43000logg4.0,124.60604607923621,120.18898715918708,115.79798486329464,111.56613754724542,107.3800121440817,103.47678731504907,99.62769835869818,96.0587858901924,92.66384060296434,89.47123905668859,86.52006613003074,83.68716349812728,81.08467469707709,78.54003495861501,76.17566960992548,73.94551529135049,71.83995093399317,69.91332916512341,68.08485154249895,66.43966408493212,64.8889307713742,63.48489789336628,62.21291827257909,61.04108356323846,60.003600217623585,59.04304856271356,58.19911153016761
T43000logg4.2,111.14842666019665,107.84773609174296,104.66334261828075,101.48841658721163,98.44100588014247,95.5641843362896,92.82692782541334,90.13457252274394,87.68305917593574,85.41074349150277,83.18213310198898,81.14729361516648,79.24953902607636,77.3804219058686,75.63988275105035,74.01373536220541,72.43870088441817,70.96068356433835,69.60271082136028,68.32585249468693,67.11384780957722,66.02302073613026,65.0268900938802,64.06654996342537,63.22130263675421,62.45892188494826,61.738701746163706
T44000logg3.8,121.65384540409114,116.55539230002042,111.48311564393344,106.19751889070825,101.16566277787028,96.38756297931785,91.67972503077563,87.30467659758067,83.30346584431304,79.53664837580817,76.05819957657233,72.93033226297365,70.01539675612592,67.2644267089816,64.76713980401028,62.45762568867848,60.22217763693603,58.23628838079522,56.43853696481428,54.73422589345211,53.248238042906145,51.93147307765222,50.7137269016193,49.66844623461272,48.76365820088767,47.950856891323724,47.266693590980765
T44000logg4.0,48.667441297218716,47.44726877665955,46.25480328767255,45.02822052620788,43.856619619145555,42.7515181796661,41.68560619764872,40.7154857125727,39.87555950079374,39.14965856998138,38.53033998380099,38.035394610216876,37.634101023791715,37.27692196707915,36.99290107364422,36.760644046906364,36.556094098815926,36.41101320108413,36.31625197457931,36.257354757443004,36.25347005358223,36.29523961107682,36.373826076450264,36.49401946747366,36.65276967773663,36.84179400508351,37.06571667881071
T44000logg4.2,68.35144155430169,66.29084663848286,64.32888889523502,62.43017283873264,60.65035304450431,58.971280788734,57.39861806701623,55.93497321496927,54.621853411541935,53.46360818310896,52.38432646061916,51.441576424385005,50.60759248525886,49.8176872256898,49.11180118127219,48.48250275616325,47.89015281853242,47.368765263519386,46.916410745166765,46.50557868371803,46.15474892106249,45.864512396108296,45.61559104492704,45.4126638672152,45.261726088976765,45.152494351053804,45.069888778536644
T45000logg3.8,115.87413836224384,111.06936604582836,106.2776930665169,101.25394508531508,96.45590137932902,91.88118184813435,87.35470708505352,83.15593637602028,79.31889248314666,75.70660208661947,72.39873961888506,69.43332662276603,66.67316749277383,64.09125372254263,61.74989296642176,59.57539559770712,57.4927574433888,55.63871251670929,53.96264902849823,52.37406163231831,50.997497011913936,49.782328724358855,48.66072789619346,47.70901239356355,46.891107767884556,46.16097386963738,45.55776423170326
T45000logg4.0,52.671034578446346,51.327785001525434,50.00402726346042,48.63167767976356,47.31398216602429,46.056775043151994,44.83074528358799,43.70735248947366,42.714477634866114,41.835525657202425,41.0669631551141,40.42984004551973,39.88541125387778,39.398210829074095,38.98928963931259,38.63864596436243,38.31323308835736,38.05367795525762,37.84681328273651,37.6716775178773,37.557158296717965,37.49180140004676,37.46230947544159,37.481386418584194,37.543887303478094,37.6396649937258,37.77506733643318
T45000logg4.2,67.79318401887203,65.72903812487692,63.76956558090098,61.887395940284854,60.12453498952329,58.44934908076996,56.88354649089678,55.43079553487555,54.124825441284734,52.9826516281802,51.92679837996608,51.00796296351704,50.202866714126436,49.44714068938913,48.77355689477111,48.17723554946732,47.615687415669775,47.124566274901554,46.698041827058056,46.30958665233911,45.977756802122485,45.703681328095094,45.467313470419406,45.27596198144113,45.1341623340474,45.02940464081706,44.955121267501205
T46000logg4.0,105.9270869653257,102.84443898364077,99.72746316344528,96.42954140817703,93.21268071948872,90.09104894061397,86.9663025521234,83.99784081183707,81.23973683246183,78.6186250147833,76.14980402783809,73.90243190385752,71.80136338523354,69.75429723896168,67.88496810622325,66.13860122297537,64.41262928849177,62.851254362738736,61.40990824240607,60.01439147732528,58.766540707855306,57.6343299774949,56.56453960994233,55.614599645825756,54.77030698015687,53.98960072557827,53.306661194667726
T46000logg4.2,66.0435123661856,64.45011567287503,62.88538433367584,61.30488236498624,59.78198146296,58.33069096815689,56.938460815091965,55.61966065248958,54.43424879822711,53.37721811866414,52.37740975108765,51.5100311253027,50.7355504730678,49.99079841253127,49.32355488590182,48.71673052744447,48.13303474135028,47.614276521513524,47.15461544623472,46.72994113434936,46.36224998115472,46.05196050240456,45.78104927537541,45.55637008812308,45.38338273063503,45.25213555873385,45.14919684203294
T47000logg4.0,113.67874560231071,110.15776525895858,106.59825491481132,102.8173704535085,99.13087113226293,95.55813482194843,91.97626706840676,88.58012486159133,85.42903306249936,82.42998592317528,79.61294973689479,77.05119126597955,74.65279643185708,72.33016742999126,70.20708660492095,68.22313260981157,66.26478012228063,64.49677096734625,62.8677458665825,61.29655344974606,59.89597649772361,58.628313452924424,57.43468024814104,56.378161511591024,55.440503274702955,54.57595685530911,53.820943606260336
T47000logg4.2,59.72205668327362,58.599195853006506,57.48458050195859,56.33940778512092,55.22417005646093,54.15939934797418,53.129281791660055,52.14560494429173,51.26507913352277,50.47907021833549,49.73782086999336,49.09968287930377,48.53074262279906,47.9822443983197,47.49193240726232,47.04522527111999,46.61435490792322,46.232086002643854,45.89498455200518,45.58465572044596,45.31951326991658,45.09989765354134,44.911831266808576,44.761569071743075,44.6533608012621,44.580687803979636,44.529427083121114
T48000logg4.0,126.03377982687432,122.0836555784498,118.09074307524702,113.8719730493405,109.731238263127,105.72726437212582,101.74254327010628,97.90681108110208,94.35208771637765,90.99716725533735,87.76605457018815,84.83458590201718,82.10930821767467,79.41555423359945,76.95563629933434,74.65309096392724,72.39252037990782,70.32812073652399,68.42242415954104,66.59777844511927,64.94024885334916,63.43780604097079,62.02976889756314,60.759171438919005,59.62470225375037,58.588354004529435,57.64845781140693
T49000logg4.0,105.18630992852714,101.91730841208732,98.61176108275873,95.1230344759342,91.68187795310138,88.35662956635171,85.06723960761093,81.88182620674094,78.95041448105366,76.23098816560277,73.57530178215391,71.2064288393636,69.02304584637749,66.88772337813246,64.94728072129487,63.145851291876376,61.39346202748563,59.79835432891705,58.33756296008292,56.95466530481963,55.70132061586269,54.580351988153296,53.54692141352343,52.62067477437645,51.810774594808926,51.08989749142591,50.44319349751939
T49000logg4.2,104.45689140893343,102.03727320121571,99.5719464714917,96.94679338782841,94.32679706308814,91.76145154757677,89.19283952078014,86.6786525612721,84.33840714721133,82.14966187665587,79.98265032294184,78.02946306425002,76.20655187004574,74.39683819963099,72.72733887317817,71.15355437645304,69.59654489890688,68.15706699685046,66.81608221579023,65.52201164071971,64.32954845160343,63.24010706068498,62.21486492599151,61.27214478046334,60.42747521932174,59.656497691131555,58.93877219123602
T50000logg4.0,104.04509358883018,100.74584267382484,97.26006396719013,93.84750318462052,90.34267319635842,86.90898734727831,83.63095178267399,80.41843425568591,77.46795392144672,74.67782381334037,72.11369915995785,69.78598638769272,67.57651443708723,65.55098106245853,63.62163827204811,61.80672607352352,60.137543340999684,58.54698910070315,57.103774058533624,55.76863131006589,54.54764030862706,53.46371777669103,52.46474585270884,51.58847086540016,50.807993862971074,50.11866472155959,49.53239178539224
T50000logg4.2,114633104106317.39,113888360967240.05,113202285056098.38,112592549549214.89,112070698635840.52,111667075859122.2,111374037940285.94,111202491436739.73,111150726655090.73,111210598958969.31,111369556304785.39,111630963232643.25,111969650554418.31,112397176703633.31,112876305380970.94,113428309090361.48,114023695534064.02,114642125076639.77,115301368313188.05,115968253070331.3,116664252429917.02,117353428306387.06,118063347952275.27,118771160415481.77,119465027723677.0,120164814914791.27,120845265535106.06
T51000logg4.2,118.57557624135404,115.62733764598259,112.64725469679199,109.63143195936418,106.55088960708245,103.56022397029837,100.5323269550904,97.69225123895872,94.86221402123961,92.22514722894486,89.73951096131047,87.36233002763377,85.14418729166768,82.97157954491807,80.95071099070076,78.95301760867768,77.07833594513046,75.30770219255108,73.61900641192794,72.06424423976517,70.57772093030843,69.23050838930939,67.94623306091317,66.7752033056284,65.70356294695425,64.71061677044388,63.82119186006798
T52000logg4.2,80.43562648421073,78.59374381761023,76.74277872738561,74.88385445902428,72.993176333558,71.17247811041565,69.33900185678874,67.63612036456361,65.95901457549841,64.41787097065612,62.995812660138654,61.65381858898948,60.4229819140661,59.228115777008874,58.12730021400335,57.05722921342999,56.05986158754522,55.13356455121991,54.259057562998436,53.472562253031434,52.73104697712182,52.07310679971413,51.46982864637787,50.93099750324734,50.46187397095861,50.04130919069424,49.68845910856612
T53000logg4.2,101.18141903457051,98.88362444294124,96.50284984915073,94.09371580162804,91.58174307626332,89.13803498001738,86.63485446838213,84.25750587809027,81.97348758951932,79.81364790316856,77.82630496188169,75.92533675100397,74.18539102294393,72.47983118585634,70.87885627527753,69.35353476610446,67.88327576188452,66.51715929617178,65.19433275319155,63.98185423954578,62.827973141828814,61.76270264857775,60.79076710484434,59.88211067934603,59.073438034424036,58.31702278723403,57.646797382542395
T54000logg4.2,116.39597123817511,113.37676771269035,110.35132569309224,107.2146743261307,104.06340995797204,100.96530278247536,97.8662220539462,94.93666289420385,92.05740321844713,89.42111323759464,86.8526960149951,84.4802936427583,82.2316592025587,80.077393611113,78.05391592063899,76.0845761627974,74.25996792437587,72.48583803801198,70.85508698192017,69.30774916624725,67.8733281550897,66.55720282847646,65.32557652481427,64.21745997382465,63.1792318862515,62.25987583759984,61.401143296445326
T56000logg4.2,58.59568034280329,57.16389699235463,55.908949263487784,54.63716360289016,53.40599153106198,52.12877379607877,50.89720581749933,49.74169909491582,48.70289760363733,47.82648154925038,47.09304076145605,46.507241144783585,46.012585221454366,45.5987270810532,45.21110184540459,44.85819407958932,44.51822777829077,44.19985733719093,43.90699209921194,43.636211714975325,43.40247130900595,43.19198589049677,43.025470223383955,42.883236328838755,42.78504809737438,42.71274254494773,42.67688621204715
