,vsini75,vsini80,vsini85,vsini90,vsini95,vsini100,vsini105,vsini110,vsini115,vsini120,vsini125,vsini130,vsini135,vsini140,vsini145,vsini150,vsini155,vsini160,vsini165,vsini170,vsini175,vsini180,vsini185,vsini190,vsini195,vsini200,vsini205,vsini210,vsini215,vsini220,vsini225,vsini230,vsini235,vsini240,vsini245,vsini250,vsini255,vsini260,vsini265,vsini270,vsini275,vsini280,vsini285,vsini290,vsini295,vsini300,vsini305,vsini310,vsini315,vsini320,vsini325
T15000logg2.0,3886.489681653724,3628.33330602974,3408.2817173554154,3234.4243941047216,3062.124397020708,2916.754621063713,2802.4618740699666,2692.0380065866893,2600.3030725532744,2529.331332369229,2463.0407633040018,2409.728122596266,2370.2233191484947,2335.508701626581,2309.8099035773653,2293.172058729765,2280.9825299461154,2274.8255435668466,2274.3229752843536,2277.51085109269,2284.4791329441223,2294.7212401570637,2307.8656727590073,2323.2866632606074,2340.4375198474745,2359.8953485384236,2380.6412069302482,2402.0836161434404,2425.305506152762,2449.0588422764754,2472.790387827282,2497.8044432099823,2522.873495049989,2547.5408809049945,2573.198145339123,2598.727013024532,2623.6935674273195,2649.4760367214976,2675.0133712999786,2699.888172668637,2725.4075770763793,2750.591415819372,2775.032180261574,2799.934390513941,2824.3969752000507,2848.032316707567,2871.963672191293,2895.361813697559,2917.899330280508,2940.607209086321,2962.7285684525373
T15000logg2.2,4999.982503810288,4662.56584078462,4370.823201934382,4137.042320731235,3901.805335790964,3699.967669317707,3538.41951939974,3379.031530492306,3243.298606303458,3135.2030257026513,3030.5036575879517,2942.480029471192,2873.466227964213,2808.2390812437675,2754.8553040530796,2714.540574431833,2677.8817889095985,2649.4402163115374,2629.7655314501653,2613.0925563909946,2601.822751837869,2596.2245936690356,2592.8524840786736,2593.0150027690347,2596.8739059467553,2602.507337549508,2610.498954269411,2620.8536432651235,2632.6259568920236,2645.8895816785875,2660.569337134865,2676.2888604231357,2692.8646946111635,2710.213661476696,2728.3064399574964,2746.898246515643,2765.8831714905837,2785.4270262688633,2805.2317136366905,2825.169135096767,2845.4903182121357,2865.8610332504218,2886.123278581748,2906.5385670798787,2926.7599785609095,2946.648553969054,2966.4729914752374,2985.93488039505,3004.9609183133575,3023.8062809449475,3042.18931209151
T15000logg2.4,4687.088930071984,4397.5784380357245,4146.79930104688,3945.55899822576,3743.9798233856477,3570.8816807899375,3432.375610577132,3296.699886181193,3181.340109594822,3089.7448286321937,3001.9314180263186,2928.465138271475,2871.284672364653,2818.004683280747,2774.862415698816,2742.807480817379,2714.2988382525423,2692.7699442334374,2678.5948286877897,2667.2477055711547,2660.489453297528,2658.452197201627,2658.508335851434,2661.5855983538218,2667.719342903854,2675.5200129408495,2685.363471031315,2697.1424283822303,2710.2554483692315,2724.6857906913406,2740.2500889264097,2756.788652399591,2774.0908596377935,2791.967493938451,2810.5122541307846,2829.4939965391886,2848.7110949836488,2868.3897141311804,2888.278739937313,2908.1681713676007,2928.324157178347,2948.490055352668,2968.45046911973,2988.4511163481993,3008.246449028358,3027.649602339532,3046.8856630196574,3065.7701975415157,3084.1844301801902,3102.317530789927,3120.0162553244763
T15000logg2.6,3994.113961820207,3772.187468190265,3582.3924929151635,3431.937617628276,3282.492203312664,3156.1630216732724,3056.6639525650617,2960.4201681079285,2880.3838994159264,2818.3930819936986,2760.324543304213,2713.566264575146,2678.872267579856,2648.104673875015,2625.19129951733,2610.222403580541,2598.7826315189304,2592.624180840188,2591.4839682277798,2593.178998998611,2598.228575027738,2606.2649140822837,2616.4493294339,2628.7380392848286,2642.7384359173807,2658.4445511165513,2675.46292698803,2693.339384830608,2712.5390238494847,2732.444924948494,2752.6127068029864,2773.723288578302,2795.1210641962944,2816.4163882152957,2838.3756233853633,2860.40843595871,2882.145703168137,2904.355332007136,2926.491272569342,2948.2028108431155,2970.199166472127,2991.985451529856,3013.2353866919575,3034.568769181333,3055.556470689014,3075.9123268523413,3096.1758640879134,3115.997015661666,3135.1551900051545,3154.105504145444,3172.563528099308
T15000logg2.8,4092.6025185665476,3880.31660985438,3698.851089595682,3555.079866811043,3411.9234258845067,3290.9851827950797,3195.834451817959,3103.6518659647477,3027.1352571450925,2968.0168018055238,2912.6177289494017,2868.17279386115,2835.34855355637,2806.244702309374,2784.707898530843,2770.7810038141583,2760.1471059714418,2754.561636067581,2753.764204542008,2755.6024000799475,2760.6582803944343,2768.5759722156704,2778.5110607604574,2790.491143318525,2804.126239368835,2819.376788577141,2835.9157004202343,2853.290846526489,2871.923120681445,2891.2605410891815,2910.8632229504465,2931.364428617518,2952.1629696001537,2972.8719285259167,2994.20499597218,3015.6200545168335,3036.754313801633,3058.3216758813924,3079.8149748480487,3100.8918587970743,3122.2057123038417,3143.3011425688246,3163.867965999869,3184.469579469289,3204.7207456084084,3224.3511520496318,3243.8417472763185,3262.8885086126206,3281.2868087893394,3299.4286649259434,3317.077225221999
T15000logg3.0,3787.4783003574425,3624.6946461489197,3486.196726139588,3377.037315766775,3269.2636920882737,3179.0545635697363,3108.846394151041,3041.899055423636,2987.358319960392,2946.185240372758,2908.8013883494064,2880.0740028417545,2860.1205545531457,2843.8296390146556,2833.4439921819503,2828.6198454971513,2826.9571032644894,2829.1466914095568,2834.6590549354446,2842.6935097490323,2853.123831890661,2865.3851736785073,2879.611855966133,2895.320077660325,2911.9481353708966,2930.1771888498483,2949.297545080134,2968.7178806860907,2989.398124093468,3010.510490777808,3031.4984437783514,3053.4164047408153,3075.448164490198,3097.0996282668866,3119.4181139893544,3141.680673133592,3163.4314640897387,3185.652057067081,3207.6903286465,3229.122931892575,3250.823463556685,3272.2224345533446,3292.9447930550114,3313.738788479853,3334.1289295354695,3353.7909317485946,3373.3621964762447,3392.460487422699,3410.8280869349037,3428.9904172812626,3446.6451524722916
T16000logg2.0,3891.5870068157715,3635.752878777554,3419.4951127836925,3249.8910627485648,3082.516690067665,2942.6851454650055,2833.6295911322377,2728.556168231084,2642.1649725773295,2575.943018094946,2514.3326276843927,2465.500132025262,2429.9094293777152,2399.121241284468,2377.153663949042,2363.804446399609,2355.0333860993496,2352.1021103279686,2354.4564727504376,2360.642175928755,2370.389296434517,2383.084530008349,2398.816810670756,2416.6054015653444,2435.827218564036,2457.480991476271,2480.19884741287,2503.3410383376654,2528.3621291048516,2553.66830903062,2578.692461218268,2605.0702748549297,2631.2718929233138,2656.8571118855593,2683.5281417255223,2709.8906868019017,2735.5320839586784,2762.1122710443683,2788.3091114480508,2813.728882831149,2839.944554243489,2865.7383806249795,2890.712130166704,2916.327409332669,2941.450629767722,2965.6859965134336,2990.412842702637,3014.563164030311,3037.7935085063446,3061.3926755607754,3084.362320586154
T16000logg2.2,4326.576511054209,4024.284458627812,3767.013926043517,3563.5797606809283,3360.914689797164,3190.050729250337,3055.2570590175474,2923.5487887448467,2813.544729114237,2727.500604078973,2645.267433924692,2577.9944872208853,2526.8316483912886,2479.8307359520027,2443.3938105960938,2417.8663932057552,2396.4756404794543,2382.328140332786,2375.268185161323,2371.6569106659617,2372.6322710916415,2377.912583093788,2385.7799858082026,2396.43835870136,2409.5912928882435,2424.7389950114352,2441.525815297345,2459.60951997856,2479.1886521922643,2499.54362041931,2520.356310499994,2542.1860849878067,2564.245441330195,2586.302848147626,2609.1316107426683,2631.9874627503336,2654.6486890460233,2677.967764331371,2701.190756793728,2724.096303510138,2747.53530453408,2770.768736625601,2793.555808061298,2816.6914608970956,2839.463165289654,2861.6440186868426,2883.984866434438,2905.8288864847786,2927.018803439901,2948.2486024029654,2968.910240193742
T16000logg2.4,4654.44647901101,4339.3139451168045,4069.672530562675,3855.348659578871,3640.7672566099195,3458.7631867817313,3314.3436261819975,3172.4246979178415,3053.027366784671,2958.8888626606554,2868.1396112214343,2793.0436977277373,2735.1011552864857,2680.960251206874,2637.9345447948053,2606.6434897153244,2579.152619166614,2559.349686758163,2547.3144489085685,2538.413574563819,2534.47132289665,2535.4008899243245,2538.602655602949,2544.918020489522,2554.2271800554095,2565.2577548066406,2578.2372918678807,2592.96571857529,2608.9822454806203,2626.07912365275,2644.045571496698,2662.872094863611,2682.191191889164,2701.851369824236,2722.119703672157,2742.6246903818956,2763.216249808659,2784.293563236142,2805.4440792127643,2826.508719922729,2847.92478259126,2869.260210257595,2890.3346363092833,2911.5642180767395,2932.516419214178,2953.027949755776,2973.499153714407,2993.543153745044,3013.0666121870554,3032.436429969491,3051.298989872423
T16000logg2.6,4756.603802899341,4452.152995137571,4191.03203184623,3982.911657647957,3773.912156387183,3596.270195332983,3454.9767252084525,3315.838351281672,3198.6216901661073,3106.0289587454945,3016.626569190474,2942.5491502278696,2885.257473356466,2831.54007890131,2788.6905383124495,2757.330487175647,2729.475808509624,2709.141122264446,2696.4370043312315,2686.594423510508,2681.6425466843652,2681.5286123569804,2683.4713274283145,2688.532812269911,2696.629059858823,2706.280620110035,2717.9267981890935,2731.4106551286477,2746.05696869088,2761.869982865748,2778.672634650742,2796.236448980757,2814.391550763452,2833.0048819655367,2852.1210707806586,2871.5511263713884,2891.1671492660385,2911.1569603268576,2931.2801767002943,2951.40244116757,2971.756568253069,2992.0744485060145,3012.2108266039754,3032.382165264177,3052.3158425847723,3071.8875299276556,3091.294919172179,3110.312733682411,3128.888057308586,3147.1879109255997,3165.0178849756803
T16000logg2.8,4585.645681398999,4316.489699288892,4085.2271876926975,3900.837714629308,3715.653516137535,3558.1923198154896,3433.1505292035995,3310.2583384876552,3206.9797295603526,3125.7804616568856,3047.7482437990307,2983.5008507550488,2934.2796457089207,2888.536864114906,2852.5319199415053,2826.7240636743054,2804.242345594494,2788.454313727419,2779.3683398659628,2772.9725733905757,2770.907734496009,2773.041177647958,2777.1323570514446,2783.9858937923186,2793.442093890416,2804.4141304460604,2817.1662580658653,2831.4604974612143,2846.917783687741,2863.4182916022455,2880.709976296795,2898.7999712510855,2917.4090612412165,2936.328163690779,2955.779773334393,2975.4804404513125,2995.2338188930776,3015.360664853979,3035.5593088593864,3055.6346244780766,3075.918420644749,3096.105148656545,3116.000473179459,3135.8967354052093,3155.508899651604,3174.6722743664604,3193.645145993226,3212.199457969805,3230.2393161406953,3247.9780319267506,3265.2306652371904
T16000logg3.0,4360.042229423563,4127.715138174132,3928.2174566365366,3769.2950297134616,3609.9769883348986,3474.834500141902,3367.8595415253662,3263.2490475591717,3175.878461636462,3107.7140760415227,3042.8805326071665,2990.2074904210344,2950.537011967609,2914.4010678622963,2886.7875286083176,2867.867445166783,2852.2048741907647,2842.327792967359,2838.058436265795,2836.4073020397423,2838.4665146096368,2843.959760111532,2851.39686800688,2861.186319231321,2873.0417058730773,2886.432149428685,2901.3184840786494,2917.355755786558,2934.5846047002256,2952.6612917744037,2971.2452540621216,2990.667031042719,3010.474240429181,3030.3773011620997,3050.8458202562697,3071.4570482552103,3091.9456448828973,3112.82458368162,3133.684587498712,3154.2727934331974,3175.0683576440542,3195.690755714622,3215.904273009779,3236.1138158961926,3255.991058049286,3275.336963669741,3294.489917928302,3313.196481066822,3331.3256034752517,3349.1460703147477,3366.4642759065155
T16000logg3.2,4586.988344069904,4351.852945317935,4149.6862657287575,3988.191784875559,3825.6247482550984,3687.4652888863634,3577.7303614574903,3469.986812495554,3379.821496712252,3309.194291714792,3241.7327008785023,3186.731101509671,3145.003076993097,3106.6520283571604,3076.9949358480644,3056.213334276626,3038.4828752343774,3026.6461664715707,3020.58062727322,3016.940990014329,3017.136165274116,3020.949850110493,3026.558614433,3034.664404317497,3045.026363764089,3056.810825770474,3070.235065876227,3085.000160503239,3100.8598045482045,3117.7017033855095,3135.228685809922,3153.5015729467705,3172.28219703484,3191.315731315018,3210.8185524868236,3230.5576800597573,3250.2983959645235,3270.317304059975,3290.3764833086043,3310.2549104529808,3330.2106482872073,3350.0272133951235,3369.5073483961633,3388.8500458147287,3407.884167314675,3426.448754909255,3444.6887504061538,3462.502743253777,3479.7935555200834,3496.6506202889013,3513.0267520693083
T17000logg2.2,4385.799817815443,4072.4838552519186,3808.995024128113,3602.6641101007604,3400.0070736120383,3231.2538033473834,3099.23812422491,2971.3586212395835,2865.2874154040132,2782.617785584086,2703.6667133140736,2639.2016956227517,2590.2132585154272,2545.050020643225,2510.088605943827,2485.6769103731485,2465.1226873197093,2451.5712652189877,2444.9266755508297,2441.452527946463,2442.3816853105122,2447.5531509473053,2455.062903367209,2465.243314474866,2477.937238560138,2492.3977663549326,2508.415167755631,2525.7951758224294,2544.438099996144,2563.790003989596,2583.679236488254,2604.3335298535185,2625.196677305062,2646.1825058164923,2667.730436097347,2689.3513238022247,2710.9557523742787,2733.054488985013,2755.1545631335935,2777.1551594372777,2799.5701175757536,2821.905161481359,2844.016866904504,2866.369744333223,2888.470256084064,2910.1851716296123,2931.9447391369854,2953.299843413867,2974.1932387760235,2995.010717748436,3015.336910896814
T17000logg2.4,4849.6014122717415,4509.17823766632,4219.797826351055,3990.4074745949974,3762.0799348434434,3569.5915555678966,3417.007158872663,3267.445643728262,3141.9211542056196,3042.687945756601,2946.8172090116755,2867.381961917095,2805.732590197373,2747.860839733721,2701.744631859602,2667.947198308751,2638.082017569645,2616.420738409231,2602.9902404945883,2592.8051160509826,2587.865772505827,2588.087851332171,2590.6203553027535,2596.368484883713,2605.269356579187,2615.872318268786,2628.4006363025246,2642.7540542462343,2658.310017686965,2674.85238056803,2692.2942803713786,2710.4559783116947,2729.018548361402,2747.9740047256228,2767.4194944044216,2787.0804334119853,2806.9460824737403,2827.21734422691,2847.6046952338424,2868.07789853035,2888.852885357171,2909.6316480976766,2930.341139195937,2951.1542251778965,2971.770845025531,2992.1283115941446,3012.3651638193473,3032.2419489529357,3051.784302339395,3071.0758285891325,3089.910480832448
T17000logg2.6,5138.009467210504,4793.901971728754,4499.599077982375,4264.95575783859,4030.240665045306,3831.1308163132203,3672.384680356374,3516.0914693723153,3384.133483605762,3279.173024797413,3177.2812159436235,3092.2292922614756,3025.614540605762,2962.5242216421016,2911.518444147047,2873.347165361944,2838.8475250772453,2812.821981956737,2795.452241027903,2781.108940181934,2772.2552884412166,2768.9246817726466,2767.719015094537,2769.951830188057,2775.6675768669857,2782.951888503666,2792.3796981035525,2803.9450715026423,2816.6414484665775,2830.5488470969813,2845.652637243921,2861.4414582834434,2877.8307383592182,2894.861375611623,2912.322241654704,2930.141697684927,2948.3603994988716,2966.902999914833,2985.6699929441183,3004.6803487815446,3023.889290744114,3043.1776654854793,3062.5240228632165,3081.851058609222,3101.0357784668345,3120.0712139102825,3138.8454063139316,3157.308226626432,3175.5375540645027,3193.369976424146,3210.7943945479583
T17000logg2.8,5170.811298475629,4843.050937861725,4561.694872341925,4336.778865655755,4110.895497893217,3918.6457941198078,3765.081739782156,3613.5133487558564,3485.3045017896493,3383.2588642796895,3284.0831534725558,3201.221444335614,3136.3035764337305,3074.7235890954444,3024.833511577905,2987.407455098522,2953.412363140122,2927.599361445377,2910.191990746856,2895.5973934132753,2886.3341571933097,2882.4719541543836,2880.571010955666,2882.059951212332,2887.007387024994,2893.3959762370837,2901.964828053723,2912.7166955968755,2924.503068822189,2937.5912222073157,2951.9620877463794,2966.9457702117165,2982.6354431990812,2999.048503894784,3015.8133151342545,3033.013989396246,3050.6653229031344,3068.5468912390015,3086.701947728693,3105.125548612336,3123.645262809962,3142.266673306476,3160.9529478269515,3179.5241359248516,3197.9664325960975,3216.259886569692,3234.2191650485966,3251.8762973442163,3269.290163427197,3286.253545964888,3302.8170113942924
T17000logg3.0,5094.137199102465,4789.631479334028,4527.432119123068,4317.242455510758,4105.667342467578,3925.166708782554,3780.7233985229623,3638.0762131712963,3517.342943961092,3421.225206368922,3327.9355847314678,3250.0831660165854,3189.160687644501,3131.50300587272,3084.8852008468743,3049.978084348138,3018.3389795905236,2994.404145655606,2978.3442382418643,2964.953570914239,2956.5969863055893,2953.3055176937564,2951.902356795215,2953.734563604375,2958.8295222163883,2965.3529651153867,2974.003216134822,2984.7352633345527,2996.5192862368162,3009.612630828004,3023.9498497436966,3038.934784380531,3054.6527868411304,3071.0701160639396,3087.8489892296575,3105.070850999324,3122.7008121147187,3140.5315014900575,3158.6142392211646,3176.9013796693584,3195.2205264184545,3213.6022200132716,3231.9794287714785,3250.1613613480927,3268.1819365507504,3285.993883453453,3303.394272415791,3320.4724040380265,3337.251595207495,3353.503031499438,3369.346423850432
T17000logg3.2,4985.156636448665,4708.7320123331465,4470.192562277339,4278.70939160939,4085.5320208046,3920.5458609845646,3788.5412952461966,3658.186756967347,3548.0142434732293,3460.549014821108,3375.9168123005975,3305.6035645021043,3250.909902590827,3199.43815906223,3158.154644542302,3127.597381827249,3100.1656184597614,3079.7985948268606,3066.601436753069,3055.9200498421083,3049.8618296494697,3048.408477721069,3048.731063834583,3052.0545683050336,3058.34682220886,3065.990495115913,3075.6326130103366,3087.1637932719614,3099.71155274363,3113.5048396824177,3128.4123441741026,3143.9735593954424,3160.2340956084436,3177.0919538405815,3194.326160245132,3211.962449725394,3229.906035817615,3248.054805319574,3266.4060374338083,3284.8619376120846,3303.343723052391,3321.8318061689342,3340.2239922543004,3358.4172044652996,3376.4041342130117,3394.1103171866175,3411.4084361093614,3428.3520989474187,3444.934553579031,3460.9976246756382,3476.633127878062
T18000logg2.2,4060.9716908095584,3775.917579832064,3536.3070779051036,3348.5798335617465,3164.3725692477965,3011.123540221303,2891.2866654648,2775.5697185147073,2679.9864984931633,2605.8180888024453,2535.584680214384,2478.819637588859,2436.1741924904827,2397.5007274923946,2368.2557188318797,2348.523319570332,2332.6286072459434,2323.1087397778615,2319.7061296617644,2319.400868508869,2323.101729365963,2330.5354897702155,2340.384077487136,2352.6911078083485,2367.1623641438787,2383.571020274444,2401.420548252184,2420.3891622993965,2440.8650321803684,2461.9588778547636,2483.3962803821482,2505.874054754636,2528.4809349513384,2551.042862103468,2574.4185082099516,2597.750457716849,2620.880023960229,2644.656559559368,2668.288882823324,2691.631032881902,2715.460587895342,2739.0737517018474,2762.286486640196,2785.7642945677144,2808.8805378811708,2831.4601443192923,2854.0903305336856,2876.2356009240607,2897.7895145170096,2919.2522828712504,2940.166325939495
T18000logg2.4,4317.201379845822,4013.1834076340183,3758.609974783867,3559.4346285390175,3364.439745833271,3202.9105441265715,3076.703513945852,2954.947263399903,2854.4722326018777,2776.264770090487,2701.9153796876612,2641.6273787738746,2596.029041547107,2554.3946667580235,2522.709318432345,2501.0969739468346,2483.489415412688,2472.738468986607,2468.595936684062,2467.6951024190216,2471.0353212129003,2478.3677987762726,2488.0199609582487,2500.151925331567,2514.567059247021,2530.685889734956,2548.1401632010266,2566.718986980415,2586.4543426121168,2606.6498595419494,2627.1411725750086,2648.3068245449763,2669.458390274369,2690.5351949063033,2712.1545299751456,2733.692109201699,2755.091821292551,2777.0206676840507,2798.8505882131135,2820.5206107670897,2842.644521625926,2864.6329517805007,2886.3827608263664,2908.4010236080703,2930.13427811656,2951.517379952361,2972.9285949783034,2993.9055737304234,3014.5163441654886,3034.986562230574,3054.9260258726895
T18000logg2.6,5614.910423353294,5235.009914388056,4909.780470855679,4649.461580204749,4389.089746795026,4167.711860716377,3990.1418784218945,3815.004698557576,3666.243073341192,3546.6833331026555,3429.8843393970697,3331.272509908107,3252.7221638482765,3177.3418956465057,3115.095603114395,3067.007742441623,3022.2601493665734,2986.84741625889,2961.196280584895,2938.244812157834,2921.460380268503,2911.106223611905,2902.550662664812,2898.0019742696854,2897.722746818731,2898.769378970855,2902.4558959993,2908.9594613489608,2916.427935573056,2925.5274138203235,2936.392409676272,2947.856503737984,2960.2663798747426,2973.7796991131127,2987.696600131339,3002.235476611125,3017.5499185785334,3033.1882029092185,3049.2609367798236,3065.9019264020917,3082.750508416699,3099.8372431510074,3117.249585994103,3134.6198490308034,3151.937875823291,3169.3463852333866,3186.415305381959,3203.2224883607882,3220.0570587541692,3236.368693559,3252.292363339267
T18000logg2.8,5311.209054115964,4963.180243277602,4666.458746003779,4429.94945762837,4194.0443557204235,3994.506870891369,3835.3113010641014,3678.882406199621,3546.9053164769516,3441.625753533652,3339.362114377785,3253.8853278156357,3186.6332338561256,3122.8006723511944,3071.0835809878527,3032.169652846417,2996.858086118408,2970.1070839979448,2952.0706807995043,2936.949604337617,2927.3744692233436,2923.393138599329,2921.3623915296876,2922.79195122242,2927.7737388328032,2934.124647800946,2942.6174535881673,2953.3048343146224,2964.9164346542325,2977.7197181419533,2991.754913574378,3006.303867413872,3021.432134987184,3037.2349926535003,3053.376316019764,3069.87307873191,3086.825024000175,3104.07677968329,3121.5675434305585,3139.3811131575612,3157.4051417324663,3175.5308489958925,3193.7983894510994,3212.0623183316757,3230.1890983718,3248.265804491567,3266.0662291579183,3283.545361636355,3300.9265845020036,3317.85847205185,3334.3513968139023
T18000logg3.0,4902.724980415761,4603.791330329088,4348.530773831297,4145.033384338064,3941.7741935095646,3769.8643716612105,3633.0165671717823,3498.813036707295,3386.0618395914476,3296.701010976081,3210.4786130718508,3139.053104406693,3083.5047218776012,3031.338453563133,2989.6879548000875,2958.9815219937295,2931.6033315682935,2911.5289883199716,2898.7724949667345,2888.6897193433383,2883.329095533268,2882.6195178431635,2883.798348269386,2887.9757840296243,2895.104184826175,2903.6923014641025,2914.1989979713535,2926.5255563329906,2939.961299620731,2954.5068573036624,2970.06373515715,2986.3573739203557,3003.2041688677728,3020.5628393455054,3038.413784041104,3056.5688809662515,3075.015424399913,3093.8264507825356,3112.8045137117133,3131.9435070932673,3151.290391345386,3170.6636399151407,3190.0374575468163,3209.3920882501798,3228.566421785792,3247.56753452584,3266.299541621437,3284.6877685290942,3302.84163791439,3320.5780007982657,3337.87971620914
T18000logg3.2,4882.8419331146115,4603.5220827538205,4363.944209672,4172.0783381327155,3979.701341526181,3816.4150424506547,3685.9931826082316,3557.9127747929115,3450.1783329661635,3364.670557356368,3282.285462069752,3214.1130325184463,3161.0954304430797,3111.4619399512917,3071.9138567136442,3042.7619195916236,3016.861710011634,2997.9389276402285,2985.9418966619332,2976.546652039865,2971.6683517896513,2971.1884002372053,2972.5703405453646,2976.839816647042,2983.907059626595,2992.453239360306,3002.877114331261,3015.0369947648937,3028.3591235355634,3042.788603856537,3058.186526780454,3074.4010626550585,3091.1730220582017,3108.414922612022,3126.22014239053,3144.3023381556163,3162.6088526588787,3181.3222479867404,3200.1433025321962,3219.037378349817,3238.1488732564294,3257.2074961961875,3276.1787970660107,3295.113795759814,3313.7979781776726,3332.236965802288,3350.3721526685276,3368.1145479516767,3385.5627991756164,3402.5448900393917,3419.0602913547764
T18000logg3.4,4938.8841210066685,4669.936430026381,4438.559637478894,4252.568050278133,4065.417112186523,3906.097330806042,3778.407302941081,3652.7370434686645,3546.861321096952,3462.6354475418875,3381.4473122018794,3314.216127195351,3261.815805065898,3212.7294204697705,3173.542063990974,3144.5191997518677,3118.6390925335045,3099.607211984032,3087.356100001251,3077.6283984913616,3072.370025927892,3071.4423397122623,3072.3438057614885,3076.1288858327293,3082.688864578054,3090.7265444417576,3100.667423063851,3112.354851896052,3125.2297191261773,3139.2533326742714,3154.273981989141,3170.147436402084,3186.6167020770563,3203.576358021031,3221.1241127220205,3238.9607583844813,3257.0181664806732,3275.4869037371113,3294.0476355003043,3312.653054152187,3331.4616932274025,3350.183135629622,3368.7782046436596,3387.3140370680126,3405.564412706011,3423.5330359849736,3441.1731957598026,3458.3944149997983,3475.2911592531514,3491.690908973392,3507.6110926512824
T19000logg2.4,4239.928959812106,3938.1686177061133,3684.3888580880352,3484.54319659745,3288.3573612943405,3124.971077663159,2996.3806812320163,2872.067685707181,2768.986789010937,2688.1457941728977,2611.082360391648,2548.175086080418,2499.9942196174593,2455.502890989881,2420.97116658014,2396.4993272471943,2375.5754100112854,2361.5046883315126,2354.0736244617656,2349.454804649246,2349.2020927058256,2353.1048236905644,2359.073710415085,2367.788840713477,2379.0755315941033,2392.0272529260824,2406.694541863867,2422.881764195146,2440.387857198715,2458.7818891471975,2477.8954693596047,2497.9194742347304,2518.2907966336043,2538.91526547029,2560.227095161906,2581.639645342635,2603.0843426869146,2625.067855119416,2647.0093539880722,2668.8570731107343,2691.10685866936,2713.186163059617,2735.0264561929102,2757.0370817453877,2778.672742315978,2799.9278356495065,2821.1043805512063,2841.756804199258,2862.020530045289,2882.0429459865927,2901.5076231413677
T19000logg2.6,4715.647412207849,4391.098281135196,4118.664574749526,3904.153811945684,3693.4145884815275,3518.145300208084,3380.027998065912,3246.1402699405644,3134.8502259959296,3047.077138958196,2962.772317445254,2893.3981176152574,2839.6449650377617,2789.385886212651,2749.748938241543,2720.9828214628583,2695.7520756482836,2677.950060643884,2667.4755870912945,2659.79964020043,2656.8575624423024,2658.5552580527815,2662.1698423554135,2668.7037512489246,2678.1322441605957,2688.9734106182214,2701.579671686106,2715.902937183468,2731.2015156844654,2747.3788619320785,2764.4058337021975,2781.992493353511,2799.934452787201,2818.2701214328713,2837.0473769166206,2856.0260046033827,2875.244871561976,2894.8954065884777,2914.6608621117794,2934.5908778889734,2954.89635181027,2975.1839011883785,2995.5175564806696,3016.0193462528655,3036.2497469885775,3056.4145940442886,3076.4702213401115,3096.0593564186784,3115.5757463926993,3134.8034854147104,3153.5254029297444
T19000logg2.8,4689.943986446391,4381.459035848747,4121.487563187966,3916.519742066704,3714.584260031762,3546.0739285827362,3413.2711990205257,3284.3457913369325,3177.019985436812,3092.5303521355495,3011.422288898393,2944.7189716701396,2893.240840708663,2845.198158713109,2807.367485706221,2780.0592995990182,2756.2003950238236,2739.4514787644744,2729.7462426361913,2722.8126588081414,2720.3983469598625,2722.407622475461,2726.3434710223205,2733.06999835597,2742.5484307842657,2753.4866306850677,2766.1230007369063,2780.372248379652,2795.6652515122764,2811.815260538552,2828.7510468305186,2846.338983672328,2864.262540807532,2882.522497150308,2901.278656275855,2920.201772726391,2939.3155011386293,2958.8945483377715,2978.561046437055,2998.341945534221,3018.503658071217,3038.6478808356374,3058.7916782127822,3079.1132471121214,3099.21068263467,3119.1728012374288,3139.0323960085875,3158.4845560421186,3177.795324669197,3196.8041107736385,3215.308801491208
T19000logg3.0,4885.882269976453,4581.333812568964,4323.291362925739,4118.6329693843645,3916.034224234448,3746.0404716629937,3611.29482183383,3480.034065697713,3370.3084459869815,3283.498993428663,3200.0113630710202,3131.0781867060423,3077.5561276268736,3027.471014732013,2987.7452128428645,2958.7006121591317,2933.0860732645974,2914.688526696469,2903.462913740424,2894.980960100927,2891.1127529898263,2891.781523962135,2894.3382166860315,2899.7687825991006,2908.058755461198,2917.7627420907534,2929.2367120854165,2942.4363423190853,2956.657014300984,2971.81647422003,2987.87918028332,3004.585443477731,3021.7029267124453,3039.2552859668635,3057.2772723386565,3075.5170957804967,3094.028339001194,3112.966618027281,3132.0306446816267,3151.2796980514145,3170.8703157294635,3190.4618220041366,3210.113526058937,3229.9033228516355,3249.4706285936427,3268.9586106537886,3288.3069400052477,3307.23700548135,3326.0902980731244,3344.6027678311616,3362.602668438133
T19000logg3.2,4865.536821887978,4577.384689168202,4332.2137492114825,4136.887653219204,3942.6049298664943,3778.9531520381574,3648.7383700994806,3521.5428384581996,3415.0030423734065,3330.513306384526,3249.2068068916537,3182.036973021355,3129.776941673348,3080.8759024515725,3042.0439148657483,3013.517878070273,2988.294237829626,2970.068622532824,2958.7426938936837,2950.041658405323,2945.8319726320137,2945.99511832821,2947.9917018029323,2952.815293176188,2960.406683246294,2969.416354358644,2980.217070772438,2992.711626904373,3006.267255100584,3020.819123386502,3036.28392731403,3052.4526022094087,3069.087874191809,3086.1641757460375,3103.7468860208846,3121.5677567657103,3139.6309903656484,3158.1119173520997,3176.6980256752017,3195.4074565724445,3214.404956571066,3233.3543967093983,3252.285996110687,3271.2793476438746,3290.000774577115,3308.562665594957,3326.9113140758914,3344.802828960793,3362.538564900408,3379.8607469151334,3396.6771196983386
T19000logg3.4,4840.352921383994,4571.284052368135,4341.093813244087,4156.739320163567,3972.2415094115076,3816.111871464761,3691.389101833432,3569.191180798677,3466.673411883553,3385.2691185045655,3307.0180311018257,3242.460978202164,3192.2750970523757,3145.4748934380314,3108.409510066864,3081.230561264284,3057.3208397083404,3040.155339104819,3029.5838136424445,3021.627365820902,3018.007477175182,3018.551491439648,3020.945745546825,3026.0854412945464,3033.8643604107874,3043.1030243370233,3054.0968420027,3066.7162845312387,3080.4707363714415,3095.2270204392353,3110.872772335383,3127.314156785859,3144.2322343481096,3161.5689836228617,3179.4707779571117,3197.5897712665337,3215.9087156155224,3234.66958091853,3253.4947908955596,3272.389978912383,3291.5766783599593,3310.6656226305545,3329.6789095876934,3348.752049306677,3367.5127968603038,3386.0574576328895,3404.396815575102,3422.2553339237716,3439.8923800986727,3457.146307351821,3473.866532440586
T19000logg3.6,5887.671660246453,5575.643030602034,5305.980981437492,5087.457006601698,4866.046221165216,4676.301716206509,4522.429043283564,4369.359919463086,4238.734475018018,4132.811470665482,4028.8706975734226,3940.866722745319,3870.1254965214853,3801.98349193725,3745.447312127276,3701.1704314882563,3659.6528301848502,3626.4151895501373,3601.693775191519,3579.185884978877,3562.2185303511087,3550.9365538398765,3541.12142789781,3534.984986895048,3532.7080895852146,3531.546214035209,3532.904512592567,3536.9077668547416,3541.758717278522,3548.2610925028225,3556.5145969475493,3565.318939688469,3575.1459771968316,3586.1070329189647,3597.410923240459,3609.3804431936164,3622.140302899331,3635.134063254218,3648.5582077906847,3662.5473616122777,3676.618128811416,3690.866928144099,3705.436840737422,3719.824511427306,3734.0820407683645,3748.4618304237924,3762.370730848507,3775.9560685175247,3789.5673732940545,3802.5614876500276,3815.1945902191087
T20000logg2.4,3336.827133825403,3115.751758872016,2933.81286405585,2793.2338653658912,2658.4787693377216,2549.5604011714554,2466.0931886988515,2387.8621928088664,2325.4999764395484,2278.506846517535,2235.724949008857,2203.0794933215925,2180.116648572946,2160.922908441374,2148.561892839408,2142.475583804661,2139.728587224522,2141.4529454747053,2147.0554833648666,2155.2547838987584,2166.1676305228125,2179.321569443186,2194.501222137836,2211.329541257531,2229.411729765546,2249.2548881851053,2270.0788809141095,2291.5114169281715,2314.4115888547176,2337.6911626597866,2361.0509893434887,2385.483701531558,2409.881988143084,2434.0489990167744,2459.0401456985696,2483.7958246343014,2508.176010003383,2533.1981242536176,2557.857997037818,2582.076141204983,2606.7769754588458,2631.0208012009975,2654.7579494168913,2678.777625148588,2702.209287803017,2725.054091143182,2747.9687228743173,2770.22896673371,2791.849495036223,2813.4341760224715,2834.368525315015
T20000logg2.6,4204.348628861646,3913.507794877212,3671.1644887271277,3481.030123606906,3295.858829394199,3143.3356467615,3023.7437525384935,2908.9436303957223,2814.619316703858,2740.723150523758,2670.593227986363,2613.785121022171,2570.293720860682,2530.3480128059955,2499.70573245788,2478.1706191587964,2460.010791714015,2448.2434690585565,2442.5242803975075,2439.4212990613382,2440.3675024380577,2445.1144499441693,2451.719669726121,2460.8564770461107,2472.3821271719457,2485.376278324059,2499.9491602063777,2515.975104453122,2533.106911872072,2551.0486076642037,2569.7132216095147,2589.0824328740614,2608.7741774699152,2628.7631447561585,2649.286803415593,2669.922792175245,2690.6994393554032,2711.921729305808,2733.11092331589,2754.3867907837207,2776.001441753794,2797.4176017952045,2818.8530571559836,2840.401349009518,2861.5754506071485,2882.55406363786,2903.4434394889186,2923.8471708050215,2943.9402031463483,2963.839287827061,2983.2190014595085
T20000logg2.8,4249.632530390973,3969.0477167317495,3736.1663992017866,3554.108993276704,3377.6969014893652,3233.1009470756826,3120.22061081916,3012.439555685951,2924.281989823087,2855.5415162846384,2790.654721247119,2738.4289017469146,2698.8086051920814,2662.785579703749,2635.58212180229,2616.9936229903997,2601.8342211356508,2592.7218188560755,2589.325576833394,2588.6098901174405,2591.662781114208,2598.256108034295,2606.724471298695,2617.471165218703,2630.3969609788264,2644.7623110666773,2660.4536713397297,2677.3872081807626,2695.3226625927605,2713.8255682357026,2732.8559249865298,2752.4691278785026,2772.2139643901537,2792.116343671577,2812.4751753397354,2832.845945547931,2853.3066574248,2874.2158554385237,2895.0542247875587,2915.9978739984153,2937.320411320094,2958.431320344942,2979.6677523992844,3001.0853828204213,3022.11818857757,3043.130441199431,3064.096105273281,3084.5592309548015,3104.873717877517,3125.028443964025,3144.657381489116
T20000logg3.0,4616.92020541921,4326.0513068261425,4082.963611229761,3892.000182740573,3705.5112758647824,3551.4208762501235,3430.4675842172323,3314.0715001688795,3218.049602012664,3142.7199031210225,3070.9880522139097,3012.6024025758943,2967.85561749497,2926.598017754644,2894.7503761411813,2872.3431518359143,2853.364000093981,2840.9072772821805,2834.7887976845304,2831.3674124302197,2832.037131578728,2836.674066196558,2843.1399245667735,2852.0771998612795,2863.4714403366497,2876.198351730497,2890.344545880865,2905.907605992726,2922.3587649671404,2939.429419191701,2957.1403594636813,2975.3403227060307,2993.7122407085067,3012.3293433633594,3031.3292262768623,3050.3974404324713,3069.633345385746,3089.281253362131,3108.938436039954,3128.7814631552665,3148.983166862445,3169.0680429165927,3189.32857755868,3209.7523293604313,3229.823572969796,3250.0149786389616,3270.0815018325766,3289.6680945166804,3309.244445025625,3328.578221167552,3347.4014402635844
T20000logg3.2,4677.865065166715,4394.98965988503,4156.860486892835,3968.534790947704,3783.290699984455,3629.02511745458,3507.1158382742137,3389.1434002787087,3291.1989429157275,3213.889028920887,3139.991449002134,3079.4417933049426,3032.632026282085,2989.249234231215,2955.344193670202,2930.9559247626216,2909.9387030502967,2895.504470712533,2887.445597468578,2882.034078396285,2880.7857672883943,2883.540455407006,2888.1130442707195,2895.241437017959,2904.865427000575,2915.8619112294855,2928.4040142950603,2942.418023320792,2957.398256997533,2973.140430646601,2989.6012760768394,3006.6504831329294,3023.9825719932287,3041.6219991748712,3059.706307319518,3077.9215142542093,3096.313173830028,3115.1225686288176,3133.969028648572,3152.9427070426,3172.2376112421634,3191.431345530004,3210.673191541438,3230.026767978008,3249.031322433621,3268.019573056216,3286.82378001532,3305.1419640776285,3323.339898859406,3341.2205923548104,3358.596578776568
T20000logg3.4,4757.837143637688,4486.560540353301,4256.55113696925,4073.3495613927157,3891.691413870304,3739.3383104542368,3618.1548093424108,3500.220059326992,3401.8491159893956,3323.842465887023,3249.1085398177465,3187.6840564156664,3139.977098986706,3095.6801146372486,3060.8594837579094,3035.536278385784,3013.5499004864814,2998.1447178706435,2989.1021503056304,2982.695752729883,2980.479341603003,2982.2707157162968,2985.891028490988,2992.114073468842,3000.857716606982,3011.007299088921,3022.7665161898685,3036.0464871674467,3050.349227744312,3065.5007716202263,3081.447695885436,3098.0547333402274,3115.0250206369374,3132.365071201823,3150.1878039049893,3168.1773394998972,3186.372789357253,3204.9874312267984,3223.6470199381947,3242.440263860726,3261.534713168377,3280.515769955384,3299.5306399584324,3318.6237854685614,3337.3541843416006,3356.041545569149,3374.5140962759306,3392.491592252442,3410.3224553369573,3427.8078366721365,3444.7802127426853
T20000logg3.6,4699.58481090976,4449.959021968804,4237.3867725594,4067.4170316243803,3898.2005623332657,3755.7880207661774,3642.220190144914,3531.533088474114,3439.1409157596277,3365.8813300579927,3295.8402613373573,3238.4034972970535,3193.9212747902275,3152.8269731153414,3120.700252850037,3097.507639626425,3077.5909599563106,3063.880199853245,3056.127335646362,3050.977635457045,3049.7844432578545,3052.3326481186755,3056.722391373939,3063.5808231655597,3072.791296021276,3083.446315979266,3095.637332570951,3109.249129686009,3123.9523863278155,3139.4776792911475,3155.7462803676117,3172.7574374078604,3190.1145597613436,3207.800878618778,3226.0256827623466,3244.381345091314,3262.8944158737327,3281.8503854732057,3300.801973083798,3319.8279997650925,3339.152658140802,3358.3123577968818,3377.4426576648475,3396.639433497383,3415.4365613419254,3434.1268352772086,3452.597349120673,3470.5464198545396,3488.2908050778506,3505.685537569655,3522.546213835559
T20000logg3.8,5299.553018667222,5035.126597644846,4807.650763952315,4623.941984685759,4439.051382637279,4281.606218526676,4154.530889269471,4029.0855898097007,3922.811092724778,3837.1769085970027,3753.9205271003316,3684.182926410804,3628.780334128621,3576.211350355961,3533.463086148222,3500.8462392026368,3471.1237951529915,3448.360997255825,3432.568936438174,3419.0907459235927,3410.177603958852,3405.82051470381,3403.029502147638,3403.1961254052126,3406.386769090703,3410.779448432086,3417.115080416238,3425.4332279125565,3434.6264707442115,3444.9949167863397,3456.5924018141754,3468.758415031189,3481.5812772342856,3495.144922761949,3509.0898906079883,3523.420572026279,3538.2422972734066,3553.344357342772,3568.650860809742,3584.3042803173857,3600.085877287382,3615.8599950556136,3631.8169665131804,3647.6434126690942,3663.1910443502325,3678.777847450282,3693.9434550732776,3708.7066449562585,3723.3426286623258,3737.4554367701576,3751.145780185131
T21000logg2.4,2866.3595625578046,2671.3093131478163,2508.9823385559366,2381.5297594839635,2258.660744030291,2158.396274463599,2080.698988578904,2008.4219517345196,1951.317288837722,1908.7001572671463,1871.4488815325642,1844.450604922694,1826.7455113198127,1813.933323820434,1807.979488028082,1807.8820820769774,1811.9310173839865,1820.3830800995186,1832.3354217525564,1847.5628525445743,1865.468929229163,1885.3255174333829,1907.784012908748,1931.8208223055835,1956.8554733812125,1984.0372346703532,2012.0657691442707,2040.4797799960054,2070.556182504151,2100.854314364366,2131.057627615273,2162.412980613319,2193.5808474158102,2224.3833898585017,2255.998597152285,2287.205096134836,2317.907501114931,2349.1622406044676,2379.853090704191,2409.950465649132,2440.3821538027028,2470.158208411493,2499.2769514165016,2528.5433800805527,2557.0461986893697,2584.860662784058,2612.6106201547623,2639.516953278108,2665.7505082552425,2691.7736258079335,2716.9483277428835
T21000logg2.6,3355.010865837801,3129.6345964657057,2943.3620703404054,2797.857726477006,2658.179996949023,2544.8026875345245,2456.905394890724,2374.535491110802,2308.6614725976615,2258.3539848581277,2212.5443898471035,2177.355149180625,2152.0405537890015,2130.729597227189,2116.645581963769,2109.0610690728686,2105.015727224439,2105.748648281277,2110.5828157199317,2118.111271766178,2128.5323434485767,2141.372268074451,2156.1842564103595,2172.7293553265936,2190.702473305557,2210.2843877889813,2230.8978075175282,2252.3285466171446,2275.0362836530435,2298.177772172152,2321.614544830138,2345.9338330848964,2370.262977304084,2394.576944633465,2419.535198629921,2444.2777150881,2468.904771565834,2494.004366698072,2518.7572202517676,2543.3440460790516,2568.2675856030714,2592.7672038864607,2616.9635703262293,2641.3295896465106,2665.1246339805093,2688.5147896999993,2711.8712304836827,2734.5626424199177,2756.849208108004,2778.9793049426517,2800.428242368521
T21000logg2.8,3779.0063406672243,3531.627531124437,3327.394733411376,3168.2792566128187,3015.4336366554394,2891.2294502235886,2794.8804709239676,2703.9574959154165,2630.5319373168195,2573.8988329050035,2521.2987542520427,2479.842092570413,2449.10535028871,2421.9680366343932,2402.4873099301394,2390.2207892861884,2381.2487401539825,2377.4505167592893,2378.359844776071,2381.7934939224233,2388.400434106522,2397.8715384903817,2409.1314397661217,2422.306098736028,2437.2353088798322,2453.602820187005,2471.1091412695478,2489.6254370605316,2509.2170164445565,2529.29267793023,2549.7763499292437,2570.950703955161,2592.2003788173033,2613.5287620544173,2635.391163820995,2657.1656627573675,2678.9573004849185,2701.2040429170474,2723.2339936549233,2745.3242172736145,2767.7458745039344,2789.880702253063,2811.939943322934,2834.193330694395,2856.0242653515506,2877.605574104085,2899.1932538751066,2920.243344681017,2940.9885739567962,2961.6163983004662,2981.671279621218
T21000logg3.0,4341.20216919436,4067.952116347094,3840.8922749245785,3662.5206229225046,3489.915377295756,3348.3294356729316,3237.203970920159,3131.2351291266796,3044.440317973838,2976.2769488866447,2911.9215031758054,2859.9316364556025,2820.0420824124863,2783.6244634612744,2755.830723921615,2736.361849688034,2720.1540595728625,2709.8807505954637,2705.200641521563,2703.0141167895094,2704.5468544703776,2709.6113596252453,2716.3562715477174,2725.3866345662505,2736.681894479573,2749.2369209136964,2763.167724341185,2778.51464229077,2794.727182108877,2811.604699068396,2829.2045264542435,2847.29419927499,2865.604793115603,2884.267407623227,2903.2839105773814,2922.3430448752315,2941.7156406113613,2961.3973563075433,2981.007329014635,3000.957279717003,3021.1282718575417,3041.165366394269,3061.343436011931,3081.6301770545415,3101.615597257748,3121.546637687491,3141.3818831758776,3160.777057610576,3180.037338559476,3199.075047533836,3217.6282496056197
T21000logg3.2,4471.6544718655,4200.514642146886,3974.7995591301806,3797.6791375263756,3625.680137253695,3484.314174856377,3373.5195339467164,3267.4751688039773,3180.4282223609052,3112.1915038428956,3047.5081242051942,2995.1314156321328,2955.049442258344,2918.324009939689,2890.244085538749,2870.661315158482,2854.327623099826,2843.968642664863,2839.316130907659,2837.1805064975365,2838.7708706534177,2843.9363899811983,2850.7993714395616,2859.911205647058,2871.260056743117,2883.8606916953095,2897.7769082269306,2913.00628209089,2929.052482774877,2945.6820070854005,2962.9205344873703,2980.5871193870694,2998.4271540278814,3016.5041745081116,3034.9146986311807,3053.3820702465464,3072.041059618336,3091.035781750687,3109.991322119136,3129.18804335432,3148.640339487445,3167.9125873297203,3187.4055019914626,3206.9635444921937,3226.1963905400476,3245.42039787001,3264.5244259389033,3283.190498260033,3301.708381763747,3319.9992171537046,3337.820664608874
T21000logg3.4,4616.165598035613,4349.960921054598,4126.7282254341535,3950.285486518965,3777.5795947220277,3634.5177739960345,3521.592111994935,3412.857594316801,3323.0692197943226,3252.2731162768673,3184.951903357391,3130.1658197914057,3087.9611609983112,3049.1649510886855,3019.2277748849583,2998.010350074771,2980.103559876809,2968.329948057336,2962.417499007398,2959.0783623281573,2959.5807936238966,2963.7653701410704,2969.6892504624293,2977.9466896516956,2988.5211280236535,3000.3746323075566,3013.6057656865887,3028.21298004591,3043.6598871985057,3059.750223598671,3076.5153751708685,3093.7389115345554,3111.1821141116625,3128.9159921299356,3146.9940744948713,3165.150498845223,3183.53361214002,3202.2453253784993,3220.9256385930344,3239.870713162566,3259.0512999961006,3278.0490024182513,3297.279901503412,3316.541707474339,3335.470237656017,3354.3933263966487,3373.157411605375,3391.478297351801,3409.6448541414034,3427.5469213712854,3444.9756534946723
T21000logg3.6,4706.776455777381,4449.818542740728,4232.825207468657,4060.21894787039,3889.961435070069,3747.861898070352,3634.9906072615418,3525.6894821939304,3434.9334887969044,3363.051171111247,3294.535576274067,3238.538505920792,3195.1952714011904,3155.2684186180213,3124.2230368982223,3101.9520337629087,3082.985912843717,3070.173135355605,3063.257086018332,3058.9312283599124,3058.493816646727,3061.774408786716,3066.831670307683,3074.27941543521,3084.0785232186877,3095.2060819077215,3107.76249927243,3121.7426526838835,3136.639414267949,3152.240625510964,3168.578581708522,3185.462165627514,3202.6166244939172,3220.1156835950164,3238.0101691893665,3256.008006266756,3274.2567077982208,3292.863625950804,3311.4618102513655,3330.306775669173,3349.4058703723636,3368.3224509377606,3387.4727407629107,3406.646296514347,3425.4690943957153,3444.3195101689753,3462.980111008745,3481.183259945696,3499.261317180743,3517.042501679294,3534.342338093604
T21000logg3.8,4770.580200090184,4527.708853477623,4321.471563773715,4156.358806258224,3992.6597539077356,3855.3059547814746,3745.535758708223,3638.8479282024196,3549.9139111250543,3479.090683990303,3411.439847943985,3355.9614422717636,3312.7440269756607,3272.8402535198607,3241.6236344393037,3218.9276754002876,3199.4350775697576,3185.9737956378312,3178.2486254075966,3173.0293717654276,3171.6452920421043,3173.902938696677,3177.8917932181944,3184.2718063975185,3192.987062331307,3203.0229705086876,3214.540607347869,3227.5050351003347,3241.397056518188,3256.072096570614,3271.542360703679,3287.5873736043477,3303.9730516297795,3320.757495009335,3337.946801724138,3355.2666432200945,3372.8607984199934,3390.7735710743236,3408.6558724017473,3426.803521722271,3445.1187259240637,3463.2480039901084,3481.5196799391692,3499.7494373828213,3517.64037679985,3535.412406868392,3552.9513022704878,3570.0432463610064,3586.87351638031,3603.3601968662892,3619.374228518056
T21000logg4.0,5364.044470042447,5112.446647905396,4896.269283703427,4720.76229608481,4544.792509526082,4395.155245553686,4273.646380172389,4154.128693935402,4052.9764656573675,3970.85740367801,3891.2866090984526,3824.670069486067,3771.2674876160395,3720.7735778895667,3679.7025876931207,3648.010769172742,3619.2188961347565,3597.121535728611,3581.5278906772087,3568.2058630539746,3559.295487668841,3554.685578810381,3551.581646976627,3551.3616073820303,3554.0543110024605,3557.8579487803086,3563.581942924751,3571.27950320203,3579.7274467238635,3589.3660281596776,3600.2691118962416,3611.613799723601,3623.645649495464,3636.493366585901,3649.6070753625327,3663.1026272189642,3677.2377969078257,3691.5319527918273,3706.004506493336,3720.9978350316474,3736.00899067941,3751.0556601401904,3766.287671338331,3781.3763531830573,3796.292315118069,3811.111179908889,3825.578986807942,3839.731958983213,3853.6483605696317,3867.096876824134,3880.1910176601937
T22000logg2.6,3797.620768743128,3528.6847622545833,3303.9443561891076,3125.662795438401,2952.60228412522,2809.993725765536,2697.190263435701,2589.9837905603854,2502.4881561722136,2433.6952050522063,2369.618689479852,2318.4989464541163,2279.460287549801,2244.604657245216,2218.672183148423,2200.816325042061,2186.6288302836865,2178.4624011832975,2175.546589979018,2175.3968745480843,2179.067063317539,2186.014706026251,2194.960006589325,2206.335329721936,2219.8008943573072,2234.8767104119815,2251.5530434125913,2269.6135694558775,2288.98213554481,2309.261827203447,2330.3549824000747,2352.334974871173,2374.658559464539,2397.4278987198336,2420.7524229277647,2444.132152841442,2467.6324790484778,2491.5135060959187,2515.2400160713646,2538.940433926764,2562.850650237325,2586.4160774986967,2609.8178251254876,2633.1685213899755,2655.9511692216297,2678.456763180193,2700.6695943286327,2722.230858967744,2743.446415222591,2764.280465812747,2784.5027185971608
T22000logg2.8,3629.5906107132523,3388.5563564055606,3189.297293964517,3033.511629423956,2883.905198065991,2762.2687049717774,2667.6674578080474,2578.643787074676,2506.927782986787,2451.5961089577486,2400.523292378976,2360.5058087727116,2330.902228193231,2305.0241639006845,2286.70312734912,2275.323837180649,2267.25973352172,2264.2646071019494,2265.7518962673,2269.74522811523,2276.864416718215,2286.7121668964637,2298.3486859835593,2311.910319326845,2327.167575050115,2343.882669161766,2361.8067598974126,2380.7810519083437,2400.9002511899616,2421.6161179838214,2442.822798959504,2464.8001691965715,2486.930139312683,2509.22235575865,2532.068618541033,2554.823916013739,2577.6621262034428,2600.9027734641136,2623.93131243986,2646.9465035172566,2670.265329017098,2693.278857404927,2716.1281492378857,2739.1208012258658,2761.63925943729,2783.87154630069,2806.0344260764787,2827.608749647371,2848.8774477980246,2869.951364744419,2890.4221392096065
T22000logg3.0,3706.192897605249,3475.9399416355,3286.5169813517628,3138.9537850237043,2998.178044803271,2884.4378010407086,2796.358542281027,2713.9784337359474,2647.9729629356607,2597.250907274957,2550.6784874198515,2514.441392155083,2487.871513856156,2464.902893433201,2448.9768610013834,2439.526391636928,2433.290743511835,2431.7717247445776,2434.4700472963955,2439.5919922299104,2447.5717484357324,2458.1242070819567,2470.368414122402,2484.3191561726535,2499.8848181153576,2516.791724633231,2534.697647474865,2553.5927384900374,2573.4617514553897,2593.743000341198,2614.454507034462,2635.77780746373,2657.114617283742,2678.6132464292573,2700.551453679646,2722.3266018571567,2744.2572495187296,2766.532567674785,2788.5993428590523,2810.7178650767996,2833.1385068503923,2855.2626962309378,2877.3492393229867,2899.5848972278286,2921.363214582569,2943.0062528909907,2964.5807291966094,2985.586870966504,3006.4128842113178,3027.045428639159,3047.0943211972653
T22000logg3.2,3951.1762836224375,3714.85443224363,3520.0282004617006,3368.130013867589,3222.72917056088,3104.8490491085363,3013.36765598974,2927.3385024583567,2857.9791638818256,2804.4144479076613,2754.7998222068113,2715.7568049886395,2686.791567953806,2661.321668593223,2643.1157102667034,2631.7322067353384,2623.5341926127617,2620.2467066628806,2621.460906598657,2625.1020534178792,2631.7327398889033,2641.128080563372,2652.1812415989957,2665.0081026492912,2679.568532115865,2695.4000625661038,2712.2418411353815,2730.1085595548398,2748.8465537566385,2767.9741932642396,2787.5299530219113,2807.592781410513,2827.6608324728495,2847.87263934175,2868.4607699914636,2888.911315992905,2909.5263904276303,2930.4675655780247,2951.2031238438562,2972.117402039525,2993.2848841589293,3014.199648622927,3035.1515355134356,3056.249371563013,3076.9510892700105,3097.553965502242,3118.0983347931187,3138.1237035578556,3157.9985244038617,3177.6854211193245,3196.8280442397922
T22000logg3.4,4432.4822766017405,4180.056692890987,3969.7058683322125,3803.7698331872507,3642.9679177971757,3510.786898401067,3406.6803190235337,3307.4275487262976,3226.0684276028137,3162.0123606796465,3101.648094430143,3052.9097220939243,3015.4719044229664,2981.431640598525,2955.5327227981043,2937.4446844044205,2922.535856356756,2913.232149592359,2909.194405491892,2907.563295658837,2909.42624141683,2914.625236032479,2921.4128169370406,2930.326132202475,2941.395214880714,2953.620386647597,2967.110890228621,2981.9707664730818,2997.5682989034444,3013.774811709089,3030.6795178534912,3047.9726228915492,3065.454512685387,3083.3123616122753,3101.433055544608,3119.5577369109274,3138.0738925426585,3156.7991478015697,3175.477262755382,3194.4523196752352,3213.6097399417454,3232.6417670878145,3251.785882342512,3270.9863592728125,3289.8859253172436,3308.734794952177,3327.4309172587527,3345.6933701573594,3363.832346294955,3381.6898129541146,3399.09245863838
T22000logg3.6,4305.480293575213,4068.6000483974112,3870.8547648475737,3714.9533999711375,3563.4236711858402,3438.718837569306,3340.6988706575507,3247.1519450232126,3170.5915871029483,3110.6620729186934,3054.384037372197,3009.2632889257993,2975.0551093646745,2944.3102599065987,2921.374221127421,2905.92966398099,2893.7363167939666,2886.8876090097115,2885.0250428907684,2885.6603285331553,2889.597046326801,2896.6334689047194,2905.382743551446,2916.110107234429,2928.77767767837,2942.732713146753,2957.823157160093,2974.050627949039,2991.142835261592,3008.7064978131457,3026.790774777299,3045.363707981195,3064.0226335866337,3082.8804856499914,3102.101195319004,3121.2714788156386,3140.6182402131844,3160.286931041375,3179.7886116486193,3199.554648027349,3219.520428858635,3239.2440426092207,3259.0963538525143,3279.011695000435,3298.5569252741116,3318.021070067882,3337.366269339612,3356.225824956947,3374.9037149957826,3393.3422466356656,3411.2639161614716
T22000logg3.8,4350.145398343296,4126.998568771079,3939.5700335670304,3790.939039359061,3645.5730896520513,3525.243122716841,3430.204201409428,3339.1920677028734,3264.4977742419314,3205.9146821769377,3150.944598653791,3106.8911300657032,3073.517599797401,3043.656231622724,3021.456465111415,3006.5794615311806,2994.978262424359,2988.603558782245,2987.0860537628464,2988.103922841996,2992.351786249093,2999.608327643969,3008.622795088112,3019.575295674626,3032.409510594028,3046.569108923283,3061.8342813548456,3078.2073686194576,3095.4911549127805,3113.2350045527733,3131.497493181601,3150.3063045932217,3169.1964542963747,3188.2874970079724,3207.7737186305244,3227.1893591083635,3246.7756628663897,3266.6999258172864,3286.4331005204904,3306.4156270075923,3326.6019240430487,3346.519410868929,3366.5525617475732,3386.642026764589,3406.333229340578,3425.935576722091,3445.405530323494,3464.367649527592,3483.1437997458897,3501.663252422992,3519.6492676612393
T22000logg4.0,4514.394756295896,4297.394747248539,4113.680226699277,3966.7291220380876,3821.846884578273,3700.8674016852633,3604.422036744958,3511.394360361078,3434.404346776342,3373.4164523619615,3315.7994950794664,3269.127196474763,3233.221616783422,3200.697544063328,3175.928670631925,3158.6034773933616,3144.4521634223015,3135.6316860381767,3131.7959246912546,3130.411816310201,3132.3674447541325,3137.46510766788,3144.252380634279,3153.087680645473,3163.9351007728765,3176.0542006789233,3189.4037699134187,3203.9990229003324,3219.471170150214,3235.54256754733,3252.271082273385,3269.5395100848114,3287.0054339002363,3304.8055618695,3322.980418621953,3341.150644382258,3359.5968165816103,3378.3263894600655,3396.920328354355,3415.7887799603213,3434.8068635476366,3453.6093585049516,3472.467177110108,3491.332653599738,3509.831519578226,3528.1899922970874,3546.3570037626446,3564.0422807746095,3581.4980684640304,3598.634807016931,3615.262730459074
T23000logg2.6,2734.38973989694,2590.7359244224217,2474.314644941203,2385.4166232653865,2302.446484721295,2237.515394939423,2189.395550052201,2146.8608995084414,2115.618869996579,2094.4247753281034,2078.146669205203,2069.1037857964557,2066.1250327082507,2067.430521634695,2073.3301181358233,2082.750449563941,2095.6519837233686,2111.2641954987653,2128.711526233042,2148.826940426098,2170.408562118494,2192.7992541436224,2217.3230220943465,2242.6168550352468,2268.162883466813,2295.555264261535,2323.264542993798,2350.860940771076,2379.9536528738054,2408.917645500397,2437.4547293351675,2467.0941562797675,2496.308523572862,2524.941791962376,2554.418395783427,2583.328671966133,2611.62617836014,2640.574635656019,2668.8624058621085,2696.549508669525,2724.713027975135,2752.17549214323,2779.031833102058,2806.2164874565115,2832.640273015258,2858.4732742747096,2884.4650320079536,2909.645958179329,2934.287166008227,2958.959869909175,2982.8266005596056
T23000logg2.8,3002.609695438754,2803.379030744853,2639.6629377856466,2512.0109790287147,2390.810451461464,2293.4683586068127,2218.5181200144243,2149.560691026088,2095.525774474848,2055.017226638091,2019.3821917681698,1993.2912207035017,1975.6398460737728,1962.1932643661391,1955.116793765624,1953.457735304855,1955.3752868862903,1961.3994425049157,1970.7431056872506,1982.7837483249207,1997.2391064410372,2013.5830012850568,2031.9177875953076,2051.651052030277,2072.4773048138536,2094.9470724194266,2118.216348346736,2142.0929588777503,2167.27255664779,2192.7089432309062,2218.3445190102448,2244.8713239696867,2271.2394683223374,2297.5993966249443,2324.5609037905833,2351.1933267602294,2377.6683412012108,2404.593913619561,2431.0641286008295,2457.354262688777,2483.9374511896167,2509.953201474915,2535.7659347581225,2561.6630948892657,2586.8488061772305,2611.7871142081226,2636.5892257120117,2660.6181667361784,2684.3621602974686,2707.866323792406,2730.635481469723
T23000logg3.0,3402.8005238682335,3187.749405994377,3010.645262847995,2872.1762021035256,2740.268778554723,2633.7740181201953,2551.1894028059373,2474.437761376529,2413.36847303744,2366.661498197402,2324.436043353431,2292.1854893739705,2268.9752836146813,2249.6190707979217,2237.009469231999,2230.3621538273087,2227.0605731577803,2228.2185132091954,2233.184201807536,2240.662331105712,2250.815937305348,2263.242326864454,2277.4496917194597,2293.2418914486234,2310.446717950691,2329.0922231205436,2348.6846671581475,2369.140548468594,2390.7097237538774,2412.660314774379,2435.014539950674,2458.0990732051873,2481.1384041794145,2504.3599328381265,2528.0628087544424,2551.5723944102638,2575.096904176402,2599.013353128087,2622.6257824472245,2646.21496028625,2670.072156464814,2693.5084890013923,2716.876570826959,2740.315941663941,2763.174771944175,2785.893509702762,2808.459286932112,2830.371459813597,2852.074591213415,2873.526788956455,2894.360449430314
T23000logg3.2,3550.597504307464,3340.3200353414677,3167.605817260185,3032.93378655214,2905.0128843756024,2802.0306269078474,2722.353762529647,2648.387359321289,2589.550052669986,2544.549678354572,2503.7804540993593,2472.564213061006,2450.0558363656764,2431.1872687087243,2418.779755891797,2412.156364916996,2408.7173745693526,2409.5604112656233,2414.139810678835,2421.1055071456058,2430.622296847333,2442.3894349806515,2455.818452072339,2470.738787242892,2487.0775211584087,2504.739825012731,2523.2620944620526,2542.641365599673,2562.986723634044,2583.6371167942343,2604.673716730955,2626.306146387544,2647.844858488668,2669.5778523297276,2691.69546783249,2713.6072651301492,2735.6021414228717,2757.9275954159834,2779.978686043216,2802.0674666671566,2824.3987263953372,2846.3520818083957,2868.3015683561375,2890.3201150482914,2911.8111156388018,2933.2225810300847,2954.486925969661,2975.142769243787,2995.6398489309163,3015.889678653979,3035.561198833867
T23000logg3.4,3793.6857323944546,3578.778423104381,3401.6295102023428,3263.1083329112425,3130.873536252189,3023.846449934257,2940.649359584357,2862.836193690779,2800.3902505824312,2752.209561940084,2708.0203170771265,2673.605549559997,2648.267116610535,2626.422088372441,2611.2543903268743,2602.186458270526,2596.2224586092802,2594.7331813778737,2597.238309834425,2602.0780171117012,2609.6206618347137,2619.6099332768736,2631.2136640945323,2644.421730356737,2659.18557330234,2675.214353318665,2692.1735645219583,2710.0866845391574,2728.8886301506222,2748.0513740624515,2767.650669429838,2787.7821241549946,2807.891053673854,2828.2119401639634,2848.890910106199,2869.404064751294,2890.10420779761,2911.089077269852,2931.86488594152,2952.733307335666,2973.83033771784,2994.6196585819403,3015.4293271703696,3036.3078820660503,3056.725949960219,3077.0647090289767,3097.2592258297664,3116.8848940282414,3136.3741571126766,3155.5953845560475,3174.2731348902203
T23000logg3.6,4004.4579365983905,3786.811579194835,3606.746653855299,3465.3000409630667,3329.7160629465952,3219.448785201411,3133.2494541865217,3052.278567688518,2986.9508066707244,2936.225118168726,2889.5029714652565,2852.844203500973,2825.5762530889756,2801.8537325385623,2785.0324743774513,2774.5733472796474,2767.2648871491997,2764.5866648274196,2766.1216615315707,2770.023963491151,2776.7337753568518,2786.0693524778794,2797.0202966074858,2809.631609261745,2823.9518517833462,2839.4934613939677,2855.97251199011,2873.5270819422412,2891.905674121818,2910.6287911306736,2929.887904006155,2949.608076532019,2969.276911358997,2989.274025031142,3009.54960078592,3029.680804323075,3050.032938155767,3070.6524476584245,3091.087231853289,3111.68274850682,3132.4917861353115,3153.017568788088,3173.6484038653607,3194.332000981471,3214.585505787118,3234.8314056388067,3254.9172942289943,3274.4671674407405,3293.9323743219043,3313.114713086511,3331.794390167786
T23000logg3.8,4106.957424261115,3897.354127438782,3722.7306435119385,3584.8863625202725,3451.619948136608,3342.392251711361,3256.5718207527243,3175.322985487305,3109.2861730522854,3057.7567232808215,3009.9483940743053,2972.102361160164,2943.7228205806437,2918.7780694225794,2900.7500117923582,2889.184729255051,2880.7386717144545,2876.9718789579324,2877.492680854703,2880.375774227704,2886.112932213845,2894.521187083687,2904.549688558902,2916.273432762953,2929.706688569678,2944.36522887619,2959.9834915935044,2976.6572766020263,2994.14949547525,3012.024947206112,3030.4038600973704,3049.2602289685965,3068.1272688183058,3087.2555628905598,3106.7041067158134,3126.0065002101896,3145.57870703997,3165.3974140694454,3185.0473300272333,3204.846360267792,3224.8554247798907,3244.6058975651085,3264.3925448952014,3284.2376153129153,3303.6687758097937,3323.0152253569886,3342.2071045761713,3360.878510414093,3379.384471543407,3397.6108220553724,3415.31226022665
T23000logg4.0,4193.733378947214,3992.081437473528,3823.0367618544064,3688.838127900669,3558.2042324931867,3450.433105092998,3365.3052627917355,3284.3044227780024,3218.1797483830137,3166.4161922083667,3118.30586892629,3080.1224174589397,3051.4260760381385,3026.2053180383596,3007.919546095742,2996.123012390456,2987.4912910091543,2983.5504029130316,2983.908247440967,2986.6826108653454,2992.3281569283677,3000.648615926305,3010.6400374108885,3022.341053876284,3035.74931274799,3050.4145043647172,3066.0360834762923,3082.7167993030826,3100.2380890081236,3118.14098455264,3136.5571904883222,3155.474307319984,3174.408419113942,3193.6025513971313,3213.1328278272604,3232.500634826168,3252.1549407976677,3272.048737747937,3291.744797224402,3311.6237481644275,3331.689704826183,3351.47989343374,3371.3164796034416,3391.1948690553336,3410.6475394901063,3430.017982877657,3449.219552783492,3467.888410265333,3486.400459377693,3504.6159101444223,3522.295876623296
T23000logg4.2,4450.155589703091,4251.52201947698,4083.650037381895,3949.0721985566297,3817.0205286470496,3707.0558212629444,3619.2281530837727,3534.988868863012,3465.506635389092,3410.3824478104675,3358.6586709256835,3316.980397280027,3284.947937375265,3256.2345708080893,3234.6141271583806,3219.6757483980577,3207.786950217921,3200.7558378619506,3198.224378446696,3198.015783790183,3200.8329636089998,3206.517622153057,3213.7855043714135,3222.894842054015,3233.896622530211,3246.0815729973465,3259.3603206679604,3273.8708009226225,3289.1758258314526,3304.9938286354313,3321.5185936772436,3338.509069701347,3355.615574481787,3373.183141535526,3391.0227157228815,3408.8181993782187,3426.9618994467805,3445.31397865441,3463.5639275464664,3482.0279446197333,3500.63379753186,3519.014557705218,3537.4844594725596,3555.914221080812,3573.957396733601,3591.9404908950137,3609.674470598963,3626.9261260427334,3644.009325650687,3660.7309497120245,3676.9902927242947
T24000logg2.8,2816.8680234586077,2619.091102317926,2455.92565253191,2327.785505123248,2205.930890070806,2107.6753467518947,2031.5252821997678,1961.6912679886618,1907.0285659038416,1865.9788653197713,1830.4009404103588,1804.6650974260422,1787.4466426313131,1774.9627151270547,1768.9748918960029,1768.361728133142,1771.6962481750409,1779.1525522198945,1789.8480833779126,1803.552552163525,1819.6679579179515,1837.6035903130405,1857.8047212565837,1879.3731109297037,1901.9786586097994,1926.4511290826138,1951.6665577993504,1977.4611044414914,2004.7348543298617,2032.1778789734146,2059.8378245456556,2088.506509982307,2116.942870933718,2145.3273504018052,2174.407804395874,2203.030026086102,2231.503016827753,2260.4433026194793,2288.755391065517,2316.9460595719256,2345.380875396449,2373.0644928299307,2400.6490678933174,2428.238096508638,2455.0024524416935,2481.5173009388936,2507.8626197778794,2533.3387910231045,2558.516424976105,2583.4226449431244,2607.4732179109315
T24000logg3.0,3157.787507591864,2948.0408252522807,2774.497520118281,2638.1381823969273,2507.7193689202936,2402.034505697703,2319.8352784803233,2243.4977262048187,2182.905671468155,2136.7186574826733,2095.375661016717,2064.218873604577,2042.1593947494455,2024.3119836265998,2013.3522668624682,2008.325285921553,2006.920758791102,2010.037448534585,2016.8708368025232,2026.4356414011531,2038.7114906284828,2053.154699871248,2069.5658358795145,2087.575650698227,2106.885717879083,2127.78837006171,2149.647563427444,2172.281912454005,2196.176201611344,2220.460489466023,2245.092338033454,2270.5787287635367,2296.019683251985,2321.573874532386,2347.6955543024637,2373.590080922341,2399.4189766524146,2425.6773317406205,2451.566337483278,2477.3666367900546,2503.4308215147166,2528.995352074574,2554.429700482842,2579.902334531383,2604.7098563256063,2629.333419265123,2653.7634662743094,2677.492068180552,2700.9280208592213,2724.0987126508157,2746.600458423126
T24000logg3.2,3258.4100510904805,3063.7857280266976,2904.328857680519,2780.388745501841,2663.1651033793796,2569.3295162656514,2497.2484372164636,2430.9528510046744,2378.8967625046416,2339.728956576628,2304.9515622292383,2279.1417732916043,2261.3591824114355,2247.324123159575,2239.2904860419394,2236.4846867499664,2236.9038616692565,2241.237708584599,2248.8576007782553,2258.9062378787585,2271.254504157834,2285.5153818081885,2301.5133585352737,2318.8359006329965,2337.3213421315754,2357.2295117680446,2377.889468036048,2399.2298862896696,2421.6618691833833,2444.3278442144406,2467.26020634966,2490.912002913463,2514.410335776046,2537.993310766025,2562.0549400001123,2585.828065539041,2609.5824338634716,2633.72069556658,2657.490170002124,2681.2105297106154,2705.2017396342335,2728.723753038806,2752.1740790318468,2775.7107771935625,2798.637167017458,2821.4359500446,2844.1017099577575,2866.0853910685573,2887.8794837619557,2909.4373039544007,2930.348444900192
T24000logg3.4,3593.142821301558,3387.8426287279963,3219.4410384176667,3088.223208581799,2963.8797280316703,2863.993577136671,2786.8133209532893,2715.3509677343495,2658.661632012971,2615.403041388755,2576.3482539221727,2546.597009564779,2525.283379451865,2507.5495030546385,2496.0868926299363,2490.223690495106,2487.4604780515433,2488.8371467526285,2493.8408649464627,2501.160400792837,2510.949630740319,2522.9476776087226,2536.561286569365,2551.6182513899835,2568.1113986748055,2585.879190381502,2604.4734034289136,2623.9620286614145,2644.3808193552627,2665.0763113689068,2686.2091705890084,2707.9070269775034,2729.4984314981907,2751.3316197977547,2773.5240951130486,2795.516326857714,2817.613025837479,2840.0379526017036,2862.184076245526,2884.4380624081914,2906.916357229338,2929.0142393002225,2951.1940257132696,2973.4208673588887,2995.1182714180622,3016.8317580611742,3038.367472605553,3059.3198692768033,3080.146542659679,3100.7166130836044,3120.7338078866574
T24000logg3.6,3709.7115167948155,3510.943950500456,3347.374954532601,3219.516888072681,3097.8821383224736,2999.75769070165,2923.6294052635835,2852.8390375938584,2796.3884849693004,2753.077657913164,2713.788372795211,2683.6119636794174,2661.7609798971057,2643.3989466608446,2631.210131123273,2624.573355666538,2620.978507610557,2621.4691524908803,2625.570563081587,2631.946690070154,2640.7614860522144,2651.7865247034133,2664.397842923385,2678.438329432143,2693.9139533946286,2710.6443484981805,2728.190456397553,2746.630944095902,2765.97034872252,2785.5859043361556,2805.6447418918556,2826.2431987697287,2846.7340760430548,2867.496172774904,2888.591987399521,2909.4854464970176,2930.521076011016,2951.8528957119843,2972.911370619217,2994.087631771366,3015.460397393986,3036.4543186920946,3057.531047773676,3078.6300250090726,3099.198215069749,3119.7852798730837,3140.170840606669,3159.9770483501206,3179.6429126379144,3199.037168031545,3217.8810179542697
T24000logg3.8,3804.0716868028485,3612.409227342282,3453.987177534561,3329.6406987986256,3210.7924143271975,3114.4646558552167,3039.4296419398456,2969.4045571971283,2913.3531295687726,2870.222441590694,2831.022322698801,2800.8177370744297,2778.891591550863,2760.4326399598867,2748.092701050979,2741.304649747428,2737.5448915208267,2737.836368313297,2741.7573260902223,2747.9492482022606,2756.5563424327647,2767.397115373612,2779.814512809461,2793.6348276417493,2808.907061545714,2825.400916668771,2842.6697953424564,2860.8435142658896,2879.872305523275,2899.1416835062505,2918.8638063685107,2939.090677186851,2959.188432340397,2979.5693297648936,3000.2525661335444,3020.7234750615876,3041.34906044807,3062.251139172608,3082.8809968256496,3103.635773180729,3124.5757615722946,3145.1473383567236,3165.79858917679,3186.4664322046724,3206.632931538214,3226.7821087739926,3246.7391807558784,3266.116859936151,3285.378885682501,3304.344928211512,3322.776475876551
T24000logg4.0,3921.033853320937,3733.9459865154627,3578.4099616365074,3455.544210861149,3337.3572207662573,3240.89851759988,3165.206795154501,3094.145507664441,3036.8775378161645,2992.4579651818526,2951.872646564052,2920.317009613967,2897.0968204405667,2877.3437047637203,2863.7881079391295,2855.863377095668,2850.988620863736,2850.238191374747,2853.193494614573,2858.438353611581,2866.1567938056564,2876.179270541577,2887.7869219291724,2900.833374457182,2915.401166536026,2931.1768071076917,2947.7545974400286,2965.28750512367,2983.656480949009,3002.285623163619,3021.4228434087713,3041.0459780222386,3060.566728583589,3080.4138801339577,3100.5499771520986,3120.5031825080728,3140.6274434315415,3161.020069684956,3181.156879879163,3201.442940351209,3221.8928921959928,3241.97886866402,3262.167085433724,3282.337820227891,3301.994320173787,3321.677234291936,3341.1220499489905,3360.0134178556345,3378.7489302131535,3397.1799206419364,3415.106358337558
T24000logg4.2,3969.84178536848,3793.5888223636807,3646.0560911966045,3528.8504096057527,3415.228192929592,3321.8347043315275,3248.1659602315535,3178.5948441681353,3122.222964690703,3078.3402431912846,3038.111081114461,3006.693030753204,2983.494335177952,2963.714620830419,2950.041306077074,2941.9471399095355,2936.8990448774484,2935.928252719245,2938.6203505591684,2943.618402363521,2951.06998523369,2960.7899567473874,2972.1288565444524,2984.903985149333,2999.143264226231,3014.6287920880613,3030.9122088819263,3048.0984407549317,3066.1540098331197,3084.482732926175,3103.273529381173,3122.5923892598644,3141.8216074685643,3161.3456319781912,3181.190772816583,3200.8413395074595,3220.661750544183,3240.7478219508544,3260.5783399176235,3280.502609198574,3300.595182767086,3320.323197914827,3340.0702279177117,3359.8013763973577,3379.0301696844317,3398.167914927904,3417.085449358819,3435.4173755697307,3453.5745533775676,3471.396398673629,3488.6849237982274
T24000logg4.4,4020.8394894340668,3856.0168942192413,3717.2531392299256,3606.1144339551784,3497.907343669864,3408.4610771825805,3337.329132320786,3269.9696310631093,3215.135761454702,3172.096660848425,3132.5805337651327,3101.5514318173186,3078.3678956101116,3058.518820301641,3044.5935848106283,3036.0316161676446,3030.4359571091622,3028.8169855895035,3030.7489985752163,3034.9206117839317,3041.4970809761885,3050.2996915805907,3060.6655544338773,3072.4461481477183,3085.71526056358,3100.1806627029023,3115.4594514661353,3131.6918869281044,3148.76883262098,3166.1446140869325,3184.092412832656,3202.5457118473364,3220.9569430663987,3239.7360763584575,3258.818379774616,3277.7469862997964,3296.8758472607265,3316.2412621354456,3335.3459917971727,3354.6198068168856,3373.9856565715145,3392.9507077538683,3412.0291981442865,3430.984594557677,3449.4201408162403,3467.808414475788,3485.8961837954785,3503.465134697563,3520.738874792046,3537.6844656319445,3554.156839244699
T25000logg2.8,2532.5699735803014,2370.6294017611945,2236.476392547404,2130.6695767557917,2029.9131188340207,1948.669527761276,1885.9286446088731,1829.2341859872151,1785.8139830192038,1754.2710095379086,1728.6407469801127,1711.8541253045257,1702.5277726201605,1698.3687392189152,1699.863230752944,1705.8570858360772,1716.0197274977531,1729.5702843655517,1745.6688987508032,1764.9592828428504,1786.10669473817,1808.5814653959208,1833.515858897622,1859.3795374356998,1885.8983872253607,1914.4308115908527,1943.3243128645477,1972.5087496369922,2003.2655776541671,2033.8628861925347,2064.4680046315243,2096.148064884258,2127.32379361958,2158.309051150844,2190.0338839376823,2221.027538899658,2251.8139097435414,2283.0372796054694,2313.367695652191,2343.5112066953316,2373.832923242973,2403.181153810557,2432.3382047040823,2461.464345239112,2489.580757498467,2517.432089071874,2545.1019136356413,2571.7383723862604,2598.1356658998284,2624.2368972776194,2649.3163046110026
T25000logg3.0,2956.752091044226,2744.4416849073455,2568.6715726955827,2430.3990059755715,2298.140691391587,2190.8459629903487,2107.314924702537,2029.854027387815,1968.4489830224998,1921.759244696289,1880.2971398198847,1849.334266082382,1827.6997948865428,1810.6457305959952,1800.6364724951502,1796.6310374929712,1796.500217914192,1800.9470546271875,1809.1086862124816,1820.231613421199,1834.1197941839257,1850.169272227516,1868.42630648832,1888.3210841079901,1909.4949242691307,1932.4700040351627,1956.3991361977303,1981.057906102568,2007.120961352974,2033.5320347411641,2060.233219186178,2087.8851136832373,2115.440814623697,2143.0360623163847,2171.270530099299,2199.205396421114,2227.021913216371,2255.3009128691256,2283.1236503844925,2310.8242945656407,2338.7938149078914,2366.1731731084014,2393.4298990075354,2420.721153449872,2447.287319055037,2473.6523090326514,2499.828016038494,2525.242769091836,2550.3298950714234,2575.1459567420948,2599.21997024419
T25000logg3.2,2923.563084328263,2742.650960862443,2594.2841319692907,2478.675884959305,2369.4911681398985,2282.241478273328,2215.3100711709185,2154.3097443828574,2106.9784899271754,2071.841393057701,2041.498603197348,2019.8611555332106,2005.79839762657,1995.8566335942483,1991.6906704529422,1992.3604635975366,1996.520385078154,2004.3743959391707,2015.1757004255767,2028.612007782542,2044.1676605153234,2061.3698003930567,2080.4954352972413,2100.7966245420553,2122.058230624143,2144.893501355338,2168.3551242970652,2192.3466707869884,2217.5687216924894,2242.913643162132,2268.4384093302665,2294.7940312057603,2320.8996559156426,2346.996327247645,2373.6483869043554,2399.9003178864414,2426.0377077093062,2452.5924581043614,2478.6351791866805,2504.594422358821,2530.804399668692,2556.395540790346,2581.92307381243,2607.488043048022,2632.3222072406575,2657.019006925133,2681.5480402297203,2705.3223258336807,2728.8449032175113,2752.128185316624,2774.6790045775974
T25000logg3.4,3390.9432578668243,3194.4679739763656,3032.631509882643,2905.949828435037,2785.4459237673364,2688.311378348128,2613.031461007992,2543.351062899398,2488.1534679995625,2446.0980811061754,2408.3863136316563,2379.8932122643796,2359.6645052563667,2343.1572071901423,2332.8614707126458,2327.997573388479,2326.335037586949,2328.7552304738306,2334.634894072183,2342.9093542894075,2353.6166484243276,2366.3895174432937,2380.857378614972,2396.7461130317256,2413.942454328452,2432.5082032738637,2451.9163680619863,2472.1434311685393,2493.4329633996595,2515.038297065151,2537.0649649128504,2559.7821812214543,2582.4200304335664,2605.2546240843817,2628.5365133717646,2651.5928627260278,2674.6953560564575,2698.151885203984,2721.269621213717,2744.4317886835724,2767.8056526523096,2790.721842440349,2813.656896969828,2836.6014577832143,2858.9467421631093,2881.2262069004696,2903.3031068459854,2924.745243188546,2945.98429992199,2966.956353464947,2987.3250487930286
T25000logg3.6,3550.6261767928654,3362.0129263301405,3206.662424441118,3085.104249047109,2969.49178188301,2876.296484927046,2804.0748968147236,2737.1722831581915,2684.0939593748885,2643.6164870621524,2607.251670388928,2579.7010033536912,2560.114094944127,2544.0659501688124,2533.9485407807892,2529.0920510607,2527.2740771882377,2529.34913258992,2534.8118686216744,2542.545826720242,2552.5908820621876,2564.687784849765,2578.377969262268,2593.412035834938,2609.78449858681,2627.4297738797886,2645.8474757976714,2665.112926173153,2685.3341388907597,2705.812574102197,2726.734670189354,2748.2586940462575,2769.6756685780756,2791.324092191969,2813.3610028962225,2835.171421914107,2857.078615210735,2879.308648393796,2901.217716721615,2923.230493177959,2945.4377948198526,2967.217111099448,2989.0696805129933,3010.9302753328707,3032.222240086425,3053.516405173197,3074.602259068217,3095.081534365255,3115.4162498533474,3135.474227596456,3154.9654307254227
T25000logg3.8,3566.0641037845057,3387.585208359349,3240.6635768735555,3125.6270235015368,3016.369069411749,2928.3751130311666,2860.1440785438085,2797.055620492704,2747.0684588963636,2708.9458200497984,2674.8310629928515,2649.0858066208125,2630.8490734581956,2616.082157122796,2606.9413600484527,2602.7642607256685,2601.5541328721724,2604.0184179738744,2609.6801105493664,2617.555167313726,2627.5928318487413,2639.577333692304,2653.123475089741,2667.9153797724575,2683.9895218375577,2701.3126812672303,2719.339275641207,2738.1682711418284,2757.918628455115,2777.8602921532956,2798.2386044271493,2819.179031085066,2839.9818515698,2860.9948531199916,2882.3803808139733,2903.5105357287143,2924.74941583349,2946.278451053268,2967.4514334416217,2988.7457364787815,3010.1859680500925,3031.1553592267705,3052.2297595207515,3073.255413492639,3093.7025464794174,3114.134741592526,3134.330391753301,3153.9306373500576,3173.324699039198,3192.4326016618115,3210.9720597434957
T25000logg4.0,3677.68245955307,3505.6608555758794,3363.32057661299,3251.1828330320554,3144.118867057453,3057.3743191582557,2989.654066716125,2926.747530712901,2876.618430829492,2838.1159346316213,2803.5281121094927,2777.2240795871203,2758.3725066803586,2742.9719968308723,2733.183469456339,2728.363291200904,2726.508900847941,2728.334195324864,2733.3884103826485,2740.64641210999,2750.0731939691555,2761.4938506625754,2774.4572071292855,2788.6622084679507,2804.196403474545,2820.937886553888,2838.3654964886705,2856.645803919171,2875.794421080834,2895.116488048891,2914.948317743854,2935.283810441179,2955.492383467242,2975.9475844145586,2996.741927924189,3017.284234333457,3037.989821821988,3058.9450165802127,3079.544774506311,3100.3281930241046,3121.211538803488,3141.613755402271,3162.1943732973573,3182.6699253224197,3202.5971596653158,3222.495834462737,3242.146942971491,3261.233752419749,3280.097867232808,3298.665443685993,3316.695147960881
T25000logg4.2,3834.5783370906947,3662.7097592915734,3519.6386685276143,3405.2703090764776,3295.8005621259977,3206.423906589981,3135.4111856464588,3069.2891679820514,3016.111270059319,2974.3342135428566,2936.6506002284677,2907.4980825113676,2885.7387239406353,2867.5793285122904,2855.2483113717835,2847.9238154063123,2843.653062793017,2843.2307763121557,2846.1574880408166,2851.321840069455,2858.774202129913,2868.4049394703497,2879.551060371822,2892.037203075655,2906.0420021155082,2921.202330820276,2937.1121139412976,2954.134260499453,2971.9382580662364,2990.024449507118,3008.7935642124107,3028.021253590645,3047.1594447533926,3066.819716353094,3086.69392350657,3106.3090522661837,3126.3871555762275,3146.5427871467214,3166.434625718744,3186.5527360472693,3206.696321260158,3226.491211295429,3246.372088026485,3266.111960921045,3285.3815665647107,3304.60106392799,3323.493114815522,3341.850469020582,3360.044298394386,3377.8199098769605,3395.09073698814
T26000logg2.8,2784.393375439317,2688.308066564525,2609.893291315336,2549.0040883752836,2492.511386492683,2448.5071037661237,2415.976826348138,2388.711115268896,2370.1383916333893,2358.968568331521,2353.0958719994906,2353.011927868735,2357.430960875694,2366.402050588699,2378.7976070300283,2393.5991536803413,2411.880226340875,2431.912549178424,2453.043017210731,2476.793861968494,2501.3032945201207,2526.206494086426,2553.1721464669313,2580.340695241917,2607.567324649742,2636.5016190783526,2665.283710231977,2693.9514728293766,2723.9402944771746,2753.431872918986,2782.6673896802968,2812.811017837795,2842.2267986967595,2871.345668475007,2901.071311129824,2929.927066752414,2958.5372348455353,2987.4791377036313,3015.453519871869,3043.198295733221,3071.04023348342,3097.8648560430615,3124.4959665076876,3151.0581892453847,3176.5987667622667,3202.005981767796,3227.225947063395,3251.425298966203,3275.5965461584947,3299.474812367311,3322.346673859059
T26000logg3.0,2780.122741662587,2580.7554632801675,2414.3020926587083,2281.168960957259,2153.3761322618484,2049.019818390135,1966.6125025015708,1890.6802507669336,1830.652864162928,1784.710049117818,1744.8348382143056,1715.524289991198,1695.1712643716469,1680.0836290155798,1671.980452894247,1669.5775108954938,1671.5238618292865,1677.8818150905531,1687.7211818277117,1700.8286597896983,1716.4687406931148,1734.102896457237,1754.105350215212,1775.4728097469638,1798.0170051741131,1822.4337477652691,1847.5335279712622,1873.4531090078879,1900.8112344447106,1928.3128375791673,1956.2510000807192,1985.16118251729,2013.7472327962573,2042.5855417075475,2071.9972230757876,2100.8022393684823,2129.8023516400563,2159.0853247010905,2187.65136376829,2216.2854116474346,2245.0311471619684,2272.9530798055825,2300.88987806906,2328.7022086970424,2355.5471914416207,2382.3785083085936,2408.8567205271993,2434.3146321760564,2459.7787202622553,2484.7754721119645,2508.795950271741
T26000logg3.2,2827.022324853512,2644.3890468974887,2493.89943479591,2375.176106266901,2262.830878997781,2172.527175317497,2102.283359090913,2038.3640445246342,1988.6006319860137,1951.1439013893796,1919.0961658364447,1896.2092927683775,1881.0306963530006,1870.5102994449496,1866.0180013365593,1866.4302302937206,1870.704997395183,1878.7680800176345,1889.8353923521504,1903.8072266148106,1919.9137186978826,1937.7588976301806,1957.7214388900618,1978.8263415965546,2000.9899165664103,2024.8575294923016,2049.2478754551767,2074.3657695533793,2100.755195866154,2127.1739669170215,2153.9394866886173,2181.5613701857515,2208.8086409369303,2236.2449419629097,2264.2020433970465,2291.5563482752254,2319.0950330190904,2346.9171610945837,2374.058702693475,2401.3115320352013,2428.69428060198,2455.337749771801,2482.00265957845,2508.6118083186834,2534.3646438975484,2560.089157483551,2585.53634121986,2610.054325919328,2634.5570552857184,2658.643492806832,2681.819800565491
T26000logg3.4,3248.483020959928,3056.893876588902,2899.0718718489743,2774.5411187546833,2656.6740270913915,2561.7370843775175,2487.5686255461387,2419.5475206176134,2365.901247952796,2324.7755162337394,2288.5469718305308,2261.4958215669208,2242.272408707792,2227.1766384309476,2218.183772563998,2214.2807573403124,2213.823886935696,2217.3055278967663,2224.021018053191,2233.2945693785073,2244.8677264403673,2258.404833983471,2273.750112382417,2290.4184849026365,2308.365369346415,2327.7685366637825,2347.8927545559386,2368.9695227004518,2391.1323609346646,2413.5422534722316,2436.4882556560187,2460.15852454099,2483.663695254446,2507.5053186728915,2531.764090197665,2555.6152840327472,2579.7845893834146,2604.1633312572044,2628.067173373188,2652.1780712213517,2676.3816894437387,2700.0436138751134,2723.7899524480135,2747.4586685265513,2770.4585929011605,2793.4515943460638,2816.155317995383,2838.1068014782813,2860.0350851777066,2881.550278732626,2902.326480357835
T26000logg3.6,3327.578274676739,3149.7009775019596,3003.36128191809,2888.5645306527354,2779.8680412928984,2692.5302537573602,2624.822977333546,2562.6778888303825,2513.8203102232133,2476.773122389489,2444.138282670444,2419.9875123284414,2403.2553712704685,2390.297278120372,2383.007085511641,2380.5653239802937,2381.3082990174476,2385.7141288934654,2393.197024961553,2403.0479071989466,2415.0301770848982,2428.861555734291,2444.3700983826357,2461.0857544445585,2479.0007388882373,2498.259511941354,2518.1768924316016,2538.88324192494,2560.597839237777,2582.458353316852,2604.797508489254,2627.757564254893,2650.5541288186196,2673.5348722675926,2696.945566282504,2720.0075144975876,2743.230928821245,2766.7310868697386,2789.7536497840138,2813.0020676459662,2836.3482888555036,2859.1422882859997,2882.077673864252,2904.9420323805166,2927.2088899460823,2949.38680922782,2971.361091454722,2992.6857459609787,3013.830748542006,3034.6781266610224,3054.884549026701
T26000logg3.8,3446.464494518351,3275.157265699067,3134.039585601161,3022.434253306181,2916.934887025207,2831.987601644847,2765.4492931565082,2704.471670382875,2656.3663772763903,2619.3745146069855,2586.8211266708113,2562.5317332878444,2545.261893778059,2531.7530460431963,2523.752050882282,2520.3811747446557,2520.1220847216655,2523.4071094832757,2529.7096693147255,2538.279496556404,2548.8992247372753,2561.425175738618,2575.5152109227024,2590.7597120219125,2607.326810543977,2625.114443401441,2643.52852156605,2662.9028771761796,2683.1478022241217,2703.5429195357697,2724.5633350572184,2746.0848640599716,2767.386607488341,2789.1682059670866,2811.184011589238,2832.817246608774,2854.8562515453114,2876.983487037684,2898.6909678015422,2920.647859058457,2942.5983284227937,2964.030857504494,2985.6461240205967,3007.066516757063,3027.854080426829,3048.725827490651,3069.2091893651063,3089.007939338054,3108.797178455663,3128.110676873636,3146.7821700810473
T26000logg4.0,3622.54627236341,3451.7678952172546,3310.294600466761,3198.470308867977,3091.7233963839726,3005.1458034817683,2937.3209965611177,2874.3909785263822,2824.2377277482815,2785.5876623050417,2750.9548903610703,2724.6328197269468,2705.6811057067043,2690.244789542538,2680.4273758054505,2675.509109830731,2673.5810375543388,2675.3377106192015,2680.2784669773296,2687.4456879687355,2696.8010304178833,2708.133793218771,2721.030926310867,2735.201893648505,2750.6979268957425,2767.434527171678,2784.8927394949637,2803.248545924995,2822.5101010890376,2841.980339017639,2862.034188826774,2882.6211162167433,2903.122280449567,2923.898821981567,2945.0418086020777,2965.920165391795,2987.036638694367,3008.377789906759,3029.318352024421,3050.5449824597076,3071.8115112073483,3092.5948340582468,3113.5449106235487,3134.3699702252766,3154.6733491477125,3174.8717368791567,3194.8324102288893,3214.223947050984,3233.3844217238325,3252.225539557279,3270.511736604037
T26000logg4.2,3500.86091088642,3352.28138329292,3229.40610382815,3132.212271113227,3039.8894065816758,2965.3794698009174,2907.185686227205,2853.783200138716,2811.7610407416587,2779.790427273273,2751.8605265099372,2731.3531313689145,2717.2919044131427,2706.7551049301633,2701.1833791960785,2699.881676074778,2701.527519899054,2706.347529701869,2713.9354821985867,2723.68501891452,2735.226444437451,2748.518118828445,2763.302674322739,2779.066726388048,2796.023902549897,2814.142048729385,2832.716797895466,2852.16548783041,2872.4097644444605,2892.6967974868016,2913.4913254884045,2934.7672023479504,2955.7854940803895,2977.142967315075,2998.7664956896397,3019.951933966687,3041.518172159191,3063.1794209710515,3084.3416492799706,3105.843869261055,3127.3134256493368,3148.2839705832625,3169.3729487281184,3190.333792284151,3210.724039333296,3231.0836329652752,3251.1564001346756,3270.5992113153775,3289.9428734058,3308.896121708125,3327.219524020195
T26000logg4.4,3592.0794745158705,3449.7605374697832,3331.366522916238,3237.2343475380044,3147.1889785573353,3074.020926185002,3016.546146063883,2963.424593079048,2921.3075644011037,2889.0438443997514,2860.6039248253605,2839.4491417050895,2824.6985403217204,2813.349912499708,2806.9232148583533,2804.776451079836,2805.5039983882566,2809.408363442439,2816.1098414399466,2824.936074778059,2835.5815818290266,2848.0014953905675,2861.895734921199,2876.7979730758725,2892.9181657982713,2910.1805017558263,2927.9306225312093,2946.5663547462486,2965.9911863995435,2985.4875761616286,3005.527675428509,3026.0441824403542,3046.345615037892,3066.99415716609,3087.9120187929952,3108.437430256435,3129.324135743698,3150.314621518736,3170.8099419023656,3191.6861637293023,3212.4994096803466,3232.822349678504,3253.271344674038,3273.570546990592,3293.326659727566,3313.0112391348016,3332.4124789946436,3351.2287016422133,3369.867956854168,3388.1396954006127,3405.82661641899
T27000logg3.0,2362.083628106744,2236.137951519551,2134.341061528117,2050.132982573048,1975.386077676557,1916.4616393927915,1869.739392458175,1830.8616615342603,1802.5856847282835,1783.064417517807,1770.2939206328883,1764.7201183568554,1765.0758954724936,1770.4385393458517,1780.1003075986869,1793.1281065770897,1809.3088384841844,1827.8054503194387,1848.0002045440738,1870.1751500511104,1893.7666115411614,1918.2836258368397,1944.288905572577,1971.3934045610497,1998.9705465354577,2027.6062649474566,2057.089229594689,2086.523493380535,2116.4557490338198,2146.902315479579,2176.8671536848806,2206.9265951994457,2237.461217216296,2267.36878453379,2297.1875137631405,2327.458207244179,2356.9626244954843,2386.209280768656,2415.7582916380056,2444.456944584338,2472.745715149845,2501.1404777741304,2528.660418152576,2555.6893543315587,2582.721984079801,2608.9576288644744,2634.688791183985,2660.3329545404617,2685.1989653240184,2709.4981306856057,2733.6406095533343
T27000logg3.2,2812.595679454317,2722.1360676402805,2648.1703126937487,2586.428657312438,2530.8802340010748,2486.271038669235,2450.1604264237217,2419.125884862499,2395.7471596990727,2378.6337413333717,2366.0249634951156,2359.1915568211075,2356.8420696505937,2357.852009792927,2362.75948259967,2370.1677652170483,2379.3867094104367,2391.111031198018,2403.978782882363,2417.753546096276,2433.5386211924197,2449.954068119228,2466.9541412774392,2486.0142079301195,2505.3222779161765,2524.8826592282253,2546.031236425077,2566.8808733137944,2587.493145372796,2609.09800033189,2630.1728735313477,2650.822433015354,2672.173659068098,2693.028248975519,2713.4293780850217,2734.3495008667223,2754.8195950446316,2774.79352324785,2795.086483504533,2814.9283845606624,2834.1775305727147,2853.4898546093386,2872.3576889975693,2890.6246873492328,2908.8515573195396,2926.8035261402424,2944.196463016047,2961.4535575980094,2978.4945142704796,2994.9442501046656,3011.139286590826
T27000logg3.4,2933.761659143497,2761.148097598605,2619.7073257156635,2508.5294873865496,2404.1756677748804,2320.927221843053,2256.466007262387,2198.2915037926828,2153.3379908590605,2119.6529384539467,2091.082594617354,2070.936353017042,2057.773127023149,2048.921013387961,2045.5642735115566,2046.640807927904,2051.2389959471616,2059.2644910905415,2070.0258136808457,2083.394823256535,2098.674907017436,2115.561131651402,2134.3158432864634,2154.0845015107107,2174.89809775586,2197.213168749019,2220.012133296331,2243.5386589322875,2268.1861944306615,2292.8298164599687,2317.926915032593,2343.724760427624,2369.1355329748967,2394.8661674349078,2420.9691226661957,2446.4961647720966,2472.282232698487,2498.245788458409,2523.577119301727,2549.0676200580356,2574.6047378439616,2599.415316378952,2624.3798312209105,2649.1774332466675,2673.133928995039,2697.1970543671664,2720.873645286888,2743.6625336995667,2766.5000971021395,2788.850017649994,2810.3627807466246
T27000logg3.6,2880.949709127463,2735.593180785843,2620.3709072229394,2525.709875832038,2441.739411141257,2376.77216685782,2324.9514169561858,2280.6289173672217,2247.7940146934516,2223.435780794344,2204.76529402061,2193.382196690474,2187.67779879643,2186.336440801517,2189.50636572944,2196.265685532737,2206.037033020383,2218.3247523766286,2232.6225695689254,2248.8369885973525,2266.4101782807475,2285.1662049007555,2305.4367645076027,2326.6120351842637,2348.6065721916875,2371.9144917406306,2395.705282976566,2419.850411221486,2444.8334505039975,2469.807586704139,2494.7157333773735,2520.1439232599014,2545.4317286309347,2570.5155304534596,2595.947359487606,2621.1748023989744,2646.0802070490618,2671.2157701224714,2696.0876865510395,2720.576563534692,2745.1511228465765,2769.3938824468296,2793.1453932224413,2816.809823077475,2840.0973607828487,2862.827625704942,2885.355134513795,2907.4579851297003,2928.920545720728,2950.081433243507,2970.757920906535
T27000logg3.8,3224.09767535776,3060.032550349709,2924.9663271265413,2818.169216574321,2717.428585860819,2636.535031791952,2573.3606631357065,2515.855621768634,2470.8963809046973,2436.6928948896925,2407.139674534021,2385.670841331492,2370.9818561809534,2360.2381005002294,2354.8340361439487,2353.843300751064,2356.086980685169,2361.713334137234,2370.169188743562,2380.9922109338363,2393.7347333189146,2408.2361147233505,2424.3938170873316,2441.593607458983,2460.015053536271,2479.7330764404605,2499.9803457511734,2521.10690923741,2543.175910860225,2565.297833535123,2588.0207314290674,2611.2937924643143,2634.2518524198795,2657.67969107923,2681.3657701960733,2704.591366793133,2728.167016422275,2751.8603344003545,2775.0353388832377,2798.462994449814,2821.8810753750786,2844.685178334222,2867.699737392725,2890.504301576416,2912.592151672307,2934.8004633254614,2956.6034222368894,2977.656447277147,2998.722875293847,3019.302805122436,3039.189394337133
T27000logg4.0,3298.6851596036568,3143.4416499346103,3015.2706317397024,2914.242631753133,2818.3753570345757,2741.1761304867036,2681.1456276235062,2626.159583175268,2583.049939614755,2550.458019923161,2522.1047910997722,2501.4645858468375,2487.50543001415,2477.2372481561965,2472.1123228448228,2471.345122139767,2473.666313398219,2479.2782333133187,2487.653563585839,2498.329397651418,2510.888959707817,2525.12089133399,2540.993686434588,2557.9109410042543,2575.9273561052883,2595.2564527385543,2615.116776751885,2635.7259761880587,2657.301701957723,2678.954412619035,2701.0448128561225,2723.7467586855896,2746.2222943778806,2768.912427146247,2791.9930814883182,2814.65743670052,2837.539272439288,2860.6333523132594,2883.1865824035513,2906.012954284698,2928.8586033995293,2951.132400938317,2973.504973689243,2995.7681412510115,3017.4104791237046,3038.954283841421,3060.2502275553434,3080.8825080167653,3101.3241776308196,3121.426428570539,3140.873334590467
T27000logg4.2,3421.8381962725816,3275.3961455089516,3154.15601538333,3058.217622390168,2966.968946742789,2893.267738671161,2835.718297926243,2782.8978810596586,2741.3584827256996,2709.803728127563,2682.291001983801,2662.154554435673,2648.404047488788,2638.1844545881963,2632.8923304477694,2631.7918175157597,2633.6400607707756,2638.637838568827,2646.3180085985086,2656.1784719654756,2667.8362320733368,2681.1583300864904,2696.0195340224545,2711.877585578759,2728.860239939456,2747.0637600955088,2765.7611022611186,2785.271696419744,2805.6588062304554,2826.1172075565273,2847.0707976040194,2868.5711832671886,2889.834600762241,2911.4124834152303,2933.3069963935777,2954.764725956745,2976.5683344510567,2998.4970305925535,3019.901412914577,3041.626076154331,3063.321691637075,3084.489250503179,3105.738431575167,3126.8609594279496,3147.3931582503046,3167.8377456451644,3188.0101744547887,3207.536277775887,3226.9085361215484,3245.9082921725453,3264.2568741261853
T27000logg4.4,3422.215728508246,3287.729297555362,3176.1337196646405,3087.11840915675,3002.563202221145,2934.175465173604,2880.36586980414,2831.1935418376847,2792.58445114859,2763.098000048165,2737.653534660603,2719.1783411690412,2706.603460297643,2697.5488902001007,2693.1463309622745,2692.673323989318,2695.0941313635517,2700.4578417911243,2708.4178769628247,2718.47593908806,2730.1838395942527,2743.569822557383,2758.3983440245133,2774.0830914558474,2791.0189973866895,2809.039258750398,2827.476546321404,2846.8194647891532,2866.9301822156626,2887.0290185328736,2907.804227746069,2928.9880537471404,2949.8436251025646,2971.2622973804155,2992.8280869184646,3013.946491872128,3035.5030640984096,3057.0797414829044,3078.158460753413,3099.5682952873562,3120.8718433292606,3141.616558685539,3162.562167685865,3183.2425238691767,3203.2946808488095,3223.4010790104176,3243.091487203809,3262.1421755591987,3281.102885059847,3299.588433953358,3317.495059556639
T28000logg3.0,2745.264760067227,2640.349818454696,2553.592427398503,2484.834285566608,2419.7172953874588,2367.7629613115078,2328.0043268035106,2293.0951765756236,2267.5920715922352,2250.2937429328326,2238.036137343678,2232.1624193960765,2231.552176938498,2235.241070770933,2242.776820330293,2253.4042299379,2267.24693350068,2283.1459335044115,2300.7793064535476,2320.7733339793185,2341.728453221432,2363.6705153005014,2387.3990793082726,2411.4339246465743,2436.119397673582,2462.208051885619,2488.175406500383,2514.6398017311076,2542.0990618692435,2569.026292209024,2596.3386678828433,2624.208081797341,2651.290411836457,2678.6865872897483,2706.3537336280924,2733.07445450405,2760.130594114619,2787.192183226114,2813.1577889502023,2839.5122754843906,2865.608446434409,2890.539819637906,2915.8749162346144,2940.7886050595107,2964.5595989975454,2988.7132003723104,3012.373383093662,3034.970399363325,3057.890512000732,3080.2974739390784,3101.740990403907
T28000logg3.2,2504.242640303924,2340.4216521831677,2204.688153345394,2096.8929666716263,1994.2705718407144,1911.452067575407,1846.9179911052074,1788.4536732665958,1743.4354663368215,1710.1628375682772,1682.6807601468292,1664.1379540025605,1653.0408213213452,1646.9449922946067,1646.5876605363012,1650.8315787209187,1659.0728304668291,1670.7709683542732,1685.1994028376241,1702.6313260631075,1721.9455188095849,1742.8057716133728,1765.8872736640149,1789.8853130902812,1814.814964680667,1841.5044861972663,1868.5266509966084,1896.1690399677623,1925.1231939460292,1953.88221179892,1983.0217924101744,2012.9786500154082,2042.3448908338455,2071.9816727618236,2102.059292794761,2131.3495026949445,2160.8324406038632,2190.5063265202375,2219.2824706776505,2248.195892060951,2277.1005414139404,2304.999477799108,2333.0854393854993,2360.9291974724706,2387.673805402764,2414.6126999128396,2441.1055612371233,2466.4866631622745,2492.0327174999297,2517.0416373319254,2541.007982669979
T28000logg3.4,2689.8753197075407,2515.911288909454,2372.143989123749,2257.6020695199923,2149.1973641763643,2061.8502799465828,1993.2638031380272,1931.083848205279,1882.7825366834454,1846.2237060359307,1815.3462135560187,1793.5833451363192,1779.254063896917,1769.7845650637903,1766.2611232324796,1767.463410605677,1772.580179340466,1781.3652208497635,1793.095604180154,1807.7215700059492,1824.397761508954,1842.8503898698052,1863.3858139798933,1884.9721927846263,1907.7504659942465,1932.1384683940043,1956.9678663086581,1982.7008920224682,2009.5923921886376,2036.3926622433137,2063.8625142390574,2092.0044667061675,2119.6936236577703,2147.821307864809,2176.294905357869,2204.084213722532,2232.2712780536795,2260.546411041366,2287.990945816881,2315.8604257540364,2343.586966821819,2370.424440021054,2397.6010087674317,2424.4455400488323,2450.372371868297,2476.43956525469,2502.0380828765865,2526.740537084415,2551.4285330048447,2575.5958408893935,2598.9515128607845
T28000logg3.6,2809.618877392743,2641.334333043972,2502.3012964984127,2392.3184589458883,2288.05337686935,2204.0995254474524,2138.6931950957905,2079.1701491934505,2032.8402889428025,1998.0102034235103,1968.3284751466626,1947.2692530783052,1933.4777249581116,1924.162881699117,1920.536942773745,1921.5510123168635,1926.2726161469525,1934.566666587088,1945.7174259062058,1959.664382630326,1975.6245610984022,1993.2558725392048,2012.9287064892212,2033.6706090608195,2055.4496682861636,2078.8636966056674,2102.7541194722608,2127.3603029739097,2153.1803566342805,2179.0007960408966,2205.1962686456754,2232.2028694468045,2258.8201760170527,2285.666602261702,2312.986815054622,2339.697851131764,2366.6205500846586,2393.7881324096656,2420.274137857302,2446.8957395657476,2473.6064409616038,2499.5802722140256,2525.5877408706715,2551.504573383742,2576.585890596705,2601.6255634648746,2626.3697435066856,2650.223263174756,2674.0069721517375,2697.371883330625,2719.8760101419343
T28000logg3.8,3038.8648889691754,2881.5008785348346,2751.7188927836987,2649.2068094222136,2552.280911437073,2474.4268984354126,2413.8728663041156,2358.875889603402,2316.1301029744704,2284.017122574488,2256.6583953718427,2237.2607444413047,2224.5731849902004,2215.9804618644457,2212.63244603678,2213.594068632547,2217.934670758491,2225.567201866391,2235.8854830038063,2248.720204516647,2263.3980754075387,2279.685414672257,2297.774008618836,2316.8426981080684,2336.959660921382,2358.5084322318357,2380.4873067075223,2403.2465043641637,2427.041015227021,2450.8335121496903,2475.0664734467014,2499.9714173347907,2524.5102243229176,2549.365213273501,2574.5822521005143,2599.2184907752535,2624.1921181268585,2649.3084411833756,2673.820378482077,2698.5268908453922,2723.271962049881,2747.356353367539,2771.5415353396006,2795.593628050851,2818.8834511435953,2842.207586055444,2865.195979368286,2887.359629854429,2909.534772023464,2931.2524543794434,2952.1763824323393
T28000logg4.0,3136.187950831651,2986.5010496713603,2862.978648487085,2764.5987304409323,2671.874538879245,2597.3612478590057,2538.838571115125,2485.879985477145,2444.6872381556223,2413.352279096929,2386.7466053901003,2367.809335820887,2355.139886164865,2346.4923611184618,2342.8857299728916,2343.3805398977715,2347.1286991744123,2354.012204859068,2363.5774831024796,2375.486320938325,2389.133107683717,2404.484299555738,2421.45824429518,2439.331846457151,2458.4333070393754,2478.768529285523,2499.4953050535173,2521.191022691004,2543.7373771316197,2566.2109893207685,2589.4469813912115,2613.1213547492416,2636.427317913316,2660.2738929741627,2684.3036507737993,2707.809301372067,2731.7652294060495,2755.736017047428,2779.101460663795,2802.877076712826,2826.5003812728814,2849.4785513435286,2872.7220699636796,2895.6583271662835,2917.921608835173,2940.2343871939565,2962.1148540666063,2983.3348835846823,3004.4307420139116,3025.0417494466137,3045.071901445803
T28000logg4.2,3212.463676597811,3073.760079362831,2959.1617115263048,2868.364056387189,2782.4455074758152,2713.3484814071194,2659.4573301441574,2610.5026728568796,2572.4321700569767,2543.7798427366333,2519.4033997438537,2502.145581641292,2490.892491169107,2483.342262211031,2480.492210771698,2481.5463644679357,2485.6388322269663,2492.6761709922775,2502.1987366902777,2513.9566134507572,2527.3490767952335,2542.2867744651135,2558.8030759198855,2576.179082997115,2594.6262321961963,2614.3154365830896,2634.3826333699076,2655.263218005058,2677.026462045083,2698.758348521607,2721.0313258876427,2743.8373346491007,2766.2703096286164,2789.15818959803,2812.2808931857135,2834.863806981789,2857.8578013450706,2880.9083200956525,2903.4077576109144,2926.1418445641452,2948.8407234001083,2970.9180664102705,2993.1446157710607,3015.160353023328,3036.4611215308264,3057.8305860829505,3078.805495010798,3099.0295433926076,3119.241364747545,3138.970198111677,3157.998338917636
T29000logg3.0,5330.625416386751,5262.529541361006,5199.845117301388,5147.336619488011,5098.724791439096,5054.311655064837,5017.147939984167,4983.204204051877,4952.168586878743,4926.077287047581,4902.387664091821,4880.642166802523,4862.341898729109,4845.941737516828,4831.046955940752,4818.786830627906,4808.2205859097285,4799.013847236364,4791.823541285257,4786.018030344338,4781.2668623299505,4777.866969878096,4775.453794106503,4773.768679580695,4773.002694970832,4773.022647170934,4773.687362698986,4775.102732345133,4777.236103287191,4780.06220660789,4783.499437939118,4787.5360080865685,4792.223214835184,4797.328478150893,4802.877860813766,4808.984787560299,4815.3464238952765,4822.009453285584,4829.140869076479,4836.397404516969,4843.819684645009,4851.617042805948,4859.420979625136,4867.273098774951,4875.407224434355,4883.47857388185,4891.521634527814,4899.7762497454305,4907.927559012856,4916.000873919935,4924.241494397921
T29000logg3.2,2593.8140479219064,2453.4771277144205,2336.481492864342,2242.9777064001078,2153.291812394102,2080.452834330354,2023.4955519583111,1971.7081999318814,1931.8295494870115,1902.6006276763846,1878.675238969961,1862.8496640952606,1853.9628875751428,1849.6397321296602,1850.4403226152717,1855.5637289384154,1864.1928274143806,1875.8200673212546,1890.0730689193254,1906.8854577149043,1925.2848676146132,1945.275999496356,1967.124329101788,1989.6790988099533,2013.3147703295174,2038.3528780126364,2063.560056628575,2089.568476412502,2116.546409829474,2143.188539968816,2170.4486481123854,2198.197974342941,2225.2793023346667,2252.8555009970946,2280.60335494634,2307.5036371453584,2334.8448451220347,2362.111782657979,2388.364373899269,2415.108936187089,2441.526845507162,2466.8489954558177,2492.675849688514,2517.9978321780577,2542.214028058622,2566.8732107911133,2590.9299756489845,2613.9382455854657,2637.29699542287,2660.034059570625,2681.821095925249
T29000logg3.4,2501.3245353657317,2340.829989018801,2207.821743822903,2101.9718268593256,2001.3409128444202,1920.134743847278,1856.7074622225437,1799.2915862330149,1755.0353339268563,1722.1900490872838,1695.0065853718736,1676.5745480203827,1665.411449486786,1659.128775182185,1658.5008818741053,1662.430885160891,1670.2715756782598,1681.540927261692,1695.5721357025482,1712.5151690383454,1731.3220742678352,1751.7421655491962,1774.2735285898655,1797.6967211259582,1822.1517786770298,1848.2368268895843,1874.631582455169,1901.7566331042676,1930.067806081886,1958.1539073144531,1986.7762095420433,2016.0777469411103,2044.759242060107,2073.865432320624,2103.2755006353937,2131.905194677506,2160.814027750374,2189.823717769671,2217.9074908977036,2246.315667379053,2274.5885880468904,2301.8384639077703,2329.4423331897583,2356.6826674003873,2382.8481623226644,2409.278732238495,2435.1862234900614,2460.0435299703,2485.05495412055,2509.491709522191,2532.9682112210207
T29000logg3.6,2621.020371757769,2459.977798578547,2326.6284732948666,2220.4226538532776,2119.695594510277,2038.4853127745962,1974.8916992758868,1917.3135069220968,1872.7587829809593,1839.3500908138524,1811.4213257001554,1792.102986234777,1779.870570577234,1772.3665726800866,1770.4809309843267,1773.0926176623375,1779.5341296181998,1789.4296210442678,1802.101371059255,1817.6215580283379,1835.0425767950876,1854.1080535548635,1875.222731183899,1897.2639792980344,1920.41041446701,1945.1265721627137,1970.209180683819,1996.0692541680403,2023.0809166055037,2049.9382659115245,2077.3766566925947,2105.482708394736,2133.0522277093946,2161.063787392156,2189.3837130292177,2217.0094826972713,2244.9209356755887,2272.954005197855,2300.1595686678006,2327.6804729450682,2355.0968312439577,2381.598910957608,2408.3925768551853,2434.864156079921,2460.3662528348445,2486.0334593284774,2511.2161155181943,2535.4471516986955,2559.708299240792,2583.430288871929,2606.2817395882594
T29000logg3.8,2853.201358748215,2695.708189418974,2565.3287966122907,2461.4107869254663,2362.965991394856,2283.591716549989,2221.2892847189164,2164.7932987118807,2120.8897300379663,2087.6870540519567,2059.645802777867,2039.8944115541924,2026.946941802734,2018.4557252365319,2015.4138581271993,2016.7371635503594,2021.6817852678253,2030.010374652377,2041.0827901311263,2054.832935397616,2070.470459396358,2087.767443386493,2106.9783305320116,2127.1365919676027,2148.4504785284776,2171.230270710315,2194.422958871709,2218.4440126875006,2243.5369393811934,2268.5443480305703,2294.17250488471,2320.4224590356393,2346.218857534722,2372.488385749673,2399.0445707846034,2424.9942498121172,2451.262883161138,2477.6431803143155,2503.299299823391,2529.2692811273428,2555.143774152934,2580.2116806358927,2605.5344844797332,2630.5563166815423,2654.716217651057,2678.9754732137912,2702.7779636191603,2725.729432126402,2748.63314139701,2771.0236745991147,2792.638444297685
T29000logg4.0,2766.367580210964,2623.657345984489,2505.339542531547,2411.0186676406115,2321.6122739877705,2249.554093343052,2193.119900797007,2142.0656758081195,2102.5565316226434,2072.9098273880327,2048.134134822762,2031.0089584942345,2020.1936939095574,2013.6365500657703,2012.1237292839032,2014.6790244687545,2020.7288214688122,2029.9122392647573,2041.656909930737,2055.999602088518,2072.0580543868837,2089.6698886410154,2109.1307009422894,2129.4251893629803,2150.804549131962,2173.59813866974,2196.718280737067,2220.6171442676045,2245.5402075666375,2270.3103319721213,2295.683870184564,2321.640037801793,2347.089490199023,2373.0355034374506,2399.231504432522,2424.815540156568,2450.689044614931,2476.679418834424,2501.952763113457,2527.51326597694,2552.9889361800697,2577.66316681091,2602.5669138040075,2627.177159461987,2650.93248570148,2674.7711293401376,2698.1645287235347,2720.721038883953,2743.210994711499,2765.2050775353387,2786.4369790818882
T29000logg4.2,3084.8875650031882,2948.5532033244217,2835.6372425334857,2745.6908160856283,2660.5169638802263,2591.9083060857133,2538.1648244830194,2489.488288158049,2451.737030944639,2423.3208438875936,2399.422695205222,2382.7400171003856,2372.039580438314,2365.258790828267,2363.2310836509228,2365.0868906994833,2370.138628478281,2378.1439307541245,2388.630794636585,2401.4668296953514,2415.9279487773615,2431.937305654619,2449.6053063414347,2468.079473697219,2487.67677466039,2508.5352876935162,2529.731684886475,2551.7558388998837,2574.686876436176,2597.5013706043856,2620.9722700986126,2644.939474166278,2668.449242297458,2692.521559160839,2716.7759785286603,2740.484371137753,2764.5375285774217,2788.6629443717484,2812.151315386281,2835.9600953155536,2859.659779252198,2882.645535049908,2905.878912890469,2928.811740861133,2950.9804789401146,2973.2385227395685,2995.051031858034,3016.112978808084,3037.1005956280414,3057.5954592233293,3077.411288738001
T30000logg3.2,5309.082620327881,5240.289179225827,5176.979728036356,5123.269433823997,5065.6457755048195,5013.031351975945,4968.317017384957,4921.2549389523465,4878.391661113748,4841.847650743731,4803.929242701688,4769.465858953728,4740.051909393837,4709.906047620577,4682.578009702659,4659.261608158848,4635.578357828798,4614.131278446049,4595.80209579538,4577.248257259366,4560.409142993212,4545.972884873051,4531.373082950026,4518.095799934848,4506.7190078870735,4495.226165323253,4484.781070315439,4475.867438580348,4466.856110951209,4458.677624377355,4451.736703353773,4444.705974141124,4438.342184781709,4433.006469992569,4427.611166237174,4422.753611840655,4418.78347581825,4414.773559274359,4411.174341038048,4408.33207508054,4405.446022685442,4402.857203047851,4400.9069201049215,4398.925131821778,4397.1665511296715,4395.9740106309655,4394.776241249552,4393.76128419867,4393.244812218476,4392.747427061006,4392.404060554706
T30000logg3.4,2567.0649664930284,2425.462624451015,2307.520874473744,2212.528478839917,2121.9693996813485,2048.5411925891394,1990.616369229373,1938.2963056574447,1898.035838259523,1868.148714939904,1843.7578189585518,1827.5009268590359,1818.0294703468905,1813.174954373051,1813.4571310451372,1818.0661229581679,1826.164546608307,1837.2474040249576,1851.0731909356489,1867.3398781496317,1885.1026835670275,1904.6795566178073,1925.870124151609,1947.6562555896032,1970.7867941886032,1995.0407744058234,2019.3427116872444,2044.813842524903,2070.938853964958,2096.6071507382244,2123.3413706512706,2150.21725506413,2176.2731481100973,2203.3523602418763,2230.2019556699574,2256.076893261417,2282.886603798477,2309.2409333665405,2334.596386171381,2360.6788099855844,2386.186367392412,2410.722108099829,2435.779496873366,2460.181202198018,2483.646130144754,2507.4509694122817,2530.54721179109,2552.7918419015505,2575.2316837729286,2596.9642037010776,2617.96737770616
T30000logg3.6,2502.8594208854834,2348.9597366635726,2221.4467997948204,2119.785243414933,2023.3145922222577,1945.5703407069384,1884.7763426975382,1829.9458921829385,1787.821128235507,1756.5801042174119,1730.9398693320632,1713.7540221205174,1703.5125270194428,1698.0968483169543,1698.1346606384204,1702.5378520784895,1710.7941848332023,1722.339324902135,1736.5581379068126,1753.628104473807,1772.462365515915,1792.8801593861679,1815.3432591835774,1838.6101310665995,1862.9453847391017,1888.822333636406,1914.9355835300055,1941.8352713035129,1969.8269955961712,1997.5422895123643,2025.8614064077237,2054.775092077196,2083.061159862743,2111.789552300399,2140.767083278186,2168.9349203073352,2197.4628741971524,2226.0089189544474,2253.6063121718385,2281.614886745513,2309.4023953969854,2336.1769413879115,2363.324640132218,2390.0538207618038,2415.7470922048756,2441.669752242895,2467.0422527933906,2491.419370517965,2515.885617180512,2539.760782286964,2562.7335678531763
T30000logg3.8,2639.620634155993,2486.597361654464,2359.534698435856,2257.8082744565268,2161.2047653218333,2083.153204033552,2021.7466088646318,1966.1950283460978,1923.213302854629,1890.8895341316274,1864.0078033028724,1845.505904668186,1833.830427850615,1826.8598883673158,1825.3517793714975,1828.1929112195505,1834.8223721846985,1844.793838496386,1857.4815454646398,1872.9717165370012,1890.2857186715419,1909.2445283662028,1930.2002819884628,1952.0333402274243,1974.9894894707825,1999.4598627334547,2024.2294695565952,2049.877878667077,2076.5882304934808,2103.0971799556723,2130.303357171685,2158.094230938071,2185.3513269513255,2213.0935721269057,2241.0944949107047,2268.3524386235435,2296.0378879990094,2323.7349951126293,2350.5704840202566,2377.820312692253,2404.864259290377,2431.001586892015,2457.4319554483723,2483.4815554699826,2508.6080096867445,2533.8281647196477,2558.5470523147146,2582.3747078440524,2606.144051157788,2629.367382652856,2651.784013672469
T30000logg4.0,2773.2515263647338,2633.125456101887,2516.9842754502592,2424.211787993329,2336.4013568868036,2265.701407575041,2210.270424669866,2160.336139941423,2121.877177387943,2093.110522567321,2069.3711758134264,2053.253121607558,2043.3360731743348,2037.775739414789,2037.194494948769,2040.5842662067648,2047.4962536434382,2057.4530772708854,2069.908902406394,2084.959886210076,2101.6550200204106,2119.8769685208736,2139.9404141686555,2160.7742448486047,2182.692236271281,2206.0008884733716,2229.564236653872,2253.968137181754,2279.351005204854,2304.512388657706,2330.374470687726,2356.7602338731467,2382.633896834953,2408.986713113003,2435.5770200920865,2461.4752778829775,2487.7832993710267,2514.111584735901,2539.6385028459613,2565.5723925808065,2591.316306692845,2616.212538127357,2641.395534204356,2666.2152272636476,2690.173070318232,2714.2086338803338,2737.7653682194173,2760.488241921702,2783.1291609817886,2805.247098060806,2826.6101191281787
T30000logg4.2,2834.9064831732744,2706.3089690023367,2599.861227539531,2514.7524653082664,2434.4870504383157,2370.0423211705233,2319.525894451684,2274.2792499179823,2239.619138119682,2213.7866646942175,2192.7394557342263,2178.7120587082077,2170.346648124548,2166.110072890492,2166.4397133742054,2170.4237333705773,2177.724498228615,2187.7899364171476,2200.1964347938965,2215.0225162100523,2231.2991804585195,2249.0683285071877,2268.528482625727,2288.6488940242884,2309.857853643084,2332.3409656798726,2354.9794687896015,2378.5603118837025,2402.9798070944457,2427.1150379099186,2452.066715784912,2477.418342106525,2502.241404304687,2527.630551643474,2553.165129315823,2577.9944102501404,2603.3477368712806,2628.6214098536116,2653.1250782785114,2678.0729161067993,2702.7707848666278,2726.694832312695,2750.8539510383766,2774.636188347821,2797.6405554375983,2820.6563032462373,2843.1930459352816,2864.975256957496,2886.6173006575764,2907.7309793186937,2928.1594300160546
T30000logg4.4,2883.283201848822,2762.5771943415293,2662.4242488969194,2582.319002314319,2506.527339596529,2445.536353195666,2397.7339863419843,2354.782066971221,2321.8121726546865,2297.269270423577,2277.218044552201,2263.840229268913,2255.9088521869257,2251.8961621620397,2252.25221014834,2256.145162902116,2263.215284508389,2272.9455286851803,2284.952608909528,2299.2883570236713,2315.0400225858807,2332.2306768295985,2351.0680897888374,2370.5572290942523,2391.1071278508516,2412.89561886705,2434.8644930858372,2457.701279574435,2481.387123745755,2504.822378751593,2529.003182313268,2553.615299518439,2577.725663962073,2602.364988156436,2627.1808171683233,2651.3561876253216,2675.9517206272367,2700.5430597705563,2724.4119539832277,2748.6568856449708,2772.7126905835844,2796.007769192161,2819.537184425158,2842.7190900890987,2865.131959023816,2887.5658139564307,2909.545386121449,2930.7846151527397,2951.8796468416026,2972.4770670964235,2992.4129942073464
T31000logg3.2,5263.1095425701205,5210.384263797762,5163.20795817276,5123.149390675987,5081.354687079943,5044.158792917446,5012.416136385367,4979.744520113735,4950.693971852767,4925.864550285512,4900.725807235358,4878.543405789292,4859.726249409508,4840.9215833197695,4824.369741620466,4810.361854885151,4796.296673933333,4783.812650265862,4773.16787912507,4762.390035104793,4752.772088647053,4744.644770609983,4736.455261751556,4729.190775437316,4723.214993456851,4717.2069928632545,4711.9296366025565,4707.67043605214,4703.393742277218,4699.764505932926,4696.80729291097,4693.936570200818,4691.683776098637,4689.807169017925,4688.097644562544,4686.92405726894,4685.920696729873,4685.0675422337545,4684.638222055913,4684.2484163235895,4683.9883975786215,4684.077706132767,4684.176058671007,4684.406184336806,4684.955203528357,4685.532777757089,4686.226267198686,4687.213119946425,4688.213355557546,4689.3053099027375,4690.649456978312
T31000logg3.4,2998.779747157235,2885.6677801618453,2790.6030848672303,2712.9321571840314,2638.191559300708,2576.827066497417,2527.636733475462,2482.6424773614804,2447.4281209464084,2420.811730321764,2398.5590184342673,2383.0884354995806,2373.5640657920817,2367.630094908127,2365.9304535383885,2368.2079504358276,2372.9577929169154,2380.051258609389,2389.9014846030923,2401.258624756959,2413.7484134602137,2428.3027170456135,2443.7119806983956,2459.5268524235576,2477.0965536327953,2495.1027210241155,2512.954872493375,2532.6200110586083,2552.215430868972,2571.28296331002,2591.961319008643,2612.1986793566134,2631.765015284927,2652.6134618593856,2672.878243995039,2692.4411396501837,2713.009108771612,2732.89331368834,2752.0828590264064,2771.991130180285,2791.153513914281,2809.666103953187,2828.6690902082414,2846.9071694888758,2864.576934941596,2882.568890525667,2899.817452832893,2916.598709165393,2933.579101969306,2949.864255665745,2965.7802102712258
T31000logg3.6,2458.9377574385003,2321.122285097303,2206.6595644297804,2114.390387260346,2027.0055952725972,1956.5135964193098,1900.9207415150524,1851.2340187293862,1813.3760350984442,1785.404519013351,1763.1164295232838,1748.7786803366303,1740.8861938386965,1737.7607052102067,1739.6458776657148,1745.6541997005127,1755.282040699515,1767.7956673028405,1782.943619882889,1800.6254855349175,1819.7218196052575,1840.5593027991606,1863.0738785053143,1886.0866478767796,1910.4440365762423,1935.933110002085,1961.3565835977465,1988.0029790422454,2015.2709356369528,2041.971070635788,2069.829678446326,2097.7719535765186,2124.8153193095827,2152.9285596533946,2180.761146036969,2207.601779608728,2235.3129635433743,2262.5665509331825,2288.828194225892,2315.736033313983,2342.074455291244,2367.447886540223,2393.275340377094,2418.43362596308,2442.666610480024,2467.162547253821,2490.923420103781,2513.8469051829306,2536.886391192628,2559.1903486227166,2580.758295555543
T31000logg3.8,2484.156489190543,2340.9250933237104,2222.056858683871,2126.457025741113,2036.0203226247215,1963.1291990686072,1905.6628015681404,1854.1890559601684,1814.781963299625,1785.3886256332994,1761.6371109997638,1745.9651152414854,1736.7525832648605,1732.3605036578604,1733.1618518795528,1738.0906485456912,1746.8096882888253,1758.6200662197116,1773.0456938530765,1790.2200575048466,1808.9724343688283,1829.4287647200254,1851.7647863156662,1874.7554771926355,1898.9820156654766,1924.5704209547848,1950.2362957568162,1976.9765198841776,2004.5770367460398,2031.794738435252,2059.899926180537,2088.3863191480605,2116.129965666053,2144.6755207125707,2173.2134351988966,2200.8346495308692,2229.172109545478,2257.2550247553822,2284.4013388702074,2312.0686153292404,2339.3465878031466,2365.702004616955,2392.3689145333756,2418.5237245019844,2443.7551698387447,2469.1148466876493,2493.8530073804927,2517.710835109226,2541.573370639929,2564.758355927734,2587.169500078603
T31000logg4.0,2553.857138956869,2415.9667408655564,2301.3889998251134,2209.182620707796,2121.8737200390005,2051.4214597201085,1995.8111190571485,1945.8739838382141,1907.4952133944034,1878.7288045302953,1855.2847629491043,1839.596697825769,1830.1345026932827,1825.2609032716198,1825.4194730773406,1829.5975184080041,1837.4194428482413,1848.2705204754316,1861.6968299693008,1877.7789847675547,1895.4288030463545,1914.7746858568287,1935.9421521122806,1957.7891737285906,1980.8754860221463,2005.294483312848,2029.8418364786335,2055.4405944355944,2081.8987620510393,2108.026048898621,2135.037344668685,2162.43868529648,2189.1933888954954,2216.668812604678,2244.194232373942,2270.8943491820587,2298.236401957053,2325.3845942942667,2351.674031775096,2378.42864004835,2404.843090658789,2430.405782789606,2456.2103337971917,2481.549722102363,2506.0294623345567,2530.556562369113,2554.5061164641115,2577.6312398318714,2600.6708523675816,2623.0726769761595,2644.7445665049167
T31000logg4.2,2603.6144765278423,2482.1589505933084,2381.726135407017,2301.1797472700378,2225.568354969662,2165.1018210268103,2117.7322644881983,2075.836650666554,2044.225495313413,2021.0177430140213,2002.8537937318117,1991.532998597466,1985.6315208439369,1984.0440997004591,1986.8442380815495,1993.1439256652666,2002.8484350420213,2015.1345591988963,2029.6793735772567,2046.6761316294287,2064.9308975210242,2084.7144922544053,2106.159049385151,2128.0702553944598,2151.162713982275,2175.4542182653486,2199.6938393212954,2225.0442620298513,2251.111737407558,2276.7584536147615,2303.306245327062,2330.1703024350204,2356.31708047086,2383.2651926378994,2410.1881417279933,2436.2876796529913,2463.0252485013234,2489.5576343862426,2515.276289073135,2541.421074150459,2567.2452259074244,2592.2564907698793,2617.506475525542,2642.300601595816,2666.261389694074,2690.308571293125,2713.7670113263234,2736.4214132270226,2759.041478234883,2781.003071851496,2802.2630726863313
T31000logg4.4,2658.058854571781,2546.3985021593394,2453.866030207339,2378.7585525233826,2308.48214382353,2252.1928363684124,2207.5065487825473,2168.2078218216416,2138.5443394842505,2116.434153232233,2099.276981183342,2088.57756246329,2082.85760981452,2081.311259853483,2083.8919187385904,2089.819041604583,2098.955373680314,2110.471969521812,2124.3371839975616,2140.409271469282,2157.602236697937,2176.5308830558865,2196.8685687237553,2217.5525026087967,2239.7346987910746,2262.8273389443243,2285.8413855012213,2310.181479519556,2335.0181023311347,2359.483952977069,2384.997863550025,2410.658508871041,2435.739375631229,2461.630098153818,2487.3948879104664,2512.4433798189657,2538.2041823285717,2563.611846293607,2588.291134871032,2613.4989450051744,2638.204290496019,2662.201992254615,2686.4993567457414,2710.154389654446,2733.1497179327166,2756.1999074818423,2778.5401263667986,2800.2310846705573,2821.8234041786955,2842.694565459404,2862.9791066050343
T32000logg3.2,5301.644417267691,5209.438444992823,5126.416073719736,5055.530752826706,4981.113727435361,4914.664458425503,4858.017241172925,4799.807040123228,4748.281258242021,4704.669508052464,4660.717559495778,4622.162841500306,4589.898056689504,4557.665485488209,4529.418227758381,4505.946679925627,4482.274299322436,4461.337322740858,4443.988038168842,4426.222383624111,4410.39593713688,4397.536958648366,4384.257317600205,4372.4763999413635,4363.149295086075,4353.403127337463,4344.749988199777,4338.093526750237,4330.937156946261,4324.599907666672,4319.792581687086,4314.490725050305,4309.83686896629,4306.400940166101,4302.5041655307505,4299.138216037026,4296.73782976577,4293.877289755061,4291.430006059612,4289.717243619206,4287.546099130085,4285.719020822614,4284.462878900793,4282.797221128238,4281.4810788921,4280.649505782931,4279.483458917266,4278.690856838896,4278.306784585268,4277.642394542332,4277.347877650251
T32000logg3.4,5255.43177432933,5207.41234607145,5162.672848960199,5123.641591206818,5081.1411250403335,5041.928373454614,5007.679410398926,4971.127827160119,4937.586213453905,4908.271421109002,4877.516184471599,4849.451750077032,4824.954561689858,4799.547830419374,4776.390599055635,4756.127002184595,4735.156409913806,4715.963045671673,4699.051603194045,4681.535391658461,4665.432749875968,4651.203051003132,4636.483218645829,4622.914462758471,4610.941672797664,4598.532942853285,4587.0621327606905,4576.868908282407,4566.267544843646,4556.451699672876,4547.607683453814,4538.421329441267,4529.927101691306,4522.184901754515,4514.173005527406,4506.772500227999,4499.985927242605,4492.972551159783,4486.491501817796,4480.515181124832,4474.338652085207,4468.629547486983,4463.359427382905,4457.921570546029,4452.921435091892,4448.322946393495,4443.587787048145,4439.274901169384,4435.316618627462,4431.251822431336,4427.589933966683
T32000logg3.6,2970.4113635012627,2863.0681156618457,2772.9475562969656,2700.0341602959247,2629.7052969680244,2572.099457212205,2526.508963017436,2484.7726794718674,2452.308573393861,2428.2590608115056,2408.2905424099586,2394.735967736689,2386.9158080857596,2382.53952673327,2382.1951444464257,2385.608210046259,2391.485141399594,2399.626035582222,2410.2098609706854,2422.367650169702,2435.6014810220686,2450.5422311792986,2466.408714089378,2482.662655667335,2500.254254312151,2518.3913174061036,2536.4918655061147,2555.77843388798,2575.244877661042,2594.287775972563,2614.4083211434113,2634.3170452859904,2653.5171397247204,2673.776503980838,2693.5331628525746,2712.4468206802517,2732.370845205195,2751.5982503774117,2769.9487243164767,2789.151249745146,2807.560465761409,2825.126257530487,2843.376246233992,2860.807104861952,2877.463386563901,2894.6650934917357,2911.0649958262297,2926.797616121513,2942.9575028854965,2958.3634078141636,2973.2251890916536
T32000logg3.8,2337.237739800835,2215.498856241907,2114.8744387992415,2034.108776317052,1958.275755473619,1897.7266861901821,1850.4651139188595,1809.0392967951436,1778.2912417106636,1756.3107583163314,1739.9185225099982,1730.6633333063396,1727.0766658464647,1728.184149959725,1733.7299714491198,1742.8518441253796,1755.541388167337,1770.709036570985,1788.1289004454313,1808.0586809878166,1829.1046239812074,1851.6337793972639,1875.8290230877806,1900.301645997747,1925.940188448227,1952.7071083904561,1979.2498425650003,2006.8651772952398,2035.123302298649,2062.710084613812,2091.3332172539945,2120.084123703169,2147.8524786729117,2176.607896912561,2205.1167898136,2232.5613431490233,2260.810262645186,2288.6275020631283,2315.3966084316858,2342.7428984084086,2369.5466398444205,2395.3367232502346,2421.518129447437,2447.054936218208,2471.619447972345,2496.403468168226,2520.4714776982046,2543.660037158093,2566.926902172757,2589.46871593207,2611.244909607891
T32000logg4.0,2472.03592203598,2352.689544298736,2253.783440278128,2174.1528262385223,2099.1028350004685,2038.8525601289102,1991.5271612801585,1949.584526248621,1917.9552002397954,1894.9018484462497,1876.9874495032975,1866.0031038840918,1860.6683475432335,1859.649445685369,1862.9796095337335,1869.9912432655542,1880.2510098533205,1892.961527535829,1908.1048507471144,1925.4750923894464,1943.9769353431163,1964.1903790122242,1985.8223583180777,2007.7656884747123,2031.114145006087,2055.3512357109,2079.3859123483544,2104.7274469556737,2130.459065127079,2155.547494805079,2181.867028640569,2208.0841717437866,2233.38593872408,2259.8011065102264,2285.7886214534346,2310.8117251893586,2336.705180792695,2362.028958584103,2386.403953561696,2411.430993769604,2435.781491492155,2459.2088255924236,2483.1107022344513,2506.2350828355616,2528.4889356660065,2551.0224196143367,2572.718283259677,2593.6487631776704,2614.694343841687,2634.9198404310823,2654.4597654677586
T32000logg4.2,2473.4956186934337,2354.469606524751,2255.732964996991,2175.206217658305,2099.8533537822213,2039.4228435404484,1991.2164633881655,1948.9194737622,1917.052399705929,1893.2559892589206,1874.966946950725,1863.6962371514978,1857.774080313146,1856.444980320827,1859.5553314568956,1866.2521971782894,1876.4137717473945,1889.0945530028705,1904.295389634704,1921.8523513428104,1940.5489509366503,1961.1604307462699,1983.221331410862,2005.5970701194028,2029.59659859798,2054.495819877041,2079.237680191488,2105.4553941352665,2132.1012848462674,2158.279317293486,2185.6538938770477,2213.067879789016,2239.771748380699,2267.480402674196,2294.903804776283,2321.545754931013,2348.9575046736886,2375.902389063403,2402.0873092971474,2428.795401786434,2454.9006397493276,2480.3003786818376,2505.9658584275217,2530.914274367697,2555.199252117805,2579.5115689548857,2603.045245663304,2625.9555278998314,2648.7343722526225,2670.709046171472,2692.1728395680175
T33000logg3.2,5393.764434598382,5352.365105872132,5315.995468829419,5285.71298150552,5254.864162992678,5228.109384619683,5205.86026109395,5183.651528875388,5164.536425943308,5148.743451581575,5133.392440625424,5120.462866642503,5110.078968571883,5100.332995961079,5092.369651565157,5086.250612616479,5080.642998263452,5076.209157277462,5073.021421370034,5070.200676009161,5068.181285740546,5067.0820416653005,5066.356363884539,5066.1963743810575,5066.859169867148,5067.8569820951225,5069.248034289902,5071.332043569713,5073.733153322859,5076.444814549633,5079.670794342252,5083.255798040442,5087.117010038453,5091.288514677505,5095.8314473795,5100.581837539142,5105.428548576003,5110.595545521694,5115.881408291633,5121.127415580678,5126.659279668576,5132.26692844449,5137.800016741999,5143.601874811392,5149.462844990152,5155.243226297628,5161.252782558713,5167.298578870173,5173.2492539189,5179.376492334088,5185.50596134983
T33000logg3.4,5343.542457305984,5242.468927852306,5152.335246390388,5075.534975468176,4995.599017116454,4924.6380324951315,4864.153738888997,4802.417791589747,4748.037650235478,4702.028999814503,4655.896244646291,4615.569578314427,4581.831492259417,4548.151712568766,4518.632250403173,4494.061188357735,4469.121076288575,4446.949504234033,4428.4890832120755,4409.320642056964,4392.066506456348,4377.884352552323,4362.927022186411,4349.434983793339,4338.5050502357535,4326.789633564419,4316.13019032014,4307.622468774056,4298.219874895356,4289.585170182441,4282.656638238075,4274.810450375268,4267.573548194562,4261.731965208225,4255.0188209991375,4248.819470758381,4243.759053962834,4237.849365005235,4232.360790808768,4227.762673204487,4222.352793640706,4217.319235780499,4212.997265111315,4207.95036036472,4203.303288884133,4199.273401143209,4194.6324864371445,4190.441293888482,4186.784220414014,4182.6209141084055,4178.916931720938
T33000logg3.6,3878.1360935474895,3792.146625717561,3718.685602284221,3657.763155444567,3597.746077022022,3547.1899420186282,3505.7312920017785,3466.3429923954395,3434.1268682233476,3408.692730870645,3385.7204342771247,3367.90534062607,3355.0579969527685,3344.1975875044236,3336.609490003645,3332.5109100088825,3329.5227742208826,3328.344935019501,3329.6811619195446,3331.409602241524,3334.0611381876724,3338.7281201384685,3343.3926899832427,3348.5031475936557,3355.375250831764,3362.018204069989,3368.750437788954,3377.1504423574897,3385.044322783935,3392.797270891451,3401.9456227786327,3410.4077771880343,3418.6276050568067,3427.9891448238577,3436.602076311993,3444.955635427569,3454.20100520456,3462.656394629469,3470.8427501353067,3479.668837036597,3487.690208476949,3495.473573605798,3503.706919467639,3511.1679265014204,3518.4800532613804,3526.120833518139,3533.071007784076,3539.951193953279,3547.0809816451883,3553.5872711893235,3560.1156014402504
T33000logg3.8,3022.561475945201,2931.475330698735,2855.2554886720677,2793.6146316894788,2734.5456275683223,2686.459732913104,2648.5857848159785,2614.339805198264,2588.094074315102,2569.051295330975,2553.7574406863223,2543.957832612804,2539.116995060315,2537.3607359374323,2538.977477648749,2543.8882442745276,2550.902696039079,2559.7082643378767,2570.723883536652,2582.9738630590487,2595.968723981506,2610.5942600503786,2625.837581066522,2641.205831994001,2657.997518952834,2675.015297187559,2691.799894139321,2709.903592160977,2727.88549541637,2745.2609541003458,2763.963893817521,2782.136419487307,2799.4814910435502,2818.1060544483394,2835.9490949656033,2852.928297145047,2871.0028977678253,2888.186141111268,2904.53857544513,2921.7379209160117,2938.009995898827,2953.513464688654,2969.6715236679793,2984.9028503032523,2999.456136530633,3014.5102053942446,3028.6762786115582,3042.2859246940084,3056.27770825983,3069.4444655597135,3082.172786454571
T33000logg4.0,2626.0363880087075,2511.9759357201324,2416.5550545536244,2337.7944079289296,2263.363912482596,2202.943040401951,2154.147438737299,2110.7147002200436,2077.397380387725,2052.201761725942,2032.1212878331708,2018.920335802039,2011.416879582931,2008.0205525480737,2008.8672522552758,2013.8411606095083,2021.6273083270023,2031.701607451768,2044.916197001814,2059.7648494310565,2075.470843541801,2093.8755054880826,2112.9203895126734,2132.093352744795,2153.4918241927426,2175.051018889453,2196.3837517679417,2219.6082380393323,2242.6272654894005,2265.204560432017,2289.2750558249395,2312.8347054615388,2335.867264961759,2359.9822625666598,2383.4132728357627,2406.3444628490456,2430.006864607438,2452.864554501671,2475.321648741723,2498.163091790999,2520.1305680837404,2541.762681136265,2563.496129684691,2584.286908260394,2604.885217166865,2625.3088756318043,2644.7971628876594,2664.2020632347553,2683.2585917148745,2701.477795147031,2719.6163160762103
T33000logg4.2,2319.9281624687587,2210.4944803534495,2119.9161438909814,2046.7431682659019,1978.2902894589781,1923.7128092836645,1880.9052690954381,1843.7037348788144,1816.2753736461138,1796.680959978872,1782.449637624261,1774.7936566504918,1772.2904181231106,1774.3010032909544,1780.409747687177,1789.873726954247,1802.7626684888974,1817.8965059910977,1835.294559593459,1855.0452815881686,1875.750955942348,1898.070741310577,1921.8988689653067,1945.8687069808052,1971.222336696415,1997.5235609480555,2023.4760905030023,2050.7671171425436,2078.5062645073276,2105.5113944598347,2133.7829360799637,2162.0314369478056,2189.382183718279,2217.703389168193,2245.7529958142486,2272.841144855028,2300.6867128174645,2328.083700878685,2354.512067397613,2381.52196106719,2407.9332314272465,2433.419323224732,2459.265308882916,2484.4081938851373,2508.6826727332814,2533.10927155928,2556.762194162977,2579.6451975662826,2602.5161445394447,2624.624207085652,2646.02991912714
T34000logg3.4,5992.162269547219,5897.943028132299,5811.3903219577505,5736.265201762458,5655.550217647018,5581.883120318618,5517.954840628693,5450.604564547646,5389.525756557544,5336.726088049495,5281.962689784039,5232.511429586814,5189.95015290188,5145.99043345699,5106.106837651802,5071.69645921858,5035.808983720493,5002.859341206393,4974.260988434869,4944.134066727411,4916.235338280824,4892.08453751982,4866.54311313327,4842.844883660803,4822.307488450269,4800.486121627685,4780.104003862441,4762.309571409064,4743.208683826821,4725.245813167184,4709.33459387918,4692.167912344923,4675.9615837012425,4661.448486804196,4645.777323000944,4630.964072084543,4617.559038952263,4603.090996401949,4589.3961155125335,4576.8532737373425,4563.3547433772665,4550.582050140777,4538.770681460529,4526.133408705109,4514.230260857945,4503.166853623229,4491.418581842559,4480.428847640243,4470.174960227068,4459.362396923252,4449.320291898559
T34000logg3.6,5304.301401721337,5219.984531279441,5144.899165359135,5080.621509918462,5013.909847258988,4954.6423165043525,4903.8170100802845,4851.9163135309755,4806.0369970978845,4766.9488637034165,4727.603387799027,4692.983510338027,4663.801039942017,4634.406627627685,4608.346852635003,4586.460347337205,4563.8953049870815,4543.4733319628185,4526.317959740935,4508.139368793518,4491.483590377163,4477.5546113015025,4462.623014193826,4448.86399767153,4437.534818856254,4425.189174716248,4413.7440784250075,4404.305817249113,4393.7954794820125,4383.9607464419,4375.707182034692,4366.367990745378,4357.591941410308,4350.100660586454,4341.580995433882,4333.58181964765,4326.601181918739,4318.644827669271,4311.168188589257,4304.447319255852,4296.822026164042,4289.677169554143,4283.097466678305,4275.72398385535,4268.895119548519,4262.509246292921,4255.461993483622,4249.023272806192,4242.92472028477,4236.27038963385,4230.293054573935
T34000logg3.8,6022.030731822926,5965.668623182783,5914.192047366927,5869.110437688907,5820.96202751429,5776.902462904159,5738.020360332923,5697.03655932731,5659.585216819763,5626.50779907062,5592.082867313307,5560.64718505219,5532.890646215558,5504.030830955617,5477.418913154049,5453.750413653679,5428.798372084862,5405.374416193727,5384.312673888039,5361.820584077927,5340.626732296422,5321.180566855099,5300.559427809125,5281.215188732639,5263.103812520245,5244.051805714174,5226.137388989554,5209.117562332412,5191.229832224327,5174.31774073377,5158.122263779455,5141.114195682263,5125.014207095945,5109.495705802811,5093.257099486692,5077.879116031726,5062.93132581741,5047.325706488927,5032.51493028029,5017.979908901644,5002.856063955502,4988.501554218947,4974.324434201719,4959.669378703274,4945.833296049479,4932.122761562188,4918.055819825772,4904.874464520452,4891.74452583221,4878.367202243545,4865.875354663736
T34000logg4.0,2477.374610393709,2399.205197044874,2335.232222310412,2283.6475231412555,2236.3798871358936,2199.514662558866,2171.149015757017,2147.741072847724,2131.7451129610117,2121.662306920228,2116.252939933491,2115.7319778813253,2119.2933816152067,2126.5351011570187,2136.5244698786546,2149.3659878058256,2164.6389692568787,2181.0688269760017,2199.6289637860896,2219.536886913054,2239.5395539842825,2261.367652882388,2283.7411813182375,2305.5552984840383,2329.2396873338944,2352.917590888008,2375.83448234791,2400.4021093620563,2424.664612585012,2448.070946688821,2472.7767655217294,2496.9455240185303,2520.232290377805,2544.5081034799105,2568.099557411487,2590.8643379485084,2614.333166033249,2637.0216282948304,2658.9687938837037,2681.341145198128,2702.864082122081,2723.7712499031627,2744.8633092403534,2765.0973793422236,2784.809473515436,2804.539870658821,2823.4020144644674,2841.9295142693977,2860.316724642126,2877.878723658535,2895.246489828617
T34000logg4.2,2239.160816964188,2151.422030709981,2079.3167723991287,2021.61719607402,1968.2298846764127,1926.369484687621,1894.3385316196086,1867.4748367484997,1848.8054360355152,1836.7760670937334,1829.745451658714,1828.187955280738,1831.012627869186,1837.995982911982,1848.2472632635986,1861.3123556251483,1877.4378446898454,1895.18109071464,1914.7879347174007,1936.429297129144,1958.5542143688965,1982.046984110783,2006.7735905708446,2031.3122253825256,2057.045447002257,2083.504701795359,2109.351771404749,2136.445097064136,2163.7829429327753,2190.157691540368,2217.8139149116896,2245.2496221759643,2271.585569880525,2299.003402683865,2325.956726947829,2351.8148560540544,2378.495861599037,2404.584224897699,2429.602923870886,2455.2441088126657,2480.1785551829216,2504.1135640234106,2528.4578682703714,2552.0309235908708,2574.691505794154,2597.5793710036874,2619.663019234649,2640.9637812508286,2662.3503476525552,2682.9648396064663,2702.8844922424873
T34000logg4.4,2208.432113664513,2119.9306481623044,2047.0894624594491,1987.6937977678535,1933.1370166514978,1890.2723391209786,1856.6421624407928,1828.571620290306,1808.8354533456547,1795.4365581739999,1787.241581524263,1784.6047870183065,1786.3451926902314,1792.2884472487576,1801.5207469994755,1813.8715181500959,1829.1817361854512,1846.0606731892044,1865.3785363609072,1886.4913730260632,1907.957059172569,1931.5612104095594,1956.0297649781435,1980.2251211819782,2006.2888134097254,2032.717529962673,2058.577455027663,2086.0949276710985,2113.589473472358,2140.3390295779245,2168.4517542469907,2196.211550573779,2223.1607101419972,2251.1290394909365,2278.5310762250474,2305.1538300598977,2332.4836359294814,2359.102210343156,2385.0367580742463,2411.3775780878264,2436.9094018520523,2461.8419905939422,2486.9167529428846,2511.100136879023,2534.791239694768,2558.392856799235,2581.049322280849,2603.365178439991,2625.409602005478,2646.5728740774834,2667.3986310700147
T35000logg3.4,6216.495251494129,6135.669815425927,6059.655511247695,5992.683940915708,5919.048505917195,5850.5189456421085,5790.242934263052,5725.456969101108,5665.647924120819,5613.183228285542,5557.783145634427,5506.911702201512,5462.375501644498,5415.738168599635,5372.832296079156,5335.131102870018,5295.573257461176,5258.927907249687,5226.522688999182,5192.449601141425,5160.725562943713,5132.679728922973,5103.2174554825,5075.759484068102,5051.410358390844,5025.813514856875,5001.849628590699,4980.402680482642,4957.749394246687,4936.43527644928,4917.109706286557,4896.6633236822145,4877.359526560413,4859.693090800304,4841.001545026467,4823.322629548139,4807.0053522319895,4789.764807212488,4773.44004492667,4758.257065397467,4742.269651396805,4727.140316788753,4712.993163723547,4698.17090447686,4684.187878270241,4671.070620553242,4657.396904902076,4644.554590188268,4632.472005558433,4619.941562838305,4608.234061057167
T35000logg3.6,5245.91188286674,5177.2980267514795,5115.912840973386,5062.932743214881,5007.775785179801,4958.505631027847,4915.862420946984,4872.15086915442,4833.279147535834,4799.852519549721,4766.099665583298,4736.219010277027,4710.820661722904,4685.149598851248,4662.18732433827,4642.792655274821,4622.674003391589,4604.309830233385,4588.708230512447,4572.13783638205,4556.8927512404925,4543.884699567126,4530.03487554774,4517.326818786406,4506.485158044599,4494.874739717349,4484.186518604549,4474.978347027174,4464.965060427477,4455.690576624119,4447.536440013731,4438.582830881906,4430.289582132745,4422.85836033326,4414.683935551703,4407.140767038733,4400.21471386709,4392.58472332597,4385.547508673277,4378.8907208890005,4371.583747207658,4364.8751591338505,4358.374351254814,4351.314331356258,4344.9400042753805,4338.656754453177,4331.921356771525,4325.97183395961,4319.987998177681,4313.666376758264,4308.157248525954
T35000logg3.8,4745.843296337174,4674.756272502348,4612.936212546703,4561.387732685357,4509.0772580218845,4463.789502456232,4426.131869669763,4388.651852562706,4356.549899075001,4330.310090556645,4304.726396893068,4283.136940890853,4266.0252487936,4249.387605469474,4235.374372539122,4224.624499137355,4213.752808774684,4204.404164667746,4197.440131060678,4189.895420057619,4183.252001265636,4178.5919441283595,4173.203409547208,4168.397131874007,4165.420897414397,4161.629302152302,4158.215780211392,4156.3943819715005,4153.668911634424,4151.096939604401,4149.9578551063205,4147.795866406199,4145.686066813478,4144.850894858991,4142.976151815824,4141.123139867055,4140.346448051204,4138.526342743517,4136.698660344097,4135.731125385787,4133.747546743488,4131.762020707151,4130.504058897598,4128.305303144981,4126.1640690532895,4124.67778472573,4122.350946727536,4120.156875344185,4118.5472102237745,4116.190669846217,4114.0213313898375
T35000logg4.0,4839.323743905845,4809.78323917789,4783.930443816066,4761.796841511262,4739.3652355961985,4719.740943394059,4702.940488600162,4686.213686708231,4671.7204660323205,4659.606891033259,4647.806640834959,4637.673462919774,4629.599520166591,4621.610152230232,4614.543451816366,4609.197923704983,4603.400089419873,4598.080432562198,4593.854498657709,4589.00661248366,4584.559266042485,4580.761201392643,4576.48185493618,4572.573447053923,4569.206905418544,4565.360827354408,4561.849980503264,4558.674796823721,4555.008764359314,4551.661981039186,4548.472349931052,4544.823949911996,4541.539353632376,4538.282770836695,4534.614347632693,4531.3652879452775,4527.976459054411,4524.193154961422,4520.879204188856,4517.214607695694,4513.195343026288,4509.734788139939,4505.750181203352,4501.535460421031,4497.936566932781,4493.778979117978,4489.5193597275065,4485.861681079971,4481.6691951451385,4477.4538322927565,4473.773923491239
T35000logg4.2,5682.576698135072,5659.51331562721,5637.945557034321,5618.6212137012735,5597.53382249265,5577.817810203934,5560.082212353514,5541.006393457954,5523.2045764845325,5507.255304464349,5490.291742113358,5474.402254304197,5460.287836981612,5445.145752062327,5430.753816679221,5417.845295868247,5403.747593279236,5390.218845684719,5377.736762990028,5364.134566310878,5351.119662009869,5338.865388412983,5325.71535808247,5313.200783819948,5301.266039586634,5288.547130378627,5276.447868714163,5264.653213421891,5252.1207314002295,5240.1995551500995,5228.317482839005,5215.788432647573,5203.939149107924,5191.897741168202,5179.347358564584,5167.609179293411,5155.392218191498,5142.827830256426,5131.2300292258915,5118.807852793821,5106.231568466966,5094.692445972123,5082.155167120792,5069.628925985492,5058.134258488205,5045.635542024,5033.272829976507,5021.896405988641,5009.573885125435,4997.476202069066,4986.29115132418
T36000logg3.6,5682.70442799815,5613.6073751668155,5550.00563600687,5493.9384489161375,5434.02960021416,5379.233312883308,5330.8723683978515,5280.173110813813,5234.040424368951,5193.450233170048,5151.535280402316,5113.505396056269,5080.223763038075,5045.94641818503,5014.567164395424,4987.185195681972,4958.587430355725,4932.1326752527075,4908.741540393966,4884.148047820096,4861.350672238221,4840.929824635678,4819.578228132372,4799.8238196600905,4781.984149715089,4763.341742968546,4746.057017875049,4730.188529455599,4713.526825979058,4698.025553861759,4683.484465584153,4668.205636074887,4654.0097927570505,4640.435799831906,4626.238771278737,4613.124373441601,4600.328118031826,4587.020997583236,4574.81012972261,4562.609807371454,4550.010259702206,4538.575442831957,4526.841984227835,4514.872060134122,4504.176260461894,4492.967219439668,4481.712640353194,4471.7474442479415,4461.192832441488,4450.726888538054,4441.473062868707
T36000logg3.8,5816.0853808682,5764.628256666955,5717.077654731524,5674.955783600661,5629.634871566565,5587.876772420342,5550.801151645189,5511.575834360385,5475.571468014919,5443.71988966934,5410.458600990105,5379.944900275205,5353.098382058504,5325.018053926565,5298.913306094957,5275.995879366969,5251.574713065672,5228.5994054161565,5208.074136747773,5186.067248305601,5165.346063110381,5146.478382609901,5126.417234772554,5107.557425123057,5090.194092020643,5071.782328207652,5054.446768828305,5038.19734475222,5020.953771432205,5004.68528043192,4989.1171604274505,4972.650560773481,4957.151239614992,4942.056958595596,4926.205607394118,4911.366513265368,4896.645618353472,4881.303366955168,4867.02914299225,4852.569827713214,4837.632733465786,4823.88110207042,4809.622556426471,4795.097287401679,4781.868341603771,4767.926349318376,4753.935169445152,4741.253572225967,4727.79841443311,4714.444265575144,4702.341738499066
T36000logg4.0,4152.86759420855,4099.312115019322,4053.8117907583282,4015.957311050408,3979.0454330698553,3948.148639273879,3922.8155839175506,3899.0548299999823,3879.8373776321146,3864.902521984884,3851.7070746394943,3841.722101131835,3835.0310671313828,3829.571084772725,3825.945752367014,3824.7962572971596,3824.0140589557554,3824.0110930750466,3825.903521760983,3827.546102945198,3829.419175824847,3832.9258564255133,3835.922046722284,3838.9816442461934,3843.42311112752,3847.2750884256243,3851.1058419762744,3856.0438354385456,3860.304554623553,3864.4839923034206,3869.483733668264,3873.7553116367353,3877.9625713696487,3882.772270011034,3886.862269913268,3890.937602635649,3895.393658490466,3899.123219672269,3902.869767463255,3906.7672768382563,3909.950401925415,3913.217702527047,3916.4621516281236,3919.0575996231005,3921.8603872576236,3924.5250129982282,3926.623518545298,3929.095548323319,3931.291754432006,3933.0287931051266,3935.2178861121056
T36000logg4.2,3405.3224128552974,3353.1751383960755,3309.9153101937777,3274.625199889304,3241.58220905827,3215.147879235356,3194.473097380241,3176.556531113559,3163.465484824077,3154.7440561758945,3148.672991827647,3145.804587227937,3146.304789768219,3148.6880091413195,3152.6912660238822,3159.4174818889587,3166.9398924105826,3174.9515373084632,3185.159323286856,3195.375671020203,3205.351165080035,3217.434195717356,3228.9863292453756,3240.1419056130158,3253.0073795191583,3265.218953237525,3276.99414627043,3290.1564489208845,3302.5404638112836,3314.485043886104,3327.4572389934237,3339.557448838114,3351.2849844233324,3363.7196836803755,3375.2625106721184,3386.545084921682,3398.2376152269017,3409.020736643866,3419.66654187368,3430.41597297288,3440.2706194794396,3450.116087604042,3459.8134458853883,3468.660661081166,3477.708484237363,3486.385522253555,3494.33151653027,3502.6094321641403,3510.3980605784845,3517.5712931704516,3525.1396414451424
T37000logg3.6,5054.789098368573,5013.874087949668,4976.2510816203885,4943.284511624577,4907.99926635264,4875.751274711062,4847.480512039961,4817.819608369066,4790.920261695352,4767.493955667761,4743.4014758633675,4721.724489693869,4703.054593812095,4683.984594811231,4666.744231650098,4651.967865856769,4636.658751496276,4622.581039779263,4610.547277790049,4597.875813094132,4586.22201951296,4576.182023817522,4565.696289454215,4556.176927324336,4547.870715627264,4539.262294316174,4531.47099370135,4524.554783351503,4517.34031602196,4510.780821193602,4504.884168595226,4498.689944127764,4493.07548125221,4487.9675512230615,4482.58406389392,4477.727204012825,4473.219046760894,4468.442301753642,4464.143731451784,4460.054830281771,4455.727127847514,4451.86677985178,4448.129033485423,4444.201508206039,4440.784461029654,4437.42954269307,4433.9282951859595,4430.993491384427,4428.041354248895,4424.980653348844,4422.509149890185
T37000logg3.8,5102.322405757086,5076.7551345746115,5052.948380779155,5031.667395096268,5008.657934776519,4987.323182903042,4968.206378152931,4947.925119364775,4929.2317814774815,4912.574599196126,4895.203483529282,4879.2280222764675,4865.158359006652,4850.480874539315,4836.852495393604,4824.839043243575,4812.104071163169,4800.219372870747,4789.387501563003,4777.922367252637,4767.221784585568,4757.278653839851,4746.866394404822,4737.192091542908,4728.102339453331,4718.623306771749,4709.819682692629,4701.365463816887,4692.545829388454,4684.352032470822,4676.296955308987,4667.933574601591,4660.213524250074,4652.454863634775,4644.462452524439,4637.174681192604,4629.61882115571,4621.911536417948,4614.979901902361,4607.529268059329,4600.029435779028,4593.336693999732,4586.022137825791,4578.756850610289,4572.281954002825,4565.207917675424,4558.260718372742,4552.045631296499,4545.284131316185,4538.69994803337,4532.766041990642
T37000logg4.0,4545.08250836388,4506.7883609557875,4473.631043751109,4445.445063977004,4417.390628299605,4393.314295106156,4373.039153911271,4353.43782613885,4336.961509547818,4323.637810284572,4311.192714272695,4300.967295784266,4293.473715252922,4286.437739754138,4280.649825797863,4277.03096268814,4273.210874595162,4269.9598928007235,4268.26322139786,4266.018905387904,4264.120018676555,4263.323170395551,4261.99385980355,4260.974866619421,4260.786382840581,4260.069244979742,4259.632551440361,4259.705419900969,4259.217505058174,4259.007475641115,4258.997284804394,4258.449266147616,4258.267189406719,4258.0289070303925,4257.320024037159,4257.1353791689635,4256.558470633404,4255.5871885408405,4255.234798919512,4254.21156960261,4252.852546898387,4252.16354822047,4250.689316846917,4248.980716589448,4247.941145168149,4246.154320643284,4244.228546475101,4242.974568764204,4241.016334735328,4238.991295001031,4237.591435098048
T37000logg4.2,4890.560580231292,4861.781555074171,4836.631460093487,4814.971073709994,4793.149596343817,4774.134030752375,4757.846826954803,4741.798344403611,4727.985339517521,4716.573074958303,4705.558356456583,4696.057133031439,4688.908049579316,4681.71494850507,4675.382849061193,4670.815366784705,4665.739491462726,4661.125234419585,4657.567904324989,4653.354292598291,4649.483196618778,4646.2979983911855,4642.5237559135885,4639.1323353925845,4636.165721875513,4632.658191498236,4629.555920681061,4626.5532093654,4623.023214670702,4619.957961245478,4616.655197817148,4612.898234529334,4609.8157517308055,4606.079507527493,4602.050960570474,4598.86610767769,4594.738929338784,4590.40201167027,4586.942978397887,4582.407879558736,4577.7342569892035,4573.846603592416,4568.916151049241,4563.936377854517,4559.683424764357,4554.50804594461,4549.383538881624,4544.898289650638,4539.626537827704,4534.469223365359,4529.853175633406
T38000logg3.6,4861.113642054599,4832.734690464908,4806.554551540045,4783.632102129823,4759.0655057511285,4736.607346401524,4716.928426346462,4696.271450996265,4677.5245268564095,4661.150488284408,4644.326637164281,4629.213313264163,4616.144534347042,4602.909385696276,4591.053026987762,4580.849013424613,4570.480823532414,4561.0986594850365,4553.05477048487,4544.804713164375,4537.329230090876,4530.939498278548,4524.435186697038,4518.664717985329,4513.669737809966,4508.6872830235525,4504.353375852909,4500.527592053026,4496.745284226838,4493.477620913827,4490.596059269051,4487.743386527124,4485.317458795428,4483.2158821850635,4481.127981546411,4479.404174411957,4477.928978785965,4476.4491368277895,4475.279390573042,4474.288198793123,4473.28780456305,4472.567877190818,4471.988404654596,4471.4019977356475,4471.09762456854,4470.90578605316,4470.706520728341,4470.799851914326,4470.971750953788,4471.126153463859,4471.583300337897
T38000logg3.8,4857.861373433061,4822.728947340487,4791.002009397517,4763.369457956042,4734.399275183489,4708.34553839435,4685.703255768462,4662.443675485639,4641.718714225911,4623.99627078695,4606.128541612968,4590.309185083612,4577.144802576917,4563.801662482302,4551.76109793319,4542.059877582219,4531.7610783473265,4522.289635179168,4514.531826421736,4506.0710252437,4498.288582888423,4491.755043190859,4484.667792872299,4478.1998375864205,4472.741114781978,4466.772856280243,4461.343451477292,4456.613381387837,4451.363914131011,4446.5917821634375,4442.243171033469,4437.410505597522,4433.071525583905,4428.953378038032,4424.412799525268,4420.4076834391635,4416.405041062332,4412.022363906987,4408.222162239729,4404.178095392852,4399.812666625849,4396.120551553451,4391.974305169029,4387.625718929759,4384.022243532388,4379.900767328481,4375.689861486365,4372.226658050984,4368.253400776544,4364.260247138708,4360.958846586166
T38000logg4.0,5317.568141908355,5279.417312508226,5244.866740673381,5214.434925951436,5182.407992946005,5153.366511105419,5127.703928945234,5101.080749245771,5077.001282556189,5055.902864195489,5034.258223519792,5014.597040038385,4997.730607219005,4980.191080693878,4964.01202419806,4950.099655028002,4935.205730820529,4921.274154773274,4908.893881798043,4895.525787210481,4882.9895202377,4871.619014344438,4859.445175322772,4848.104139616305,4837.65015560671,4826.510852529968,4816.158331554941,4806.3451098374735,4795.882657976455,4786.176585744672,4776.666649169915,4766.581051238054,4757.315202442059,4747.934529087954,4738.093352042068,4729.224968229536,4719.827408350299,4710.11396832203,4701.51175961395,4691.997014366063,4682.336907576739,4673.811554590709,4664.238373710573,4654.670417929535,4646.1946964167755,4636.708284059674,4627.326666588006,4618.999687119666,4609.723220045141,4600.6331704128415,4592.510265997586
T38000logg4.2,4493.285862346867,4450.519314186105,4413.751386800778,4382.385584815756,4351.579060060477,4325.390591993263,4303.343083443937,4282.367964717079,4264.942160884228,4251.0081009465375,4238.209775481236,4227.831378294966,4220.594353980724,4213.87938957942,4208.427449736866,4205.659196418532,4202.576269847825,4200.129116915434,4199.467122050721,4198.179164359526,4197.282431444371,4197.597144848898,4197.255786358823,4197.2950923281105,4198.128500534131,4198.321815129405,4198.939114198682,4199.892387397377,4200.202739132427,4201.050922762003,4201.702910384538,4201.7805682141825,4202.660627722562,4202.7884920503875,4202.495020440521,4203.213276169986,4202.845091713324,4202.139831089003,4202.435173929183,4201.515856856658,4200.299247652512,4200.025843242224,4198.54623142379,4196.8390122991295,4196.024157293873,4194.112852855992,4192.082634701362,4190.845968486793,4188.650734494765,4186.439934542399,4184.897721936802
T38000logg4.4,4177.462147359985,4137.988319860352,4104.434880614956,4076.114017820885,4048.7796644611703,4025.9763188023303,4007.2379096113978,3989.9052645414026,3975.973927430748,3965.5391477693097,3956.430596680244,3949.509582197934,3945.846020821808,3942.7679465290794,3940.6538171660122,3941.5410112184627,3942.0628893428566,3942.9927581862444,3945.961682270795,3948.253814262758,3950.7489034747064,3954.622191354783,3957.7558125330397,3961.1318685231076,3965.3486839152815,3968.852651631149,3972.7280958304705,3976.8707951088345,3980.3329342784514,3984.4489534791637,3988.0214975190047,3991.086282200382,3995.0379721758977,3997.9732167654342,4000.4632900945967,4004.0298987020196,4006.3424354033937,4008.2199366960267,4011.150338561051,4012.7772805673235,4013.937177582412,4016.1350056112915,4017.048999785257,4017.5529917533995,4019.026696290632,4019.298459113039,4019.3042363515556,4020.14737261612,4019.9229485544106,4019.5776441100047,4019.911845885727
T39000logg3.6,6976.481191202799,6897.518524072499,6821.739018199135,6753.095196622785,6676.668117874478,6604.332069699278,6538.853620205232,6467.81140775662,6401.1625793785,6340.769883998879,6276.476614553714,6216.47039482658,6161.946375444016,6104.5921138277345,6051.087032472848,6002.202637232015,5951.087504067205,5903.334000414243,5859.334915950428,5813.578348583513,5770.816805228574,5731.080013778278,5690.028542579735,5651.651801108197,5615.697580367617,5578.685468089953,5543.9696253541615,5511.129200427237,5477.316001766449,5445.464826726606,5415.0030667936335,5383.657252169805,5354.060755958079,5325.475470585882,5296.155979657715,5268.478525382624,5241.520746283057,5214.0159473150625,5188.096858217145,5162.652409138654,5136.842101010403,5112.59008598907,5088.584610428473,5064.376643365188,5041.757452572755,5019.14475868614,4996.50931178742,4975.507449763524,4954.279027841597,4933.226642023407,4913.770759793393
T39000logg3.8,5132.259168325587,5101.115020108368,5072.1513935961875,5046.365221389359,5018.520522003638,4992.781342772517,4969.863650516466,4945.620633547761,4923.373322068791,4903.7068817466925,4883.2705512292,4864.594160302742,4848.285578762191,4831.363185201134,4815.748458874693,4802.189481353784,4787.864895183052,4774.535574946773,4762.704294433194,4750.151251063487,4738.482734085082,4727.907339929956,4716.7941025202645,4706.504453089271,4697.07634344017,4687.189802863404,4678.0412747079345,4669.462620953816,4660.443209482755,4652.089556231699,4644.044124733514,4635.610462034367,4627.847301948915,4620.194260208664,4612.234118425182,4604.989577826102,4597.638945725794,4590.05510670763,4583.258627284597,4576.092471889064,4568.800507818246,4562.351977304431,4555.369239825963,4548.372336161084,4542.23315224857,4535.53609838573,4528.910891295929,4523.115007703408,4516.7974306300175,4510.603579139517,4505.177120658647
T39000logg4.0,5284.064820250828,5239.102257120819,5198.5674418350745,5163.533569279994,5126.602011358874,5093.303943718777,5064.509915409165,5034.591159307672,5007.724811605371,4984.71926417255,4961.073031560887,4939.85782401326,4921.931979799074,4903.325624705196,4886.345166043279,4872.059047862834,4856.6938531732985,4842.227188796931,4830.080814329833,4816.56951954475,4803.712409182656,4792.821051791454,4780.667392048486,4769.090462344555,4759.246176432455,4748.212099672033,4737.676034218137,4728.534836901095,4718.223305480253,4708.33143859196,4699.532754482334,4689.609495606285,4680.103822546426,4671.468538912668,4661.79758614828,4652.572614657175,4643.995690073948,4634.460104412323,4625.385762696071,4616.739018310287,4607.219339033066,4598.206310918634,4589.453574433745,4579.951327743009,4571.047552016219,4562.289404902861,4552.907244358534,4544.241239274012,4535.598104351321,4526.45599490002,4518.110033726448
T39000logg4.2,6210.309013592401,6184.810589784838,6160.152982215038,6137.198992763474,6111.598069450075,6087.098259618808,6064.192566810324,6039.253300797049,6015.544099855131,5993.2734755313895,5969.450494742272,5946.871720736536,5925.540605594551,5902.95142164017,5881.6210813126,5861.059897474712,5839.523814497743,5819.1397202985945,5799.242734132855,5778.537825055868,5758.940531249061,5739.581431982317,5719.622471928066,5700.761186368054,5681.896877461199,5662.594011790418,5644.366946387129,5625.832884929386,5606.99031995389,5589.270943670529,5570.8418161310965,5552.303442152787,5535.06809824909,5516.600239609711,5498.331171067544,5481.433687650348,5463.089004477719,5445.134499627126,5428.4886990973255,5410.418621435554,5392.838526671547,5376.404629705659,5358.705011375955,5341.540036549262,5325.373096556579,5308.145066253541,5291.4602142043595,5275.669122077824,5258.987856911849,5242.859804082329,5227.533446323878
T40000logg3.6,7064.43051576815,6988.975260177262,6916.167526664748,6849.654682761723,6775.372845061211,6704.767732226037,6640.336390950137,6570.325863559964,6504.429008023196,6444.217422662258,6380.079097050467,6320.048212318775,6265.005848899399,6207.145655600546,6153.078369421147,6103.223300537275,6051.248013685735,6002.692172471326,5957.536432872285,5910.814875291384,5867.209948898259,5826.27038435989,5784.243413378661,5744.99904073399,5707.8592711878155,5669.881115665414,5634.321904200066,5600.322025946519,5565.593425974001,5532.966797220051,5501.397657487961,5469.20360790607,5438.901774171384,5409.246587699136,5379.123175675145,5350.79322096587,5322.775928417095,5294.497966329051,5267.992135646204,5241.495464685012,5214.957200521306,5190.228265474752,5165.155571504114,5140.27490424772,5117.22155842584,5093.578087340724,5070.314852894036,5048.820871130299,5026.661437011114,5005.014073409359,4985.015337663831
T40000logg3.8,6408.856741103612,6369.20036794276,6328.843598816154,6289.969936403268,6251.098321555614,6210.426810997405,6172.102082550408,6134.811003462947,6095.365182252819,6058.665142714144,6023.281197196875,5986.5470811383275,5952.209780549247,5919.237719742122,5885.321741714766,5853.266354886278,5822.357827679342,5790.811649521562,5760.361410548479,5731.074230182651,5701.596772419559,5672.692916649908,5645.1327404804815,5618.085045105517,5590.695169897055,5564.925726833497,5540.034975330386,5513.937041557237,5489.52535489086,5465.746031449433,5441.0539941343,5417.616338105691,5394.769540505682,5371.224084249134,5348.607581551282,5326.614581707223,5304.161557190045,5282.309132306652,5261.123701485458,5239.7299299373835,5218.529484221434,5198.086657178404,5177.773300356396,5157.142664665519,5137.496589956892,5118.182408322146,5098.378691484586,5079.572184509184,5061.215571589614,5042.378699213305,5024.443975187009
T40000logg4.0,5900.071304068548,5873.457844437186,5845.278774319275,5817.957527291017,5791.496443925274,5764.6508434276275,5737.734823926624,5712.120394325052,5687.271041209223,5661.1390474149875,5636.830833698258,5613.439376401225,5589.4078373990815,5566.706450098679,5544.919314822535,5523.013846295696,5501.5665065292305,5481.092468944139,5461.223207094604,5440.477512509082,5421.068015351889,5402.249266524708,5382.861754370966,5364.419893512993,5346.59235877934,5328.563413353857,5310.919089043728,5293.919629196845,5277.086528577081,5259.903816215079,5243.504292190598,5227.495338344707,5210.867423001675,5194.9605430797465,5179.458887506617,5163.650210884339,5148.184270541234,5133.175532028701,5118.155958881351,5103.046865913061,5088.497957969545,5074.223469620429,5059.52581176483,5045.430768834773,5031.689023892608,5017.689716833201,5004.105280405288,4990.930045536417,4977.729371067036,4964.688924821928,4952.133847594897
T40000logg4.2,5484.110421496832,5462.762653987493,5441.086403434923,5420.258558116054,5400.6185061095575,5381.809563331288,5362.158399225663,5344.36660650324,5327.5411926030665,5310.433345282559,5294.847860000415,5280.263890770205,5265.75306310563,5252.19299456479,5239.430461160955,5227.182660949527,5214.294632088012,5202.395597946057,5190.781434240416,5178.4836644275165,5166.9494414505525,5155.669676922457,5144.0729577302,5132.803067226435,5121.9430690831605,5111.279951876145,5099.936816048577,5089.2982063639565,5078.778789252243,5067.63815101639,5056.951491485657,5046.425918144067,5035.536922236508,5024.756122267242,5014.274952274061,5003.833721416666,4992.803892779707,4982.343746013123,4971.955152395952,4961.025861810663,4950.426182964229,4939.972900639477,4929.209044696893,4918.506796061988,4908.1039626391,4897.728627206744,4887.019465749647,4876.780999998051,4866.717631867702,4856.310337048476,4846.27871520491
T41000logg3.6,7087.373262024705,7007.1077888207465,6922.651074952835,6843.499068667019,6766.854742615704,6686.169413692895,6611.529902345786,6540.19289844678,6467.0039530084005,6398.748542586572,6334.08145713991,6269.093417015353,6207.718388816869,6149.9354757789615,6092.867846845046,6037.986256363178,5986.524557621828,5936.795647943724,5887.213102949089,5841.188558007854,5797.41473472848,5752.739179270468,5711.4556631378255,5672.167632966712,5632.4530913414055,5595.212799867796,5559.689633954375,5523.989872088695,5489.886517141477,5457.284982791287,5424.76050828638,5393.0189231025915,5362.688920691815,5332.944044463814,5302.903717072212,5274.508507483173,5247.015078011395,5218.753495795806,5192.154963212571,5166.419624673227,5140.171048756497,5115.203787562486,5091.0888519728405,5066.729676714495,5043.307873839444,5020.7798221800185,4998.290619856213,4976.3577348243225,4955.402724226581,4934.800224046989,4914.311482401518
T41000logg3.8,5522.251785286109,5493.561167726395,5464.007034554351,5435.890888144958,5408.51538827258,5379.306728315659,5352.287132583266,5326.251112363051,5299.154286031168,5273.914607653701,5249.807099425288,5225.207794038534,5202.139097723592,5180.231634763829,5158.248543176463,5137.209491079376,5117.288938958308,5097.48697005014,5078.163254340894,5059.870455352723,5042.0395071767225,5024.066546937696,5007.2675221232375,4991.217613815021,4974.63741383382,4959.264149592929,4944.498765630358,4929.408594804696,4915.13747258248,4901.387948810497,4887.415810518503,4873.960430842915,4861.01754131678,4847.9712116237515,4835.231958416441,4823.0123338730455,4810.861778597746,4798.712403642728,4787.138315789299,4775.79165873855,4764.149214539498,4753.131340919736,4742.403409854641,4731.3741219026215,4720.90073925306,4710.762657909695,4700.429745034918,4690.540547586568,4681.008461388583,4671.3800649821305,4662.07734135388
T41000logg4.0,6108.893165244301,6081.177524299658,6050.972014065038,6021.853516784229,5993.239043876142,5963.278411756385,5934.003718264818,5905.6627173543,5877.035795050738,5848.269369293538,5820.835746845568,5794.192217588072,5766.231603694384,5740.071100078245,5714.769992980126,5688.683067930802,5663.867580937465,5639.938148358803,5615.717172275824,5592.122500603601,5569.493132047891,5547.169110446499,5524.591776056531,5503.209788914718,5482.507874057979,5461.058933036009,5440.780826078616,5421.083457150438,5400.904027034614,5381.36473546182,5362.372202210175,5343.139176369451,5324.082873149119,5305.632035757754,5287.435804268776,5268.642416125528,5250.728288155823,5233.218475546508,5215.110521538642,5197.741564787943,5180.795795298501,5163.522103860617,5146.68412136436,5130.316222988772,5113.914259982252,5097.55158944495,5081.787277376711,5066.272084984828,5050.478786979341,5035.369782439153,5020.643079550061
T41000logg4.2,5509.742639287371,5488.113200770136,5466.413203548239,5444.976392581181,5424.897046321595,5405.673253743985,5385.652363475089,5367.381354973536,5350.11220468525,5332.6203122615525,5316.620210877411,5301.61782955568,5286.9373943753335,5272.819884837455,5259.6682962897285,5247.072229569296,5233.863507242558,5221.630321794125,5209.705692687351,5197.317621025668,5185.40052554867,5173.872128479673,5162.432497452955,5150.619686803105,5139.538196675475,5128.689269604622,5117.209474857583,5106.343976560463,5095.621339899019,5084.477933498374,5073.4648716173015,5062.728009252391,5052.060189393226,5040.7040258927545,5030.011521309853,5019.412068928103,5008.2635136228555,4997.483871749301,4986.862233520592,4975.936441688753,4964.955903411586,4954.274526043135,4943.631680458627,4932.471188961384,4921.79939965336,4911.286079584265,4900.409926854643,4889.843290422023,4879.53997036048,4869.162773405979,4858.722198188393
T41000logg4.4,6125.815784434871,6107.208951154601,6088.321103677422,6068.584242206415,6049.728004665678,6031.211994328537,6011.614033983944,5992.870425189665,5974.640503134459,5956.055073583413,5937.626245416092,5919.960590507226,5902.780826650693,5884.594684275494,5867.478566555016,5850.758018754114,5833.481059632202,5816.5422423776145,5800.056431719985,5783.426640193177,5766.49961823909,5750.149571649664,5734.068633166732,5717.274273359814,5701.054741909416,5685.152716668176,5668.883293649486,5652.6551986387485,5636.806451709831,5621.149706270657,5604.604828906181,5588.743300004569,5573.090388982877,5556.917498101921,5541.005184230556,5525.406169629555,5509.668905859889,5493.678589026773,5478.140970379829,5462.8035886971875,5446.845369894727,5431.326499525307,5416.081827279879,5400.539223711589,5385.155165295265,5370.12462447508,5355.197006362538,5339.96095009294,5325.202171415497,5310.734903883206,5295.966721757891
T42000logg3.8,5955.056147528784,5918.317677440802,5878.316687181318,5840.473077742818,5803.522878661358,5764.774201604861,5727.831406128892,5692.313289468747,5656.242360199439,5621.249368059197,5588.007789995346,5555.153256928392,5522.55344550796,5491.9078095784025,5462.545263794413,5432.262240249884,5404.165583533911,5377.269048944973,5349.871246458423,5324.010434374978,5299.29381864458,5274.48256494654,5250.649241001514,5227.975301264715,5205.601641980188,5183.567547289352,5162.675740700443,5142.570503244883,5121.703692206271,5102.151856396909,5083.21174101416,5063.762197871261,5045.1998031451285,5027.211890150388,5008.948466146771,4991.240857465195,4974.157566727841,4957.122913145885,4940.186566397738,4923.978559925687,4908.116712414907,4891.851616365247,4876.4356254786335,4861.442497850691,4846.068100965126,4831.425727278166,4817.240419827589,4802.878912117135,4789.019361724271,4775.661713875007,4762.34948585401
T42000logg4.0,6817.173993356893,6774.157137419596,6732.653708695502,6693.573979744559,6650.31088659888,6608.989462932724,6569.863860694745,6527.636945303747,6487.58754344627,6449.564393173949,6409.322584729454,6371.464699989138,6335.091111474197,6297.210138465286,6261.661346081807,6227.019973981011,6191.302922592363,6157.8629616125945,6124.64574128334,6090.818238572189,6059.317696409127,6027.43131976989,5995.4575052012115,5966.134558838175,5935.371639718254,5905.155260246638,5877.8477841529875,5847.990966672799,5819.1967932617,5793.021125957648,5764.327982683259,5736.645496952114,5711.2113111659855,5683.654878725598,5656.976825662486,5632.218311363866,5605.607200043103,5579.878933411588,5555.737358802048,5530.016262205064,5505.182015826604,5481.667817818468,5456.832227499222,5432.909220744176,5410.094028528166,5386.204058869019,5363.26635013003,5341.223874512892,5318.332902477717,5296.439632254742,5275.222007721381
T42000logg4.2,6370.421290451271,6345.219167718343,6320.663390305605,6297.3326138226885,6271.297354986209,6246.247365032724,6222.308433240684,6196.296366242353,6171.460814272682,6147.559323146842,6122.097607975188,6098.019810896498,6074.415279844736,6049.7704066628685,6026.534234136145,6003.490939623804,5979.733763985061,5957.402465151144,5934.939229081018,5912.070684995876,5890.665234624446,5868.756573204145,5846.745871944634,5826.40923717541,5804.839009714159,5783.599089131983,5764.189622413105,5742.865694276932,5722.220226341523,5703.202411228363,5682.343126390964,5662.161438941813,5643.308627001427,5622.941409373219,5603.18220223184,5584.543722226222,5564.597899616467,5545.288115090162,5526.897393304014,5507.412676343333,5488.576582599159,5470.508047326583,5451.52647959092,5433.196223956009,5415.5124888221035,5397.083965517972,5379.319713167164,5362.093533317558,5344.293624192598,5327.185714974833,5310.502064496879
T43000logg3.8,7034.371902852334,6977.117322768225,6921.247213167585,6870.0053460460085,6811.83328979738,6755.830377200465,6704.508296305635,6647.768792362235,6593.669289613623,6544.0515199948295,6490.259513519804,6439.261584973485,6392.348845379117,6342.150485433803,6294.661279619019,6250.741237296717,6204.18503078535,6160.162920282529,6119.224015591708,6076.163175855329,6035.493458888338,5997.43623752645,5957.724386078247,5920.236719261497,5884.918727407578,5848.238243489597,5813.526762866764,5780.5661450799735,5746.372184994293,5713.891821603089,5682.794492472843,5650.560099007248,5619.862503760357,5590.248479094598,5559.635015867959,5530.463216024161,5502.133979804507,5472.988840757719,5445.241905738017,5418.142408038198,5390.411524298556,5364.04882243337,5338.159389192189,5311.806880298563,5286.814563843366,5262.135675999326,5237.142003531893,5213.5231207375555,5190.047589234558,5166.422895474835,5144.184348653102
T43000logg4.0,7019.045627225767,6975.875668316437,6932.7958427866,6885.943326683692,6841.419101019348,6797.744832420283,6752.352405321599,6707.9971676108535,6665.20407947868,6623.6157432450445,6579.458000548781,6538.417335448441,6498.69704163293,6457.90531448106,6418.857329875067,6381.25108898981,6344.0140566510145,6306.303080781072,6270.521289199719,6235.769148948883,6199.963224765224,6165.802601827483,6132.770762333742,6099.663059196205,6066.895113725935,6035.4614517108075,6004.844637973124,5973.133176246722,5942.881125215531,5913.382434490753,5883.4265470731,5853.894789118954,5825.257787567372,5797.206775665687,5767.935779583231,5740.069256174593,5712.809401185092,5685.002734384427,5657.839617201662,5631.430245244195,5605.327578385364,5578.594596751409,5553.008640548107,5527.977090237283,5502.413103037353,5477.658997620291,5453.5941306315035,5429.660137845956,5405.648080346794,5382.605181344121,5360.10369964992
T43000logg4.2,6617.900193162514,6585.1113840838525,6553.516122516717,6523.540938569719,6490.512333098818,6458.999865041125,6428.900842419496,6396.560605868311,6365.91156888087,6336.491836673641,6305.484386981434,6276.334244651196,6247.928028412405,6218.460045783764,6190.849872182665,6163.397681328411,6135.238478524745,6108.9704544016095,6082.152323476004,6055.05504203999,6030.258770941789,6003.717684280978,5977.676330625117,5954.237578768873,5928.196102412709,5903.180579335274,5880.35905017538,5855.344246999496,5831.116846361066,5808.785410724697,5784.489765509683,5760.899716811548,5738.909145226198,5715.170534881225,5692.17468283558,5670.4628879838865,5647.26081052841,5624.830424078032,5603.424339768104,5580.762333531358,5558.895798632158,5537.8183724724695,5515.712657335619,5494.460856894338,5473.778236220618,5452.304161660896,5431.778263411008,5411.58368620622,5390.827242265299,5371.124313929994,5351.482290010513
T44000logg3.8,7042.371767388319,6988.3783917186365,6935.502757178766,6886.860694438146,6831.456715465551,6777.956869638656,6728.787661834048,6674.263180437732,6622.121678216726,6574.156672741128,6522.007103049155,6472.433309055811,6426.699262726263,6377.661392329911,6331.172933363519,6288.082437865853,6242.344732064861,6199.046098713693,6158.706325715298,6116.273452136453,6076.178936567463,6038.607629378542,5999.420477200721,5962.421274904683,5927.5166035506245,5891.29019258981,5857.004167569036,5824.405246976019,5790.613887072462,5758.516820882273,5727.739729024585,5695.869642614406,5665.522905740075,5636.1938984387,5605.915425692348,5577.075561257861,5549.021835913018,5520.212139540808,5492.80897662138,5466.006753458462,5438.640209126234,5412.656993249603,5387.099482721095,5361.14023040398,5336.547922501559,5312.214466086603,5287.633151630843,5264.426845021648,5241.313537585493,5218.123716763816,5196.337180925575
T44000logg4.0,5455.128198327831,5436.313677819893,5417.954742381078,5400.861886952231,5381.51353789342,5362.799717281845,5345.302262282259,5325.94649881031,5307.359232085856,5289.9100744736015,5270.988342160404,5252.94188911295,5235.952681423123,5217.828142038419,5200.607437659463,5184.349859606096,5167.191496659041,5150.953548411193,5135.503223012774,5119.404393061705,5104.232852981421,5089.72189162888,5074.774914998236,5060.729339953176,5047.224167001192,5033.400616852473,5020.402167511829,5007.763005690116,4994.840778578107,4982.659702778891,4970.632745442776,4958.362304698664,4946.804120881528,4935.220016290585,4923.480280937717,4912.495824755305,4901.296457322989,4890.07717717629,4879.701098544174,4868.887838407261,4858.206432165648,4848.396103796144,4838.033175087669,4827.868724934387,4818.556022936553,4808.66048738787,4798.99071880845,4790.14583921303,4780.741609278211,4771.595187250623,4763.221129121438
T44000logg4.2,6000.1344079625205,5978.878777504402,5958.23501235698,5938.777047008521,5917.035175564904,5896.125079506909,5876.297984550582,5854.67207180237,5833.99220317645,5814.290188981328,5793.1834135983345,5773.142461773269,5753.810741680086,5733.436318596532,5714.199594567241,5695.299584997462,5675.658246593018,5657.124084129969,5638.710003740386,5619.7697163959965,5601.9364615362165,5584.01342250528,5565.788502637786,5548.68415310235,5531.2661821971715,5513.730636557145,5497.360814512223,5480.310841031288,5463.333561065753,5447.661843553038,5430.758223488162,5414.205486225768,5398.965302689565,5382.325367464995,5366.176687827674,5351.196852869782,5334.93128103185,5319.1953521684245,5304.423682560908,5288.5963145828655,5273.2902233004,5258.772367515583,5243.38146706234,5228.503574690144,5214.312905794327,5199.382332949645,5184.968428802835,5171.170837008077,5156.760630331296,5142.876453344932,5129.541582624692
T45000logg3.8,6940.901752764644,6889.373095627987,6838.851457255607,6792.388870592792,6739.310027812793,6687.950901726901,6640.751548592016,6588.242331330251,6537.926271322587,6491.654785638835,6441.195078968297,6393.147811948089,6348.860399094801,6301.252031416257,6256.061559441023,6214.23289461096,6169.736518346863,6127.575988465175,6088.382142351997,6047.084437674578,6008.033307883582,5971.5745078404725,5933.482144741004,5897.496187714292,5863.704343568451,5828.571116737934,5795.312140537438,5763.831700725011,5731.142616297994,5700.082447188392,5670.435249049572,5639.670174812821,5610.3558604013915,5582.165084681214,5552.985595879708,5525.166301669948,5498.253725920907,5470.532764672591,5444.135753399007,5418.474454416403,5392.190227397174,5367.200529411477,5342.78683545194,5317.899538340435,5294.282247095964,5271.087123477619,5247.554135164667,5225.2849278036365,5203.300296629468,5181.125435228135,5160.223980734948
T45000logg4.0,5533.724137185643,5514.917910529466,5496.431869631996,5479.235602437328,5459.547680755323,5440.371889028976,5422.475617577124,5402.465980633078,5383.128018125336,5365.034558465557,5345.203436945276,5326.164601955767,5308.3164664034475,5289.058545754781,5270.649542998591,5253.331879330805,5234.865266765933,5217.259301777036,5200.640130220348,5183.109427982938,5166.481341098844,5150.682692958193,5134.229529202538,5118.672856562486,5103.837148537259,5088.491848834177,5073.968682616878,5060.023251586876,5045.614125911252,5031.93652661345,5018.670326247841,5004.979133836425,4991.968518582761,4979.227698550967,4966.13030833171,4953.704526536663,4941.424277900573,4928.875715109916,4917.01284954465,4905.174449639517,4893.157070446791,4881.848908623487,4870.423228045192,4858.90228856125,4848.146303701143,4837.105353286767,4826.075399268391,4815.836676729418,4805.2120089636155,4794.686840747832,4784.931262482726
T45000logg4.2,5960.079593599462,5940.154686536565,5920.776363405341,5902.4924552402645,5882.009248019809,5862.260707070793,5843.498757718328,5822.964792613247,5803.288745082557,5784.464302499491,5764.2431544968085,5744.969285582901,5726.35379180029,5706.654406160455,5688.029372513089,5669.640328418038,5650.506933745546,5632.40853674085,5614.411179496133,5595.859206375472,5578.34902242714,5560.7720891801255,5542.865096810434,5526.015059220905,5508.928166534365,5491.690112341047,5475.506501757161,5458.851897790057,5442.183354599808,5426.695174501774,5410.229376945864,5394.013130819062,5379.033466839816,5362.80471626709,5347.007665090408,5332.368142463403,5316.49408768391,5301.122967787192,5286.746047388357,5271.295109896808,5256.36068006534,5242.227210605872,5227.219355411757,5212.710426033032,5198.886853880195,5184.327887622483,5170.2658575022315,5156.819872821411,5142.7569641133205,5129.1959802531,5116.1865203800535
T46000logg4.0,6742.891203388529,6707.440751659122,6672.4984697163045,6639.93359345484,6602.644066869931,6566.32682355633,6532.429831717924,6494.596108345624,6458.072546772052,6423.908328390893,6386.529901204994,6350.667927459888,6317.017147314871,6280.743901961124,6246.062794960806,6213.36796022892,6178.522532390318,6145.2994040744825,6113.765818030696,6080.522366217369,6048.923898080676,6018.725821410593,5987.22271194445,5957.3230682213825,5928.600599036819,5898.825281559676,5870.543139211205,5843.164430484355,5814.873273085305,5787.951392938524,5761.64618429582,5734.551638763342,5708.753587413746,5683.317129767675,5657.24893494861,5632.464446647151,5607.81463901661,5582.714831689589,5558.9258071594895,5535.040562748907,5510.893664053189,5488.117525345926,5464.963923054722,5441.75495598308,5419.996754863768,5397.596860742446,5375.354713582157,5354.5737153366545,5333.029030632422,5311.801141710468,5291.972409285162
T46000logg4.2,5957.901770560037,5937.400093072199,5917.301407014209,5898.235779456788,5876.741781386419,5855.920251141308,5836.071910635821,5814.270095506177,5793.318109711723,5773.225973852605,5751.601119155334,5730.96816376023,5710.992615848032,5689.861412065618,5669.82070187229,5650.156715379794,5629.67224408552,5610.301688002638,5591.117304743998,5571.3814831934515,5552.794784535543,5534.18875025539,5515.291144243262,5497.5720911171875,5479.600341505077,5461.540215794427,5444.7190740546175,5427.236116491144,5409.871734891135,5393.881452397666,5376.649908210645,5359.820127902597,5344.3374287541255,5327.456991968718,5311.095198474068,5295.941135218575,5279.508969884489,5263.613930031506,5248.7392595421,5232.812308948759,5217.401278672178,5202.850239254824,5187.40832754801,5172.471789902893,5158.285718507486,5143.335207616754,5128.893186980646,5115.112290147033,5100.69200552857,5086.790937513448,5073.466774574766
T47000logg4.0,6913.190838702207,6873.425733446842,6834.241721903691,6797.787947100744,6756.037060176916,6715.400924115302,6677.560392052283,6635.334922420672,6594.614679360772,6556.623650626689,6515.070366006892,6475.242683358603,6437.958920135304,6397.776469951249,6359.398235572936,6323.289158399417,6284.824428360314,6248.177745479481,6213.51557201138,6176.9799816527975,6142.27582344838,6109.249074724838,6074.785304129013,6042.094845840866,6010.802304719254,5978.344693546936,5947.516672500959,5917.778118234173,5887.017173908217,5857.737033598875,5829.23139306991,5799.828226430634,5771.812470139101,5744.291810539163,5716.035441188145,5689.13852454152,5662.497235723404,5635.31777687767,5609.516235611091,5583.749324142611,5557.649610992289,5532.966115865574,5508.067889707617,5483.038131897034,5459.501310853207,5435.464573679461,5411.516958194379,5389.0900851601855,5365.988240601216,5343.15967765743,5321.807248585097
T47000logg4.2,5760.867247387749,5743.879154315734,5727.176141712595,5711.277243797883,5693.314227611802,5675.875548506671,5659.1986590623255,5640.849068919144,5623.182856611228,5606.182281078555,5587.859831129405,5570.356544649698,5553.3468522496705,5535.343367478824,5518.238257948746,5501.440069263012,5483.922466178132,5467.343551673778,5450.900030850113,5433.977472393122,5418.040951220592,5402.049958532822,5385.8161451921715,5370.614239141834,5355.140126452463,5339.608808747071,5325.228786759164,5310.092695503046,5295.135035766807,5281.4232537613,5266.493407600415,5251.957298079056,5238.60100865756,5223.97234833667,5209.795110252425,5196.658314220446,5182.4124580745465,5168.6092904804345,5155.69294648639,5141.8523534621045,5128.437616159548,5115.785481368973,5102.327236964871,5089.294194964419,5076.925318823479,5063.857922225447,5051.225414929848,5039.171346417681,5026.529790297439,5014.34146797192,5002.644933675072
T48000logg4.0,7166.215256099803,7122.167005752557,7078.864979699508,7038.156753355556,6991.961905471032,6947.158488746133,6904.953673684475,6858.351864183822,6813.584324203973,6771.256901059154,6725.493228231866,6681.824553710277,6640.298214646915,6596.117603116939,6554.13478656269,6513.909778012046,6471.675808339888,6431.683981668006,6393.054634433027,6352.991616910886,6315.1574915160745,6278.356592195497,6240.582646867028,6204.9884271843475,6170.054342739563,6134.475746393562,6100.974541009567,6067.680214165702,6033.962954099396,6002.23508572024,5970.210990291017,5937.988881160613,5907.839035192345,5876.713238879485,5845.762509358876,5817.033527184595,5786.700132767835,5756.942490574968,5729.40234838992,5700.052730539041,5671.4948388042,5645.0199730270115,5616.778826320222,5589.415835335784,5563.942323613204,5536.871024152432,5510.7066414746105,5486.234679464688,5460.392350516108,5435.454100064382,5412.024945127032
T49000logg4.0,6745.171174948333,6707.923415550264,6671.327019461059,6636.789824960189,6597.648112383729,6559.6692532878105,6523.710849935533,6484.061866367764,6445.9686977531655,6409.749638045864,6370.675911725275,6333.40258642309,6297.770924280297,6259.979823942557,6224.121339570303,6189.570524175114,6153.445732449786,6119.2829077815995,6086.123781638405,6051.872401928134,6019.593064817266,5988.015440816146,5955.767077968257,5925.474076014884,5895.541871420154,5865.241746075731,5836.834524449809,5808.35716097055,5779.719690068625,5752.959885326566,5725.567157122649,5698.25916948102,5672.997214809599,5646.320146162395,5620.133136305848,5596.0292921174305,5570.177734761617,5545.055390953573,5521.909021620106,5497.025605863725,5472.960473061729,5450.67046994783,5426.820061723592,5403.791470474781,5382.325617469113,5359.540029089122,5337.548034119031,5316.940023064161,5295.225248499238,5274.294803999909,5254.586751146401
T49000logg4.2,6766.521164350717,6737.479753661793,6708.830016089315,6681.641101977797,6650.700119816611,6620.534241935631,6591.786241601304,6559.933268949494,6529.15847732507,6499.680986364663,6467.699736237614,6437.001661232708,6407.415328500537,6375.842055149331,6345.697711618572,6316.367762409989,6285.529123252104,6256.189882693137,6227.428838598285,6197.573905835478,6169.291027084849,6141.331666889791,6112.669446790164,6085.62832946886,6058.610949273813,6031.184668567247,6005.381755208543,5979.20252696155,5952.833031525854,5928.2093828379675,5902.525524059395,5876.989184615956,5853.368206525994,5828.025259760717,5803.199940409393,5780.287765447256,5755.477021002671,5731.364716494641,5709.023280094265,5684.900185234698,5661.525314214502,5639.698510007342,5616.337487528233,5593.70230998416,5572.421745874908,5549.843397160678,5527.9744862523185,5507.3121674017,5485.536258841862,5464.483154172584,5444.494449217086
T50000logg4.0,6722.559586705563,6687.28280642768,6648.900528765421,6611.0849112808955,6573.6818525803355,6534.74362841471,6495.450419912934,6457.329145286558,6419.864985786378,6379.595148012703,6341.7745957784255,6304.831712090384,6266.252900517519,6229.391884522714,6193.63586353084,6157.161391503394,6121.544790355089,6087.254571958465,6053.405377212216,6018.921231365699,5986.29729929991,5954.68859137358,5922.134670219318,5891.358320450216,5861.650604271603,5831.510818654151,5802.448614492841,5774.416202506564,5746.4055461709995,5718.560721535516,5691.791256534674,5665.704735419773,5638.50982766973,5612.712678627867,5587.526631598696,5561.706935569333,5536.78057890196,5512.542892649917,5488.117685157253,5464.03029268007,5440.755236588167,5417.853751689036,5394.423036915074,5372.075293077092,5350.261444992065,5327.892806906098,5306.436684239411,5285.559241463217,5264.462380136322,5243.892293184033,5223.99291806314
T50000logg4.2,1794254018901575.5,1785753705243094.2,1777304580475907.0,1768227565041717.8,1759605520038095.2,1751240586878491.5,1742745209153535.5,1734489881280453.8,1726718831605835.8,1719342590738232.5,1711882724316801.0,1705168104455911.8,1698987656556571.0,1693070758341026.8,1687815084531107.8,1683203397566256.2,1679203794007428.8,1675628462748107.2,1672873757066019.2,1670781054055921.8,1669263762431303.2,1668581003216078.5,1668555670161467.8,1669125586301827.8,1670638669813405.2,1672774100974591.0,1675557554441515.0,1679113149489857.5,1683454659345745.0,1688357746474101.8,1693733707223281.8,1700349947566597.2,1707269742279136.8,1714696693579221.2,1722928833768532.2,1731714984015634.5,1740863797746760.0,1750382097977395.0,1760965918878013.0,1771613497146010.5,1782562786417938.5,1794231527461193.5,1806172707274759.5,1818271578466437.0,1830634740128919.8,1843764629094883.5,1856779060722668.0,1869901509918800.8,1883603100883910.2,1897323373423931.2,1911023391668909.0
T51000logg4.2,7060.721732880093,7028.551411020099,6996.028300900658,6960.522047519598,6925.79352221338,6891.356713610572,6855.815242394345,6819.4847243755985,6784.266949719222,6749.512940928981,6712.776404587849,6677.47967460613,6642.964420474775,6607.829100105472,6572.694145042992,6538.775512343836,6505.54563843645,6470.852172028249,6437.682340870397,6405.3609447475765,6372.623418816906,6340.225553459083,6308.986343862157,6278.497984861348,6246.887723205373,6216.749961523578,6187.3777360749245,6157.599550914818,6128.196557666824,6099.664921156678,6071.713663554471,6042.496577690296,6014.5390460206345,5987.128720206564,5959.218562296743,5931.668916116641,5904.861952259665,5878.53102021692,5851.1872290633955,5824.999887856911,5799.34034141646,5773.249573824782,5747.603288961545,5722.632848624026,5698.01196587633,5672.752249614097,5648.490844414313,5624.748526852927,5600.657602342358,5577.108379724874,5554.214195764228
T52000logg4.2,6237.283285475293,6214.290683378732,6191.055256554653,6165.617085325131,6140.8398890651315,6116.254782910603,6090.718682066183,6064.8621773870855,6039.721104173428,6014.899195236695,5988.566568018307,5963.39428938376,5938.774581287101,5913.560499175406,5888.6273199777015,5864.510696085191,5840.898939511172,5816.146992539749,5792.633150702121,5769.709391705417,5746.330285486273,5723.456633763124,5701.364001998861,5679.900686236269,5657.413644637796,5636.2188584432,5615.572778796316,5594.497016060873,5573.94246210946,5553.95637142149,5534.316852705913,5513.789487951557,5494.2562343768905,5475.084696602813,5455.399368297412,5436.210761294269,5417.499677151583,5398.969204542824,5379.9122118394,5361.6882487175635,5343.80715917183,5325.459907345818,5307.643974316604,5290.257880205116,5272.943837282233,5255.377906330284,5238.513249972962,5221.987382073965,5205.05697704677,5188.705848863777,5172.774101356523
T53000logg4.2,6684.721432213626,6658.155087180893,6631.23747620188,6601.404461604023,6572.580411114115,6543.797078486872,6513.2768912107485,6482.923868548302,6453.092295453883,6423.566659606594,6391.593752356794,6361.366063801158,6331.6150877341415,6300.53262225633,6270.354488989219,6240.90212710069,6211.2587782117735,6181.1953183887235,6152.304862835889,6124.037616258078,6094.719071233175,6066.635338856173,6039.347311541856,6011.841960445222,5984.662212532323,5958.482992488864,5932.960025744789,5906.431421210235,5881.165060894446,5856.485759193927,5831.339350733932,5806.643798580309,5782.620319374588,5759.0069891273515,5734.410013896981,5710.961184511823,5687.9753912538345,5664.445235905516,5641.522699371841,5619.178577368745,5596.990089923057,5574.349254542902,5552.621873591032,5531.310724444937,5509.442321696335,5488.287495666397,5467.642784347071,5446.964699670536,5426.274968120394,5406.323217763132,5386.747618868174
T54000logg4.2,7034.874073699141,7002.096181258153,6969.054651295974,6933.728184175341,6898.210628021515,6863.238977870054,6828.42286757195,6790.936651497806,6755.125000490923,6719.8966195792855,6683.555339875502,6647.47680778123,6612.4949449022715,6578.153870737293,6542.084596123962,6507.6880331995235,6474.1275671555595,6440.071565907196,6406.276707601682,6373.6825219925395,6341.848711669328,6308.896349482658,6277.4166449217155,6246.845704770992,6216.178436553345,6185.6536957104,6156.267250370774,6127.543951787845,6097.9269832355885,6069.3554227305085,6041.45556840205,6013.568006278981,5985.230318186436,5957.933639119306,5931.127352815748,5903.547055012989,5876.767751623897,5850.612804799533,5824.659593350104,5798.117932709204,5772.641754343228,5747.655486269867,5722.120695058475,5697.247231401343,5672.990303935094,5648.9935312671405,5624.521163333603,5601.013583479489,5578.010948345329,5554.670097448368,5531.904071156555
T56000logg4.2,5646.652331281974,5630.56804753328,5615.04192057959,5599.749863944056,5583.177990263534,5567.38941144019,5551.742042044999,5535.439588831319,5518.863235972255,5502.595630062913,5486.367633304119,5469.080664540683,5452.172376751744,5435.46541581291,5418.7746389926,5401.021048505915,5384.048033910815,5367.314600920566,5350.0828358364815,5333.150876778133,5316.752911197256,5300.7677845355565,5284.301452019799,5268.736293957438,5253.716903631796,5238.812156322976,5224.04191421009,5209.935290106211,5196.220345310468,5182.216816284436,5168.703981177007,5155.568694064061,5142.714218611895,5129.31456049924,5116.608236829403,5104.173180870469,5091.609856257672,5079.182446798212,5067.175381211661,5055.404515255193,5043.293685532217,5031.604102873456,5020.18193357955,5008.858312613662,4997.202866666981,4986.047047929922,4975.079021365965,4963.89094016006,4952.8609015928205,4942.142323933207,4931.558641220062
