,vsini60,vsini62,vsini64,vsini66,vsini68,vsini70,vsini72,vsini74,vsini76,vsini78,vsini80,vsini82,vsini84,vsini86,vsini88,vsini90,vsini92,vsini94,vsini96,vsini98,vsini100,vsini102,vsini104,vsini106,vsini108,vsini110,vsini112,vsini114,vsini116,vsini118,vsini120,vsini122,vsini124,vsini126,vsini128,vsini130,vsini132,vsini134,vsini136,vsini138,vsini140,vsini142,vsini144,vsini146,vsini148,vsini150,vsini152,vsini154,vsini156,vsini158,vsini160,vsini162,vsini164,vsini166,vsini168,vsini170,vsini172,vsini174,vsini176,vsini178,vsini180,vsini182,vsini184,vsini186,vsini188,vsini190,vsini192,vsini194,vsini196,vsini198,vsini200,vsini202,vsini204,vsini206,vsini208,vsini210,vsini212,vsini214,vsini216,vsini218,vsini220,vsini222,vsini224,vsini226,vsini228,vsini230,vsini232,vsini234,vsini236,vsini238,vsini240,vsini242,vsini244,vsini246,vsini248,vsini250,vsini252,vsini254,vsini256,vsini258,vsini260
T16000logg3.2,15.116343992357148,14.565750967305313,14.068809550228032,13.714276789289915,13.220014262447027,12.774884336718074,12.45248084760562,12.013881225764568,11.61955622459083,11.330173246000937,10.944759915192101,10.598770271076312,10.341950243679513,10.006240824574279,9.705360165486809,9.479840152766721,9.189969195206288,8.93073012845424,8.734852274616594,8.486961629668965,8.265919804212384,8.097837953229632,7.888167746773933,7.7019367880734535,7.559673035669535,7.384592015363132,7.229872012023928,7.1113769313991275,6.9674086898875265,6.841026971180107,6.744239191872043,6.62811015358161,6.527083541454203,6.449993193630716,6.358664501376958,6.280216845077003,6.220892696734665,6.151561689309206,6.093125192970732,6.04973568953098,5.999827316577178,5.959033218805092,5.929850643364528,5.896975490846103,5.871615270754521,5.8549968919110915,5.8369295842731805,5.8249554325599755,5.8193491501887005,5.814044761968699,5.813588415951041,5.817549924311201,5.8231648594583865,5.832546948240419,5.844748756471235,5.859632548242484,5.877342035434761,5.896562449629177,5.919207618997628,5.943859642382825,5.968960344180823,5.9979768657648185,6.028301160107903,6.058218657913932,6.092320117013636,6.127143860616061,6.160875267065601,6.198874294353367,6.237109327978047,6.273705408483687,6.31451319924273,6.355155960852908,6.3937327241260995,6.436373019977901,6.478524609681044,6.518286420038375,6.56190528429584,6.60478410305525,6.645039589664849,6.688922437865669,6.731884979850026,6.7720715380222964,6.815667404672506,6.858231639231603,6.897938397804282,6.940873295853663,6.982726996189407,7.021700268183575,7.063768512682375,7.104755121296001,7.1428802570337036,7.184005568278252,7.224077022719284,7.261330986706359,7.30150937090497,7.340674468367029,7.3770786002562785,7.41633274532931,7.454614620190069,7.49019976290895,7.528551404271048
T17000logg3.2,16.615150510724785,16.015413576109804,15.474228963253381,15.086790002959917,14.546035283317751,14.05924091131256,13.705311564978672,13.22361711449217,12.79079737907159,12.471823603403514,12.04710859112506,11.66606992969726,11.381906951431514,11.010766165975786,10.678277804065054,10.427754670268444,10.106152534894797,9.8185552330335,9.599948633726509,9.323710491555971,9.077272444526336,8.888582990656992,8.653590404262452,8.444591911901412,8.283638593277324,8.085872404990717,7.910660116094007,7.775170356558328,7.610790849035427,7.465881560255117,7.353597655772559,7.219012700791726,7.101165074034866,7.009912180189271,6.901840785885245,6.808089995636068,6.735819097722654,6.6512858254194915,6.578933104894819,6.5237353062104715,6.460034270364356,6.4066078300228435,6.366693372891834,6.321315336989361,6.284500614763208,6.258155253126999,6.228736478058444,6.206357760867925,6.1919317109642735,6.176278354750994,6.166330510398151,6.1622643394764784,6.158385116366176,6.159047873692551,6.163890265290041,6.169992474732025,6.179619336223203,6.192027708275024,6.206482353448176,6.223568810024938,6.242294560264685,6.263591384819295,6.2867510767016705,6.310629301676952,6.3373788089368945,6.36535638100559,6.393309312582215,6.424254730957425,6.455905662687865,6.486930311855611,6.520943978281966,6.555236231055314,6.588418011401274,6.624504817262438,6.660526268461376,6.695051472219457,6.732345548191238,6.769302541692332,6.804462076546532,6.842225989440667,6.879449452547427,6.91465208160605,6.952299525969987,6.989275635332718,7.024081081254898,7.0612090664665,7.097602791267202,7.131739154874968,7.168126013586778,7.203768177021595,7.237115715393025,7.272686076534425,7.307535967670088,7.340086499068954,7.374855852991806,7.408942282277173,7.440740787417847,7.47475319943917,7.508118195429871,7.539216681323399,7.57250958587067
T18000logg3.2,16.728590583439658,16.10316901560209,15.54531246160209,15.149477841868316,14.587171728177847,14.086725561565537,13.725754603497315,13.226658603976842,12.783231308470896,12.458778589760952,12.020593055998898,11.631804908441888,11.343753761148102,10.96263089803367,10.624890664398206,10.371932904376573,10.043253458639427,9.7524193676472,9.532567930387124,9.25152263151715,9.003338959322544,8.814275525853164,8.576138341792435,8.366409868211386,8.205654035596915,8.005874744130063,7.830551244956216,7.69557671539818,7.529900069370752,7.38520125759665,7.273560235530842,7.138111540747886,7.020600857234572,6.9299953199225,6.821308429012227,6.727910099245902,6.656225966704876,6.571231041633941,6.499197725995671,6.44450427533612,6.38044442422749,6.327280495742579,6.287784067546905,6.242113518025044,6.205493184300506,6.17948265294451,6.149809931929217,6.127556183585322,6.113391031609595,6.097506639499084,6.087617168046112,6.083749025171285,6.079651888615677,6.080312923556308,6.085301356862993,6.091191724344274,6.100761666300686,6.113271251580064,6.1275086797804805,6.144481331830147,6.1632644860820305,6.184331241741262,6.207324504827664,6.231217006737126,6.257724932826607,6.285489415062003,6.313415883965359,6.3441199979065495,6.3755322547765285,6.40650403213531,6.440291992521878,6.474340615033073,6.507457886404982,6.543347361747724,6.579136164724055,6.613595831182821,6.650727340853236,6.6874745277346115,6.722574527608543,6.760216043340505,6.797261912453282,6.832416827687819,6.869982922745326,6.90681529466772,6.941584770107778,6.978667630275429,7.014947845687396,7.049057957363735,7.0854326660073,7.120990922754348,7.154323606990017,7.189916757759199,7.224712790127602,7.257263523293498,7.292094942260342,7.326161521407014,7.357981414802099,7.392098896471001,7.425480188362466,7.456623780006794,7.490064277297416
T18000logg3.4,16.47641114706415,15.884125275905689,15.35750851773797,14.98491421163625,14.450934118849553,13.977004607047071,13.635888160829559,13.160381627052635,12.738923186514164,12.431001345553138,12.0120006675242,11.641027150450201,11.366424021869756,11.000579154321622,10.677017918705799,10.434775069680834,10.11805064180226,9.83832443571734,9.626851586191998,9.355022336446687,9.11541865238751,8.932793635633535,8.701662510582336,8.498477733692503,8.342588620642289,8.148075019651321,7.977689792154335,7.846338027075488,7.684574586501553,7.543553840114675,7.43455392341359,7.301953740265073,7.187118562782688,7.098370875146993,6.991682007149076,6.900147652182103,6.829689783937218,6.746000908200597,6.675168345885852,6.6211846514938815,6.557853168264972,6.505331445562469,6.466111650920478,6.42067957844829,6.384230845786352,6.358132156227837,6.32828517203707,6.305805516986661,6.29124346963519,6.274833277793737,6.2643799274377185,6.2598496101889385,6.254918219052615,6.254716605625804,6.25880607002291,6.263580547300811,6.272018419785787,6.283412465814735,6.296274437776176,6.311868940219961,6.329333432066225,6.348784953750947,6.370177907459034,6.392562620757494,6.417241365893016,6.443208310537037,6.46945134885603,6.498135737599472,6.5275761027595935,6.556705891812282,6.588312382020785,6.620244253135531,6.651384041809244,6.684960081145699,6.718516934933588,6.750887175302691,6.7856046731865645,6.8200360554017445,6.852960901329438,6.888121072204898,6.9228001885452715,6.955722489982538,6.990775387444994,7.025224833557506,7.057734477932537,7.092306179820315,7.126217224681818,7.158066690992917,7.191960344718268,7.225187119306789,7.256279573181471,7.289442319941679,7.321961372698273,7.35230573459474,7.384767873565058,7.416619743957153,7.446271877664249,7.478086096217554,7.509320942259229,7.538338865397604,7.569546890149239
T19000logg3.2,16.898002082482314,16.2485501984484,15.673324122706573,15.265703992850794,14.68390853876098,14.169833771677412,13.799396316485147,13.285288154991134,12.831885532270846,12.500392208175136,12.051342070751227,11.655896722745604,11.363105660479189,10.974675510695052,10.633061224647912,10.377344460344457,10.044203131246817,9.751636856383747,9.530564320925585,9.247126769491594,8.998676695188648,8.809438840474476,8.570262326739968,8.361129673802369,8.200800120858851,8.000761621967257,7.8264372588424544,7.692146584929527,7.52657577305777,7.382953392729046,7.2720106364174235,7.136751091934215,7.02019243536651,6.93015334498937,6.821587269108095,6.728921294442191,6.657610726862399,6.572603707096487,6.501058342844898,6.446538420716293,6.382315723643651,6.329396539032653,6.289885872502021,6.243899333826876,6.207298712970521,6.181108150659271,6.150973538074749,6.128535587404019,6.114045707967807,6.097562867938289,6.087308007720443,6.0829889297540864,6.078162100248666,6.078290922895399,6.082715225597848,6.087748281576584,6.096635075285004,6.10848074326908,6.1217412213297,6.137895486004319,6.15592338156392,6.175901562507556,6.197958227910793,6.221010630468623,6.246341099832648,6.273073810112763,6.300084403836529,6.329543548096616,6.359849950439791,6.389842271782166,6.422340403693827,6.455233852734548,6.487324798652283,6.521899063963569,6.556505781401696,6.589905981756981,6.625710264202513,6.661265449744278,6.6952808475925485,6.731589404444271,6.767443128648624,6.8014907839604986,6.837720587388582,6.873368026998415,6.907010462456665,6.942761857913528,6.977872166138774,7.010841981681777,7.045903579853789,7.080319873126856,7.112514321005995,7.146833287216895,7.180532482939368,7.211965200562389,7.245580707816452,7.27861224049083,7.309349099625576,7.342324697603797,7.374750983433019,7.404852972994803,7.437233408732843
T19000logg3.4,16.229514380864167,15.636090553195142,15.109582703493064,14.736647042825382,14.202439097791366,13.729523151322839,13.388827030310873,12.914249995836562,12.494878954253075,12.188276892802008,11.771427865410393,11.403603073551619,11.131214437171701,10.768628133090298,10.449120892416305,10.209865101607067,9.897253564230464,9.622223714631497,9.414299245364933,9.147121099046622,8.912559588608035,8.733799737913245,8.50754494786141,8.309463834992595,8.15752485528427,7.967836746442335,7.802377591893962,7.674865172189584,7.517677704187564,7.381249507052794,7.27584731305954,7.1474552739194355,7.036788206760121,6.951319694990318,6.848424812162442,6.760615310641463,6.69309583442419,6.6127794639880415,6.545230108054155,6.493846235085188,6.433491090345079,6.383851465109253,6.346923045164122,6.3041079617647995,6.2701771940636934,6.246089987488984,6.2185281593122745,6.198234924007336,6.18542953461522,6.171000762535709,6.162434788760411,6.159432107762563,6.156205915760456,6.157624183147464,6.1630372027152855,6.169266821341356,6.17908148535404,6.191613972410388,6.205696604524352,6.2224462053471505,6.240881978902233,6.261349149250505,6.283708063382398,6.306918863280049,6.332445536407885,6.3592237402523715,6.386171818297117,6.415569845331806,6.445696355941909,6.475432955844575,6.507652133640923,6.5401790571669505,6.571855479850823,6.605978927161033,6.640074568821656,6.672939469423524,6.708167280003727,6.74310847148241,6.776507643276373,6.812160258458015,6.84733796960322,6.8807283414426115,6.916265470688284,6.951211103162537,6.984186952001006,7.019236036272172,7.053640819936565,7.085950628174519,7.1203110450471705,7.154024751461321,7.185566148033404,7.219183535556533,7.252182114165652,7.282962887397288,7.315873354290626,7.348201385928109,7.378280148665265,7.410541272980655,7.4422550886907,7.471691540896196,7.503349306562665
T19000logg3.6,18.71659362441777,18.108152018921377,17.566782193306093,17.18074146946683,16.626680558723983,16.134834506645607,15.777909839313118,15.279764476881155,14.838352743439206,14.513059840543596,14.069965396379054,13.67788102335516,13.384980524494539,12.994377089748276,12.649169615520652,12.388155078036853,12.046552137504941,11.745059106081673,11.514636505620896,11.21816166063355,10.956938286295474,10.755379208197569,10.500084061991235,10.275595686010742,10.100925204537312,9.882845278151438,9.691550920684307,9.541649605572088,9.35693913481556,9.19543366678929,9.06816064526226,8.913234315054344,8.77835850000155,8.671650333649296,8.543254897990854,8.432151110836825,8.344089989319201,8.239334759773822,8.149448981828987,8.078280394311882,7.994559674093463,7.923554151554409,7.867629271521021,7.802499137696401,7.748146998002426,7.7058420202793725,7.656937165757254,7.617097682532877,7.5867994268938865,7.5518838106220745,7.524539242267009,7.50467493236916,7.481669036327464,7.464945290930547,7.454010234083457,7.441014222676998,7.433192168416356,7.429770936734674,7.425053705848861,7.424564204737284,7.427334390993029,7.429325927525308,7.43475269970909,7.44249171793177,7.44979454380592,7.459881081523595,7.471478691924444,7.48286122461186,7.4965005092651795,7.5109651658318235,7.525358813660525,7.541592709220236,7.558059350545323,7.574550782496912,7.592556098419142,7.61027616726576,7.628083669305239,7.647159353327323,7.665492787530665,7.683960418322275,7.703520384544398,7.7219351695896945,7.740534568705938,7.7601244487394165,7.778217970158017,7.796583702257332,7.815905900017274,7.833429109825634,7.851372698306566,7.870297803658862,7.88716229327726,7.904662648781651,7.923207751496586,7.939449767696916,7.956587897258852,7.974870355892673,7.990562604091762,8.007445855493225,8.025558590558962,8.040814356664233,8.05753106997342
T20000logg3.2,16.329921200228128,15.682136084356166,15.11028166721316,14.702999265711904,14.12568725980018,13.617504513959206,13.249492815688807,12.74255261898805,12.297380035566722,11.970330563537221,11.530832983389697,11.145613120227083,10.859050684689885,10.482065895862375,10.152157056122537,9.904052000964077,9.583603982743485,9.303603638471907,9.091017352545585,8.82083415945279,8.585178714557491,8.404774827130625,8.178778012955641,7.982112004330724,7.8305054805921275,7.643079001431411,7.480490986608477,7.354484354299059,7.200625703482818,7.06777160183432,6.964474150191391,6.839862842902546,6.733004225743766,6.649878718665432,6.550851043237938,6.466800985142764,6.401649214591699,6.325081027124352,6.261098695340353,6.211999757971262,6.155169640922234,6.108830040403822,6.074051409451226,6.034490271778029,6.003569433015898,5.981482785815732,5.956900973129379,5.939342409011221,5.928401093795358,5.9166938806691185,5.910611302088904,5.909358104111665,5.908611935561568,5.912292188870385,5.919369206714141,5.927861078559404,5.939755627814218,5.953903300950098,5.970071863104325,5.988768214637984,6.0088025250184876,6.031217900349458,6.05542748650355,6.080236558689642,6.1076139690916404,6.136180778915378,6.1647418441154604,6.19594287821291,6.227831584474984,6.259214680631124,6.293215544676798,6.327495489391724,6.36085614340143,6.3967415089752775,6.432583535213408,6.4671612249251655,6.504123792689855,6.540799814397234,6.575922019793763,6.613267058857935,6.650158620227514,6.685259536061145,6.722429669074583,6.759056722826763,6.793709814574125,6.830328641299898,6.866381456274155,6.900328493056296,6.936206022505844,6.971547046237863,7.004691844620928,7.039798079954359,7.074429048113935,7.106783995991937,7.141176229489891,7.175166765329128,7.206793488899773,7.240546602264781,7.273922057346151,7.304927994714459,7.338092775888173
T20000logg3.4,16.0983986409432,15.493895926163045,14.959208816317462,14.578050428830245,14.036238154137262,13.55829067915108,13.211765788363632,12.733000574143272,12.311609626423783,12.001571146738861,11.583649506756313,11.21646920407528,10.942832329031932,10.581776511340724,10.265052338348779,10.026355644553695,9.717239916374735,9.446524619788963,9.240487358824288,8.97808774583906,8.748741892209837,8.572692125310235,8.351868584406471,8.159349126048339,8.010500923370495,7.826402814193585,7.666433638814656,7.5420628631023146,7.3902537118190805,7.258961566096762,7.156529222704472,7.033089908171863,6.927059428780145,6.844270409530562,6.745797666173067,6.662058723134635,6.596876196258374,6.520425308621426,6.45638023274073,6.40698804010728,6.349948688748598,6.303269008254358,6.268004708870546,6.227989732447491,6.196520822529278,6.173804716899486,6.148576571535886,6.130297484647162,6.118606552519289,6.1060828394483115,6.099130632706263,6.097021239013361,6.095312376652504,6.097990298504488,6.10411307114147,6.11150325132149,6.122267912331359,6.135361518464977,6.150290537955953,6.167729750712704,6.186607622565021,6.207646908772544,6.230476574477752,6.254026371070064,6.27989846906361,6.306970804498663,6.334172511270639,6.363745019739408,6.3940323686115335,6.423958833236891,6.45622370668037,6.488813025411564,6.520631653872941,6.554698948879629,6.588786428543411,6.621757150079407,6.656849755841179,6.6917358487750995,6.725211798167807,6.760669333984854,6.795766534772252,6.829209317990861,6.8645048069907,6.899358935731398,6.932363432035964,6.967137630714466,7.0014535004153835,7.033769067066795,7.067833862929396,7.101476325998675,7.132999439184859,7.166318647624594,7.199296311348003,7.230020581521105,7.262644006928523,7.295003873581141,7.325000141965292,7.356998035778653,7.388748961595663,7.418137264550446,7.449562391857857
T20000logg3.6,15.430500738231748,14.883277281629299,14.398441905648973,14.052991990857889,13.560414380104444,13.125109176198682,12.809615315829046,12.372280264848806,11.986633058963816,11.702957005952445,11.319284754096035,10.9815689318796,10.729912982671161,10.396768542345564,10.104012926981456,9.883372873637391,9.596786317983161,9.345396066257141,9.154041337987872,8.90973537063349,8.695896655410879,8.531715521706639,8.325410986373784,8.145327960756527,8.006057053233556,7.8336258671008085,7.683647245228276,7.567007561209703,7.424608507140025,7.301358161467866,7.205170129890943,7.089334215983126,6.989777145544384,6.9120255172041585,6.819683803934433,6.741129247400213,6.6799839808855195,6.608434168731685,6.548499635429211,6.502304505405285,6.449130612635871,6.405655755131842,6.3728742997955585,6.335838270601008,6.306802792140299,6.285957734491781,6.262945191177757,6.246442395573565,6.236098164383912,6.225137346284818,6.219395298497044,6.218176251534879,6.2174637761429965,6.220865260861163,6.227478136055884,6.235374103433178,6.246433828560987,6.259656781746795,6.27465705415993,6.2920131261856485,6.310692811372697,6.331426999436075,6.353840515186232,6.376896096364629,6.402135955401578,6.4285019242702175,6.454944865027962,6.483605819331233,6.512941507774887,6.5418795286826406,6.573003313296846,6.6044398106754425,6.635078483435752,6.667827720579593,6.700607836334459,6.7322489480953855,6.7658959527308244,6.799365479843156,6.8314051149679536,6.865339568069973,6.898958455222852,6.930904127141742,6.9646495907738775,6.998006510508706,7.029493516146837,7.062726366879459,7.095558333961386,7.126366896461876,7.158922474289132,7.191112382311331,7.221154398645022,7.253003113874369,7.284564144747713,7.31383505443311,7.345021385674367,7.376002886488528,7.404564879189593,7.435156186713008,7.465572260418952,7.493539974715071,7.523590072229982
T21000logg3.2,15.705737456499573,15.06165420665457,14.494991600352307,14.08822515688652,13.517669062685254,13.017394101555105,12.652231258897054,12.154981540184526,11.720248198647935,11.398338898456682,10.971083515589278,10.598428142274367,10.319036682530372,9.956271247588646,9.64047844241042,9.401139135763888,9.09614652943694,8.831107096651252,8.628312046347913,8.374007580478358,8.153437069120733,7.983249977665009,7.77283926183754,7.590789736277657,7.449315425471196,7.2766489420615175,7.127771629508318,7.011422900902151,6.871158832716286,6.750860006010514,6.6565096065531915,6.544178567107117,6.448610335689751,6.3736042809649,6.285484636394636,6.21142841216388,6.153518788719198,6.0865050527168645,6.031255853538213,5.98852945893996,5.939970481317685,5.901176670099205,5.871938467417582,5.83946457318535,5.814999664314697,5.797677970794381,5.779124582272932,5.767045924650804,5.7601637234103595,5.753551387258309,5.752082014553464,5.754250996673436,5.757777705046447,5.765304942343001,5.77523243590132,5.7872819309998755,5.802356440383459,5.818849608261239,5.837969044320553,5.859280904851364,5.881230904839817,5.906102878980992,5.9324723404013255,5.958849417407382,5.988294656603018,6.018660067761439,6.0485149263431355,6.0814696582219705,6.114870107896816,6.147331994112519,6.182836623347551,6.218407287863064,6.2526836895109295,6.289874491143732,6.326841532839076,6.362214573459394,6.400323447099892,6.4380063852581495,6.473836432764859,6.512205045594968,6.550032908549829,6.585781071110116,6.623888515263528,6.6614282032229974,6.696683013602598,6.734178671854937,6.771206659205084,6.805657404796873,6.842367033061396,6.87868288577579,6.912317500399453,6.948229283245918,6.983738681839246,7.0166801231166325,7.051862023272163,7.086610455640676,7.118953743066565,7.153489997381639,7.18752180885974,7.219361389921764,7.25330699141083
T21000logg3.4,15.850343297408642,15.234912238131837,14.692339999046148,14.302745321787256,13.754369689586337,13.272424160669305,12.920429869259868,12.439278968888434,12.01753531200713,11.704950212379009,11.288377485696019,10.924026767240948,10.650498264331693,10.293861326037593,9.982492986044253,9.74609794785447,9.443642627017176,9.18003360794949,8.977903961650616,8.723537959972958,8.502277332986337,8.331129100956636,8.118919930940583,7.934786521061708,7.791281693259403,7.615749211653226,7.4639603545762885,7.344951530796818,7.201250434402135,7.077610205008632,6.9802821167029485,6.864265068358185,6.765190464685268,6.687096835787435,6.595254447434099,6.517693374255919,6.45671652549791,6.386056574001043,6.32738623809249,6.281677692076321,6.229600699741302,6.18751611392948,6.155415342079937,6.11958861695465,6.091989085208024,6.0719433263983476,6.050200560338258,6.035132362908238,6.025655444903958,6.016001447910649,6.011679202722817,6.011375260593905,6.012001304746494,6.016802134584755,6.024368507548429,6.033636799488452,6.046088485432376,6.0603112152712555,6.0767381708503,6.095502111076907,6.115245707448528,6.137485079087975,6.161356266873492,6.185567269630027,6.212415499119879,6.2403149260185815,6.268026004038609,6.298405931504022,6.329361876523227,6.359690074001296,6.392636084262607,6.425782144353152,6.4579305363664234,6.492583313547086,6.5271510754535775,6.560403762564947,6.596002244492788,6.631318691770929,6.665042337896839,6.700940192994636,6.736444106796919,6.770109172747651,6.805792431477138,6.841055273374855,6.87425602816163,6.909378253111381,6.944186806923556,6.976612155793037,7.011000558984648,7.045155960352683,7.076783709231993,7.110417073889824,7.143817455819697,7.174760798684294,7.2076977359686,7.240375637052821,7.270725356722232,7.303043877522518,7.335036488607383,7.364886259093904,7.396639863423366
T21000logg3.6,15.790690125249073,15.209838071147182,14.696667070495273,14.328627663656192,13.808343216468636,13.350010231655064,13.015609186931625,12.556341164299093,12.15274846696197,11.853866382434196,11.453558858440395,11.102480558667672,10.839076988610975,10.493880413806261,10.191658315532,9.962295556464388,9.667371541856737,9.409613833043027,9.212003784710916,8.962174605500692,8.744273294948169,8.575721639495974,8.365878501457095,8.183318023166125,8.04101718792274,7.866357427775447,7.714926588946058,7.596163985852761,7.452348033711726,7.328269772898491,7.230551587061825,7.113782491867713,7.013759215476851,6.934860101268358,6.841855086184645,6.7630194716993834,6.700964190946775,6.628878925682034,6.568731667295134,6.521765009522288,6.468096803291248,6.424404181354316,6.390920000521314,6.353382273776093,6.324082650523179,6.3025581964107396,6.279023152722961,6.262196919637708,6.25117216728042,6.239665921563419,6.233538891363252,6.23162667056991,6.230348653267976,6.233305798315016,6.239207744680546,6.246526409602666,6.257097694349341,6.269600691099944,6.284029088268907,6.3008735973034895,6.318839255693555,6.339024465111207,6.360932845900289,6.383304194851516,6.408043298517943,6.433935305802917,6.459744944345292,6.487961276778368,6.516867801084015,6.545235652282232,6.575970383755756,6.607031111649389,6.63716727617227,6.669569404128637,6.702026628717444,6.7332272514325595,6.766558293004689,6.799757750284119,6.831409842006686,6.8650425056932995,6.898438828454214,6.930031318117596,6.9634720479073255,6.996648255082266,7.027800287783991,7.06071760829857,7.093456288052526,7.123883329025462,7.156112962270315,7.188277691630335,7.217906730707832,7.249426359033754,7.280914062108802,7.309853026249418,7.340716094082948,7.371531884179095,7.399885818383581,7.430162839251413,7.4603345053104375,7.488196789369174,7.517940218867699
T22000logg3.2,14.264879022862479,13.653687531874297,13.117605750506463,12.730041356694901,12.191499743675326,11.720939019156566,11.374965670959712,10.908676799662715,10.50263399479228,10.199771468006249,9.802295296403456,9.457184870760589,9.196564921105017,8.862244306257745,8.572687026013242,8.351659066890216,8.073585039459063,7.833292663708251,7.6481399903241645,7.419058276624663,7.221590850863564,7.0681831671153885,6.881148035729073,6.720439505090423,6.594721652289461,6.4435067180592975,6.314180949713225,6.212482900378484,6.09177953571611,5.989280965630398,5.9084550313271045,5.813863368155225,5.7344167959096035,5.67182582124397,5.599737272412251,5.54023513446519,5.493685173646091,5.441121110322998,5.398967043908621,5.366602409223974,5.331023794946761,5.303972033078533,5.284158417418788,5.263320627812776,5.249364125321816,5.2406049088042215,5.232472687747286,5.229789040785404,5.230687936226748,5.233418455018833,5.240362926461568,5.249626408593698,5.2615698042281185,5.276667337091554,5.2931023257120104,5.312777142281439,5.334696683087148,5.357198751161814,5.383272640002074,5.410819385749405,5.438368153224938,5.469651207405345,5.501759196677429,5.53341319178779,5.568841896365658,5.604555145375221,5.639446753553402,5.6780526555938975,5.716495190131843,5.7538175899812245,5.7947131860240715,5.835085963681302,5.874096573621339,5.916479062918756,5.958054212241982,5.99808307757339,6.0412334412366295,6.083420964815468,6.123817251778462,6.167125180352955,6.209474665486944,6.249658541330643,6.292643995861735,6.334632345406394,6.37433705563934,6.416669015622599,6.457962017046941,6.4970126754241715,6.5385161666583125,6.578951367923443,6.617281763138704,6.657930725184644,6.697497236173971,6.735117898675073,6.77495815011255,6.81370749967248,6.850667508466085,6.88976481260912,6.9277665972000255,6.9641057257579275,7.002502630693109
T22000logg3.4,15.230519390545064,14.624410833125202,14.091629762073731,13.705057129550404,13.167000755435915,12.695749702760049,12.347853942267259,11.878098351713689,11.467948591173062,11.160597536266671,10.756370355162325,10.404341862127703,10.137077884142451,9.793453359397624,9.49485083127824,9.26552695505968,8.976376333323502,8.725625352263988,8.531073268956943,8.289886920771389,8.081204853055263,7.917810285927391,7.718298780567993,7.546171152175737,7.410316668319633,7.246738851223311,7.106170677301378,6.994491213301092,6.861820986417224,6.748478939945627,6.658004234599101,6.551993073804663,6.462215923337283,6.390399868369765,6.307489438697881,6.238206721946459,6.1828896600979775,6.120112117118461,6.068736152525009,6.02807339021253,5.982892318383572,5.947174865749144,5.919531958183455,5.889680500660682,5.867589918407288,5.851447369038095,5.834844684312899,5.824508033840658,5.8184204818533445,5.813146602597085,5.812847397230267,5.815450440790451,5.819763471252681,5.827943936798857,5.837965599620751,5.850302959697056,5.8655676239861,5.881841050305168,5.900809188391393,5.921909545315703,5.943362145031805,5.967711698478491,5.993531971694143,6.019173004520304,6.047791348966848,6.0773355577098584,6.1062587308131775,6.138146506140448,6.170511430457221,6.201882548350937,6.236130994293008,6.270498733009102,6.303564285524398,6.339363726655672,6.374989916452372,6.409089803747603,6.445722266314219,6.4821753711801655,6.516506188368286,6.553363874407629,6.5900310700973925,6.624169559288062,6.660762804065617,6.697114674279463,6.730786454654155,6.766776969015863,6.802498146779608,6.835494394531873,6.87070678985653,6.905651312222719,6.9379000741433545,6.9723130973517105,7.006466944996495,7.037997279252896,7.071673398483146,7.1050984584198265,7.135983636715214,7.1690056588856095,7.2017716366494575,7.2320865501808465,7.264515075858118
T22000logg3.6,14.6084252466913,14.044835689275773,13.548669423635609,13.191109271273262,12.690087061438945,12.25046490546493,11.928213774735529,11.489875845502628,11.106374431818136,10.821109748744249,10.4429849580297,10.11297204270931,9.864349080941306,9.542072551109696,9.261395874509487,9.0475739791415,8.775705194918324,8.539423635628774,8.357649758840935,8.130413617532492,7.933377188401806,7.78048465418237,7.592231626371407,7.4294754188351995,7.302253223864629,7.147804098173298,7.014828439827329,6.910289417912075,6.785112953740689,6.678003584454992,6.593503700395983,6.493745263297084,6.409173937476868,6.342429920697499,6.264831518099334,6.199969150412876,6.149009087641901,6.090795279844858,6.0432086478999265,6.006306453491801,5.965061491458364,5.932600723069514,5.908197795852864,5.881747058083239,5.862463940593002,5.849110758683038,5.835465168939373,5.827569139960634,5.823896202178528,5.821220560918096,5.823065190117822,5.827776591940687,5.8344012359294055,5.844490420047929,5.856375540479153,5.870792735626005,5.8877727239651145,5.905704716402348,5.926547518961393,5.949190092913715,5.9721163278343115,5.998145751265097,6.025341037264003,6.052281464798879,6.082393925991093,6.113154541877599,6.143215802281216,6.176428609271559,6.2098662302243035,6.242232126664712,6.277649971219867,6.312962742422376,6.346888798490786,6.383716646162884,6.420196302038434,6.455015389995811,6.492555517996629,6.529584327205388,6.564717733348194,6.602382419317939,6.639495040834409,6.674415884885137,6.711745335795445,6.748608767204859,6.782909522046734,6.819604523002611,6.855862509444497,6.889446241958563,6.925363149568341,6.960839484145178,6.993701995540682,7.028826038513535,7.063488592974256,7.09567953492243,7.1300668805914755,7.1639575176714665,7.195548459042527,7.229266737109608,7.262452821801127,7.293492588228923,7.326590852914868
T23000logg3.2,13.31609660603934,12.726679451020468,12.210490063437073,11.834439388751376,11.315573621001418,10.862992790927377,10.527583740307414,10.078966014436622,9.68907567276601,9.395865164620213,9.014205776185328,8.683564294375678,8.431759008545706,8.111615189706521,7.835052737649692,7.622122556622331,7.356832151795724,7.128290383512133,6.950653679428725,6.733193571689257,6.54643624827309,6.400079338317307,6.223699465559217,6.072837887702001,5.953803931228823,5.812456921876188,5.692252700640201,5.596940034054098,5.48541645299893,5.391396023804038,5.316685770278316,5.230649932403309,5.159096206674664,5.102365281921162,5.038248403059151,4.986083031093436,4.945135679577827,4.89997129913818,4.86460536133556,4.837570914096385,4.808832013809294,4.788032809805426,4.773269361700661,4.758735551611775,4.750520035854728,4.746531879609261,4.744195915433163,4.74676765013447,4.7521627420574015,4.760210912046552,4.771950592394863,4.785438496646473,4.802251233497136,4.821716033577179,4.842119644649892,4.866267592769816,4.8921816578053345,4.918434808895681,4.9486578799047125,4.979895940494316,5.011033511042494,5.04622082656431,5.081785896464671,5.116925117504856,5.15608286551075,5.195071600824554,5.233399585202375,5.275618779986097,5.3171565043446805,5.357957748015956,5.402400744297792,5.445918181535863,5.488300865800515,5.534205417085342,5.579003527619343,5.622333006637799,5.6690166198383265,5.71440199737393,5.758194685549872,5.8050762730564855,5.85049949505499,5.894308434741213,5.9409153496019265,5.985981223947009,6.029420163276006,6.0754182174927776,6.119856827812845,6.162665661264402,6.207866429045723,6.251527331407422,6.2935991774543565,6.33794799587344,6.380769044651279,6.422114630812757,6.465634504275755,6.507672486807902,6.548296146608862,6.591027763143445,6.6322878737823805,6.672252997450398,6.714222717787095
T23000logg3.4,13.530055271954488,12.957339118144354,12.455340783642667,12.09010281697372,11.5850245975219,11.144045759812684,10.81765816545315,10.380060284392995,9.999349992423332,9.713409772559604,9.340269174002568,9.016638193801898,8.770477385640191,8.456668626575025,8.185236675599644,7.976498779403212,7.715690321534666,7.4906949260703,7.315993016442994,7.101488456956393,6.916984980772728,6.772509367001706,6.59785961861506,6.448203194020361,6.330172901563318,6.1895513408742175,6.069702151060209,5.9746654222097275,5.863074543448664,5.768742881266134,5.693722712420348,5.607007918138218,5.534626629107276,5.477118544698879,5.411848664101599,5.358458103195556,5.316359784071757,5.269672847004709,5.232770433165163,5.204277871198929,5.173718393527384,5.15113492471763,5.1346559528485916,5.118058944640756,5.107860690211847,5.1019411506249,5.097353478688803,5.0977932912507,5.101081854808676,5.106736691674927,5.116233117706994,5.127473044434966,5.141777350158969,5.158907549224745,5.176937025390379,5.198470481848448,5.221966733403354,5.245722909732791,5.273225297905633,5.301961372366287,5.330471722447492,5.36282139089615,5.395792905608324,5.428163463067371,5.464357032074179,5.500656948126511,5.536064110544022,5.575189765982977,5.613964554860487,5.651675271181152,5.692903447122348,5.73350128181815,5.772711216435929,5.81528243380757,5.8571211956523825,5.897091624194666,5.9403364868786825,5.982709914018466,6.022996205447515,6.06635417168785,6.10871995571269,6.148911864268242,6.19193874504293,6.23390587167766,6.273665613894033,6.316057793562628,6.357377799856232,6.396480595192971,6.438077481378404,6.478631322319256,6.516989407870572,6.557759439218852,6.597511019502139,6.635143802833917,6.675121821900273,6.714084326912999,6.751061773668456,6.790300277031258,6.828535636406267,6.864885605327461,6.903421521349482
T23000logg3.6,14.007188705686522,13.446288057608278,12.954265560252,12.595492031066412,12.099147333436608,11.66537890617632,11.34352388512905,10.91172596029608,10.535632889073446,10.252361054647245,9.882378836998138,9.561062374840512,9.315878231909952,9.002980846457179,8.731930879572326,8.522727106494811,8.261032677877344,8.034884824814773,7.858559947197815,7.641798121630101,7.454975365575091,7.307991112471718,7.130094308836885,6.977287008336582,6.85611545701747,6.711588370922573,6.588049697723238,6.489465135327091,6.37358498377701,6.2752558907510565,6.196464085315514,6.105270074453335,6.028745056297294,5.967371966897117,5.89757092979387,5.8399999691913935,5.7940319371215265,5.742842712369988,5.701792801008132,5.669483506116023,5.63450993251749,5.6078612531548675,5.587657185497028,5.566769821834426,5.552616834424386,5.543085682085563,5.534349195433304,5.530962095916635,5.530766792304446,5.5324238233886085,5.53822796166897,5.546114334803878,5.556567432933712,5.570135067901216,5.584933943657611,5.602745534062603,5.622789014876627,5.643414036820323,5.667289258109429,5.692651084875628,5.7180965115454345,5.746880225361512,5.776524588394,5.805863311415086,5.838520701483401,5.871514026510993,5.903899439576928,5.939498732486992,5.974944949478411,6.009654109831338,6.047349726382084,6.084713858886977,6.12080717230327,6.159838827715508,6.1984323788575475,6.235270275948092,6.274965878384266,6.31407897986119,6.351209750177763,6.39100342262113,6.430108301346148,6.467095279513969,6.5065427933598805,6.545260170857779,6.581763254936667,6.620572850799849,6.658657491661497,6.694480133038125,6.732513979552802,6.769843330523071,6.8049298479901985,6.842165249528612,6.87869879833686,6.913094305976467,6.949576795875237,6.985387535064939,7.019113462930152,7.054898066081446,7.090003602407128,7.123140636530836,7.158268284091095
T24000logg3.2,12.747886943235684,12.177741136830232,11.67848028068942,11.314843519801197,10.81324574407377,10.375833080693518,10.051782813550052,9.61853788734443,9.24214928562608,8.959239784732572,8.591192248839382,8.272506423828666,8.029980650229213,7.721850775646666,7.455850534052514,7.251253231914457,6.996573774392527,6.777382098183867,6.607240148256476,6.399208380058309,6.2207870940766945,6.081214990857347,5.9132923887496425,5.769921569465854,5.657073150544982,5.523349184728975,5.409907111940273,5.3202555119525305,5.2156331661025215,5.127738225404703,5.058222303936585,4.978443059319546,4.912435369075464,4.860465104085414,4.802003059682624,4.754840142666343,4.718237449061007,4.678158845945872,4.647277269638646,4.624183300319391,4.599984120730634,4.583173271938102,4.571956783101921,4.5614398449840685,4.556738649205022,4.5559155267249025,4.557107088621359,4.562752793364744,4.570952270925487,4.582084046348279,4.596497046756416,4.612458059627764,4.631955444423666,4.653735036733826,4.676314876729425,4.702797467620519,4.730710324432495,4.758879458880725,4.791136391360155,4.824100728800377,4.8569323190003395,4.893903120790202,4.930971543194296,4.967629117953679,5.008379890282584,5.048704481696169,5.088426970358378,5.132112096202449,5.174875537435456,5.217000863942728,5.262840459679513,5.3075101579451305,5.351203610816474,5.398478415117836,5.444388193673641,5.489052677267093,5.537109935056425,5.583602758989758,5.628766021268816,5.677044480194515,5.723583818204873,5.7688169972947705,5.816855368115723,5.863056951691509,5.907978884352529,5.955447912781882,6.0010513220063775,6.045397738434538,6.092107380892247,6.136965971210454,6.180623400948712,6.226515609504927,6.270567293936319,6.313537022263745,6.358626306025234,6.401919830336371,6.444200301177788,6.488521927866971,6.531055428042779,6.572705767896837,6.616278986758401
T24000logg3.4,13.175380156956042,12.60488595426579,12.105613532781085,11.740581976297793,11.238520427445438,10.800961441476492,10.475479249154015,10.041668048818515,9.665030751298751,9.38070314928831,9.012031842431373,8.693022521772747,8.449119812198928,8.140309130851529,7.873891639698026,7.667938333126423,7.412461448651167,7.1926852826906105,7.021137985162673,6.812075964527476,6.632794307712945,6.491665942029447,6.322368468542451,6.17778025537935,6.063144939912167,5.927653786825055,5.81261561568255,5.720917092707705,5.614144535605517,5.524294841386395,5.452479687129364,5.370208366499252,5.301926348359721,5.247431088003624,5.186183061228998,5.136468669718882,5.097143959799239,5.054028273244151,5.020363618372901,4.994383529906224,4.966948710785723,4.947174261779651,4.932944095584426,4.9190409382702365,4.911240596156723,4.9073089101480045,4.905005457219966,4.907450269950704,4.912470569737215,4.920023845306038,4.931159518144502,4.943887233230597,4.959735172352635,4.978168276092021,4.997458784182921,5.020216943694887,5.044710968536148,5.069523623328725,5.09797033708337,5.127434710929403,5.156826501229105,5.189888234016833,5.223361362006556,5.256477665238325,5.293205369917539,5.329814277542571,5.365892736483508,5.405427029038844,5.444426624604477,5.4827071448918945,5.5242610432941985,5.565114001328807,5.604755282728588,5.6476103638864386,5.689560613878971,5.730056909871174,5.773567876611235,5.815995482997776,5.856854067168222,5.900482409446202,5.942919764893549,5.983690046615518,6.027008778344593,6.069083126676319,6.109433445501207,6.152150252441049,6.193604458438081,6.233338168245798,6.275300079240363,6.31599939559124,6.355057135534851,6.396238521697521,6.436208619889599,6.474558908432531,6.514996467845502,6.55418936386689,6.591967381718482,6.6317151010009265,6.670065914629319,6.707427498640057,6.7465204700882495
T24000logg3.6,12.917267453586874,12.38805357743059,11.9245021731575,11.586350016050483,11.119958839095478,10.713086900831954,10.411123115311177,10.007447132152418,9.6565984851967,9.392354392831294,9.048640426115973,8.750892075418506,8.523782741575221,8.235296886662054,7.986122894805754,7.793960920742383,7.554806610815817,7.3488326021657535,7.188447842994279,6.992371519111469,6.82404190978524,6.6918597016572114,6.532827649924503,6.396869184018734,6.289344022898076,6.161927401096881,6.053652851630281,5.96756670948105,5.867123143594581,5.7825520299499065,5.715139813183824,5.637824361572238,5.573661084625606,5.522608539306036,5.465248834797375,5.418749107992913,5.382103908519345,5.3420408652893805,5.31088403054347,5.286971964041759,5.261926411714783,5.244099602186759,5.231439910512099,5.219402029043327,5.213110051027609,5.210349301751233,5.2094995985620915,5.213110981919373,5.2189836250163255,5.227668465879113,5.239705537947977,5.253032325819856,5.269762674039966,5.288891999447114,5.30857660902805,5.332010184538138,5.35703213890298,5.382061194951214,5.411000709468097,5.440844695428568,5.470285846907062,5.50366158232457,5.537371130563238,5.570369539191974,5.6072321648575665,5.643943522797665,5.679724698970405,5.719215602209327,5.7581255877872755,5.795988851905806,5.8373225689943276,5.8779447436605095,5.917000163599958,5.959464936174818,6.001089170066589,6.040804630606277,6.083774124434961,6.1257583171754835,6.165695941493245,6.208648973907261,6.250527139498633,6.290265595557799,6.332793627725582,6.374217618457461,6.413439118861022,6.455270173604853,6.49601117567961,6.534526505669609,6.57552595518146,6.615463969720811,6.653220315414605,6.693364800406657,6.732450721525315,6.769492546237505,6.808820586806638,6.847110771028619,6.883468480819754,6.922034959318804,6.959536950439287,6.995297223530496,7.033141329852282
T25000logg3.2,13.5123733361532,12.935004471894244,12.428588957107173,12.058702822609469,11.547718485922513,11.10125557776516,10.769510627179244,10.325074195673974,9.938078402261414,9.64626243456123,9.265636946151346,8.935187712484721,8.682839993588686,8.361235147571136,8.082775693017586,7.867798683082834,7.5992742897714765,7.367394604107537,7.186688454826387,6.964907879604727,6.773976246722958,6.623987975057746,6.442798293361346,6.28742009527247,6.164573386842542,6.018347554983747,5.893624630465735,5.79458109382753,5.678361159293541,5.580005954651565,5.501785916155471,5.411326609882869,5.335668281873951,5.275676973908307,5.207378137903992,5.151294798645811,5.10729315178797,5.058111890448675,5.01893566814925,4.988982279158137,4.956290736342371,4.931696061646495,4.914065979785434,4.895546340312188,4.883467255636624,4.876588476637972,4.870170658517744,4.868760014279223,4.871191462765255,4.8750325822717,4.882648247346552,4.8930778546246385,4.905551511310831,4.920747519219831,4.937998726330296,4.957695384930538,4.979215760393878,5.002246491908711,5.027947965077896,5.0547026603626115,5.082588654307806,5.113236767377422,5.1442714941928935,5.176188413001038,5.2108592077449245,5.245296301905371,5.280542343855788,5.318412796912925,5.355685395728365,5.393394853847288,5.433713717047635,5.47311219437439,5.512682850394809,5.554758756465684,5.595586440259367,5.6364982109279955,5.679696869697237,5.721362519931656,5.763107402425307,5.806879226646599,5.848930833435601,5.891014096168451,5.934900883849144,5.976969311865254,6.0190005198013345,6.062668139775305,6.104462777146574,6.14619895073602,6.189446354559119,6.230789951719694,6.272120922535644,6.314863566391092,6.355724138660486,6.396578312421468,6.438804651586639,6.479084189779484,6.519562441015213,6.561280024785499,6.600918181233977,6.641094065765909,6.682297879719324
T25000logg3.4,12.830796287234476,12.284093040398135,11.805167739580817,11.45457616788564,10.971989320220565,10.55099244329735,10.237414004364739,9.819114101393561,9.455555721669155,9.180701108699083,8.823971211373227,8.514941051231482,8.278290906006289,7.978378902362024,7.719346893540039,7.518762454324711,7.269765273312164,7.055356436119798,6.887707243594576,6.683349163418289,6.507987248559939,6.369710425437164,6.203914775266613,6.062276381306577,5.949803886261284,5.817039091634893,5.704318884505517,5.614346042508227,5.509785311124919,5.421826881217126,5.351449679280601,5.271024240797572,5.204331860482708,5.1510746259239095,5.091407031121161,5.043066186254576,5.004841662053617,4.963122204359763,4.930677296223897,4.90570621887074,4.879531310625854,4.860855505811159,4.847568574957664,4.834814560760394,4.828009774543983,4.8249659432421,4.823710899365901,4.827057602474699,4.8329108072742235,4.8414145973562945,4.85335528992221,4.866848981309098,4.8835388019985295,4.90267572090115,4.922658050346054,4.946156211062707,4.971264072383656,4.996703443981058,5.025811842850372,5.055818015937948,5.085790926755808,5.1194569840782655,5.153411682742788,5.1870870608861255,5.224382630687812,5.2613959109696635,5.298066519199595,5.338160386801388,5.377706279324013,5.416450766043174,5.458590832510699,5.499967539497713,5.540172942191757,5.583676043798749,5.626168529627805,5.66734804197753,5.711596968398987,5.754639525164031,5.796282266461853,5.840739520034764,5.8838738499431615,5.925505390292644,5.969723814436762,6.012571571894123,6.053829132932909,6.097490867814678,6.139757179379792,6.180433470305243,6.223364021538537,6.2648783680984526,6.304908378741107,6.3470602020540845,6.38781501195923,6.427174216097705,6.468579556500115,6.508503541749359,6.547342315108491,6.5880491996053685,6.62711709610024,6.665545187356596,6.705586758627582
T25000logg3.6,12.35611800945706,11.845283317743476,11.397924137382477,11.070904223997921,10.620640755993527,10.227974669278028,9.935918355014717,9.546280441680038,9.20779536806835,8.952279674941215,8.620693818417907,8.333635599125719,8.114158205238404,7.836124647704334,7.596196474223082,7.410713308336568,7.180618163351444,6.98269530914496,6.828203817255419,6.640073075866311,6.478848999597457,6.351948192125171,6.200001545498871,6.0704136410416165,5.967703549580711,5.846689867876505,5.744193529792688,5.662550227471799,5.567943608475811,5.488647134217625,5.425357662652399,5.35336764857261,5.294012625844212,5.246776981259956,5.194263291831364,5.152132300269682,5.1190078897763645,5.083333536580259,5.056124328073775,5.035442261455568,5.014353549244371,5.000076420457861,4.9903663361824915,4.981872812251348,4.978748507354969,4.9786607954217414,4.980961141921757,4.98737820221234,4.995655779445531,5.007121528087723,5.021624083703274,5.037097377629731,5.0562617838061445,5.077540597811203,5.0991293983725665,5.124686951638556,5.151577190050384,5.178295149106571,5.209090365454591,5.240555083887063,5.271500226822659,5.306507736146704,5.341628350016858,5.37598587283237,5.4143026950257696,5.452217591050304,5.489291285344581,5.530104534768286,5.570231733633161,5.609178173456262,5.6517458472839035,5.693492866716854,5.733603362304859,5.777253387780677,5.819906625256962,5.860717823985395,5.90485420742518,5.947848199442777,5.988892419122897,6.0330143424802465,6.0759158636480475,6.116772375463494,6.160484289255613,6.202953546058855,6.243307130206598,6.286336878130084,6.328125454435433,6.367796285859739,6.409994004606926,6.450941088420133,6.489892404502794,6.531226833602725,6.571328894656042,6.609547163294529,6.6500505463678845,6.689297211063547,6.7268714898827975,6.766597449660986,6.804935383389054,6.842012809659469,6.881001601592628
T26000logg3.2,14.706205694295202,14.101110676423236,13.570830322821884,13.176992748830253,12.638093166892281,12.167534708064847,11.811591953396283,11.339273341584224,10.92816973100844,10.612208380505013,10.204032623159293,9.849755330515855,9.573636500671128,9.225177263724833,8.923504380348128,8.68546139776914,8.391149166673085,8.137016152199616,7.934269888240473,7.688130086281883,7.4762160152422155,7.305491119697073,7.101637628000326,6.926771078749661,6.784688195623364,6.617646082979014,6.475053672550342,6.358384446628359,6.223249702159115,6.10867202465845,6.014462994592598,5.906943793741644,5.816652754742976,5.742262427228318,5.658645897813175,5.589404830495737,5.532499755386257,5.469579253704677,5.4185687513008665,5.377083347769611,5.332052354821343,5.296783622890987,5.268856854200615,5.239224143412522,5.217476889427606,5.201406801352341,5.184941323459169,5.174727771666942,5.16895243565616,5.16367709930903,5.1632336292506515,5.166344877192901,5.170529466689242,5.178290475672944,5.189052022743129,5.2011972306195045,5.215824600257758,5.2331272366135115,5.2519450054355055,5.2724457383260805,5.295149015846998,5.319523642953566,5.344790272450647,5.372113382618742,5.401056578139926,5.4302217636326695,5.4613297935736105,5.493950445129924,5.526262672479482,5.560360581275569,5.595850940865223,5.630542089263829,5.666983084299618,5.704603592021325,5.740915373517097,5.779151344168535,5.818220881060377,5.85562777612289,5.894995425669984,5.934923003056768,5.972882546829402,6.012903806339361,6.0532009916357,6.091215119074615,6.131563257230987,6.171865486933412,6.209626663989773,6.2500284373653825,6.290107424406015,6.327492558657436,6.367744282595234,6.407500444697037,6.444497066873171,6.484482773931766,6.523881862740499,6.560527715638973,6.600179300366959,6.639211513053346,6.67555661120868,6.714810392857436,6.753454561478399
T26000logg3.4,13.335877973171307,12.773059301157788,12.281020330876279,11.915151890621036,11.417149584962123,10.983598990648009,10.65527174130506,10.222369911611317,9.846897444244838,9.558008253431828,9.18756651214732,8.86733361779133,8.617502278386482,8.304836180662392,8.035370349328964,7.822549830831367,7.561789024788807,7.337748744739263,7.158854514749099,6.943740451920892,6.759569634691558,6.611052702841936,6.435492372190161,6.285859296651555,6.164133804952966,6.022558596989621,5.902630413222827,5.804352858864728,5.691884987298438,5.59745462277146,5.519660982660126,5.432148162237561,5.359635535847995,5.29976613847885,5.233727605164109,5.180131926095429,5.136019099340648,5.088548094498519,5.051325340400516,5.021109761214072,4.9897071389883205,4.966646765217189,4.948682183801913,4.931142626783209,4.9202737358063295,4.913049679214758,4.907373252772952,4.906904879125891,4.909006701439718,4.913386959889586,4.9217068048406585,4.931831057169326,4.944660738359044,4.960308754943431,4.977295003446617,4.997165849017722,5.0189019702593045,5.0416763834633525,5.067370045799343,5.094350185300457,5.121729254827713,5.152188112242995,5.183331233478577,5.214603375520799,5.24889711342516,5.283401613974961,5.317757881819924,5.355049557697792,5.39216280913971,5.428890639848178,5.468425086181256,5.507359764000211,5.545913934843075,5.586997175822356,5.6269805163927025,5.666905531439434,5.7089119965781885,5.749466485793038,5.790146407068538,5.832537511722408,5.87317060926648,5.914161691930687,5.956490533033875,5.996737419836275,6.037751500810776,6.079690715276619,6.1192744057868556,6.16006444425378,6.2014234954023415,6.2402489571716,6.280648733728141,6.32136255257051,6.359450268719649,6.399380165486168,6.4394621649432935,6.476893552548496,6.516327070533148,6.555809947353726,6.59267561654602,6.631585348504413,6.670489795479633
T26000logg3.6,12.279281476586782,11.770661772743146,11.325617206432003,10.997913870675559,10.549014283781064,10.157886909840109,9.8647473881841,9.475735242996503,9.13809424658199,8.881168058693227,8.54957383697378,8.262769482375159,8.041640455415264,7.763101085798515,7.522970854931257,7.335699169375606,7.104774505052299,6.906366879554541,6.750080452277771,6.560977361405244,6.399138767114207,6.270547489454174,6.117619878441518,5.98740059059779,5.883184508698184,5.761277090754684,5.658206605978333,5.575287010379632,5.479916189300459,5.400132518930803,5.33580601662464,5.2631907814738,5.203439241689566,5.155395800175838,5.1023724313461045,5.059912058032354,5.026177659689844,4.990077857881286,4.9625765498847425,4.941448432252553,4.9199812277083375,4.905411177147854,4.895378353154292,4.886518196163114,4.883071650398,4.8827514571873145,4.884671718188642,4.890714726013847,4.898820721902147,4.909871232239174,4.9239300107009365,4.939270539407803,4.957978806924503,4.978743379487003,5.000234765380342,5.025309737207733,5.051624276500993,5.078293670313339,5.108598475548441,5.139430444256232,5.170408252625574,5.204943319422945,5.239373063523828,5.273889437002958,5.311781900058277,5.349269998638672,5.386354003592931,5.426818509263416,5.466574087295337,5.505635710153253,5.54795285041021,5.589260292669954,5.62974861792198,5.673262811131438,5.715550446786447,5.756884143901934,5.80101273616999,5.84376585873196,5.885447488962213,5.929696134220928,5.972428941625867,6.014091584970855,6.058061438297399,6.100419782242174,6.141756125411194,6.185165833748355,6.226903107400833,6.267713805459014,6.31040758468642,6.351289826014727,6.391597065282863,6.433528786393493,6.473462927867601,6.513319940408995,6.554509393801161,6.593498349845531,6.632958064827688,6.673441112564937,6.711548038134671,6.750613721590707,6.790417334915849
T27000logg3.2,22.95525035423617,22.38895377006756,21.842964543814745,21.317148343796095,20.811298444536785,20.32517170735249,19.858494649028273,19.410974373143766,18.98234267673146,18.572381366002684,18.181048230406095,17.808841489183536,17.459306807333263,17.129889139728185,16.79316326217596,16.468342170619856,16.158735794188868,15.863798876730547,15.582993992010804,15.315795306676343,15.06170368956394,14.820250655600193,14.59101327415767,14.373620443412692,14.167783323108925,13.973408128922673,13.79122134029476,13.623076730580703,13.455326420207802,13.294213130935784,13.141278837257651,12.997074747229039,12.861191011303905,12.733222614331773,12.612767736220349,12.499432846045782,12.392840949524633,12.292634747801118,12.198483875471197,12.110113113337949,12.027311921348376,11.950894624389814,11.87897876390576,11.80899093492372,11.741154272918283,11.677436071241212,11.617446998118867,11.560980911419872,11.507840477191756,11.45784808328288,11.410838767725751,11.366660161909973,11.325166774636259,11.286215687401496,11.249449296428574,11.216050043359388,11.187343816910934,11.157411033670902,11.129016527626739,11.102171621166418,11.077256139001369,11.054198782264928,11.032929129679825,11.013384580398196,10.99549661121054,10.979193677597921,10.964383378092299,10.950874079583896,10.938559916965062,10.928385411674968,10.922007639094417,10.914463117551826,10.90834269608385,10.902341879374505,10.897411870761353,10.89347509812077,10.89046174875861,10.888304378442903,10.886938503215,10.886301134480858,10.886318418969552,10.88682876484445,10.887754458122565,10.889740642437456,10.894081760330234,10.898358084421117,10.902762252743125,10.907446889322712,10.912231618580059,10.917549481377396,10.92335476593742,10.929619031659467,10.936312168027142,10.94339951421332,10.950833681743868,10.958474038082311,10.96634747459748,10.97473303507742,10.98477225072702,10.994924266740805,11.00489525163009
T27000logg3.4,12.527390192450476,11.993935340060478,11.5279991940072,11.180413941074237,10.708654495541133,10.298323466924058,9.98653521600493,9.576626426100896,9.221458888189792,8.94725752565325,8.59672612960347,8.294072314243115,8.057144853993625,7.761618618276452,7.507297474719678,7.305755757218269,7.059731771824754,6.8487338034469385,6.6797005069218045,6.477299082246838,6.304405212069391,6.164559599972673,6.000063316868329,5.860270007960837,5.7462585117956495,5.614438128939069,5.503202653520343,5.411893532393082,5.308156653452983,5.221522038081526,5.150138698389156,5.070573913543802,5.005159669507516,4.951289802350546,4.892565316571147,4.845475395440396,4.807018636385334,4.766287917144497,4.735030345041623,4.710150254183231,4.684953892541515,4.66735419858365,4.654415886710871,4.642584690081503,4.636710107703095,4.634225389375831,4.633823672688607,4.637942324685393,4.644548382185894,4.6538472936826905,4.666409913535121,4.680870853682442,4.698345533698775,4.717944621522959,4.739181808677603,4.763488890845581,4.789047652975764,4.815918041145875,4.845875739404803,4.876362386881165,4.907922433196598,4.942496023504153,4.9769382666294,5.012399422990339,5.050678039282228,5.088311203716852,5.126859070020709,5.168025843886259,5.208066149502675,5.2490461360326455,5.292354105202828,5.334025164687721,5.3768886874836035,5.42164968196647,5.464333125408142,5.508477937934266,5.5540738792617255,5.597221031324766,5.64210866533448,5.688005969312171,5.731089602757384,5.77632241745655,5.822091071205573,5.864775488051336,5.909972379808953,5.9553068455192415,5.997422504135579,6.042269474479977,6.08699656358232,6.128473387393939,6.172790094965785,6.216837272944506,6.2576914907862555,6.301378360626956,6.344740164222482,6.385019612529599,6.428040463246638,6.470727780533924,6.510455074823666,6.552811496323084,6.594829166052909
T27000logg3.6,10.355293960450146,9.94160753482557,9.547907293957875,9.17388970413584,8.819210197994831,8.483472961430111,8.166253085118269,7.8670896296965,7.585518369520617,7.321066429906562,7.073285578091007,6.8418040051071065,6.626510053930394,6.429083324294751,6.245660266400462,6.065920140683996,5.896432514468802,5.739584603285492,5.594688023612352,5.461088540876113,5.338159935151088,5.2253038853670795,5.121961782972509,5.027619815974795,4.9418095121157615,4.864121026875441,4.7942246514125735,4.732041352024078,4.677719205695366,4.627197697145594,4.581720480058688,4.5421403862053396,4.508402406704263,4.480185804102565,4.457213890818671,4.439215183594948,4.425924294069501,4.417078566498179,4.41242106043054,4.411700838710185,4.4146834882318675,4.421163085887015,4.431183629888433,4.443008405620252,4.458277273288556,4.476209194760419,4.4970135899782395,4.520322921642543,4.545946113001274,4.573741790726736,4.603572920109553,4.63530723411092,4.66881594669908,4.703976827452601,4.74066657459597,4.778751266013821,4.818140157087679,4.8583712281295375,4.899786119218211,4.943125569070329,4.987738792562715,5.033468145652047,5.080182274910104,5.127765091482202,5.176140661316536,5.225233945352993,5.274965109758865,5.32525276391492,5.3760061794959,5.4271248484741506,5.478461409601469,5.529976824685673,5.581106209003199,5.6331817608644075,5.685751198053691,5.738543748017069,5.79131174313512,5.8440065992743735,5.896536769134165,5.948861102171724,6.000940064569553,6.0527394536038015,6.10422792321919,6.1553777931550115,6.206161900780934,6.256410717627188,6.306151575235258,6.355506375519636,6.404944276996267,6.454375103140423,6.503691496180798,6.552593144563629,6.60115449966476,6.6493368362095495,6.697136162799114,6.744547967498485,6.791567604878193,6.838188464662727,6.884406203881709,6.930167542935354,6.975379099457971
T28000logg3.2,15.667357052579503,15.069693634375053,14.544692363074176,14.154558019445377,13.618312838070246,13.148576590229746,12.792954839006136,12.318285641527153,11.903525001080185,11.58439191471339,11.16927530842389,10.807384956687118,10.524945774734654,10.165835054940068,9.853460516459146,9.606601366967865,9.299021600343236,9.032093523856663,8.818828563957776,8.557901601064025,8.332056022127832,8.149897840916145,7.930689841966807,7.741574650329214,7.587831664296143,7.405626458261194,7.249090002899036,7.12106018472925,6.971467824018152,6.84364737120727,6.738716614198888,6.617714551646025,6.515065889736018,6.430750393131423,6.33469294451981,6.254006617939047,6.187997160469495,6.1136182198827935,6.05200227098501,6.00217312072012,5.946548734580615,5.901407348973033,5.865809683657894,5.826331428118769,5.79533995172066,5.772190193250265,5.746536423303775,5.727625823047597,5.715312584062289,5.701454948822307,5.6928079920152,5.689909133387711,5.686096772186391,5.686129015718278,5.691412600894649,5.6961458775767495,5.703515090907534,5.71589058713058,5.727890857770152,5.741408802213941,5.759957224657811,5.778113990520676,5.796809605418341,5.820630467846938,5.84395405739838,5.867027726574462,5.895219283410737,5.922811410220177,5.9494983699674755,5.98126604618404,6.0123009827467975,6.041826433113977,6.076493143911073,6.110193499557187,6.141953459432092,6.178747512449265,6.214390601515762,6.247699972099754,6.286046620148811,6.323001672351079,6.357251738844253,6.39667408020669,6.434423396694701,6.469205396958333,6.509246293880283,6.54740049550308,6.582471369193296,6.622742028232735,6.661039223579983,6.696252527566164,6.736497088836988,6.7747819262316815,6.810078670758991,6.85012350336231,6.888305419378895,6.923654252768092,6.96338594605832,7.001390212639203,7.036731210566881,7.076079664971653,7.113831892892624
T28000logg3.4,15.804572799234585,15.218483756408766,14.704629532615494,14.317763575559862,13.791383838932468,13.331459356232715,12.978479227693821,12.512699095895767,12.106946880859736,11.790250807397207,11.38338678209925,11.029887345012078,10.749817954537285,10.398344898202625,10.093711685916988,9.849099487166772,9.548424070643135,9.288459057482038,9.07716608651665,8.822229154300423,8.602402598580868,8.421748787962539,8.207429976945646,8.023218608950272,7.870314914999601,7.691716846134412,7.538832773768178,7.410817992229105,7.263469824437,7.138023842935831,7.032229204434543,6.912173674410902,6.810723228273714,6.7247294545442236,6.628509233493482,6.548025078081252,6.47966022064933,6.404226525229146,6.342010888504663,6.289301170005251,6.231928298552414,6.185555441313766,6.146688374684474,6.1049170160950625,6.072186454249529,6.0454777767310395,6.017095001927355,5.996010901674495,5.979934939945242,5.962978653788542,5.9518306806709145,5.944937241719092,5.9376869895323985,5.934978722794739,5.935982595035418,5.93695266978471,5.941320781878066,5.94914151877813,5.95703868801849,5.967389584064195,5.980972276060624,5.994675901528467,6.009882519980729,6.028453521731484,6.046969032193046,6.0660353267023375,6.088873748757763,6.111302066350843,6.133566435857322,6.159760118840825,6.1852784633871885,6.209921199454923,6.2388477428227525,6.266712815065402,6.293118228377131,6.3240826265053505,6.353629501718152,6.381359798781676,6.413639658389333,6.444302782188113,6.472979568904855,6.505972128019295,6.537286213902179,6.566597496459842,6.599834096938488,6.631456292614957,6.6611288098447785,6.694334990701142,6.726052690727993,6.75586243735773,6.788963404621123,6.820679529196841,6.8504672457639355,6.8835023619072295,6.915182002420879,6.944916870921718,6.977884694745966,7.009508345027257,7.039300532675327,7.072065311970662,7.103604064502941
T28000logg3.6,14.683464032760156,14.146975434683734,13.67591755501737,13.32555670452198,12.8449225035958,12.424401018774462,12.10582216359843,11.6819555765691,11.312264734683176,11.027676527627454,10.659012504569253,10.338332147628694,10.087973955339232,9.771105318588653,9.496147330702312,9.278789984268819,9.009234767279178,8.775898414833783,8.589376331058405,8.362207855448936,8.16609369650839,8.007754341639163,7.818039662402899,7.654788213648105,7.521816414452027,7.36487691606168,7.230396551266431,7.120049214777056,6.991657355172787,6.8822803632539555,6.792038853342279,6.688493661260518,6.60099900613657,6.528602511929016,6.446673261868235,6.378233893883911,6.321657996974633,6.258519699021789,6.206649382076448,6.164080598847613,6.117249075869391,6.0797421488953045,6.049535960847874,6.016786556993528,5.991658707203582,5.972297266888503,5.95163213357758,5.937099205971679,5.927183856644536,5.916817276846172,5.9112800787992414,5.9095348251568485,5.907879033399166,5.909889823605419,5.915178736546449,5.920842481534615,5.929167036347555,5.940441995368385,5.9522113252369575,5.965979401936606,5.9820887291839355,5.998911696676479,6.017056473285412,6.037298104349743,6.058269002569188,6.079991417527044,6.103608293950908,6.127920666487988,6.152512701233871,6.178802077521002,6.205715558640688,6.232429764763732,6.260834626186671,6.289670629873921,6.317849478258317,6.347837014652769,6.377987412500696,6.40711788794789,6.4381469666927185,6.469101704175192,6.498691200204925,6.5303867095455885,6.5617418122898,6.5913990511105665,6.6234769085541405,6.654941623465346,6.684461946286655,6.716673035023074,6.748074177080312,6.7773961095239335,6.809563934312869,6.84083600876115,6.869972190918971,6.902009825077977,6.933137056703675,6.9621450156399645,6.993994859351953,7.024980773400921,7.053914195462916,7.085538785322894,7.116378053995073
T29000logg3.2,15.382839768174328,14.83143344257331,14.346238211435974,13.985469794979268,13.488216308799712,13.051757641932374,12.721116475344495,12.278363440105878,11.890617353825494,11.59207602688992,11.202356102278195,10.861797370631479,10.595852723343382,10.256480748598996,9.960591324442131,9.72667723789413,9.434238533920535,9.179903572239134,8.976722657904961,8.72740066454722,8.511181739449608,8.336946374101071,8.126754082063881,7.945099224200105,7.797734598910903,7.622723236814731,7.47212848523419,7.349435337989797,7.205806449171951,7.0829001028397975,6.982647601269397,6.8668051778679615,6.76838347124427,6.688350712692925,6.596909801309157,6.519957523550312,6.457976539491129,6.3877910819190795,6.329506447462247,6.283508193861237,6.231698660039715,6.1895203343749285,6.157570526987448,6.121558742642675,6.093192720206742,6.073529136542779,6.051046857223744,6.03446819523138,6.02551898789554,6.014593240776181,6.008047373977406,6.008420015821011,6.007358334532031,6.009172583973306,6.017823711285284,6.025192833034456,6.034043549087183,6.049992666445176,6.064599282038333,6.079527894222844,6.101777430888981,6.122592230549883,6.142816678628501,6.170410533935709,6.196501581291995,6.22123860519934,6.253348453763561,6.283846007641208,6.312346061598174,6.3482101118930805,6.382301286949332,6.413859001941867,6.452745751990674,6.489650286040609,6.523483146279929,6.564793167520559,6.603781706232748,6.639265970321158,6.682347535430325,6.722780301896743,6.7594710492277255,6.803666704356925,6.845013276727967,6.882556034609085,6.927315525966284,6.96915754437083,7.007282764990849,7.052172983214546,7.094202460563995,7.132695504412329,7.177426666340486,7.2194285404940155,7.258092736650933,7.302502746114673,7.344319542336046,7.3829622743177294,7.42697192231869,7.468474468205898,7.5069044732448225,7.550475731518059,7.591551682898368
T29000logg3.4,16.796315024407694,16.217547762196126,15.708583595168655,15.328725997866908,14.80687227984088,14.349251795023283,14.001244706827471,13.537026361164884,13.130953487219037,12.817045752018029,12.408981865973733,12.052807411278174,11.773471959826546,11.418492326294682,11.109276631221086,10.863656424718302,10.557702560940296,10.291721136469711,10.078045001938046,9.816550468439795,9.589712938694275,9.405663767072332,9.18397566849031,8.992171250777542,8.83521197675754,8.648863692034688,8.488164809827028,8.355742397778963,8.200570943130039,8.067310849296298,7.9569442818592835,7.829129298427497,7.719951750841553,7.629295446010805,7.52539874312179,7.437276529669654,7.364160242661923,7.281107200916291,7.2113197151888375,7.153754189593174,7.0887923186329385,7.034890125728432,6.991045612697089,6.941700490317727,6.901473631108349,6.869658328450669,6.8337154507500655,6.805180759115236,6.783851159266661,6.759350071828835,6.740735572105207,6.728531826735992,6.713774460777846,6.703576171721775,6.699271999767218,6.692804591410097,6.689732504292038,6.692250994613142,6.692827230517306,6.695723855166001,6.704169076823896,6.710716206507307,6.718712028412297,6.73214872139857,6.743719560253277,6.7560087869631955,6.773619368450448,6.789364307600835,6.8051124871219155,6.82625715650768,6.845401067147824,6.86397667077791,6.887930484159813,6.9097547181325245,6.930516613775106,6.956649227891386,6.980486812202045,7.002785215598698,7.0305876940164,7.055865588743049,7.079246502847416,7.108193877740946,7.134448509047082,7.1586160030733765,7.188231570449165,7.215116563274573,7.239859423508828,7.269795147845323,7.297080684715066,7.322283884990465,7.352312989494676,7.379869136553517,7.405469734543571,7.435474160447764,7.463232877222833,7.489172907154558,7.519116000995393,7.547026620964849,7.573230804423409,7.603104391272124,7.631109979898034
T29000logg3.6,15.742851904577066,15.200508698302265,14.724226542409323,14.36710651210022,13.878945732740425,13.451647598918973,13.125113274344805,12.692080595800357,12.314116511028129,12.020438383250898,11.641151379353003,11.310924207034152,11.050535010247279,10.721943795562149,10.436495795447406,10.208444685002611,9.926464634000924,9.682061690476573,9.48449666197797,9.244611632441313,9.03721533727523,8.867793279417162,8.665429587648674,8.490997384747894,8.347175986259609,8.177964586182338,8.032653797958757,7.911900418233625,7.771798610360353,7.6520793143484065,7.551989852603246,7.437368443546883,7.340062086079082,7.258407617213712,7.166020849880143,7.08827733363222,7.023012363092159,6.949986390512439,6.889270091892161,6.83853820995364,6.78232607676347,6.7363732544838175,6.698480271917792,6.656799695488534,6.623570888750682,6.596953391117186,6.567751441698272,6.545404875651954,6.528627903857748,6.510078802582424,6.4969510735614895,6.488750149413288,6.479259835130059,6.4740108978170765,6.473128038492485,6.4712962903214235,6.472695912591786,6.478065506482509,6.482676053319888,6.489596627853238,6.500326817568966,6.510328391725421,6.521881636354021,6.537085312363639,6.551562927931083,6.566867954716212,6.585854746932711,6.603996306055173,6.622233575330732,6.644410387934566,6.665479487929385,6.686068983124724,6.710716898992209,6.734033155416963,6.756309996762478,6.782890238209306,6.807832526667051,6.831273132243249,6.859232342924863,6.885278991769181,6.9095386974822794,6.938327394266113,6.965058357967027,6.989873073073514,7.019047896344279,7.046151543197322,7.071344097576383,7.100589800315875,7.127869634442754,7.153328201204867,7.182475887306716,7.209841043506241,7.2354851777245734,7.264499762466105,7.291912635438063,7.317670954769379,7.3465864662322815,7.37402861377814,7.399825167042881,7.428692790841446,7.456134858608182
T30000logg3.2,20.835368891074843,20.64902318514208,20.482015941263334,20.365996483270877,20.19091468662553,20.033230286745866,19.921464122794546,19.756610744391295,19.60820120797894,19.501307659160698,19.347637925515038,19.20954854862943,19.10877256629312,18.967341813828156,18.840484963701368,18.746901979467513,18.618478562562203,18.50363181623736,18.418199199771152,18.303613656706837,18.201595787923736,18.125283922273738,18.02528826412894,17.936687475727023,17.87025657465902,17.78505407886776,17.70990013997789,17.653637412355955,17.582762578106898,17.520492502797442,17.474176791975896,17.416564880013095,17.36609395041933,17.329044284323793,17.283159233692317,17.243002460260755,17.214170829306177,17.178179961054404,17.146683451896777,17.124848047151993,17.096991388736754,17.072652964257497,17.056683173097788,17.035536394102202,17.01715942634724,17.00613987610386,16.990628848474017,16.977296557601747,16.970510734304366,16.959806187416888,16.950795623245067,16.947667812854856,16.941094000902766,16.935801012308897,16.935841776805287,16.93280983456107,16.930697387392748,16.93346337003446,16.933462550138554,16.934086847995182,16.93921127834028,16.941856183625674,16.94489107409295,16.952095886660135,16.95712901434957,16.96237359276189,16.97146369222374,16.97872971665439,16.986028263643917,16.99691223763838,17.006297673120592,17.015518231109393,17.028088829036474,17.039423513999907,17.050367632673254,17.06447298256654,17.077506570982717,17.089896311771597,17.10534408855921,17.119764396236935,17.133262487585416,17.149797271663925,17.16522072721587,17.17944202287623,17.196756610064273,17.2127800029767,17.227342361132216,17.24513488134601,17.26140968501234,17.276004489507983,17.294014832573673,17.31028313259062,17.324701257495022,17.342727464282575,17.358818919526914,17.372936210980804,17.390829253892495,17.40663731628314,17.420398065140837,17.438044856879728,17.453507982625684
T30000logg3.4,20.482444682277794,19.868145276788685,19.327112789048584,18.91823513195068,18.358598121360203,17.866920776312966,17.487907023534053,16.98411200946272,16.542451706833184,16.195997143490665,15.747180835130852,15.354484554729687,15.041622920049065,14.645455305733053,14.299451188838479,14.019948261967633,13.673122827725619,13.370757106071615,13.12347382286805,12.82212480436189,12.559892503610012,12.343069429370368,12.083070585712944,11.857285131477177,11.668797329564873,11.446004157998736,11.252983223085176,11.090528412022495,10.900915292582658,10.737075945568556,10.598270314482079,10.43798512651489,10.29990653492765,10.182364663970164,10.04779964802742,9.932278306451858,9.833686069575439,9.721528013981178,9.625621841965504,9.543804682962724,9.45105332928367,9.372084848545825,9.305019461345076,9.228967429110577,9.164525992845892,9.110352993921715,9.04860647269724,8.996335927469048,8.953608071230946,8.904078570699959,8.862158381451739,8.829356626229044,8.790253872825126,8.757323855235455,8.732947148602683,8.70277858119601,8.677637852504269,8.660495881956793,8.638030622712943,8.619510143019633,8.608764321458102,8.592960565029077,8.580140078148132,8.574983475655042,8.564938100023056,8.556930665085106,8.556721581802222,8.551628513796262,8.547863978301551,8.55179277040132,8.550918231724019,8.55093417335472,8.558180578046832,8.560831444775356,8.564163433105877,8.573971647547664,8.579504925112506,8.585601507979113,8.597408711512616,8.60526080937339,8.613523877417865,8.62696300617766,8.636665245706137,8.646744036066986,8.661378401918475,8.672560110717454,8.684294468125142,8.699672024835806,8.712055055192915,8.72517708003659,8.741124824716302,8.754511400138101,8.768784070727717,8.785228542933288,8.799474597874324,8.81475228816533,8.831607790221621,8.846589867815673,8.86270863433149,8.879928708519145,8.895526998492983
T30000logg3.6,15.542219200800158,15.018669329653338,14.558861322186582,14.213528495146766,13.741568945915152,13.328319888229105,13.011940277145122,12.592301144771335,12.225852197599666,11.940543064236525,11.571931055881016,11.250823832919258,10.997068335607047,10.67672883810124,10.398312990447392,10.175361017293096,9.899640434310259,9.660569990332585,9.466849185232052,9.231662965059618,9.028277508099931,8.861731190695144,8.662912064495906,8.491527593220015,8.349893163160347,8.183435638883394,8.040521912932897,7.921513939167669,7.783670940428452,7.665936496827077,7.567339495703381,7.454677492513093,7.359099344042709,7.278807275197873,7.188203419345445,7.112025826715493,7.048065407083879,6.97670687474994,6.917442007078062,6.867993545974351,6.813364033512883,6.768768393679087,6.732152359100032,6.691983355166758,6.660032037195251,6.634700229224908,6.6069659434562595,6.585840106989718,6.5703870358484,6.553293664432429,6.541351419926269,6.534535680917466,6.526507900316144,6.522432444269465,6.523011815125987,6.5226767434487805,6.5251471408879445,6.532193444301215,6.538357464958374,6.546366489542245,6.558897968204833,6.570515298229025,6.583180899364786,6.600304576082989,6.616452327418571,6.632865627715846,6.653901084089535,6.673750695628697,6.693194686860135,6.717416167298063,6.740219696227356,6.762046655562652,6.788788111701142,6.813859288662435,6.837400488269357,6.8661093205853065,6.8928129409151495,6.917589340329859,6.947632194129219,6.9754218938298,7.001084310695724,7.0318711689157745,7.060309046261028,7.0865802422089565,7.1176566039530895,7.146427525987992,7.173119696291146,7.204172705629682,7.233077913051663,7.260049058969839,7.290931614227022,7.319874001051766,7.347015070788828,7.377703548147851,7.40663568971241,7.433853132055976,7.464381375262068,7.493273312023801,7.520525551278322,7.550888447470421,7.57970323537801
T31000logg3.2,26.979699511283723,26.39926453640159,25.88440764080545,25.495252654184096,24.955693102613,24.47845413744276,24.11054807033014,23.615820408195486,23.179463380274388,22.837173980960536,22.389196069774318,21.994912070447693,21.680717220316225,21.279022708805382,20.925977466976303,20.64055341773493,20.28305695816694,19.969252258058436,19.71217900039559,19.39619153135623,19.11926870886382,18.889669131072537,18.612507235780598,18.370144426653138,18.167008172270542,17.92610755234028,17.716035292749055,17.53823782339812,17.330992650999672,17.15082664018165,16.996996175433054,16.82056659141607,16.66769199379991,16.536123060297285,16.38742023097655,16.259038800201772,16.147749366979767,16.02361151352904,15.916927701300795,15.823841365217081,15.72128177946003,15.63364984100594,15.556820103691134,15.473173574007777,15.402722187401217,15.339886004187374,15.272802901753952,15.217245125697973,15.16696419844534,15.114329470470715,15.071384552739248,15.032512061786406,14.992378628522722,14.959946783300085,14.931374808060728,14.901946332659428,14.87824692798087,14.858800383229351,14.838470690773486,14.821928944615959,14.81055198791445,14.797936021841078,14.787523110508813,14.782988306903652,14.776921171128167,14.771920570983642,14.773043839387034,14.772553821247941,14.77236617287848,14.778146195881167,14.782417525840398,14.786436953759114,14.796132317971093,14.804477645362018,14.812051907278967,14.825166614567813,14.83698066212357,14.847568844678595,14.8636017748157,14.878313305547623,14.891510433058194,14.909872731601594,14.926944311316362,14.942181266014238,14.962523217697907,14.981479914587526,14.998351164264376,15.02027372268768,15.040717610887112,15.058897924511475,15.082050713742815,15.10365288013605,15.122873516370909,15.146959249952882,15.169447432678592,15.189476353407722,15.214251007486016,15.237394854263702,15.258041204380602,15.283284524497544,15.306883299437054
T31000logg3.4,23.252409146707187,22.666712489215755,22.149581591924402,21.75332365401384,21.21243604424348,20.736077214555504,20.363445786191534,19.869666899951522,19.435750654034916,19.090040650558283,18.64374405073708,18.252332796659907,17.935325438074567,17.535468722053125,17.185438671587818,16.8977304621475,16.542298946546975,16.23172185500644,15.973032190632214,15.659355289369623,15.385761747277122,15.155149166590483,14.880163109461364,14.640769988544577,14.43683845990168,14.197284233179706,13.98915565036946,13.810215734812374,13.60277569607235,13.422918881228783,13.267084734449062,13.088440686689527,12.933859640324522,12.79910282126102,12.645975063461739,12.513714401999644,12.397919249656992,12.267144576219334,12.154406277572043,12.05546651354578,11.944128837436145,11.847881077900347,11.764261901714583,11.669733894164256,11.587944439551789,11.517537237807659,11.437498070753318,11.368559400148701,11.309282285155884,11.241698067805135,11.183673972784277,11.134197579972788,11.077310728918924,11.028446540065191,10.987715499535794,10.940057013708701,10.899020934207474,10.866021910484672,10.82639053894524,10.79236895809399,10.76598466968456,10.73338352829248,10.705669911733954,10.684962532324516,10.658522918416942,10.636277410727107,10.620627381374689,10.59957469647048,10.58226476570078,10.570890657157841,10.554520272697092,10.541876309500218,10.533830836871006,10.521485147818758,10.513112695454334,10.507641980593592,10.49871129778478,10.493844487420997,10.49065650741989,10.484603030112133,10.482684197513818,10.481413808167042,10.477785056908651,10.478288372050482,10.478694014067422,10.477120245085283,10.479581505266317,10.48150449203271,10.481689696820942,10.485738515211933,10.489052852297107,10.490756799129741,10.496116610993461,10.500696949284798,10.503719615898056,10.510167798880149,10.515895879509284,10.52005686404455,10.527409065106182,10.534160426337088,10.539292395002605
T31000logg3.6,20.286740097696633,19.7126236508396,19.207089714261897,18.82211961214394,18.297329598079884,17.836448650469798,17.478335309432495,17.004408160448484,16.58915855552628,16.260698722823903,15.837190439750515,15.466874321886106,15.169256682480855,14.794249591953948,14.466966414414928,14.200147670340124,13.870759689278684,13.583825862969565,13.346873972516024,13.059655172423964,12.809940256835835,12.601324838748356,12.35256994470323,12.136759051773232,11.954600311827523,11.740562873739293,11.555314098200927,11.397542811817534,11.214547822296973,11.056591555459196,10.921052240294392,10.765593033759322,10.631809495968746,10.516342969509596,10.385116525945598,10.272568655777054,10.175069767743425,10.065022312664242,9.9709920584663,9.889463939189053,9.797814124803597,9.71984124528647,9.652393529598518,9.576634192459089,9.512343737202832,9.457396854715814,9.395296618656808,9.342599470924533,9.29868668565793,9.2482844791431,9.205639432443622,9.17116295355983,9.130771122113657,9.096804291179351,9.070418031614219,9.03859543460977,9.011934322409225,8.992675482271657,8.968208115892162,8.94772313950449,8.934734347340289,8.916589332208746,8.901337008636737,8.893831291878652,8.881107247567737,8.870516390770872,8.867533482055155,8.859434687345122,8.853021013393594,8.853677457390067,8.849491076470551,8.846735380320816,8.850307341363097,8.849377904915787,8.849612154957777,8.855613531906986,8.85734336599869,8.860059053381692,8.867958159859892,8.871829666291214,8.876751403636774,8.885935756411575,8.891524728616272,8.898500126212708,8.908409707586015,8.91538719111967,8.92402925547147,8.9345200287812,8.942655659101256,8.95262353463914,8.963684706720093,8.972827553045471,8.983959742030507,8.995529780307505,9.00557589105997,9.017713781378244,9.02979201178436,9.040649136424577,9.053643244292354,9.066227599556932,9.077800110488983
T32000logg3.2,22.27644941540554,21.830289253816304,21.43922783053112,21.144077094969,20.742712444842816,20.39134195778882,20.1208685246357,19.76279875107618,19.44951162072354,19.20410583143487,18.88662889188756,18.609028701380254,18.388197410476963,18.10833296571839,17.86381527844484,17.666647028319964,17.4213449234803,17.207239028089013,17.03254937878395,16.81879526397609,16.632480778333967,16.47894382507577,16.29389857357846,16.13290123919438,15.999147540476015,15.840151695800765,15.702134449207161,15.58676642404782,15.451300329390769,15.334021363909269,15.23559482431365,15.121214973314872,15.022501823977699,14.93953198500878,14.84391778434085,14.761727778517885,14.692765909115682,14.613791466300881,14.546249173363504,14.48993352015065,14.42568254944262,14.371171972569329,14.326157031271647,14.274891172220558,14.231949185220714,14.196941385514544,14.157041850014085,14.124035735462485,14.098064096214463,14.068033600882337,14.043388229731116,14.025600504949828,14.004083675636867,13.986364512798755,13.97601948293694,13.961870039112759,13.949900439998682,13.94635123968515,13.93862371279336,13.931719435461027,13.934127326311815,13.93202156584065,13.92976548899306,13.937209666461932,13.939988737838105,13.94191389965076,13.953580137633756,13.960514172671546,13.965895121269103,13.981204685873982,13.99155394538064,13.999767594538927,14.018031218200086,14.031085441763945,14.041672324785173,14.062104320105513,14.077219873412218,14.089701340523401,14.111670844780807,14.128307027671017,14.142222703016484,14.165263477897154,14.182990722835884,14.198004104751355,14.221715738123303,14.240197011778655,14.256022481916126,14.280096980761963,14.299052285959483,14.315442437774834,14.339618459977974,14.358803290439978,14.375532169305139,14.399586945560149,14.418791172050959,14.435668882392195,14.459412239074522,14.478469501692794,14.495345638369173,14.518637456808692,14.537432763387333
T32000logg3.4,27.832132041791386,27.343724456399297,26.90943871523244,26.582200316093925,26.12655449386998,25.722330193174187,25.41184677185923,24.9918387489355,24.61991504718547,24.329365623199305,23.946045571287975,23.607005309648784,23.33809603197787,22.99087067211378,22.683942360611834,22.437144996331423,22.124351551076835,21.84796862136128,21.62297216811656,21.34249817192706,21.094782975478754,20.890883173083868,20.640515030513015,20.419514173700584,20.235808434583898,20.013329875247052,19.817078197156707,19.652528187996563,19.455725140765505,19.282239116024332,19.13567571624279,18.962317927812794,18.80959299887924,18.679728671166682,18.527575180572207,18.393603292043966,18.279057454761237,18.14590552547146,18.028727479138542,17.928086713606064,17.81183821571214,17.709606100601842,17.621468149441583,17.52016068348163,17.43129154576859,17.354160586566266,17.265987796925483,17.18872183818057,17.12148004581087,17.044779830880668,16.977473152379257,16.919089124103266,16.852345266990426,16.79355723035829,16.743008729117644,16.684849050837343,16.63301710638438,16.58963685520347,16.538852609338374,16.492910267576846,16.455818639279364,16.411393791358414,16.37071740575152,16.338920125929416,16.30003692156525,16.264210755552604,16.236844053646628,16.202870336502425,16.17155417244925,16.147967999772114,16.118404347451474,16.09120719541319,16.0709956476687,16.045419245354932,16.021957154431806,16.00480980063863,15.982831531720787,15.962833162076947,15.94836623225091,15.929610811909917,15.912641076464187,15.900649665242128,15.884752821176306,15.870438444269874,15.860674922955585,15.84729662657784,15.835310373911422,15.827526990170307,15.816362806374311,15.806407554428363,15.800389153804922,15.791175101737906,15.783006594448743,15.77855331757898,15.771063292885612,15.764484306549706,15.761411146529118,15.7554478929525,15.750285617608593,15.748420057212583,15.743799137936346
T32000logg3.6,26.15862238602881,25.593559832676377,25.09134005656733,24.713858403314696,24.18818739235367,23.721967222431388,23.364706223732853,22.88114415852778,22.452996783998334,22.11929074814661,21.67868644848455,21.289116438604285,20.980874238021677,20.582679480007727,20.231018198566616,19.949023503110652,19.591680882521036,19.276404849214586,19.02056270846971,18.70179079685149,18.420773476447195,18.19031529355713,17.907377828849956,17.658132371660017,17.451826843378033,17.201765535442746,16.981622749441208,16.797941940584284,16.577706341295652,16.38390997880132,16.22112047961743,16.027637054611276,15.857423100520199,15.71366843280443,15.543924423531877,15.394588400689372,15.267961231476985,15.119068608386856,14.988028531728933,14.876651255878484,14.745927444041932,14.630786676413509,14.532876408824071,14.417891401737105,14.316487039440334,14.230390906873785,14.128984981361212,14.039273237715003,13.963611612574683,13.873888311910601,13.794051065172125,13.727627457054227,13.647956931624162,13.576731366389039,13.51822128715701,13.447243418844728,13.383609502272671,13.331880283555472,13.268493536757724,13.211536467016721,13.165760316116392,13.109080916671736,13.057985826323955,13.017546452644801,12.966826244729635,12.92080711795694,12.885249768914479,12.839829775795105,12.798384814371042,12.76712495492254,12.72643260821101,12.689246707671261,12.661643175741098,12.625155635629422,12.591934471089292,12.567389574701398,12.534623287866163,12.505025275716863,12.48306138468666,12.453586232727034,12.42716811516353,12.40750969339688,12.380963262198437,12.357350256613882,12.339772380514608,12.315853363606335,12.294868727521767,12.279050387758748,12.257512525604737,12.239175583261078,12.224697187633652,12.205338921398134,12.189472971617427,12.176186876264804,12.1588402327544,12.145152418182773,12.133073795605222,12.117582872000852,12.10584740204526,12.094940133700877,12.081152716606546
T33000logg3.2,33.557604281001744,33.19495898233679,32.88221905845464,32.65015309017739,32.33934191834865,32.07208099590494,31.869931527308136,31.606708106403126,31.38070598935283,31.20668620445771,30.985100383878684,30.794760632944367,30.6456541131704,30.458940673346078,30.29822555414342,30.17021107894058,30.01194143364741,29.875378941181125,29.764886777346607,29.62985827218566,29.513228621286984,29.41753150689082,29.302174334325336,29.202681401041488,29.120065205568217,29.022223056543208,28.938197110731892,28.867753170402807,28.78612668169002,28.716497895748333,28.657713161478302,28.591298089126926,28.535185935284954,28.487628353869994,28.435450943327368,28.39199370062468,28.355187242226865,28.31625900555382,28.28458351037329,28.257989234079623,28.23131073443203,28.210532812476817,28.1935533158005,28.178096597267245,28.167254749459932,28.159218650948954,28.153873702595025,28.152289974019112,28.152038783073014,28.155599674688172,28.16200247857603,28.168770165161405,28.179965383196798,28.19292330520809,28.20599700377454,28.223558694825766,28.24169004518765,28.260320016745425,28.2830361929283,28.30497051362816,28.328471718582033,28.355202250133928,28.37986099803165,28.407360928366035,28.437024711252846,28.46357873614515,28.494012010630613,28.52554612189297,28.553307848875633,28.58544748949965,28.617786047514173,28.64606348509278,28.678690394702926,28.71082228526268,28.738922303505305,28.770956977050584,28.80201976657088,28.829255900526928,28.859910605209556,28.889239497055858,28.915010937293864,28.94376322339646,28.970878963548053,28.99483041648958,29.021209299146378,29.045772647698104,29.067727908363338,29.09132701225257,29.113130914184183,29.132880872690844,29.153568785907243,29.172546909036644,29.190036695870845,29.207788696797948,29.224014396783176,29.239477290861714,29.254225670073783,29.267882343451774,29.28139964327985,29.293404650556415,29.3047317237572
T33000logg3.4,26.62438382189705,26.15386033289375,25.736073231507646,25.418163047557535,24.978827724781823,24.58958352144355,24.287467705693935,23.881732058665932,23.52282303734577,23.239322856046595,22.867876364642875,22.53971819423829,22.276418678482223,21.93886062317985,21.64097212565899,21.39858528586672,21.093779033375622,20.82506342288833,20.60364913988127,20.329967340559357,20.08892363996904,19.8880665978745,19.643564249162523,19.428422725873396,19.24734583259316,19.0298807287869,18.838714357085987,18.676387025896346,18.48373025307779,18.314539643453543,18.16976311450515,17.999658328968355,17.850411607652987,17.721860488691224,17.572040771270416,17.440700294685826,17.32695107915806,17.19517496014661,17.07973809248329,16.979323702526756,16.863447998541055,16.76205437661113,16.673501425592697,16.571556821531658,16.482569740818082,16.40442225907894,16.3146298217337,16.23634536955724,16.167477941590846,16.088245057774706,16.01905017382238,15.958525924436616,15.888455653625218,15.826916853290685,15.773938442531911,15.711856635497371,15.656822086094548,15.610689706298773,15.555657300397058,15.506387297965805,15.46635297109294,15.41760203344915,15.373677308552248,15.338904141663583,15.295754480886476,15.256753855109126,15.226511532140762,15.188318282400786,15.153596801030808,15.127423219490263,15.093578901029922,15.062661304790575,15.039995421979658,15.009944998474095,14.982591042676098,14.962731155734913,14.93598536010921,14.911863647160029,14.894311614991718,14.870443655033183,14.849064526372949,14.833577628568568,14.812211133124183,14.793242031506919,14.779505431885664,14.760308203181808,14.743411690924294,14.731187295288805,14.713867697235559,14.698747644570993,14.687821679522008,14.672121604231112,14.658509063371204,14.648701170807328,14.634398382771217,14.622056391241289,14.613214250381747,14.600118601693326,14.588838160528601,14.580841522015561,14.568800881619032
T33000logg3.6,29.116104095133974,28.573893264682127,28.0925335879974,27.723078646388345,27.214779941642476,26.764606450587653,26.411824650591544,25.94054644982364,25.523972570772305,25.191411142889496,24.75844331033801,24.376377312333474,24.066227856134585,23.671559110634185,23.32378759847173,23.037167855222087,22.679757164954893,22.365203302927114,22.10235565596124,21.78043649166414,21.497435800534426,21.257949541942118,20.96932314072969,20.71586953244595,20.498892953606926,20.24113315057885,20.015027975922088,19.819405898426243,19.589947796827836,19.388851871431555,19.213178718270377,19.009313950568263,18.830758727051244,18.673395479768477,18.492336937071045,18.333814427383558,18.192983690323317,18.032012392449694,17.891094817079427,17.765029508986963,17.621625975320836,17.495929388466656,17.38310185926878,17.254994554590365,17.142692948011632,17.04135684272865,16.92651580319172,16.825972535478563,16.734534802712997,16.631155786103328,16.540542128478897,16.45793785984293,16.364444179285723,16.28221482284472,16.2074799695122,16.1225588971294,16.047651770278563,15.979780770399767,15.902390689383505,15.83416238007961,15.772153586670319,15.701455948840886,15.639292821451091,15.5824175839297,15.517716966183466,15.461004083503598,15.408750707356685,15.34944994613559,15.297910195526534,15.249576088451546,15.195146395435223,15.148787665084322,15.103481575404466,15.053432689687774,15.011654641765311,14.969144261955872,14.923018251992334,14.885230825792231,14.845346054513591,14.80275349504184,14.768433892019466,14.731060917029557,14.691684081931015,14.660362930265137,14.625451553536395,14.589025628669809,14.560293561654378,14.52780150613765,14.494083167111715,14.467604482095604,14.437452195739866,14.406217716651383,14.381696652508108,14.353799337801194,14.324844809550664,14.302057150769011,14.276293801247744,14.249431773678298,14.228254685682451,14.204428244510236,14.179482278822412
T34000logg3.4,29.123281958657092,28.667930950772075,28.262628497127153,27.953832849189425,27.525646290529,27.145237924336335,26.849735366142838,26.45122825045839,26.097629580392866,25.8182163958703,25.450309881287897,25.124147222639255,24.86246835507216,24.525016940736478,24.226049020014404,23.982917554597115,23.67508868998469,23.40250739149434,23.178140443746017,22.8986320816404,22.651225305646594,22.445377357951415,22.192559559883986,21.968844485254856,21.780924597416966,21.552963869775933,21.3512894982404,21.180453546689264,20.975419204936898,20.794060198069925,20.63930538458196,20.45524820945519,20.292461905329063,20.15268542352276,19.98767043079293,19.84172004612437,19.715741722018954,19.56785420622255,19.43701611504183,19.32361480265468,19.19099093293248,19.073726412113363,18.971534318814307,18.85239883276174,18.7471070121332,18.654927419681556,18.547635008187253,18.452677553583253,18.369537120917514,18.272599237330766,18.186479911271242,18.111507895895578,18.023625222214424,17.94495389884894,17.877485847248952,17.797569133011184,17.72532074328267,17.66466860003283,17.591832345371262,17.52551874857285,17.47077424742723,17.404289657684423,17.343546760584257,17.29389904023849,17.233129243228877,17.177427851746568,17.13234401776034,17.07669266382274,17.025504383365625,16.984492050323162,16.933389375250982,16.88640867441801,16.848805784425657,16.80173863372163,16.758732702358255,16.723916094038746,16.680448268789323,16.640916871985286,16.60865501021333,16.568409957867043,16.531987451172352,16.50200491823194,16.46464456767943,16.430986158787096,16.403044345686855,16.368256744239297,16.337023010156553,16.31091709413094,16.278411280965155,16.24929399581366,16.224823900670852,16.19433296216953,16.167062113027043,16.144033175566182,16.115320804649244,16.089650347103163,16.06790297855123,16.04077267533872,16.016510550484266,15.995909583638596,15.970213393886256
T34000logg3.6,35.474845284886996,34.968144997688114,34.51659322385956,34.16774920170624,33.68608824018874,33.25764447519394,32.91961146178552,32.46598190131566,32.063018381461845,31.739048829692152,31.314937792732174,30.938603351268323,30.630852761669782,30.236702025762913,29.887262881125007,29.597041493640592,29.23252876202346,28.909614419155346,28.637579052654687,28.301824790372685,28.004577141937414,27.750844678426866,27.442518770864954,27.169699917390986,26.933940597062183,26.65140982933059,26.401541469201067,26.183108384971206,25.924579721343857,25.696048858956182,25.49408196148114,25.257679079372053,25.04879116606901,24.86226472062977,24.646038437621613,24.45503673665024,24.282778147279146,24.08474227263889,23.90989647661033,23.750590073382103,23.568788388627706,23.4083900059279,23.26071958774721,23.093301366650778,22.94560090508626,22.808417649248046,22.653669448460576,22.517033461572577,22.389261392991155,22.24563059599787,22.118410744956282,21.999237305307606,21.86536611773397,21.746386469664383,21.634849486704837,21.509605142264483,21.398215261047635,21.293201698668877,21.175677444144746,21.071307939533135,20.971980053565858,20.86144840906276,20.763516288768056,20.669305391334632,20.56514279927388,20.473484333482975,20.383531681704635,20.2851614108362,20.199701669913306,20.113126080164687,20.02001549524688,19.939969647298184,19.856680906054514,19.768360553662802,19.69304875175732,19.612973111980743,19.52905522608471,19.457810699211542,19.38100321207167,19.30117620268138,19.233455954920707,19.159962282244695,19.083960630608857,19.01933149832202,18.949154653451586,18.87674131122388,18.81487017315026,18.747955034171078,18.678915987376143,18.619643594470567,18.55580065801096,18.489941989918076,18.433146946644058,18.372174955325203,18.309315817438442,18.254887673413815,18.196598129655225,18.136575696767796,18.084411396938798,18.028640699180418,17.971314105498088
T35000logg3.4,26.492579355379988,26.09365809484247,25.740398649941135,25.473027379079475,25.103848840320282,24.77718192291312,24.525184134850356,24.186183491332493,23.886333979079964,23.651156112617045,23.341818457817038,23.06824621352892,22.850548524792984,22.569703646290087,22.321309623455065,22.121129814155594,21.86717869602468,21.6425412499452,21.45950539953742,21.230655061970587,21.02818529133986,20.861642671132316,20.655995705964006,20.474007326925758,20.32310002989499,20.138721402296625,19.975511468941942,19.8392619672768,19.67427455556038,19.52819731719444,19.405589232161837,19.25821924077898,19.127714589328654,19.017734742615787,18.886321683608653,18.76992010037075,18.67157243688895,18.554558626434545,18.45086716069804,18.36317809477372,18.25907926997435,18.166864493079864,18.08874509579231,17.996124210038055,17.914111100937166,17.84454761888721,17.762025956116847,17.688797566013456,17.627004178604082,17.5533091344118,17.48761006712368,17.43281484377016,17.366825559969648,17.307397595228792,17.25908128286213,17.199850147417507,17.14566009928153,17.1033652548166,17.050124444086986,17.000714879278817,16.963699772201934,16.915835118688154,16.871004060557098,16.838495286952007,16.79548543194018,16.754999083972365,16.726371337741835,16.687732172764647,16.65113020457833,16.626007396758375,16.591249645174646,16.558124133768125,16.536056939432743,16.504700385774395,16.474785320628964,16.45522148884472,16.426842236991533,16.399765217134902,16.382366910182274,16.35660884397811,16.33207435407817,16.31653038223409,16.293086244788405,16.270821364018826,16.256874228957887,16.235466638703794,16.215202891511513,16.202629915540243,16.182992709715236,16.164475228935366,16.153047368547394,16.134916739234523,16.117894313565053,16.107390566887034,16.090524402194543,16.07475896981092,16.065002164815738,16.049205954846915,16.034513240175222,16.025369266365583,16.010504006674985
T35000logg3.6,30.209712421007175,29.747223921865515,29.338078239317376,29.017898930106014,28.58389670913655,28.200865633204565,27.89453685506034,27.491365864881942,27.136187281134806,26.846519440516033,26.47491899708227,26.148041514995732,25.87666608494704,25.536325366587157,25.23733902939247,24.985036076569248,24.674910528402147,24.402789368074522,24.16966821863203,23.888225611137557,23.64155967942019,23.427260460203676,23.17268494558709,22.94983807011083,22.753667966793785,22.523993083920363,22.32320646463255,22.14423327836829,21.93740428392689,21.7568457928629,21.59395269549594,21.407868574261595,21.245649558229736,21.097591797545764,20.930145100710686,20.784648600295647,20.649836813812513,20.498972899807672,20.368114609242717,20.245462860057476,20.109239407092055,19.991176391624045,19.8794940807215,19.756105742398248,19.648742263208952,19.547258868298197,19.43504526551656,19.336865211824502,19.24444414200585,19.141917535678186,19.051995504509012,18.96718234745121,18.873062069782673,18.790455666710688,18.7121724954624,18.625423266299148,18.549458843031505,18.47676846891345,18.39658929245534,18.3269940505597,18.258932357806916,18.184701156210394,18.121121129128753,18.057064828662824,17.98825951026883,17.930012318648252,17.869780334396328,17.805906005490783,17.752249779081414,17.695736198240112,17.63630281440475,17.586504418211064,17.53359749588183,17.478136189591666,17.431582415035496,17.382107375735764,17.330210811354792,17.286478337668523,17.240191907476685,17.191532750344628,17.150411300151642,17.106991206120174,17.061302448241793,17.022614450976505,16.981785020191133,16.938825641778916,16.902407407611218,16.863904895231478,16.823442374528753,16.7891261002726,16.75269889047976,16.714513906888016,16.682117947238666,16.64754483976667,16.611443063352773,16.580786185785175,16.547881640416787,16.513691485786996,16.48462321087252,16.453226592114774,16.420783807803915
T36000logg3.6,30.89416209998825,30.428445131941587,30.01708476008327,29.692289895021247,29.254944127481636,28.869650256537504,28.55867127658582,28.152204304881973,27.794807460159785,27.50054873940083,27.12572067877267,26.79666357889103,26.520770078107198,26.177220514587216,25.876043623771654,25.619268250644268,25.30591002248421,25.031557892035135,24.793999131797673,24.509266746047118,24.260298135951192,24.041575688492188,23.783633327855537,23.558395922674986,23.357806058498152,23.124673523193728,22.921394884762602,22.737988133358947,22.527588679498606,22.344407306836548,22.177045255718422,21.987250361892407,21.822466229980876,21.669677257164324,21.498370202802075,21.349909430746525,21.2105434404077,21.0556724299179,20.9216949337045,20.794419585336513,20.654054564964515,20.532043103385202,20.41635982282874,20.28873060412528,20.17742744093753,20.071794626759942,19.955291576664884,19.853679678905895,19.756543023448746,19.649724800096205,19.556789066440952,19.466858585111293,19.36847657904902,19.28386714056615,19.199507476143246,19.1085215348417,19.031198712564066,18.951819308873503,18.867400342800153,18.796121464639587,18.72168355798474,18.643186394289234,18.576846740938343,18.50745795360099,18.43436454295192,18.3722367713473,18.307795342775364,18.23964533580279,18.1815403733392,18.121466832636013,18.057823941291563,18.00347664478333,17.947295922485647,17.88774668757395,17.836894855103456,17.784166376234,17.728332872942765,17.680720258167753,17.631071055822837,17.57862714363691,17.534007129697688,17.48713849985201,17.437801949057604,17.39594837238701,17.351606676592294,17.30512536528859,17.265833145206436,17.223773793432485,17.179910930982714,17.142980284560494,17.102957032243637,17.061482084267148,17.026735755919,16.98849679632072,16.949177602291076,16.916516248517606,16.879790319894287,16.84240896046854,16.81167984920908,16.77633152722071,16.74071831296656
T37000logg3.6,22.407668354199973,22.027234968699688,21.692336420964526,21.431627657900474,21.080068345557645,20.771419322714316,20.52602849986565,20.20485829195212,19.923501656177386,19.695558556336728,19.404866360218747,19.150655557360558,18.941171925663795,18.680048541609004,18.452044445160176,18.261234923321833,18.028146014776365,17.8249104600025,17.652434693179558,17.445542189387943,17.265449665428807,17.110688982316432,16.92815976355427,16.769620009117865,16.63187092480338,16.471989826405448,16.333487623394497,16.211990234175673,16.07305932356955,15.953070752666981,15.846942527705737,15.72722380484843,15.624180835500757,15.53244244763517,15.43021183776495,15.342857665720086,15.264191590359884,15.177794869355012,15.104426736900304,15.03800746772067,14.965833267437644,14.904656129172942,14.849728063644243,14.790186468093644,14.73928864016735,14.695206569518117,14.646753292352749,14.604500676765468,14.570380810687137,14.531554659377017,14.497285953862729,14.471406637395368,14.440889409864367,14.413908935433872,14.394831010546632,14.37149087020389,14.350852259106018,14.337694783196643,14.320582757093709,14.30556959212389,14.2974929872705,14.2857987109743,14.27568786950351,14.272091498004727,14.265123478812345,14.259275433843044,14.259639592345154,14.256774646058407,14.254594466803887,14.258437557278402,14.25907890078238,14.260005303431582,14.26682834326836,14.270393876860217,14.273949549260713,14.28320033644885,14.289151456879162,14.294884909305766,14.30609403012792,14.313985391310553,14.32155061871841,14.334314937422388,14.343795772901466,14.352912048699523,14.366901493696592,14.377671317156562,14.38809125424413,14.403001205718388,14.414777448929478,14.426261329890947,14.441801703982385,14.454323539039349,14.466639894559815,14.482560122824614,14.495615113427313,14.508554450043672,14.524656057258698,14.538071784562447,14.551465911299696,14.567597731532844,14.581229985428772
T38000logg3.6,20.160449683816545,19.809321415309114,19.50309831271681,19.26874848338453,18.95463615385936,18.681661589754786,18.468576713941847,18.191633023202332,17.951687142047795,17.761061820089136,17.519808548500233,17.311233277490224,17.1428765181476,16.934549164039744,16.754690867972595,16.607420010684663,16.428660593331912,16.274527505854323,16.14673309541012,15.9942873022467,15.863111323334202,15.753234629572537,15.624395726815429,15.51392071193907,15.420702084667726,15.313338549330227,15.221754122819855,15.144179133658103,15.056472026837191,14.982168711033482,14.919268306928043,14.849467107677778,14.790880860373546,14.741627034712378,14.688005150997197,14.64358387148636,14.606915390083937,14.567803601833923,14.536384506186453,14.510899784656946,14.484701439004333,14.464489851439916,14.449474962115842,14.434656338829756,14.42399808925584,14.418627283343316,14.413696319231718,14.410785886787217,14.414398192115145,14.417909939978525,14.421290663104836,14.432941543703716,14.443548286376666,14.452569911709812,14.470685678322306,14.48719826779259,14.501283693308105,14.524480513896423,14.54588191178538,14.564227703352458,14.591620961940938,14.617044281110667,14.638835227594885,14.669795468870594,14.698500629371873,14.723073168789496,14.757015814779566,14.788363351006158,14.81513025368538,14.851538769202493,14.884947045995618,14.913483465834226,14.951741504549103,14.986649797785816,15.01661182495755,15.056046295167455,15.091912499637239,15.122908981023393,15.16293867150541,15.199270964098112,15.23091114958031,15.271057660792337,15.307439042067806,15.33940293813741,15.379240219149807,15.415318579991158,15.447326923120357,15.48649719259064,15.521979985898676,15.553762666833276,15.592007546904423,15.626672041250824,15.658010093816554,15.695156632542917,15.728857835042922,15.759594845524084,15.795541886258288,15.82820277858837,15.858232136927395,15.892929670550586,15.924509299644
T39000logg3.6,36.12429890842452,35.73688457006787,35.39063391576329,35.12185913958817,34.74943105998453,34.416927206557574,34.153394767855545,33.79806266664075,33.48112102557562,33.225244891406994,32.88845057512494,32.5882693873747,32.34187879198285,32.02439087112862,31.741560831821012,31.505896061290386,31.207858949359206,30.942438510640134,30.718210252432282,30.439297325783286,30.190952861493727,29.978460869273565,29.71802053785155,29.486144944648352,29.28537999116641,29.04255048509321,28.826355370539577,28.63708014316384,28.41083696347699,28.209390318291597,28.03117020232324,27.820372772302672,27.632669249437445,27.46489754026141,27.268326453301565,27.09333085571612,26.935242810537694,26.75164939657223,26.58812265272974,26.439089929387734,26.267251963469946,26.113976092627507,25.97333935626207,25.81207068710499,25.667140405830132,25.534966516744046,25.383152860784662,25.24628672267614,25.121107277523777,24.97771498241858,24.848768407122563,24.729097826889813,24.5931892121137,24.471551427133704,24.35651634574346,24.227261778973418,24.112686365694895,24.00123147197104,23.877924584617954,23.769806163770138,23.66143762491602,23.543503647480577,23.440891219359337,23.33569769989436,23.222705378171003,23.12468347970989,23.02296132554455,22.914608314615922,22.820484180683557,22.722513275200427,22.61859292582782,22.528047336700865,22.43386946621171,22.334217695987473,22.247229434370514,22.15663195608721,22.061092995362184,21.97757599938241,21.890412614176867,21.798830415845966,21.718690351201857,21.63482771432214,21.54705646838021,21.470197730329726,21.38951477730574,21.305408625090323,21.231729772808688,21.154095800001137,21.073497435866027,21.00288315018694,20.92815365090262,20.850898313400645,20.78322717252313,20.711252533271185,20.637182823318383,20.572346509082518,20.502983220620138,20.431949243833895,20.369868357488606,20.302975801356673,20.23483917357336
T40000logg3.6,36.32631394913753,35.9837989544553,35.67676393216376,35.43762201829202,35.10506083863367,34.80723155775027,34.57029188410275,34.249682110211864,33.96284866709301,33.73033310464651,33.42330405441039,33.14886399296879,32.92261489557794,32.63026859396106,32.3691268485883,32.150516793134585,31.873405653059592,31.625984143781068,31.415917448623546,31.154133980522584,30.9204773343464,30.719482089686235,30.47281617531184,30.252716967751887,30.061054370755983,29.82909349745599,29.62216340993942,29.439885221595645,29.22204099497172,29.02771871029249,28.854677261537844,28.650177849220817,28.467834806852427,28.303592049960084,28.111522958172813,27.940234224569767,27.784388325334035,27.603770519286762,27.44270155968116,27.294648722944768,27.124514964314034,26.97170009176837,26.831959620200653,26.671375426509005,26.526670194116072,26.39395083481517,26.242010014888006,26.105538687101898,25.97829305379641,25.834118074980623,25.705266766190682,25.58271467702239,25.44547391630253,25.32389721477377,25.205059573752404,25.073996679143463,24.959356611027108,24.84338362152325,24.71785105457947,24.60903554956769,24.496038131655702,24.375513099595324,24.271327551857855,24.161725051321177,24.045822546019988,23.94538928710428,23.839519652274614,23.727983039765988,23.631044193833993,23.528845396716616,23.42152093157771,23.328075623914483,23.229377306052974,23.126159418152653,23.036169814747907,22.940886852695982,22.8416717045412,22.755094436701597,22.66313489264094,22.56781360727733,22.484592099445344,22.395868631853475,22.304334538592016,22.2244083542972,22.13883890928328,22.050985152481967,21.974292060146873,21.89178422056146,21.80749192486804,21.733961875930266,21.65439194084884,21.573521269525887,21.503083566199923,21.426299813120377,21.3486996049744,21.281338341805526,21.207134316159554,21.13265150696088,21.068308604392374,20.996546775357544,20.925034028579653
T41000logg3.6,36.5327098895029,36.23942841228474,35.94876199168133,35.66109725142535,35.37682988822965,35.096378709320454,34.82022412096463,34.54901414556623,34.28393000231629,34.02899113686507,33.782098782948474,33.51598078257226,33.255231456784884,32.999323714590204,32.74833446776512,32.50233093110957,32.261369634473546,32.02550480479161,31.794801558852214,31.56935942432037,31.34936810181597,31.135303057495705,30.92865422079112,30.72916159319992,30.525797911056706,30.321345364810504,30.121352967948877,29.925728182899295,29.734379534919995,29.547222085260778,29.364180579682966,29.185200723516605,29.010257860581444,28.839386570929182,28.672807925802,28.510964278749,28.355186896062456,28.199958038831895,28.040977637641546,27.88518066893641,27.73244423817244,27.582675924486765,27.435788002841818,27.291701760852405,27.150349194456396,27.01168174037389,26.875686228447016,26.74248772948753,26.61224285880051,26.486575331690283,26.363264866657143,26.23401139137698,26.10717072677805,25.982206820269354,25.85905970438102,25.737675769061518,25.618010805954125,25.50003132395901,25.383719806854472,25.269085481271752,25.15608592692179,25.045396626956013,24.937917296700604,24.831562484133485,24.722523719136646,24.61343067530825,24.50566099290303,24.3992136227349,24.294093458879072,24.190309180809955,24.087874697426855,23.986810450744972,23.887149867800083,23.788747879019525,23.692591419603275,23.599035257208286,23.506074155794053,23.413760305532705,23.31956721762231,23.22689950239016,23.135559937067516,23.045547816437043,22.95686043388337,22.869493849346693,22.783445858271136,22.69871405421797,22.615109849303305,22.533562097321827,22.45408156278214,22.375225816232195,22.298112338515264,22.219387614551447,22.14146154758846,22.06467479278704,21.989012259159022,21.914459275284877,21.84100368408825,21.7686360086556,21.69734056092403,21.626938722846365,21.558257761215902
