,vsini100,vsini102,vsini104,vsini106,vsini108,vsini110,vsini112,vsini114,vsini116,vsini118,vsini120,vsini122,vsini124,vsini126,vsini128,vsini130,vsini132,vsini134,vsini136,vsini138,vsini140,vsini142,vsini144,vsini146,vsini148,vsini150,vsini152,vsini154,vsini156,vsini158,vsini160,vsini162,vsini164,vsini166,vsini168,vsini170,vsini172,vsini174,vsini176,vsini178,vsini180,vsini182,vsini184,vsini186,vsini188,vsini190,vsini192,vsini194,vsini196,vsini198,vsini200,vsini202,vsini204,vsini206,vsini208,vsini210,vsini212,vsini214,vsini216,vsini218,vsini220,vsini222,vsini224,vsini226,vsini228,vsini230,vsini232,vsini234,vsini236,vsini238,vsini240,vsini242,vsini244,vsini246,vsini248,vsini250,vsini252,vsini254,vsini256,vsini258,vsini260,vsini262,vsini264,vsini266,vsini268,vsini270,vsini272,vsini274,vsini276,vsini278,vsini280,vsini282,vsini284,vsini286,vsini288,vsini290,vsini292,vsini294,vsini296,vsini298,vsini300
T15000logg2.0,285.484211786225,279.08135694128725,271.03996488289516,264.05379057550033,259.18243207667325,253.05692522628544,247.83865742946438,244.30900784417864,239.83218260870396,236.13452956234232,233.7720974942563,230.7067814037776,228.3099390287358,226.95624315736043,225.09293909776656,223.80228437849485,223.3141446500257,222.46799325042286,222.11118766273472,222.3593605604403,222.3671515715196,222.79146104618593,223.65928392427517,224.37651636790622,225.44620964645287,226.8283379378284,228.12681306060557,229.72137512291928,231.52303060252976,233.28938911497224,235.3027482424472,237.43972251723534,239.5749973427802,241.9153159310361,244.31410241389614,246.7331812728888,249.32207689254162,251.91936873080655,254.54999249769122,257.32116140135025,260.0628439894416,262.8440864031379,265.7414874965318,268.5812619552901,271.46161941696704,274.4375587359922,277.33549384487793,280.2711647939425,283.28482037583973,286.2062651733762,289.160059863782,292.1765083353441,295.09143222546754,298.0318909141672,301.0215048778022,303.90422423772475,306.8053873398699,309.7440500019326,312.57359486370257,315.4153741665128,318.2849766017719,321.0456460994636,323.81404700906523,326.60281967171335,329.2845833885864,331.97187835162185,334.67462011988016,337.2732642593103,339.87785694539275,342.4953859204765,345.01186541402205,347.5372906510009,350.0748615474731,352.5138116167701,354.9669163710987,357.4321412619005,359.80009359856535,362.18922900055276,364.59039577815827,366.8944727486158,369.2283100190153,371.57359210113555,373.8209712725268,376.1079701658947,378.40521065602115,380.6029890867468,382.8512122888906,385.1079211781379,387.26310515969624,389.48020876733636,391.70366443291744,393.8232201108415,396.0165226572499,398.2138090161429,400.3046409672323,402.4811060261602,404.65905954536015,406.72792538293174,408.8941093808964,411.0592105810571,413.1125866026294
T15000logg2.2,399.3323480836581,389.04512105342224,376.54722799986735,365.1706108278908,356.7765372112016,346.64055630449803,337.46843019137094,330.75128520275,322.6703241697012,315.4157650678343,310.1738420200748,303.8716657348612,298.2762443743638,294.32381300025247,289.5532748216987,285.38536577001025,282.55273956836714,279.09328713540344,276.1459568779852,274.27881340213634,271.9341142583304,270.0229444754512,268.9814856957523,267.5770855394354,266.53798894874774,266.19573591640716,265.5766859315861,265.263833308445,265.5066431199498,265.536312641069,265.82133720996416,266.5473301820397,267.10653691406793,267.87761907627953,268.9969320741206,269.9826810916534,271.1431407004696,272.57701422672653,273.9005389967271,275.3663766735609,277.0453792765313,278.6294163039355,280.32671122068143,282.1890276583456,283.9654649147508,285.82873304601685,287.819178809126,289.7282233703732,291.7001601566051,293.7700486527597,295.75998726758013,297.79113455442155,299.8981323983636,301.92493641003404,303.9735284444603,306.0816946343696,308.10895161452316,310.1410432700259,312.22112777705087,314.22037953362786,316.21026171664334,318.2401862140688,320.1910256893905,322.12129434172516,324.08639923116937,325.9763575135713,327.8380148447924,329.73124096084064,331.5557006756539,333.34784846366836,335.16924243796524,336.9305688708798,338.658749300304,340.4137467285397,342.119163253009,343.79245432551556,345.4892202127486,347.1480941486889,348.77632833673846,350.42357128737905,352.04554856905696,353.637962473925,355.24398038691373,356.8381227755206,358.40301539101284,359.97551794995013,361.5499929717644,363.0947887880127,364.6409354386712,366.20297957871327,367.7343734547304,369.2608511279891,370.816963045401,372.34119413713057,373.8543955908083,375.41063721587557,376.9337438248514,378.43996195783075,380.00221393613083,381.53023320215914,383.03575414272115
T15000logg2.4,389.14005352424863,379.83314226400546,368.41567139458226,358.0654290080403,350.4860185690364,341.22459329528544,332.8906896012709,326.84704245283785,319.4689972885643,312.89535632678053,308.20685464876647,302.46549340552747,297.4200170995028,293.918936473213,289.5924780653678,285.8658110053492,283.3976437785809,280.28706916953945,277.6909256604571,276.11418044262996,274.04131863838103,272.40698060952116,271.5928523091495,270.39846930841594,269.57509841191427,269.4069040145953,268.94883316328077,268.8020255481789,269.17457452079043,269.32654115295736,269.73735588749304,270.5566064233574,271.20740239618317,272.07147147099215,273.25404597787053,274.3064852488668,275.5326623736372,277.00486873092575,278.37430690008125,279.8828338583086,281.5793376689425,283.1917770328163,284.9122969698591,286.7747473706861,288.56507226812215,290.43538716858757,292.41170009814243,294.3228693847477,296.2886303118798,298.33294809923564,300.3158115857094,302.33043290094923,304.4031296521877,306.41607488084236,308.4404644987275,310.50815650170944,312.51699824312516,314.5197077772641,316.555525911368,318.5337707362512,320.49133666386683,322.47532469979467,324.4042571444447,326.3011694424555,328.22038811945674,330.0888081499205,331.91730011571985,333.7656705412788,335.5694951028635,337.32894091195806,339.1065901196031,340.8478919186015,342.54323051522044,344.25496278274113,345.94014460229056,347.5796106122332,349.2328664254297,350.8705259248692,352.46338730462753,354.0663934429018,355.66566186612914,357.22092068114665,358.7817654409736,360.3514527889508,361.8774242824018,363.40379324999583,364.952014217119,366.4562774354383,367.9554156444871,369.4895139848463,370.9790516030359,372.45783173600057,373.98455484236604,375.4659273205482,376.9309449085614,378.45657396598546,379.93602950209413,381.3936504314767,382.92411457049764,384.4076501607289,385.8640342683003
T15000logg2.6,310.469050356382,303.4734621787967,294.7638937405692,287.02770315923715,281.49570325726796,274.6128836235966,268.58020696648435,264.34759402768657,259.05813367962827,254.51007473541682,251.42216591428695,247.51477229574658,244.2526638443699,242.16560079870717,239.45015272841425,237.29474967690618,236.07597469987286,234.38170031837066,233.17157178491664,232.6994900827542,231.87316632613584,231.46327734099737,231.62691685941195,231.5312882461268,231.79181096148665,232.49051424767066,233.00303363233235,233.8182721717314,234.96128779821737,235.97302721225574,237.24047613209208,238.7465320425166,240.16141744763635,241.7910653364458,243.5880378668254,245.32227411166025,247.2357823229883,249.26017916779483,251.24111749477453,253.37023896125214,255.56604572670588,257.7304976514256,260.01554950136654,262.3331814827782,264.62604888303673,267.0147163959729,269.4102955920053,271.78374160380787,274.23068459443925,276.66581286594067,279.0788036962855,281.5453209382528,283.9870245318274,286.4050949296997,288.8590130441129,291.27967912226364,293.6747206877866,296.0903500198791,298.4679680227226,300.8184361077553,303.176917897867,305.4953948342923,307.7863419906255,310.0756105728331,312.3248203586623,314.547783420533,316.7623607739497,318.93793301905225,321.09043470425445,323.23056461679437,325.3330124528522,327.41742874659724,329.4875509168737,331.52088705614335,333.5428738406182,335.549823355787,337.52002146157434,339.48698155033617,341.438538142319,343.35238005827887,345.2723047333488,347.17628859086835,349.040693222472,350.9215253287023,352.78547753350836,354.6073148107273,356.4566875939134,358.2878561607434,360.07391275325654,361.89906356673305,363.70439868482083,365.4613426706384,367.26909359803494,369.0552780844795,370.78964872097,372.5864720612444,374.35995189632683,376.0781371564334,377.8701296312793,379.6370018312801,381.345101617667
T15000logg2.8,330.07175701414366,322.9939605087571,314.1546629481982,306.29197688424193,300.64452721995946,293.60170314899176,287.4114102154701,283.0374425034942,277.56451722715633,272.8350657588075,269.586371213915,265.4775504386075,262.01633515636524,259.75457246591657,256.82376621280423,254.4560459649999,253.05286464674862,251.13221888918824,249.70010305343183,249.03716678716214,247.9760923100411,247.33762264900096,247.3065214834476,246.97040821309014,246.99851925592148,247.50063390991122,247.76963013448784,248.35108127912508,249.29729258540738,250.06504151802514,251.09948461186835,252.40995232045287,253.58273814339427,254.98204795846243,256.58593912669727,258.08185472417074,259.7691195212199,261.60396794695185,263.3517924350155,265.25993631367953,267.27059625612515,269.2082457608815,271.27838930096044,273.41594670532805,275.4890762157134,277.6695818644552,279.8907288048207,282.0519890221154,284.29790983343537,286.5646462466354,288.7732519386007,291.0461107509674,293.32567335390394,295.5471710618217,297.81488944035755,300.0798664591787,302.2862327570714,304.52334194203183,306.75194422367616,308.9217100508994,311.1095502554711,313.2859149253013,315.4043141244906,317.53110659428467,319.64533346956017,321.7040690976926,323.76440397705903,325.8120857781463,327.80861858633773,329.80247494389914,331.7838270870205,333.72025122486264,335.6516005687563,337.57018883863316,339.4517880050011,341.32696507677525,343.18831908951796,345.0220919331393,346.848392225626,348.6589020450126,350.4524173219242,352.2372428945473,354.0035241592591,355.7643141744678,357.5148391151539,359.2434678372628,360.97874116104435,362.7018268004334,364.3993084718183,366.1159085354218,367.818218157148,369.4910155443197,371.1955046797094,372.8835564202557,374.53808966502913,376.23675426343874,377.91683937163157,379.55937594251145,381.25809173143114,382.9361206871626,384.57261022818045
T15000logg3.0,289.2258549902773,283.9062475504319,277.2924384084214,271.474111810683,267.35091232608016,262.23445410126334,257.8107628091427,254.75501331441114,250.94840560261176,247.74419660257138,245.63313699258785,242.96487546430635,240.81949561936372,239.53771847061466,237.8516449047656,236.61857131002736,236.05840045492855,235.21277906457732,234.75874535795714,234.8202543146191,234.68721617370358,234.89184689065218,235.4828937000971,235.9476873323332,236.70269010328803,237.73893915514273,238.69930472424966,239.9081173578123,241.3130692942865,242.6783218038076,244.25507557401403,245.95978423006164,247.6498165199163,249.5187701486137,251.46173435295538,253.40636629549454,255.50118848673898,257.627927143181,259.7659403929143,262.02853757578794,264.29079486952696,266.5686953592586,268.9480898950184,271.3030726466849,273.6741206950354,276.1256823320141,278.5355825317899,280.9591886259109,283.44424585465526,285.8760493603679,288.31742061743256,290.803128739785,293.22862536430864,295.6587110474551,298.11806379702034,300.51391391436044,302.9093734332298,305.32124009740585,307.6691869107499,310.0125598412281,312.3619755593175,314.64908928574056,316.9288489559865,319.20685680480557,321.4254527896831,323.63573907854885,325.838967564697,327.9861612828821,330.1260615159236,332.2556824025904,334.33249691368593,336.4050121424941,338.4655444736419,340.4758373273037,342.48667969289966,344.4846747823463,346.4340672133164,348.39043798297524,350.3333461418384,352.22829217887767,354.13793681525976,356.0333606670237,357.8805733507204,359.75121727568313,361.6065706012104,363.41276870554884,365.25183961478035,367.07427362911517,368.8461117481336,370.6607338403573,372.4571969256933,374.20126931921277,375.99823094372596,377.7753949442422,379.49813115798173,381.2838046505866,383.04797840686024,384.75553438671756,386.5357533234199,388.2926854745297,389.9907350966056
T16000logg2.0,322.5730875050169,316.6724842418112,309.28925956859763,302.92912565986967,298.5094972356534,292.99259515695525,288.3415674452108,285.2151659641368,281.2990057443866,278.1129676525642,276.1081505381982,273.5577222774028,271.620843542423,270.58294650126294,269.19142312820156,268.3135190491894,268.1038764574849,267.68910624054354,267.7024413663489,268.1966804153095,268.5979248018979,269.3541465511843,270.44036324481124,271.51530071879154,272.8826450193672,274.45978929405794,276.0821500207204,277.94367359328555,279.92076124757,281.9790645913157,284.2319439399875,286.52802609402926,288.9252297964075,291.48077848150524,294.02531837563464,296.6786829847498,299.4619467122164,302.1946461416471,305.0350770050409,307.98394982553003,310.8542266272347,313.82501734834085,316.8885521610676,319.8541542685436,322.9089443824219,326.045123974332,329.07037807691114,332.170924680855,335.34427826128086,338.39829322722244,341.51239051437636,344.6922379285649,347.74775159291585,350.84790848227664,354.0074775868627,357.0404028446368,360.10337074398745,363.219979032629,366.20977792366085,369.2170172197367,372.272786840757,375.2031843705713,378.1413531605321,381.1238734140997,383.9835626618295,386.8450516278156,389.7480758844211,392.53130437822836,395.3145130330673,398.13778725424805,400.8440679329338,403.5525024540009,406.3003849979806,408.9332347416028,411.5736624000503,414.25308781541696,416.81831410002417,419.39896187612305,422.01784664634556,424.5222587206206,427.0516613816244,429.6179844496121,432.06868881293417,434.5551435920752,437.0766360227503,439.4807770362891,441.9321297301835,444.4161214167382,446.7806891527488,449.20421221385277,451.65758824306,453.9893367033187,456.39176387754014,458.8209837806793,461.1263769068489,463.51390846731306,465.9249666582657,468.2101170721395,470.58838847851473,472.98676151343574,475.2573435835434
T16000logg2.2,311.0105489030274,302.96506762303227,293.077805214543,284.3030391041782,277.94557505783587,270.18397671604805,263.36801490768124,258.49619949737394,252.57338342398177,247.45022791030675,243.87677328586656,239.5364002406206,235.86878603166164,233.42320220811928,230.4379332793332,228.01503418904153,226.5430379240443,224.71112014729343,223.345738682571,222.70805747346648,221.8504893588539,221.3763557524493,221.44729617271224,221.40487791501823,221.67387039595002,222.33972759692696,222.97058822471345,223.8508727702134,225.0091408982213,226.1876309213404,227.56302980562484,229.12243109653994,230.73867082061028,232.50842802319207,234.38913360131627,236.3485431586128,238.42647998507655,240.55948204474902,242.78135225891123,245.09387232715858,247.41959615506693,249.83500201149485,252.31899234184272,254.78571346347866,257.3355389137035,259.9364211297571,262.4987157793971,265.1320384805888,267.8025222129111,270.42041224085057,273.0937082260099,275.793040045678,278.43146841112326,281.1077932796043,283.8011712430174,286.42980467215534,289.07866160897174,291.73757835787853,294.3313195003819,296.92906959448686,299.53190350260775,302.07160496038495,304.6017970537193,307.13426304251766,309.6072765068704,312.060765555942,314.51610701174366,316.91642669263126,319.29121946493257,321.66959954659023,323.9971594348576,326.29710374706735,328.6036409750277,330.8625241696575,333.09506012052873,335.3373460140149,337.53371749588655,339.7076747174724,341.8938363121516,344.0344363787491,346.1587107263538,348.29660907139186,350.3882446272236,352.4713452769265,354.5684269164135,356.6178616576567,358.6676945105319,360.73098531436307,362.74486276307493,364.7687226444194,366.80485110219047,368.7896188237287,370.79427496375865,372.8095762583632,374.7715368882756,376.7634069741474,378.76407096807156,380.709480100231,382.69473585747534,384.6868490486103,386.6219052685101
T16000logg2.4,353.7633589906551,344.61033230490665,333.3807915138052,323.2924941196843,315.8921805474613,306.8794851250876,298.8401662143252,292.99164882780127,285.90734380248927,279.6491718501546,275.16501042791776,269.7494309654887,265.03152830066887,261.7395938059316,257.7606314358146,254.36752067547783,252.1109971694573,249.36145654689537,247.10064833055498,245.7370442191391,244.03205927501114,242.73172286496154,242.13177481584788,241.30640248224043,240.81309926321356,240.85963078913628,240.7667867003052,240.94395095992144,241.53125520487362,242.04070975313635,242.767798447475,243.80148512883514,244.79907559888838,245.97095815081946,247.3678543639822,248.75474961288683,250.28063179730879,251.9680241257066,253.6591235041715,255.4605244660173,257.3746735317802,259.29640397141856,261.30481056751364,263.3892410310724,265.4774561938273,267.6326947689628,269.8370758756478,272.03598844999163,274.28546305492387,276.5650853535278,278.8267200922127,281.1249880386061,283.44056918152927,285.72435751411615,288.03289614212457,290.3506097880404,292.6232530802317,294.9106483141257,297.20254319390074,299.4383442474137,301.6808057167582,303.9255161148976,306.1065877154107,308.2883329002398,310.4716466066043,312.5878474489738,314.7010895356867,316.81602721116707,318.864482185388,320.9086457377548,322.95469485289925,324.9384043867626,326.91821557085984,328.8995240017129,330.8251937586907,332.74810886880323,334.6712008271305,336.54700838590213,338.4211067089782,340.2931530572392,342.1273766577099,343.96042397355285,345.7885301187643,347.58908491626687,349.3883657391104,351.17942503588927,352.95364405086633,354.7259088858904,356.4865350456427,358.24112193137347,359.99268631560653,361.7292297861106,363.47041590124593,365.20733030431785,366.9259686610282,368.65971043837277,370.38789050400555,372.09471772679444,373.8268310755135,375.5521690652934,377.25324689592617
T16000logg2.6,387.98658914702474,378.54569913948365,367.0100569224599,356.57409676029556,348.8591819258574,339.5036802650684,331.0904992703718,324.91044003655975,317.4596197942768,310.81224939253195,305.98728572806357,300.1913505310464,295.07686670351575,291.4405412524773,287.07454220882374,283.2831639436874,280.6826592303747,277.5444556637074,274.88761132275437,273.18320487514325,271.0916090304492,269.40033742269867,268.46480430089423,267.25772884788296,266.38090705611074,266.09876774342484,265.6316006602611,265.4346120704927,265.7015675191145,265.84613688994006,266.2099900480438,266.93275340718924,267.57654498894715,268.3971383443277,269.49313415109486,270.5382454579374,271.7250392758454,273.121568082311,274.4831556386914,275.9573352839153,277.5902308545266,279.1944445235191,280.8867394850498,282.6988198906034,284.4808494146469,286.3300182813692,288.27003712922306,290.17315244976044,292.125498999607,294.1478931509366,296.12323743078684,298.1324910535164,300.19736768822685,302.2037207893588,304.230830953363,306.3039968249264,308.307678604284,310.3209942666171,312.37434829910757,314.3494717349398,316.32516874272164,318.3373335468355,320.2659898717493,322.188354114451,324.14514362410466,326.0171405900461,327.8783277501258,329.77263702161974,331.58481436645445,333.38395548438035,335.2149548231609,336.9698498977791,338.71121759117534,340.4826622316759,342.18645403684513,343.8771552647469,345.59534065451237,347.25586012014344,348.90382827154565,350.57587037217144,352.2011488242776,353.8140498981451,355.44705344639925,357.04473532844924,358.6296947773181,360.2305184013236,361.8076390620961,363.37124158494623,364.946451297787,366.5094542551302,368.05784942993824,369.6137138456374,371.1685700166985,372.70761673684046,374.25019291636994,375.8026046455391,377.3380236207747,378.87326947539714,380.42878741971924,381.96623334962015,383.5000381827728
T16000logg2.8,390.65787150847234,382.0445813945238,371.4925429860826,361.9560092383136,354.9167739547598,346.359696760172,338.6741060263104,333.0397813852949,326.2306096260138,320.1658216801168,315.77625385044206,310.48977271945375,305.83596114758643,302.54174577337994,298.5738806392865,295.14082208386304,292.80378700377776,289.97008054932326,287.5858432726903,286.0788707051079,284.21324062973815,282.72303952077345,281.9297055838525,280.8830985603742,280.14802261924734,279.96223159915957,279.6015090323717,279.49763301248095,279.82335486995856,280.03034535870876,280.4478016083807,281.1987688009777,281.86934479400674,282.7115088391744,283.8109077759579,284.8541204986489,286.03659890600795,287.41641118741785,288.753208597963,290.20207636870265,291.80178025828684,293.3629311563928,295.01280355753573,296.77805181970234,298.5026465685505,300.2955929591016,302.17748905271117,304.0123155741884,305.89758577119375,307.85257028345495,309.7519318983852,311.6858806735207,313.6758820831154,315.6014776166005,317.54754655788923,319.5401828254859,321.46089388896667,323.38965420809114,325.3586334944207,327.2506149497509,329.14016503853907,331.065872192436,332.9126385487633,334.74876415724293,336.61857991043905,338.4107592894694,340.18662830926047,341.99463195920055,343.7292842999229,345.44440424577704,347.19035811695676,348.86973461433985,350.528277152783,352.2160275189676,353.8458226346236,355.45458863782136,357.09027474617744,358.67787555149465,360.24460180668774,361.8352427667008,363.3884831205952,364.9208438975625,366.4735487110023,368.00001396755465,369.50522234376956,371.026888460014,372.53363660078674,374.0184234781108,375.51568460576516,377.00922795030874,378.47987450664147,379.95906478611926,381.4454120061943,382.9078245322724,384.3750016579572,385.8597683723508,387.31956753522434,388.78057192591325,390.26908330788456,391.7316876133748,393.1921791254084
T16000logg3.0,382.0414009982549,374.45296363047476,365.1835082604416,356.8054932156677,350.63472675704685,343.15366278862876,336.4407063259342,331.53804262188953,325.6269554643372,320.3747247745183,316.59769701197746,312.0564961104791,308.07784690335825,305.2928818686384,301.9393983046374,299.06368750565736,297.1464886722711,294.81523525980094,292.88760398318635,291.72332975543884,290.2648957126037,289.1455385376632,288.6286855163153,287.9085531193583,287.47154267433143,287.5056185564501,287.40329076683474,287.53611070406106,288.03364282506044,288.4420781033064,289.04477812275434,289.92697750355137,290.75165303908705,291.736105653927,292.9326308971375,294.09084126014807,295.37981382405343,296.82812330559887,298.2477275898667,299.7734460936448,301.4177851660361,303.0356395696491,304.73807291588827,306.52827272501594,308.2887951077523,310.1147779789946,312.0056607653497,313.860292836518,315.7631834032563,317.71451127065137,319.62167819190245,321.56161373535906,323.5384288270808,325.4634106824068,327.40711264469064,329.3798659426527,331.29452950598403,333.21545989519234,335.1604746806272,337.04343418320633,338.9221585493545,340.8220927989568,342.658721973683,344.4828863926669,346.3268205285644,348.1090058199055,349.8729535298981,351.65596245375946,353.3813988537354,355.0851130879513,356.80730832730256,358.4783571340655,360.12594507261167,361.7910371954645,363.41312295466946,365.0110251938826,366.6248354232105,368.2049572277135,369.7605761259183,371.32985197088976,372.87547325220885,374.396234659827,375.92791532480203,377.44634448542797,378.93939824317295,380.44036929409583,381.93853983926124,383.41063643124284,384.88755710460237,386.3718777999619,387.8293214313025,389.2885688252023,390.7649714168469,392.213737353246,393.66144696685797,395.135513734552,396.5812825136551,398.0233146588388,399.50026848303236,400.9483706127937,402.3902509708069
T16000logg3.2,413.76186205833153,406.0873881662481,396.68291769414935,388.18698321217425,381.901722077287,374.2631163631373,367.40594063197085,362.36627990979616,356.2814429610688,350.8648761760413,346.93297819375175,342.20671788209125,338.048350115325,335.09413134462176,331.54790858603724,328.4807316188205,326.38254921508997,323.8536929604461,321.7256257630448,320.3706780686835,318.71176008303416,317.3851670581204,316.66964864062356,315.7479685148544,315.099076050354,314.9281624610157,314.6249438871506,314.54306875106624,314.83076941506334,315.040412591973,315.4273001114834,316.0962884795997,316.7257064915611,317.49492359602607,318.47634500508406,319.4441848754855,320.52002379331566,321.75277829933606,322.98801912437636,324.30395202925604,325.73364515640753,327.17378446360186,328.6707020364709,330.24842582648614,331.83805488969,333.4634051525001,335.1451842781179,336.83545306633977,338.5429205327121,340.2896090911928,342.0381778147398,343.78797224634275,345.5656050832471,347.33682848935297,349.0957584358581,350.8757943996556,352.640728728138,354.3825084488996,356.1423150302511,357.87905860195934,359.5846607771867,361.30787256760595,363.0016041383384,364.6591415812371,366.3356113893429,367.97828350023565,369.5825164081009,371.2078252163768,372.7973449915521,374.34845385737566,375.92279347252435,377.46174343604173,378.963830252634,380.49063282262597,381.98467877651274,383.44394941145646,384.92842720924597,386.38474514013546,387.80821730538287,389.2563506903567,390.6824950947966,392.07712422184215,393.49504604437504,394.8982762740896,396.2706524138497,397.6644204236253,399.05144056133236,400.4076949821956,401.7831449179801,403.16000994969284,404.50578919092084,405.86849136942834,407.2407322596321,408.58139411459547,409.9367581776488,411.30957125995667,412.6502933497018,414.003618756856,415.3819455858532,416.7277143212317,418.08414558201764
T17000logg2.2,316.38223275316176,308.3997762381326,298.5983871800824,289.9255651065191,283.63087376540886,275.9598051178224,269.242200825852,264.43110222998405,258.5993185044951,253.5687288258018,250.05269425515468,245.80121785414156,242.21924363918652,239.82729498852314,236.92749653783292,234.5835098677086,233.1617749899348,231.41182874517057,230.11951667868354,229.5294639426508,228.75082091459532,228.3449273302436,228.4614491480798,228.49529510777353,228.8283555500297,229.5379425697478,230.2426395855355,231.18315237833897,232.3830796817492,233.63295447660875,235.0648291614081,236.66341350577517,238.34858924842706,240.17119101422597,242.08818391346279,244.11418619371568,246.2416438054008,248.4079590970901,250.69456148881494,253.05406705835946,255.41056065605534,257.88958169265106,260.41906299055825,262.91473682607676,265.52787806050947,268.173938002051,270.7642616802404,273.4615178385195,276.1779157085525,278.82357840934765,281.561953239345,284.30839694887663,286.97457864551,289.7172313424564,292.458948874959,295.11518649781823,297.8313626671031,300.5394131182802,303.1601630331416,305.82561242041726,308.4775979685075,311.04307404840404,313.6404125485914,316.2210595731353,318.7179739508915,321.23706199125274,323.73872914094005,326.1607043580755,328.59866928614167,331.02086294890245,333.36780962592377,335.727748339642,338.07512484403287,340.35133762798364,342.63993320009365,344.91966820046986,347.13155310646886,349.3568438699775,351.57671160747907,353.73125110413207,355.90147543601853,358.06911891318,360.17334800913557,362.2966607797534,364.4195406357338,366.48048486134746,368.56481632025645,370.65014365348964,372.674689174024,374.72757896111995,376.782235218363,378.7770091831418,380.8056258838925,382.83624358956524,384.8076718321174,386.8189771740658,388.8321173066864,390.78658902707326,392.78749216748463,394.78980005235456,396.73377187042445
T17000logg2.4,359.92146140843715,350.35413147748073,338.5955051447763,328.0745366299582,320.31570714726206,310.8546968794858,302.4464092013536,296.28872748281,288.8252195388567,282.25256723747793,277.50239497681446,271.7669939913617,266.7813295118343,263.26099241250836,259.01361799974694,255.39320788407971,252.94122966249583,249.9684481596567,247.51595591307952,245.9859825661456,244.09784798752503,242.63725820866114,241.8964557414276,240.92332194660258,240.29713001927567,240.22473262844966,240.01494394041808,240.08258266306063,240.56931632767242,240.98824761389312,241.6255250999801,242.57371353692628,243.50330977229453,244.60194397040266,245.9255764310778,247.26360299800265,248.73028317209838,250.35447040322504,252.01306414452955,253.76744078524612,255.62692420368234,257.53022303514155,259.5023722501791,261.5396232324938,263.6215234884611,265.75015536633134,267.9139918857609,270.1170886205508,272.3487103097237,274.5937105368942,276.8685996009015,279.1567993681248,281.44295027769704,283.747467566032,286.05256491684844,288.3452851993668,290.6444263328866,292.93377688181045,295.20444869473477,297.47077733386226,299.71942714860904,301.9462295853954,304.1602578286078,306.35145693446634,308.5199826761649,310.670312989231,312.7957041068514,314.89909471304395,316.9821747440321,319.0409878352316,321.0790216337706,323.09760936947737,325.09445382510074,327.07151850984417,329.03216016993025,330.9742804335299,332.8969938162831,334.80763195475754,336.702814608641,338.57834231548753,340.4470482145191,342.30279595490043,344.1382249237161,345.97277142351675,347.7961480740604,349.5983528107836,351.4059991412971,353.20354724657,354.9790624734214,356.7664269073951,358.54418169805365,360.29916214528197,362.072307602017,363.83593586801794,365.5762499349297,367.340907775317,369.0959372389118,370.82736143007264,372.5891678183008,374.3411979846751,376.06955464337335
T17000logg2.6,412.40966864277453,402.0788403117107,389.43055734599847,378.008777641846,369.5027655138041,359.177907858268,349.8995443822423,343.01755017558065,334.7230685878006,327.31656062320764,321.8693579163787,315.33999215861314,309.55965328127877,305.37218462645063,300.3697453941802,295.99484285019764,292.90666874569916,289.21769583508234,286.0501483387618,283.9146522754326,281.34788047326305,279.21016335254865,277.89375541248285,276.2780423208004,275.01131690945766,274.39253399192245,273.57491428670664,273.03732912111127,273.006194989365,272.8508039069273,272.9168406202064,273.37487941277107,273.76241847714533,274.32237633501404,275.1825753069898,276.0094235016836,276.9680901040589,278.15398499151814,279.3303811771776,280.6048923434958,282.04900347583924,283.49660513375767,285.0139054146757,286.6559357310721,288.3057642699615,290.0011888778576,291.787007848168,293.5785898801512,295.39523974974736,297.2765453017995,299.1575226857491,301.04606486328436,302.9804420786235,304.9062284664406,306.82470283578317,308.7757254054731,310.7093658849528,312.6234032929004,314.5611110353469,316.47367650595413,318.357151147806,320.2588332568731,322.1297496137952,323.9650719105848,325.8157118646672,327.6327029228729,329.410884672701,331.20317621931497,332.96189036219846,334.6816059297241,336.4149789128626,338.1174818414655,339.7829898769912,341.46165865957806,343.1140629834525,344.73249456361776,346.36310970786343,347.97318316000985,349.55238342433944,351.1422588348473,352.7179737825131,354.26546474678776,355.82176466771745,357.37072403890886,358.89343630966584,360.4229808294595,361.9521759274463,363.4564247704708,364.96560956993187,366.48133480799015,367.97287400828884,369.46766176314577,370.97560376060073,372.4597748267459,373.9458068652668,375.45130272559504,376.9333101236895,378.41614467471015,379.92446670258767,381.4096244328247,382.89491389447255
T17000logg2.8,446.94685511355544,436.6744373863847,424.14122528639695,412.7578839819508,404.23809904287,393.93535240813196,384.61612529320354,377.6616621927772,369.31499140183746,361.80473855639474,356.2380851227138,349.59778362670755,343.6642892592465,339.32008848217856,334.16042786113695,329.59370775739205,326.3193627389175,322.43676330584196,319.0473668295267,316.7026948965924,313.9140880194329,311.5316820713313,309.9884754515786,308.1295519686191,306.60128564655895,305.7427197657375,304.66656670873385,303.8559563432705,303.57622672482773,303.15227733892635,302.9383903900466,303.1426291180305,303.2560507088161,303.53285381976764,304.1368640013335,304.68750398660086,305.3624772379542,306.2918453866361,307.1925183979787,308.1846003082239,309.3732138731551,310.5473619984841,311.78462983329314,313.1730067284526,314.55280814955034,315.9711884749779,317.5056438843877,319.03133854642044,320.5743099079365,322.2068512238709,323.82660906182235,325.44525141980193,327.13388312754296,328.8037536014341,330.45671672607955,332.16560240724425,333.8492393849189,335.50279496570295,337.20262409366694,338.8716374317402,340.5002521054838,342.16894502431654,343.8031256361078,345.38974990387175,347.0128549731954,348.60015787564265,350.13610707155476,351.7066432662668,353.24258481150935,354.7265176785023,356.24397920032334,357.7302453175574,359.16621202637214,360.63470793577943,362.0769403560714,363.471835325472,364.89788548022625,366.3034593587306,367.6649557803058,369.0557819626911,370.43237753405003,371.76789997318724,373.1306247390754,374.4856697629214,375.80212797543584,377.14355590370315,378.48389673478994,379.78754916844696,381.1140094327453,382.44576493454167,383.74222059964694,385.0595076299712,386.38813443224916,387.68248423966185,388.99597875569077,390.32653493765946,391.6236912362977,392.9386424757897,394.2761066859602,395.5810450888454,396.90274048082205
T17000logg3.0,471.6915553514649,461.9071749954026,449.96677593590994,439.09534302931144,430.9504604578469,421.0996425986328,412.1652778824596,405.4895776693881,397.47657744990886,390.2447079654034,384.8753837323633,378.46969499021714,372.7256378284011,368.51000557472776,363.50231147254533,359.0508335652034,355.8470653027088,352.04756868151975,348.71162490950246,346.38871397889903,343.6261610496572,341.24614948526835,339.6839210469212,337.8044014148274,336.2368319472226,335.3255687119553,334.191259520224,333.3077940457209,332.9479282195965,332.4361188651302,332.12270396316046,332.22467943042625,332.2270825202286,332.38336594013816,332.8674815775338,333.28936850689064,333.82748242159875,334.6230577600352,335.38155452537126,336.22405426853265,337.26799133132835,338.28982475740736,339.3676418287128,340.60299007048394,341.82289854718323,343.07440371141973,344.4496999368971,345.81015292287196,347.1809742055423,348.6502402908478,350.10133589963186,351.544450150351,353.06746588878923,354.56688193963777,356.0426362072232,357.5852053182289,359.09813557173504,360.5744849081692,362.10891111405937,363.60837350245276,365.0613122608175,366.566951604004,368.0339211773302,369.44766326087324,370.911201241213,372.3344703270399,373.70112878031324,375.1162630820413,376.4917695439796,377.81033149884524,379.176773074785,380.50619194567554,381.7805506384509,383.10220695274427,384.39085034278105,385.62754615796274,386.9105948598225,388.1654945750553,389.37195694992363,390.62337760412163,391.85201226755225,393.03554234102035,394.2622940196455,395.47193879500566,396.6393911007113,397.8481413135856,399.04557149617824,400.2031746880449,401.4000933638902,402.59139617920096,403.74472781724467,404.9354164242076,406.1260915112059,407.2802411905607,408.4698580889557,409.6650657556323,410.8248889320934,412.0183640839447,413.2231284907292,414.3934365588285,415.59563822406324
T17000logg3.2,484.22362094505684,475.2933663163551,464.4058119580484,454.4854437796097,447.0463955666696,438.0609847096911,429.9055831649049,423.8071103220215,416.4993474778416,409.89962726310915,404.99679403974255,399.16011699316863,393.9232356823681,390.0789953138691,385.5243549605844,381.4737315953619,378.55981657069947,375.11488656076017,372.08951627064715,369.9867168962596,367.49515522013434,365.3491487676591,363.9475162936231,362.26835260848304,360.8701767804709,360.0689985283531,359.07575947052237,358.3075283461625,358.0152089397591,357.59515809872556,357.35195166868823,357.4859246790699,357.5394241869574,357.72867856261627,358.21522203769985,358.65485621921295,359.1952142981432,359.968692453408,360.717765016406,361.537293071712,362.53895443119893,363.52948806900304,364.56397025471404,365.74072609820126,366.91207796004926,368.104000654376,369.4077373274514,370.7061899578436,372.0047399217664,373.39243739498505,374.7714266655999,376.1327239570694,377.56681686310765,378.986913167961,380.3741018058254,381.82281834467346,383.2517961968084,384.635392021074,386.07325300781025,387.4863807399338,388.84460902138835,390.2529144904739,391.63307164075025,392.9519727881559,394.3189296803487,395.65632527395246,396.92922068426105,398.2494848099645,399.54086031535667,400.767263378851,402.04092170088956,403.288180775053,404.4720321953444,405.70299603951844,406.9113626057035,408.0590510028994,409.25335175192504,410.4296544695935,411.5483869720573,412.7128081694068,413.86427028855223,414.96119590415384,416.1025863599905,417.23628836954833,418.3181519449821,419.44308860209617,420.56559070515436,421.63854304377867,422.7531235230707,423.8703630298461,424.93992415705236,426.0496790578823,427.166986763292,428.2381257505425,429.3480781009657,430.47037632049035,431.5477644961948,432.66265744080647,433.7947023272933,434.8829034980888,436.0073428122514
T18000logg2.2,303.0416750242323,296.30522499933653,288.00929650883404,280.76894743497087,275.580831878509,269.2393724138897,263.7852085195581,259.9543377761138,255.2947508616063,251.37648627220253,248.72664217446987,245.5069966162379,242.90301876348906,241.27503149817093,239.28303220187627,237.7987574056914,237.05036034260326,236.09987288694532,235.56417227586255,235.56800082414222,235.49474132808197,235.7560163466024,236.39722105073216,237.05507901496551,237.97804450798813,239.15235572587676,240.41061292933423,241.8742085519787,243.48693009657694,245.22902300322602,247.12589490344155,249.09205133092777,251.2155262267754,253.45220892443572,255.69706577275107,258.11368358170705,260.61039934420955,263.06958033396427,265.7046564130973,268.39427769489237,271.01316886157986,273.80417602864566,276.63068080066694,279.3631834974924,282.2578863019452,285.1741925903319,287.98080019332787,290.93509433850295,293.90077364526724,296.7467784919205,299.7229201748948,302.7026334425321,305.55705744797154,308.5226404865579,311.48558622422803,314.3210350032621,317.24879359577295,320.1689583780643,322.9621189966524,325.8302192279171,328.6870841733017,331.41958780531036,334.21234229153856,336.9919592675272,339.65143824994306,342.3601406283342,345.0558781406291,347.6365916028854,350.2596320792413,352.8717593252163,355.3740465153095,357.9155392925224,360.449236407463,362.8776701382408,365.34511129106806,367.8080227806711,370.1693195553981,372.57149301540693,374.971922168562,377.27348845788447,379.6193036047687,381.96544855800903,384.2147947839174,386.5129640033126,388.81277350491723,391.01738208313395,393.2763092695234,395.53743963660463,397.7046740001107,399.9322987775256,402.16200712434954,404.2989819075234,406.5026760578588,408.7077935186669,410.8213526826977,413.0079602259188,415.19498836353904,417.2917696529461,419.46778235220864,421.6430576884853,423.72956376074825
T18000logg2.4,307.87594704785516,300.00250500270596,290.2773383235721,281.73238401255503,275.50243281530174,267.87284519530414,261.23870720082124,256.4588221769601,250.6421579867933,245.66055033361113,242.1506425289894,237.8940552718862,234.3340286107944,231.92943721222053,229.00859785728107,226.66508141093746,225.21663297079726,223.4328937068941,222.1238955566416,221.49656813584255,220.67375821202492,220.2373846529948,220.30875092031886,220.29011409696992,220.58190227347427,221.2407035549556,221.88651744021814,222.7776950624515,223.92319501280173,225.10974538000875,226.4867776283084,228.02898198032904,229.64826056989864,231.41265233331873,233.272587344443,235.23181312498016,237.2993650465005,239.408816939682,241.6290700195629,243.92816165445234,246.2284810934939,248.64244712909857,251.11171795074313,253.55207302205153,256.1019295846195,258.6884957961584,261.22443736763665,263.86063971556905,266.5188324536481,269.1112496654414,271.79139007254213,274.48163880448635,277.0960783059982,279.78407556141286,282.4725077881332,285.079112815508,287.7450159340706,290.4036439283958,292.97759509489595,295.59790144435726,298.2052372640278,300.7275104084619,303.2856215531584,305.82733920583394,308.2854151973512,310.77204247328143,313.2413041410478,315.62941901508833,318.04237830793335,320.439085544392,322.7574317250851,325.1000949660905,327.42880799436944,329.6816226222558,331.9605378388142,334.2280590113536,336.42154268130935,338.64442623628037,340.85808007408866,342.9989994829355,345.1737404832488,347.34077229727393,349.43599823498704,351.57039632750826,353.6978293442747,355.7541864622285,357.8557238213394,359.95022305368116,361.97432105148545,364.04991178463933,366.11765951396103,368.1157419864146,370.17167398389375,372.21839922804725,374.19638109197547,376.23847235001216,378.2696743948511,380.2333407228913,382.2672765734916,384.2885321038391,386.24374933615
T18000logg2.6,451.4295519735799,440.078923198286,426.2316521578893,413.6939336073615,404.2734655050344,392.89744090209564,382.63059420162784,374.9293065303706,365.71162494224865,357.42811661258463,351.2472168846979,343.90533135671404,337.34551320578026,332.5011226187584,326.7816665428505,321.7122960956238,318.0357255166157,313.7120671290001,309.9243568939971,307.2615780979924,304.13155955395587,301.4389005406261,299.64958889782434,297.53268496170097,295.7680220051967,294.7243074000109,293.45920529698,292.47337545080313,292.05927656988086,291.50294735038386,291.16408469600526,291.2756970955027,291.30283770885796,291.49575736665497,292.0411872267773,292.5430560910086,293.16779720228817,294.066253563374,294.9485600429223,295.91779301510985,297.09771844014426,298.27767122156024,299.5139123054205,300.91099280002834,302.31509366935745,303.7492556020578,305.3054411980337,306.86894719797226,308.4401602706786,310.10363453485076,311.77044665106257,313.4258281995443,315.1510432639691,316.87318907935173,318.5676164536944,320.31537996656306,322.0530112694446,323.7494625791322,325.48748411994416,327.2093085106342,328.8794028268619,330.58302808480045,332.2664836659626,333.8908158059675,335.5435328807878,337.17489944219693,338.7432784284637,340.3369611111834,341.9112434749068,343.42216603192855,344.9564081692273,346.4759989688076,347.93451757383565,349.4145461446503,350.886567489781,352.3011083033103,353.734929993869,355.16834415905964,356.5479882596094,357.94418389758135,359.348090815406,360.7014128817545,362.06824839959586,363.4512870200988,364.78605426224397,366.13122751615106,367.5011571392064,368.824173579527,370.1546460808283,371.51820333489667,372.8354048236316,374.15742028762014,375.5204856073975,376.8371571793109,378.15642591256733,379.52430742219065,380.8454262203701,382.1674491650624,383.54529547343,384.8759733367443,386.2063992636762
T18000logg2.8,439.01170929927525,428.51298424437607,415.63720456206784,404.0202338256643,395.317562806469,384.7444011922243,375.2443529875455,368.1457450783818,359.5885974573905,351.94159763663555,346.26475945371396,339.4634156942623,333.4298885838095,329.00515506761127,323.7252261240617,319.0890135865854,315.7599337536195,311.79071587440376,308.3573293429334,305.98032153523843,303.13295215168614,300.72788487145453,299.17160578995265,297.2769441796039,295.743648212326,294.8882075403164,293.7950993488591,292.9937588801939,292.7303816898078,292.30469996204226,292.11151509084516,292.342580428244,292.4666038139156,292.7732824311166,293.41235977276614,293.9838944606681,294.6963935660835,295.66742343030745,296.597730036118,297.6338163628843,298.86945653843327,300.0805830616801,301.3674446270834,302.8073523544664,304.23024754387177,305.70309810733573,307.2928979779031,308.8666613426628,310.46833127010393,312.15943782594616,313.83122004588944,315.51208485885024,317.26178936592305,318.9864737092555,320.70426830206225,322.4758803029726,324.21606021287437,325.93618756540747,327.6995578921382,329.42594406284223,331.1220630087015,332.85432672403533,334.54604087380767,336.20041936885775,337.8864618290786,339.531056824493,341.1345473628142,342.7669512363614,344.3599503023115,345.91108258100377,347.4891919604121,349.0325482376112,350.5353092999344,352.06316396702795,353.56271814626507,355.02386091734485,356.50788757994474,357.9711401035079,359.3982020580467,360.8455588261311,362.28030138695215,363.6805775590778,365.0983318683675,366.5120336460551,367.8922481031325,369.287105148789,370.6866084095371,372.0528056451857,373.43097947916624,374.8223395400609,376.1799000936039,377.54707997517966,378.9356404741667,380.2894417676147,381.6509277259917,383.0415611805538,384.3962661694903,385.7572348274798,387.15471230065384,388.5151412998371,389.8809492086774
T18000logg3.0,446.19842626403295,436.524794520054,424.58478964533526,413.83753195844014,405.8068922767492,395.98482441495884,387.1843874033152,380.6271019212083,372.66610103850246,365.57602534784445,360.3297688470467,353.9951150443468,348.399322093178,344.31181265825387,339.3906827234386,335.09287099079773,332.02253434049277,328.3224329804913,325.1448208836946,322.96071272906534,320.3080934618466,318.09025543173635,316.67186168906755,314.91069517531326,313.508178097457,312.7450234859752,311.7354421435692,311.01881324648184,310.81029006314986,310.4277396897872,310.28186187828044,310.5372083760013,310.6717843583364,310.9953330586046,311.63366937315817,312.18944218127,312.8939091476872,313.84366001491185,314.7369632451282,315.74465005744145,316.94217644313323,318.0992766456177,319.341156646609,320.7292981970626,322.08479795750645,323.49959806201804,325.0269992016113,326.52338372672835,328.0571499141487,329.67803429367535,331.2654799260241,332.87160681583623,334.54597284731517,336.1822500538059,337.82139454246726,339.51515133353394,341.16549456274925,342.8057061256059,344.49106883123073,346.12847938319493,347.7457087549218,349.4018235871334,351.0072685697491,352.58555116896446,354.1987877374959,355.7610811327796,357.2922572438423,358.855910874875,360.3709415299393,361.8534672240106,363.3666652024748,364.8358278926313,366.27285598460105,367.7388047637226,369.16697128678084,370.56418160979854,371.98831151766365,373.3819356746558,374.74586717616916,376.1344375895212,377.50043350264787,378.8376419105375,380.1970394786963,381.5422286231197,382.8589505729859,384.1954227017601,385.52620732176075,386.82823988358575,388.14773528432306,389.4699426662024,390.76258432567624,392.07066913886086,393.3895537388935,394.6776811947876,395.9796027823459,397.3000051381231,398.588301868774,399.88921727676257,401.2158408796082,402.50909062608605,403.81429760690264
T18000logg3.2,478.4307476801659,469.2637829506561,457.95121548011286,447.74456450087456,440.1006425722019,430.75740465369006,422.3620894073636,416.0883918042857,408.4810695990711,401.68188669391094,396.63115362471297,390.54503801726247,385.14401802998464,381.1770703621327,376.41608582627873,372.2322281305274,369.2188478522639,365.60472991559294,362.4734298440458,360.29261147807244,357.66401498221876,355.4361933150649,353.9761587494456,352.18779618105486,350.7290300128661,349.88707980325967,348.8085226452644,347.9980879985394,347.6804878063426,347.1955337037563,346.9260005282079,347.04807016448365,347.0540960433744,347.2306484192052,347.7166429746245,348.12373826417877,348.66312016015274,349.4456252761636,350.175036929332,351.00383254106396,352.0226486232808,353.0047862646047,354.0575578648846,355.2583982225436,356.43125916089167,357.6495512228821,358.98335758232275,360.2921378397714,361.6243974457718,363.04742817313246,364.44463801006594,365.84634159719917,367.3203603357463,368.7657140544774,370.19934203637956,371.6919159355247,373.1524193588016,374.5877909575571,376.0727348692414,377.5229142008386,378.9375292188253,380.3954268389298,381.81752537973915,383.19666682674347,384.615008309598,385.99860235961455,387.3348510418018,388.70765202343654,390.04895484665127,391.3411222583058,392.66786911062235,393.96822719700805,395.21946163285753,396.5034419263021,397.7674359395375,398.983270217082,400.2298683921713,401.4636319258916,402.65043895575263,403.86583620118597,405.07598629703773,406.2401925607786,407.4307189521225,408.6238288937236,409.7715695085188,410.9433948458872,412.12566419512416,413.2626065423351,414.42155434477934,415.5985926275603,416.7298515268584,417.8813102716383,419.05811330607236,420.18835701254204,421.3373670313445,422.51852628123936,423.65217864517774,424.8036255585812,425.99352279708705,427.1349932301174,428.2938169788241
T18000logg3.4,510.48696319331566,501.83801742518966,491.0918496103435,481.41614362103815,474.18251447365066,465.2875938864609,457.3070967528131,451.3504432076746,444.08952203404357,437.6055528616572,432.79147416239584,426.96407733221986,421.79297200310975,417.99348177883934,413.41590749091193,409.38911484220927,406.48377217808763,402.9885526909689,399.95220905296446,397.828508942296,395.263768685968,393.07819655983525,391.63185051135764,389.86064050036003,388.3996706385665,387.5346207051918,386.4340678672675,385.5844066015948,385.2129106115253,384.67362065942024,384.3344000192688,384.3771097852805,384.3024935641297,384.38465542665926,384.77053734821646,385.0760555305647,385.5014385023487,386.16729665406365,386.77894098309855,387.47849375455445,388.3677741469247,389.21981819762175,390.13165843210174,391.19311268721253,392.2266427175588,393.2952267527417,394.48235171185013,395.6450498155333,396.8212003556635,398.0923517054416,399.33873398130856,400.5799579999761,401.89876564853364,403.19035216384884,404.4609860650521,405.7966957968873,407.1020894227044,408.3736178854446,409.7015821000339,410.9968013802808,412.24825932142966,413.55043851204294,414.81904188731016,416.037007733635,417.302033476824,418.53474587604876,419.7128384540921,420.9355893338618,422.1294814218595,423.2671418939193,424.44761222931385,425.6045218638709,426.705183286807,427.8468794827936,428.97158243204916,430.0408116957393,431.14915206965225,432.24780138648384,433.29191515235135,434.37303607222213,435.4521030772075,436.477321394868,437.53736875835807,438.6030971136279,439.61524377050046,440.66011451739644,441.71830933149147,442.7227173754152,443.7579204163003,444.8137598103061,445.8151796263968,446.84574254587153,447.90376070501975,448.9064456934529,449.93700739471785,451.00131688563044,452.0092858447314,453.0443440668939,454.118926503641,455.1362323854699,456.18038665579314
T19000logg2.4,323.03770663507436,314.8122494003088,304.63294641173593,295.6958365528919,289.13839365506675,281.10951047091066,274.12030426004094,269.0364400358294,262.8672298397481,257.56289171310067,253.77094814491898,249.20179537983043,245.3476714385227,242.6817299350371,239.48318217544147,236.87144407789572,235.18138380092665,233.15095300842592,231.59763996797966,230.7477721971892,229.7062823066879,229.04791220516964,228.91510895783645,228.7030372236631,228.79342030911823,229.26538989494554,229.74019011844828,230.44863925409751,231.42325241138332,232.45832974784963,233.66916287426062,235.05468489980336,236.53916564935827,238.15169434353572,239.8672733614783,241.70569399528273,243.63349140880888,245.6088907762914,247.71966072805589,249.888710626629,252.06310655032064,254.37621479274563,256.72269479279345,259.04301260198247,261.49799591155005,263.9665549236181,266.38608524400513,268.9308097877622,271.47341621027414,273.9509494111686,276.5407557307503,279.1159085296942,281.61528330319595,284.21220132133396,286.7844639489857,289.27446871794655,291.84704121640345,294.38724592837883,296.8420516211156,299.36564425103444,301.851449768972,304.2513059249336,306.70856588712877,309.12510577960745,311.4570720831697,313.8384215609326,316.17881521255305,318.4371972479443,320.74080820375,323.00551126919794,325.19112941966955,327.4212804138774,329.61586519080373,331.73398173283084,333.8984010339709,336.03079400410115,338.0887313553568,340.19625638725404,342.27479862199533,344.28036563128376,346.339814710023,348.3725225022389,350.3334550707318,352.35334339401913,354.3478477698917,356.2717178635489,358.26012665360656,360.22358562767124,362.1176351707294,364.08197287561035,366.0209375149152,367.8919217593515,369.8388032817311,371.7592303031928,373.61344010248956,375.54892018586094,377.45648140884424,379.30001308580097,381.2300176053575,383.1304812758073,384.9695123471432
T19000logg2.6,349.22505477821556,340.2722676443149,329.15367631420634,319.34929427151525,312.10587392320065,303.2050329164719,295.40923620127893,289.68294064330325,282.70843768910055,276.65764075362114,272.2674873461514,266.9574327452816,262.41495238325325,259.1943324778192,255.31565978915143,252.07029773653613,249.86712669192698,247.21253167545473,245.07604033159407,243.75181012944225,242.13703349695604,240.94150464601648,240.3700594634312,239.63079604320043,239.2259632412613,239.2921611915607,239.28170102509554,239.53334698688397,240.13255989933734,240.72085940223337,241.51031882595552,242.54866863159774,243.62195278706218,244.84599918224063,246.2407741902668,247.70111057054208,249.27095252659723,250.95007354194018,252.71329069540127,254.55224090441806,256.45272749300455,258.4458724115161,260.48711487891705,262.5534498749285,264.7129022588409,266.89787901021975,269.0807203134609,271.3510611438995,273.6285768472226,275.88415714622806,278.21758611133407,280.54325868638585,282.83309911660353,285.18880476734074,287.5246914629045,289.81558368554096,292.1596782337554,294.4745951272515,296.73910203468847,299.0450584461395,301.31514805977025,303.53231814177616,305.7813587924292,307.99059767027603,310.14655345503775,312.32791394207186,314.4683621212569,316.556529777691,318.66724093173303,320.73830904190686,322.75862979428445,324.80190427375,326.80814447787407,328.76503686962906,330.74760831318656,332.6960453822961,334.59612072573987,336.5259902180067,338.4242186570485,340.2747183961085,342.16002371793445,344.0154939963245,345.82374107786916,347.6724733572069,349.4923481207912,351.2655729335849,353.08531361263204,354.8763059541123,356.6214258304777,358.4191168578386,360.1873817615817,361.91085712140205,363.6927527223136,365.44394860715454,367.1518446009484,368.9237270778282,370.6632975565024,372.3615591620439,374.1291661732096,375.862720973882,377.55745931000047
T19000logg2.8,376.2300513830637,367.02698076663603,355.54738520048755,345.35978925125687,337.82652114786606,328.51682182374094,320.3060329274987,314.2637494166647,306.85120501362184,300.36859787344105,295.6471029340533,289.88414332726876,284.9042126471781,281.3451568193478,277.00934773934534,273.32908567238735,270.78665056486045,267.6784699225997,265.1154622752901,263.45580657447874,261.3965920104913,259.78706234644864,258.8874891453832,257.7169680834448,256.91353879961264,256.66153130699684,256.2359219695561,256.1064373056752,256.39936227354735,256.59065839712844,257.0177114295821,257.7630781281561,258.45865628748396,259.3393643481952,260.45506590024553,261.55706986578997,262.80209327904237,264.2159101234251,265.63959286915633,267.17117178763795,268.81949820843045,270.4909311128339,272.24088020576346,274.06729290286773,275.921679250589,277.83001092445795,279.7842254042028,281.765103946424,283.7794718351371,285.8169875676906,287.87581555649626,289.9510618843883,292.03297295542154,294.12854299594034,296.226326511036,298.31928805898144,300.41757021533414,302.5066221005728,304.58331534180365,306.65781057761706,308.7143956421392,310.7541377070139,312.7860685490077,314.79425398795007,316.78335739221416,318.7616090577027,320.71311707633816,322.6447493115607,324.56533744542696,326.4585481988311,328.3317335991992,330.1961724184028,332.034059396947,333.8518226633124,335.6649144274336,337.45283810558703,339.22030316834514,340.98830395417315,342.73242285692913,344.4554940603173,346.1851332832062,347.8917611319053,349.57662794791537,351.27478681200415,352.95016748178153,354.6030785971048,356.2763921914608,357.9264565503362,359.55347559773253,361.2080616629066,362.83830930400956,364.4451720307722,366.0866009185975,367.7021436516693,369.29429651569285,370.9277406375943,372.5335479643727,374.11638661145133,375.74700038802274,377.3482579656321,378.92741393446477
T19000logg3.0,419.89783703128415,410.4368909220228,398.7132831659284,388.22886453597897,380.4065183781146,370.80375871360803,362.2600519275964,355.90575442436324,348.16443202132564,341.32357538443534,336.27426418986835,330.1576165785394,324.8026517477392,320.90569985153707,316.19957263738524,312.1339575975973,309.2478993787134,305.7589480594674,302.80500872888325,300.7992099858923,298.35342281744886,296.3510889126208,295.1054271354161,293.5464480404659,292.3515668901919,291.7558143289258,290.94338764551526,290.4267428342971,290.380415687842,290.18967831929695,290.2363484264563,290.64876432157394,290.9696107811027,291.47861186745314,292.2690549028395,293.0055605893299,293.8888554718595,294.9860175295257,296.05467832970754,297.23516449369055,298.5757987554779,299.90322467780356,301.31263110517216,302.8400939746134,304.36134637046985,305.9391390123721,307.6025868750376,309.2606798534012,310.95369301780477,312.7078786803454,314.4535171744961,316.2157667242434,318.0210861212749,319.81239264498834,321.6049173601454,323.4275040850819,325.2299340860892,327.0210329187445,328.8332405919431,330.61990946308873,332.38562800932556,334.16664272149916,335.918564296611,337.64294997271173,339.379131238791,341.0851166144945,342.7599652349004,344.44459159096675,346.1005598036118,347.72428157097323,349.35647392753935,350.9637947193504,352.53938552413496,354.1222629239833,355.6856655065081,357.21855280006423,358.7574000777499,360.2831641653588,361.7796288010136,363.2805635165041,364.775431776382,366.24181058516876,367.7111364350717,369.1818449045878,370.62425139141544,372.0682031845197,373.5211431842852,374.9452826285408,376.3698231490154,377.8108283969073,379.2219241341648,380.63262131137606,382.06691433335214,383.469728433961,384.8718002934019,386.30417676492044,387.70329239395795,389.1018626087786,390.5370337751367,391.93717022357913,393.3375346113603
T19000logg3.2,458.1358364389481,448.9328771883516,437.46083409207597,427.201515684357,419.5402666017615,410.0859730274619,401.6678125171296,395.3937850825531,387.71573407851434,380.918560997695,375.88258862749615,369.7592258904198,364.38089339240054,360.4420391653408,355.67174695026677,351.5279139658511,348.55442870768184,344.9543749765854,341.87767834493934,339.7471858639004,337.15227954940843,334.9913199764643,333.5907321881815,331.8523072754591,330.4704558331791,329.6957007536576,328.6803056804247,327.95490050475433,327.710917999936,327.29963292436474,327.12140161384633,327.3221848714894,327.4099705274274,327.68259220415706,328.25130246730816,328.7463765994746,329.3855746782643,330.2540661772673,331.0762470459886,332.0078395192785,333.1153578783503,334.19382376324336,335.3518177677653,336.64369777406546,337.91548932360547,339.2410482848206,340.66797259775643,342.0774814303603,343.5187515994238,345.0367180269932,346.53578158149617,348.047932846767,349.6184499962441,351.16617550913,352.7113345064019,354.3016135598948,355.86439534741214,357.4119091217447,358.99532031980436,360.54712980106996,362.0740201155459,363.6306842045168,365.1533229437889,366.6444537371623,368.16145172683787,369.64427777512964,371.0919198188303,372.562931636336,374.0021157888062,375.4048386230873,376.8291010589691,378.22602777738445,379.58671898234104,380.9672606146093,382.32644996511937,383.65027921729126,384.9921860090153,386.31963742820113,387.6126150221472,388.92182035595124,390.22399326368054,391.4922295179279,392.7748862315274,394.05822988930566,395.3076324638407,396.5698301351572,397.8404677547418,399.07654018237974,400.32407611849294,401.5875535046512,402.81527053692685,404.0535076430174,405.3147387692105,406.53859523686583,407.7725229516361,409.0359857627626,410.2602617980382,411.4947530669745,412.7648224657208,413.9938995894846,415.23396873096686
T19000logg3.4,486.9372153229302,478.3303592287295,467.61095976271923,458.00951766160387,450.82763805167065,441.97469287642036,434.0777962265248,428.18130552772783,420.9751631019506,414.5823239600904,409.83564208848566,404.07371081228337,398.999782438672,395.2738797635018,390.77066489901915,386.8457648381923,384.01921541929175,380.6056353312341,377.6748512819424,375.6343378832152,373.1572421083856,371.0800581382098,369.7205347898985,368.0417528945272,366.69113793703957,365.9157732595654,364.91123510407533,364.17312066305675,363.8934393795508,363.45262950718325,363.2254151155326,363.36136789499227,363.38666182472554,363.5806942066953,364.06068022552483,364.46668441667134,365.0033453518682,365.7637217293763,366.4756293534329,367.28550898305303,368.2693782920773,369.2208585311241,370.2419088427512,371.39783434865615,372.52953228455544,373.70617770798356,374.98757759372035,376.2468996971169,377.53007655128386,378.8953599783724,380.2367187232269,381.58407498793196,382.99691661659233,384.3817193217601,385.75768892248124,387.18733248567224,388.58410664415385,389.9601275970243,391.3817729894755,392.7663398607492,394.12123519411017,395.51655348932115,396.8722901422505,398.19240405831795,399.5497155697103,400.86727233024476,402.1459704874493,403.4598205293836,404.73624139613526,405.9726929986221,407.2427560593197,408.47988576878873,409.67727306743905,410.90679794135224,412.10947709044297,413.27320069977793,414.46744756977216,415.64188757513205,416.7780876877765,417.9430883849852,419.09581539961295,420.2106216978467,421.3525515980524,422.4899521563909,423.5892082144302,424.71409624357256,425.8421393924167,426.93122087668394,428.0447415019487,429.1687427551433,430.25241425180826,431.3597350615508,432.48430601659754,433.56679950555156,434.6726677867101,435.80195845437385,436.8872238868289,437.9962147747856,439.1341743673653,440.2261811629511,441.3429320281019
T19000logg3.6,652.8614499383384,643.0651943210728,630.9363722186354,619.9193741088018,611.5556405266224,601.3177061261708,592.0305307115383,584.9676947341977,576.4078228861065,568.6562771703634,562.7645208432136,555.6846763719564,549.2878098773916,544.4421498571313,538.6595354550152,533.4499695446456,529.5315890057104,524.8784832127536,520.702535408474,517.5995988113867,513.9231928671975,510.6407035573782,508.2489002089368,505.41094281373523,502.89488309668263,501.11772797170204,498.99388783555594,497.12991723025914,495.87899086858056,494.3583888784735,493.04443676751407,492.23951278286677,491.22394881277626,490.36941076727237,489.93823530971383,489.3412739347742,488.8661024338972,488.7439205498996,488.48924282531334,488.3219124303197,488.4500862721743,488.46896221172847,488.54451849255094,488.8691899402761,489.09916169485484,489.3585391797193,489.83022553536097,490.2152032662216,490.6057194029712,491.1798147700738,491.67070825837607,492.146539994534,492.78389318747287,493.3389732531198,493.8616323383709,494.52913796354994,495.11430073336925,495.6528666979998,496.3238964322368,496.9129444605195,497.4445746526197,498.09961770430647,498.6745913849876,499.18467137685565,499.81150614805836,500.36232789672806,500.8439525032122,501.43723368556675,501.9608387780905,502.41355260932306,502.97364455891096,503.47227351556165,503.9001094602462,504.43135719958826,504.9105540916054,505.3199364554623,505.8288214652189,506.2955686484353,506.6936527221475,507.1874095620017,507.64890794879415,508.0425986596589,508.5283358321329,508.99128976638815,509.38673769833514,509.8709946264288,510.3412553675795,510.74371707391003,511.2322971973766,511.71478160643414,512.1285882234632,512.626518589558,513.1252118519091,513.5539503151747,514.0655884341246,514.5838933889272,515.0308076734952,515.5602486002841,516.1014979101426,516.5698808680204,517.1213212625914
T20000logg2.4,274.85647029033413,268.993970352815,261.70151040905426,255.50738232676406,251.05181870355673,245.57872004605258,241.0133784685362,237.79587017350667,233.8875427232145,230.72342793172012,228.58674590185652,226.01623676308685,224.050548633616,222.8510712298807,221.4177742225092,220.4708683126734,220.0784667317835,219.60521889142407,219.51804103917047,219.81492132557275,220.1451407396686,220.7765401378279,221.65583574791307,222.6506488978864,223.87487417496945,225.23935077771606,226.77538046963605,228.48058631360632,230.24207127114056,232.21048394575988,234.29818325934446,236.37768016475863,238.68384969709052,241.06878499644233,243.3968553809006,245.95999804367364,248.56949054834803,251.08615796981928,253.83786625430844,256.6102735693157,259.26411462788866,262.14638120549427,265.0293971687705,267.7763031331583,270.7399370908569,273.6891437290461,276.4911352528114,279.49448274553106,282.47211697115875,285.2963980187276,288.304264021572,291.2781862666328,294.0964349056068,297.07925354522047,300.02236900481154,302.81044995603406,305.7440359168798,308.63435167612835,311.3725280167101,314.2383095867097,317.0592779317447,319.7326366003436,322.5179783729703,325.25894118233697,327.8578752781876,330.55645132936564,333.2128910278429,335.73332844515096,338.34491672600905,340.91782454714746,343.36063082378257,345.889692918363,348.38390125004884,350.7534211015981,353.2070863219583,355.6293748156547,357.93182327726635,360.31819680523927,362.67594330749967,364.91829174014595,367.24563904632595,369.5462754173247,371.73578890545303,374.012326293782,376.2631892962891,378.4072619102121,380.6410007646474,382.8492284678097,384.95515554083767,387.153696906928,389.3260730826055,391.4008921098805,393.5713131211464,395.7142184253796,397.7646596967029,399.91356746777564,402.03310047803996,404.06568620793547,406.1994687859809,408.3016570262164,410.3228186505076
T20000logg2.6,322.27339969937464,314.1599769185615,304.0580559650347,295.27555122874054,288.79024388296637,280.80813801651414,273.9293325893392,268.88657345087796,262.7407534754712,257.51162224915663,253.73706884156155,249.17329265683495,245.36600430571386,242.69918550016052,239.49154957757392,236.9032385061219,235.1978704809294,233.14602935986514,231.59634662272836,230.71943400266997,229.6456944029912,228.97400597334206,228.80446358070728,228.5504361395774,228.61309180576168,229.04047532201685,229.46502442480087,230.1341471677284,231.058382066671,232.03676516719668,233.19961663623317,234.53106995182733,235.9544798367697,237.5131832479641,239.17295651909515,240.94797903123583,242.8186247822323,244.7382350809761,246.78503113127147,248.8956366200377,251.01562477919123,253.26533773168785,255.5534679953538,257.82163106657805,260.21440583735205,262.6256095113005,264.9957427782157,267.4796693547923,269.9665324029819,272.3977725801181,274.92821460697786,277.44975760297484,279.9062589289814,282.44526373915835,284.96658546195266,287.41748340766446,289.9337077813493,292.4261919569414,294.8459927783517,297.31500263607745,299.7567583185135,302.1258855101175,304.53057087939123,306.90699267542647,309.2124112095107,311.5434869351436,313.84756192572013,316.083067529298,318.33877892101304,320.5703223596534,322.7358373742671,324.9202092040571,327.08377008205014,329.18350260220916,331.3037459209789,333.4062033802161,335.44659360536787,337.51099897676835,339.5597983642409,341.54810023748615,343.56496672639,345.56745466706394,347.5111217821943,349.4885168305079,351.4517791749006,353.35823848594526,355.30381781393254,357.2345366657802,359.11094649960825,361.0317230847534,362.9359999491036,364.789038849126,366.69127804518973,368.57465942447396,370.4105610582154,372.30003340179996,374.16779288477693,375.992659766206,377.8750962371104,379.7325855918063,381.5527384840077
T20000logg2.8,337.54999294729726,329.2212433255278,318.8049777512433,309.72594813489604,302.98725507480344,294.65113634806625,287.44420748880225,282.1235772897154,275.60018960741604,270.02511486445866,265.9588847577241,261.0060214715404,256.84543127469954,253.88150683790255,250.28222224528923,247.34099113177706,245.33945658352843,242.89972780849274,241.00302533497563,239.83557744576083,238.38230202512779,237.37362080382718,236.92269221315559,236.3010504422141,236.03983808388625,236.19753829238775,236.2689970518539,236.62942185254082,237.29720742169258,237.938764184846,238.80917546134611,239.89804824191683,241.0018639838775,242.28469004732654,243.71560882962217,245.1886210343491,246.79956027988294,248.50324640640744,250.26537657186847,252.13150583334036,254.04734965558785,256.0291766158108,258.08707703557775,260.16181959877684,262.3028917703135,264.4972331334864,266.68385441776365,268.93178384880156,271.21460649259683,273.4717898033111,275.7816383765687,278.1116594534472,280.40338854800467,282.7370703781818,285.07930951651224,287.3747732535402,289.7008676449858,292.0267851767594,294.3007241119602,296.59485123539434,298.88280705547345,301.11606090613117,303.3611183873892,305.596599565016,307.7764322150554,309.96258175503635,312.13806004586826,314.2580619141313,316.3821005034504,318.4960168935666,320.55516571168096,322.6188936488395,324.67380752136654,326.6748191011073,328.6829742435363,330.68360544439884,332.63125018822836,334.5898553070005,336.5417525248017,338.44173613273364,340.357275207662,342.26625868095203,344.1247717338612,346.00394396568436,347.875918347505,349.69940221291824,351.548799671446,353.38949718850796,355.1843213763543,357.01012273573343,358.82492933283925,360.59719616316306,362.40509490410506,364.1990434165695,365.9546018123065,367.7499380318062,369.52789169488966,371.2725416501395,373.06066865713586,374.82760627814343,376.5674466127051
T20000logg3.0,368.25305689404195,359.6762998494337,348.9410019429795,339.5026047818563,332.4947582565593,323.8138610180016,316.2330035590969,310.6293086697351,303.74494324389195,297.78924548030204,293.4319228172898,288.10971740759413,283.5677118844771,280.30890646012466,276.33768908522285,273.0183289827485,270.72098090064475,267.9112577926405,265.6426136357646,264.18031149697543,262.3622628375592,260.9897036662887,260.2461955901758,259.26761143868487,258.65209309367737,258.5207054759907,258.2452278023876,258.26216644054546,258.64564263910955,258.95201830052486,259.4908724738915,260.3015909357521,261.0832778660783,262.0472017249946,263.2073409362799,264.37185191678816,265.6767934060533,267.1179458896363,268.5852096518104,270.15802666529214,271.81994631329064,273.5199373590447,275.2962670956804,277.1253642140341,278.9964397344071,280.9195577448602,282.86804105918776,284.85634425094406,286.8766934381625,288.90223784307796,290.9613351610439,293.0361510228821,295.10179336699184,297.1923344876563,299.2854715486217,301.3596606749543,303.4492377033111,305.53126951038575,307.5882049062898,309.651685863744,311.70041232768574,313.7206340908277,315.7404512444211,317.74110042884513,319.71177019245073,321.677803859141,323.622807119076,325.5375447558562,327.44647536051525,329.33440686661544,331.19229655845044,333.0458942747932,334.8795411402104,336.68344830267665,338.4865496872143,340.27091778515904,342.02577186186284,343.7845266470834,345.5254592419643,347.23711106723596,348.9581575550523,350.6617105702686,352.3363948000642,354.026444828668,355.698623749273,357.34269045156225,359.00825003882153,360.6548033908253,362.27443935947485,363.92152395260865,365.54773687996425,367.1487567462463,368.78275716215626,370.39347334119685,371.9813515851585,373.60728593644643,375.2071844393311,376.78732410827865,378.4101843542765,380.00408719632304,381.58210385312793
T20000logg3.2,406.78860107279843,398.19725945649316,387.44182729034014,377.92865795081934,370.8474876940245,362.0737450419183,354.3577705891346,348.6325839063381,341.5989606906325,335.4612198300498,330.9436085025169,325.4291025359689,320.66928470612345,317.21953960718747,313.0236400629026,309.45951915394875,306.9473097396108,303.88857309785004,301.35513348504486,299.6596670266475,297.57471780289467,295.92303649211283,294.93285956212765,293.67479704955906,292.7706415640751,292.38326106164135,291.8203839290146,291.5433875161183,291.66521479506895,291.6802756674092,291.92332943859,292.46977824241407,292.95946048753467,293.6284441892856,294.52414873999703,295.3985749321338,296.4115363600112,297.58997372356345,298.7709762852211,300.0560594599726,301.4581693676025,302.8769121425711,304.37049134818494,305.94338982138,307.5388943690381,309.1844539311989,310.8805895855413,312.59920774887127,314.3471304602863,316.1242244589546,317.9196044543199,319.72702252468883,321.54809020170575,323.38092159328323,325.2116320968994,327.045170840409,328.8831837260306,330.70791304294227,332.52834493537955,334.34662673031204,336.14341680529907,337.93160254625184,339.7127893973455,341.4672199930361,343.2107335810158,344.94489413759914,346.6497112923304,348.3425370860889,350.02639096623363,351.6803933811507,353.3218849240579,354.9571376601617,356.56318922350795,358.1563312985652,359.7476253461154,361.31071320148874,362.860468780226,364.413757634168,365.9396656298534,367.4518570826196,368.9735873389163,370.4683014696822,371.94910117721645,373.4457892290686,374.91518459636353,376.37079752162737,377.84868203491055,379.29829663360897,380.7346998957605,382.19947924526656,383.6343487016092,385.0570958429337,386.51384207621555,387.93852749385724,389.3527974255693,390.8061504701417,392.2249858821545,393.6358302765945,395.0903432853352,396.5077876273391,397.9204185607919
T20000logg3.4,449.0918748634442,440.67650668169426,430.1611651831705,420.8111705492919,413.8277986402768,405.19277900112365,397.552123395205,391.85934236918666,384.880215936237,378.74549999136457,374.2059700438395,368.67650245871033,363.8603957915408,360.34355156435277,356.07566639824444,352.4067237386519,349.7898375978293,346.6126200328547,343.9348554372171,342.1036153884805,339.8625574864699,338.0346895615049,336.8832754687093,335.43905049065984,334.3334452889452,333.76435649136954,332.9918712147303,332.4939434384788,332.4180994414663,332.2059253839212,332.21367399958666,332.5505191038366,332.80036642659195,333.2238961618008,333.90142448715494,334.5274387824809,335.28805867551534,336.2423805938924,337.16955265218996,338.19801297467967,339.37220206911013,340.53422637643814,341.7688506663018,343.1116156368412,344.4493329130531,345.83498771069037,347.2999631930931,348.76104834236634,350.24914481828955,351.79497916808526,353.33414806318,354.88273960354616,356.4733253710471,358.0521990720073,359.6259340086095,361.2305905754155,362.81771634889975,364.3881296131864,365.98207450098124,367.55332598726375,369.09929290714285,370.6641852164875,372.20295094060793,373.71079258660575,375.23489454140565,376.73180164833,378.194813297831,379.67260363099416,381.1246626032021,382.5419053158636,383.97297881986606,385.3819558842176,386.75642506805787,388.14390231311614,389.51445028794006,390.8512699691637,392.20024451758655,393.538388515479,394.8434910678312,396.1598968824161,397.47205349616604,398.75142836178486,400.04141537120336,401.33395885997663,402.593405062554,403.86307909037583,405.1420269040033,406.38690318047713,407.6420449947618,408.91280427516364,410.1478941366222,411.39380185702385,412.66111244948604,413.8906750458334,415.132224749678,416.4003569748354,417.62837545037496,418.8702766794131,420.1433783845173,421.3738849353963,422.62096988669873
T20000logg3.6,480.96789310139644,473.2252203935533,463.56177471828073,454.96026010172676,448.51401300728196,440.5620894486358,433.51456217530966,428.24154993505823,421.8011548345404,416.12693914042296,411.90637987877824,406.7922929759232,402.32376806919444,399.0398671192078,395.08193421876183,391.6647011719788,389.2077209697477,386.25037829012444,383.74306565230165,382.00988433578885,379.91190135189413,378.18589009133757,377.08038088379834,375.7143332012047,374.65319852519764,374.0863490268841,373.3378005128925,372.836779546063,372.72688706732595,372.4939920399576,372.45973586359224,372.73270316770015,372.9256618907426,373.27571949407803,373.8650996808161,374.4052737484965,375.06719273232665,375.913830955437,376.73229596272296,377.64207764053515,378.69311842036007,379.72862500392546,380.82901380247637,382.03667344728353,383.234243818477,384.47380080094115,385.79470043585206,387.10540584591274,388.43859671326766,389.83394121880326,391.2153345732032,392.6028942363809,394.03885975865063,395.4550827996992,396.86408800412954,398.3120886775404,399.73393797261747,401.13807277967237,402.5751837436564,403.98048890119884,405.36048869984097,406.76994752853807,408.1437456041114,409.4873838941015,410.8586626215396,412.19286029642126,413.49447052937813,414.82286517824014,416.11531847976596,417.37446935278695,418.65995077987134,419.9127740767685,421.1325539439618,422.37830157232133,423.5962015064566,424.78164800846764,425.9926862266087,427.1816075165584,428.3384691528911,429.5205995218214,430.68675135951185,431.8207522194236,432.97992796437165,434.12936624796794,435.2459418144417,436.3880122537994,437.5263915287642,438.6305420051968,439.76098630368233,440.8933181131814,441.98943988952254,443.11323960979814,444.2438941995447,445.33588478646516,446.4576246663903,447.59054673163007,448.682028886671,449.806144145973,450.94515658029945,452.0397300150276,453.17077003183067
T20000logg3.8,586.9571997323819,578.9651730279509,569.0579270030747,560.1269191839119,553.3709145298138,545.0960279571632,537.6550447528546,532.0247519813727,525.200119635073,519.0835566398822,514.4685432991281,508.92346984317453,503.9757206817137,500.26832545836277,495.8445626466384,491.92077333942177,489.01767036579724,485.5692410237444,482.535731669679,480.3391464995865,477.7327694617918,475.4672568278881,473.88562061822756,472.00009179164783,470.3912287753325,469.3394912543106,468.06564119764084,467.0131480755465,466.4132934958395,465.65350541990597,465.0675279509554,464.8485104490495,464.516173920087,464.3170292089727,464.41493235965595,464.4339651828728,464.55125597420215,464.9088218543199,465.2119336680401,465.58272984137704,466.14812343225094,466.6746705204314,467.24182099748714,467.96747347480425,468.6623437859031,469.3740066412579,470.2163384899449,471.03012756229396,471.8401458018308,472.7599501079396,473.64959455041105,474.51809642568844,475.4811744943483,476.4103675563215,477.30409787743247,478.2817176004595,479.2210993929325,480.1137021362671,481.0830515247254,482.0105326861097,482.8829349849756,483.82757931683943,484.7284648108958,485.56887823424205,486.47883442521317,487.34544574450445,488.14870520700634,489.01988550360693,489.85049178865347,490.6168379260041,491.4499983655768,492.2473813085704,492.9807920778315,493.78003821040795,494.5496653202125,495.25608606079766,496.0273802567315,496.77592059555224,497.4619073840116,498.21188698941467,498.9460982598301,499.61796822813744,500.3532182363774,501.0794385793586,501.74294652364097,502.4696906351078,503.19357307436826,503.85374507240533,504.5775665484432,505.30389532096007,505.96495683382864,506.6907142977366,507.42344505335,508.0889101735196,508.82086190739085,509.5634067189544,510.23645513261295,510.9786333021976,511.7343123942445,512.4181183240743,513.1746971255321
T21000logg2.4,264.73651150249145,261.08485498186593,256.65559117689355,253.07501675474012,250.573324084183,247.61292225784112,245.3349542997547,243.8404659400964,242.13465513727903,240.96967160391375,240.34989867512735,239.70843618471065,239.4877859217362,239.62164037781974,239.8764752451325,240.4507259372586,241.22819966971207,242.2310051904479,243.467856622297,244.78917328359438,246.4090504084603,248.19132591072565,249.96604076529596,252.0871905252756,254.31085099269015,256.4569088204484,258.97687062845756,261.5497911937163,263.99309208246376,266.8218686431994,269.66332946376707,272.3377766832905,275.3974574822627,278.43785355131325,281.28553341035797,284.50985311348427,287.69023263296606,290.66140418524407,293.9947955619717,297.2658444989158,300.318361630274,303.7146777304639,307.03562737084076,310.1341448257353,313.5554640972661,316.892851048164,320.00783154493485,323.4231368335759,326.7494005344544,329.856015314937,333.2397289830429,336.53179564864183,339.6088892606539,342.93964427680476,346.178057099179,349.20759423161144,352.4678988878613,355.6367949912103,358.6039421511439,361.78044076222136,364.8679473965034,367.76149127040276,370.8453894682088,373.8441069243705,376.6569216214115,379.64441492637167,382.5516418159826,385.28108330398845,388.1732416314288,390.99064829717213,393.63813155593436,396.4398249223534,399.17227252305804,401.7421654977302,404.4605040647482,407.11460616326497,409.61301969719045,412.2560376316687,414.83911876123693,417.2729867545613,419.84896874019466,422.36852284146073,424.7451885256993,427.2623903213117,429.7258687396321,432.05283078391136,434.5193196602822,436.9340369851571,439.21870306295136,441.6422046026223,444.01420477131774,446.2646917431843,448.6524198992114,450.98780443390183,453.21131679628564,455.5699160437311,457.87531952179256,460.07762498844534,462.4132242639474,464.6950651111807,466.88133430845517
T21000logg2.6,284.2190362913627,277.54991960751545,269.2613901837976,262.20563582637953,257.0152524974006,250.64894224872634,245.3049201204401,241.42179948807788,236.714361271892,232.8481638241371,230.11123556846132,226.82686675742715,224.2289148513378,222.489779956675,220.4190167266059,218.9025683681447,218.02560823697672,216.98261885874865,216.38161068261536,216.24330412619733,216.0635065752426,216.23031342789096,216.71831125793713,217.25562841543424,218.0588407772888,219.07100720638894,220.19585769351397,221.51891285483526,222.96289373388413,224.5613091544818,226.3019871267805,228.09540782941787,230.06874301018115,232.13891104535293,234.20965052652957,236.47385033033657,238.79843596413224,241.0842181525012,243.56790700656018,246.08287526926685,248.52993000812234,251.17197361723422,253.82233507157184,256.38390635993863,259.131638939098,261.86988299909126,264.5050008083109,267.31307956566366,270.0982760199237,272.77112038897735,275.60088082441285,278.397967687269,281.07742660273175,283.8962214984452,286.67559315218153,289.33511688000146,292.11616928643514,294.85375474659895,297.47157654352355,300.1942477727293,302.87184731758174,305.43141345584695,308.08154331704117,310.6872534934419,313.17772119299616,315.74795082014214,318.2762770208064,320.69278646800734,323.18223239656044,325.63347810831317,327.97650900683203,330.389243442898,332.76777900636756,335.0415927189748,337.3844283896247,339.6966580128187,341.9075362457553,344.18825262516043,346.44120314351983,348.5962496857483,350.82274224703104,353.0234354418782,355.13009475714074,357.3101406929122,359.4654034651559,361.53118364115625,363.6722453237572,365.7884722567033,367.82075287342,369.929790692337,372.01250818515973,374.01866319955855,376.10206048617795,378.15747164628783,380.1432960216928,382.20701478850776,384.2418702800293,386.2121046955582,388.26203948547675,390.2824749305868,392.2424940560147
T21000logg2.8,303.4468912375417,296.08640663109725,286.9109451249998,279.00476917307253,273.15295898676374,265.9481726165184,259.80503622454376,255.29407487755643,249.79998482655537,245.18776337697068,241.85873585830115,237.84079343701276,234.54991411564367,232.2553321299625,229.50348621363293,227.3460206251404,225.95033357488538,224.27731709140966,223.08534316773068,222.46452180218515,221.70336300029405,221.32672973735413,221.3673550597214,221.36933144716733,221.67395026581806,222.27251939448388,222.90520467024174,223.7715444086616,224.83401866796345,225.98050300066936,227.30335229841975,228.74550880830503,230.30413909419053,231.99221403468906,233.73985042437894,235.62340564729823,237.5983810068831,239.58698264544194,241.72090649586374,243.91551393268975,246.08899831747635,248.40885285687528,250.76467567712217,253.0737606141884,255.52350868998442,257.989706490657,260.3909592934367,262.9222128707597,265.45483802279335,267.9101685401559,270.4815151551769,273.0428529108678,275.5191524639828,278.09558763880943,280.65379746918416,283.1228281959067,285.6756528278777,288.20489129494774,290.6435615668868,293.1506245225563,295.6313321312648,298.02209871447127,300.4680562290659,302.88725418838357,305.2184997482296,307.5949205276609,309.9461951947063,312.2122981516132,314.51722900362637,316.7999303270567,319.0005139905487,321.2368874587468,323.45435719030866,325.59279370052434,327.76638294584586,329.92407117706875,332.0057449042789,334.1234577002702,336.22756146617655,338.2587462768911,340.3278404162162,342.38474006447075,344.3721301800982,346.3999626633154,348.41600010951385,350.3664426326507,352.3601601347421,354.341410118784,356.26160691786276,358.2278749686085,360.1799135846404,362.07629060071656,364.02115510017614,365.9490252293482,367.82771919979655,369.75677115630054,371.66519236926615,373.5322610922956,375.4510242857949,377.3452905337136,379.20644187675407
T21000logg3.0,347.53633348892765,339.2998916906087,329.034682502328,320.1038910533357,313.413356026244,305.17723892165037,298.0650976383391,292.7565384070208,286.2911285555816,280.76676703449186,276.68341399075325,271.7540227384277,267.60779975460025,264.6030535163854,260.99852087483237,258.041317595526,255.9793583509822,253.5101928741232,251.57191036702253,250.32748378218295,248.82421993694192,247.75230048118857,247.2103818568569,246.52148455433635,246.17907637735522,246.2341851647203,246.22441025788706,246.48931483840636,247.04541247694118,247.59495717879,248.35906871479574,249.32972360201578,250.33383499840107,251.50285122114855,252.81150708060449,254.17978251951425,255.67217886535119,257.2517314937385,258.90604810758356,260.6509139021541,262.4422977864823,264.3144317524967,266.2496169238823,268.2004446162144,270.23047309293327,272.30127932581007,274.3648714786766,276.5003869964172,278.659015079754,280.79404837740043,282.98987936816957,285.19514221058887,287.36556176376433,289.583437006882,291.8005074711975,293.9755086397099,296.18398929818807,298.3845839008809,300.53896633853066,302.7138079331021,304.8765761334246,306.9912304639228,309.1156693510118,311.22646206337953,313.28873752356327,315.3534531332254,317.4050929454154,319.4087015684268,321.41116469134425,323.40255587923446,325.3468148958491,327.2896458401319,329.22391947487824,331.112094359941,333.00088536886057,334.88340176395144,336.72100893603226,338.56257109100596,340.39949303708664,342.19308019332095,343.9945583650573,345.792206014343,347.5487919065518,349.31734489261225,351.0819123945891,352.80864864826884,354.55112642234144,356.28835240942317,357.9921977316344,359.7148868199098,361.4298366784081,363.1174169529178,364.8259736274727,366.5232544918832,368.2006154789004,369.9002639702623,371.5852976696766,373.25716659670286,374.9530894879618,376.6327935316652,378.3025139653653
T21000logg3.2,362.06372791573654,354.06319388012554,344.05740452101605,335.3078087738154,328.78369690480184,320.7194106669832,313.7171608572582,308.5162955234021,302.15170669752234,296.67952311686463,292.65454663006096,287.7689426692362,283.62848945589644,280.6408651364835,277.0347559346261,274.0462627208217,271.96703591134883,269.46053034664595,267.4615458095618,266.1713497475615,264.6028696548403,263.4471784769017,262.83611293557294,262.0606164497414,261.6166917759661,261.58390860454796,261.4717023511657,261.62190482588665,262.0755753120815,262.5112658893263,263.1511404702924,264.00849140553225,264.89072204372934,265.9288902835259,267.1165351856341,268.3575137269283,269.7147482582452,271.1682840535498,272.6917677840879,274.29890467197015,275.9615209046203,277.70060804750256,279.4967696370305,281.3179318738782,283.2136720821126,285.1451742027352,287.0797339114703,289.0804664265605,291.1002790011182,293.10811669137223,295.16943812932413,297.23713637553766,299.28321371145455,301.36765831173363,303.44912270416324,305.5034614653992,307.5804254021365,309.64804337883095,311.68608943679686,313.73220616528357,315.7652894845785,317.7684370059302,319.7677009775835,321.7526016820699,323.708470709534,325.6521298434386,327.58198944115577,329.4843145756397,331.37006456948626,333.24378037543795,335.09153926682995,336.92182428992277,338.7421523249646,340.53793391051306,342.317879531625,344.0896541541919,345.8381394853253,347.57409487069197,349.30301563332847,351.00992748061674,352.70866614057627,354.4006738897308,356.07225864916825,357.7405855407613,359.4015606838941,361.0442362120809,362.6887206272033,364.32428751520433,365.9443638616233,367.57107552980193,369.1863400235587,370.7897841381639,372.4041409253703,374.0037139397912,375.5961157122128,377.2030972548472,378.79118431583095,380.3781691758332,381.98267726179375,383.5634763005148,385.1509018394431
T21000logg3.4,408.0381214452371,399.9297539051137,389.78094784570396,380.85938186446276,374.1769614452618,365.91042145125476,358.68538566367937,353.28577992250655,346.6731164380197,340.9392568221722,336.6839763163055,331.51578247560064,327.08457192874107,323.8424743064021,319.9283109081392,316.6278598858269,314.2760726964772,311.44333363376614,309.11760502326456,307.54180987108043,305.63483066115003,304.1428418135526,303.23737161123523,302.116048390248,301.3305986037467,300.99818233999883,300.53681810462894,300.3438449008886,300.49569298876753,300.58233181413976,300.88037683991126,301.43629717431253,301.97226702497045,302.67215754826367,303.56072107391503,304.4600491094506,305.48404555872827,306.64222657089726,307.82997120821767,309.1098829607261,310.4817783259715,311.891717831819,313.36702580119754,314.90250138622247,316.47583724097575,318.09282030995126,319.74680692009474,321.4318202490185,323.14327674193754,324.8756039458136,326.6276654360371,328.39291752811147,330.16844606692183,331.9499536004215,333.7347907891594,335.523555805721,337.30388087370835,339.08072224392856,340.85827865037527,342.61411785186635,344.36242136702964,346.1103524608198,347.8259369778916,349.5323416979251,351.2385414428723,352.90535931858074,354.56321424283146,356.2216082301022,357.83740919926265,359.4456518195799,361.0552642282955,362.6224306948068,364.183782677145,365.74720248585925,367.2707692261906,368.789973933761,370.31183141628094,371.79798981376246,373.2806144619358,374.76653945451784,376.2218913286243,377.6737207823712,379.12987581903417,380.5610671354085,381.98781836920926,383.42052009965977,384.8339033241058,386.24095101441475,387.65635412746957,389.0577248856175,390.4498671385974,391.8537509934499,393.2482313779158,394.62976113117753,396.02753078551734,397.4198139495492,398.7945779549398,400.19167042470923,401.5863201040863,402.958162941953,404.360152758381
T21000logg3.6,458.21920193924257,450.2954921094086,440.36722115774865,431.6064413384652,425.0299262554906,416.8870209676338,409.7370354690965,404.3762050157462,397.80638168340937,392.0762155443268,387.80293995176885,382.6106166217623,378.12405459406807,374.8162693294505,370.8227717824732,367.4183518215333,364.96101492094454,362.0034836983242,359.5339025584475,357.8194838193821,355.75058664077534,354.0823851977482,353.01120311085924,351.69791947129465,350.7103989768062,350.190499774503,349.51335222251157,349.0981480035969,349.04548573439115,348.8978834158561,348.9583921614175,349.2968888467216,349.5846904450146,350.03578618525836,350.6974697015198,351.3384423239521,352.10562660987006,353.03023698024344,353.9524354807519,354.97005729013154,356.10383895400395,357.24348862741726,358.45301602385894,359.74745980970613,361.0477154259718,362.39689528753024,363.8080660853404,365.21874990313995,366.6615121136779,368.15005296154834,369.6279003387015,371.12460202607434,372.6560945372771,374.1648429318852,375.6822790549343,377.22749505902556,378.7377163249656,380.24929309541056,381.78462977144113,383.2741169678538,384.7602766817822,386.26824406726433,387.7220538069979,389.17024136309766,390.63956475909026,392.04975501669173,393.4539359414121,394.87919427494074,396.24380107210015,397.6032659861103,398.98388228730204,400.3054084516227,401.6230705508149,402.9618581189111,404.2453308186406,405.52597524699524,406.82768027810584,408.07925595775237,409.32843634727533,410.5987558203075,411.82492473229604,413.0483278491282,414.29331853255593,415.5004584024827,416.7035909374979,417.92938681323335,419.12356258307653,420.3115811285097,421.52411259598034,422.71081980429045,423.8883398037782,425.0931411443953,426.2772320088947,427.44833380571134,428.65059161621025,429.83645929853066,431.00493263693613,432.2096677411911,433.4015649966751,434.57104957779416,435.7834848131004
T21000logg3.8,518.1890635384248,510.6533857674401,501.2486200876219,492.9097458189797,486.6135870185582,478.85062346369943,471.99640681579865,466.8230276947936,460.5115424645827,454.97050069639,450.80523085378775,445.7687746621947,441.38153198429836,438.1140791312205,434.19012081981407,430.8094499472329,428.3349161329991,425.37461793611277,422.8657245200751,421.0855696372763,418.9538355709873,417.19400356152346,416.0163063942653,414.59072630319145,413.4685058841255,412.8080273912258,411.97834896404873,411.3934189899388,411.17195372131664,410.83979291096983,410.70251754130425,410.84899046091107,410.92729558002,411.15839073316494,411.6090150797912,412.0214865928974,412.55122984023785,413.24919765653055,413.92887230705253,414.69560911794053,415.59012930381925,416.47730250208156,417.42576694591344,418.4708811245922,419.51190089245074,420.5924515734181,421.7464841625022,422.89361909628326,424.06242423590356,425.2882167977606,426.50008991264997,427.7194378088975,428.9846849847698,430.2265051480833,431.4649773049006,432.74251621331865,433.9861658536796,435.21885171367813,436.48700884546815,437.7114054017924,438.9202079110386,440.1631434190191,441.3543489472829,442.527956423814,443.7357158960299,444.8865656732743,446.0198134810389,447.1878675371448,448.296867543947,449.3894884926875,450.5177055511215,451.5874940046044,452.6425312644575,453.73391137025123,454.7695351759228,455.79176865876855,456.8511428606621,457.8586807466638,458.85356695300925,459.8865302173332,460.8722733494677,461.8452580309899,462.8577695064705,463.827892283204,464.78423234630696,465.7822900125092,466.74261571500045,467.6871595080074,468.67652437736376,469.63229862477755,470.56932152313647,471.55535274184643,472.51120068970107,473.44446423592404,474.43214004199854,475.3922196875954,476.32505248729757,477.3192527247015,478.2875369472405,479.2231557512696,480.2288611133303
T21000logg4.0,641.8187241356429,634.1359056555566,624.4639049885398,615.8863944412562,609.3719632482218,601.2602954602457,594.0908197427905,588.6415938805387,581.9165019921699,575.9989940221789,571.5117229244772,566.0104560631062,561.1983204083635,557.5722246818857,553.1436114383606,549.3002849728125,546.4383778262575,542.9428010486251,539.9420292196334,537.7521102273511,535.0618209003875,532.7878681769412,531.1832555587339,529.1820308457956,527.5294770809712,526.429479994517,525.0124287615419,523.8860394416431,523.216303464987,522.2894861602167,521.6038775519581,521.2965853571752,520.7765864408683,520.4558406314266,520.4497615876314,520.263067240577,520.2399156155435,520.4800661164488,520.5614808157527,520.7757643042924,521.2123540811009,521.5032248307062,521.9004752004603,522.4879018477486,522.9350884878035,523.46607903389,524.16265440249,524.7187275645974,525.339757596217,526.1080705450697,526.7318287493192,527.4052197909467,528.2126473125965,528.8694389277449,529.5638196011423,530.3829851923113,531.0450671857155,531.7357836790226,532.5450711365655,533.1919855598801,533.861396411789,534.6453661353625,535.2639353350742,535.9011605170377,536.6505325155665,537.234261974344,537.8345892566448,538.5456303074444,539.0936381887104,539.6574004294094,540.3309056851152,540.8464703025779,541.3772846385702,542.0174775200207,542.5063136454025,543.0095851834114,543.622642927,544.091484271716,544.5731548150438,545.1660967812429,545.6217978047457,546.0876205210907,546.6676875104822,547.1166944565232,547.5718827796279,548.1461206704485,548.5943245055965,549.043598428598,549.6185119561345,550.0711015367638,550.5206001898794,551.0999462854467,551.5613927689989,552.0190418313705,552.6035729045003,553.0778458322491,553.5506899691502,554.1412750997966,554.6321399717431,555.1250702638133,555.7245126033426
T22000logg2.6,298.1392721790387,291.1431214774744,282.39613065428347,274.99118205702507,269.5234793416508,262.77556015029666,257.1379786507747,253.01965778328642,247.99322971357185,243.8787261651476,240.94212163007202,237.3895176798457,234.57966312579305,232.6703652276045,230.37200488673204,228.6725874014617,227.64957642383496,226.4113120467093,225.65007125838446,225.38509744609615,225.03538769242115,225.05959125023458,225.4362501885075,225.82340715054897,226.4976368337347,227.41044882038966,228.40050755376433,229.60511448458516,230.95903248556712,232.43473873837866,234.06534485013222,235.77598648462566,237.6364404603828,239.6034050308613,241.5971475394239,243.75661205722983,245.98368341180873,248.19701399930267,250.58266866838923,253.00468272228983,255.38257388447272,257.93162011410516,260.4920452599295,262.9860829982837,265.64373571584014,268.29317430801274,270.86041632351225,273.57900186914424,276.2744335331643,278.87689730380873,281.6153447592907,284.3196609862855,286.92413392524975,289.6476479774101,292.3295128214101,294.9076285708982,297.58771908342203,300.2217280532612,302.7502925262358,305.3650625156527,307.93218008997246,310.3937114061077,312.9283929403104,315.416572038301,317.7999839658715,320.24752398807743,322.6520835055845,324.95310520532263,327.31390423090727,329.63685698941526,331.85738256245793,334.1375804277087,336.3856200483519,338.5318279005351,340.74058150187005,342.92257849659643,345.0026384868479,347.1497541345458,349.27484475220274,351.29734599882164,353.3921622655238,355.46851420766484,357.44239270696835,359.4936295524942,361.5321244383986,363.4626762268748,365.47835112658527,367.48842305270375,369.3811732139284,371.36851436277374,373.3494163815698,375.21872729806216,377.18421892493546,379.13232157197524,380.9942383099922,382.94384171192655,384.86032359204324,386.72538151428967,388.6649190736332,390.55519348629895,392.4295895763002
T22000logg2.8,295.44828115710646,288.3559717102879,279.5330736345411,271.97811170190454,266.3797975985539,259.50390976755136,253.68527801741342,249.41256332656656,244.2230435696548,239.9088972160815,236.80257775400185,233.06476618132496,230.0460693274342,227.95840046732826,225.4625960778436,223.55219634083394,222.34741092105313,220.90686472973601,219.93764966376517,219.49154471632,218.9402714426961,218.76328193902273,218.96260784329593,219.15308637032496,219.63559069035165,220.37729340298145,221.1785906471412,222.2027760839305,223.39364623970306,224.6905849037305,226.15314713717174,227.71008420540238,229.40300495593817,231.21483267865813,233.06506837294177,235.0689341510007,237.15394313395785,239.23450326897245,241.4768741407492,243.7698981352367,246.02616573426735,248.4445391704249,250.88903539752096,253.27301865882336,255.81292203300188,258.3596176615487,260.82893253391586,263.4431898262358,266.04935646405914,268.56670860511605,271.2148365568391,273.8437535065866,276.37667435534826,279.0244854165512,281.6451517622202,284.1659267738375,286.7853388992475,289.37252257566183,291.85842513911325,294.4277585488701,296.9623839759304,299.39614908060065,301.9004366593641,304.36990642762083,306.7401429487628,309.17137967547774,311.5696803583943,313.87109101675776,316.227835432034,318.55478216296063,320.78744607628227,323.07322063692214,325.332695689331,327.50050950716314,329.7216240490855,331.919563225606,334.0284891229154,336.19225454851767,338.3352375220056,340.3921072903602,342.50602229480813,344.600690183698,346.6127249211492,348.68421377303355,350.7370180114922,352.71154813388875,354.74773130098157,356.7647151186709,358.7088915195893,360.71634197782595,362.7028482678809,364.6235533459907,366.6082280227099,368.5704333638963,370.4727472670656,372.4401841487903,374.38525437639254,376.27279291086575,378.2285209337247,380.1619402310695,382.04013988025827
T22000logg3.0,301.1593867200341,294.12581769271196,285.30917342231527,277.77372264469784,272.1786412815199,265.25470531146493,259.4022841174899,255.08948653738017,249.81102861803708,245.42262432804716,242.24306077374044,238.3862854788381,235.2633226983883,233.07762051667635,230.44153601472416,228.4052008819661,227.08436835645736,225.48908716478846,224.37893096073995,223.8042519160741,223.08921849627583,222.76162994914432,222.82431094148143,222.8463606093308,223.1729537340783,223.77359973713453,224.40535261585225,225.271856749856,226.32025129196933,227.44933958069376,228.75518307504458,230.17053922100857,231.69927703490376,233.35719821521732,235.068324113309,236.9128813483298,238.84790632579023,240.79278072815998,242.88128755578006,245.02876899499662,247.15322276675778,249.4233522253078,251.72697615842722,253.983220954062,256.3805495458803,258.79107830010685,261.13677408572914,263.6140417866533,266.0887873755404,268.48671131545734,271.00347994260574,273.5058647427837,275.92370027698473,278.4458419997868,280.945077989663,283.3553344274992,285.8549722528615,288.32619805843746,290.7064991684914,293.1622898831881,295.5868467461781,297.92029934732335,300.31757934677523,302.6831627710665,304.95865662494725,307.28948742834626,309.59003153274574,311.80220859834486,314.06473510125727,316.299528658326,318.4480493216564,320.64500176808394,322.8170822071777,324.90519061391774,327.0419776404065,329.15642034777755,331.18943215981,333.27259885963673,335.33524943708176,337.3195048712863,339.35597419816105,341.37286801744705,343.3152757713324,345.3120462352465,347.28904023900884,349.1968309552983,351.1606844115025,353.10339843558995,354.98359024959717,356.92084574530253,358.83593148525006,360.69368074149065,362.61011177268256,364.5051579277109,366.343839231349,368.2448276059177,370.12583727085314,371.9499198495612,373.84077744270985,375.7112611195745,377.5277518086191
T22000logg3.2,320.0469786853457,312.90995450107204,303.9789172138251,296.28387776756165,290.54845988032116,283.459568517967,277.4114811614444,272.93067860425305,267.45078287761294,262.84171309156,259.4742877622444,255.39084704856828,252.0309962456034,249.6439836481682,246.76494710944058,244.48244394625718,242.95207727019405,241.1044400337568,239.74409437832878,238.955762689012,237.98420968509538,237.40644193810786,237.25461300528417,237.0201645357452,237.09978533115088,237.4877510736391,237.86634270894749,238.4914887227301,239.3311349304952,240.21277418715508,241.2844922623813,242.49654435128957,243.7850786879145,245.21705504492107,246.73127982997224,248.34369835676054,250.06131654440532,251.81615857859848,253.68091679559063,255.61949621617174,257.56092293706473,259.6156630427924,261.7185179967315,263.79861062203724,265.9885592494202,268.205930975679,270.38209348128623,272.65957376980805,274.948188691963,277.1828674489647,279.50695894806046,281.8296899683597,284.09025418635275,286.4265047489794,288.75219105249187,291.0109579709773,293.33122398648806,295.6346931325275,297.8691176803618,300.15185701857246,302.41429443299256,304.60743524848976,306.8379543019023,309.04703724361417,311.1877979314304,313.3581266470023,315.50772026875325,317.5906794908922,319.69871465578194,321.7878430209723,323.8123516057124,325.8603465911794,327.89156641076454,329.8604352655607,331.85321521583455,333.8310440615843,335.7491219652646,337.692692149254,339.622492487316,341.4957222080602,343.3965738971366,345.2839750867298,347.1189284020146,348.98370762659175,350.8342865454655,352.63784999777977,354.47303297084443,356.291948844599,358.0710453518696,359.8826981567752,361.67521912335843,363.43592433273113,365.2296065895023,367.00226097187044,368.74858382887317,370.52949160429756,372.28918293950846,374.02428474919026,375.79752267878354,377.5498978258408,379.27818598836126
T22000logg3.4,377.131068673712,369.42501351231124,359.78457983179123,351.4090308587653,345.108891269762,337.31990379462,330.6027529776818,325.5654533759084,319.3992937971666,314.13639569863534,310.2237621771508,305.47133129809924,301.47564901058774,298.5569602238669,295.0284294226529,292.12972783165924,290.0825925338895,287.6062997791599,285.6504702359544,284.3612284062862,282.7828541020779,281.6309790056577,280.9946960241492,280.1756231989671,279.70267128851646,279.62285341437564,279.4391175225842,279.53329696476175,279.9219875214816,280.2637062232961,280.826049355787,281.6040425136566,282.3749283658013,283.3187495306656,284.415582607239,285.5320582155168,286.78197489506465,288.1355523858868,289.525126228075,291.01529866341946,292.5706855294736,294.1695787486685,295.8417374305373,297.54972179839325,299.30134789463267,301.10376261644075,302.9201141086172,304.77465966382124,306.6619367100679,308.5473510502046,310.4618118320478,312.3948762931124,314.3150892324596,316.2531866189312,318.1991970766,320.12511209748504,322.05720458390556,323.98966114366925,325.8976325694017,327.80103818102305,329.7001653232565,331.5724942189132,333.43177645226876,335.2846834310213,337.10989713785466,338.9167031943088,340.7171052057945,342.489668653972,344.241863481656,345.9888657057085,347.7083552077953,349.40838280421417,351.10480748045404,352.7744549925411,354.4274770138312,356.0782025279614,357.70340094175555,359.3158063475946,360.9264529741386,362.51371084468894,364.09224919577224,365.6685435292608,367.22494732970915,368.7763903362447,370.32376112910595,371.8566911479377,373.3875188100359,374.91159510629035,376.42760740886223,377.9437512695573,379.4517881651894,380.95482328686785,382.4616386689381,383.9617883543043,385.45396040488987,386.95639812346076,388.4547751348399,389.93968424198124,391.44256238607903,392.9422451609741,394.42639761695256
T22000logg3.6,381.17320151626507,374.1834684580539,365.46223818810125,357.8600835782104,352.15912705921096,345.1372512869124,339.0615314841462,334.5209751294446,328.9918403925155,324.2575084800742,320.75262470942414,316.52606459844606,312.96267311334225,310.37487117840084,307.27750433340015,304.72931526581516,302.94715130553175,300.82143103947817,299.1467959997487,298.0662852281263,296.77002573576675,295.84078008371404,295.3655077011712,294.7705690660365,294.4709239802424,294.5118691899432,294.50338727161454,294.72955143144674,295.2052926624908,295.6812348474197,296.3409550890625,297.1778228123611,298.0484443123145,299.0606156000453,300.19282705983403,301.3800829115797,302.6740410547804,304.043480582443,305.47960844377326,306.99353079010393,308.54870059332427,310.17403588222805,311.8531421145314,313.5478838052785,315.3094785107195,317.1051599164305,318.89801735162916,320.74935279873307,322.61901753833104,324.47321138167115,326.3742400819208,328.2813653558663,330.1649529957762,332.08203491631366,333.9960707385968,335.8820445525025,337.7879280572971,339.6845035892643,341.55114339824485,343.42532347756793,345.28655483778437,347.1178136413963,348.9465765465243,350.7610604008576,352.5466868844005,354.3229072778428,356.08526812509535,357.8205178466925,359.54265037364604,361.25238237483745,362.9370468891466,364.60757908498624,366.26750972330734,367.9044795430545,369.52822355746014,371.14290916598605,372.73700834075584,374.3199004027714,375.89462481645677,377.451687058371,379.00000921510457,380.540235819764,382.0665523989536,383.58664619981437,385.09774108634997,386.5998169020897,388.09784770954957,389.58485252199733,391.0690683828889,392.550730094777,394.01803993833073,395.4905476255472,396.960981556433,398.41279417881657,399.87905024658323,401.3430217575333,402.78483087602,404.2485203144356,405.71069328642136,407.14939075006464,408.612734094958
T22000logg3.8,423.5299093418052,416.91428121643264,408.63291714158754,401.39071959662607,395.9666070501396,389.26324906143753,383.44044883866593,379.0929238524071,373.7802766581305,369.2090997620783,365.8258440323294,361.73074172151894,358.25571371832615,355.72911502346744,352.6923725290063,350.1703032018501,348.3983398015854,346.2745646476323,344.57460783275553,343.46157105869935,342.1190180801407,341.1223057108708,340.5790986122282,339.89869861379043,339.49752146616686,339.44158783073493,339.31627845438993,339.4137058365329,339.7692551176184,340.10361041409874,340.61325165036357,341.3115036635048,342.0213931797493,342.86702141733497,343.8463372221654,344.8583463321419,345.9732831176608,347.17897758287063,348.4290296477766,349.75457351031,351.13789415220754,352.5692814073127,354.0531887824842,355.57024858225356,357.1324387521738,358.7281321241321,360.33933913903127,361.9877295605124,363.6542753136598,365.3244034403864,367.02054243048195,368.7227796109098,370.4212055505419,372.13283591154214,373.84150850580284,375.542472810684,377.24366411582434,378.935601266543,380.618534838135,382.28991096306606,383.94831459916094,385.598203950325,387.2270575332585,388.84142904723467,390.4488693203098,392.02871327235005,393.5942331280829,395.1549920188019,396.6845701238446,398.200952090466,399.71507091687033,401.19689595342703,402.6670043706589,404.1373966211083,405.57617944471843,407.0045138145412,408.4358414807026,409.8372872564559,411.228939373859,412.6267710484549,413.9968868805403,415.3570684947757,416.72735767557066,418.07218378358414,419.40601377730275,420.7548339314706,422.08024385515523,423.3925447803378,424.7258268526632,426.0372506930867,427.33228258946235,428.6556434418025,429.95798631245145,431.2394300544903,432.55821323857185,433.855989261208,435.1282228291703,436.4465874889,437.74416177166177,439.0132585990955,440.33361756522436
T22000logg4.0,482.7942116645132,476.34802350325447,468.29298929836483,461.2250459716744,455.8986261676809,449.32889503702756,443.59807341981957,439.2873168049516,434.0303745201053,429.4821480094121,426.08412716746284,421.97930858639245,418.46946821457436,415.88462139824657,412.78357718516065,410.1785756502248,408.31179021602173,406.0783125244988,404.25548960273466,403.016963439135,401.5272972164188,400.374892110698,399.68067218760496,398.82267454767964,398.2390878901962,398.0111174809333,397.6837680091228,397.5774750725511,397.7440142490717,397.8572516599699,398.1465551952691,398.64240833067254,399.1166481634104,399.729307737748,400.49592066038934,401.26150785646547,402.1340729594515,403.11929641634947,404.11518671323427,405.19155459874844,406.34869223805856,407.52054416938756,408.7504705095819,410.0372265365311,411.3363058471832,412.6747371158394,414.05273776895854,415.43586366203425,416.84304018736583,418.2780224444416,419.70779187693495,421.1495468576687,422.6117272131085,424.0568797271618,425.5048859003363,426.9693121212646,428.4048404894653,429.8368329518473,431.28375592426187,432.69120965405807,434.0912371286033,435.5064471412818,436.8739910613185,438.2323319200629,439.60720438882595,440.92911879242683,442.24150368646167,443.5725226722873,444.8480743145848,446.1146960125667,447.4022655558928,448.63423061173216,449.85808640292316,451.10545863463744,452.29866835392795,453.4842275983998,454.6964128949213,455.85663697000615,457.0089554523876,458.1917848667655,459.3250030745181,460.44910558769936,461.6087632417539,462.72084437835645,463.8215072301781,464.9642085821439,466.0607190831437,467.1422786271519,468.2740867332938,469.3601127141902,470.4266270092236,471.5529254777021,472.63298115323676,473.6901409421745,474.81379840371574,475.8920610137001,476.94702494835565,478.0689917073355,479.1495638781213,480.20867012850766,481.33065106626225
T23000logg2.6,303.4272754413686,299.4202929148787,294.5072458250098,290.5023124285518,287.66147180059716,284.2493496038308,281.5733415808908,279.7561077475677,277.62866964547436,276.09044350725605,275.1637734939868,274.1280976653234,273.55678153156094,273.39836063727705,273.2831705173413,273.5266045493393,274.02468084879496,274.6780925258437,275.60096217773525,276.65371406261573,277.9412696559287,279.423530092698,280.9385682365,282.741545407141,284.67692271330003,286.57072102752625,288.7845292404685,291.07937075005515,293.2769218866363,295.8103123630568,298.3831512443189,300.8180806272341,303.59279387096433,306.37402550605924,308.9887567713928,311.93888677311446,314.87000189838477,317.61548067885235,320.6860485011479,323.7182466278057,326.5530286451901,329.6982547782856,332.7909199355091,335.68002733148506,338.86184440913905,341.98135061823194,344.8953377117067,348.08242108905785,351.20104265913125,354.1151585226041,357.2818625886298,360.3767200278599,363.2701653176436,366.39553869335725,369.4478334266977,372.3032697358302,375.3705859217882,378.36529204431116,381.16868431650505,384.16526677048796,387.0911356253917,389.83185253955946,392.7492100482992,395.59897860662215,398.2700570639995,401.10416006564975,403.87480329875274,406.47325976565094,409.2245643361972,411.91701657788116,414.4436739535897,417.1161821298231,419.73437976318814,422.1928992115068,424.7928180279006,427.3424746542109,429.738289256677,432.2728552963655,434.7604920282513,437.0999747080378,439.576775519816,442.0092144166514,444.29918816526083,446.7258582420244,449.1099507480128,451.35740484284554,453.7413721580757,456.0839471803298,458.29555693335726,460.64379057367773,462.95103997856955,465.13331539032515,467.4521286002366,469.7284893897728,471.88863737595614,474.1837561088895,476.43389402739047,478.5780634808521,480.85483006559986,483.0841951286785,485.21720192335795
T23000logg2.8,267.45747512546876,261.49157451834367,254.11382108297204,247.90858196247459,243.3181184910402,237.73041852603032,233.10991526459247,229.737262960212,225.69443461108662,222.4422740135051,220.1384636346174,217.4201728518614,215.3416263243993,213.96847094369448,212.37813023754543,211.29888184730115,210.7292445763841,210.0918492599443,209.85639949010817,209.97395729851536,210.13430271940524,210.6043165745383,211.30310723788077,212.1235019828715,213.1759444599615,214.359652416957,215.7183603365292,217.24452217577357,218.82635026233496,220.61682954838426,222.52174073108915,224.4245232498722,226.55494376085318,228.75704289596115,230.91347156403867,233.30602659055944,235.73615757506468,238.08832915526733,240.67714468289836,243.27642842799077,245.77436242880526,248.50307040541395,251.2209928676569,253.82120388246508,256.64129219334694,259.43430884926755,262.0987386754356,264.96856225910756,267.7993148053205,270.4947994905616,273.3790342496984,276.2157449678182,278.9136494120116,281.7826168257887,284.5986069989774,287.27461084897527,290.10412164138916,292.87787400162824,295.51215822337787,298.28371781457554,300.999106711677,303.57672737121914,306.2777723437931,308.92432824292257,311.4355308726694,314.0595645586236,316.6324672957312,319.0727928024362,321.61896111361557,324.118352357628,326.48801397322757,328.95968147071324,331.38916711427476,333.69167659731215,336.09463039487315,338.45970947810656,340.7003875230482,343.04136740788516,345.3481736781767,347.533256018447,349.819277999926,352.073497043605,354.2103149020159,356.44845559917815,358.65792666138077,360.75182326717146,362.9489709127396,365.1232964011191,367.17750209788164,369.3401395507269,371.4837656531495,373.5059488909302,375.6400498314393,377.75035593979857,379.75446021321164,381.8656547231375,383.94022289826063,385.93959254914444,388.0334452467363,390.0751545707394,392.07787782956893
T23000logg3.0,287.4543817681834,280.7957096467515,272.49038200734253,265.43876434403927,260.18956987753666,253.73299204164135,248.32077252773135,244.32620015192595,239.47374672414503,235.48478727028538,232.59725442740017,229.1278614975652,226.36647154800337,224.44809753929746,222.16330468150866,220.45330980912723,219.37643146847398,218.09873828152763,217.28220477079364,216.92937793631495,216.50053662959763,216.43630434443725,216.70003252849003,216.97925850828756,217.54145450468036,218.32374006727488,219.18614431603964,220.26310809366458,221.47528831252643,222.81115904628368,224.30501432245623,225.86799516133038,227.582368449702,229.40856783348926,231.25294609723204,233.26470723252925,235.3509507675855,237.41653611816398,239.65645055209404,241.94064385632998,244.17502540818379,246.58321765631436,249.01138845321861,251.36838584020367,253.89261238879232,256.417653928014,258.85638678410106,261.45135466777094,264.03245483606014,266.5169821644,269.1439358219243,271.7461728879356,274.2453240284173,276.8716552688626,279.4657148073255,281.95301792481484,284.5521153359783,287.1143316050951,289.56822090055834,292.11967592821316,294.63229144355694,297.0364829399311,299.5263399124119,301.97772797607513,304.3215468722462,306.7423475362584,309.12689463869174,311.4052966533839,313.75553534371807,316.07283771309585,318.28568639418563,320.56830835862394,322.82161625508314,324.97230331118595,327.19287380843815,329.3874269152602,331.4813553670107,333.6464967666526,335.78815930598137,337.83180618272775,339.9484663039012,342.0431586990945,344.0436320743735,346.1188033656492,348.1746835343762,350.13693939189824,352.1773580518399,354.20449023035206,356.1310693127391,358.14295740554354,360.14562858130387,362.04394371438957,364.0329633472606,366.008561173866,367.89201329452743,369.8634102585214,371.8094032960058,373.690793621231,375.64973675336194,377.5684904827344,379.45576760327657
T23000logg3.2,298.64733064766733,292.01896779131397,283.71385520672453,276.644504125987,271.3726204123634,264.8537156902464,259.37042625758477,255.31123083766164,250.34909399445843,246.24866336877508,243.26399558150268,239.64975117961473,236.7469726475015,234.70680556333548,232.25200952637974,230.3793003127538,229.16256886880842,227.6976060459284,226.70384249869696,226.1984993273581,225.57150638142582,225.32110699333282,225.42419055421078,225.49946185509674,225.87099900669912,226.4882290834156,227.14490822907155,228.0302638927359,229.07600247551022,230.20742702557212,231.51131468834598,232.9087439320033,234.42211311866873,236.0618287538212,237.74320665365462,239.55882684819397,241.46314414733277,243.36928059737176,245.4186018808761,247.52593354108382,249.60496402995994,251.82842159540516,254.08498536213,256.2910140079926,258.6364839723893,260.9952088798204,263.2875007860062,265.70967520011135,268.12970886796575,270.47242196790336,272.932535973849,275.37895740656313,277.7410416779308,280.2064666119583,282.64999055955104,285.0051175566392,287.4493293382633,289.8664361935734,292.19327720319563,294.59606416219003,296.96920047431036,299.251724391351,301.59929273200447,303.9169447188733,306.14463516610004,308.42954831649007,310.68599958293413,312.8538117668297,315.0743250865087,317.26878381078546,319.37634597267873,321.5348864377161,323.6699088217788,325.72021779230954,327.82166605563486,329.90169378992374,331.89978616877255,333.9502170873528,335.9803274885397,337.93254444846514,339.93847834014,341.92431256242986,343.83733239338926,345.80544768102226,347.7550210047815,349.63340380898853,351.57018489987763,353.4925245354797,355.33941507529784,357.2509006067793,359.1530557221913,360.9727786106292,362.8644806654857,364.7475234654036,366.54955684640964,368.4266197547217,370.2873915567058,372.08495047229746,373.9523708072569,375.79023184717755,377.5938811343899
T23000logg3.4,318.0859971667997,311.5546992387031,303.33151543779866,296.30843657031295,291.0765943281169,284.57339907510146,279.07941373940054,275.0129350589088,270.0133457905564,265.85676351019316,262.8262083047883,259.13247457190454,256.1377670765499,254.0206220168704,251.45337249074876,249.46090739336097,248.14245785091168,246.5397540953108,245.40516951260764,244.7788795319983,243.99528992715832,243.5885856618652,243.55613754827323,243.46124188517882,243.66555677877628,244.13656937030925,244.61386582722503,245.32487921685566,246.21703989333733,247.16352802735616,248.28902449979313,249.52824623078507,250.8538725941158,252.31336246026515,253.83395659988878,255.4609634964728,257.1847731739265,258.92906956943654,260.7903229656561,262.71798111207636,264.63525303722963,266.67217322663294,268.750577643394,270.7957023204595,272.95672951587983,275.1391740927763,277.27193416173435,279.5120735877813,281.75786170219715,283.9427377168306,286.2233884908246,288.49768395701483,290.7038640983723,292.99258586898725,295.26624682932646,297.4676820555452,299.73819585717007,301.98789460285116,304.1635588057351,306.39594016574523,308.6044101957851,310.73868265208534,312.9195457908655,315.0756908899787,317.15844203340606,319.2806790394882,321.3790818060761,323.40556915737005,325.46757001972594,327.50751530257526,329.47750916724385,331.48165295475656,333.4656743723459,335.38217485866096,337.33323170965974,339.2656087617276,341.1336630193334,343.037543550285,344.9233093565824,346.7490744749266,348.6121457576422,350.4564195366065,352.24684982108704,354.07563199427005,355.88494123359266,357.6458431551084,359.4466967420759,361.2297439297414,362.9643810494127,364.7432328812874,366.5082145934988,368.219546769651,369.9817947914426,371.73425391958267,373.42703900745545,375.1776703964473,376.91789267283326,378.60155845496007,380.3453939386847,382.0712174170695,383.757514107621
T23000logg3.6,353.26975437189253,346.58783321602914,338.1636013983764,330.95243130421323,325.5440901249209,318.8076501028266,313.09797150226177,308.83526938018747,303.5788725424665,299.1864052769955,295.9451075440484,291.9781877114708,288.73351571415304,286.39546258729314,283.544439044001,281.29292751562383,279.74702156012546,277.85464583267026,276.45595049023285,275.59859744361955,274.5230802747553,273.85041707234035,273.5856969544802,273.19956259596006,273.13869435029255,273.3781984628453,273.5673106406276,274.0159583862238,274.67890536148286,275.3419570173982,276.2094137473652,277.2228543626867,278.2709635969984,279.4777109172166,280.77668025254405,282.1327816156876,283.609782494673,285.1370802515098,286.73446143325475,288.42156479367327,290.1266845113213,291.90684299354837,293.7509924929775,295.5888057735384,297.5000546519639,299.4544133540464,301.38455129458004,303.38163620131456,305.4052817308101,307.3919935748264,309.4359743506578,311.49381916081586,313.50605899656296,315.56426283848026,317.6270446928769,319.6386484659219,321.6846584290565,323.72897760360235,325.71891046391596,327.73279937308155,329.74150440051073,331.69415076831035,333.6626026760803,335.624675362192,337.53003687542497,339.4460511314294,341.35608041250936,343.20956121279505,345.07149756246474,346.9286516720567,348.73006715543454,350.54013493765575,352.3465987955933,354.09898390802823,355.8616592535024,357.6213043225175,359.3295848604161,361.05040608415686,362.76760458422456,364.43804361255127,366.1230088907353,367.8037741504777,369.4418078072867,371.09701583937635,372.75081256915763,374.3586520687353,375.9900618565752,377.62709146109586,379.20586840213684,380.8190370872672,382.4435579497973,383.99958585515503,385.5995662133014,387.2090206766196,388.7546684346886,390.34621020210676,391.93810532712945,393.48525775977953,395.0729951923789,396.648930067799,398.20528534488585
T23000logg3.8,374.1523445434017,367.9924985985888,360.2125700733434,353.5266695640005,348.54026315288104,342.31854720122095,337.0232031569065,333.0950076041399,328.24281310489073,324.1702046266275,321.18758783445264,317.53094427253694,314.52596759214555,312.3811532631615,309.76081865288904,307.68115028226975,306.2721991004074,304.54315044068005,303.25899881016187,302.4904030997175,301.52150288267393,300.9152513458143,300.69827152101766,300.3712175005671,300.3364880821794,300.5890496954698,300.7977340039157,301.23916642174225,301.886197717276,302.5363173600424,303.369133405273,304.3426945920338,305.35135454179965,306.50110351775606,307.74058538867354,309.0356665085229,310.4373749988331,311.8891360478866,313.40790636232094,315.00469175164847,316.6211672342039,318.3084347368862,320.0499933118613,321.7885859668902,323.5954326789616,325.43711041801834,327.25952866798275,329.1429034244179,331.0455824092819,332.91785496519867,334.84075550155296,336.77098715965957,338.66369862604375,340.59523229409297,342.52526011532666,344.4137228883594,346.32907747042805,348.23693186718566,350.1014584208512,351.98210902165874,353.8517881000595,355.6779876852228,357.51176095254004,359.3332149088368,361.1121342987629,362.8929279899378,364.66169464406556,366.3893457110947,368.1161401290971,369.83202559898024,371.5086246749439,373.18397469451463,374.8496370544037,376.47834420039476,378.10695566875165,379.72668717849376,381.3124803488304,382.9001256038587,384.47889843374827,386.02781165836956,387.5806470511354,389.1235595051529,390.6421525264335,392.1663678567775,393.6783122328177,395.1734279577095,396.6750055053651,398.16164793324424,399.63894721652275,401.12348872183543,402.5926755555585,404.0548938740091,405.52749409107395,406.9877415826638,408.4360965159807,409.90145890415636,411.35785240614223,412.796449791956,414.25913304727214,415.71270015095445,417.14952340248794
T23000logg4.0,414.34257212095235,408.53478510252694,401.2633755235048,394.9719274464026,390.2559988824345,384.42508887461844,379.42597344178444,375.6975639974453,371.13633865301273,367.2766554770019,364.4329180491009,360.9829408013903,358.12063123647016,356.0625446775308,353.5778739587126,351.58164871603924,350.2148437520194,348.5617346212359,347.31128190016716,346.54690508561254,345.6039523533179,344.98980748593743,344.74498023545107,344.4022901759863,344.32515530305193,344.523015596771,344.68177566879166,345.0524314915242,345.62252738736277,346.1947631496902,346.9336947031947,347.8121321932853,348.72023226525795,349.75736857520906,350.8869795763882,352.06338470122466,353.337572955673,354.66776605330944,356.053596974916,357.5110623721023,358.99679318540575,360.5399625417309,362.1329173558545,363.73367999184836,365.3878188087338,367.07367892356,368.75294568593876,370.4771181666506,372.21849129926204,373.9437863244266,375.70276370831795,377.4676523984467,379.2108614551406,380.97529672559403,382.7372631629369,384.4749048833311,386.22140785994293,387.9597408593928,389.67329145645215,391.3846916052161,393.0845874553801,394.7608115960429,396.4261829740635,398.07864067324743,399.7095761181579,401.3236952783345,402.92496445074823,404.507251778591,406.06960340624863,407.6198754417523,409.15414719186685,410.66756813172026,412.1696733225947,413.65933049213356,415.128598148272,416.58679610995114,418.03687004632485,419.4676361537893,420.8866569313781,422.30310429656174,423.701274280746,425.08589723649214,426.47507621117677,427.84651972459903,429.20129079322146,430.56976727981623,431.9201362103412,433.250979793579,434.6034613426242,435.9379646057225,437.2529138806942,438.59115403195005,439.91448648392907,441.22128827755927,442.54649783799744,443.86301950198265,445.1671781749768,446.48234505991854,447.7962871174716,449.10096446865043,450.4112675994774
T23000logg4.2,467.4853001439834,462.08759165394787,455.23708227131044,449.33490306319015,444.9277736873586,439.39765490133004,434.6762026716327,431.1688502775206,426.80690325591615,423.13046420434705,420.4325088357973,417.09647360731566,414.33768976958345,412.36099264375173,409.9185926108214,407.9588709084069,406.6186469733984,404.94815029042945,403.6783821512213,402.89436495741086,401.88486274801244,401.2053050123783,400.9021812850166,400.4527673689282,400.2725146375908,400.38007897644707,400.39972580311826,400.6368356758004,401.0904879389932,401.4979647627811,402.07926138932083,402.820275174634,403.5438364578647,404.40462185815375,405.38027981483896,406.35720359361846,407.4407773242973,408.60422973771296,409.7795745903236,411.03577630330585,412.34503842930644,413.66983122238366,415.05372796105337,416.4707376339888,417.9011013429863,419.3724395670941,420.86268702644554,422.35974821634795,423.88307058280566,425.41578251513295,426.94596948266644,428.4908315548122,430.0393123623852,431.57465819720744,433.115968462645,434.6580400366078,436.1764462976146,437.69464030939713,439.2130274599714,440.6984051915376,442.17960962988593,443.6621138162103,445.10437584605717,446.540481482327,447.97978934826693,449.3743300664779,450.761889097011,452.15539988660083,453.5020193975311,454.8413372953312,456.19016247493016,457.49181199863744,458.7856915954762,460.09357129991787,461.35505486822353,462.6075333624733,463.8798330915933,465.1066774244065,466.3221338515243,467.5649294905339,468.76274024454506,469.94605594139017,471.16516000245883,472.3394575850442,473.4986916790923,474.69658375797064,475.8525771734162,476.9972032143378,478.17424990271024,479.31663261203994,480.45381634277555,481.6118094544976,482.74482472817385,483.8790742854973,485.02173095095225,486.1493233195399,487.2811618600043,488.41575936843583,489.54179147534995,490.66963794921946,491.8054775218842
T24000logg2.8,273.21418126558115,267.33877265510546,260.14629931743,254.1252694925983,249.61105409112406,244.17890007404077,239.7129075783164,236.40413880532174,232.49112169412652,229.367446902217,227.116629268742,224.50564740306925,222.53255146865158,221.20255796924243,219.6995496991508,218.70519863068105,218.1696560031128,217.60167634453705,217.43272440116291,217.57594634047703,217.7895361516975,218.30958159808517,219.02619709118133,219.8853008961555,220.9731757105913,222.16750498201202,223.55189015657143,225.10059719487407,226.68645018200283,228.49104808114222,230.40736646403224,232.30831336011798,234.44292019737148,236.6470347573025,238.7965904032572,241.18495489792127,243.6093648113397,245.95046907843857,248.52836332263328,251.11596013464919,253.59959351909814,256.31234958012516,259.0143771042,261.5979974302397,264.39883740323114,267.17359174186765,269.8201696941785,272.66930511230174,275.48130644627565,278.158770931682,281.0225833978903,283.84178676435187,286.5225346679788,289.37283167190697,292.17409524935476,294.83471991662225,297.6485019391874,300.41157579123654,303.0329786523083,305.79262677319315,308.502365666669,311.0700160281916,313.7634716038042,316.41000271251625,318.91419845864135,321.53504809778417,324.113786167629,326.5496818695907,329.0967441003467,331.6078921645686,333.9747425151338,336.4507171985045,338.8970026869491,341.19779801173206,343.6075966127157,345.99471166724567,348.2329757186052,350.58245046572597,352.92197046240517,355.0969538906665,357.39234161495153,359.68487125188665,361.80769397659554,364.05544571795065,366.29329523410524,368.38379646483475,370.5902915543898,372.7710189193881,374.84363126666585,377.01491399721544,379.14231465769984,381.2046437112382,383.3463235309538,385.4262480200938,387.48318113701635,389.6005636064868,391.63902493759247,393.6949942966246,395.7934268589206,397.79718029442876,399.85612997711934
T24000logg3.0,274.244956117197,267.9853431932008,260.20642043093824,253.6351735518606,248.75522845689363,242.77699624912393,237.80098662200183,234.14656984622474,229.72764066319183,226.1335666961953,223.55819869020783,220.48063827412392,218.07559803147507,216.44262416756246,214.51108199036608,213.121659682649,212.3047445020448,211.34458307786915,210.81554189658328,210.6986927242233,210.55465928185134,210.7476216757745,211.22496616080116,211.75904793281626,212.55070857532087,213.52585641940234,214.6159236499798,215.8972845153142,217.28334440613497,218.82251020200528,220.4983661099795,222.2181141619563,224.1142357639041,226.1027333240384,228.08873687513744,230.26351490707594,232.4949851055764,234.68902135241274,237.07590075421382,239.4907513682685,241.842304506909,244.38383286014417,246.930343762544,249.3949450090478,252.04106174258624,254.67414562042916,257.2124499174294,259.9197693382413,262.60037232293064,265.1777884607337,267.9091960799811,270.60390671575885,273.1904225558292,275.91466210737866,278.5954081878694,281.16552508148936,283.85708107452126,286.50119068409924,289.03412204775344,291.6734157442768,294.2638509980619,296.7438628427228,299.3175030166439,301.84313826974005,304.2599487389606,306.7609536815575,309.2165892213515,311.56546653814536,313.9927029129823,316.37827497429294,318.65936589254466,321.0161497689486,323.3352305079173,325.5521455391199,327.8443008072255,330.10204828916454,332.26064723305024,334.4949859574483,336.6972341323508,338.8042592698673,340.9878102376229,343.14342483439873,345.2031240377517,347.3429083850076,349.4611860894388,351.4774043615331,353.5801744879006,355.6675401815337,357.646461693516,359.71844823609774,361.77291808732747,363.72820356491076,365.775042489801,367.7924643089416,369.73900834487574,371.7659101492542,373.7470676105787,375.6943156973268,377.7064623213467,379.65657082769917,381.6096595648393
T24000logg3.2,268.0366123747544,262.2487438139996,255.04800752402252,248.96242669469743,244.45608630426352,238.93305408638994,234.33669377406292,230.973172791184,226.90802495076812,223.60629496574632,221.25263856714918,218.44563339983407,216.26145110305868,214.79273870220655,213.0638480953163,211.83715672137268,211.13719971395486,210.3246571713676,209.91129955711932,209.87269473303212,209.83179445606112,210.10259303852112,210.62677145590357,211.22858280581826,212.06820034057938,213.06520367835708,214.19527875336155,215.50129626399388,216.88966298607457,218.4473354951283,220.12987091928062,221.83685745596412,223.7349670403165,225.71634188311225,227.6780718539149,229.84204765326544,232.05565586393203,234.21657075129255,236.58261470475742,238.97115724801205,241.28279869386046,243.795712131074,246.30937758609966,248.72903899518755,251.3407309854568,253.9361170518643,256.4260676323987,259.09494874576103,261.73454842849793,264.26170601933154,266.952292568394,269.60409572185824,272.13983172400276,274.8223177959079,277.4595177284749,279.9795839796644,282.62977629700475,285.23087410962955,287.7156452547801,290.3151993908567,292.86425339106495,295.2990515216751,297.83560263202213,300.32231706644245,302.6976265511487,305.16473145076293,307.5842311321661,309.89564010845623,312.29214673774374,314.64415062142757,316.89161117016585,319.22028157617467,321.50767158366085,323.69429963007497,325.96020135457286,328.1876260088525,330.3184458635096,332.5277688164932,334.70050955130534,336.78177295601995,338.94113685320394,341.0648408401928,343.1032563470932,345.2194084235511,347.3017744692171,349.3022546711815,351.3817824272429,353.4315353409813,355.39763091227024,357.4467141963155,359.47114194730005,361.40712261887893,363.4314508645352,365.4323803428338,367.3471682360099,369.3520147994865,371.3265195236002,373.23320326299915,375.2236485591679,377.17095512702025,379.08028539443296
T24000logg3.4,292.3998143254274,286.3351298153308,278.773287921001,272.3577506182354,267.56306221845387,261.6685314494449,256.73327872482344,253.07563409405896,248.63558319120585,244.99214603036063,242.3432701959729,239.16343159179445,236.63946626274412,234.87810392796075,232.782452696041,231.22138239462566,230.2340739264182,229.06377296885825,228.32414665299956,228.0056196425632,227.61824949450076,227.57293414840507,227.8262087338232,228.09433481027466,228.62932110971698,229.3654469577829,230.175557784487,231.1893357847783,232.32750048413996,233.57946510623634,234.9825641348962,236.450239843755,238.0567832439673,239.77135790309882,241.50443663056586,243.3904761997392,245.34943011529342,247.29185225560235,249.39283603274308,251.53812182820232,253.64072226170944,255.90048382799245,258.18134265098945,260.40052780373065,262.7698024664501,265.14169155577906,267.4386744582389,269.87452618737075,272.29868997027825,274.6392360863748,277.10483538900127,279.5481167632646,281.9025448209538,284.3670335645197,286.80175288651424,289.14502092777116,291.5834231228903,293.9874994898664,296.299365681213,298.6927859754095,301.04989527984185,303.3153025836439,305.6510852660286,307.95074227272494,310.16006178498213,312.4316638140892,314.6689146925694,316.81773509175696,319.02388984935186,321.1982519835998,323.2866131302306,325.42992318724134,327.54399724090194,329.57514694660665,331.6605222163183,333.7185259927412,335.69778667620693,337.7312634841371,339.74019239116205,341.6719956145592,343.6600732608041,345.63053484070826,347.5165583591158,349.4658360869287,351.40768271866364,353.25054089099336,355.1674212007639,357.08138009935135,358.89240513367105,360.7828551949568,362.66397476738547,364.4594003174464,366.32890122265263,368.17574516865,369.9674976663711,371.821135836001,373.63689835653895,375.4317028047947,377.27439138307295,379.06423099578114,380.86668245598304
T24000logg3.6,309.6491083240578,303.81165642523695,296.50495338032107,290.29659421609404,285.66096208987096,279.93728292264615,275.135985203667,271.5795565184066,267.2408601264643,263.67105786665695,261.07484281315817,257.9395411365871,255.43993267533682,253.6908354969175,251.59368240995394,250.01714524038283,249.00887517955118,247.80019781069012,247.0131891938647,246.64661179381042,246.19152299228952,246.07354579962828,246.256975055908,246.43449146947316,246.87720235258143,247.52629466188907,248.22826619964894,249.1348080533183,250.17262356261554,251.3033001049971,252.58802620201791,253.94528793818358,255.42099317226334,257.00909813376575,258.62433248086654,260.3727351646763,262.19943509774794,264.0186337576175,265.9772772943697,267.9862807895643,269.96187842562426,272.0761965925357,274.21807516999456,276.30774220120736,278.5297276402247,280.7609758120616,282.92694853041877,285.21467047072065,287.4973956048223,289.70632534321794,292.02385888191105,294.3256837334579,296.5487015563395,298.86596768636696,301.15993006152536,303.3727487511819,305.66555489200914,307.9302699351281,310.1134582326087,312.36370396954675,314.5836173764683,316.72280807092756,318.91852170412,321.0837126133096,323.1698735974501,325.3049537923863,327.41077160479233,329.4398586301862,331.5132167849803,333.55927939894025,335.5314625725438,337.54564805684936,339.5344243645086,341.4528998543905,343.41261038032656,345.3480221980311,347.21802557848184,349.1290576965081,351.0164883070098,352.8436248965545,354.7122195492773,356.56042012574136,358.3477530983412,360.180265930247,361.99998232986246,363.74881635695857,365.55146417288523,367.34976736041034,369.06475398370833,370.843352598414,372.618788791717,374.3123493156638,376.07221113068294,377.8210605993888,379.50707382247066,381.2531310641499,382.97563022247505,384.66348617020583,386.4004960587763,388.10036789007984,389.79573841160635
T24000logg3.8,333.9670216693553,328.3596199598643,321.314848269943,315.32028447944845,310.84891839234444,305.3027985326871,300.6423024296412,297.1936897525958,292.962169493442,289.4721595824636,286.93566031071435,283.84918812292636,281.378816291243,279.64882716641824,277.55258214480733,275.96368072112335,274.9404970358597,273.69359001309556,272.8602726091568,272.45055139636656,271.92567232465507,271.73399283143186,271.85112260489495,271.93364000753115,272.28079489390694,272.844854405807,273.4320848939072,274.2260505512561,275.1640354368312,276.16491514594804,277.3240542993641,278.57002525324566,279.90461787664856,281.3573723199837,282.8526123414683,284.45161616876317,286.1357996062953,287.82855049960676,289.63191950475607,291.49332158447436,293.337860040903,295.2930072608169,297.28387091739245,299.23938707532653,301.29985216906823,303.3779957388708,305.40796433612877,307.5330764004953,309.66168899587257,311.7338215501661,313.8887183506986,316.0363813773644,318.1227702012905,320.2783547359908,322.4189735328364,324.4962227366467,326.6291923979935,328.74217878119276,330.79169627422976,332.8847796169276,334.9553344267906,336.963492762296,339.0054325043034,341.02419009151197,342.98255765008037,344.9677166599282,346.93032481674413,348.8352652536729,350.76278224652134,352.6689034267724,354.5207758820899,356.3932080547924,358.2451699089779,360.0472444736844,361.8691883711782,363.67069709552356,365.42817421634544,367.2052190811757,368.96129927071627,370.6797388179383,372.41788740351615,374.1369355713157,375.819326139046,377.5247119485124,379.2165989935462,380.86468384692614,382.543278292483,384.2162728927555,385.83304869974273,387.4904338148482,389.14791305934216,390.74058032341844,392.3818894524062,394.0209655070448,395.60222212531414,397.2321992222579,398.85034387448,400.43198048077477,402.0551629321802,403.65391210673135,405.2433301616904
T24000logg4.0,365.7689642085836,360.37487995835306,353.58187788619483,347.79453350549267,343.4740536351321,338.0992784950738,333.57551297649974,330.2241520616914,326.09667356740755,322.6844341745918,320.1995827190007,317.1612131147371,314.7195618566308,313.0026630728855,310.90821898738534,309.3073980377546,308.264848028506,306.9815395523223,306.10280227426375,305.6465464045078,305.05405213092115,304.78959702419206,304.83765344440627,304.8271840798977,305.07935779852875,305.55576307191507,306.02967440141595,306.71090963428117,307.54614516820686,308.41759838920865,309.44992827245915,310.58098127731,311.7735181385264,313.0884571561728,314.45912979216826,315.9064540043445,317.4444072038822,319.0050969058335,320.64953482274984,322.35831402054094,324.0650123214968,325.8558424558794,327.68929580002816,329.50258722585596,331.39488126266565,333.31215984269056,335.19670740728805,337.1510605883958,339.1164387466852,341.0409446862492,343.02351834955005,345.0064697578267,346.9438696317116,348.9264548639227,350.9016968202735,352.82941121863263,354.7895911550341,356.73733933463626,358.6375894376713,360.5589261897637,362.4651407557795,364.32501460992785,366.1969779702517,368.0529290742719,369.86466684772256,371.6822051849352,373.48398957997176,375.2444725949107,377.0070825573605,378.7546024886843,380.4645395757072,382.17494030058833,383.87058370750213,385.5334258513491,387.19620035866706,388.8435937159239,390.4645961558651,392.08525121432376,393.68953911919596,395.2739901373759,396.85838595028315,398.42847605876847,399.97858945681304,401.5326755906308,403.0786926522095,404.59564142858164,406.1252082369916,407.65533947958943,409.1418643138901,410.65230020676114,412.1693410581835,413.6328352069361,415.12905823594105,416.6299690617252,418.0829175718429,419.56950095817865,421.0521369500226,422.50565118788893,423.9870091926386,425.4529943949111,426.91418421197676
T24000logg4.2,399.59298425856076,394.7806308192135,388.69102013717946,383.51042534028466,379.66738808590634,374.8626636943802,370.82757398455635,367.8616789563957,364.1892225352634,361.1638185835755,358.9838688808774,356.30179649690973,354.1594862196177,352.6772918292261,350.85447523536936,349.47795567568824,348.609146753349,347.525240361808,346.80686642018094,346.47181915614846,346.0174289114523,345.8591110057447,345.9833819472062,346.0593527739084,346.3719834856981,346.8863947798908,347.4034714746728,348.10695008736457,348.9480351059477,349.8268367468774,350.8498465511027,351.9600658339575,353.1306842595242,354.41042164620933,355.73830995300546,357.13982793927846,358.62141565081095,360.1213826153803,361.7007782037298,363.3360969701164,364.967643803304,366.67812750559347,368.42446486919886,370.1511737594344,371.9510963721729,373.7703984609194,375.5594238046391,377.41203335995067,379.27088196355794,381.09302697147905,382.96670007737396,384.8365397814889,386.6665735991086,388.5350983267466,390.39244588364943,392.20945456065675,394.0521718709564,395.8787622683826,397.66652110979567,399.4685196103678,401.2516410629736,402.99856274365993,404.7505660689261,406.4826736846522,408.1820048335444,409.8799295343197,411.5579244775673,413.2073177787671,414.8511799343081,416.475402859739,418.07591003563044,419.66859176426954,421.2415599116092,422.79679855888907,424.34290101222877,425.86842140797614,427.3834562672633,428.88836524723763,430.37063147573565,431.85143494925717,433.3207510231356,434.76666853813117,436.2168918366574,437.656185782983,439.07565540803864,440.49599957325984,441.91068229904744,443.31217847610924,444.70439898221684,446.0995143794025,447.4891510131248,448.85665050239004,450.2367895535507,451.61593745392884,452.96610776288895,454.3355120732905,455.701775147415,457.0452903747503,458.4080656555825,459.7604844807141,461.10640134901985
T24000logg4.4,424.4858827352915,420.3455194906415,415.14477332024524,410.73788897415307,407.45576700917434,403.38424580524963,399.98610027217995,397.48381737160946,394.41056700520915,391.90429896974103,390.1031792986474,387.9052753631281,386.18078036629527,385.003694278613,383.5664248794681,382.52077634701374,381.89315878692327,381.11062597111436,380.6489075547926,380.499944584209,380.2754673615399,380.3107044016382,380.57376874919635,380.8191416717686,381.2719188558569,381.8847651353669,382.52046950083275,383.3193574639988,384.22483041909317,385.18015455754494,386.26153764380206,387.4078236001875,388.62041833018264,389.92817520167773,391.26887251918,392.6844242256966,394.1695561475859,395.66360081139067,397.23472842498217,398.8540393140614,400.4647432308285,402.149283951471,403.86417103796373,405.55833815521265,407.31859862477586,409.0945547939032,410.8421677332859,412.6448296637817,414.4515243339603,416.22591040435697,418.0423438286473,419.8537993128838,421.6320482364311,423.43864964036163,425.23370049002125,426.99692891507783,428.7753195337923,430.53787692870344,432.27134429657815,434.00839342183883,435.7270540562418,437.42070497724694,439.10851301118487,440.77666119666355,442.4249232604892,444.0602653611904,445.675188269572,447.27652134206295,448.8598316820319,450.4219549872549,451.97789481813777,453.51217981762926,455.0240110763449,456.53826116267874,458.0280304207701,459.4966959997732,460.9707109676249,462.4209937631505,463.8578455921107,465.28962036094185,466.7054387618537,468.1202038042164,469.50951511233126,470.89580256907436,472.2913624502282,473.64470308263276,475.0061386319556,476.3786574363387,477.7087381638838,479.0496140869873,480.3964895667529,481.7140693820666,483.03827199517747,484.3601634626466,485.6721139731146,486.9833252404072,488.28300780766347,489.5938335324748,490.89569406343253,492.176577714731,493.49009862962043
T25000logg2.8,289.06603202566345,283.85206902025595,277.53471509256474,272.28887383442986,268.35223800229176,263.67489778281066,259.87643978109054,257.0698217994765,253.80568148599602,251.2546221892525,249.43845808098828,247.38333423333154,245.8993918896706,244.94386721866158,243.91512169999444,243.33659099968548,243.12192238610984,242.9566742968659,243.13916531445494,243.55561138804552,244.10928630870654,244.9244271919922,245.87207889393457,247.0165839106835,248.35043292673214,249.73863905690942,251.3609266047281,253.11302745152412,254.86024506250538,256.86173968083045,258.9447544863369,260.97878950460904,263.2751231186438,265.6145176690347,267.8727421180181,270.3930005072928,272.9260435404071,275.3549309235115,278.0396983187223,280.71359791218606,283.2673416717886,286.06643194643755,288.836485449904,291.4755802028993,294.34645170693005,297.1748394150421,299.86523367344137,302.7721240020783,305.6271233399011,308.33972348441193,311.2528610133595,314.1080776525663,316.81827510838394,319.7130383184321,322.5467280975605,325.23396785832415,328.0904663780783,330.88530219621043,333.5329068627388,336.3358655364139,339.0789178566523,341.67408798231173,344.4129238830665,347.0958207416623,349.629767688429,352.29882719024727,354.9181112989008,357.38608803471243,359.98448769140134,362.53912523457245,364.94212311910707,367.4726510326817,369.96576786594323,372.30651147068943,374.77408443109994,377.21469205970516,379.49333723145355,381.9037679745654,384.29798196685294,386.5191300687378,388.87860071755085,391.2186823010703,393.4016407404465,395.71653943949747,397.9968854002874,400.1592696891712,402.4359090094493,404.65851293408497,406.81010781150286,409.0543261982937,411.2258620777442,413.37086325420864,415.58784398749265,417.71479688986904,419.85657016772166,422.05104231282405,424.14028853121647,426.2813128371193,428.45798908498045,430.5167737342422,432.6593933978691
T25000logg3.0,253.226559239915,247.8028487404789,241.14567757074872,235.5791761865956,231.44996554696152,226.46974336456063,222.38698193759402,219.40493144917872,215.87243283225322,213.0711713428763,211.09658075659073,208.80529387274206,207.10295646404103,206.00565817154794,204.77078819164672,204.0035074690399,203.66330802960968,203.31994179829323,203.34124019539115,203.6479048670947,204.04962411102014,204.7291140424981,205.58216568480563,206.59911680399452,207.82087475614688,209.1290091442182,210.6464656691928,212.3081488187061,213.98916672971242,215.9069065274197,217.91934765294985,219.90037751873675,222.13232102217611,224.41918001198465,226.63684449387827,229.1102408093257,231.60690494719552,234.00677709236518,236.6601798233129,239.31180794401644,241.84700466391598,244.6279142128135,247.38747806003144,250.01716439982056,252.88034513703488,255.70729058627074,258.3956725462944,261.3022812851,264.1618050727938,266.8776645868311,269.7947172812977,272.6572053866797,275.37356649114105,278.27333541189375,281.1139072165118,283.8078160191062,286.6676063855417,289.4661325423512,292.11883002839613,294.92127804232257,297.662722916127,300.26004178194887,302.99340881808257,305.66808405288873,308.20078493975313,310.85909581699303,313.46266384509715,315.92653415309917,318.5091078065768,321.0418744739535,323.4370821723562,325.94718543344777,328.4127807918405,330.74249710206993,333.185621167216,335.58927001029036,337.85851129218764,340.24102835701296,342.58884379003956,344.80321342189757,347.13177692147553,349.434684201209,351.59564386495066,353.8769957794393,356.140966916273,358.2551429240651,360.49584824987176,362.7160637330715,364.8005030811099,367.00668666603025,369.1798696093552,371.2492861196847,373.4265166285065,375.5547329596038,377.61763617164496,379.77109827833056,381.8594342652216,383.9208501269243,386.05566405692036,388.10964363649504,390.17421501733946
T25000logg3.2,249.774215441355,244.5085922312738,238.01976935394703,232.58361114365584,228.55556387143167,223.67664807662314,219.6668311667132,216.74026684173378,213.25728437618102,210.48459775177653,208.52949125159856,206.24814565407172,204.54055138844723,203.43487612260884,202.18000955197215,201.38204384165817,201.01233931465612,200.62667210593816,200.59853727899184,200.86007980207245,201.2031800695664,201.81984475955437,202.61668617390922,203.56358966589062,204.71354996176933,205.95817844194886,207.39820870291857,208.982734452594,210.5960728932468,212.4322826513654,214.36501081411308,216.27660991283454,218.42536744760886,220.63193199241053,222.78011870044233,225.17028430559932,227.58724561144487,229.91859536140916,232.48954946371563,235.0625424375484,237.5305775210336,240.23004965746168,242.911967066866,245.47582835032836,248.25845879748317,251.0084555598138,253.63218350176663,256.45894158279566,259.2418872344983,261.89408181966934,264.73178401057675,267.51780025917947,270.1713595576693,272.99217788574055,275.7563238471152,278.38835712602133,281.1697924843231,283.89214140834866,286.48414096209274,289.209198972636,291.8750488555981,294.41319828460445,297.07052888106955,299.6704478929522,302.1458091671436,304.7296355364192,307.25930498719254,309.6677771696626,312.1773534391747,314.6368033512506,316.9784952527002,319.4167842823441,321.80907512027505,324.0870799639821,326.4592430762064,328.78893056672194,331.00838397721833,333.3206186741478,335.59357622974414,337.76005603689134,340.0189719342954,342.24470941947675,344.3610133070571,346.57336548158344,348.7617962026604,350.8306097549411,353.0029754067373,355.15519272634975,357.1876569940605,359.32619208284865,361.4373480541727,363.44982504628916,365.560185422584,367.6291161430165,369.6334807728197,371.72090907897103,373.75114625836795,375.7539842617248,377.8235261206787,379.82059550776853,381.8263133259928
T25000logg3.4,273.33942755719323,267.74442292875267,260.79413520359026,254.92341870859838,250.55495315223834,245.2099810164934,240.7638533793202,237.49246764127486,233.54628102698695,230.34197004086752,228.0430219499163,225.30704800775413,223.1773943032706,221.73306375224524,220.03634289740316,218.8294871703327,218.12955291402275,217.3179133287875,216.89667375535566,216.83885806493086,216.7739683837963,217.01502497251897,217.50508830841255,218.06331979216478,218.85622261658892,219.80780524350968,220.8791892901154,222.12568116586533,223.4603546951133,224.9481104973577,226.56178629083146,228.20929479928873,230.0294103347431,231.93535206816102,233.8337727233963,235.91423338071579,238.04799334504867,240.14324412990283,242.42214936945498,244.7280050741175,246.9726412380308,249.39616432939835,251.82538197729878,254.1773135289978,256.6982396913573,259.2080701510233,261.62984501063943,264.2070610824902,266.7603550356907,269.2189720284409,271.81730631823433,274.3823339641897,276.8492257216145,279.43915881722484,281.9894176569237,284.4404637623983,286.9981211126677,289.5124345790895,291.92812457285834,294.4354422917187,296.8981827072605,299.26399077652763,301.70892785270553,304.11007784374954,306.41668731414023,308.79312560987125,311.12808144852306,313.37127526934,315.67833064732133,317.9469356990028,320.1268837622079,322.36749286140156,324.5726739460398,326.69270365119394,328.87209066134506,331.01838128599906,333.0838760743806,335.20834494592947,337.30238415917097,339.31843580560263,341.3946860031527,343.4467803764348,345.4155991143957,347.4504089320479,349.4707605827865,351.39483608701295,353.39475954373825,355.3845300268209,357.2749454713573,359.2460601202439,361.20061939536885,363.0733944998867,365.0211990176981,366.93922934023004,368.80614226878964,370.73567683070576,372.6203162848908,374.48801891256903,376.40409040573724,378.26039505585385,380.13338231307415
T25000logg3.6,288.71526653828414,283.34501614276076,276.6484831814919,270.9859450511478,266.77563121229326,261.6010617973442,257.29103116725224,254.12117861627598,250.27644618181603,247.14854883788416,244.9033051956303,242.2122865903523,240.11004304867842,238.67933769882632,236.98180313626767,235.76249141909193,235.04286927893529,234.1936738678442,233.7278458786115,233.6229053258389,233.49140892312022,233.66230030388488,234.0828978522656,234.55190680967291,235.25462638904094,236.11886721606785,237.08392848309148,238.2249633151178,239.45833711189113,240.82715866916067,242.32398638222108,243.85955130868956,245.55162078043605,247.33229491108614,249.11073789996047,251.05657610705666,253.0588954524512,255.02818543123726,257.1678791501074,259.3378336140983,261.45214841664784,263.7333792016207,266.02357640977255,268.2421591355076,270.61891613837764,272.9876620630574,275.2741593388921,277.70631299437144,280.1173388139114,282.439686705426,284.8928837317201,287.31522438398804,289.6456879390531,292.0912417105967,294.4991679172689,296.81446389045334,299.2293128224797,301.6024538868687,303.8838728347496,306.2507335043631,308.5741857921688,310.80796255535586,313.11544735057413,315.37979055826173,317.55727230478783,319.7996921072774,322.0006433250182,324.1180466976874,326.294591807464,328.4319604847974,330.48964279916055,332.6030559146895,334.6794750539577,336.6808283264974,338.73607236810153,340.75587909965424,342.70618044703,344.70930216258904,346.67991360230843,348.58315366849484,350.54064102479515,352.4727847714265,354.3304901140417,356.24894594707683,358.1524497652108,359.96722974795824,361.85305512683965,363.729058155451,365.51180516199025,367.37097214649066,369.21487598003444,370.9814216942125,372.81937283397315,374.6298690910379,376.39187196037193,378.2136004606461,379.9936825737077,381.75782300496667,383.5680705355825,385.32258098889287,387.09334057532703
T25000logg3.8,304.4849610534766,299.34096754314237,292.94247855458786,287.5310525505939,283.48547302690974,278.5251695655687,274.39291968131494,271.3350819697508,267.63429197512124,264.6226697751485,262.4447122627238,259.8391734956862,257.802107409213,256.40111272033954,254.7408262641684,253.5445177383354,252.82326966405088,251.9718269554997,251.49446606748467,251.3619852051942,251.1962323990916,251.32768009055857,251.69961838342496,252.10880091280868,252.74977846501992,253.54834805030853,254.43336637521577,255.49512512090047,256.6493566919417,257.9224584819507,259.32638899280744,260.77226768721556,262.35653511526334,264.03385884080876,265.71448939882725,267.5434382916554,269.43455651067825,271.29992373931515,273.31606775636294,275.36912395996615,277.3751039636057,279.5281566299275,281.69756334606865,283.80483515223005,286.0505346859776,288.2961957162406,290.4697074659776,292.7694603480476,295.056460734785,297.2652757004968,299.5859715195634,301.8844877813279,304.10186869419164,306.4159314217043,308.70127817325937,310.9048411223553,313.1902418270628,315.4430625262976,317.61494102963746,319.85536654346083,322.0615740445135,324.18882679617275,326.3736812757232,328.5244696265303,330.5990606445906,332.72314030094844,334.81441558862355,336.832989666124,338.89562174945314,340.92710476404886,342.89014939091027,344.8939493060234,346.867815428423,348.77878149768685,350.7283571929729,352.6501213393334,354.5123586194037,356.4133180994394,358.2932243429318,360.10710848039736,361.9655177417701,363.81436398795563,365.58056004893086,367.40261624925495,369.2248515693343,370.9506308957974,372.7423875352448,374.53305588883245,376.2347966132191,378.0019527633346,379.75778504562487,381.44952369202315,383.19730940153977,384.91990978792103,386.61003739371336,388.3432937200597,390.0371540712703,391.73061577121643,393.45397449361803,395.1241543902796,396.8250117030809
T25000logg4.0,330.90468199572206,326.0611761060217,320.0392376862681,314.94160178811666,311.1257069188693,306.45205614007926,302.5539376622384,299.6642375526923,296.17385576754714,293.32879394810556,291.26603826194054,288.806364511169,286.8786551798628,285.5475723443093,283.97846876096366,282.8431904260434,282.1533257688232,281.34683926229525,280.89000291341677,280.75649382633276,280.5969775857624,280.71521363179187,281.05909944628024,281.44198922869805,282.04172953769194,282.7898573985837,283.62151698664127,284.6190693724593,285.7045796824111,286.9020840830654,288.223169294445,289.58557757311456,291.0760846252236,292.6555186868638,294.24086098932565,295.9613043236101,297.7424666459994,299.5031610216738,301.3989595256514,303.33244661899636,305.2263668444299,307.2496398487021,309.29188517672264,311.28136949731885,313.38983986306573,315.5023595812816,317.5536844368542,319.7103632645607,321.85958713154685,323.9429462532251,326.11617023557125,328.27351336019785,330.3632552912008,332.52685093333764,334.6687997900036,336.74357999555076,338.8767793602005,340.98504640029677,343.027896120597,345.11550816051863,347.1769357708325,349.17575621576884,351.2082067293418,353.21479252554104,355.16230980161157,357.1352220184546,359.0834271826193,360.976836014366,362.89006179797366,364.7799360796228,366.6200551923381,368.4765259416382,370.310368852721,372.10086530843535,373.90537646774806,375.68898596756003,377.43311043495913,379.19134695188666,380.93532611101585,382.63305807035766,384.3510540082589,386.06662786733307,387.7180406244879,389.4018946451232,391.0934192861531,392.70559760034854,394.36122295295803,396.0244288715476,397.6127559068857,399.2456856628838,400.87744875310517,402.4554626539357,404.07076767422905,405.6724899357743,407.2484748483521,408.85085325878663,410.42658349490375,412.00563222756966,413.5995653386174,415.15386121920574,416.7402202111931
T25000logg4.2,385.7440823316867,380.7148241769945,374.5569580614524,369.33767997145753,365.304507476382,360.4440371724879,356.37718261401244,353.24644307303333,349.5295578709985,346.4785637941153,344.15730234088954,341.44077437996145,339.27817573712923,337.676172431174,335.82749597180174,334.4351984390882,333.4659731679224,332.36346508190957,331.63308238778956,331.21487692763134,330.7479898134061,330.58087471000414,330.6372357578535,330.7056942892983,331.01228381771443,331.47209886973087,331.98577400200605,332.68568216632514,333.4837281441839,334.3624674721432,335.38421188056594,336.46141814957605,337.63471761698725,338.9154411322629,340.21905790191687,341.6256604219356,343.11061756865973,344.5940957410648,346.18072747614644,347.82187464290485,349.4439035097173,351.1634978992282,352.91817320576547,354.6415801093674,356.4523399365982,358.2829445823733,360.0741172051271,361.9392990583957,363.8126930425441,365.64193761924423,367.5299481574665,369.417750688302,371.25950384761427,373.1441909909415,375.02302098356466,376.8560968695205,378.71686070191026,380.5683775443864,382.37629074641694,384.19819885071774,386.016143668465,387.7802900780299,389.5539503375836,391.3456691544771,393.04363056225475,394.76477047817156,396.52586041431186,398.1556956893824,399.8241225695425,401.53646262563495,403.1169728756167,404.73548415247524,406.38972807041966,407.9358492545646,409.5089489896721,411.10620034058803,412.625300846394,414.1582879945864,415.7027731488733,417.2005142625582,418.6989489124405,420.19769989498775,421.67754175606535,423.14701491671894,424.6083255098197,426.0726084253354,427.51851259296217,428.9503809153588,430.4013552122031,431.828670482368,433.2380938153626,434.67831119085423,436.0915614166709,437.4847794803292,438.91684733880845,440.3202408705318,441.70321610200705,443.1296139799425,444.5272112496683,445.90592751697045,447.3289377179208
T26000logg2.8,357.05281603857804,353.07833562980767,348.3399044418929,344.4775590614298,341.6107472954877,338.2800707407676,335.65884052598113,333.7693094596264,331.6479293791745,330.09286641395545,329.05747270803073,327.9669338211431,327.3204617765715,327.02477105221067,326.8054543341199,326.92621183263003,327.2646049923518,327.77402261999725,328.53568530726176,329.41128139695877,330.5228306191814,331.8130161531552,333.13750538444606,334.7391027659633,336.45824784197833,338.15163161001584,340.144733866066,342.2053927217109,344.1959522095597,346.49486557625755,348.82112328110145,351.0454005555014,353.5766733414531,356.10362542788783,358.5064567017545,361.2082899650022,363.88132211568234,366.41556771977525,369.2362834367431,372.0095495513591,374.6349485050719,377.5310997650209,380.3660242487688,383.04803703308494,385.98316923264196,388.84748556988455,391.5566147374137,394.5005168014144,397.3676393207528,400.0790232283558,403.00712848621276,405.8555360563856,408.5485931239855,411.441251020062,414.25385316354465,416.9118629819973,419.75375585692836,422.51743929686506,425.12714378352695,427.90684279192897,430.6122109430438,433.16355384892677,435.8734749599074,438.5150162179623,441.0012141312936,443.63792333598394,446.2146404292586,448.63207188914373,451.1963519805938,453.70922108335697,456.05971869616803,458.5558889585509,461.00912047939914,463.2970853811843,465.73170948460984,468.1372616247177,470.3628649834984,472.74343441562445,475.09987505283834,477.2781427399201,479.6122903412364,481.9120173419261,484.0645196867132,486.3596959469419,488.60154655589906,490.7431765234642,493.00636845733163,495.19630433247784,497.3339722229466,499.57138251371634,501.716267296025,503.85453086181803,506.0713703521077,508.1776406808149,510.31985278938055,512.5204787225734,514.5947852431642,516.7428048975872,518.9310769651954,520.9799862433065,523.1350735138161
T26000logg3.0,284.35762156817594,277.99634012561495,270.2866419413235,263.8139324896172,258.8380759431933,252.91103852563904,248.01154350735277,244.2675712919163,239.88416204254534,236.34701065589186,233.68820083361527,230.6319877602839,228.26610395303913,226.55505027125412,224.63170957159346,223.26507501005847,222.3743520967397,221.4098960093814,220.8884340384576,220.70082824164322,220.54061568529397,220.72718991004808,221.13580172434985,221.64262272530144,222.41533203776777,223.32293849966734,224.37549534148565,225.62673288600723,226.94572896210389,228.43813589750445,230.07424340959372,231.72699371221012,233.56849184132133,235.50941802720897,237.4284767452228,239.54255417045377,241.7206594625231,243.84812534155697,246.17015964751965,248.5279778166624,250.81377757771295,253.28837695168838,255.77651349829378,258.17677267123463,260.7561019054396,263.3320231076857,265.80820792578953,268.451243962081,271.078639454825,273.59717532285123,276.2691273114118,278.9173236724252,281.4491698067666,284.12073531949557,286.7642337183818,289.28454201469344,291.93174300161866,294.55030897326156,297.0384552193631,299.642826643267,302.22070286957023,304.66148749242,307.2102091971034,309.740990223603,312.1200702768916,314.60604954226756,317.09401625196153,319.396630963118,321.8180505547561,324.2470158893637,326.48785958418136,328.846795959883,331.2011732236735,333.4005602281717,335.701246474097,337.978684754056,340.1471152771404,342.3947056192923,344.5998012372004,346.7424572449963,348.9424908812183,351.08202532048216,353.20282660688724,355.3610695604291,357.4436406706065,359.54514376167305,361.66726324677995,363.70215957429787,365.7859502547275,367.8772029559948,369.8731788206294,371.94062733252423,374.0057621035615,375.97071204682976,378.0232387990528,380.0666907968773,382.0077686212842,384.04728183551094,386.0736420993754,387.99824707432685,390.02697808011794
T26000logg3.2,258.3997594842895,252.78116273445113,245.98651996661346,240.31000748629066,235.9766208130394,230.83276258680877,226.61422054980437,223.4246356141025,219.7112524205798,216.75617835408616,214.5751126067384,212.09244159515688,210.22424496694146,208.92473715196917,207.49292672078965,206.55226945223936,206.01631674335755,205.474060578081,205.31791880947839,205.4367088213056,205.64021863697567,206.14092313437888,206.81487730338338,207.63630795553632,208.6802003594892,209.81859551529075,211.14485999596826,212.63154466777468,214.15255099008442,215.88477934143495,217.7266559303123,219.5575133958145,221.61060420422945,223.73246160424446,225.80963966266535,228.11146501701015,230.4494296258176,232.7180907388509,235.20746706883227,237.70704927452618,240.11959719560787,242.7439155263412,245.358116469185,247.87274175103195,250.58645803291355,253.2746560429493,255.85453289820114,258.618415601447,261.3457389846843,263.9586215906204,266.73922210739073,269.47611476681914,272.0940517770999,274.8632923203366,277.5852624550527,280.1844580565056,282.91955039073923,285.6072249425455,288.1681663713881,290.85178883717504,293.49038551045527,295.998789839664,298.6192309699278,301.2038205101044,303.645651890395,306.196782760416,308.73270433863706,311.09359312067204,313.5743344025127,316.0469848555149,318.3411038209859,320.75414139025577,323.14824903959857,325.3965929809341,327.74680630754625,330.06010386029374,332.2742195193242,334.5675020075038,336.80529274469745,338.99092723040593,341.2335492272428,343.403295482484,345.56485733559407,347.76317864211643,349.87405998694976,352.0144720696201,354.1746774139364,356.23669248932333,358.3577472757121,360.4856292920338,362.50800134794,364.6115707170984,366.71242858589176,368.70350657720905,370.7915363904687,372.870295481659,374.8375457869239,376.9124173677649,378.97393176026765,380.92480826687216,382.9889240131565
T26000logg3.4,275.6733512709599,269.8802941885374,262.8257065927921,256.89227696926,252.3526273567751,246.91796744585474,242.41785217223713,238.99946802775432,234.975802110315,231.72424060322433,229.29961684755423,226.4962472048565,224.32439478239237,222.77294767089043,221.01711768150494,219.77166011174836,218.98049215511747,218.11630062355567,217.6587833763148,217.5230877938109,217.4107659041109,217.6169362831458,218.04026261682225,218.55508907758548,219.31396073682006,220.20812809076963,221.2393176021024,222.45236906270736,223.7374182076532,225.1875983083583,226.7683948778021,228.37284637279976,230.1576557103889,232.03141537548146,233.8923734800818,235.93958780362493,238.0421420039396,240.10476702958934,242.35248977639878,244.62852891910626,246.8447773155646,249.23924439105176,251.64050384648021,253.96774311485507,256.46185720021833,258.9461829351698,261.3465034646438,263.8993583586032,266.4302412316893,268.87024188667374,271.4467519916375,273.99303400335765,276.4436835556643,279.01435678896246,281.5501074660748,283.9867530543487,286.52769806864706,289.032168654964,291.4348710248074,293.9280080373469,296.3857654626148,298.7397195231786,301.1729729934102,303.5804143255766,305.8696988280751,308.23685200587477,310.59977433938354,312.8094085292713,315.109440728169,317.4138296879382,319.55744410580223,321.79314037345813,324.02402529616836,326.1224513175564,328.2988347736105,330.4538119485103,332.51897299047073,334.6421269188872,336.72615104552654,338.7644646108606,340.84085781005126,342.8613528690265,344.87756749817254,346.91367609448946,348.87997950563795,350.8770357823515,352.8790974951424,354.8009871803967,356.7809878692342,358.75478478043914,360.64141736856095,362.6062910231502,364.5570888375323,366.41652311431,368.36846075270194,370.3010999203589,372.14064251812084,374.08198283030515,376.0011111276731,377.827838033489,379.76095635329784
T26000logg3.6,266.0911363790083,261.14217742145917,255.05793569301684,249.95038167371976,246.1280222839573,241.50825424114137,237.6998400303081,234.88681310474843,231.54467318131515,228.86987417417285,226.95265725372488,224.71705120332348,223.02397706216863,221.89479603136817,220.6100349097872,219.76016327275838,219.31771888949032,218.84279707647764,218.71057488315893,218.86053672638988,219.06859478262334,219.54089614137797,220.19615798030532,220.9735220091437,221.94888697332806,223.02953685860277,224.27494217508135,225.66303112622856,227.09644846276834,228.72062448127238,230.441906578503,232.1629882200454,234.0882339399385,236.07351837960283,238.02469523408678,240.18409396285352,242.37370795994235,244.50458007290902,246.84058841987354,249.1828730747124,251.4491564648161,253.91158704968015,256.3612874659211,258.7236213297259,261.26844426646016,263.7858683550011,266.2092174843254,268.7981720241557,271.3489006631244,273.80245301394143,276.40286032951934,278.9575806876117,281.41464428180177,283.99923009588406,286.53359081452254,288.9716823187989,291.5185725874861,294.0132628102258,296.4143633957323,298.9073221151794,301.348285352509,303.6991758384297,306.1277118622409,308.5061066738284,310.7985268948028,313.1576156501278,315.46920872948056,317.69984640594186,319.9891328656775,322.23442643394037,324.40318738568646,326.6257823822268,328.8125633714061,330.91783384450406,333.07894594251576,335.2178006058369,337.2585797875635,339.36437299857096,341.4617419578314,343.44286593340195,345.49989969674806,347.5489259966763,349.4894154030102,351.5043568370897,353.4999453675107,355.41728745903674,357.3965952376533,359.3404986430801,361.2449720867088,363.19467152453285,365.0929096724859,366.98977861291615,368.9153741857049,370.77439272244544,372.667669624789,374.57421826274066,376.4009706543939,378.2935094799386,380.1858049321071,381.9876030759302,383.88150615159276
T26000logg3.8,305.82638366709534,300.4685527579739,293.94143881306263,288.4378778057461,284.20018475971506,279.12476396617114,274.90808055846026,271.6788332713729,267.8755800522562,264.78671161478854,262.45686485426404,259.7603727468843,257.65254113493665,256.11773481815874,254.37677067449806,253.1154761441937,252.27696495647555,251.35392420684667,250.81682673697335,250.58217530164086,250.3529918326734,250.4295729451675,250.71305997485297,251.06601775267671,251.65667592096796,252.37916570784537,253.2143894610553,254.2301783228721,255.31944821524576,256.54852348781014,257.9107298291798,259.3016378487729,260.8471893070255,262.48703303195055,264.12171167205383,265.91688114613424,267.77479143739293,269.6023765498911,271.58939380875034,273.6135444768845,275.5891264032855,277.71734764121123,279.8621231661112,281.94554681228675,284.1702895523657,286.3955716169555,288.55082322919975,290.8330128757435,293.10381091655574,295.29912044494984,297.6052646552438,299.8917021329047,302.0996005225255,304.40176706445794,306.67907733313297,308.87656264491227,311.1524388181898,313.4006437488556,315.5697709826238,317.80276582957305,320.0121725669006,322.1348801351279,324.31414874797525,326.48892910031356,328.5434874797352,330.6636433484895,332.79921510938084,334.78209331631444,336.8422658271758,338.9184309370729,340.8494388607269,342.85209816666764,344.85813192340834,346.7531679899995,348.7028109076568,350.6405563114354,352.5063228901897,354.40843425841916,356.2834157937695,358.1246706655179,359.98514089646005,361.80566091521405,363.62529705117856,365.4501780788158,367.2254971157019,369.0257805905753,370.82097821204377,372.560014917259,374.34328759599424,376.11431363039713,377.82490109561644,379.5938614214215,381.345703864426,383.0348818658072,384.7921983642092,386.52945176804775,388.2038599016897,389.9521004097781,391.67920877619406,393.34537052940425,395.0870185131146
T26000logg4.0,315.07187811989525,310.45911656508804,304.77474381047455,299.98554930308904,296.38146579607644,292.01253983473396,288.3922732709108,285.69668678486414,282.48127240297214,279.88627600449354,278.00123497600697,275.78988318005844,274.0872009979147,272.91875342508877,271.5742725443859,270.6415738372901,270.1005059382394,269.4976513545262,269.2233313433939,269.2259502526262,269.2515179206472,269.53445395480594,270.00296642132105,270.5547978303328,271.3036531309459,272.16616912146463,273.1527875861405,274.2858589767752,275.47670571004994,276.8170567989648,278.26196520012564,279.72189032904294,281.3449306453122,283.0382455170989,284.71448954551215,286.5586267381102,288.4452795753711,290.2913649429482,292.3032724062583,294.3352342973758,296.310047611717,298.44289666545825,300.577791459054,302.6445558567942,304.8569778041009,307.0573776947015,309.18317152858793,311.438913027317,313.6721049747256,315.82783671907924,318.09584717204757,320.3340341581923,322.4945289073885,324.7490453833476,326.9693168343985,329.11352710277873,331.3340976815377,333.5184744756721,335.62980872608097,337.8015681388417,339.9371849377483,342.00369764693204,344.11728046330876,346.19624286712053,348.2107259262514,350.2619404110384,352.2806662234692,354.2403936670307,356.22924999634847,358.18939999005903,360.09358296660156,362.0231832049246,363.9348855300892,365.7793528014489,367.654649436409,369.530339641807,371.31172859169135,373.1385505364779,374.97638454625684,376.7071414494003,378.49164992518365,380.2842660408762,381.9831195894553,383.73153350607777,385.4769476927005,387.15741327061573,388.87577289006293,390.5773964736532,392.24729121123363,393.941224607177,395.60388805565844,397.26889688038415,398.9435419754801,400.57263030492163,402.237126497889,403.8972072421494,405.49911550699323,407.16585327422933,408.81581702264253,410.39747861623215,412.0682292527038
T26000logg4.2,332.5980431989235,328.36805213939635,323.1968543673129,318.8557083194412,315.56380881324486,311.61055320592595,308.35176122692104,305.9069376854389,303.0237313786153,300.7159350278989,299.02845442688476,297.07805688794315,295.5990408123009,294.5822306487737,293.4380650149058,292.6749245504459,292.24606147111683,291.79214212654426,291.6414159134723,291.72246557128756,291.85338312877207,292.2208683969018,292.73888239912753,293.35924016268245,294.1596995690709,295.0470962398144,296.07135869867466,297.2283867619775,298.4232860922773,299.77549381799304,301.221237789973,302.66765426440287,304.2810557723451,305.9559366646828,307.60394207721004,309.4206050806945,311.27281825743086,313.07840142979416,315.0481597522448,317.0325240869697,318.9567702694398,321.0356144247494,323.11229650663216,325.1204946001033,327.2696392411282,329.403473248663,331.4646369684249,333.65012619825404,335.81058221132446,337.89716337832914,340.08988739662357,342.2508698762343,344.33919941478604,346.51513810306676,348.65522251756425,350.7257528183402,352.8660945910332,354.9686207750567,357.0061539200785,359.09741492990395,361.1504416395651,363.14444958129343,365.1784055874085,367.17584853227027,369.1190907995658,371.09225551259016,373.0396502667515,374.9214072465603,376.8340988091847,378.74194464536004,380.55295179586994,382.40816496308526,384.2767073932231,386.02245307745363,387.82480123468133,389.64240008164705,391.34305655288506,393.0980187078054,394.8592021675639,396.5303066634373,398.24369495983933,399.95077559236495,401.60075374476116,403.27837492617175,404.93645071285414,406.5710269960161,408.21852429120054,409.83424473108647,411.4573583598694,413.0800543275884,414.6608892085364,416.27508644527757,417.87788027969276,419.4313219334358,421.03845864172456,422.6259007371872,424.15904754313016,425.7609153007485,427.33736714417535,428.85653513662123,430.4553856303628
T26000logg4.4,347.80542171380876,344.16795282705897,339.72266575793657,336.00565194220036,333.2085039329918,329.8534605187531,327.1067404850222,325.07038471688463,322.67537441651797,320.7830594649186,319.4284334448376,317.87177127498137,316.72527697431656,315.9753719343861,315.14412698846564,314.6425603636658,314.4234161127064,314.21362198230344,314.26409233364643,314.5055823717329,314.8224219934455,315.34012197634706,315.97649987117603,316.73395309616956,317.6418920226664,318.61206089965,319.73281716416756,320.9618511716057,322.2097774044577,323.62501411783614,325.11356597071165,326.5884365269607,328.23760854460716,329.93158839785644,331.58808824947766,333.41866427093333,335.2709763245054,337.06910736527425,339.035443924059,341.00491451085395,342.90924828327354,344.9712644507572,347.0214968111249,349.0003354446094,351.1225264990569,353.2212012981893,355.24619322844114,357.39735171604354,359.5162480859289,361.5621123984878,363.7154268716284,365.83054165787246,367.8754084676005,370.0087554729986,372.1003254600187,374.1262115370183,376.2223896169624,378.2751807008093,380.2682412748791,382.31514425320006,384.31856143215106,386.26922640638264,388.2596952947322,390.2074034619259,392.11040306861736,394.0416340259883,395.93491143535397,397.78473937503713,399.65728748699564,401.5068048878084,403.294312941391,405.11115572055644,406.9262786447513,408.64767251499035,410.41319914444205,412.187471205238,413.85720066956105,415.5765254808231,417.3023263801231,418.93728682983317,420.61573108062646,422.2913269356934,423.90300111605234,425.54588245019,427.17457308556334,428.76950306049173,430.3819638631499,431.9681161040734,433.5514527188077,435.1382710636795,436.6877785727481,438.26255753189764,439.828141979305,441.3474624278582,442.9156140828223,444.46410942938843,445.96006621861534,447.52279759204714,449.0581994441599,450.5372040067908,452.0959136219822
T27000logg3.0,250.38786008554177,246.20904181633438,242.5200369199071,239.29564657149552,236.51234298431217,234.14908670867447,232.19046880623537,230.66089401229902,229.38931469696604,228.31730846608366,227.6169091013975,227.21588639601487,227.0999502408186,227.2518649850905,227.6551577346958,228.29409972933266,229.15362486845638,230.2193325573514,231.47745551470913,232.91496141096903,234.52006025174197,236.28846167690426,238.17022639614999,240.12438677389002,242.26779914038556,244.5557682174538,246.95039899667188,249.44337604371947,252.02584318599858,254.6893979228741,257.42601274207976,260.2280092430815,263.0880083094121,265.9989353190447,268.95416474864527,271.9499162507011,274.94118630306104,277.9477014788431,281.0203966217024,284.1437398968297,287.29315741749,290.4535143864785,293.62128683336005,296.7929223871682,299.9651060251503,303.13471929523786,306.2988148683965,309.4546348215998,312.5997720743827,315.7338470549355,318.8513611673288,321.8994871857313,324.9504945271837,328.0260548592266,331.09468532354913,334.1435233990894,337.168286380204,340.167778596673,343.1409297609364,346.0868063809419,349.00462121147916,351.89379071081464,354.7541243444512,357.587224139935,360.40762391516955,363.0955145966065,365.8489193186946,368.5456859573299,371.23668557821486,373.9103746754189,376.5562489846161,379.1742795553329,381.7650986576174,384.32937192587804,386.86780609188304,389.3811696016514,391.87046066028074,394.3379753247452,396.80099599527654,399.1506621481737,401.54540475490046,403.9110150618711,406.27575714492855,408.62169138762204,410.9562531397713,413.2727464066337,415.57177953206156,417.85398392724244,420.119988785352,422.3704374647284,424.60607017085295,426.828284307957,429.048425641256,431.199873139003,433.35011972344887,435.54887516784163,437.70281850206743,439.8693650621456,442.0283860594167,444.18327485777365,446.3313614838831
T27000logg3.2,244.36068882887986,242.96286728001883,241.87797847837982,241.08955541935993,240.58210909143705,240.34193393489997,240.36338533173415,240.62669837829097,240.96805072003949,241.6045641616642,242.457646841012,243.50359225593417,244.7304471082114,246.12670670372975,247.68131818297977,249.3836498958074,251.22344676555062,253.19077196887034,255.2759066459044,257.4692273522332,259.762326100873,262.1041673043874,264.5203654548125,267.09245251220966,269.77029105766445,272.51715514384466,275.32799433643413,278.1965488947212,281.11680339950084,284.0829020936584,287.0891096217129,290.12972939050354,293.1990080267941,296.2910108845591,299.40015797423763,302.48134826933864,305.5735671716135,308.7407043599787,311.9418595042036,315.1542091793416,318.36595524355175,321.574205843257,324.7762254312123,327.9694813410644,331.15160272800296,334.32033395739813,337.4734721257322,340.60885854009973,343.7253820024848,346.7944462404612,349.8371282474754,352.88078197847216,355.9448718577694,358.9990031783869,362.0296746197872,365.03533431432373,368.0151688506257,370.9684511814851,373.89451431682437,376.7927410118446,379.6625684923664,382.50363491157384,385.3173418662381,388.08464987375777,390.79080810110975,393.5117821017514,396.22867052412454,398.92364898365975,401.59801307577175,404.24504695973087,406.8650468652372,409.45844467064427,412.0257088228448,414.56734711211527,417.0839227558052,419.5762678303611,422.04754601554333,424.4808315961015,426.84359401226396,429.2613302522753,431.6423800585448,434.0215368377551,436.38692644029834,438.73595412084757,441.06736125877813,443.3816915837254,445.6794808752379,447.9612485587542,450.2275220793083,452.47898100095273,454.71842593699864,456.9299363888327,459.08483197149974,461.30514053527133,463.49502864450585,465.69316242663297,467.88397200682084,470.07112001817995,472.25128695153205,474.42460383636023,476.5914020733079
T27000logg3.4,250.63886263621004,245.50082081775147,239.31219793073342,234.1552605163294,230.21244223121445,225.5565681800578,221.7547400319509,218.87964314972388,215.5563564173209,212.9326331662671,211.00221302874934,208.82878384356064,207.22131788692494,206.1191176378838,204.92988563094022,204.19165656152566,203.808581621409,203.4540339036124,203.45231233461038,203.68711555905514,204.0333749737056,204.6491955399442,205.40882017829415,206.33647598762025,207.46363814319795,208.66304450905935,210.06621356024417,211.61063651837276,213.1728858295446,214.95872678714932,216.83809376309136,218.69459226532203,220.7829212094241,222.9262304531497,225.01680461509514,227.33921239659867,229.68579905090894,231.95819018752766,234.4563766161803,236.954256175169,239.3629114492223,241.98657339687125,244.59073105264073,247.09548695164858,249.80092607550912,252.47238027452923,255.0378053434003,257.78740192820544,260.49270641713775,263.0878047970921,265.8495546326394,268.56042471747594,271.1584401669756,273.9056203812366,276.59870887914394,279.17695749867795,281.8879881984552,284.5444443544474,287.084912296862,289.7435790343466,292.3512314280591,294.8388446181276,297.43438297307057,299.9949327396463,302.41050403847095,304.93743786961204,307.4465957002217,309.7862220262036,312.2436615727446,314.68132676820215,316.96475717082444,319.3551913394027,321.7105692957159,323.9538050826563,326.2817379165634,328.5572282228833,330.7664248094756,333.03737986763156,335.2392756105338,337.418514804559,339.63848224140133,341.77547036900864,343.92741081126286,346.1025554740373,348.18445808764034,350.3109845730357,352.44733448522015,354.48362196073265,356.58671406586035,358.68992268526455,360.6890603480062,362.77106260075027,364.84633189046366,366.81588629549276,368.879332421807,370.93150841744045,372.8787560445006,374.92598782915917,376.9597626190957,378.8917763133623,380.92521001665517
T27000logg3.6,213.3505227822536,209.20498551753116,205.50950579570198,202.24233367469688,199.38271882580884,196.91110183156934,194.80961270527234,193.06393020534148,191.67635018690254,190.5948072556074,189.66436203723288,189.05349427988028,188.7088637194833,188.62183510462745,188.77758773377482,189.16193588281953,189.76128497571565,190.56260805345136,191.5533967963587,192.7216526278865,194.05588895745046,195.54525049176837,197.18050671298343,198.9739129074933,200.77145378355596,202.75991531952783,204.88708879206746,207.11990821682522,209.44699490123884,211.86036178028345,214.35235906960276,216.91567792754603,219.54329500335197,222.2284643767766,224.96469467509948,227.74573598869372,230.56565777018773,233.42135032879142,236.2680569079432,239.12934233110704,242.0680560914963,245.04254275423216,248.03443309477333,251.03558681793234,254.04228696903846,257.05105375491684,260.0585753934268,263.06169585316496,266.05739641622716,269.04280072806,272.01524331099245,274.9729953633605,277.9241765216623,280.79374801802567,283.66280845514257,286.5577688615658,289.4350492800394,292.2880800069259,295.115181213002,297.9142866121234,300.6845880069794,303.425463583278,306.13647383445397,308.81736230921905,311.468096122866,314.08915216326045,316.6903557600964,319.21115121178593,321.7396508315198,324.2181110578452,326.7095962463684,329.1731260268606,331.6124239806916,334.02486341824516,336.4121180653825,338.77491660484463,341.11397683134084,343.4300075596297,345.72372974527707,347.9959620205628,350.2486793473608,352.48446250773117,354.63901627646766,356.8524474841331,359.0078064323611,361.17940196811224,363.33245495052904,365.4731869285477,367.5967392219824,369.7059420152541,371.8014800399758,373.8840115018117,375.9541513959745,378.01241877273594,380.05916628829175,382.10710959680097,384.09957071862954,386.09848042012135,388.13861787894746,390.1341893922833,392.15028078961103
T27000logg3.8,277.8725348710877,272.9879661938961,267.09359495459813,262.163150443102,258.3687948954611,253.87615573574993,250.18695467782862,247.37236792212343,244.10545757138084,241.50162419793836,239.55913834588213,237.3560527443053,235.6939371295707,234.5206477846546,233.23341323033455,232.38148383137178,231.8800830045092,231.37425196357123,231.21299520319673,231.2924866952256,231.44679282863564,231.86825346679947,232.4442454714099,233.14975420986804,234.05693851884203,235.05175907371444,236.2112962820646,237.51773532581956,238.8606215042793,240.38840067659493,242.01784333579764,243.64518275693246,245.46636757878957,247.3523570793551,249.2077931033646,251.2579199990588,253.34310570760277,255.37727047749956,257.6008316927215,259.8354866808629,262.00490646447287,264.3534203621808,266.69403461403414,268.9599302087728,271.3908503533937,273.7992473099244,276.12709052196567,278.6033545167629,281.04636955900185,283.40575045793463,285.895654679172,288.3450219706561,290.70970834193747,293.18688670294347,295.61871206852896,297.9673193835343,300.4107694320254,302.81053100307804,305.12173439387084,307.51589202091793,309.88300675323,312.13127184786003,314.4660666021786,316.7935534534564,318.9694811002664,321.24000146083824,323.50296890883914,325.6241236892619,327.8298458075146,330.0146069868631,332.0948312201869,334.2384290096642,336.3460826760165,338.38978449360803,340.47588176634827,342.51300086548616,344.52239787711073,346.55660603408694,348.531868417946,350.5088144743378,352.4971614874353,354.4198629909737,356.36647878042345,358.31508454021844,360.193650151635,362.11313522446784,364.0279389641106,365.87015138198706,367.7660654531426,369.6526461468578,371.46586258496995,373.34155202664545,375.20501806044354,376.9965914320668,378.85464824122937,380.69971489317027,382.47586011633405,384.3194884213046,386.1506758096198,387.91651028817313,389.74973049211167
T27000logg4.0,285.69373106183843,281.5484487357221,276.491755039166,272.2693938685264,269.0967775439623,265.29906110957415,262.1946604395395,259.897002709002,257.2015639872882,255.07609866561043,253.55801594591097,251.82024806556902,250.54502618441364,249.71499427026177,248.8021260528425,248.25881774753324,248.02999706369906,247.8209401554935,247.9016533904111,248.19259757530722,248.57800387121486,249.18510586940337,249.9201988681181,250.80147311896107,251.8468864474714,252.95631388235128,254.24533597548736,255.65040134536997,257.07048319864305,258.68925323123193,260.3843493944383,262.05765746490704,263.9378927130022,265.86213652747557,267.7376301435476,269.8202428846689,271.92081303658,273.95354813042684,276.18744081198435,278.41840537757406,280.5687241442473,282.9092536063274,285.2302616482159,287.46282300610756,289.870662492407,292.24615924153903,294.52945331488496,296.9703083902277,299.369442102535,301.6756537264175,304.12025078937273,306.5168554107026,308.82202174849846,311.24614075779084,313.61864735362906,315.90285449624736,318.2873367008385,320.6188708497615,322.8664404565833,325.1974009610266,327.4759128299989,329.67564628737364,331.944405633936,334.16226913874846,336.30769805093485,338.51042242888667,340.6669202415502,342.7529745386898,344.88977826364885,346.993737469373,349.0125759275046,351.08651242937896,353.1481230111954,355.09544684393256,357.1113790737469,359.1246383914036,361.01538066601177,362.9790477596336,364.93530636448895,366.78858831287516,368.70609583953893,370.6036437641971,372.4324727641579,374.3100252701651,376.1533020358784,377.9647538420521,379.8083808129135,381.60318022803415,383.4026596137241,385.21797258926324,386.9713714836058,388.76230928659794,390.5544634678637,392.27413801993106,394.0586465972871,395.8323793790307,397.5259566540253,399.30556120925064,401.0653361978085,402.7400904014503,404.51626090390346
T27000logg4.2,308.72233750990205,304.88055746701895,300.2038632443746,296.3033563724149,293.3656060887437,289.8584087502213,286.99722889883304,284.8749865020727,282.3942102831686,280.4452660138759,279.0514145313126,277.464353743087,276.3094317465725,275.5598685808992,274.744103102824,274.2739670706194,274.08841327819493,273.931732887656,274.0462805530459,274.3490313148585,274.74960568106707,275.35787790959404,276.07832263159975,276.9441086426379,277.9638273007116,279.0365739828937,280.2850475539525,281.64246646605034,283.0076566854602,284.5655002288506,286.195148408656,287.79865588095515,289.6015575680419,291.44603909126744,293.23964999384054,295.2318512227862,297.24131117444574,299.18254043804404,301.31577789432646,303.4467443007162,305.49801938172646,307.7299548272555,309.94415449924094,312.07194520223504,314.3653406429195,316.6290583626997,318.8035105025025,321.12583102320826,323.4097463725657,325.60441241143707,327.9277786706498,330.2069942087198,332.3990324799012,334.70046702700415,336.9545746531797,339.1251150093142,341.3866463785182,343.59985478853815,345.73418284933246,347.94297585689793,350.1042481678416,352.1919354250914,354.3401882597496,356.4429093166532,358.47788740287615,360.56235809145926,362.6074420024805,364.5839145828128,366.60501126357104,368.6044023442079,370.51179979455173,372.4726041005413,374.4303514036567,376.2704612477505,378.17564064129215,380.08217444275067,381.87309007557394,383.7281177810844,385.5777877168488,387.33518644373714,389.1459024457483,390.9398330722168,392.6733500671637,394.4456585656849,396.1877047683279,397.9044365715803,399.64406559300596,401.3395818978518,403.0448361730985,404.7571699792966,406.4129463173316,408.11002574002066,409.8000282724263,411.42394158984257,413.11437781774595,414.78662667568915,416.3863642799056,418.0713235496746,419.73014498069307,421.31298263930734,422.99363751812007
T27000logg4.4,335.3700416363369,331.83267824328743,327.5885325972642,324.066676886009,321.36775991736533,318.1988527624776,315.631861964823,313.69187010456005,311.46907338485005,309.7421057144659,308.4819897344549,307.0846106390568,306.09011515649365,305.4328354280974,304.748983857758,304.3870925179953,304.2586103661073,304.1851575490272,304.3639025376374,304.6939205893266,305.13700488085425,305.77258925642855,306.4952802382039,307.3696994571793,308.3859902228529,309.4400461109944,310.6691891796624,311.99788052097244,313.3270994553437,314.84290741927066,316.4232551983812,317.9767067669699,319.7193663449672,321.49807011652797,323.23039643839974,325.1480196512994,327.07860548185107,328.9498013050532,330.9973929247253,333.03929858563026,335.0140498029357,337.1521314218139,339.26970131257156,341.31617352718877,343.50983521862497,345.6715414958735,347.76134678081496,349.98010064919856,352.1584139870451,354.2665421471836,356.48435724385706,358.6559702445211,360.7608802727651,362.9563073170053,365.10219796976844,367.1860423839856,369.3424295316749,371.4563058324019,373.49703755379915,375.6026543583439,377.6901614635776,379.6624453871848,381.7102633592015,383.75602148889595,385.66380852676014,387.65098766490905,389.6347053011525,391.4940577900371,393.4210687947676,395.33592068973326,397.1551984122036,399.0249482437167,400.8715780653381,402.65579400771685,404.4726531644,406.25638027736,408.00837707066694,409.7774308074587,411.50637101877277,413.2274665291691,414.95402686665824,416.6366311679584,418.3283732283076,420.01780281300586,421.6616875013382,423.3266129560029,424.98412910444824,426.5963715399545,428.2372921053052,429.8677685595767,431.45513193032826,433.0745731497817,434.68247241502024,436.25077696890276,437.8515710794056,439.44104238867715,440.99459232219994,442.58067069786534,444.15569304290403,445.6982745710336,447.27380459912894
T28000logg3.0,355.17308624370077,350.045136466415,343.97699209963776,338.9492806830295,335.0206687775968,330.47097367988715,326.7797691858073,323.91724897826737,320.68097123300686,318.14563557692884,316.2218698416941,314.1133008353312,312.5699399662192,311.46535852563557,310.3172102796182,309.6179306817986,309.22123044377054,308.88357585723145,308.8957720006679,309.10430130812586,309.44347357562197,310.0488240522803,310.7685416548765,311.6657956565896,312.7591796368778,313.9044725938885,315.25508285964264,316.74396130103895,318.23779019275685,319.9504600371848,321.7543133418433,323.5282706170288,325.5245325916975,327.57437936556,329.56887027862297,331.78246070855835,334.02004157312746,336.18388222700065,338.55904551002885,340.9352068576626,343.22426776525833,345.71357437186396,348.18658788560134,350.5622972031003,353.12518900616897,355.6598213933062,358.08832676394513,360.6905400316522,363.2578442454747,365.7096101767342,368.3229470193834,370.90009328837857,373.34962831574364,375.9513584346784,378.51795156307105,380.94655282126075,383.5188011273774,386.0690180962948,388.4517077929154,390.98089075347684,393.4950344025087,395.8283662972748,398.3050630171197,400.7501472664537,403.05166349805273,405.4707498394921,407.835896283475,410.1090666731547,412.46969200727114,414.7568587599251,416.99989347177575,419.3046590803275,421.5209165364597,423.7326881712548,425.9863851983646,428.1413687657558,430.3216945270215,432.5301215873572,434.63363225779295,436.7838406641953,438.95311997143375,441.01440393509574,443.1371036306863,445.2734367088643,447.30183827596295,449.39977026115776,451.5091570553652,453.5135674778019,455.5894201057551,457.67722900948297,459.664251747157,461.7217035127937,463.79242471398754,465.7668127997707,467.8099394685779,469.86743429116484,471.8327362308262,473.8660425313752,475.91402393945793,477.8736170651962,479.9017668564009
T28000logg3.2,257.1629865010175,252.28922074518215,246.48450661846925,241.68920679938097,238.0140611577365,233.73423590242518,230.28391839503993,227.67384887610808,224.71249702856932,222.4250021897675,220.75225727495462,218.9222535502379,217.63216233058435,216.7767630826512,215.9095455998695,215.46755054247484,215.31788030873633,215.26234328440785,215.53462343495147,215.98789187648995,216.6096306963145,217.47692396364855,218.43918871297188,219.61879086452126,220.97503891046185,222.36078712120738,223.99271481444555,225.74434821960133,227.47652914756435,229.4687247231273,231.53433612332157,233.54463901117776,235.81820311750707,238.1282250171949,240.35730112225104,242.8458052234006,245.34161332092594,247.73861491019858,250.38626694855262,253.01833913004464,255.5394529152597,258.29863602025927,261.0246363509766,263.63158206054266,266.46144265944775,269.24523473339735,271.9045936361845,274.7705201219799,277.5817363015983,280.2646698016209,283.13772545803005,285.9511896844432,288.6329715281481,291.4891978305152,294.2844610844994,296.9441256883423,299.764216123156,302.5243670657173,305.14564357121435,307.91488859971065,310.631612780774,313.1978962466074,315.90622679895256,318.5805042066238,321.0743574157307,323.7164014063218,326.32963830485073,328.76170270981373,331.3364290522271,333.8690696216627,336.2584171246384,338.76803527995463,341.2169040097827,343.5715022857888,346.0200741396218,348.3901159504771,350.7128082537049,353.10524909294253,355.40426336138376,357.6965825415331,360.0382555691568,362.27516003420686,364.53855053991094,366.83513474973404,369.01907533249477,371.25538114566876,373.5125650155958,375.65207035114986,377.86363955043294,380.08674123367757,382.1896382256714,384.37876126125843,386.5725412258979,388.6461156461012,390.814723060939,392.9835473253132,395.03491621455663,397.18472700508914,399.333055062893,401.3685306349033,403.5024918448627
T28000logg3.4,247.01683349739577,241.91702412815044,235.87293099040645,230.86940094934883,226.97873308533676,222.46756641118472,218.81549432584987,216.00262832469232,212.8206149091286,210.34009302926694,208.4785949256837,206.44022177386225,204.9672885530796,203.93782362862623,202.87546608566842,202.26173207920976,201.9528510743938,201.71579207305788,201.82779519498106,202.1364013210566,202.59009987499812,203.3086277012474,204.14022697031066,205.1650891701724,206.38409041217145,207.6525496843137,209.14282178471856,210.7686353340817,212.39620476928803,214.25943352619805,216.21042181960564,218.12800713134232,220.28475789294527,222.49094918501183,224.63829198016816,227.02130501266998,229.42337334099318,231.74848014504954,234.30077033014544,236.8482466534939,239.30593185127577,241.97853834961657,244.62803183542908,247.17843082257775,249.92891586822324,252.64311497069158,255.25086752763235,258.042710611898,260.78994724261327,263.4238585873521,266.2260851636777,268.97964961431404,271.6128505924249,274.39963020954826,277.1473296945615,279.7472741287244,282.4977591602283,285.2237819922313,287.77043168141887,290.4688673990814,293.1317825775272,295.63994474983133,298.2757601604371,300.854973493297,303.32804508108836,305.89581685967767,308.38726904279525,310.8213785615272,313.32028702180713,315.7282175012431,318.11910066642537,320.55171026363354,322.8849985450339,325.22936635721686,327.6002292735279,329.86855941746944,332.1655638411073,334.4801432497607,336.6925419403267,338.94362601952116,341.20775864632276,343.37342129295325,345.5806771576793,347.80032869448974,349.9270435101995,352.0942864031732,354.27528583770334,356.3686708376117,358.50158013218277,360.64934648567595,362.7138117282521,364.818520433524,366.937976827282,368.97818035496203,371.0597836666762,373.15550106076716,375.1749580180547,377.2392791440846,379.3157628042466,381.3180191459466,383.3709463847589
T28000logg3.6,237.33002651265642,232.89801342266807,227.56955075606012,223.15917421270927,219.82594895850934,215.90429594667722,212.7386474016217,210.38720967570154,207.6885858930817,205.60495916257145,204.12216328816635,202.4785428853698,201.32803100027326,200.60668965477302,199.8655795414006,199.51269259341092,199.452223352114,199.4757277462862,199.79791649348763,200.30479959208554,200.96924410289054,201.8565044237116,202.84465795762767,204.03962120817567,205.39363720980543,206.78431388807786,208.41181645634782,210.14545320224573,211.86738128285725,213.84142760402028,215.87829013406466,217.8677966871272,220.11393107600804,222.38802475973438,224.589168856011,227.0438637280024,229.49873900046674,231.86288587973218,234.47183416154198,237.0589441220371,239.54357138251538,242.2597797818769,244.93698034692895,247.50454984770624,250.28715857136578,253.0178684790131,255.63518232939145,258.4489002954877,261.2016270668363,263.8396128049599,266.65443956945137,269.40254105537747,272.03615052875807,274.8270939809721,277.5485779341952,280.1567147838073,282.9037601281315,285.581202593595,288.1470551109003,290.83534704171586,293.4562466411671,295.9673269281842,298.5872610674367,301.15008517328454,303.59232655763833,306.13937380381856,308.65086483995265,311.010851790028,313.484902726446,315.93235581131466,318.22363725138973,320.62779974133775,322.997191865999,325.2399489341361,327.5792288854631,329.8681242410101,332.0741087241489,334.35443648991816,336.56783550112425,338.7430285493442,340.9707277513244,343.11601020952736,345.2648493390524,347.44632672362775,349.5326855399405,351.6579882955376,353.7994511680637,355.83672826838654,357.94033832724216,360.0476044814877,362.0450012745584,364.1287473875604,366.2071714348005,368.17274610075236,370.2388453709274,372.29336715501523,374.2343829231806,376.2852391441546,378.32054777431523,380.2440032993915,382.2819588020862
T28000logg3.8,248.94954899800535,244.68155395612663,239.53804278848082,235.27140710047811,232.04313676703512,228.23415931807475,225.14992041064104,222.85415375122864,220.2097016282288,218.15720042361818,216.6896299402104,215.05346175529442,213.89392458241926,213.15499074924833,212.38428948811227,211.99068943363667,211.88634849135386,211.85151670038658,212.10856049612582,212.55101384558287,213.13527651453626,213.93893132798928,214.84689811156673,215.94549919310555,217.2024052379429,218.5012186313736,220.02089772581974,221.6480364272944,223.26987675174146,225.1285266991297,227.05283277424533,228.9368695170623,231.06296985456996,233.2208732573717,235.31330341717677,237.64534716165636,239.98209813844244,242.23585618291966,244.72105381775523,247.1893632211114,249.56313884456796,252.15555233566883,254.7140806608174,257.1711981473724,259.83063189560744,262.4433134963893,264.9511924873381,267.64279098206026,270.2784413213885,272.80847158678984,275.502532045346,278.1347076810403,280.6622393717955,283.3341025207542,285.9410275173332,288.4454316977037,291.075495044608,293.6399419716098,296.104927430244,298.67872118750034,301.1886472617776,303.60193153116484,306.11020301606226,308.56519586609613,310.9120897365806,313.3504934513152,315.7573522283683,318.0245465837192,320.3929049761233,322.73944229048396,324.93969433383586,327.24088549584826,329.5131651362804,331.6661121836224,333.90489604967837,336.1002573619844,338.2174016984211,340.39950168379266,342.52239826218704,344.6098765273911,346.7414473124894,348.7989718727105,350.8611303320173,352.94839406641614,354.9495680118753,356.9890277017362,359.03803134456894,360.99240561473454,363.01098860489594,365.02741651809134,366.94391188281315,368.94344571498607,370.93251547834427,372.819045353772,374.80160319794345,376.7681264122457,378.6316381635472,380.599690806452,382.54823765999106,384.3955867263784,386.3513531717473
T28000logg4.0,285.79526984413405,281.3525317880945,276.06139549409977,271.66089561027286,268.22782653962213,264.2247430696653,260.96417601041475,258.44091754137224,255.56638801850426,253.30442840975684,251.59296444879996,249.69956598372715,248.30532259843255,247.31131589628006,246.26368664723492,245.61679465281821,245.25050294002585,244.92501732438794,244.91562092344162,245.09264960056476,245.37760689131778,245.90634826117562,246.54824180841257,247.34298475011218,248.3202863335863,249.35450051689511,250.56909749803293,251.91506154962443,253.27542594767633,254.8303633303737,256.474373748869,258.10125281712317,259.92705005752913,261.80743367387595,263.64792023511103,265.68452820112236,267.74791737857663,269.75546774798215,271.9510903349118,274.1512434836202,276.28477294850165,278.5941775480818,280.89051094178046,283.11340689362186,285.49683698685425,287.8537615441496,290.1333234473766,292.5561260060355,294.94232842422514,297.2501120834907,299.6827074235657,302.07751393588984,304.38316609661456,306.8010884173467,309.2016450700051,311.4657312149486,313.84951794015876,316.22454510923285,318.4450580476223,320.7805031544529,323.09427769534545,325.2829709367519,327.5609533955253,329.80073839973784,331.95547781499954,334.17161812294546,336.3360174826684,338.4515893582956,340.60540621659663,342.69969933471646,344.77103070865473,346.8649883515265,348.8965958795099,350.9214571449008,352.9598234761454,354.9359645355032,356.91538969728254,358.9033568503422,360.83154548790174,362.767961827994,364.7111417806043,366.5986966488467,368.4955809835084,370.3996921568322,372.2518152153203,374.1150429636001,375.9856805055608,377.8065921603638,379.6427863249323,381.4851850767527,383.27866089321157,385.0942442424846,386.91318034246194,388.6840553715082,390.4836654203456,392.28354205093973,394.03571144115085,395.82443361609467,397.6094609640683,399.3470706744572,401.1294488920896
T28000logg4.2,287.300072084927,283.6679909689813,279.303103157897,275.69144020256795,272.95357250661243,269.73577981746394,267.1421464150709,265.21017413734523,262.9978834153403,261.29654888857357,260.08372356195,258.7455822270375,257.8195812802267,257.2421170034131,256.65708201317676,256.3985102231014,256.3765286333447,256.433762888126,256.7438441320045,257.20205786609387,257.8011559930626,258.59028657143773,259.4585580357333,260.508788341458,261.69594977658846,262.9093227423724,264.329474097787,265.8422410079053,267.3413690809819,269.05945217613413,270.8336323022779,272.56490999460993,274.5178984703598,276.49733755962814,278.4131089810039,280.5464091722183,282.6823563482726,284.7406557723001,287.00713790092266,289.25722706312666,291.421093473675,293.7795499403242,296.1065210584517,298.3429648857674,300.75713293535875,303.1283658187096,305.4079306502241,307.84632246492447,310.2334958734707,312.5303846284228,314.9662577130761,317.34542648430977,319.63760433595314,322.04898110766624,324.40052410996475,326.66976641505437,329.0394139918311,331.34795263412366,333.58026787166284,335.89587095508506,338.155969051929,340.33600839953056,342.5899561447424,344.8083089553868,346.91698621676113,349.10606702866886,351.2800272034388,353.3151271761004,355.43963012906505,357.55199002128285,359.5319415718642,361.5947961845859,363.63595936133606,365.5760403645761,367.5817888528351,369.55322027599425,371.4603859159112,373.4143849128128,375.3211743225805,377.2001964311865,379.10808741867186,380.95794978096006,382.8116542514209,384.67919246363624,386.48099180404745,388.3113530906554,390.144196836373,391.90650183526475,393.71558730970486,395.51905073580383,397.249409928188,399.0397102020902,400.81867257811973,402.52375149446243,404.2979524188097,406.05692606651064,407.7431173797581,409.5036635815828,411.24694150368737,412.920406183449,414.66960404851983
T29000logg3.0,708.118660065388,709.0227431380395,710.3190615753197,711.600663097006,712.6752760023503,714.1712074606095,715.6320967691079,716.8576749727702,718.5242681723607,720.1384112282392,721.4959288199221,723.3063062406169,725.049590366983,726.5209138176385,728.4505128108915,730.3007988808314,731.8688542184817,733.8951306353697,735.8319624037888,737.4806052915554,739.5827403830017,741.5871541660827,743.3011147154556,745.4597499242492,747.5139956015172,749.2787161881959,751.4757002789056,753.5630941909135,755.3646601159063,757.582977292269,759.6878839556854,761.5130371035298,763.736883413294,765.8448278533729,767.6810791538092,769.8961015502853,771.9940208835699,773.8298806816788,776.0234379739137,778.099872653501,779.925048092724,782.0864194350485,784.1317526605288,785.9374075257597,788.0580498298937,790.0646805302076,791.8436363830751,793.9172531514523,795.8796523177643,797.6264903301795,799.6489319863848,801.5634738298446,803.2744228289081,805.2433412739499,807.1079923546185,808.7806906405594,810.6950951588847,812.5089600386948,814.1420657609408,816.0017981544377,817.7647180589216,819.3575649737394,821.1629949901827,822.8752921412289,824.4276528833007,826.1795258506645,827.8419182204279,829.3539239501382,831.053373985934,832.6669486832213,834.1390645546644,835.7875495797782,837.353700519162,838.7866957487347,840.3860168322833,841.9064828580467,843.3015010804792,844.8538790118649,846.3307941530644,847.6894206897211,849.1975588806969,850.6335023302439,851.9578307887305,853.4249235066737,854.8228887026349,856.1155014988022,857.545145243597,858.9084326583991,860.1723064858458,861.5682654025675,862.9002347442316,864.138490634628,865.5044078870205,866.8083005442044,868.0240098066643,869.3633058336738,870.6421743601436,871.8382426624908,873.1540740717467,874.4107491809858,875.5898231523554
T29000logg3.2,287.72643336938114,282.94785787369545,277.3095393703956,272.6584096149012,269.0396409049377,264.86839639840815,261.5097933534013,258.9232155429883,256.0220216035425,253.78217107736427,252.10529406380158,250.2951348246275,249.01588645529515,248.13328515648806,247.25259460263243,246.7909984769381,246.59504643070866,246.4988550293667,246.72664911733892,247.11804924333472,247.6771879841042,248.47992550145023,249.36773727064258,250.4672952583878,251.74308680487536,253.04435270810157,254.58269469345433,256.24161806285804,257.88151709966706,259.7699624264921,261.733758748192,263.6458959069844,265.8083526996591,268.01006620112014,270.136684344419,272.50899975733034,274.89215522175726,277.18370414821436,279.71188333476147,282.22877185064766,284.6424622553089,287.280446126829,289.890408947651,292.3887634847942,295.0970373106705,297.76554109714414,300.3156673358768,303.06082246662237,305.7592310910939,308.3325832113894,311.08695917267914,313.79226512002526,316.3642446728712,319.10531349509995,321.79927251481445,324.34918001839645,327.0589831521629,329.7361328836107,332.23847172294154,334.903341032886,337.54655306854465,339.995124403581,342.60553009704705,345.1814142918048,347.5938930492407,350.1445329510172,352.639337941309,355.02157590575996,357.51116971557326,359.92374857240577,362.2760458593652,364.7064293016862,367.04163263509884,369.363455955296,371.7383424919538,374.0052488148699,376.29484219382266,378.6188221599266,380.8274201064643,383.08370160161144,385.3618489402618,387.5216629505985,389.7450933862274,391.9828497209114,394.10319171633756,396.29516811229604,398.49802467914634,400.5875477098117,402.7500192653326,404.9230691380346,406.98814430000203,409.1244819933163,411.2721759788451,413.31733965951514,415.4317166140388,417.55807933561437,419.58750501851347,421.68407090563505,423.7932298496744,425.8105290672161,427.8944799062539
T29000logg3.4,235.44695242730708,231.0571401221793,225.8758859126257,221.62689857003312,218.36751952897225,214.61590468694348,211.627594153689,209.3736888811729,206.85881272386337,204.96085062144766,203.5924529817566,202.13899520381406,201.17632383024275,200.5804034628796,200.03004272709717,199.86242602300229,199.9335557930135,200.14416928143345,200.64572167662766,201.28662124690828,202.13159893103582,203.19003538606856,204.31169916299038,205.6785233199833,207.19394099610895,208.7152702342861,210.50443452796233,212.38863137009264,214.2364726586718,216.3611309371299,218.5373646392786,220.64685918151736,223.03256463264722,225.4351843719596,227.74989306853064,230.33379033247576,232.90731641016396,235.37872155211755,238.10782566705163,240.80524261349152,243.39136801829682,246.22033554661942,249.00134964378617,251.66538468608482,254.5551801645904,257.38531506114566,260.094976186087,263.0123906410073,265.8626183904445,268.58987048579183,271.5070898698483,274.3533440075013,277.07409497492694,279.96807649401933,282.79044725208894,285.4846296548807,288.33686216584925,291.12685284550696,293.7710441945751,296.5675688483871,299.3204269062949,301.8957089723907,304.62720886012795,307.3131822432875,309.8340871854259,312.49587892481543,315.09478341138936,317.5746210863757,320.166177607964,322.6762260658753,325.1170606015287,327.64090805031356,330.06714266524176,332.4692482160791,334.9297080013897,337.28080390034836,339.64375121114585,342.04597785368816,344.33162033977356,346.65550248317476,349.0050751139668,351.234537806303,353.52080548896015,355.82353969080253,358.00542927230447,360.25669350654647,362.5183558754976,364.66131494650125,366.87996915681293,369.10595458932687,371.2177397775385,373.4063443804024,375.6015231773074,377.68790366101547,379.8501567377578,382.0190211046766,384.08472391166293,386.2249417583712,388.37195276735554,390.42129672895214,392.54438972722033
T29000logg3.6,233.54978719800508,229.17713599703922,224.00155103179878,219.74425494952604,216.47364764883895,212.69534732730895,209.67170627599037,207.3849793220967,204.8197184522731,202.86679302627724,201.44968624292002,199.9290818664031,198.89773366972685,198.24189726275762,197.61313535420945,197.36779523300706,197.37157156835318,197.49670208518265,197.9150253688478,198.48404833058987,199.2396751469753,200.2121222011598,201.25969999679072,202.5358498199975,203.9646975455393,205.4115985054765,207.11078704101072,208.9095716985509,210.68416784291225,212.72110404134835,214.81433281829752,216.85286670150595,219.15407034970468,221.47682267074532,223.72351867552794,226.22650804932107,228.7234661021749,231.12999226144845,233.78165567967307,236.40558663990132,238.9298553745971,241.68443937898354,244.39455496882897,246.9994307032877,249.81723940236805,252.5782884729288,255.2309690439199,258.0778972282396,260.85983253269467,263.5316416276694,266.37887692476005,269.15606450082396,271.82278253248086,274.64643280966243,277.40060340644686,280.0390702051813,282.81998157400164,285.54839070007364,288.1283905760322,290.85226585163315,293.53611858139135,296.05225111849364,298.7097261690808,301.31685649626394,303.786026674875,306.37256395505983,308.8910993949025,311.3185175912903,313.8337984412966,316.2650508728719,318.64997352558464,321.09675116131996,323.44761085182387,325.78883838108317,328.1716887335209,330.4515153649686,332.74842307945937,335.0728223993826,337.29067620221997,339.54455619012913,341.8163621144416,343.9807318196554,346.19429594957427,348.41951926088376,350.5388873024606,352.7151993337187,354.89972576184545,356.982319157222,359.12443323375174,361.27377364811747,363.32601573802424,365.43811118972684,367.557302045597,369.58424989313266,371.6711100001584,373.76480413367693,375.7705701055188,377.8374128169163,379.9101257967568,381.8987959761178,383.9507780023574
T29000logg3.8,242.79587509251408,238.52407360627413,233.44913576895706,229.26100316493861,226.0409946706726,222.30417791224318,219.29939105609265,217.022664611052,214.452729662103,212.47960102781929,211.0404014416626,209.4798785488562,208.39868979250554,207.695963669412,207.00094990290341,206.68381112432164,206.62200449787318,206.66184946087,206.99272002405186,207.4825992626253,208.13975094863684,209.0141055985262,209.97313761231317,211.1422921885235,212.46644013964686,213.8188239223545,215.40624938755607,217.0969170316273,218.7737896502331,220.69705018954915,222.68109676946386,224.62079842981927,226.80833682153326,229.02236540955343,231.1705271209589,233.5610348674806,235.95062611394633,238.2598266609308,240.80077428816548,243.31906123620848,245.7476701623936,248.3934441621837,250.9996315226631,253.51070803027173,256.22148561237236,258.88001939771124,261.4407750029815,264.1820910090847,266.862378891068,269.44404934371835,272.1866695200259,274.86242521725313,277.4407721536537,280.16048610839454,282.8139737362473,285.36484335764345,288.0423626189178,290.6713390686966,293.16385716988265,295.78493712638715,298.37060001312886,300.79949139999337,303.3549500881299,305.86594184189846,308.2475694921239,310.73305154460627,313.1576801433795,315.49727875673955,317.912586190637,320.25206499959137,322.5491047554558,324.8970823287573,327.15822773048706,329.41166217715573,331.69696257746523,333.88902776996474,336.09841205196324,338.3265819197113,340.4586950467859,342.62534977050126,344.8023339743628,346.8827677049751,349.0097158067185,351.14156776565187,353.178593328339,355.2691145530525,357.3617244308172,359.3633779878337,361.4206903458365,363.47956529522816,365.4519921046715,367.48054715331057,369.5107377568148,371.458850764365,373.4635860281432,375.4697340144317,377.39761124871274,379.3837254769364,381.3702630527872,383.28208337864737,385.25441164156155
T29000logg4.0,250.0997838762968,246.39035497177142,241.98803437129712,238.37418172898,235.62262158521838,232.43735632688782,229.90076986185508,228.0093898531224,225.88669111434783,224.2904071819067,223.1637702792875,221.9611480064798,221.17859191862854,220.72517460368718,220.31216404504914,220.22725196712173,220.36032777168847,220.61799652305055,221.12491943344122,221.76310412895094,222.58416243258196,223.58742618855078,224.65530248278034,225.94336155384292,227.35708688499864,228.78514679478783,230.45423211251997,232.20190478124113,233.92685207704767,235.90107477897578,237.91523485359275,239.8801986724897,242.09348674059999,244.31542351679997,246.47008789930365,248.86551975991844,251.2445249798865,253.5448144719354,256.0734377099752,258.5656738891885,260.9727734441103,263.5919524545188,266.1590937010515,268.6385115482444,271.3109233550378,273.9193738851769,276.44053183126596,279.1338361984666,281.7544766909946,284.29067858312783,286.9774200008567,289.58503270801805,292.1140752812166,294.7717174094088,297.35051111228813,299.84914452774746,302.4598437100159,305.00683644935424,307.447415154585,309.9982662949329,312.50554353432705,314.87414633692504,317.35705602150233,319.79719986023747,322.10799117956697,324.51939406942466,326.8753419143491,329.14010382424544,331.48025630513257,333.7522254337965,335.97207376421903,338.2440588979947,340.4385153705789,342.6130853138207,344.82172839128106,346.94681735329203,349.07701172740593,351.2280141980751,353.2919675359383,355.3802056448008,357.4796429338918,359.4900460546711,361.5401440675885,363.5941328991809,365.558249334864,367.5745358470989,369.58904392549346,371.51485348783683,373.5006896326565,375.4813375157951,377.37623619510845,379.33495757039464,381.28690735958435,383.1566657645885,385.0924867158558,387.02048426993827,388.86999044622644,390.7874031087781,392.69593376776436,394.52945682026825,396.4331826026806
T29000logg4.2,271.95544555620836,268.4733272185886,264.3340390419162,260.9317617559691,258.3366548973117,255.32767053836898,252.92741833330393,251.131577526208,249.11268179411357,247.5900215633991,246.5071735154425,245.34844112554296,244.58768800825246,244.1345098718556,243.71604863827778,243.61039399671563,243.70734090402075,243.91955075578088,244.37142476140562,244.94364950245424,245.6873153998023,246.60823692314477,247.58600051656464,248.77147111238526,250.08144711615566,251.4001359403852,252.94715991954212,254.57474597478557,256.1753656917276,258.0130092682051,259.8950484158439,261.7244383370781,263.7905891846573,265.8717594500331,267.8825824514271,270.12347748332485,272.35583220440094,274.50651117189796,276.87578228016883,279.21768283222895,281.4714930244477,283.9285320391533,286.3434163328434,288.667521454109,291.1766907695393,293.6324657651178,295.99774907719166,298.5281255966799,300.9970414663101,303.3779302114314,305.90327582414625,308.3617072298241,310.7365385800083,313.2353319809291,315.66559689003594,318.0148574897728,320.47021236170133,322.8699810042165,325.1670429279169,327.56680984751347,329.9337405293715,332.1603675756429,334.49700361947293,336.8055161121277,338.9749289456877,341.24516518823026,343.4771044822669,345.6025085264572,347.8065530390918,349.9592630522995,352.0444397018866,354.1851346560902,356.26258232070427,358.30914487360354,360.3909477709486,362.4012110317917,364.4094116671855,366.43758331145426,368.3896756052084,370.36029978763816,372.3404463994159,374.2427875559473,376.17796524737355,378.1157814803347,379.97600304031357,381.8789135270502,383.7799958727095,385.60568448191646,387.47938197062297,389.349011426554,391.14702705155025,392.99472709969996,394.83776373100693,396.6133354287248,398.4392224350736,400.26016781184774,402.01762029103554,403.82625644090217,405.62935210892533,407.37248734693895,409.1685256526928
T30000logg3.2,515.4202267125876,516.1899113233494,517.2666256236834,518.3558636663316,519.340342284228,520.6664122694589,521.9776621699016,523.1559470411402,524.6998394722625,526.2049269448221,527.5565789600024,529.2889442659656,530.9615590782748,532.466808195013,534.3603011547724,536.1758646780971,537.8156391644075,539.8447904734135,541.7803226226837,543.5362435002814,545.6772128115845,547.7111387424073,549.5654563247218,551.7958182390478,553.9077419234704,555.8432105072286,558.1416543410629,560.3121665020777,562.3119555007768,564.6582714630856,566.8690138871817,568.9168334175708,571.2920811911775,573.5258980531005,575.6061787791724,577.9928733323508,580.2340103707294,582.3321530373239,584.7145868460789,586.94900558834,589.0517514559141,591.4163791875629,593.6320750101976,595.7278872752204,598.0636486061285,600.2508964332912,602.3302881713882,604.6287142336904,606.7800867851743,608.8356797563238,611.0907223025276,613.2009111412224,615.2272898017686,617.4349263376563,619.5003562406462,621.4936956952575,623.651407992091,625.6697995170872,627.6274561128587,629.7337873161686,631.7037895457651,633.6240058362989,635.6783298009536,637.5993035218851,639.4810927736748,641.4834874967049,643.3553942710678,645.1984502600335,647.149615958734,648.9736801245016,650.7775702966597,652.6787438938514,654.4576017900312,656.2214891745376,658.0743681951681,659.812172803705,661.534623232325,663.341377358112,665.0393711058932,666.7229099153132,668.4862705117772,670.1363107410073,671.7940365379151,673.517338314344,675.1182829668901,676.7575247128264,678.444619065776,679.999971496489,681.6243789292943,683.2794045562543,684.793792038346,686.406367118532,688.0334191451794,689.5119307411186,691.1150990776548,692.718015910551,694.166335149039,695.7614623559066,697.3437128514065,698.7673823970001,700.3552217495459
T30000logg3.4,280.229814334504,275.13013909758786,269.1924659711496,264.2921764553628,260.369037544166,255.90889661404273,252.30833261248532,249.43548445503376,246.2573879830313,243.7840756236659,241.839408819739,239.7649722089123,238.26136792481608,237.12917707319406,235.99684205515229,235.32012521473112,234.89201563894648,234.5564336375054,234.57822346479284,234.75386449003764,235.08549383726728,235.69125177576092,236.37862866770928,237.2622099073356,238.35001045080423,239.46508084226753,240.7987004904315,242.27867321359707,243.74557652949846,245.44028762115914,247.23423423378446,248.98556974848805,250.96504228409765,253.00613734408935,254.98322643939838,257.1831016642191,259.41508935839926,261.567422214439,263.93343393619966,266.30896834800626,268.5925052132138,271.0781692495692,273.5567447381005,275.932684134578,278.49791310208826,281.04832249144266,283.47912951584874,286.0898642751827,288.6980577486225,291.1392051799137,293.7671279837335,296.3743179051462,298.83560473232785,301.4575165547497,304.0281520419394,306.50480835659204,309.10214030351904,311.625162972476,314.09614600739235,316.654793564698,319.12691914433515,321.57139366512865,324.08151448331574,326.50149453129,328.9044619191522,331.36045389932843,333.72868016743246,336.0813395586839,338.48151236393005,340.80124958715015,343.0988143240545,345.444413342841,347.71697308226544,349.9615358648809,352.2555460967652,354.48092844266785,356.67880632531046,358.9251144671141,361.1049233375582,363.2625057937889,365.4655487801786,367.601900538737,369.72629231103383,371.8909173067668,373.98669474052036,376.08500019229655,378.21612737763246,380.2735882047964,382.35349299641746,384.45568705432225,386.47936513855205,388.54549885634754,390.6227890541409,392.61812178061234,394.6733248091801,396.72940282345087,398.70250858722227,400.74871123162103,402.7874249180319,404.74413903860307,406.7841850323483
T30000logg3.6,226.46103115111808,222.4259079421197,217.70408128269028,213.85645938272205,210.89566274820424,207.52722976043836,204.87313223255887,202.86935485361423,200.6729103277536,199.05202563708013,197.89214417828575,196.70225370303527,195.9681407810047,195.54509715615777,195.2118443060408,195.23162680053957,195.4451538249088,195.83355605545512,196.48765261565373,197.24494512530978,198.23453101358388,199.41608825225498,200.632025220251,202.11559843366427,203.72947775251333,205.32639304116557,207.20909972264843,209.17126998345236,211.07904556952514,213.27807826609822,215.51539282062328,217.67179632307685,220.1160693005838,222.56586074795956,224.91661209351236,227.54594903509167,230.15512335921932,232.65339421682566,235.4169115460287,238.14040581215883,240.74554573833413,243.59965669635648,246.39889610724697,249.0751882832466,251.98234224922402,254.82434721372505,257.5402568700675,260.4684028251365,263.3256028119458,266.0534326200949,268.975698481775,271.82555565555043,274.5411894079711,277.4353857826917,280.265973508462,282.942724480895,285.79111310565395,288.59251500911677,291.20965731764466,293.99903626202286,296.7351944783668,299.30636087806664,302.0281194267209,304.67834129997755,307.21014853884316,309.86015872885935,312.41900051732125,314.91086860492675,317.4889739896844,319.95863624641953,322.40921380690236,324.91817963717244,327.3077102861788,329.71367502735296,332.15799133547836,334.4783007996385,336.8373300427059,339.222296565867,341.48387332212,343.79556380554214,346.12687829300046,348.33985135597413,350.60506100613236,352.8886126134667,355.0610405758042,357.2830852188223,359.5246638175008,361.662242604358,363.8465704326654,366.0516054256191,368.1587568633503,370.3114177046321,372.48486794722305,374.565325406536,376.69229811688166,378.83874328065446,380.8959240482362,383.0030116007135,385.1269201343878,387.1644400144873,389.25722904712904
T30000logg3.8,234.8414801538404,230.70406246251966,225.83193919222307,221.83210369450302,218.74118447285318,215.19317118180794,212.36304862883895,210.2098116491314,207.815024576758,206.0032862190177,204.6816744459845,203.28297488284224,202.3502316923752,201.7588767231368,201.2127202946105,201.03149018376362,201.07460365369022,201.25081145931424,201.70556891831524,202.29379079204728,203.0754330767253,204.06232356210006,205.1131716247792,206.3956818710427,207.82176558975866,209.2595911867045,210.95008479011153,212.73295096137758,214.4891939038841,216.50619034227708,218.57364521409198,220.58707767895635,222.8600462053269,225.14968461971154,227.36650325207114,229.83521115415323,232.29367756584057,234.66707174835508,237.28010776538653,239.86164296907756,242.35067773902495,245.06358785453762,247.72850942770253,250.296977934797,253.0710710508756,255.78494946621976,258.40079899686083,261.20274646929636,263.9355685076657,266.5713066427946,269.37292120871643,272.10213084479346,274.7314848651917,277.5094652010707,280.2285455072083,282.81761838186424,285.5533990901878,288.2439034587739,290.7791593117689,293.45898105909333,296.08318346263025,298.57901668134593,301.1939454128916,303.73523729484714,306.19361281825377,308.7393245726262,311.1971067014026,313.6121738081386,316.08829381232516,318.46754858052395,320.8346787545354,323.24372690672504,325.55170610601374,327.86889788386463,330.2151861466556,332.4590551326732,334.7274093890762,337.0161468206164,339.20312031866706,341.4253147915143,343.6621165753427,345.8001886495073,347.9789959607062,350.1696271609309,352.26609535000193,354.40531459883306,356.55542518359863,358.6157033849324,360.72078586143647,362.8356732363827,364.8642180239863,366.9409415331683,369.0254562990948,371.0273786352315,373.0801586676072,375.13879058224495,377.1183789544056,379.1519806972719,381.18907042693075,383.15026062193397,385.16968352812387
T30000logg4.0,236.1665036481746,232.53789670119772,228.2712781052559,224.78498385393559,222.10917875014252,219.04754675826368,216.62714471047346,214.80750136453835,212.79815390131046,211.30824196886886,210.25011984828214,209.1520530630894,208.4673823857544,208.07987176880664,207.7637593748994,207.76927171131587,207.96604324002348,208.31398146739713,208.9048904876386,209.6049524182543,210.51065099144327,211.59239037572235,212.72067193918235,214.0886498843492,215.57622648090307,217.06357199239338,218.80871790452284,220.6265154234345,222.41003120372488,224.45738116126313,226.5387896382689,228.56197551297913,230.84619923177877,233.13325529258623,235.3461613022821,237.81108566090342,240.25386595152779,242.6127221625666,245.21010437054218,247.76550276646498,250.23184129401133,252.9197556433375,255.55014506693627,258.08986485900357,260.831686350587,263.5041973797703,266.08708531482574,268.85113631319933,271.53686017615195,274.1370831436269,276.89652898262943,279.5752169558601,282.16651172417284,284.8992221089958,287.5658342852623,290.11482764718346,292.80328036938414,295.4403055981205,297.93430787809035,300.56568399194543,303.1369921358178,305.590355275567,308.15646080685525,310.64595940817856,313.0612549331264,315.5582230669987,317.96558224544776,320.3372745889617,322.7648897945454,325.09510987502335,327.41866345228885,329.779455558741,332.03946817697465,334.3130803386774,336.61125911896204,338.80779276471696,341.03273002221454,343.27340869494475,345.4132227905156,347.5923623151562,349.78106424722085,351.8718151997193,354.0080134060456,356.15041976401227,358.1991805349787,360.2962281613451,362.39791792884984,364.4100358403493,366.4732773702708,368.5395176949398,370.51949702796446,372.55456959593675,374.59020494834436,376.54326532377263,378.5544086674406,380.5639141788197,382.49441792581115,384.4862254097522,386.4738662622621,388.38581239215955,390.36296210192774
T30000logg4.2,255.1028448942828,251.68993545469687,247.6994189933016,244.44475744064013,241.923497473278,239.0584452270988,236.79969333511653,235.0818546421993,233.20209628156798,231.81491672861952,230.81366058543722,229.7892480339958,229.15805288495056,228.78941611282676,228.50050675363133,228.51864017273707,228.70244901381764,229.03945036688944,229.60951235936773,230.27028254796866,231.13407348792305,232.1677882384479,233.23516655712376,234.53624445561306,235.9539535950518,237.36282845362783,239.02120942149892,240.7518562848342,242.44280915676984,244.38783651679267,246.3686330015837,248.28810997476,250.45797873376233,252.63407111659944,254.73454733145286,257.0759300737698,259.39998016314036,261.63964318843324,264.1065979281953,266.5375819787632,268.87954099217717,271.4319738501031,273.93403101831933,276.34540336110604,278.9482168747023,281.49006965876583,283.94158971919205,286.56445531647233,289.120286311042,291.5852709724049,294.202510360057,296.7649681704859,299.2062153287486,301.7967777021016,304.34669536115143,306.7468414527883,309.29422531809485,311.7905435163265,314.1621637992179,316.65441362937014,319.0783164932006,321.419889093819,323.84950841219666,326.1951534043545,328.50015884199445,330.8637622953857,333.13467248876236,335.3944607201197,337.69204457787714,339.89510584688605,342.1035751638408,344.33767948072745,346.4800014863444,348.63518959532826,350.80992575615227,352.89904387045954,355.00127108836176,357.1215685315535,359.16335217050516,361.2161240067237,363.2872895951594,365.28538660338836,367.29524100155703,369.3227117392642,371.27997913102416,373.25457931927735,375.2437161010613,377.1638021141937,379.10988690503575,381.0657636955294,382.95311964105235,384.8761277793319,386.8034311207484,388.66229796372386,390.5672677468606,392.47035363935413,394.3049092104277,396.1964843949375,398.079485364109,399.8941161012791,401.7763963907104
T30000logg4.4,271.4488385780129,268.5923714714433,265.25772344545067,262.5607151201012,260.50183999149937,258.1740738336786,256.36951965555835,255.03055590026548,253.58552295080196,252.56304375628633,251.86708651934873,251.1891832148137,250.84581173105215,250.71823530284559,250.70048445733056,250.9407810333821,251.30997344907672,251.8540636971456,252.59047117351227,253.38869657895788,254.4054288474196,255.55841016262426,256.72241072793025,258.13106612357217,259.6285599154115,261.09956005557854,262.8277423621736,264.6053159982869,266.3295865310057,268.3132284223137,270.3137559910462,272.2427399872122,274.4256148031857,276.5989930528424,278.68953661379317,281.0230146949047,283.32583443991206,285.5398928564449,287.9819322404405,290.3764670907718,292.68042998791213,295.1943536688447,297.647473832715,300.0115183681584,302.5651630717205,305.04785066521947,307.4454045259775,310.01087174815723,312.4978777214694,314.9058186344864,317.45946145007633,319.9365105308579,322.32808792817957,324.85058519420187,327.3179313329389,329.6593322286187,332.1356409166645,334.56734525417244,336.85858166488663,339.27801938272114,341.64366107533306,343.8969981681809,346.25314236084296,348.54228376707755,350.7575160605035,353.04770821525995,355.2599610190424,357.43343351973795,359.6580787563934,361.7990309005212,363.9264538345825,366.0882011173813,368.1651069345965,370.2444147932263,372.34733316312713,374.36689567235874,376.3990328008218,378.4479326025901,380.41711874444377,382.40413303215166,384.40411836698206,386.32948993282145,388.2745093737846,390.23080304501144,392.1171502677097,394.0253797908415,395.94311474543395,397.7942833174675,399.6717199177509,401.5557681946026,403.3753482638798,405.2277999746884,407.08267578328224,408.8742161581944,410.7069601280846,412.5368554141109,414.3043193613419,416.12175673567083,417.93063371969845,419.67870694300075,421.4841421770185
T31000logg3.2,461.59817248456756,460.931485731663,460.29387565144384,459.939411649685,459.7935090143257,459.77496340005155,459.96182161988816,460.2801976268268,460.7967623852245,461.4507167149421,462.17963846777053,463.15473126760344,464.20780720089397,465.29611697861094,466.65949008922166,468.04922370856286,469.4481504103852,471.13544791111275,472.80466947131845,474.4680491111893,476.4207675997747,478.31756845059306,480.20216563606186,482.3675551809128,484.4452128824527,486.51093326211554,488.84189568416326,491.05878868062996,493.26884233759415,495.7235841370891,498.04284198023055,500.3635500092578,502.9049020602883,505.29394226171564,507.69429279226347,510.2892521505473,512.7190855305188,515.1711446755666,517.7908552492415,520.2345605201964,522.7152997937072,525.3352172797083,527.7739384039223,530.2596446566668,532.8595203816265,535.2793701217477,537.748592691192,540.3120764822836,542.6639121040872,545.1369448407978,547.6510080159221,549.9257062603037,552.3883952512155,554.84292481609,557.0456304582563,559.4747534781293,561.8625915755342,563.9974990168773,566.3762468640618,568.693297336032,570.765195223733,573.081640296366,575.3265115168595,577.3420027493771,579.5870920516854,581.7604880551341,583.7232419605559,585.8945642023264,587.9987994359686,589.9103646940022,592.010660092686,594.0493884141345,595.910392199915,597.945963167153,599.9239717321165,601.7347111464676,603.7144509907936,605.6373782999577,607.3998513064171,609.3326001556704,611.2065358386991,612.9265755898458,614.8181747605067,616.6492706571332,618.3335731017509,620.1892774968127,621.983635517441,623.639263656426,625.464257987177,627.2281029631511,628.8614546269739,630.6621607389476,632.401855047249,634.0190625182009,635.8024018556196,637.5240087003729,639.131272663087,640.9031326125154,642.6117367010273,644.214536049707,645.9793714044849
T31000logg3.4,321.75570389327703,316.38697459369575,310.2438305313262,305.1818453355318,300.98583895867057,296.30039616642927,292.5169034128837,289.3698589779886,285.95115285825153,283.27795518216874,281.06003958562223,278.7337086594511,277.01708280107607,275.6144172298778,274.22242234291105,273.32303431908514,272.62873202600446,272.02893252135397,271.8215687841143,271.73648524445673,271.80196176910067,272.17484565415396,272.6076880152367,273.22543907030297,274.07924424493063,274.9463918116824,276.0165205102595,277.2638912252075,278.489567476594,279.92485318251795,281.4901670591768,283.0065382874889,284.7320138225319,286.5506915095586,288.2983680223842,290.25056820125565,292.27274005805805,294.19576795491315,296.3210320853178,298.51086814707986,300.5543082756081,302.8065868528979,305.0744852024398,307.2489983821404,309.5884739013591,311.9026359681956,314.1712551442572,316.56387125355593,318.9092779216634,321.2280608134753,323.6454449324497,326.0064743592295,328.3418194711473,330.76097221305395,333.1251946485163,335.44946090857843,337.8521641933245,340.20251522968084,342.50105429859593,344.87342959957914,347.1926838048547,349.458790222324,351.79103645226473,354.05754487418227,356.29655613209945,358.58289049999166,360.7872158916698,362.999856201407,365.23823813293916,367.3878898343246,369.56477675629617,371.7561195109379,373.85594229378296,375.9955074607936,378.1426026850934,380.19677867198277,382.3013129457437,384.407920882996,386.41979366920526,388.49419976928425,390.5646027815526,392.5385684635487,394.58787612610377,396.6267093714387,398.56848900304874,400.59715893622416,402.60912763207295,404.52507156737386,406.53687337112854,408.52631667021444,410.42273976641064,412.4206258570124,414.3912996569958,416.2739559186508,418.26054326850914,420.2158580343056,422.0900283400809,424.06827720579173,426.0117236493748,427.88255120380586,429.85613706866377
T31000logg3.6,251.80540689417467,247.3818627817845,242.28761709538162,238.1282851058844,234.80660763339282,231.0854099149065,228.1331944153128,225.79523250303484,223.26473889422306,221.3586706439015,219.88991678181398,218.3834874579845,217.37625705218298,216.66794076854956,216.03431907414677,215.79211412589325,215.74206721172365,215.84495174130785,216.24732843862992,216.7608475736471,217.47865920877462,218.41807498326486,219.40822435123283,220.63274685306814,222.01346674104195,223.40079209242552,225.0362741535814,226.7738196350621,228.4865798627468,230.4495166614017,232.47042410062335,234.44493412953648,236.66366544235257,238.90505898807487,241.0858092187546,243.4997545825942,245.90849279119604,248.24765474597316,250.80568967915374,253.33584005580283,255.79289695292496,258.45129028408235,261.0692168462583,263.60286310108256,266.3239024173988,269.0101556364089,271.57478893537314,274.3263989768788,277.0312293146102,279.62111761916316,282.37659612811,285.0569065512052,287.66868093317476,290.4061763139778,293.05047831246463,295.6574357545113,298.35952833810177,300.95926642365094,303.53968788742185,306.1933167819179,308.7402670262543,311.2800143117254,313.87638349351204,316.36633565436307,318.8550851687892,321.3895157648776,323.8229531256036,326.25328763671956,328.7248302870197,331.1033680701711,333.47333043977164,335.8838253374217,338.20875673154785,340.5214570203851,342.87443245446946,345.14614733725966,347.4084589198455,349.7082951046693,351.92748713782686,354.147559953682,356.3991218303612,358.5663089481326,360.75358764859834,362.9620670715182,365.08143933205076,367.24231741797666,369.41290278869195,371.49137925900783,373.62940262133804,375.7669333494012,377.8112694813592,379.92943331619085,382.038263370402,384.05475790318064,386.15575516055554,388.2399032585786,390.2337455378647,392.3210715138081,394.3845487012428,396.3610292524052,398.43836216097964
T31000logg3.8,229.15925810881876,225.17530074279475,220.57528862608274,216.83499692954476,213.89170993683632,210.5920984760307,207.99742514533506,205.98552290887358,203.8163180416172,202.2168506397297,201.02987491947104,199.8348955890635,199.0923017998415,198.62857699515854,198.26552232409944,198.25364430198735,198.41728069422163,198.75729801778675,199.3619750434489,200.06356947940588,200.99115878090578,202.11003892133118,203.26721633770038,204.6792793149877,206.22093784478125,207.758182279562,209.56325789209376,211.44675704880353,213.29568838941697,215.41367917957868,217.56832601631356,219.66798981063928,222.02988862973385,224.39490807554148,226.69193067617147,229.23902819655603,231.76264519382877,234.21070673958513,236.89306634807392,239.53096993848135,242.08980962022724,244.86447019781508,247.5775674359148,250.21256258539188,253.04232977694483,255.80802348013592,258.47752771244416,261.3305373674774,264.1308501816763,266.797516193551,269.6469440133664,272.4278491896793,275.0989401151305,277.92272950489973,280.6530787089317,283.3212117134726,286.10183847022194,288.773496056451,291.416389960362,294.14089011636787,296.74960804148566,299.3493471256696,302.00923640745907,304.55155252136893,307.097619756269,309.6887243759859,312.16414726792186,314.6508513100922,317.17275350260104,319.58480212633907,322.00905470165395,324.4641285784569,326.81582511389814,329.1797468069402,331.5720326113756,333.8671581375454,336.17498115211527,338.5093850016075,340.7514939300262,343.0092837600804,345.2911375697777,347.4831852350776,349.6985465022964,351.93338128519173,354.0792350930998,356.2592683166036,358.45252373319084,360.5554987422396,362.7076574743976,364.86443654820374,366.92948469323727,369.05898186720117,371.18397142446156,373.2168785957342,375.3274140360803,377.4249504176785,379.4320233689345,381.52634902688584,383.6006411006024,385.58786768145353,387.6690161831666
T31000logg4.0,230.05688728888177,226.46585413741727,222.32331003193642,218.967015694184,216.3390035181058,213.40123608114723,211.10796305358193,209.34457743904656,207.45720963191775,206.09016616307295,205.09495272984026,204.1155399815347,203.54834654579142,203.22868824391773,203.02667897751522,203.14334389638253,203.4112634580654,203.86781957869783,204.56294549873397,205.33604882674203,206.34424871986738,207.52291246316094,208.7248892349437,210.18884255033765,211.765898587724,213.32651075579696,215.16090692109339,217.06078264816693,218.91624975152888,221.04617991952227,223.20256223018447,225.29575598126135,227.65616411602238,230.01161364739195,232.2920698491783,234.82720835191924,237.3324591355104,239.75613619291863,242.41832607755535,245.0310639709251,247.55930583094778,250.30724804465314,252.99024421160095,255.58934257952015,258.3871295097605,261.11539259602984,263.7481863181074,266.5649122349311,269.32809476426246,271.95123458905266,274.7608462129404,277.5061007162564,280.1270178960103,282.9081141891113,285.59998077188516,288.2167303608257,290.9523852324737,293.57970054195056,296.1741014397269,298.8519233112097,301.41251730659906,303.96554201489147,306.57758880735037,309.0713865782898,311.56999017587407,314.11250321893374,316.54058641453355,318.9780479382169,321.45081934021624,323.8166657947671,326.19011494617547,328.59559687152034,330.9011508040896,333.21381892284,335.5561024298233,337.8029023659567,340.06124448519876,342.3452884061888,344.53653864924905,346.74697542695844,348.97814889907795,351.1178743752538,353.286873744655,355.47069010286623,357.5634905240898,359.6972977635611,361.83918374323355,363.8888871383152,365.994379325336,368.09947663054754,370.11121188648406,372.1934355603241,374.26646107627175,376.2460376015725,378.30869342152425,380.35401862230975,382.30774135776613,384.35359754708287,386.3754233178297,388.3090950311748,390.34125049113493
T31000logg4.2,237.68081440681942,234.45009755981118,230.73964283280367,227.74691995201354,225.4028842896489,222.79981432946255,220.78506084340836,219.23957698304662,217.60480826682408,216.444601463694,215.61081833772468,214.8152896379955,214.39497893176556,214.18894108629195,214.1138691218918,214.32775646184098,214.66928081450305,215.20593169144686,215.95746655673122,216.7710051344191,217.8212169045483,219.02313788427236,220.238440727147,221.7137647928595,223.28743551805746,224.83952479805043,226.6609903266064,228.53632519355733,230.3659846641939,232.46390809815895,234.57910775846844,236.63299407379264,238.94660241028842,241.24789222676526,243.47873630958753,245.95570898812025,248.39662251571048,250.7630131275717,253.35836198485418,255.8985691820165,258.36427385367256,261.0389135456111,263.6436284903417,266.176099177824,268.89592958311164,271.55143040955994,274.10525198432856,276.8408730179941,279.52285241020746,282.0711470253664,284.79775056395545,287.4513554038093,290.00566631590567,292.7029327397462,295.30493998895315,297.8529791788972,300.5049714702103,303.0486512533507,305.56948899288324,308.16468526954344,310.64735840622006,313.1239152513355,315.65502511853316,318.07445261314797,320.49689621379906,322.96059404581206,325.31745891352045,327.6800562023677,330.0762611662259,332.37203262608807,334.6740486323102,337.00515121124585,339.24049911397026,341.4862333533718,343.7561217533609,345.933190533533,348.12810948803394,350.34150403098783,352.4636634379376,354.6135561473054,356.7755531156101,358.8468253103785,360.9576489674214,363.0734845351815,365.0973174715965,367.1759802059965,369.250846906758,371.2323771317779,373.28402906953596,375.3228608235746,377.2684697931388,379.2965657936835,381.303925778872,383.2198862616294,385.2274152809663,387.20753375584576,389.09973677320113,391.08964150147324,393.04653147042814,394.9197628909228,396.89582165212175
T31000logg4.4,266.3944956348714,263.2001105609209,259.5975566860456,256.69939101506384,254.34485695608973,251.7809137260401,249.798385074492,248.20350989031695,246.5508141102393,245.37085533268015,244.45585503821223,243.59564075701553,243.11270297576715,242.7998357145907,242.6221691110187,242.73848091809225,242.95295998547016,243.35681949366767,243.9826891125939,244.65359615469782,245.54728464735084,246.60121685174275,247.66227156257122,248.96291204809228,250.37128264654837,251.76082228642298,253.3942028980871,255.09123518712332,256.7528897391493,258.65334720724087,260.5806643871677,262.46358891575494,264.57357002549014,266.6800996326353,268.7390910933809,271.0089298093415,273.2740830270519,275.4457937081468,277.8326297692834,280.2102634649634,282.4674945327296,284.93405156062965,287.3578203715622,289.7022321068962,292.2158554926828,294.66298504934616,297.0603439500711,299.5928091001922,302.0449304460802,304.46408567694846,306.99151112454445,309.42991948470205,311.8476322007879,314.3504871756101,316.76007865980733,319.15711002357324,321.6201346283843,323.9866840807058,326.35065551451146,328.76286831364365,331.0716837965408,333.3984137702156,335.75292269393583,337.9908469295599,340.2820459903211,342.5756147192315,344.74817609622687,346.99346215564117,349.2258531090878,351.33970789259683,353.53298489789654,355.7062027051037,357.76485320655553,359.90719174088827,362.0246824504872,364.0311167239665,366.1266954578339,368.19267364367425,370.1506139949565,372.20437389898063,374.2233833838553,376.13802893137535,378.15423568248013,380.1309446037285,382.00835417363635,383.9908363910854,385.9298392246858,387.77649287666236,389.72863712627895,391.634204905115,393.4563757033661,395.3814601294533,397.2574815212756,399.06092909039137,400.9623310050862,402.8123982629194,404.6023220462796,406.48364601298033,408.31096066313137,410.0923342441515,411.95725358728373
T32000logg3.2,405.87001232648896,402.44318911097173,398.5666571268595,395.43178151801874,392.8915252005997,390.1072539196553,387.9303433854916,386.186019244578,384.3540814499043,383.01152209696295,381.9752498366029,380.9670245429802,380.34506322390854,379.93260835489303,379.6304634427279,379.62503604321836,379.75645542320757,380.05334430504405,380.56975199903445,381.1697485140917,381.9687786071496,382.9214927286822,383.91986279592845,385.13424653717334,386.44687960437403,387.7789634283241,389.3316082353878,390.93656050248507,392.54323201296734,394.3661138270863,396.20423220330997,398.03170030182804,400.06529540481097,402.08572226005174,404.0851381227747,406.2778217030277,408.4355587498729,410.5647988606818,412.8722353694631,415.13910112479584,417.35091663913454,419.7351844200287,422.0599338749244,424.34034645741235,426.76890494300056,429.08722775045294,431.44388256599694,433.88872753643085,436.186662210501,438.58447430656236,441.0220426336127,443.2967600279461,445.69736713893644,448.1087546726264,450.3569987876389,452.7306557877795,455.10151235749413,457.3212144244599,459.6449418493517,461.9650653182572,464.14854422413356,466.41237980844966,468.6753747302487,470.8135153134034,473.01593357823276,475.2189076686497,477.30083263819836,479.44852444304337,481.5916634635867,483.60751669471716,485.7118381744588,487.7979078650147,489.7539768157432,491.8150143650203,493.8488492337052,495.7537534545607,497.7731156030263,499.7609409901023,501.622517572991,503.60506618260774,505.55371728598357,507.37915193955894,509.33141745995863,511.24773975983766,513.0437408162775,514.9727688497694,516.8632991432239,518.6367815504739,520.5489238061423,522.419746434324,524.1776064318909,526.0784962496634,527.9351760350434,529.684052223885,531.5787645901813,533.4263458623624,535.1725023861798,537.065511885109,538.9082787207515,540.6572955950056,542.5520813526779
T32000logg3.4,429.53894717663024,429.73665582658026,430.1090196876292,430.600868199008,431.15048234007617,431.92938675112885,432.7763179750528,433.6405703107227,434.7713840593261,435.92500750310865,437.0688307491388,438.50184960377584,439.9178861258551,441.30796051404775,442.99753218659646,444.63520123813134,446.2397059105924,448.1438603912694,449.9656474229911,451.754323626478,453.8345724430065,455.8060362580531,457.7502200693129,459.97136810032134,462.060966345992,464.1336189812148,466.46348752409716,468.64233336416777,470.8179896602251,473.2271892905829,475.46884109287885,477.72362245609963,480.1853624109612,482.46563256765177,484.77730774728406,487.26734608658006,489.5638187975194,491.9124651992848,494.40930837327664,496.70504913944154,499.06996648558663,501.5552492449951,503.8383288673968,506.19933347353475,508.6581426364804,510.90734173184364,513.2595692425227,515.68037725246,517.8609726002228,520.21880413687,522.5930215676872,524.708966946336,527.0530634209206,529.3744864195039,531.4313770446872,533.7448082069156,536.0091934517909,538.010920548996,540.2819209157611,542.4867585014166,544.4390582235127,546.6571445578759,548.8015197357158,550.7093304518427,552.8677310859321,554.9521422287493,556.8175835349729,558.9148928823859,560.9409612953511,562.764545673698,564.8030101764261,566.7731972536981,568.5544526319694,570.5389233610092,572.4563413380406,574.1952633937325,576.1314593382443,577.999741201139,579.6986361211583,581.5911231602199,583.4143598123266,585.0778478276513,586.9300206308287,588.7127676265261,590.3459298978496,592.1618876949939,593.9091448996792,595.5171421059435,597.3020038146667,599.019122079002,600.6070314981043,602.3667982635897,604.0592023223967,605.6324021147577,607.3728472086175,609.0456088932851,610.6093558553873,612.3355816316323,613.9930534682203,615.5521099638667,617.2682763612886
T32000logg3.6,278.83659007895585,274.74235132275624,270.0012731369042,266.12599686240844,263.06054402427446,259.60625747815277,256.8634111982055,254.7166640711224,252.37889256666077,250.61810623090028,249.2833768675173,247.90636591216267,246.98989178151788,246.36576839806847,245.80799236732577,245.61056550720306,245.60173776767712,245.73566054224915,246.14449657484136,246.66261947609493,247.37429265920045,248.2885464030308,249.25242321306894,250.4403840966475,251.77024088527747,253.1056641707488,254.68012945611648,256.3462982942892,257.98623428031584,259.8687983269435,261.8022036139941,263.68705724793665,265.81032222964967,267.95176369674215,270.029587416792,272.3365910331922,274.6360030304718,276.86208064573543,279.3047171887603,281.71972728631187,284.0552164032956,286.5922519057197,289.0864657159375,291.4972218677923,294.09304942626096,296.6352903356012,299.0912715883328,301.7156554296889,304.2925216293854,306.75506205556167,309.38304760065256,311.97372991381667,314.42053495101527,317.0320719368033,319.58647995080656,322.03286545740025,324.6122740814628,327.11028381766886,329.5491275811285,332.0846530715684,334.52264500362946,336.9373552579159,339.4209902822981,341.7990471736019,344.17622120321306,346.6036124758404,348.92298008340083,351.2548423274612,353.62501877765465,355.8886132281271,358.171749394612,360.4863407702048,362.7000035138305,364.9325139945856,367.19479271393396,369.36289964524536,371.5470994118593,373.76120388165015,375.8864997643462,378.02797935377345,380.19859318557667,382.2843504644939,384.3893513426502,386.52155754993356,388.5722364264593,390.6465793325901,392.745554548123,394.76457368891965,396.81512298613313,398.88573040119525,400.8761195978855,402.90941124226924,404.9559601341973,406.9202529047179,408.9424163078457,410.9688427278834,412.9106294482676,414.9264058641835,416.93669602606104,418.8609549537375,420.8740579380577
T32000logg3.8,241.6051328071656,237.5942248621768,232.99547835868773,229.2615576158624,226.2902089546362,222.98554387883132,220.3903672544776,218.34884909635437,216.16813831052522,214.561262172294,213.3426103323366,212.12964266757584,211.37280289837867,210.87490496167743,210.4873647415582,210.45451535620563,210.58107383044518,210.89024808332127,211.4674966947092,212.1288504416479,213.01954415634663,214.10496190654231,215.21861642805254,216.5882026090917,218.09093666840977,219.58138117836577,221.3389292319348,223.17866811296042,224.97758668741005,227.04358136308235,229.1503445796671,231.19692196541695,233.50302548408465,235.81683335730096,238.0579389983198,240.54621588205453,243.0162956255205,245.40591976403633,248.02731996260684,250.6102992812107,253.10870033666936,255.82117322460803,258.4817403100594,261.0520274166265,263.8192652999108,266.5442442126555,269.1368575703541,271.92791542468314,274.66864719037903,277.2785830315655,280.06766881367804,282.7767494448635,285.4064791832175,288.17254995930494,290.8361467429316,293.4627180875873,296.18915089714113,298.8019857046085,301.4017515081165,304.0762051634429,306.6341653901097,309.19005181489365,311.804331284626,314.3048439303191,316.80585519832687,319.3557406832996,321.79928047914456,324.23865538339544,326.72346880845066,329.10901412433714,331.48776842671447,333.9094842660844,336.2373711286217,338.5596892270093,340.92190401645604,343.19361727972154,345.4653497772673,347.77254512503,349.9898361702883,352.21822023479785,354.4753642832064,356.6395547259162,358.83332501839783,361.0456747134617,363.1609761167233,365.3265416645763,367.4993473512986,369.5728922373067,371.71364164294243,373.8518313614943,375.8903194377954,378.009449983641,380.1175076474302,382.12731300834895,384.2276239457631,386.3096913950751,388.2960022889749,390.38113623857237,392.4412973073745,394.4094057513325,396.4830436613397
T32000logg4.0,230.62117005565142,227.36113390749566,223.68138001791942,220.74677894977103,218.42865232637752,215.91184936633167,214.00016711421102,212.52440679414164,211.0169383938142,209.9923042585292,209.2618388876519,208.62257921104103,208.35997736677737,208.2819839814886,208.3820886158545,208.76732983632547,209.2540649083815,209.97687607780315,210.90670068630772,211.87637684776965,213.11735910534549,214.49917764673268,215.87634722387475,217.5420589096934,219.29310009732347,221.00851044143587,223.0161251120827,225.06321236937814,227.05418033284644,229.33121415178093,231.61051235450702,233.8210538393386,236.30498794655333,238.76161103600307,241.1426060371669,243.78031649312743,246.36769601260673,248.87654802554854,251.62302709909073,254.30104611153024,256.9012275922194,259.7178566163148,262.4655676606421,265.1114142777851,267.96493675673673,270.75760280379313,273.4160755088707,276.2781451530694,279.05279384462216,281.7374326189313,284.5844885781421,287.3160507364707,290.01065214975097,292.8235733768423,295.50529028693705,298.18302760810354,300.9468797319028,303.57517215563706,306.21351193215014,308.9174280219833,311.48921024282765,314.0724954159466,316.70952902312035,319.2231576910108,321.74151336520936,324.3084814519501,326.75942770647316,329.2127510230768,331.7097428727624,334.09550501864,336.4875377609309,338.91712370322455,341.23763812196967,343.5739629442148,345.94023633633697,348.1961338451597,350.48428369448595,352.7921362545824,354.98558127352305,357.2330791848194,359.4878116196882,361.6262134418149,363.83625718198215,366.0433811839154,368.13414451024454,370.31041256893275,372.47539408808836,374.525824287379,376.6719837523482,378.79999546662873,380.81633701897977,382.9365595334509,385.032330128834,387.0199957369693,389.11858896108265,391.18648428621,393.1511483064816,395.23175233748134,397.27593827270664,399.2232205453505,401.2894263236587
T32000logg4.2,245.9034995372521,242.28165762978816,238.23258700582662,234.97726380783084,232.28834280803704,229.38650195451754,227.13993115229516,225.2924880081347,223.3942067717076,222.0291316936698,220.93276982689446,219.90476474325902,219.3028715074035,218.86983151858527,218.58904238090588,218.6411864055185,218.78739724547296,219.1414690502399,219.74816858237168,220.39444679563275,221.28188801520645,222.35329523829662,223.42577781784087,224.75525846408385,226.21067842442875,227.64095184702802,229.33107672541394,231.0988357305341,232.82451947758256,234.80363200069368,236.82011328098096,238.78569997104364,240.9913891084712,243.22450009980605,245.35757332262685,247.73619740225251,250.12119946790222,252.39592907321975,254.90154699161812,257.36814677665404,259.77605883963696,262.36875387790025,264.89440550495704,267.3887146014313,270.0337038238306,272.593845582581,275.13832250703587,277.8056810329314,280.3776462648854,282.94237151875984,285.60683920354995,288.16730378717153,290.73107111770287,293.371978956327,295.8940563166538,298.4473276468667,301.04847768695373,303.5108392264159,306.0465200899214,308.59603427136824,311.0017274016782,313.4962311508945,315.98640745424257,318.33658643796446,320.7759315771252,323.20293316055137,325.4943208644347,327.8760328091665,330.239272058119,332.4698994264335,334.79610297006303,337.0974688707607,339.26907325919433,341.5426210440753,343.7855823278721,345.9026342226691,348.1264882082107,350.31535477542786,352.38400786224736,354.56109451328945,356.70055116066845,358.72737991371224,360.8611330202563,362.95598640528283,364.94729055608656,367.041859611078,369.0967751012372,371.05831346149944,373.11838599943854,375.1377609566726,377.0747828410192,379.10512714249637,381.092915297796,383.0104177673715,385.015615974425,386.97524885299026,388.8784075359682,390.86270015682624,392.7969755092802,394.69114069175157,396.65887117774673
T33000logg3.2,592.7580302822821,592.4565659786014,592.2578897788582,592.2867211664737,592.4670504836259,592.8365859855664,593.3619616277189,593.9685843885493,594.8253399618541,595.7756796111828,596.7560513686218,598.026282494809,599.3361579774294,600.6404015494358,602.2566613219335,603.8661548854027,605.4469490465291,607.3476507284626,609.2020943728821,611.0148246497686,613.1441626407342,615.1941280250458,617.1972289102622,619.5051542452544,621.7063689956925,623.8614824335239,626.3034701006354,628.6166553991086,630.8887488671003,633.4254842527804,635.8160289179762,638.173216136656,640.7699910195515,643.2074793546244,645.6207067154029,648.2469196440818,650.70499501804,653.1476967768076,655.7767309398521,658.2333089856371,660.6813900730986,663.2907723804947,665.7254264433293,668.1602650033881,670.7316859983187,673.1276062900805,675.5340192629424,678.0529658680134,680.4032389064813,682.7624732478777,685.2176479258554,687.4797528332344,689.8140997070751,692.1970489700582,694.3598350586475,696.6652929332676,698.9704134093241,701.0400832674177,703.3005626282004,705.5251842374721,707.510975644348,709.7126105897496,711.8566705361745,713.7671084558103,715.9012426141992,717.9666670451784,719.8108386682588,721.8717749588392,723.8620286344801,725.6476837574216,727.6339750057061,729.5538222222251,731.2863643367448,733.2014748027063,735.0567798981027,736.7408973001096,738.5911788291515,740.3885980164936,742.0278534427944,743.8222726670689,745.5688241282295,747.1664707051423,748.9150029330351,750.6176659085817,752.1781998297924,753.8895883318178,755.5550915795723,757.0836500335397,758.7658827949487,760.4008225448101,761.9038240340958,763.5636807940066,765.1745530022642,766.6593458832608,768.3024830924276,769.8953106776896,771.3687585789593,773.0000710903238,774.5798270317327,776.0470601786092,777.6710061021583
T33000logg3.4,362.6746558848667,358.49800048951704,353.71233137689717,349.78406579557895,346.5730391356803,342.98691937054815,340.11164927574214,337.7680429419098,335.2286632229698,333.271449598957,331.69977323314,330.06660125178774,328.903173767252,328.0118160958975,327.15644383493776,326.67332738519826,326.3756213241156,326.1817953790624,326.2762215579602,326.4910726943919,326.8539876483683,327.4333922440289,328.0854676064058,328.9113811134172,329.89319218482404,330.91336005255545,332.1192868028157,333.43053606543594,334.7559224401402,336.2688506968059,337.84558121531364,339.419532935701,341.17592674185676,342.96227814995484,344.73500666163307,346.6802825040349,348.6275328098107,350.55630458585586,352.6438239438311,354.7233644369667,356.75779974806443,358.94750052283246,361.1199802944184,363.23063853213034,365.4876992282506,367.6867756095057,369.8795256186061,372.1736718069286,374.3810789227983,376.6214816198002,378.927181851845,381.1300976944899,383.3866705976659,385.68341799553,387.8696309053454,390.1190281880372,392.3910572274567,394.55599581123977,396.775314259952,399.0109491862282,401.1503325181775,403.32368506917516,405.5150694929192,407.62066332591127,409.74326008780935,411.88623970268986,413.9479016010011,416.0236896785922,418.11737218184544,420.12305785754216,422.1638911642942,424.21007673942233,426.15942070356186,428.17039542519444,430.17285939745835,432.0747561481651,434.05525252989815,436.0189559406242,437.8809895232731,439.8338396382278,441.7643104846556,443.5937964614942,445.52315586794174,447.42609753687634,449.2291822873688,451.14078665491604,453.0218312161661,454.8046171789966,456.7040376474002,458.5684417354949,460.3371971924546,462.2290913976531,464.08157295033783,465.84239346858845,467.73079821428564,469.57566795719686,471.334466835448,473.22311270364656,475.06431484005714,476.8266943859851,478.71889758879917
T33000logg3.6,328.75489097032954,324.25556181722436,319.1411541748906,314.9533952780998,311.48569327724624,307.64720244727647,304.57818399930204,302.03455730867387,299.305868095509,297.2090669947896,295.4849459940121,293.7137373485097,292.4547166671074,291.4502311767605,290.497994161646,289.95457288845813,289.57570663498865,289.3176061437232,289.37971138767364,289.5389933800145,289.8632132869887,290.432300067758,291.048925119806,291.8557747076849,292.8442153390107,293.8441477958992,295.0455713582405,296.37626276339745,297.6924179579239,299.211413255411,300.81735517994406,302.38962752496275,304.15979378445803,305.9828035236717,307.7591571960973,309.72410004325224,311.7321247308268,313.6502243981313,315.7621153392797,317.90032328004895,319.933867719811,322.1516416593639,324.34704178024026,326.4983436003218,328.78635782382634,331.0191658360077,333.2461735198223,335.57380559463553,337.82919617210837,340.0935273976886,342.43527753662994,344.69956248235803,346.970593140138,349.30601574015765,351.56687498552833,353.82132050732173,356.1345367633404,358.37598700738545,360.6020829343212,362.8811894120407,365.08356077464373,367.2803768175925,369.517193729652,371.66087391514003,373.8344073690398,376.0243715867241,378.11233357948777,380.25281983539185,382.394679195543,384.4328192469417,386.5336998477633,388.6288665978678,390.6204286579049,392.6825506786638,394.7342004580167,396.68224084523115,398.70974041982214,400.72201750812144,402.6304242483881,404.62841499105286,406.60597037008205,408.48014354095517,410.45332791481906,412.4011074586874,414.2473978483471,416.20019505587254,418.12317846211204,419.94833777243247,421.88470414121787,423.7875222683874,425.5979319303934,427.52143164123174,429.40812178908953,431.2094957119616,433.12350564440476,434.99772252802416,436.7952199497814,438.703402342977,440.56865107446094,442.36731289251077,444.27363020900475
T33000logg3.8,271.8527896938455,268.11165699059507,263.83418803964037,260.36581244286543,257.59795718924937,254.53009458203843,252.12559182792543,250.2278226672503,248.2100639095472,246.72847964367594,245.60037616570085,244.48631312575307,243.79807403826638,243.34372180246686,242.9999152700683,242.98694646049205,243.11595646235781,243.42201075731475,243.97789244985572,244.60632253974924,245.4545666321183,246.48405121508102,247.53460463256033,248.82902737530029,250.2472242070732,251.64914634008295,253.30480392712684,255.03679742654992,256.72614483875844,258.66885518902075,260.64941409942406,262.5692700949734,264.73522874833236,266.90845512460186,269.009091329161,271.3443024891855,273.6630103461996,275.901446120669,278.3603005758266,280.7847479914178,283.12344770790907,285.66685656905184,288.163500898026,290.5688918598537,293.16309930963246,295.72128424425324,298.1457228163548,300.76204674768195,303.33977792906944,305.7756207316013,308.39037694777676,310.93764521689815,313.3937983333122,315.98799386257156,318.4877693120904,320.94819189580255,323.50707323055167,325.9558705080973,328.39833545248126,330.9109928672128,333.30896014230325,335.71450829475094,338.1736521076956,340.5217057971457,342.87724681475834,345.2790388054451,347.5790389592836,349.87698537282847,352.22075497358264,354.4713950251838,356.7130502551797,359.0005862032379,361.19955713984035,363.39147176715005,365.6261184347194,367.7738421688632,369.92252144799585,372.1084841206742,374.2064780843185,376.31898267444814,378.46100199247735,380.5108244637077,382.59530603052434,384.6984628802044,386.70449508791205,388.76695138205434,390.8363885262139,392.80580543830575,394.8494266650668,396.88999509804864,398.82965817508364,400.8573027055061,402.87335666639046,404.78959086248665,406.80384966844576,408.79939041153875,410.69729272860275,412.70165795740104,414.68065289161626,416.5654422499152,418.56343814886696
T33000logg4.0,260.5150038177577,256.2825569121476,251.66643555273947,247.9714860453799,244.76680486825336,241.3968903453963,238.7923878964392,236.51237247903305,234.2289026472548,232.57368477605533,231.1166159315567,229.77196598284198,228.93558584748473,228.20315821551083,227.66192760206084,227.524982344037,227.42338343879035,227.5626370307546,228.01726421307674,228.4582211709091,229.16753820495325,230.11729955275536,231.01860379432082,232.199237352137,233.56399251298774,234.8439457288026,236.40829074410334,238.12529444823102,239.70179067681227,241.57319266858056,243.52793603322925,245.38759255200375,247.4997922988663,249.6494964026796,251.72381023027546,254.0203582376867,256.31553085715086,258.5583036742241,260.9912120607716,263.38174472466426,265.76054665889023,268.2885515736817,270.7112728847481,273.21728990400584,275.80471364872375,278.25774106551955,280.83006654451486,283.4463650266514,285.9199371687271,288.51426663606765,291.13384408925145,293.6067286356665,296.198805505464,298.8007732436111,301.2512864892422,303.8255608208502,306.3934802554128,308.80709470553603,311.3489278422033,313.8706323732218,316.23941080209613,318.7354718905949,321.2028667245617,323.5231260323974,325.96351089431835,328.3723038161764,330.6420794804809,333.02241373605955,335.37162639524956,337.5900455445508,339.91107001381323,342.2022303560319,344.37014488303686,346.6355241983183,348.87173765876736,350.99132462787617,353.2064321663209,355.3916817990989,357.46627801066813,359.63713541745443,361.77582736872876,363.81016203920205,365.94253798850366,368.03912052561355,370.0395620835192,372.1382207879583,374.1966474429339,376.1698036384723,378.2395997579471,380.2662987171724,382.21591812425504,384.2613444552057,386.26943734806014,388.19209779991075,390.21719230327056,392.2081991591027,394.11161299643067,396.12024980723186,398.079727505296,399.98741594840874,401.9833421282919
T33000logg4.2,229.38692808882269,226.22370465483206,222.67879260416774,219.8543402562656,217.58914379042358,215.15100648094847,213.30088042261332,211.84377758243858,210.37157557548122,209.370899072496,208.63311054135872,207.99620635587561,207.7289353434146,207.62447826096604,207.70246134229524,208.06163550538344,208.5083266523828,209.19128261111865,210.07950103012024,211.0001066467016,212.18905453746038,213.51849943170487,214.84135326959944,216.44731796573512,218.139055404545,219.797932345237,221.74168156578682,223.7257260169893,225.6603861840381,227.87237933392322,230.08730082755585,232.24380915752397,234.6636778115172,237.05590601301617,239.3870180974011,241.96308484217968,244.48794897346286,246.95122818891372,249.63936866844355,252.2797114272439,254.81692660527384,257.5790702997713,260.28126571288817,262.88007384756844,265.6831458391352,268.39223456276926,271.04992563191604,273.86558109770317,276.56529589410866,279.2485531657354,282.0531303225831,284.73101325486306,287.4107432490501,290.1849915854047,292.8277850151565,295.4833479794577,298.2122309081558,300.81152752631124,303.4249911847332,306.09755612075264,308.645442992137,311.205747432495,313.81494108787535,316.30391111751874,318.806767133152,321.34917685755704,323.7697024719624,326.2194766852614,328.6947916970471,331.04154965015397,333.44402519047793,335.8543197573706,338.1346037335728,340.4871457580055,342.83600857036953,345.0571777294898,347.3597515011318,349.651579475404,351.8195704562211,354.07511837784887,356.31471445648265,358.4344358643536,360.64787888082793,362.8402529389191,364.91642466068924,367.0933567935065,369.24347304754383,371.2815278855974,373.42675125319613,375.53928398169387,377.5449649978689,379.6625115141019,381.7417244157037,383.7209697139669,385.81415360929657,387.86395655726926,389.82256164239294,391.8944812820812,393.9185982115624,395.8621904376347,397.9159557664498
T34000logg3.4,364.5547718081125,361.2508193273828,357.52125537762953,354.5044563080523,352.0458866883595,349.3578062039947,347.2548161466621,345.5571059016979,343.77916062517323,342.47383319116716,341.4546706650899,340.46572814962764,339.8508585587323,339.4310505825102,339.12006182889843,339.0972927710235,339.20138793288527,339.46695521624474,339.9465371267931,340.503257138306,341.25343751536496,342.15418714302615,343.09698065281185,344.24930486939957,345.49860422322655,346.7660915667594,348.2472447899624,349.7807344673786,351.31671263627425,353.0619081387968,354.82309469426895,356.57644406519455,358.52891111425805,360.4683222578309,362.39340290043594,364.5038648571349,366.57985861476175,368.6351681672095,370.86128606102807,373.0565763107424,375.187396263608,377.4929624445722,379.7309193721314,381.9515927153991,384.30545362277206,386.54383494054724,388.8422915007887,391.21752573218953,393.4491891743955,395.78531240833206,398.1590840760563,400.3787731672399,402.71776401704165,405.07156651244964,407.2749972174511,409.58879349561903,411.9085006886347,414.0893313657042,416.35962296418234,418.6351454014886,420.78212789312596,423.0026934168905,425.22756940730613,427.32889995827225,429.50068870031816,431.6717246492277,433.7130087593438,435.8455916666957,437.96243712767034,439.9452050529435,442.03750540912205,444.10216099589627,446.0340072085768,448.08334556914974,450.09971789421786,451.98663404302823,453.99555709592806,455.9688749949553,457.8166691940269,459.7902851326649,461.7264077674933,463.5407210783071,465.4854170791793,467.3903376002608,469.177429598201,471.0992441064834,472.97883638096755,474.74524877791475,476.6498529265009,478.50978972959604,480.26218598542727,482.15491878565035,484.00065305418923,485.7455470133867,487.63163628368926,489.4682984798678,491.2119926471461,493.0962472683174,494.9282422549163,496.6763760721864,498.562644037805
T34000logg3.6,339.3695879277461,335.5887131511844,331.33295677862674,327.87706855602494,325.0110688398994,321.8787511175761,319.40695342616,317.362333251711,315.20905174186953,313.59384511409314,312.2796967808473,310.97273616439645,310.09681635641,309.42595780376826,308.8441535610339,308.60048132819395,308.49043168125917,308.5241055215708,308.8157891341592,309.18937476596284,309.7397813470288,310.479679178127,311.2653013902196,312.2442390667154,313.35464611389176,314.4866420223844,315.8160261069284,317.22811974476065,318.6469526376776,320.2581662650295,321.91031401441614,323.5637800442886,325.39721409548804,327.24810368588237,329.0779600699693,331.08249789602,333.09618331009847,335.0523031719871,337.1843319500358,339.28072672145834,341.3689817551899,343.591146052582,345.74265779567116,347.926158200283,350.20608441007255,352.3916310568096,354.6349317580489,356.944585399814,359.14775807715074,361.41814402152,363.73395631873,365.9473806481256,368.21105008014564,370.5141555388043,372.71995294333703,374.9618035668518,377.23770118693943,379.40888738915316,381.63043158785024,383.8684281386907,385.9858034683797,388.1876753295591,390.3806610611772,392.44834976524436,394.6145816494578,396.7588337060133,398.7789715954214,400.90190999355514,402.9966884082651,404.96956903435796,407.0489904762572,409.0960125081406,411.02327406543196,413.0621783581717,415.06494439644143,416.95064414745485,418.9528882746518,420.9159725450229,422.7659412362074,424.7356268086686,426.6641492370259,428.48495069582,430.4265576295455,432.3258426042653,434.1240722093137,436.04255971464494,437.91790231125475,439.6998386624859,441.6004922625126,443.45689853956713,445.2284046898078,447.11645629955683,448.9584442696854,450.72505969902807,452.6055417738304,454.4371751844402,456.20437951632664,458.08207173496345,459.90685224581426,461.68015358658556,463.55928440544926
T34000logg3.8,355.04396886537603,353.2254323272332,351.2891360456079,349.82342622345334,348.6567719364292,347.4953782168082,346.70435603447504,346.12019449225573,345.62990529787373,345.4219368949934,345.35399282886897,345.440312012784,345.73178294428953,346.1171598350988,346.69414306097036,347.4088262253843,348.18803931205304,349.17754297267516,350.2460790714209,351.36319226354107,352.69460510875825,354.0543752344384,355.4574862851045,357.0677756370546,358.6629788796017,360.3044030681507,362.13775380606967,363.91967998581185,365.7553418067862,367.7626262263939,369.70764788015566,371.67850239835167,373.81668179568334,375.85857571513156,377.9576261532359,380.18924661936717,382.2702842818925,384.49105462595287,386.7839795417355,388.8948480721627,391.1912252983385,393.51822889216294,395.6521700726313,397.9835037109184,400.32159004303844,402.4705287322753,404.8043027927084,407.133998529123,409.271017053356,411.5993870986139,413.9044324621403,416.0047019687946,418.3234022805776,420.5908190204796,422.6568071886411,424.94021923783987,427.1604108836283,429.189763739547,431.42326232275224,433.58991607403743,435.57592719540264,437.7552076812388,439.86493152647995,441.803655457064,443.92699031076666,445.9788761551995,447.86952402296424,449.9366980867461,451.9319296238788,453.7761948806517,455.7885442068306,457.73003716229584,459.53129200802755,461.4919684464436,463.3840427502596,465.1467559827537,467.06066219977214,468.9085890167777,470.6379654223323,472.51117750715207,474.32062011243266,476.02232598893517,477.86135604848937,479.637967477174,481.3179170925074,483.12924726795995,484.87852435392574,486.54279502727815,488.33284510723183,490.0601647288114,491.715057399361,493.49022554602124,495.200940707723,496.85287876604536,498.6194256651077,500.3194765494413,501.973961640609,503.73746055781305,505.43526964835087,507.09385969230226,508.858530402071
T34000logg4.0,268.61216940427653,264.7802267804478,260.5607101207178,257.1844097199321,254.33727612199394,251.31530354414488,248.9873380607949,247.0235238554313,245.0428128830066,243.62507471358492,242.4449275143958,241.36140167102405,240.72656800586685,240.23426011115907,239.9162624301903,239.9480463206566,240.05270330772004,240.38095592866785,240.97424101913344,241.59087383656814,242.45844603245197,243.51922641736866,244.56905229425212,245.88047449173624,247.3253361371975,248.73562607907678,250.40640123909947,252.1617223270796,253.86666801030302,255.82296951180447,257.84351110592223,259.76549538718075,261.943703502802,264.1494996049666,266.2619730009456,268.6080883328224,270.9259548164844,273.2108662214001,275.6791528149494,278.0877635130621,280.48805865639554,283.03935882180997,285.5131674417078,287.98635026982265,290.58690595414953,293.09755976755685,295.6128207532432,298.23389661984925,300.74342244762596,303.2882544716497,305.9060713323765,308.38104356100996,310.9469383633774,313.5423765901973,315.9842469523081,318.5359090032845,321.09410339810404,323.4995494961056,326.01402864846654,328.5240567567138,330.88225625332876,333.35132051791646,335.8059479413292,338.1097220372742,340.52839696293853,342.9238372431445,345.17112708256883,347.53589839874456,349.8714533138194,352.06411410892446,354.3732970674571,356.65065604280846,358.7924752094448,361.04680433795943,363.26920895867823,365.36435661738994,367.5670282925726,369.7385812452179,371.79124601554133,373.94717342311344,376.0724392527326,378.08711505135784,380.20208526214884,382.2858609274652,384.26758872102164,386.34751758823194,388.3946284031755,390.3486673522669,392.3992161695566,394.4141198318261,396.34574392568123,398.37206841705813,400.35856516653314,402.2730966515143,404.2797996071152,406.2410170025039,408.1442608167493,410.13543019027344,412.0780163453488,413.97190851501955,415.9518173219312
T34000logg4.2,237.34185836165898,234.23541618336486,230.75380003759815,227.98167761173013,225.76652794500416,223.3836853427759,221.57872274335202,220.1646714950378,218.73962709288622,217.7768158776093,217.07477716747272,216.4768038526299,216.24008274339846,216.1639066706591,216.27266882685072,216.65521399844653,217.1227265774724,217.82857792330321,218.73325801998757,219.66736497656026,220.87163601114625,222.21097883731858,223.5402012110979,225.154363394882,226.84988545142073,228.50837123342922,230.45371805467764,232.43594891154711,234.36385159266416,236.57138029841056,238.77950374874274,240.92325380758746,243.3332070791253,245.7147200226102,248.02716541883552,250.5885972855565,253.09824250661256,255.53887572214074,258.2084222753622,260.81351684110615,263.341024567465,266.08139924410716,268.767396997203,271.3318159671983,274.11075411151904,276.81219609471486,279.4228165270853,282.21277613723737,284.894166663265,287.53841721270845,290.3165654790011,292.96806660604193,295.61579428231255,298.3637125299117,300.97842524333066,303.60413223619173,306.30751260338263,308.87828067443354,311.4640458040468,314.11246993479557,316.6346138823861,319.1670257135874,321.75372380275036,324.2204123358016,326.6949289688387,329.21653838991017,331.62308007707867,334.0392980966931,336.4954375107991,338.8372596847464,341.2000353213349,343.59261375355993,345.86627491582055,348.18340062196336,350.51583289526565,352.72554406089597,354.99982351410375,357.2763614288878,359.4300543811805,361.6621642776512,363.88753194792463,365.9917817242837,368.1848041490584,370.36400525047725,372.42507871372896,374.58298685602983,376.7210408290216,378.7442567350057,380.87196147719163,382.97362160698896,384.9644793443815,387.06621738035153,389.1358439192377,391.0998729552533,393.1792796336929,395.22089343727595,397.1637117566329,399.2240245170367,401.2414617775638,403.16871878264374,405.213050489344
T34000logg4.4,240.82486617038583,237.74427257526247,234.4228859275813,231.81580802217073,229.5954382645006,227.3130284681371,225.61678220558775,224.17351428521337,222.79984978893597,221.89892695438385,221.14991584957082,220.5637298263006,220.3505016501053,220.2149800496337,220.30410092208518,220.67906640424656,221.0793087749341,221.74104652632732,222.61353753725763,223.47586381619192,224.61735644807467,225.9056177666232,227.16102961268348,228.6986908490729,230.3292103996384,231.91376990464937,233.77307906634772,235.70721142377369,237.53591078166897,239.6512818846109,241.79048521149943,243.85195434805254,246.16629320312686,248.45502105823695,250.7084619513523,253.17277867411485,255.57794570591759,257.9729774067473,260.54533026198663,263.0311779257246,265.53108639757187,268.17525418523314,270.6950054964682,273.28313146189174,275.9677224724808,278.48595535531206,281.1423019163103,283.8404405110431,286.35856379053314,289.03402480376644,291.72323688533504,294.23356540841974,296.89582392437546,299.557907669462,302.042977365903,304.6770047827428,307.2977922969882,309.7425099310425,312.338211640067,314.9073873959469,317.3030344104185,319.8510019900511,322.3618592087579,324.7051634570732,327.19732607594875,329.6464761237419,331.9373249198402,334.36870473746876,336.7555620733244,338.99498259034146,341.36472455744655,343.69084163884395,345.88038160493863,348.19113787785324,350.45946349315346,352.6016486608438,354.85777728785644,357.0719665898415,359.17018495339573,361.3769185968315,363.54106906846494,365.59920070729225,367.76228087001846,369.8805810140084,371.90320450580003,374.02833149469006,376.1047310433705,378.0975507054103,380.1895773476274,382.22759099849134,384.1966778755761,386.2599659877378,388.26683914505116,390.21385902203883,392.2526218987217,394.24012376702274,396.16195397843205,398.18004609707936,400.14741173314945,402.05324965652204,404.05429580606653
T35000logg3.4,388.26295698722936,386.17086539352465,383.86080725006457,382.0599650723266,380.6517355307212,379.17427526057304,378.10335344794356,377.3105439588791,376.5604848602531,376.12644684769475,375.8831119192642,375.76389319599275,375.8811017143869,376.1240119313596,376.54681674526324,377.1363184806097,377.8048447129166,378.68791117188175,379.67708690147697,380.71344099961186,381.9821207119839,383.3048184334385,384.65464260695103,386.2414948876534,387.83807371429464,389.4508323958162,391.2954678817407,393.11267847469264,394.9418384883107,396.9905805508988,398.98131506167147,400.98424036755756,403.1895508377205,405.3117474292719,407.4501076004232,409.7701051101835,411.9864849650072,414.22620555529136,416.6245019948765,418.91405668884767,421.213841478699,423.65937769552033,425.97976309004804,428.328406303712,430.7949414048937,433.09215745276236,435.49792166413636,437.96331391998774,440.2311419455551,442.66122370343055,445.10690901423936,447.3428343480822,449.76681277062283,452.17766371537454,454.3786469455244,456.7727963166707,459.13730463397303,461.3043823618348,463.6475263478456,465.95787638725966,468.08753808894323,470.36962756354956,472.6212731600725,474.7069146692782,476.92677226663574,479.11786858659053,481.1515787731696,483.31423756494496,485.44518680911165,487.41916136771636,489.5337705367998,491.6068901606162,493.5256511821174,495.59276878083097,497.6120128765721,499.48265844714194,501.5034594579862,503.4740006119802,505.3030437158275,507.2815144432599,509.2091414380546,511.0024882661064,512.9442891992778,514.8349142859188,516.5981368624036,518.5096011425371,520.3690968277658,522.1080753156662,523.9954731615318,525.8297919798048,527.5508386568133,529.4205266807041,531.2357737781989,532.945522526829,534.8038497876804,536.6058766508972,538.3108994513766,540.1634512124214,541.9571044527873,543.6632224048232,545.5141124126527
T35000logg3.6,353.1992292709154,349.73488309451494,345.927804411203,342.8766620242082,340.27976551967134,337.5230049055322,335.3889882740356,333.571539222775,331.7301189876295,330.39409398155135,329.27072643993137,328.22072559672563,327.5732165118517,327.06199523613674,326.6902252408616,326.63131631514733,326.6544773621371,326.85824213973507,327.2974011349229,327.7817814805498,328.46842938520615,329.3242825377792,330.2016355166764,331.2883162902705,332.4878049091053,333.6958461933169,335.1091613658466,336.5968121457113,338.06967258954563,339.74503755752903,341.46578555477794,343.15065285809317,345.03178167552505,346.8896370501157,348.7876879672031,350.8260226517821,352.7988464217535,354.8498031761326,357.0038142450405,359.0695641860772,361.2243207100358,363.4585188216421,365.59541934149144,367.81410707199825,370.09787202103655,372.2550795830279,374.53461659958043,376.8414434977329,378.9928609683869,381.3123487610179,383.6198387936214,385.76709098965046,388.08525916687506,390.37537787827466,392.50784275751494,394.8034278145583,397.0623880747204,399.16648968326024,401.42867701538876,403.64653715266405,405.71250717370395,407.9336634897158,410.10399290757084,412.12662056523686,414.3011467128417,416.42073916820993,418.3987034639311,420.5232067584184,422.5916557123371,424.52614816502654,426.6000862053836,428.6193175386031,430.5130391134236,432.5388869402976,434.51259027754793,436.3692972805879,438.3518906462502,440.284887897673,442.1092911789856,444.05471582880983,445.95234613134676,447.74989529096257,449.6645924947754,451.53229026432,453.3088769917029,455.19926452627396,457.0422994945509,458.8040867084643,460.6763553823057,462.4996355303156,464.25293721237136,466.1129170355489,467.9215779926328,469.67218934776935,471.5252562046701,473.3283343906761,475.07759641423786,476.92878143412,478.7338381598055,480.48363747265176,482.33706137140655
T35000logg3.8,318.43313237058976,315.1845410664729,311.4741162095868,308.4737023167939,306.0913785276513,303.45475132768763,301.3980163122546,299.79040311812355,298.0864615812577,296.8487037615242,295.92701270862295,295.0262089046194,294.49277836941735,294.17214729586743,293.95638236153246,294.022840763933,294.2233293617449,294.58604260053295,295.1581300042996,295.80534231727825,296.65090754230795,297.6440220156735,298.66921408169156,299.91228946447654,301.2510564126929,302.59132577864153,304.1565356318454,305.7744688974303,307.37295350485925,309.19430184461305,311.0333002774563,312.83916241913255,314.8596037059159,316.8695551548802,318.83819266895375,321.00915447231955,323.1474601255238,325.24019326616906,327.52048683451767,329.7507881893465,331.9341714707642,334.2885308299067,336.58245583028526,338.82426399081425,341.2221378736276,343.57139898339204,345.8269086811699,348.2419673137814,350.6019203503509,352.87001117519935,355.28031180466434,357.6054738530282,359.89360120592943,362.2817353419668,364.56144811886946,366.85005344394256,369.202777533028,371.43483258182545,373.7030001834702,376.01068328356456,378.1936916257754,380.4261701293509,382.6825784476302,384.81682219864,387.002974007999,389.20510931624653,391.2936610662929,393.426035455168,395.57378746865663,397.61715100219175,399.69618535540496,401.7918259251064,403.79059402800806,405.82093481065294,407.868407407748,409.82413664271564,411.81238170007737,413.8165640897449,415.7302283093289,417.68527109426344,419.6515244976255,421.5245114669794,423.45583035257806,425.3897561284712,427.2264149566093,429.1410280750774,431.0482334349817,432.8562946816377,434.7577561675657,436.6435296845665,438.4303338411339,440.32191119563487,442.191040517244,443.96346095445074,445.8481029320043,447.70499551088017,449.4682726362929,451.35009773182003,453.19889925629883,454.9580065587162,456.8409316018888
T35000logg4.0,357.2023444303377,355.07191478346806,352.8588936152975,351.1835693996209,349.75596128568293,348.36375844252206,347.3985506248998,346.5979910972981,345.9144377009045,345.56026884380464,345.3146112211791,345.23799492541445,345.40471612820755,345.6457838914574,346.0839202014512,346.6898550239109,347.35304626702685,348.222366283978,349.19360274121965,350.2181498456111,351.4434278739799,352.728436231137,354.04310673654504,355.5573657174931,357.0790628389783,358.65026455753616,360.39440344140814,362.0766134930433,363.8816678531227,365.8039818114368,367.62260366916905,369.5980985597206,371.6536365954657,373.57507185675297,375.6776659477441,377.8276466377955,379.79072416999804,382.0146819422313,384.2260869970139,386.2369355892563,388.5187465012118,390.76374263254047,392.8044696647948,395.1131124464564,397.36823127748494,399.4188056006233,401.73244562077383,403.9778677394818,406.0239595414316,408.32114162316077,410.54037159300833,412.571341378406,414.8327876445785,417.0127038152663,419.0185021683166,421.23054566998445,423.36151141960516,425.33291725643153,427.4875503369647,429.56331214832386,431.49332482326014,433.5865841686877,435.60384967223297,437.48827700379064,439.51893674429505,441.4769017164114,443.31443241619877,445.2832947850809,447.18323428025496,448.9744357457215,450.8848649927368,452.72990633017326,454.4773453204664,456.33436596066855,458.1290960276519,459.8370277364213,461.64693292016705,463.39710224640123,465.0708686196891,466.84062085890315,468.5524454451176,470.19809899543833,471.9347323276402,473.62045438698954,475.23831828072616,476.94864413621394,478.6227642099589,480.2108697254445,481.90151828925616,483.5495037878593,485.1348770765966,486.81233671139773,488.42147668649426,490.0292753153044,491.69982156820345,493.2767481054165,494.9123244635613,496.5815266458519,498.13574549458616,499.800016043857,501.4720808210508
T35000logg4.2,367.48260908099905,366.55209494121317,365.680330208277,365.12519753874653,364.71629970884896,364.4382536375484,364.3938602295892,364.4502135891861,364.6835319607683,365.07663464424127,365.5454605804356,366.21581900662756,366.9798881677123,367.81159168921226,368.8515860136823,369.926369981005,371.07376521841627,372.42210094329914,373.75478145448324,375.1713696377937,376.77263456099,378.3350767275105,379.9579600578571,381.7624910365593,383.45446600760755,385.3011251387545,387.2647107843836,389.0530800097472,391.08198600393575,393.16548586979275,395.0497342968592,397.1943311362585,399.36318744930037,401.29701078029797,403.54361250009447,405.76750812776424,407.7378525039289,410.0463847034962,412.29915855465276,414.3013224751166,416.6304226903329,418.89003206042094,420.90502759246993,423.2346432516406,425.4828899516443,427.496242713372,429.80831177328156,432.0303635225898,434.0317039308383,436.30971615746654,438.493607243943,440.473898957173,442.70494376441303,444.8413129472287,446.79192617378305,448.96743965545494,451.04952870975626,452.9632488753674,455.0781437467198,457.1017502584128,458.97352406861927,461.025379918192,462.98861484884026,464.8157731685678,466.8041955351245,468.70707508307055,470.48876999546496,472.4154032912482,474.2594452276361,475.9966693879019,477.8646673228221,479.652870159479,481.3479370267514,483.1617264530659,484.89828186625226,486.5547057804796,488.319686643065,490.0100539881919,491.6319058462063,493.3540645412768,495.0059801453492,496.5961622098869,498.2817191967145,499.9094370772426,501.46491679392426,503.12015181346953,504.7266005570739,506.25608033127156,507.887381206839,509.4499149363621,510.9881825064483,512.6020732519004,514.122770153362,515.6802136431564,517.2830501396797,518.7701893639613,520.350512327105,521.9478498743601,523.4131429363852,525.0149576400543,526.611026074975
T36000logg3.6,359.67259801940264,356.72900998358523,353.5752901887211,351.0932245658732,348.9409106460528,346.7311861558551,345.07080841062196,343.6309236238773,342.2446689834816,341.29946603568214,340.4957251233479,339.8224025117185,339.494578403207,339.2537490117711,339.1922579089986,339.39237963704824,339.64457042849057,340.10264414177163,340.74915797813185,341.4281686913762,342.32221150170164,343.34117633058383,344.3853136723241,345.64033194630935,346.9864486553919,348.3177590101998,349.8669953487681,351.4302745665316,353.04768292940685,354.83214822531136,356.57160287011044,358.4168003931296,360.3847249611564,362.27538635901567,364.28532048961404,366.3916703021535,368.392779533461,370.5310205488373,372.73704528679554,374.7822790316859,377.0482146300645,379.3208420714382,381.41455860540407,383.74604716952604,386.05698001275465,388.18515667365307,390.5460490608533,392.8709874566782,395.0121071015664,397.38040361610854,399.69879445592835,401.83490174162233,404.19165766539356,406.4868479992156,408.6050391353339,410.93332609719545,413.19261100221655,415.2839607124059,417.56999254059633,419.78436523033713,421.8421654953601,424.076735861825,426.2405529945136,428.25950255691674,430.43829455465493,432.54887269569326,434.52563762399336,436.647985028326,438.70516419845103,440.6387590025222,442.7065527156553,444.7122620978698,446.603957268359,448.6210696149618,450.57891072757604,452.4322370221863,454.40372474904984,456.31840539457625,458.13815242080557,460.0701773227878,461.9468880395541,463.7388410837322,465.6378253939109,467.4821362248167,469.25229032376785,471.12461887097345,472.94533058742365,474.6965957304024,476.5485606377947,478.35877077088594,480.08981345757184,481.9276159560131,483.7222556270256,485.44990823136766,487.27956061495365,489.04187884166436,490.79427414749756,492.62115615047253,494.35447509079376,496.1383171332104,497.9665587776565
T36000logg3.8,339.58241618131615,337.38334228321173,335.0815579817403,333.32455396073254,331.82519955835437,330.3479507666228,329.3070182879174,328.4357110672599,327.67491697577236,327.25447870614374,326.94221982345385,326.79901753318313,326.9114705938573,327.092331537348,327.47654057459096,328.0418725687745,328.6532893809079,329.48286414198674,330.42833652167246,331.4112223443034,332.61197413951254,333.87511926795565,335.1711422267351,336.6766208288963,338.22037887578733,339.7570069137031,341.5081711595931,343.2150048110069,345.01117448944063,346.955913309042,348.8011317473115,350.7934405657876,352.886054810045,354.8529797278904,356.98003878255923,359.18081276576754,361.2184581097877,363.4628655015449,365.7377150358103,367.8095589689817,370.148676042908,372.4686194976058,374.57919168460944,376.95764188470343,379.298072953306,381.4290608647219,383.8213952870764,386.1614290363441,388.29413029938513,390.68154377821054,393.00375771424837,395.12436298294233,397.4892340804814,399.7796740108255,401.8785225522296,404.20536103388605,406.4535380949776,408.52319485457036,410.8005677488731,412.99924244454104,415.033227180519,417.25477365514683,419.3996793595364,421.39311908255166,423.5564588222507,425.64592092622416,427.5961735321507,429.70166995887064,431.7362128305642,433.64294306024414,435.6930039322084,437.67493132574464,439.54024190501696,441.53859435745017,443.47163355007916,445.2989810292502,447.25097599679054,449.13976980502764,450.9339962498263,452.8456569599412,454.69540172165074,456.4620896191581,458.3396886730786,460.15638547194703,461.90087308169143,463.75070820868325,465.5451987099128,467.26823126079074,469.09657600063343,470.8822602720729,472.5821867171753,474.39525456573944,476.1566225251126,477.8607061494263,479.6644883510304,481.3926220309879,483.12109243691185,484.9209374860136,486.61981326417055,488.37866269556787,490.17871525094995
T36000logg4.0,329.7055191126365,326.13231299371074,322.2120265002319,319.07471301528506,316.4085223010747,313.5838355224284,311.40261621263517,309.5486422867968,307.67507271794767,306.32242643262686,305.1884326973411,304.1333288732467,303.49209447789684,302.9897024480017,302.63221944475754,302.5957321265395,302.6415756520504,302.8727297230058,303.34487151698977,303.8612062152288,304.58325504591954,305.47800390580807,306.3927245026645,307.5185787439642,308.75850949289566,310.006586394685,311.45941583723146,312.9895609496444,314.4988992485922,316.2114991257506,317.9730143767538,319.690306061388,321.60465891552064,323.51392469690967,325.42537489390594,327.4921417154127,329.51651186806265,331.57122317403355,333.74864067046417,335.858315552936,338.0144630081869,340.2668530273918,342.44261656307737,344.65732345982485,346.9538934859578,349.14188239627015,351.4147768397234,353.72905725597684,355.9040178503829,358.21355724104853,360.523483553135,362.6877448344417,364.9926828821043,367.28075373688057,369.4248266157825,371.7037306174017,373.9566371877488,376.06681919803856,378.3097923600724,380.5178797084382,382.58472263617654,384.784303316023,386.9413342403325,388.9603396410191,391.11067392379476,393.21366457730187,395.18433298673295,397.28180492235475,399.3306463771896,401.2548710167431,403.2989877653531,405.29589907172965,407.1766827389971,409.17028266406857,411.11908790624983,412.96025506914117,414.9084166489374,416.8138201846723,418.62003661869886,420.5289105096419,422.3960846558525,424.1727241949776,426.04878246347096,427.8830487492421,429.6360272626951,431.4857615286689,433.29233666703504,435.0278633379693,436.8574715629137,438.64082194515106,440.3656170677768,442.1805351663616,443.9472675041763,445.66517107281055,447.470251734893,449.229564323797,450.9410231929723,452.7409810171753,454.4988739642871,456.20708191404606,458.0061757980755
T36000logg4.2,291.547344672528,288.26603546019544,284.744942850737,281.97272430843856,279.5775371394578,277.11694195443073,275.26975695947834,273.6699491084847,272.1311151017306,271.08634942106585,270.1928005471622,269.447760278567,269.0922586674096,268.81909436944056,268.75071104878026,268.9811176358886,269.2465987330542,269.74874366360143,270.4718538715741,271.1992324354721,272.17666650975195,273.3089643731958,274.4270201646691,275.79465259473426,277.2755734817955,278.7048906413088,280.3874006977444,282.1398567264134,283.83241927214374,285.7639497198019,287.7025813661857,289.6333190454725,291.7569880982346,293.84604670481144,295.9546814045844,298.2220736826092,300.4270840501808,302.66564649516164,305.03573424529685,307.29805535540515,309.65436253770974,312.09205505315543,314.37380539076105,316.82425830600937,319.2993335753256,321.604313615622,324.09164433084896,326.5783563347584,328.8894516986917,331.3850068705795,333.86203948717605,336.1599388330366,338.6450707151858,341.0954408121608,343.3681172696078,345.8245079746388,348.23521622012385,350.4754187625629,352.8870796226315,355.2487351460237,357.4503028887732,359.80680452384684,362.113345847671,364.27048784086287,366.5673781573423,368.8158349845677,370.9245344854145,373.1616000435425,375.3517430925946,377.41054046670274,379.5903521617068,381.72412241816687,383.7343939764038,385.8608938802143,387.94166282388335,389.9076085886188,391.9848570158972,394.0169323875533,395.9431389455271,397.97653198321905,399.9646310904142,401.85635141405163,403.8517794522497,405.8007157809159,407.6639122798623,409.6272919102836,411.5417795970959,413.3828041135235,415.3197683188577,417.2101864397545,419.02940496907644,420.9451113169796,422.82333354193753,424.6189731389387,426.518129599449,428.37501213337003,430.16578175504566,432.05281792331346,433.87758848838337,435.6834078425229,437.5623939969899
T37000logg3.6,382.42885999199996,381.3322656254222,380.24148825511713,379.5047785586091,378.9839064649743,378.56682658436364,378.4154501355962,378.4095360754394,378.57562039152805,378.9294013209776,379.3802602052069,380.04672418695736,380.8320930939868,381.68407076406703,382.7749360368289,383.9242699971576,385.1241298823162,386.5697158905213,388.021091563898,389.51828425444,391.2552932352189,392.95258433840985,394.69982834925077,396.6714242002024,398.56429107861663,400.5179458195009,402.67364194720983,404.71711959685473,406.83769511793196,409.13301013143604,411.302966109894,413.53920341184073,415.9350390418245,418.1547344454688,420.51628787131455,422.9784509839548,425.20944453164674,427.675566950219,430.17458274558936,432.4179045178274,434.9363198293968,437.4473359803777,439.70327608307355,442.23020429599586,444.73259338862374,446.98977106974314,449.5001146731926,451.9769164005601,454.20702213713304,456.6987330173766,459.13613890073236,461.32661881999945,463.7872743208996,466.1743879363046,468.3273231439808,470.735204573599,473.064209255434,475.17414986174,477.52084058845037,479.7870498730245,481.848457249978,484.1313454956364,486.3328307930998,488.34284622339464,490.5615849687849,492.69860678648837,494.6570908742952,496.8126565359239,498.8872351265722,500.79612277281285,502.89083344745296,504.90643182693583,506.76907652101147,508.8067529954198,510.7680027740395,512.5887303837113,514.5746695798022,516.4870388493408,518.2709163757107,520.2113605316338,522.0806968243594,523.8332496748989,525.7347402071941,527.5668457647433,529.2938104316125,531.1628184168158,532.9632994888108,534.6705870131414,536.5135801528301,538.2879643108986,539.981863352602,541.805455565322,543.5592882694016,545.2464264431624,547.0571692107268,548.7963647537636,550.4826201041124,552.2861973913241,554.0180780175773,555.706173533209,557.5068139048237
T37000logg3.8,375.9681545056262,375.1866765281371,374.4859380264041,374.0800710288635,373.8129321603622,373.6941295404779,373.7879235803792,373.98025043321513,374.3630439237883,374.8849865198754,375.48528034512407,376.296947982437,377.1817481783748,378.1413882585099,379.31558205044644,380.5034439700326,381.7762499317886,383.25248367545663,384.6904850529179,386.2312177885175,387.95470530684116,389.6125983411679,391.3612976390189,393.282848488883,395.0469986770987,397.03521873768653,399.11107097791626,400.974058800572,403.1352187821215,405.3266785008422,407.2867328206816,409.556201901985,411.8291077341931,413.8341416323645,416.20453086297,418.52881805776576,420.58076135627414,422.99724900321064,425.3468581781875,427.43153746488963,429.86224322754106,432.21520876717966,434.31274947323664,436.73862010812775,439.0769586126519,441.1716673193147,443.576283819668,445.8855406184879,447.9658731637659,450.33464679086495,452.60336679867635,454.6606654508175,456.9812403256202,459.2005559128116,461.22716762137736,463.4908344547661,465.6543920914159,467.6437403937472,469.8454961465879,471.9494966185239,473.8969018431154,476.0347358905809,478.0777758151365,479.9807155042485,482.0549387369176,484.03752779937986,485.89549747050694,487.9080294047263,489.8320987850076,491.6461289055576,493.60034063130234,495.4690152176144,497.2415759570583,499.1419189942764,500.9593378932686,502.69409644886406,504.54586509821087,506.31741455603577,508.01834660960907,509.82739983195347,511.5611501235997,513.2305130694825,515.0028857318055,516.7150520500218,518.3474798815391,520.0892494039581,521.7687399955316,523.3866287288984,525.1040492519995,526.7345915242519,528.3661959616055,530.0657777749436,531.6520678770494,533.3052024894344,534.9933433341203,536.5447205104958,538.2221118620627,539.9043730043481,541.4345117706225,543.132798995907,544.8133758132
T37000logg4.0,344.8267213844402,342.01238163359193,339.0653095294426,336.78511723538287,334.7719699943233,332.765836286875,331.3011817211648,330.0048881274602,328.81339385368193,328.05276026895604,327.3917411662728,326.8993424090625,326.7407644884108,326.63698823425796,326.7387036594594,327.09014893728715,327.469282569956,328.070197890752,328.8516708494918,329.6408242907176,330.6555828026982,331.80812388382384,332.92705072621465,334.2797585022371,335.68694073781046,337.1267424328614,338.7504652013668,340.3704401071183,342.06103426614214,343.89719216594847,345.684218759371,347.5723658297,349.57027016997074,351.43954636592366,353.52366781842653,355.63997631329954,357.5968147573723,359.7971580382798,361.9951721222187,364.0165508272891,366.2924422074197,368.5410802786643,370.60151930638307,372.92368021164106,375.1963847889273,377.2790715824629,379.6167958652957,381.8908442865283,383.982003573764,386.30802092755266,388.564425069058,390.6490277208963,392.9440601292924,395.1677905051947,397.23131902215385,399.4827941420417,401.6627224463638,403.69386124091204,405.89303522339867,408.0215203545976,410.0127970088005,412.1535449276954,414.22607757985065,416.1723520351733,418.25229908068843,420.267215146825,422.1661624581962,424.1858583916939,426.1440197335235,427.99589304701715,429.9582968819733,431.86264997594674,433.66988275259223,435.5797876254225,437.434913595771,439.2016307052319,441.06515118244147,442.8765837668606,444.6082688542268,446.43216122815755,448.21139703932954,449.9087784866501,451.69993822995605,453.4641049453295,455.12272566160084,456.887944858851,458.61824235690415,460.26957919028735,462.01538312874766,463.69895991937585,465.36816113034007,467.1006456708869,468.74392977268025,470.4362542596368,472.1610695806785,473.7747874346351,475.49054674943216,477.21281503999455,478.8106242227829,480.5461375205762,482.2700033499848
T37000logg4.2,353.45780017201673,351.17849647668265,348.8720797962739,347.144124086606,345.5909829293191,344.12172884052626,343.11569442138955,342.2117449182267,341.4654836401296,341.0805908084051,340.75162184830714,340.624397430937,340.76984928907854,340.94426464785516,341.3418150715867,341.94207688015456,342.5453089234429,343.38228115756624,344.35850303429953,345.33125540089856,346.5308723834298,347.7829410257862,349.0994037313237,350.5933381128166,352.0797822720457,353.66791911800715,355.3959029022782,357.0160845766577,358.8750842871939,360.78436897060186,362.5433252374184,364.57830936696104,366.62312775053,368.489670174283,370.6530672998662,372.79411573834204,374.73836923495287,376.99185220054204,379.19576622937313,381.19863224616995,383.50284619297537,385.74145307332736,387.78506715727025,390.10788249031884,392.3573418354573,394.4215345534081,396.7401166607059,398.98023576175757,401.0470540355226,403.34245438752106,405.5564191411076,407.61052848740985,409.86720028597665,412.041667528966,414.0700675030599,416.2765546276457,418.40172324791854,420.3943219074198,422.54288062853954,424.61222916794264,426.5618531523435,428.64811886649613,430.6580696196143,432.56023028803685,434.5828116345612,436.5325709617705,438.3852317771415,440.34526378531865,442.23656227462726,444.03984863602386,445.94056103347447,447.77702003710556,449.53311716866125,451.3794118263066,453.1745599106969,454.87896432125,456.6769646046245,458.44495383614844,460.09479987094664,461.85124085376054,463.55961298617547,465.199802809236,466.9215528127894,468.5658307851654,470.2136639809964,471.90746656069643,473.4986680784675,475.1559526563283,476.8283642826757,478.38260449989764,480.0459064789005,481.7032549477427,483.236257625157,484.90229346200226,486.55059416538876,488.0772512172322,489.7430215074455,491.3876384075591,492.91972196432107,494.5839751748656,496.22906815401404
T38000logg3.6,437.51629328556635,437.46052675651043,437.5496667801313,437.806191960453,438.1659725840542,438.729927311023,439.39813783368857,440.1288927932367,441.102389342159,442.12429802744776,443.1836965593101,444.5070229744417,445.82931544730735,447.17684724696437,448.7950106306143,450.36849801620826,451.96537724013683,453.82783160750375,455.6072995082129,457.4166190093658,459.4771752009917,461.4212733196527,463.40832331651575,465.62517529585296,467.69638281414876,469.8289887875218,472.1646299443379,474.32852274776474,476.5777501486478,478.99871212705966,481.22448161555576,483.5637985718346,486.04025414285513,488.30761093518026,490.70551660708827,493.21100089563663,495.47436226954505,497.9300620506908,500.44146867687385,502.6725718603957,505.1736829798058,507.6714735292271,509.8717293812667,512.3824377762764,514.8507438789519,517.0221970418631,519.5124060775606,521.9387993563366,524.0852171358821,526.5289395845001,528.9038950814676,531.0173004397791,533.4051978667788,535.7216207951974,537.7875374311683,540.1210967407515,542.374170812186,544.3869154813337,546.663057506451,548.8502270109033,550.8139957013478,553.0239373894335,555.1447195153951,557.0593219078112,559.2024017395365,561.2579830895095,563.1233013530732,565.2018069861183,567.1946364860554,569.0118648764346,571.02917230518,572.9626725690393,574.7343437338278,576.6944670781324,578.5728333660958,580.3025052196566,582.2100749756897,584.0380711689052,585.7300263705324,587.5901704873302,589.3728880966685,591.0318417476337,592.8500769990461,594.5927536155581,596.2237009010772,598.005845536914,599.7138086557052,601.3220834996207,603.0742952088289,604.7530155119006,606.3444107811067,608.0731319543515,609.7280782625118,611.3087791612277,613.0202978432345,614.6564881857923,616.2326260097533,617.9324420209467,619.5545574407377,621.1311065296393,622.8235352005249
T38000logg3.8,356.49325252475876,354.68324587017077,352.8292392532286,351.4583374571358,350.32138130987624,349.250647068967,348.5573122138101,348.02228175094325,347.6288479307381,347.5192174848868,347.5178535871615,347.7049945772431,348.09312545955123,348.5604182074776,349.23990432248195,350.04714451035613,350.92138624044514,352.01280205735674,353.1671910474738,354.39041026862094,355.8211122138527,357.26210975768686,358.7760533695887,360.4812162808038,362.15858090250146,363.90616147993,365.8284973762751,367.64873355400977,369.62747230430494,371.7167756286796,373.6570475239758,375.80459603380217,378.01708647863734,380.06469209745774,382.3186564895585,384.6164948312116,386.70750836439515,389.06637671375324,391.4173019425951,393.54048826721174,395.9593490671531,398.33624408109506,400.4856196165167,402.92277837530946,405.3029327860487,407.45861738196305,409.8934749329024,412.25787860382775,414.40407657973685,416.8181157343416,419.1510649919944,421.27666319847384,423.65247620026594,425.94154223886557,428.0378887838293,430.3616697784477,432.5978626120974,434.6572850367112,436.92065440117744,439.09831542075324,441.1147029859237,443.3139014070771,445.4303168595709,447.39991686663643,449.5343005681402,451.5891951474284,453.5106773701966,455.58187116273547,457.57699490454775,459.4514032420391,461.46272752451307,463.40146087696746,465.2314109537724,467.1880867161513,469.0750957926923,470.8649590749501,472.7732618811807,474.6140924574603,476.3695091618794,478.23628185855836,480.0370613692401,481.7641881898057,483.59634795073475,485.3652620859796,487.06841182153636,488.87266392970446,490.6224245827309,492.301242612381,494.0841683548591,495.8183430590746,497.4816489112131,499.2497906888061,500.94783356720546,502.62860493121354,504.38829781274154,506.0515056935456,507.7603829185332,509.5171886458364,511.1536186202112,512.8928381245103,514.6509182671837
T38000logg4.0,350.321630561535,347.9692723179834,345.55231119365936,343.7178941312297,342.0929602895307,340.52337014571094,339.42211777616626,338.4495551803771,337.61468385690307,337.1468757282457,336.7541814654573,336.5508871842446,336.6252843764617,336.7428494134511,337.0770576538428,337.6108670408309,338.1721325586423,338.9583968395329,339.89277517211406,340.8187631224762,341.98006732095064,343.21358390399826,344.4798431183007,345.94748476642826,347.41417782218645,348.9728977414556,350.68607486295673,352.3531737839811,354.1351474642028,356.04044382716205,357.8175995940625,359.8224953697657,361.87335189862443,363.75597745192175,365.9085558216031,368.0648091034836,370.03698072144175,372.28371171521474,374.5110997558884,376.54275858373444,378.85394778680984,381.12344585011175,383.1909429271247,385.53895305039,387.82590147501685,389.91293653589065,392.2698148064755,394.5532265560751,396.6463205631535,398.98744100889763,401.2497702684234,403.3347849622487,405.64230188603744,407.8695597156743,409.93302403963526,412.1949439916691,414.37673951433,416.4079419853689,418.61611130326577,420.74541271361034,422.73714318545007,424.8861802231184,426.9589703339568,428.90645411994535,430.9943361505778,433.00920742244864,434.91023034006054,436.93757653584726,438.8954367524455,440.75005463953346,442.719692968823,444.62337637933166,446.4336987436918,448.3501916545822,450.2043885390201,451.973926863747,453.84308794107983,455.6563358304741,457.3870855982954,459.215392993463,461.00685092416114,462.6914603338174,464.48555766069774,466.24008240586414,467.9059799170408,469.6724519263072,471.3719181733036,473.049613223801,474.7949057876926,476.44489514014424,478.14115050590306,479.8715367160055,481.48368016940356,483.19903823715845,484.92051031648145,486.5103726748311,488.2409217146609,489.9588194318175,491.5405376729801,493.2824059390491,495.00086183865494
T38000logg4.2,324.4496321616522,321.455076398541,318.4166057398928,316.1030206236522,313.9392474584202,311.8642415207752,310.38450593717715,308.9661996444585,307.7265833458168,306.9683289576487,306.2113921658809,305.6893904397183,305.55215405984546,305.3727862892816,305.4609564317392,305.8726600101973,306.17201159213266,306.7732206224513,307.60532172112005,308.3549460181193,309.38198311426527,310.55969071060684,311.6913168185083,313.0664381983157,314.45104618980207,315.9742414981238,317.62886339727515,319.22411678780065,321.0197447344784,322.89382938130035,324.6614074701542,326.66566008783934,328.7072739891602,330.6030636581103,332.77104562082764,334.93593425720087,336.9315954268305,339.21512108151416,341.4657959681717,343.541770031502,345.89475992484967,348.1993732624301,350.3314294592936,352.7214197115557,355.05267778009176,357.21655976379895,359.618453625723,361.95303286788857,364.1291414853218,366.5199990323613,368.8385394235317,371.0090796152374,373.37131481171775,375.65851096188885,377.8088716476634,380.1290653100914,382.37337421298724,384.49217032150386,386.7606290712376,388.953944961653,391.0327320165093,393.24322747489924,395.3806768677522,397.41375979515146,399.56332746283204,401.6430179320724,403.62743592572593,405.71607272452263,407.7394931420467,409.674110250276,411.70426611828884,413.6878838571622,415.56096404661116,417.53693736152366,419.4813192271536,421.3003531982819,423.2276192031504,425.0977838283052,426.90797907159595,428.7926242862476,430.59251521273393,432.40140115743634,434.24976404908807,435.99482493496487,437.79907213422814,439.6175124985951,441.32368045446185,443.1196180787383,444.9142651496242,446.59623349341257,448.3810658610461,450.15758629683756,451.8299617068586,453.60029248875315,455.36387072327517,457.03337048409674,458.7930599110345,460.54841955799463,462.21787588794655,463.9738709636988,465.7250012209545
T38000logg4.4,295.59448172532944,293.05739506804673,290.5343326003683,288.6578527150997,286.90321571165737,285.2807701045418,284.1833871026708,283.13207193886484,282.2911694056809,281.86839538738445,281.4417374399325,281.2724236175006,281.4329828641793,281.54970006844593,281.9512151993168,282.61652763664836,283.19432622408885,284.0752276573164,285.1290989286514,286.1359726205664,287.4140303887844,288.77301666717955,290.1570999080492,291.75884960916613,293.3106990544691,295.0617259191423,296.9221588373797,298.6728743432428,300.6751669688623,302.73737707820345,304.6415706506781,306.8433769301246,309.05803939109484,311.0842253185569,313.43212922585394,315.7570945862506,317.88459839276834,320.32610529266,322.7256615286347,324.9265874149926,327.4267820346392,329.8705661273608,332.1196818704675,334.6495252024705,337.1115749345531,339.38712337979683,341.92131752612534,344.3796022023711,346.66166010735526,349.17985127972423,351.6161851844647,353.8881620715224,356.3735519560085,358.7735499101376,361.0221537567632,363.46154018077607,365.81432933417625,368.02921930628617,370.4130653987325,372.7110939000148,374.8843843830233,377.2067847677158,379.44560111902223,381.57188455075345,383.8301451800935,386.00810689014264,388.0844936937464,390.27871522884834,392.39844551940155,394.4226476436594,396.55520616037785,398.63716405559416,400.5931553054237,402.6681284153276,404.6960048756955,406.6076292361909,408.6301894629439,410.5773301474836,412.4808208989624,414.45673318966266,416.330534529208,418.2293020112468,420.16460021339327,421.9818682849429,423.87058122386827,425.7713457473587,427.54891789191976,429.4224252081822,431.29456143486215,433.04847662291525,434.9021987564703,436.7512474551799,438.49301499106207,440.3263964721856,442.15748547383237,443.89096651637374,445.71053693882095,447.52832484754936,449.25497579335473,451.06888177359355,452.87731888085705
T39000logg3.6,410.2424119495302,410.07215961339017,410.0330070410341,410.1727341615613,410.41276383781957,410.83873184082086,411.38051559383473,411.9898599431511,412.8203318934252,413.71025560342366,414.6505301902699,415.8305083534234,417.0192706993736,418.25398948685574,419.7329619420158,421.1750629801506,422.6692306067338,424.4005629961697,426.05391065976255,427.77392140368454,429.71456172579076,431.54032065793353,433.4539421940965,435.5642918455783,437.52610657709533,439.60337948588307,441.84724820814995,443.9256138233784,446.1245295522267,448.4689566912034,450.5730924163946,452.92758234667053,455.34263846174497,457.46073276948187,459.930311801096,462.3890514500504,464.5362352103877,467.0582647194976,469.53687892664556,471.7114726823632,474.2454546943527,476.7235571735615,478.89764938121533,481.43533199878203,483.89611095284056,486.05601990545887,488.58115342120595,491.0112007970941,493.15823291376716,495.6454326180192,498.03430300745254,500.1591715506271,502.59870514384875,504.9384393189837,507.03306567296215,509.4183444346817,511.7031658270365,513.7613606249496,516.0878651909459,518.3140333158956,520.3316243885226,522.5965869929796,524.7622477308356,526.7368830073757,528.9391967474002,531.0441025691914,532.9749393075437,535.1149297941347,537.1600988826759,539.0473107540954,541.1267315455096,543.1142213348124,544.9589195668093,546.9806899207795,548.9133994524819,550.7176096160031,552.6855061013616,554.566984890686,556.3335684412234,558.2520039088145,560.0862987651444,561.8188724657604,563.6927886845888,565.4843062501642,567.1872459100258,569.0220395559659,570.775442662678,572.4539025825021,574.2554029041232,575.9760798406214,577.6354048145477,579.4097527776792,581.1054857264343,582.749151503788,584.5023350987501,586.1822850877575,587.8119902454446,589.549313457288,591.202901706228,592.8387854764854,594.5645413693182
T39000logg3.8,371.2565828789895,370.17432194633983,369.13831145315453,368.45344999672255,367.93847898346377,367.55114208123155,367.42495516292047,367.4173366737464,367.59005546833004,367.9437443017552,368.38640441014576,369.0383491109597,369.7996157899179,370.6381500340723,371.69529915378286,372.79764783642673,373.98028035266566,375.3749905391987,376.75712864324305,378.23536175779446,379.90629287572904,381.5267505093734,383.2411720220952,385.133344534109,386.9098301089177,388.85123995778747,390.9159591356113,392.7967266698438,394.9348155883549,397.129267477853,399.11183419189194,401.375922820721,403.66257557453616,405.71461144099396,408.07205770853665,410.4181917706235,412.50088096324254,414.9333390976203,417.31086680975744,419.4274377816245,421.88234509032134,424.2676924220429,426.3990502872001,428.8538912942213,431.2277032204139,433.35716150597625,435.79413168007915,438.1407030256518,440.25609370147333,442.65895741480824,444.96566735318163,447.05775736308266,449.4126339327184,451.66962886684394,453.7301639412749,456.02726792804714,458.22754042865427,460.24940436076326,462.4832670889426,464.62271522514743,466.60091430943135,468.7693916639865,470.8465099031511,472.7784088729287,474.8817909594778,476.89713975342613,478.7822217972828,480.82257689773184,482.77829775425386,484.6176769332234,486.598704003743,488.4982467519991,490.29463595602067,492.2212323652619,494.06904491957715,495.82661699891014,497.70455780068846,499.50596507827953,501.22976284632256,503.06536370951176,504.8267820179672,506.5216541229562,508.32136846041715,510.05338013736133,511.72030966808086,513.4904918984281,515.2053990576533,516.843799439703,518.5908351223644,520.2687364607884,521.9106757333366,523.6411504414511,525.276322254871,526.9401350050626,528.6605102094238,530.2600566193034,531.9507773231112,533.6666486531317,535.2408590732653,536.958531662674,538.6740732786626
T39000logg4.0,331.69361293137257,329.1858822223917,326.4695812372913,324.34521208928396,322.58975579248334,320.77707294067966,319.44140784624614,318.36003395821757,317.3320673860751,316.67996944464005,316.19678651290644,315.84429319350033,315.7790798230847,315.821356572667,316.0445811548974,316.4779194191249,316.97671177025705,317.68508412387746,318.5368102877674,319.4274279182663,320.5393492358698,321.73732701968413,322.9597643035754,324.40237356405333,325.88240607249816,327.3814518423791,329.09024312409076,330.7956574102505,332.5210247383198,334.43931312308416,336.33836222572836,338.22684153793784,340.30531548446527,342.3309513433689,344.36634277741734,346.5626594742738,348.65549882073935,350.82513962994545,353.1032714441044,355.2476983941664,357.5053270048057,359.83467233036504,362.0166435938244,364.3230205449164,366.6773504343803,368.8853851613467,371.2056573536553,373.5624137526136,375.7647047856392,378.09055427465285,380.4308099227651,382.59627423092945,384.92513954969337,387.23379265269347,389.3649280563467,391.66751898424764,393.93324836847665,396.0286387642575,398.28628034345957,400.50117675330137,402.5535632382811,404.7596132780816,406.91886493214395,408.92238494111575,411.0746432936454,413.17628724526605,415.1285616200783,417.2267447330834,419.27128979056545,421.1731712549304,423.2185161233068,425.2085155469973,427.0634844728179,429.05858933562365,430.9981529462924,432.81132345060877,434.76021100270304,436.6544604294152,438.43165135706806,440.3396578431664,442.19418232891786,443.9414780168306,445.81474143586695,447.6352497018827,449.35881863737075,451.20383426146793,452.99596661114344,454.7020513100973,456.525269361008,458.29442608767835,459.9893009103742,461.79689321988104,463.54806296495656,465.23802785212865,467.0357938064546,468.7742564903967,470.46476747624814,472.25798399480493,473.99177363441555,475.684494279203,477.47745240472256
T39000logg4.2,441.0524357270072,441.5950916223851,442.3252699394462,443.0793284435078,443.90001380871723,444.9150134173733,445.9045842535196,446.9746273124357,448.23231982963966,449.4182008856471,450.71158989580755,452.1743764028339,453.52214482878,455.01372981317115,456.6476629780116,458.1398682901417,459.7921804998005,461.5664065852667,463.1098795024947,464.96512274778235,466.8514695456594,468.457609719076,470.4569591935949,472.42966910409314,474.10040380121586,476.1977472573271,478.23325700715037,479.9638623191922,482.12277594641375,484.1995313282257,485.98073428877865,488.17218073776473,490.2705336887445,492.0858749396731,494.29090443081725,496.3931635072919,498.2290959744662,500.4290315926169,502.51964897961875,504.36417244859956,506.54259886374956,508.60847139372595,510.45009683297576,512.5945951907938,514.625271224787,516.4540085676867,518.5555782668504,520.5432089644661,522.3511298612137,524.4034337398579,526.3424270764888,528.1235305181135,530.1223504105772,532.0089318234943,533.7589497852202,535.7016718946071,537.5335197722217,539.249532512059,541.1350382471541,542.9109633879062,544.591354552661,546.4197947252813,548.1398695545764,549.783983221218,551.5565397256764,553.2220228131816,554.82995272073,556.5486569280937,558.1626842445947,559.7342907371464,561.4018586360663,562.9710748464566,564.5040584731805,566.1237480840467,567.6599783443023,569.1479860336742,570.7235100904036,572.2014569524927,573.6762840405231,575.2117781261622,576.6249690552872,578.1005816971666,579.6005726705881,580.9588465571694,582.4338618657578,583.9032420559045,585.2212245016765,586.6903862762036,588.1343362895263,589.4253184828132,590.8853891404036,592.3091487815954,593.5849849337911,595.0343180936937,596.4428428208157,597.7123069907921,599.1518017054102,600.5494282854302,601.8179397222101,603.2506867923126,604.6409094839892
T40000logg3.6,445.2228939946642,445.6966624630982,446.37555173849125,447.110027411983,447.8915236709962,448.90416461161186,449.92442810209513,450.9840751614239,452.28674062175526,453.5533772962086,454.86352732473995,456.4164849456003,457.8932134097014,459.42766327219886,461.19430262582796,462.847289423951,464.58101136854106,466.5273911423069,468.32475570778314,470.23397726088484,472.32852999975694,474.23801634317556,476.3022227015063,478.5155345803725,480.5109791546361,482.70632090014396,485.01102139979116,487.0477030524993,489.37160573236065,491.74228446712164,493.79176111016307,496.2281071854841,498.6413206965698,500.7138172039942,503.2107867186185,505.6451869082747,507.746724071611,510.2600762454385,512.6966712344172,514.8046765807371,517.3228527310177,519.7453588328513,521.8496383250385,524.353541913401,526.7486233981165,528.8462819333554,531.3147935729814,533.6720441918358,535.7532747566993,538.1774000124984,540.4890715927689,542.546121169441,544.9194568175899,547.1799999290098,549.2072571764375,551.5250800405297,553.7307040929866,555.7241790262706,557.9832524962403,560.1316131231382,562.0884373733772,564.287040373703,566.3770585292638,568.2952604273567,570.4331423002577,572.4648366312452,574.3433895106659,576.4214217213206,578.3957220466157,580.2345138896166,582.2544144594449,584.1729764129941,585.972710305954,587.936862291018,589.8019173690319,591.5640310741164,593.4754007299449,595.2896591179982,597.0162596263518,598.8784663024873,600.6450138014563,602.3391051842946,604.1563114144029,605.8786846732012,607.5440929062185,609.3210314263149,611.0046900060389,612.6445067716172,614.3863339027027,616.0385565954323,617.6549020172022,619.3669183429347,620.9937623412541,622.590255382909,624.2775609174989,625.8645594500111,627.4649695784691,629.1321534637196,630.6790714774297,632.2919838846509,633.9429018736234
T40000logg3.8,375.57747811408115,375.485768152199,375.5546888098129,375.773609847845,376.084857960851,376.5767915946583,377.2048989088145,377.9622184633972,378.8417825422387,379.8368026952833,380.9406485748694,382.1467947123311,383.4487447632817,384.8398722326442,386.3130595614928,387.8596245458177,389.4681122346913,391.0999850966825,392.9016909073056,394.77088018607094,396.70034495294135,398.68548681384755,400.7218167781014,402.8049175421154,404.9303970021129,407.0938055650248,409.29047556145247,411.5151606577575,413.7609389936175,416.02993847041444,418.24318687844607,420.59424379623084,422.98153133425933,425.3827155794707,427.79502149342005,430.2154493930085,432.6410594239167,435.0689599764021,437.49626171025864,439.9199831342689,442.3368310862484,444.742536506956,447.14452421354673,449.45753171076404,451.8511468663636,454.2674625660767,456.67049672472234,459.05915966508496,461.4322977920146,463.7888676729299,466.12786153175483,468.44826749581034,470.7489969180103,473.0287556902006,475.2856781146042,477.5290668000889,479.6720019951214,481.8777321524763,484.08766098221867,486.2809264006769,488.45285116378466,490.60352220278736,492.7328336398996,494.8406909365307,496.9269808069965,498.99153061988466,501.0340414826785,503.05388411615013,505.06200371285576,506.978130617494,508.9446627313212,510.8987405161649,512.849389725004,514.7810660342261,516.6943668540895,518.5896617389928,520.4672673727642,522.3274669559675,524.1704860915751,525.9964482722403,527.8052037148914,529.6082831934951,531.3373417635593,533.0899694255359,534.8559946445614,536.6171113025084,538.3680400735046,540.107505326232,541.8363212828865,543.5550690006735,545.264267141128,546.9643280214586,548.655473180813,550.3373818514305,552.0190217578511,553.6524960683257,555.2917817585312,556.9749503840148,558.6453551759273,560.3205927244862,561.992654804395
T40000logg4.0,439.87954696831963,440.5649079465426,441.35626115216957,442.24841041109005,443.2355584742163,444.3120692462318,445.472421317632,446.71113997151224,448.02266242907825,449.40107462828513,450.8393923440467,452.3266203227522,453.8065600518422,455.4361885458374,457.1456016483662,458.90420007107485,460.70870996018857,462.55546701028453,464.44083403272845,466.3611456057838,468.31259199995344,470.29099636817455,472.2912599235906,474.3053284665518,476.31550316649265,478.32311640011176,480.4601599213103,482.61283571826505,484.7785494299451,486.9545564805992,489.1381933142395,491.3267594109184,493.51746239888183,495.70727455874635,497.89260233830544,500.0681650654993,502.229965492946,504.32879100942654,506.51871816381396,508.7243492595081,510.91844552672234,513.1001901203597,515.2681124177352,517.4208086692745,519.5568931208225,521.6749188804449,523.7731841600222,525.8491470469012,527.8998364408808,529.8776097303088,531.9034100662766,533.9461945912485,535.9701150677819,537.973799532946,539.957240932527,541.9202300322632,543.8625191632591,545.7837626044463,547.6834122812039,549.560389016878,551.4130997516938,553.2185263614186,555.0161960108827,556.8356470000998,558.6487989625898,560.4426068399382,562.2175226947948,563.9737171863684,565.7112996753452,567.4303066344319,569.1306354456677,570.8118601775437,572.4730677754125,574.115221416406,575.6938899212394,577.3267190999538,578.950571131072,580.561805454839,582.1579931786305,583.7397580395887,585.3074267076498,586.8612859936406,588.4015387852776,589.9281720886684,591.4406655312139,592.9507122342077,594.3854786648535,595.8773541108826,597.3667891709064,598.8547731564814,600.3352694479704,601.808395505264,603.274662068405,604.7343826641388,606.1877315834103,607.634602586385,609.0741034844204,610.5152344833762,611.9082363357677,613.3270694542504,614.776078908673
T40000logg4.2,380.455461216448,380.14714540572464,380.0226430671296,380.07191445260037,380.28533762383915,380.653648021276,381.1679043460257,381.8193703728621,382.59938497991925,383.49912586503416,384.50918297415603,385.59536355889367,386.77802484686015,388.1217520029554,389.5578251534574,391.08107966831784,392.6852727215821,394.36432573601826,396.1122505582733,397.92307039186994,399.7906439684203,401.7082629869658,403.667292373264,405.6417758289836,407.6355901985771,409.77202122741375,411.94548497688135,414.15013542764535,416.38193566443323,418.6369669730431,420.91134962809883,423.20116192795325,425.502300216138,427.8101551040275,430.11854471897914,432.423518541268,434.66598758674957,437.022769554186,439.3913200705057,441.7545857921609,444.11060626210974,446.457187302915,448.7922554346527,451.1137993846033,453.4197783974463,455.70791704172984,457.9750939819845,460.2318377709113,462.3984063339351,464.61839243868945,466.8556989354535,469.0715094502733,471.26586823766127,473.43808778277383,475.5875492171201,477.7136412629542,479.81570462577474,481.8929318818985,483.9440969737425,485.9858519779839,487.91726217453737,489.90585756669856,491.8948901507717,493.8627541597166,495.8073367857365,497.72906545025353,499.6281303443188,501.50470095617595,503.3589039168397,505.1907635765418,507.00015401711613,508.80498566942686,510.50119365601853,512.2631114330692,514.0079116976603,515.7455799408103,517.4651717016283,519.1675735544139,520.8532921771084,522.5227912087457,524.1764681688868,525.8146010273446,527.4373512399507,529.0611365164661,530.5928988734054,532.1873824219356,533.766525893469,535.3502785501726,536.9245876076848,538.4898565481379,540.0468469195916,541.5961404984587,543.1381900727696,544.673198123076,546.2009347185553,547.7333481070414,549.2019340308213,550.7183376855277,552.2458220644974,553.7773965767948,555.3098443665339
T41000logg3.6,526.5756090414013,527.6128272139017,528.659962601505,529.8379631951218,531.1047371110885,532.4299170847692,533.8105857804121,535.2437258770258,536.7263427079735,538.2554175218445,539.8278473435847,541.4403135160248,543.0890151239672,544.7689509718314,546.4714148998712,548.1359114961492,549.9317650175974,551.7944223793285,553.6857347991573,555.6038518372061,557.5465653295543,559.5116255755627,561.4967014032204,563.4993173661265,565.5167306031695,567.5456698815664,569.5816418779782,571.6166106872057,573.5907154579576,575.6724418510962,577.8005257845795,579.93393397916,582.0708215327153,584.2093097573596,586.3475354287731,588.4836150638923,590.6155988593513,592.7413719549502,594.8584413982603,596.9633833710823,599.0501503613804,601.0652051349152,603.157136846009,605.2734425625754,607.3784028199234,609.4705054544263,611.5489801111612,613.6130355806963,615.6619016048173,617.6947820826913,619.7107667170701,621.7086616019892,623.6865959674616,625.6412398495768,627.5242519628341,629.4666872360146,631.4181413513827,633.3556593473842,635.2765121707218,637.1806938824766,639.0680429473863,640.9383495995703,642.7913242077179,644.6265317372868,646.4432722991468,648.2403296406279,650.0196788390936,651.7250205875639,653.4872199206168,655.2480956881286,656.9969882574926,658.729618666514,660.4461115533132,662.1464799165365,663.8307044630932,665.4987144901759,667.1503427459547,668.7852406690982,670.4027313960573,672.0071621742742,673.5412684664577,675.1275464816462,676.7118117482777,678.2863945521739,679.8480015378327,681.3969772370502,682.9336362050364,684.4582274368975,685.970925272677,687.4717782539162,688.9606200036496,690.4367247638502,691.8991418792772,693.3137204924417,694.7734605297352,696.2339367071804,697.6894523325839,699.1371976818572,700.5773398181803,702.0100684148631,703.4354973848015
T41000logg3.8,465.3435281732213,466.2499195290113,467.22774168303914,468.2466143147914,469.4269376284258,470.68623454992354,472.0182502183126,473.4187339129753,474.8835081302277,476.4084614421224,477.98949750848186,479.62245567422485,481.30294936800533,483.02598522946835,484.7848839240292,486.5657187275745,488.32781269676616,490.24430725694083,492.20747650033627,494.20224621589284,496.2261166278595,498.2763027646424,500.35000908564086,502.44438621434074,504.5564525522094,506.6829456719137,508.8199957148229,510.96219676015176,513.0986345131967,515.1820375149981,517.3824911738616,519.6137983185617,521.8469541981442,524.0808753361017,526.3134466275835,528.5426059472165,530.7662906199864,532.9823906690021,535.1886483435561,537.3824253294113,539.5600627250815,541.7156307561456,543.798631182307,545.9573802430706,548.1310156416619,550.2889080148861,552.4299543542331,554.5534989559421,556.6588731382761,558.745443794528,560.8125666536226,562.8595030578438,564.8852556527099,566.8881382761424,568.8677543776336,570.7711858936032,572.7276457428354,574.6897273609642,576.6364838297814,578.5638956867051,580.472273783955,582.3615962342583,584.2318168475745,586.0828285446302,587.9144143643673,589.7261413623437,591.517057166264,593.2918930871334,594.9916176381412,596.7382261155489,598.482694996196,600.2180223272187,601.9369133454479,603.6393871547268,605.3257192781435,606.9960697458877,608.6505522077618,610.2891985659261,611.9118867301097,613.5180930775309,615.1178322443938,616.6438308225755,618.2093185055169,619.7821456335856,621.3484236370738,622.9039831671937,624.4487457857507,625.9832376056468,627.5078829163349,629.0230181236116,630.5288531207342,632.0253675322847,633.5119853992302,634.9971022485895,636.4256442292209,637.8877386513659,639.3709618241988,640.8483807346871,642.3238075892787,643.7953825127782,645.2630239636661
T41000logg4.0,586.9270459953646,588.0366127537479,589.2421328407245,590.4703379649503,591.7201434674436,592.9900940512664,594.2786983398476,595.5843981127252,596.9055107287916,598.2401082778885,599.5857346401788,600.9385724821093,602.2894533970332,603.5949592860951,605.0206162616145,606.4665389863566,607.9224667855564,609.3873486063139,610.860157672838,612.3398037408535,613.825092096157,615.3146376197092,616.8066958532903,618.2987382062629,619.7859095286243,621.2577960551702,622.70998028858,624.252389360845,625.7972482846924,627.3420011668317,628.8856690102023,630.4272437479992,631.9656624961655,633.4997634676705,635.0281972481515,636.5492147754724,638.0600278866459,639.5539992048494,641.0008852388323,642.5076505787501,644.0319933835749,645.5486379382328,647.0566328012533,648.5554293478899,650.0444680214116,651.5231609559626,652.990841383559,654.4466497175952,655.8892402130207,657.3155696622232,658.7244299934423,660.0951799807497,661.5187262687856,662.9402719911384,664.351453798668,665.7520199439622,667.1419188023154,668.5210526807149,669.8892415408806,671.2461566666608,672.5911687687665,673.9227747040093,675.2392632538241,676.5147953673452,677.8239023646862,679.1415749928469,680.4533729729438,681.7557393370187,683.0484350586045,684.3313742985539,685.6044206091212,686.8673511210749,688.1197761831556,689.3608753526539,690.5886925872946,691.8023009122905,692.9850713344836,694.2067457122732,695.4252704902447,696.6367887361536,697.8401556958015,699.0353730952517,700.2225144026028,701.4015929150122,702.5725085194622,703.7349036536236,704.8875395905544,706.0359862692799,707.1444607904539,708.2795163855191,709.4242975580978,710.5678017749009,711.7063292655472,712.8395887293581,713.9675684246091,715.0902790226664,716.2076292830108,717.3193321996637,718.4244464713508,719.5230678998464,720.6103822979069
T41000logg4.2,377.35180006782025,377.07665847219357,376.98488116117903,377.0663877453824,377.3115086414352,377.71092900994995,378.25559483034147,378.93659045905383,379.74491747437605,380.67102588509,381.713424791032,382.78244517774687,384.0566975557071,385.42955113240515,386.8954157479765,388.4477887844527,390.0803398651132,391.78685189388557,393.5611467346093,395.39690977641453,397.287340739551,399.22397462783465,401.20700226352074,403.1483460641188,405.26644534712375,407.430209998112,409.62848378941607,411.85705226081046,414.1118430036598,416.38882186462763,418.6839245991076,420.9929119198261,423.3110261476131,425.63183897367253,427.9608771692348,430.2133765542651,432.5813669542164,434.9719503358598,437.3590714693507,439.7406074264361,442.11417959396243,444.4775266180294,446.82843581566743,449.164645185285,451.48359311204905,453.7816208767007,456.0667013655167,458.26908389130176,460.52674518077896,462.799261388715,465.0508004716617,467.2810396321601,469.48920416942326,471.67457584948716,473.8364288467426,475.9739577914943,478.08612220054613,480.171334532447,482.2345696904834,484.21863049699834,486.24211340404514,488.26822503127227,490.27068072431587,492.24947569904884,494.20481906823136,496.13684591558217,498.0456631692667,499.93130021157435,501.793577871166,503.6325902598158,505.44763806683363,507.19475773376024,508.981511711213,510.7649643370433,512.5304155359065,514.2771432323775,516.0058705926172,517.7170741331927,519.4111720636513,521.0884887572605,522.7490606800018,524.3941952952426,526.015985715996,527.5872934530877,529.2074529054829,530.8158376122017,532.4188561455264,534.0112547183237,535.5937047542789,537.1668266015514,538.7311505018531,540.2870445182343,541.8343629159651,543.3751396642515,544.8951842383696,546.3876118946094,547.936613889086,549.4731627148248,551.0160907002261,552.5571944806308,554.0965150167008
T41000logg4.4,453.28793921316407,453.83218985810777,454.4825862502211,455.2327817866433,456.0766370686283,457.0081263563401,458.0212005930609,459.1094894827264,460.2655400557968,461.47935941109273,462.6980428203535,464.08253804552174,465.5306478344021,467.0346810657785,468.5905714369014,470.1943151207736,471.84193995807027,473.529405394294,475.25243116598983,477.00610375624615,478.7836037829726,480.5816414853844,482.3343403921971,484.243894319116,486.1788098713255,488.1335376217103,490.10518491374506,492.0909074399691,494.087808720253,496.0928736860488,498.10279700573585,500.11359174028155,502.11913314987066,504.10979062116047,506.05628182960754,508.1135428693315,510.16918033097136,512.2182310412844,514.2589473980677,516.2894826959341,518.3080202016727,520.3127138738973,522.3015592382412,524.27203964243,526.220348193769,528.1168333409014,530.0084512787358,531.9496313523991,533.8756645486038,535.7821135451144,537.6689025900187,539.5355982701209,541.3817606103278,543.2068750799536,545.0102378312109,546.7905632117906,548.5481505293778,550.2386703761733,551.9539843351483,553.6826867613365,555.3963949215586,557.0896753062295,558.7630532712107,560.4165725482835,562.0502398321589,563.6639833582623,565.257558401357,566.8301583589039,568.3935644068756,569.8692660436751,571.3982171433922,572.9202828790583,574.4321190627429,575.9269440930393,577.405471873263,578.8679783627787,580.3146937296686,581.7457727615304,583.1611973582071,584.5608432095196,585.953047186196,587.2690974169741,588.6457365890461,590.0098915377629,591.3700147796089,592.7193372337541,594.0586859565709,595.3885902098273,596.7094849379098,598.0216634336659,599.3249968268861,600.62067360212,601.9012262120216,603.1441347139549,604.4427991502038,605.732454971158,607.0248794756214,608.3140996721904,609.6005026918452,610.884351113465,612.1657223447942
T42000logg3.8,642.7703676717388,643.6592256359004,644.6581586708394,645.6819196796945,646.7244993628434,647.7848124913528,648.8619233001913,649.9548365123475,651.0624695978169,652.1835926481439,653.3166951362765,654.4596677907747,655.6088161086295,656.7531269400613,657.8797333357994,659.1036437130617,660.3402144119991,661.5871136806178,662.843431822873,664.1083433071665,665.3809579821874,666.6602810322514,667.9451374918654,669.2340120670191,670.5246454839532,671.8125768706034,673.0827120520872,674.3584249685016,675.7022030043647,677.0498812236585,678.3999645071631,679.7516421103821,681.1041241685512,682.4565700708524,683.8080471472223,685.157454085506,686.5033427617284,687.8434077425366,689.1721588358521,690.4618836939921,691.8044005161532,693.1685334517679,694.5298274718084,695.8869933489983,697.2395685674594,698.58706525164,699.9289589136717,701.2646476117848,702.5933633909096,703.913961787055,705.2242223635401,706.5194888599267,707.7800236689936,709.0939425687561,710.4116212800475,711.7238787705262,713.0296391055705,714.3287597509553,715.6210426432848,716.9062265271418,718.1839380456295,719.4535909478452,720.7141172115378,721.9627786947269,723.1938530285511,724.4103019884396,725.6638134443157,726.915849731852,728.1619676943608,729.4012634392002,730.6335153835117,731.858540675174,733.0760963151522,734.2858279314312,735.4871506788734,736.6788229747051,737.8593282161994,739.0109777330848,740.1822049549364,741.366491646251,742.5472586145945,743.7221695330146,744.890699301617,746.0526133174322,747.2078348832044,748.3562146381737,749.4974668609705,750.6309871747201,751.755057013628,752.8717196334086,753.9566232934349,755.0765432824279,756.1974203825664,757.3150225608533,758.4277265922838,759.5353182562592,760.6374155138717,761.7339176294531,762.8246282175887,763.909162875042,764.9865474675986
T42000logg4.0,385.82780095957,385.3129541213506,384.9463814925733,384.8225804724899,384.77647667452777,384.91128148412133,385.20711788168285,385.5839904460901,386.15126825055364,386.82711196405927,387.5609113200712,388.4985487475136,389.4256445095772,390.5475506780863,391.79903662300245,392.95274246504476,394.39660051095655,395.91029940684894,397.2544829188926,398.9718525466461,400.70074381367994,402.22467087756365,404.1479475792326,406.0494693443221,407.72203341716266,409.8102430174244,411.8461101841149,413.6458760877646,415.8545963964023,417.9905647787141,419.89426170113063,422.1868788997401,424.3924050525126,426.3756566908725,428.72228576517443,430.9702934489294,433.0107098072558,435.38508481240046,437.65196684865947,439.72916258398766,442.10902289208445,444.37476630314893,446.4708812866296,448.83786912602693,451.08600423623074,453.1857337936103,455.5252429921763,457.7425166393376,459.83328111700564,462.1336742974491,464.3095425279758,466.381113458379,468.6333244333528,470.7596055494089,472.80379524443714,475.00110613267907,477.07194599858764,479.0823735662681,481.2204528403394,483.23378862442155,485.204466823837,487.28124771390605,489.2461756327742,491.16393970565974,493.17930795613347,495.0854599555165,496.96004989911086,498.91544168414146,500.7242432477336,502.59644546393895,504.49452066360755,506.2202208025153,508.08038066773577,509.9247934477332,511.5883608668391,513.4221009710996,515.2172594090533,516.8374196555833,518.6341756279402,520.3849858480075,521.9758138788815,523.7308048057693,525.4424748317896,527.0090900896878,528.7273517802084,530.4053190522534,531.948260876334,533.6402312685585,535.2901877788956,536.8094254567728,538.4869705843897,540.1147774187077,541.6193302693978,543.2857834043666,544.8970836245026,546.3961478781396,548.0542679838716,549.653887590509,551.1537539046263,552.8077539192211,554.3992322543538
T42000logg4.2,524.2133332919797,525.3176749834444,526.5926752691288,527.742476054648,528.9999888794866,530.4022836589304,531.6424143983606,533.0422560511195,534.5514568098014,535.8684412673191,537.3915745153732,538.9892973142935,540.3091997505135,541.9996027281646,543.6691564708449,545.0328742201731,546.8218822436729,548.5480393452859,549.9672593824433,551.8172909185334,553.5859890043536,555.0589612295793,556.9472777308955,558.7453695847072,560.2614625520009,562.1752943694448,563.9903917540829,565.541377993479,567.4664555700722,569.2868761771292,570.8637603813766,572.7875224204885,574.6023600931136,576.1956456589403,578.1072231909384,579.9065104394854,581.5070792960266,583.3968479711642,585.1717849413157,586.7713009356859,588.6310380045657,590.3742182477802,591.9654724900093,593.7885617694504,595.4941496282696,597.0712298113262,598.8529298031021,600.5166995647904,602.0751606899505,603.8125776618039,605.431711909911,606.9686950458973,608.6604909085725,610.2333634448759,611.7474211807169,613.3933581301197,614.9194367351904,616.4099929733352,618.0106005564526,619.4908856057076,620.9571742645513,622.5134887179379,623.952708567671,625.3911451509075,626.9045478028955,628.3056375011879,629.7151129736557,631.1872718095335,632.5220120966329,633.9331691764569,635.366000191901,636.6389464791692,638.0501873534167,639.4458234009032,640.6741949373001,642.0717980225187,643.4326115147487,644.6307569993529,646.0045181392945,647.3331833746942,648.5095401914815,649.8559705920262,651.155502798518,652.3142005166469,653.6349795347586,654.9086752101907,656.0520920746777,657.351361405306,658.6026357740253,659.732945522385,661.015439908637,662.2476256192145,663.3684752820853,664.6374496394392,665.8535944853952,666.9699894023257,668.2269594081685,669.4296657894271,670.544845080084,671.7924370276448,672.9836576354139
T43000logg3.8,488.77177636442536,489.74634650551405,490.98812700081453,492.1821076413826,493.34380710571884,494.77797535354034,496.1366605008682,497.4675323979192,499.0682542850453,500.5682351950078,502.0514332318664,503.7951237073893,505.41478282467943,507.0343246760209,508.8992481454491,510.61839861078056,512.3590377519507,514.3249176476716,516.1244391079308,517.9715185766825,520.0192859042181,521.8808047667137,523.8203083431886,525.9318965656503,527.8370913024316,529.856060455088,532.0142632533208,533.9471896615182,536.0312952971456,538.2197509951679,540.1672000901034,542.300502794736,544.5038230528634,546.4201253238743,548.6206146906858,550.8246063747702,552.7136526189071,554.9517511566048,557.1437246406201,559.0148269572825,561.2581822685167,563.427254985042,565.2870949529565,567.509241849965,569.646574521654,571.4919337000183,573.6800401660745,575.7789270874638,577.5992191464655,579.7516448356904,581.807340507505,583.6013188347921,585.7105507802275,587.7199643397371,589.4878514792745,591.5478043522763,593.5091161432524,595.2484109790993,597.2579036121318,599.1702188420204,600.8791398790443,602.8379137730669,604.7010564885884,606.3785274149602,608.2869394665399,610.1013341215095,611.7469208914628,613.6058198203318,615.3723924743031,616.9862318421087,618.7968759418367,620.5169734270607,622.0996656045146,623.8637386131423,625.5390857690722,627.0916192441151,628.8113184209243,630.4440120047728,631.9678640837602,633.6458971371255,635.2384164517719,636.7356779461387,638.3752890662945,639.9305103264003,641.4039281574019,643.0088397690151,644.5298758025818,645.9828918867615,647.5571446229336,649.0472230239891,650.4837559720622,652.0314441052817,653.4943103728881,654.9178795852558,656.4429135790947,657.8830870358423,659.296136919703,660.8020544488315,662.2241045983185,663.6283622783469,665.118180574458
T43000logg4.0,453.07150775925754,454.0124832806377,455.03504276289163,456.1341952345658,457.30493490186683,458.54203963802615,459.83961045975263,461.1896776266368,462.579155229288,463.98017452080717,465.5458534528874,467.1622809024655,468.8263732885673,470.53475003433135,472.28402933459023,474.0707503320708,475.89123903217654,477.7413107031865,479.6155273001278,481.50439670984434,483.34469413674276,485.30832163602236,487.34125803067275,489.39413115848646,491.46512030421206,493.5516633046944,495.6511308620388,497.76074252173754,499.87741519049024,501.9974053295005,504.1152509985573,506.22061901624795,508.26886827883897,510.43261043914606,512.617636029416,514.7995081164594,516.9766654295265,519.1472315529033,521.30929879176,523.4608648841236,525.5996657523624,527.722779086479,529.8252408221081,531.8855742165209,533.9239033258858,536.0351972463786,538.136442308952,540.2209023377451,542.2880850915934,544.3373162441176,546.3678840056807,548.378953813713,550.3693858635861,552.3372519113839,554.2803871227127,556.1454497662028,558.0704564195872,560.0046264074238,561.9212151916565,563.8187392650818,565.697204533538,567.5564422711886,569.3961988145866,571.2160520706204,573.0152330015178,574.7920635622788,576.5464765801258,578.2342260713958,579.9822325916125,581.724202141352,583.4490685200536,585.1567367625394,586.8473846648935,588.521060222857,590.1777161706248,591.8171279917627,593.4386432443648,595.0440341931799,596.5937825939598,598.1625608080083,599.745017713758,601.3220321660511,602.8856811381646,604.4364100491682,605.974585110158,607.5004725069588,609.0142158471529,610.5157020559549,612.0042173490322,613.48293277475,614.9003812780095,616.3801219654447,617.853618076771,619.3259367733606,620.7911811310206,622.2497273504441,623.7018047626173,625.1474849100895,626.5866002803848,628.0183298035929,629.4444575018147
T43000logg4.2,397.62374725318386,397.34401231592994,397.2390957874501,397.3328252532375,397.48229608566356,397.82515035435483,398.31632501997024,398.8276826637003,399.5552998859877,400.2983736941496,401.2200937537534,402.2757740813049,403.24089372183903,404.513324501229,405.8455442618117,407.0301471760784,408.57260042256144,410.13431294725217,411.5040778932654,413.2733240139649,415.02168598523286,416.55599335717045,418.5007701711141,420.39700970389583,422.0733321289463,424.1500426515218,426.15932617193073,427.9514888852623,430.1259233068059,432.21712573231713,434.10072690222034,436.3424294662034,438.4878579761463,440.4401234536972,442.7222805615231,444.8974677331953,446.89738372061686,449.19669984637613,451.38039271073245,453.4092618120783,455.7057400475404,457.87994699354147,459.9215532675293,462.1986256375535,464.3484997798771,466.38913424567386,468.63354723288694,470.74710525461336,472.775426794163,474.9767533854866,477.04469238028815,479.0512298560952,481.2014430658513,483.21786381846675,485.19380399446084,487.2871113059041,489.25591049857366,491.1865952659218,493.21941591756485,495.13021392721,497.0192146558017,498.9900516063832,500.7968529124097,502.6870570468581,504.5961937380777,506.31619091317543,508.19050322627413,510.0396502842567,511.6975975255472,513.5340468947335,515.3260574511751,516.9424214722189,518.7255978155794,520.4642483213545,522.0442360641453,523.7759105610897,525.4656732694052,527.0052650653765,528.6979427768943,530.3437408797848,531.8437960891454,533.506190725381,535.1131794908875,536.5850639012183,538.2161502770829,539.7896163125528,541.2398134323706,542.8441694215944,544.3895283098218,545.8243066240761,547.4074827125112,548.9301274503397,550.3561968159856,551.9238007549638,553.4288065979244,554.8527575792169,556.4101578431067,557.9019066697731,559.3296574588528,560.881414051722,562.3634363594493
T44000logg3.8,542.0363518468041,543.1227554090934,544.4751765643875,545.7422008199266,546.9609453023627,548.4410201567665,549.8165392354855,551.1563783915359,552.7476747916758,554.2164477751008,555.6665759915745,557.3538157438818,558.9014617787587,560.4515062235308,562.2204002651631,563.8332000654895,565.4731997776718,567.3102325160577,568.9748617328975,570.6952412760613,572.587485964658,574.2906541444677,576.082338771249,578.0172919869926,579.7447771213969,581.5999338624256,583.5654214234504,585.3047215764233,587.2140593031527,589.1982723759004,590.9357609966876,592.8915362369879,594.8831804516199,596.5932910882923,598.6004810203979,600.589025268997,602.2802969856903,604.311078551618,606.2870369785531,607.9643852377459,609.9964201641664,611.9516156323989,613.6207734138264,615.6332894986656,617.56104752133,619.2195524013064,621.2027408773976,623.0979764692586,624.738226569699,626.6903062734477,628.5494384926202,630.170712153544,632.0857276365678,633.9064598365281,635.5080336482642,637.3822845853193,639.163296117573,640.743167381783,642.575916331832,644.3165568154782,645.8733339524015,647.6643806443785,649.3644503877756,650.8972533514569,652.6466999691631,654.3063470965561,655.8146878567114,657.5229152107172,659.1425890860894,660.6262985307012,662.2939807313938,663.8744118866377,665.3335676746381,666.9617657154013,668.5039715053173,669.9389874215767,671.5291507102862,673.0344606008324,674.4461885413671,676.0002013055035,677.4702697277551,678.8600985514065,680.3802845816591,681.8170581395649,683.186955149908,684.6760127807481,686.0815964864798,687.434105899162,688.894959065835,690.2716088623988,691.6095645385607,693.0451753435651,694.3961650278468,695.721459191857,697.1346654970607,698.4634173227753,699.7775862372772,701.1709730621739,702.4804922531832,703.7850533016812,705.1608536133742
T44000logg4.0,658.7534747852919,659.632685797997,660.6750039122167,661.6147753385488,662.5493564457786,663.6324439839557,664.6032527257938,665.5904080553112,666.7093441561094,667.7054976820351,668.7426512153377,669.8926692682224,670.908066825838,671.9931906711313,673.1697248598272,674.1975141829067,675.3295537689705,676.5282455035019,677.5612111235156,678.7396750210308,679.9562889829442,680.9843078331667,682.2116895838918,683.4420559179614,684.4630373857644,685.7337897582544,686.9737671530677,687.9985333352224,689.2941582447032,690.5396480499389,691.5743743499652,692.8810273762692,694.1280246168195,695.1739743358152,696.4828731483241,697.7275744421373,698.7825616739493,700.0887304982049,701.3276440286127,702.3900029225803,703.6885277677671,704.91856925464,705.9853664704476,707.2733881573241,708.4919738919796,709.5608161163303,710.8359000943906,712.0409925147572,713.1098750897887,714.3702625469887,715.5603744866223,716.6277009454697,717.8722797646514,719.0463968492281,720.1108919821971,721.3391429798538,722.4966293257007,723.5574702999165,724.7691498000717,725.9096083136699,726.966267706462,728.1612818015238,729.2844102576428,730.3365256352832,731.5148390974726,732.6203348151646,733.6676473823961,734.8292648313294,735.9167614048796,736.959204589008,738.1041363726993,739.1732893814899,740.2109266885975,741.3392671229336,742.3897665960681,743.4228949961529,744.5348238248461,745.5669123778873,746.5955546235945,747.6914473366993,748.70666685404,749.7298567618069,750.8103019298952,751.8101986254767,752.827293574914,753.8930013415977,754.8767418370473,755.8897110251601,756.941437895735,757.9018624076814,758.9191258774869,759.957627230491,760.8939727465568,761.9175785847247,762.943550338169,763.8592171154369,764.8869559687987,765.9009933774983,766.8021686204825,767.8288740463705,768.8314485746218
T44000logg4.2,460.42919060432246,461.05762297490804,461.86976338379054,462.6822642412929,463.5834269530051,464.66578170183806,465.69652920922823,466.8437405635034,468.1557989313212,469.3657875749922,470.73492158686963,472.24028075681116,473.607671934331,475.1625299320079,476.8282224629763,478.24937825652836,480.03991465742956,481.8359295893653,483.3525076606352,485.2871749708019,487.18611903350563,488.7852026898427,490.8305177838351,492.80737527645044,494.4872034319982,496.6017320536368,498.63366205652505,500.3753005217124,502.5378305336112,504.604007355484,506.3926594785039,508.58070859378313,510.66221236646163,512.4843817454883,514.6771090160257,516.7570052801221,518.598601283287,520.7790191491807,522.8425043541212,524.690125337047,526.8443424399218,528.8789792882114,530.720943628937,532.8377421762167,534.8336287490288,536.6602005002272,538.7311971594388,540.6809286486798,542.4846737467291,544.5038587720858,546.4022424704068,548.1775615297524,550.1412252544417,551.9848137129902,553.7278585944325,555.6340675991785,557.4209640444728,559.1292947452416,560.9774735053129,562.7071427357944,564.3794011199604,566.1700500111757,567.8438407744814,569.4788591822855,571.2134395758042,572.8363095441858,574.4311367545331,576.111935839248,577.6941527961695,579.2420527209046,580.8719861941091,582.3821962799293,583.9192555235073,585.5016903123858,586.937728723453,588.471824903197,590.0104975721783,591.3871796549099,592.9101066811686,594.4091039750721,595.7425270262752,597.2457264846267,598.7095166717756,600.0136484362273,601.4916763878664,602.9250730593023,604.2100818147193,605.6621853412151,607.0702294474793,608.3418059643988,609.7723267925401,611.1600514238453,612.4216490628647,613.8372562476856,615.2093780287839,616.4639618822287,617.8712928017501,619.2319306384131,620.4828675161053,621.8870854392602,623.2395402926752
T45000logg3.8,586.6075090573289,587.6545766474467,588.9552320710101,590.1647544643698,591.3149169071781,592.7118474321045,594.0034522864804,595.2490739505089,596.7308339705887,598.0937289662571,599.4271918245174,600.9828507267479,602.4066020750896,603.8204004229016,605.4395421715114,606.9140183205018,608.4008170397035,610.0734422025888,611.5886648398277,613.141313849072,614.8577142457275,616.4036290524538,618.0152010328344,619.7658397661526,621.3318164010761,622.9959555462785,624.7714020100186,626.3464197078733,628.0571216603262,629.8481041413846,631.4192142339792,633.1725499663245,634.9701168907991,636.5279273473358,638.3168968507994,640.1126376827187,641.6476508083213,643.4662988961692,645.2525885127226,646.7723714571397,648.5990838296833,650.3692999046501,651.8752058821262,653.6964032345015,655.4450753146764,656.9410201487817,658.742668861389,660.4655522821636,661.9512574639473,663.7257568677567,665.4197867367773,666.8915792607868,668.6368478316854,670.2999883994913,671.7548152583647,673.4699620907793,675.1009575114605,676.5394524892448,678.2212335339732,679.8193551607529,681.2405789870359,682.8882225596376,684.4530827403775,685.8560511601639,687.4694306921227,689.0008799727855,690.384884087117,691.9640383215838,693.4621243884026,694.8266936534183,696.3718435268404,697.8368284011352,699.1817279456241,700.6933530686545,702.1257489775779,703.4509951070104,704.9299460653216,706.3305573160424,707.636523192144,709.0840387545272,710.4539665365955,711.7414521433654,713.159145449045,714.4997446805198,715.7700003260251,717.1597870109517,718.4725662469052,719.7272618506682,721.091237706706,722.3777024754605,723.618856118611,724.9591485978874,726.2208565874396,727.4505238640388,728.7691780078325,730.0085736389417,731.2278117192084,732.5267063897259,733.7461161875126,734.9558151433936,736.2365873356231
T45000logg4.0,612.2982666333035,613.3405188064529,614.6036003336774,615.7591782286679,616.8769205250572,618.2021424809475,619.4082605000806,620.5954674441809,621.9740878041815,623.2221918534035,624.4730462588088,625.896878956808,627.1786610724655,628.4877419737498,629.9491089284818,631.256367503425,632.6187755925596,634.1104683730014,635.4348933819865,636.8463581707654,638.361487642888,639.6943477363835,641.1513213186294,642.6831748206221,644.015662344033,645.5147337009805,647.0566730070876,648.3766355716659,649.9177215393769,651.4632264949963,652.7621877269409,654.3416566134721,655.8844532683007,657.1749989631883,658.7685453348795,660.3027536804649,661.5916972043224,663.1814896844437,664.7018217947845,665.989616021548,667.5652690083987,669.0671835354387,670.3487220931727,671.9068161038081,673.3866658951756,674.6619593358222,676.1956518629934,677.6507584562896,678.9172686486602,680.4240957354731,681.8527355806675,683.1083015716997,684.5871886599093,685.9884469604085,687.2316142172573,688.6822489362869,690.0558213119709,691.2858854539265,692.7082882783433,694.0542581123811,695.2709099091611,696.6653755179194,697.9840278784421,699.1871122262758,700.5541333993672,701.8458555460118,703.0353336269773,704.3755137106314,705.6407704437543,706.8167042234356,708.130771661159,709.3701026208445,710.5327243147955,711.8215352784474,713.0355373035133,714.1853285782713,715.4499365914116,716.6393817879532,717.7770898160411,719.0188051386211,720.184582692819,721.3113845878468,722.5317622824322,723.6751121292502,724.7923634254512,725.9931646181678,727.1162134348139,728.2248200197575,729.4078507249185,730.5132716547452,731.6137692056429,732.7808142077058,733.8715311166662,734.9641892558184,736.1169177066295,737.1886375512645,738.2807622041812,739.4206521550775,740.4694899533004,741.5676483764507,742.6959311797998
T45000logg4.2,461.36728236468844,462.0197609172409,462.86301716567743,463.70432329672053,464.6214434571873,465.72884686654464,466.7854308007866,467.9409175132145,469.27304351465324,470.50749831654235,471.87728902515306,473.39865176276146,474.78191290446904,476.33844352050517,478.0168123140311,479.4805061575726,481.2396143729918,483.04557993142726,484.5716712538131,486.5024859572245,488.40915898481165,490.0115336697208,492.0546031074973,494.03741491145,495.7126928676878,497.82900541556376,499.86553506236265,501.6023907307889,503.7638822774262,505.83370041746673,507.6148896829023,509.8023002541604,511.88688539734835,513.698776609988,515.8921502858153,517.9749137599945,519.8051189460953,521.9864488608587,524.0529000590476,525.8888761541875,528.0440129166167,530.0819734451267,531.9123335456588,534.0302572546867,536.030034795898,537.8452259278087,539.9177185253267,541.8720555311908,543.6647290499277,545.685868858923,547.5896739534733,549.3541989449595,551.3203214056334,553.1702806870635,554.9026361980748,556.8118019137432,558.6059821759095,560.3036679944191,562.1552517444906,563.893022447632,565.5546818534807,567.3491481735559,569.0311129429045,570.6562646523282,572.3950661982916,574.0237313608071,575.6118646891566,577.2973032976734,578.8793928346439,580.4273336006901,582.0623533997295,583.605051206527,585.1103788980937,586.6983731114916,588.1711480752303,589.6701178217273,591.2148374909902,592.6183821853089,594.116890745387,595.622423369197,596.970141469978,598.462252309969,599.9330403340031,601.2414280305902,602.7190281170807,604.1598459240954,605.4429844525793,606.9012236948038,608.3170707722009,609.5853460577314,611.0236559665829,612.4195385032524,613.6789626842075,615.1012351072561,616.4818480291915,617.7360386756168,619.1480109651332,620.517458876597,621.7693408321359,623.1763695747908,624.5379714022171
T46000logg4.0,511.95209853695303,513.0317655507979,514.3642368744885,515.6143206350819,516.8459248511125,518.3244890948886,519.6966425410778,521.065629353317,522.6694926476655,524.1444101793086,525.6373736246708,527.3477117132917,528.9074539509737,530.5120424975023,532.3116114459365,533.9391265962767,535.6439996903889,537.5168105508238,539.1953654751425,540.9903517177402,542.9213940763054,544.6353881340658,546.5102443797026,548.4852336682707,550.2211795865018,552.1643122322107,554.1695651712038,555.893061607688,557.9144313374034,559.9368495576607,561.6461466124974,563.7238024409173,565.7509918684798,567.4597917152796,569.557390975934,571.5778821748441,573.2924953354145,575.3826493715576,577.3861862213968,579.0940028714591,581.170428173635,583.1482622948256,584.8487409924314,586.8958596450881,588.8409585730067,590.5296563769027,592.5389659544189,594.4460806185541,596.117430617832,598.0848359225538,599.950390898356,601.6002990956695,603.5232541276785,605.3450719098523,606.9708715122508,608.8478753682871,610.624830413745,612.2248926237811,614.0552538702264,615.7869666495432,617.36029475301,619.1440152302391,620.8306459525388,622.37664649382,624.1143453628804,625.7564843055146,627.2749782252931,628.9677107511097,630.5662992759885,632.0575162754565,633.7066997246046,635.2629549206306,636.727550423978,638.3349337974889,639.8503437558151,641.2894099998391,642.8570916122856,644.3333813181331,645.7485425594206,647.2790377552557,648.7183058704527,650.1117024522028,651.6079658507658,653.0134325100762,654.3870066095087,655.852411707119,657.2286671557403,658.5838104196267,660.0219720165624,661.3748366297515,662.7121913542051,664.1267384763279,665.454121182614,666.7823128506452,668.1766874892269,669.4692690513267,670.8038439708306,672.1811443823809,673.4411199555384,674.7854962331508,676.1483555329525
T46000logg4.2,540.5619061849304,541.6598776474624,542.9432065673913,544.1094712119428,545.3520228003968,546.7585787310804,548.0166246530498,549.3919810935587,550.9021224507289,552.2297700599254,553.7287555531191,555.324717015942,556.7100832063276,558.3155985967924,559.9812291092824,561.3602656127928,563.1094610487788,564.8299767505401,566.2417621155074,568.0703576966239,569.8320425879282,571.284906126504,573.1606490363038,574.9506377406893,576.44546256183,578.3445543102594,580.1507063692895,581.6772541395834,583.5878942472357,585.3987547999295,586.9485428303078,588.858088056719,590.662960459222,592.2276513554671,594.1244878795998,595.9136012124909,597.4844910855235,599.3589658828259,601.1237005560739,602.6925900793518,604.5366676052995,606.2697793231191,607.8294886731599,609.6367858614162,611.3325974337871,612.8772153586551,614.6431565311175,616.2976046419951,617.8228635146993,619.5443976932528,621.1548904797468,622.6578037912363,624.3334988227421,625.8985988640292,627.3774187765165,629.0070425452741,630.5261974785396,631.9802239948583,633.5643420722686,635.0377393164633,636.466960273126,638.0066358935039,639.4352689524097,640.8398356911812,642.3364800128735,643.7233134141902,645.1021299882784,646.5574536121547,647.9098320305076,649.2580264844171,650.6739901991344,651.9765454719725,653.3124961573936,654.6912933496308,655.9340922161772,657.2713039851836,658.6153812763367,659.8086586679907,661.1411092717366,662.4532089747477,663.6109779291813,664.9296199119726,666.2128094666944,667.345702775083,668.6456638398199,669.9032801448504,671.0192367697051,672.2989892207313,673.5344925039103,674.6384647148342,675.899831832382,677.1166305779609,678.2119619597713,679.4583792757359,680.6596380040817,681.7489209735206,682.9841950939988,684.172679964224,685.2583339592165,686.485765598778,687.6637360257669
T47000logg4.0,589.5747652672142,590.6612425361845,591.982339659156,593.1956976582175,594.3708728875513,595.7681523151156,597.0442096043591,598.3010924916487,599.764372301352,601.0932513590608,602.4251887180394,603.9449510342499,605.3171261004726,606.7178755625454,608.2852030999633,609.6913240182416,611.1551512165438,612.7616053540851,614.1921555718786,615.7139640143557,617.3514086202327,618.7962264645923,620.3717690244761,622.0322304467363,623.4813631542577,625.1061927655123,626.7817771363967,628.2204346424777,629.8948840275018,631.5778095901366,632.9943413455954,634.7156704155898,636.3983993873621,637.8070075588134,639.5470064750998,641.2224596604207,642.6311458517812,644.3686109357211,646.0303877295672,647.4389364530683,649.1621221394828,650.8047044765171,652.2068077750921,653.9117010068052,655.5306049236923,656.9261405067788,658.6044874555809,660.1963338081122,661.5821843121109,663.2307663748825,664.7932194280868,666.1665936253124,667.7837880798537,669.3154172264143,670.6743630915128,672.2593331108626,673.7593901577166,675.1027002047252,676.6550628715327,678.1232549019577,679.4501920594801,680.9698877911308,682.406204217243,683.7162768624266,685.2035052804495,686.608115822954,687.9009891203597,689.3561624048053,690.7293877869272,692.0049029546813,693.4286198065579,694.7709306554863,696.0291540421227,697.4222273276205,698.7342438374274,699.975557757453,701.3390666518467,702.6216252396314,703.8467607080487,705.1820914870614,706.4361829432072,707.6463596598542,708.955219434848,710.1821708034844,711.3789179595249,712.6632651251697,713.8653795013972,715.0497521208509,716.3116958348818,717.49199336777,718.6646250569324,719.90628906132,721.0681927226847,722.2293708261988,723.4527724884497,724.5917096597012,725.7495544415692,726.9565192204296,728.0684073928422,729.2302103284283,730.4223010585156
T47000logg4.2,615.9725149757685,617.0400357528862,618.2534743887272,619.324638848976,620.4740851477547,621.7433253901872,622.8479028809309,624.0760499113059,625.3921320055937,626.5150229198578,627.8222174927058,629.1768822948678,630.3118378639554,631.69048003692,633.0761322376534,634.1969354330132,635.6602699609009,637.0698672956363,638.2147906860945,639.7121983443018,641.1390468374441,642.3115584472578,643.82757398079,645.2652043470039,646.4635390307158,647.9880797692063,649.4301650574527,650.6491014680846,652.1756126951348,653.6159770093934,654.8509941190478,656.3723700943287,657.8050730583159,659.050993176378,660.5611693422186,661.9806718171918,663.232335784333,664.725983106746,666.1273302009657,667.3799354495562,668.8525029671497,670.2314643437899,671.4807964077289,672.9286205755998,674.2818182179285,675.5245585189541,676.9448541510587,678.2698080095635,679.5034283541041,680.8945378145681,682.1896007576106,683.4124621421668,684.7736963879614,686.037807329288,687.2492079068427,688.5805627094412,689.8131882046356,691.0130794600597,692.3149775103536,693.515966274411,694.7047015918538,695.977811298633,697.1481804182755,698.325392122962,699.5704989446,700.7124060955786,701.8768244881065,703.094783284897,704.2082124457326,705.3609251002954,706.5526748846462,707.6217237163263,708.7799425617771,709.9465521303907,710.9768570384579,712.1365880987731,713.2792985459869,714.2831431452818,715.4341820041701,716.5544409334007,717.5394490434912,718.676759951498,719.7762310399887,720.7471969440301,721.8691032900368,722.9496210615426,723.9101479835219,725.0165807511684,726.0800421280607,727.0328250574777,728.1248346555399,729.1730765368761,730.1199434299876,731.1994276077918,732.2341256687378,733.1767162670867,734.245554838555,735.268148014613,736.2080467923438,737.2678204721402,738.2794306642894
T48000logg4.0,632.4786708860266,633.4851162089082,634.6631190074382,635.720554558087,636.7997847036532,638.0322762651285,639.1298155307844,640.2784949781911,641.5588505605594,642.6881984625389,643.9036972132428,645.2255605076012,646.3770608343584,647.6583338718925,649.0156056862754,650.1773033480961,651.525843065563,652.9126428903845,654.0738387273827,655.4900202230492,656.9005822498649,658.0604191272656,659.534755860575,660.9633459906329,662.1362813817718,663.6438382087296,665.0847232081614,666.2793378091782,667.8009211514642,669.2484088131936,670.4620848843707,671.9896706103973,673.4381975757819,674.6684592877493,676.1940701198147,677.6383578207767,678.8803607341858,680.3989057290089,681.834130590986,683.0834664854356,684.5902770483649,686.0122149891365,687.2650323257355,688.7560328086463,690.1611624018763,691.414075783415,692.8860908443539,694.2716370891875,695.5217594746111,696.9725661372282,698.3364700101436,699.5815704150272,701.009686874939,702.3505082988584,703.5889573978882,704.9935062025373,706.3102695342343,707.540964623079,708.9214545434666,710.2134719694883,711.4357310797269,712.7918847271151,714.0585894640815,715.2719937557086,716.6037161719687,717.8445770984296,719.0489337417414,720.356240816057,721.5706760514927,722.7660758804495,724.0491013104079,725.2370962403886,726.4233533313077,727.6823988430071,728.8454438639304,730.0212387975683,731.256805319543,732.3965308662075,733.5608395934311,734.7736544147065,735.8844021559394,737.0439808577726,738.2350041022669,739.3095490582006,740.4732081904633,741.6435787324488,742.6860492354097,743.8516151025235,745.0025650770365,746.0220241777463,747.1826141498175,748.3153935209529,749.3193920901475,750.469707955125,751.585509097571,752.5780260770151,753.7162627173029,754.8161572210556,755.7995130999631,756.9253168869973,758.010211761761
T49000logg4.0,650.52215944499,651.4818242687246,652.5828091199425,653.5584972208055,654.5896830283172,655.7413044810057,656.7504210219208,657.8519653613633,659.048674796679,660.0810956757967,661.2539943126548,662.4903598585937,663.5303443636093,664.7812101343584,666.0519251935154,667.0970793576057,668.419219022386,669.7190906496983,670.7744432704646,672.1537504865635,673.4776401629676,674.5607488482224,675.9704745955067,677.3132147170058,678.4253262302182,679.854809254092,681.2111865878192,682.3507680219628,683.7919272781312,685.1567339380138,686.3193747171946,687.7669476646383,689.1350847206332,690.3166433850924,691.7652412552832,693.1318322119882,694.328205630784,695.7728226805602,697.1333742982856,698.3404848736564,699.7768285669501,701.1273458992063,702.34145288437,703.7658748731415,705.1029445067662,706.3207787765909,707.7303239827025,709.0511431805687,710.2699869438493,711.6624118576578,712.9647735648657,714.1825555102565,715.5562148817703,716.8384052955835,718.0535922986808,719.4073885046184,720.6680250772902,721.8795912887072,723.2128216565427,724.450695846489,725.6580591817387,726.97022748873,728.1840645260758,729.3871010209212,730.6778352921176,731.8667526388834,733.0651983246088,734.3342232713696,735.4990006347906,736.6911452497359,737.9383064308375,739.0788266756006,740.2641308793479,741.4894311863656,742.5970101148273,743.7838337361976,744.987467671967,746.057670743999,747.2505566841412,748.4329447327102,749.4751122782864,750.6652912244135,751.8270518847949,752.8511302989821,754.0296568693809,755.1715668377843,756.1819929134158,757.3457767756994,758.4687025548985,759.467418081214,760.6160813867749,761.7209049335427,762.7096659329463,763.8430970645585,764.9306599992158,765.9111654247886,767.0292852660842,768.100344059663,769.0737806293192,770.1768956862356,771.2320746666195
T49000logg4.2,603.0310319908101,604.1284152685416,605.3970964464776,606.5311137413714,607.7160478808064,609.0496210608626,610.2287346394656,611.4960505135641,612.8846611179987,614.0963780863708,615.4425015305368,616.8771106003888,618.1075583389011,619.5313241529533,621.0036087750559,622.2288310543013,623.7400386237447,625.2422080429292,626.4620754127207,628.0472631214013,629.5718785779777,630.8177842224311,632.4322727406848,633.9720957265472,635.2437425107601,636.8746064200769,638.4225142298371,639.7183220689496,641.3539138985886,642.9029090072429,644.2167255867771,645.8500413731293,647.3933633670445,648.7193883815364,650.3434438680376,651.8747643568063,653.2076686829728,654.8157880903476,656.3294124955603,657.6639775385073,659.2505775709246,660.7416302729047,662.0730480792598,663.6337403353292,665.0983056285933,666.4225175624242,667.9540762827585,669.3892539799831,670.7030941150044,672.2034196819245,673.6072581184355,674.9085280161635,676.3764443300506,677.7477762657098,679.0350850578535,680.4701993804055,681.8083837505395,683.0810336277208,684.4834771450605,685.788216375019,687.0460266014038,688.4162101192139,689.6874194744603,690.9305398096889,692.2690397438114,693.5071032133224,694.7355837045858,696.0431178712173,697.2500873385098,698.4626271187535,699.7400552237032,700.9204089456261,702.1136162688118,703.361978406628,704.5014462358351,705.6910991493932,706.9116591772471,708.0054038972128,709.1983729684432,710.3926578646505,711.4479529708426,712.6396053961581,713.8094102818361,714.8381364728205,716.0198410307123,717.1671777309161,718.1779730942974,719.3448322492222,720.4718183452158,721.4699354680193,722.6207069046003,723.7294357698609,724.7178624438177,725.8535933783693,726.9460261408491,727.9270617666517,729.0493040952457,730.1271899582937,731.1025501523031,732.2130726551211,733.2778695557909
T50000logg4.0,681.6831568172836,682.5887567683841,683.5097761145838,684.4452800104735,685.3945863984405,686.3569571231484,687.331577317078,688.3175114278265,689.3136110403825,690.3183054859038,691.3290155591712,692.3396899323362,693.3108135492629,694.3783447309139,695.4643004210554,696.5592164000709,697.6625534831843,698.7736565168275,699.8918081994856,701.0161924357215,702.1458255940871,703.2794102173187,704.4149640035172,705.5485126549511,706.6667214641293,707.7885327977535,708.9757735238184,710.1671403103801,711.3615558716,712.5583931451479,713.7569590331319,714.9564921953037,716.1561178211873,717.3547538576958,718.550880610521,719.7418273029621,720.9202381703078,722.067226900577,723.2843141189378,724.5060197747351,725.7255879270606,726.9426097114946,728.1565938602276,729.367019620762,730.5732997763212,731.7747160306202,732.9702748562268,734.1583048734249,735.3347215943352,736.4778989008902,737.6555461458289,738.8538691641088,740.0484263310865,741.2378369774706,742.4219186416759,743.6004154111367,744.7730176179427,745.9393148023379,747.0986995991357,748.2501245057435,749.3911463460311,750.5162332905684,751.624137795761,752.7729299841635,753.9206414400294,755.0625183766754,756.1983206854188,757.3278774634825,758.4509567231098,759.567253041022,760.6763263868653,761.7774504032421,762.8690363032413,763.9507190348071,764.9978671436936,766.0851905787787,767.1745687836944,768.2590739636635,769.3372535712883,770.4090351908645,771.4743166826022,772.5329421574947,773.5846593218521,774.6290166997551,775.6649882563382,776.6918440540722,777.6955723092854,778.7090847079496,779.7378265054184,780.7646562285328,781.7859639165989,782.8015798231049,783.8114422092942,784.815451423088,785.8134281492514,786.8050388738727,787.7895156670332,788.765664205056,789.7305581726374,790.679606112518,791.6568654718438
T50000logg4.2,3.5021706667523347e+42,3.5019271461505036e+42,3.5016958976686456e+42,3.501478403369168e+42,3.5012763002908356e+42,3.5010917354333255e+42,3.500929166943195e+42,3.500812765036226e+42,3.5005817129745283e+42,3.5004936049071045e+42,3.500391272336824e+42,3.5003119029573857e+42,3.5002565544222785e+42,3.5002262529436464e+42,3.500222024925052e+42,3.50024497274204e+42,3.5002964955040866e+42,3.5003792851281063e+42,3.500508258305785e+42,3.500640946429032e+42,3.500719705725071e+42,3.50091530076007e+42,3.501143882559461e+42,3.5014060526269327e+42,3.5017023633889035e+42,3.5020333513894087e+42,3.5023995689796673e+42,3.5028017387837914e+42,3.503241318338668e+42,3.503724326416867e+42,3.504245618638444e+42,3.5046707276632056e+42,3.5052373330796076e+42,3.505864868619182e+42,3.506531359383872e+42,3.507236919137172e+42,3.507981628558344e+42,3.5087655633622454e+42,3.509588893803219e+42,3.510452221498453e+42,3.511358361993774e+42,3.5123434177489394e+42,3.513263213038926e+42,3.514100233184248e+42,3.515193607601081e+42,3.516306241200106e+42,3.5174590135828823e+42,3.518651651116651e+42,3.51988387316096e+42,3.521155451860721e+42,3.52246643117655e+42,3.523818065732956e+42,3.525220976013193e+42,3.526645255570776e+42,3.52795795635641e+42,3.529385216879588e+42,3.530946631333628e+42,3.5325462898239593e+42,3.5341836944117925e+42,3.535858337042742e+42,3.537569748380077e+42,3.539317640581391e+42,3.541102450712582e+42,3.542928501830846e+42,3.5448190014111845e+42,3.546623196231105e+42,3.548338992663607e+42,3.5503056136368e+42,3.552324371292541e+42,3.5543769790133955e+42,3.5564628300501146e+42,3.558581352721717e+42,3.5607321048359884e+42,3.562915117098516e+42,3.565132442845377e+42,3.567410097491163e+42,3.569661355158196e+42,3.5717867315000455e+42,3.573994947918572e+42,3.576391844942375e+42,3.5788157811850225e+42,3.581268406323901e+42,3.5837491485346796e+42,3.5862575398322117e+42,3.5887934392833744e+42,3.591357898774381e+42,3.593959041166295e+42,3.596605260761561e+42,3.599129327036301e+42,3.601593467826855e+42,3.604249562746859e+42,3.606997775056062e+42,3.6097703824107386e+42,3.6125668807240615e+42,3.615386850631996e+42,3.6182301088189004e+42,3.621097238019506e+42,3.6239921889820194e+42,3.62694437764347e+42,3.629830630556418e+42,3.632587052111026e+42
T51000logg4.2,672.6053974122066,673.5602257102618,674.526126940162,675.5019550431396,676.4862589542223,677.4769346304274,678.4700943108348,679.453079661133,680.4268335818599,681.4880681940641,682.557423997016,683.634143276681,684.7175141178587,685.8067616165949,686.9009989172475,687.9991305377973,689.09963443381,690.1999634834601,691.2939581971228,692.3444064759565,693.4787769283114,694.6325343988633,695.7890487482476,696.9478584024816,698.1082680901172,699.2694886441955,700.4305745447665,701.5902958307158,702.746816554583,703.8965664699643,705.0294305097941,706.1463228591044,707.3309968326851,708.5158068005275,709.6980599584768,710.8772397678983,712.0526942112308,713.2236879807996,714.3893249202519,715.5483686483622,716.6987145135231,717.8350550229792,718.9309762240955,720.0833231835403,721.245405664585,722.4015115725026,723.5513223080216,724.6945273823945,725.8307439353201,726.9594938890746,728.0800981796657,729.1914017937002,730.2906755478003,731.3717178722628,732.4369605718921,733.5440645155256,734.6485743438312,735.7461556766658,736.8367683604075,737.9202388286224,738.9963116328595,740.0645829911062,741.1243479809391,742.1740482371575,743.2114449808769,744.2137952172152,745.258133463003,746.3061925240825,747.3483230506239,748.3835911582174,749.4119194515209,750.4331216712098,751.4469215148843,752.4528632806989,753.4500375593458,754.4363077649509,755.4038019753414,756.3673289565359,757.3560406534625,758.3423580478299,759.322492990654,760.2963766008934,761.2639854432757,762.2252053627454,763.1797969584278,764.127241649255,765.0660995604413,765.99771340826,766.8983241504054,767.8346273973079,768.7717390348963,769.7058534867555,770.6350984140889,771.5594329683161,772.4787856185983,773.3929789126486,774.3016354388858,775.203729385198,776.099615889718,776.9765144316339,777.8594515618561
T52000logg4.2,722.2799989420436,722.988505848734,723.705618478968,724.4306128866792,725.1625322104347,725.8999372506894,726.6401131431102,727.3744508239325,728.0974499526735,728.8907110459464,729.6916943774709,730.4993754702762,731.3132829007204,732.1328830006282,732.9575518402005,733.7865044215268,734.618640926207,735.4521259588704,736.2826430696292,737.0871836816717,737.9394952807264,738.8189867543285,739.7023798572106,740.5891553009319,741.4788357015918,742.370871342164,743.2645996905967,744.1591497178031,745.0532093709618,745.9442619210336,746.8244072320723,747.6893335784746,748.6115233617445,749.5378211799444,750.4647489009485,751.3917930243036,752.3185049705116,753.2443640841539,754.1687179576966,755.090648571561,756.0085957217847,756.9186343739191,757.8037364577252,758.7200413206581,759.6580486942374,760.595157540331,761.5302633486739,762.4630928022876,763.3933005525333,764.3204565745787,765.2439642783943,766.1628581483128,767.0750194858089,767.9761533419764,768.8586650327518,769.7836975294699,770.7107489935522,771.6353094134575,772.5567000408965,773.4747333437523,774.3891261364777,775.2994777569019,776.2051530100397,777.1049119355362,777.9955105476339,778.8658783595845,779.756411234798,780.6625079082389,781.5668887536428,782.4680574817412,783.3654532656683,784.2588646173299,785.1480006068766,786.0324227666632,786.9113502695933,787.7827848066984,788.6460567013693,789.4898334992771,790.367232999582,791.2452173071531,792.1199623031544,792.9911257272156,793.8582754096166,794.7212216322071,795.5796735301583,796.4331252737323,797.280361215194,798.1204162643829,798.942623497982,799.7797019936752,800.6271909935858,801.4740217745815,802.3174138257184,803.1571826071895,803.9929867943329,804.8246103213406,805.6516920739382,806.4734618197934,807.2883196754644,808.0965722583088,808.8890768215298
T53000logg4.2,714.9749340753314,715.799121275562,716.6329584915266,717.4756984209478,718.3264316284387,719.1839468875784,720.0463766741417,720.9099606737258,721.759783561634,722.6213542359832,723.5453835856764,724.4764187351411,725.4140081136375,726.3576000825346,727.3065811252109,728.2602345058767,729.2176574602396,730.1775746056888,731.1378236719461,732.0931378126371,733.012397580617,734.0020439843369,735.0106005382286,736.0222508033261,737.0365719591894,738.0530034948988,739.0709103974463,740.0895343643434,741.1078969811899,742.124563299115,743.1368870235276,744.1368219135301,745.1135852232646,746.1552203402061,747.2005771836816,748.2448827156219,749.2877294158608,750.3286098170998,751.3669536727567,752.4020739352709,753.4330489205313,754.4584102293402,755.4748853822698,756.4723888161344,757.4704845519144,758.5085698672169,759.5449466685991,760.5773758656676,761.6056260748421,762.6293837783055,763.6482688378169,764.6617702098354,765.6690981059861,766.6687302529213,767.6565277927645,768.6144200991728,769.6121369941924,770.6191384007327,771.6220802551912,772.6202452261933,773.613503746746,774.6016349334171,775.5843263757245,776.5610987402007,777.531110184799,778.4923582849764,779.4428773401315,780.3693959017144,781.3362951273709,782.3031563552078,783.2652184710867,784.2221834312293,785.1739144125189,786.1202074704003,787.0607666902341,787.9951074831346,788.9222399138135,789.8398929865498,790.7399376277417,791.6446854482305,792.5691197349722,793.4920483190685,794.410257496062,795.3236546957359,796.2321522867188,797.1355968154668,798.0337183328916,798.9259905401068,799.8110249572908,800.6893900483218,801.5425544125582,802.424315634283,803.3098560886701,804.1935728815557,805.0732471813446,805.9487989501647,806.8201157839217,807.6870100573781,808.5491386284831,809.4057048127922,810.255439956607
T54000logg4.2,717.8052309433288,718.5720393707686,719.3469698105678,720.1288561760989,720.9158492081989,721.7040891439246,722.4771018341976,723.27177214115,724.1206060878048,724.9767712066894,725.8398375666437,726.709243008845,727.5843485489593,728.4643797762751,729.3483118725189,730.2345846272581,731.1201731206787,731.9949371174938,732.8592059925877,733.7929906506878,734.7314941721814,735.6737258683181,736.6191737363304,737.567247360917,738.5172397341936,739.468237717969,740.4189089051,741.3668579752976,742.305355239364,743.2145824204462,744.1939026416011,745.1788506848011,746.1641189391427,747.149288903171,748.1338286019951,749.1171242693205,750.0984120290512,751.0766212885673,752.0499270063999,753.0137024767664,753.9441867946389,754.9250631045811,755.9196718057436,756.9118787229515,757.9013064107198,758.8875935225269,759.8703145379764,760.8489313861708,761.8226774516563,762.7902445350082,763.7484476907607,764.6851973714794,765.6320819210291,766.6087259949186,767.5832056223396,768.5536163917263,769.5197866252536,770.4814459057441,771.438228399343,772.3895838658999,773.3345514726018,774.2708232127136,775.1944160398132,776.1025911775231,777.0485881303995,777.9941318646103,778.9351394177905,779.8714343521485,780.8027998554087,781.7289385075483,782.6494117800786,783.5634744125684,784.4693878700432,785.3660614916433,786.2362729769861,787.1450238174546,788.0544391430553,788.9595299292076,789.8597110575118,790.7548630167889,791.6447888111718,792.5291810243805,793.4074936026493,794.2784117381944,795.1415434576218,795.9793802173403,796.8447924939062,797.7152320241519,798.583165966216,799.4465357725128,800.3052452600233,801.1591460251675,802.0079958035175,802.8513553046017,803.6881445496319,804.5178614878688,805.3298313738986,806.151618557762,806.9858676629073,807.8191647665021,808.6483411805855
T56000logg4.2,745.7663049453158,746.3370304043251,746.9135976854652,747.4934591480474,748.0674553995465,748.643099254218,749.2739544683495,749.912664371531,750.5588070181547,751.2119612131701,751.871627999503,752.5371786156775,753.2077444726051,753.8819329236105,754.556831785404,755.2205965359145,755.8952244298439,756.6170402363634,757.3445917621304,758.0773730943786,758.8149570014559,759.5568374768977,760.3023725953899,761.0506648032749,761.8002433077643,762.547841532627,763.2797926689029,764.031395643622,764.8205614237149,765.6132963164816,766.4090388366246,767.2073768666892,768.0078216514601,768.8097491984943,769.6122701043457,770.4138737021473,771.2108806515716,771.98635707034,772.794473616146,773.6273841835075,774.461854358637,775.297315724209,776.133378407077,776.9695903435747,777.805363079623,778.639834741984,779.4714694692848,780.296081851207,781.0965198270013,781.9376994514928,782.7929216825568,783.6480721833722,784.5025290031648,785.3559573773733,786.2079567137343,787.0579894152474,787.9052336927466,788.7481138616259,789.5822007074293,790.3934504141076,791.2462803971226,792.1063583983561,792.9651674676754,793.822026171571,794.67664570872,795.5286692720692,796.3776005990678,797.2226442798069,798.0620892170529,798.8925058575763,799.7023515599207,800.5505651744136,801.4021822728346,802.2516094283263,803.0982007768597,803.9416714183885,804.7817040184773,805.6178386948206,806.4492932611649,807.2741369993033,808.0908870301448,808.8892706112763,809.7213306779627,810.5545437065521,811.3849373130878,812.2119035840017,813.0351529267866,813.8543958412033,814.6691964662004,815.4787531213764,816.2809403426577,817.0755692576137,817.855856342975,818.6638637148897,819.4715478896437,820.2760035389301,821.0766354805162,821.8731450221517,822.665262381086,823.4525621030863,824.2341419745701
