,vsini60,vsini62,vsini64,vsini66,vsini68,vsini70,vsini72,vsini74,vsini76,vsini78,vsini80,vsini82,vsini84,vsini86,vsini88,vsini90,vsini92,vsini94,vsini96,vsini98,vsini100,vsini102,vsini104,vsini106,vsini108,vsini110,vsini112,vsini114,vsini116,vsini118,vsini120,vsini122,vsini124,vsini126,vsini128,vsini130,vsini132,vsini134,vsini136,vsini138,vsini140,vsini142,vsini144,vsini146,vsini148,vsini150,vsini152,vsini154,vsini156,vsini158,vsini160,vsini162,vsini164,vsini166,vsini168,vsini170,vsini172,vsini174,vsini176,vsini178,vsini180,vsini182,vsini184,vsini186,vsini188,vsini190,vsini192,vsini194,vsini196,vsini198,vsini200,vsini202,vsini204,vsini206,vsini208,vsini210,vsini212,vsini214,vsini216,vsini218,vsini220,vsini222,vsini224,vsini226,vsini228,vsini230,vsini232,vsini234,vsini236,vsini238,vsini240,vsini242,vsini244,vsini246,vsini248,vsini250,vsini252,vsini254,vsini256,vsini258,vsini260
T15000logg2.0,19.645900168121223,19.135226583953276,18.578065439250018,18.126892262055414,17.68574104692104,17.2027614184396,16.807748843989135,16.427939483535063,16.01055347422564,15.666247716880454,15.340063849876184,14.980288354150286,14.681341562761451,14.40192306923645,14.092692822856856,13.834208870513143,13.59564153368795,13.330864964131134,13.108504122014967,12.905750909999828,12.680205218278186,12.490150253230361,12.318914856247934,12.128086304065405,11.966954511671153,11.823528301231885,11.66346830715849,11.528229435394014,11.409367077883068,11.276567313080617,11.164473021990496,11.067291321147497,10.95860436927795,10.8671484370131,10.789072088985217,10.701662958922224,10.628545100385903,10.567255135398273,10.49857318939049,10.441707286061812,10.395147108929963,10.342937119360906,10.300453802548336,10.26681316667663,10.229065405798073,10.199271880935548,10.17693673964633,10.15183782661429,10.133182030732193,10.120692589481516,10.106584374129401,10.097639028330956,10.093669234416701,10.089051250673004,10.088506449006358,10.091846722667118,10.095331405188233,10.10196184977151,10.111484808303123,10.12178286780228,10.134439805834784,10.149091926884946,10.164986820327815,10.182565725144162,10.20133767677277,10.221651535775337,10.243073350292201,10.264994054581706,10.288578986490627,10.312785291778727,10.33692469129798,10.36266051487307,10.388629259385931,10.414084603428298,10.44094493989577,10.467733060092884,10.493653258554136,10.520763540272535,10.547544542280628,10.573243720804047,10.599824433315346,10.625913829701458,10.650847624368668,10.67628179655377,10.701161509017401,10.724955054503857,10.748800768185133,10.772138583043859,10.794540440241093,10.816593793360841,10.838245709453034,10.859145144432954,10.87940972104812,10.899409268243422,10.918834733946433,10.937471626079803,10.955982778192382,10.974057175196853,10.99132377349176,11.008582531372218,11.025493356493591
T15000logg2.2,21.04292833115563,20.49615354726581,19.897835262003742,19.412083902578914,18.93719600598119,18.41589646140079,17.98848425960472,17.57765879701009,17.12507161532869,16.75081099152027,16.396399911066574,16.004548185541957,15.678129975124898,15.373163057350999,15.034839217120819,14.75129067643758,14.48967894699312,14.198587765296253,13.95342606856054,13.729914805972285,13.480588700740066,13.269819663273989,13.079889713520434,12.867574447517551,12.687637326529028,12.527372463753348,12.347895393984398,12.19558865011643,12.061551344709377,11.911205109773935,11.783630036054012,11.672777083714134,11.548243251734425,11.442760407746265,11.352376429048167,11.250671925973004,11.1648634548411,11.092509030532387,11.010938432513779,10.94259367690628,10.886085325273033,10.82224505331083,10.769378093995178,10.72679383001245,10.678550320905604,10.639358754160373,10.60897553675203,10.574383033923878,10.547205842393861,10.527457553736223,10.504740686046253,10.488045272011794,10.47750181842741,10.465028342494156,10.45738508650916,10.454722974024328,10.450969343803006,10.451029251172063,10.45500851430756,10.458540855288254,10.465020220581977,10.474467373109349,10.483920979717762,10.495578945536629,10.509367025351272,10.523418066883227,10.539040946266642,10.556094430248155,10.573448093710669,10.591854537416856,10.611154948489126,10.630560904122456,10.650624904797436,10.671155716456541,10.69152517267437,10.712226238251258,10.733037225262233,10.753474224491127,10.773939390218239,10.794293914857736,10.81400601321516,10.833533409025797,10.852869705616717,10.871246760878778,10.889328636382915,10.907282840511645,10.923903931344338,10.94023329315632,10.95657758994091,10.971269292195613,10.985738848787097,11.0003960846123,11.013203698925295,11.025893532809839,11.038935224890874,11.050070985780815,11.061200681645303,11.072800681339274,11.082576808164008,11.092441055344148,11.102841771007197
T15000logg2.4,21.523619104016113,20.97063951276121,20.36456159474333,19.871881462522104,19.39034965703062,18.86098201012591,18.426427883777215,18.008918489751675,17.54832773208132,17.166991380177766,16.806072946846836,16.406489437516534,16.073235588170597,15.762076514017632,15.416419424075553,15.126371487575753,14.858941544462738,14.560968918147102,14.309690480178825,14.080758760198332,13.825015958179174,13.608521827086431,13.4135602700965,13.195274514631176,13.009987409540742,12.845050421101934,12.660013628747018,12.502708012789913,12.364330030029823,12.208809430524429,12.076573669845946,11.961696173099005,11.832369299717486,11.72255657885859,11.628452487667643,11.522310184247235,11.432481626211164,11.356690116463248,11.271014862425055,11.198944780689942,11.139268434698893,11.071633163559465,11.015307228139863,10.969793892369754,10.918023170675978,10.875610746287315,10.8425123385875,10.804639826284227,10.774458036806639,10.752185403031772,10.726398612186486,10.706880311961388,10.693970148919508,10.678599210860385,10.668281256710468,10.663379507877607,10.656857315011488,10.654347486713052,10.656175361761683,10.657018449084713,10.66098638006234,10.668330935515865,10.675121050562364,10.684276530339105,10.695969761189051,10.707334408201998,10.720420392227222,10.735358233989587,10.749955625756778,10.765754229954043,10.78289516739877,10.799436093261225,10.816794422577996,10.835083786724525,10.852476050654069,10.870353691980293,10.888805423969131,10.906158092666434,10.923672711962821,10.941536565719096,10.958067350475268,10.974523439430381,10.991241602905827,11.00635692736758,11.021260934390254,11.036482752539602,11.049778366360183,11.06284288408042,11.076358975412496,11.087681176189337,11.098820081221731,11.110572278836523,11.119985733248477,11.129299726457024,11.139379072285518,11.14711392660233,11.15484413334929,11.163445171959353,11.169834069114158,11.176298164743939,11.183686267411172
T15000logg2.6,20.660731428457055,20.147258310660394,19.58374200094962,19.125242421658186,18.677404920806566,18.184518199520888,17.779596756946113,17.390902624324895,16.961679625362585,16.60608508908236,16.26990945683359,15.897401738945288,15.586567847087618,15.296736785194884,14.974534243580731,14.70406124244872,14.455077708463872,14.177474762971226,13.943307965253473,13.73035723816408,13.492322074118647,13.290787524707463,13.1096776787001,12.906787215356545,12.734570514110153,12.581637258931208,12.409986746393804,12.2640957238489,12.13611954258919,11.992237117688479,11.869958340666308,11.764085278235076,11.644864467672642,11.543725386976824,11.45740863182921,11.360037414156933,11.277754436767799,11.20868901277485,11.1306144175522,11.065091983538762,11.011210386075843,10.950145083135029,10.899487163705613,10.85895540716578,10.81285537337366,10.775334436060229,10.746502804706981,10.713500955527477,10.68751806251341,10.668878999492732,10.647259405120057,10.631329388004868,10.621498236351218,10.609674909309494,10.602404017170835,10.60009374062648,10.596574379363265,10.596634909117217,10.600629901833717,10.603998191117775,10.610116847634268,10.619259959619061,10.628159916922058,10.639101627478272,10.65227865174442,10.665397549507897,10.679959009792748,10.696121577524345,10.712170765116628,10.729186368160004,10.747342739436798,10.765090343923344,10.783460246701914,10.802595696789794,10.821015452900483,10.839755308467373,10.858928423689441,10.877194332832326,10.895472508751288,10.913974335301535,10.931350628711845,10.948512358017906,10.965819318239973,10.981751192240846,10.99733735045017,11.013126763735453,11.027238032296896,11.04098461444421,11.055065484625487,11.067216426597772,11.079048286882749,11.091370825994213,11.101626501670701,11.11164191957371,11.122294837039865,11.130876037519204,11.139307608857182,11.148479163151404,11.15570443357662,11.16285645585754,11.170802221093123
T15000logg2.8,20.73876007232254,20.22868842706785,19.668991677421452,19.213668223193924,18.76869049603447,18.278961328554026,17.87666468040852,17.49028939215561,17.063606022270655,16.71012846245258,16.3757950901659,16.005311293834602,15.696174003259088,15.407806181595657,15.087218804909517,14.818100949494589,14.570275572239302,14.293951986760339,14.060857820217205,13.84881652982888,13.611783447914098,13.411081903150725,13.230670261806253,13.028540123165516,12.85694618818602,12.70452657303756,12.533418392534365,12.387956470594371,12.26032117918717,12.11677963430843,11.994754303797691,11.889068053088737,11.770007465840497,11.66896151516961,11.582691178987572,11.485318454550079,11.402987189201285,11.333846421636121,11.25563167214641,11.189937365218432,11.13587327168813,11.074537281446597,11.023586322600854,10.982765249114559,10.936264983416532,10.898335373570205,10.869114663284218,10.835598189095524,10.809104527961425,10.789989608999582,10.767754591471455,10.751219731783518,10.74083346231831,10.72829805545856,10.720333068006475,10.717393994134918,10.713072106142544,10.712351935785245,10.715647309882467,10.718119328433477,10.723367886300217,10.731738655361571,10.739649664022613,10.749636813905553,10.761973184745937,10.774019647496917,10.787547498955771,10.802808266338742,10.817703325117181,10.833613900096756,10.85081422752936,10.867335401482123,10.88453870932619,10.902664155813344,10.91980127419608,10.93731746254445,10.955424269098504,10.972358931461644,10.989360253800395,11.006741556643874,11.02274943296798,11.038589514031619,11.054728773251837,11.069265659034613,11.083494577012683,11.098078780704943,11.110779706202445,11.123146115754873,11.135996558502793,11.14673545581369,11.157177709393414,11.168256593174773,11.177110572512039,11.185740260057504,11.19514834900263,11.202348804219387,11.209408527021743,11.21734403107561,11.223216273939299,11.229018664892143,11.235744977576669
T16000logg2.0,19.187228200953875,18.68403653101334,18.135790566952366,17.692625280489626,17.260068059546818,16.786949113544097,16.400632580110592,16.02976725922976,15.622483758629102,15.287032786963433,14.969702594817736,14.619864606430019,14.329619426499928,14.058724670666408,13.759039318145264,13.508921304204213,13.278416919384034,13.022662505194512,12.808225712423502,12.61300948595698,12.395901049359924,12.213277903195126,12.049032666063043,11.866043284697808,11.71183471107457,11.57485641576853,11.422039756341345,11.293214934930441,11.18027568935825,11.054140529960398,10.947961227344818,10.856201183657571,10.753610076437555,10.667569517297126,10.594419073841326,10.512543358251554,10.444356018854489,10.387521152811402,10.323859516915437,10.271483082440122,10.228954411048708,10.181313743438604,10.142935715875392,10.112960320734276,10.079405737345429,10.053396346832935,10.034421870122241,10.01321113496559,9.998085752320382,9.988722700580045,9.978290466933597,9.972706354305382,9.971713561717236,9.970664514413347,9.973416205960293,9.979684047779335,9.986771064023015,9.996768668372397,10.00929082975486,10.023379064107592,10.039619281284402,10.057465120066132,10.077504292449499,10.09904556243796,10.121341325606007,10.146328455106485,10.172250740165447,10.198138810628034,10.227091435784086,10.25647439234548,10.285105145713937,10.317056234318684,10.348986611012169,10.379579777814767,10.413540360219464,10.447135076607417,10.478930982928048,10.513996033176904,10.548432604789458,10.580763769163317,10.616094777140933,10.650643125898803,10.682932475772457,10.717824525310915,10.751882652863006,10.783685014260875,10.81758412198994,10.850709743977877,10.881680621240669,10.914262831706548,10.94619543446825,10.976124685373524,11.007270883771083,11.037920817512177,11.066729569474223,11.096475529651297,11.12588373479804,11.153587166036784,11.182074971296476,11.210363477570674,11.237048379269712
T16000logg2.2,25.653889967449892,24.935339004212857,24.14779016330195,23.507482979945102,22.881444079069702,22.193032240101676,21.62766770436972,21.084047176496306,20.48400888254999,19.986850296292147,19.515721352701444,18.993699257871906,18.557858611254467,18.150202880058025,17.696841784946887,17.315845819799286,16.96374489276341,16.57084729213334,16.238863416925096,15.935503127396114,15.59597672951104,15.307821228271143,15.047347196399391,14.755039398682225,14.50611198303254,14.283476428356263,14.033024987663675,13.819217624664322,13.630015393425571,13.416672593538086,13.234280953295023,13.074624137794965,12.894158294561901,12.739823260770844,12.606253361004072,12.454868212448691,12.325522953540922,12.214942607420602,12.089237663523756,11.982111130274186,11.891779496201432,11.788748651383319,11.701359728980167,11.628865514399916,11.545838892831245,11.475950428878088,11.419148810956653,11.353719218483324,11.299281247856213,11.256229554682582,11.206195492739901,11.16531854296837,11.134246521788356,11.097602727985583,11.068545399800257,11.047832856827469,11.022726924817684,11.003855513759133,10.991989633410148,10.976680362296195,10.966444828498695,10.961997783873613,10.954832156524962,10.951736325823099,10.953339105625366,10.952713698376911,10.955290394429142,10.961631438448517,10.965969542962657,10.972779480697769,10.982604526465682,10.990375755898562,11.000039751336354,11.012096826148795,11.021957485191543,11.03321551950795,11.046316810681349,11.057150012488936,11.068907009358494,11.082114844133539,11.092919554973935,11.104282834291656,11.116871567321505,11.126858351929972,11.137161263873987,11.148640281850039,11.157240201066248,11.166057190932289,11.176106875097172,11.183049976000886,11.190202414532383,11.198692829931149,11.203979254744334,11.209521118899271,11.216508446573622,11.220343284922233,11.224500561627638,11.230167665175241,11.232879361521102,11.235970430848202,11.240583742652277
T16000logg2.4,26.37915046955037,25.661557762710856,24.873513806913103,24.231679881652763,23.603896523703575,22.91240913985079,22.34359768100621,21.79656310127905,21.191866072210047,20.690073021967947,20.21453504541941,19.686909597801723,19.245725085826862,18.833093407914088,18.37360668505882,17.986885821795987,17.62953305415669,17.23028080427815,16.892415887961143,16.583720768150563,16.237802552957383,15.94376358133018,15.678001466503868,15.379391333551819,15.124673434123409,14.896869649618486,14.6402729804277,14.4208264751445,14.226620663159158,14.007345733000136,13.819517020227389,13.655062530408859,13.468929537992699,13.309398847803953,13.171268526550246,13.014506145024939,12.880227908262885,12.765340870304934,12.634556752843137,12.522759629979658,12.428371729802217,12.320544904394366,12.228739996235777,12.152432235719875,12.064882327762021,11.990816858514322,11.930425289507866,11.860711678916326,11.802306661282708,11.755857219905995,11.70174082736377,11.657069075305632,11.622750527223548,11.58216664071179,11.549426932574065,11.525561338677896,11.496580687539629,11.474067207951917,11.459077510188028,11.439874824618062,11.425955444496664,11.418344558550595,11.407176119638782,11.40027038832616,11.398599980528825,11.39377579044005,11.392337068243343,11.395242131688224,11.395101422575639,11.39762565336667,11.40381576291979,11.406761264676927,11.41182308121836,11.41998364199713,11.424667659947515,11.43098375973152,11.439877520937904,11.4452149637527,11.451694153646029,11.46037631272263,11.465400020394197,11.47117378523789,11.478936157438444,11.482900608949212,11.487342330613043,11.493728422847134,11.496110292337576,11.498839796529582,11.503569666290325,11.50414347014581,11.505026406553554,11.508009188697985,11.50681608360028,11.505949335827717,11.507280897198395,11.504568088388236,11.50222391907143,11.502131031672812,11.498270580416698,11.494814534657655,11.493609172172988
T16000logg2.6,26.466470589837378,25.761297632610685,24.986155304142244,24.354337790569552,23.736267640238992,23.054885071842033,22.49396959476204,21.954525378340083,21.35772964299707,20.862139226520988,20.392525840823048,19.871069927596956,19.434740670375174,19.026725705761983,18.57204242006565,18.1891018195826,17.835335242265817,17.43980354961939,17.10485753696703,16.798928989131035,16.455860401674627,16.164036054921883,15.900373272793994,15.603899539047385,15.350817777626201,15.124569886656811,14.869527605418664,14.651242433598492,14.458148131879005,14.239957960517788,14.05290761566647,13.889209106420063,13.703786322809554,13.544726980204445,13.407068475940012,13.250717619739348,13.116660426761232,13.002014430575056,12.871388397640487,12.759598564339495,12.66525512902213,12.557363595143153,12.46537068371148,12.3889273279678,12.301100002909083,12.226662574388346,12.165967790351107,12.09578658108693,12.036844296367374,11.989941234892646,11.935183344687792,11.88982053354409,11.854908944637593,11.813520358699536,11.779940840838957,11.755348301334319,11.72539503532175,11.701884158509484,11.686028485330866,11.665672723494216,11.650586087117738,11.641962470860467,11.629446974819214,11.621190322886292,11.6183519948523,11.611976629953983,11.608995742874885,11.610581459954698,11.608679073979273,11.609472385973334,11.614201529550915,11.615178049438295,11.618328571896885,11.624879033234999,11.62741506825792,11.631649168662163,11.63877636033444,11.641816477213043,11.646058285400708,11.652824843150118,11.65543225185305,11.658834881314721,11.664548604780725,11.666004401968275,11.667966414279237,11.672192744117453,11.67200316968144,11.672173086904593,11.674657232820241,11.672622208911667,11.670889463209155,11.67156098613834,11.667739384207415,11.664219210928437,11.663191242876298,11.65784354413477,11.652822818895682,11.650336897539553,11.643847019211442,11.637707339123633,11.634092581244907
T16000logg2.8,25.834157083985396,25.162251681797585,24.423039764975172,23.820111743601938,23.230302228104442,22.57955148903188,22.043525959772985,21.528102885796322,20.957463349032174,20.483328200085428,20.0341877271995,19.53512069651974,19.11730711176531,18.726782246794077,18.291309217986715,17.92437318585727,17.585590646694577,17.206577783536325,16.885476996200985,16.592403241355434,16.26355588494574,15.983719568880554,15.731105238920033,15.44689860054137,15.204206822682021,14.987466227310282,14.743020742663694,14.533750251097445,14.348850342235824,14.139821781362096,13.960588940166037,13.803948534238723,13.626439749057832,13.474151391277008,13.342567730125982,13.193047460923372,13.06484631907261,12.955421383289737,12.830680678499423,12.723940721432996,12.634070295198612,12.53123058843352,12.443572766990929,12.370943249188254,12.287429896188787,12.21668900741723,12.159221899209884,12.092693963865527,12.036873275501236,11.992673948469903,11.940977268817617,11.898219251090497,11.865544080316067,11.82668817424587,11.795247447657026,11.772473981531032,11.744576640586354,11.722784816770472,11.70837688547627,11.689652980040723,11.675910020690118,11.668406543256012,11.657146365806273,11.649899918491942,11.647895311615077,11.642446674474277,11.640186961564629,11.642367407177447,11.641108676634593,11.6423798175069,11.647508846112222,11.6488930220416,11.652322971990506,11.6591086025646,11.661874767125354,11.666235072693716,11.673464469123832,11.676614366154125,11.680873272413043,11.687643157404931,11.690285709399216,11.693633813723142,11.699283240784137,11.700735557039412,11.702602877999833,11.706723599669626,11.706519371989163,11.706578259226953,11.708935494650271,11.70689086748373,11.705045013018946,11.705580441441224,11.701759555946369,11.698126881672131,11.696956339959955,11.691613805296196,11.686477367646525,11.683841158417026,11.677352850404226,11.67108769643001,11.667311039938552
T16000logg3.0,24.84970202548659,24.22215681015616,23.53128883846904,22.967560622040388,22.4161318968643,21.807327966024197,21.30566022070116,20.823354453275307,20.28904894563817,19.844952038288238,19.424389486343625,18.956815461701098,18.565256688265272,18.199429766111642,17.791295308855076,17.447318018979978,17.12991592406764,16.774671409615213,16.473662921689183,16.19913115191563,15.890977724614924,15.628731778809444,15.392210995614828,15.126033264696549,14.8987424090756,14.695979370672896,14.467245738856088,14.271453700108008,14.098691564785645,13.903358812752174,13.735919165324935,13.589822209613152,13.424247716543633,13.28226472115515,13.159827367054566,13.020694109495745,12.90148510309324,12.79998575752443,12.684277122843131,12.58537258701303,12.50236142666596,12.407363792813534,12.326514840724911,12.259803963879614,12.183077067931624,12.118232844051548,12.06585493972239,12.00518326536062,11.954451191545687,11.914610791575722,11.867950581338997,11.829563926858867,11.800604020977222,11.766053441887257,11.738341223528804,11.718710300238305,11.694469358740324,11.675835202563723,11.664066903596725,11.64842610600114,11.637334546283356,11.632028673170385,11.623349341580093,11.618313248418985,11.618126011414967,11.614827659934178,11.614399709975437,11.618079248151398,11.61860285148147,11.621389663423077,11.627756659252082,11.630627590025082,11.635325462896892,11.643142127037319,11.647179929288956,11.652624884149198,11.660732175029683,11.665001453583006,11.670217073481073,11.677758504235983,11.68142494457453,11.685651960490208,11.692008636852,11.69443568087102,11.697143944725168,11.701940214600134,11.702693183768034,11.703580079646873,11.706601726560788,11.705515043077451,11.704500641243257,11.705703128609827,11.70284804870625,11.700052765334842,11.6995536731164,11.695176583703185,11.690874240564217,11.688907422541195,11.683369549537527,11.67792390531381,11.674805889661283
T17000logg2.2,24.0793118025352,23.39738637410367,22.65036802227624,22.043564700339644,21.451484693945012,20.800601555746688,20.2665166050377,19.753959785436557,19.188279546894375,18.719986535437524,18.277049975519454,17.78627296917747,17.376877057008162,16.99468949038459,16.56963062795241,16.212753796325693,15.883603432182301,15.516287109791245,15.206240704147614,14.923534391137915,14.607106565168014,14.338878241075307,14.096988993185823,13.825541202335947,13.594704009754446,13.388794259879424,13.157184993792805,12.959798231665996,12.785660365844725,12.589347718361392,12.421859231151211,12.275775459645676,12.11069306438358,11.969865471406377,11.848511602857908,11.71100757327225,11.59389933818134,11.494315690666586,11.381157077570938,11.285130926876956,11.204715387822663,11.11305082775569,11.035756872521514,10.972230850936693,10.899542532593996,10.838869280172897,10.790211767045617,10.73422802650657,10.688240321619235,10.652622577336103,10.61126994758107,10.57818928342022,10.553949774016623,10.525349770897868,10.50354915899747,10.489177273218875,10.471612908213087,10.459583473777176,10.45368108996205,10.445551213041279,10.441870347496671,10.443123350779015,10.442917923877122,10.446224028349002,10.453381311794459,10.459641871756766,10.468597709504916,10.48045058688715,10.491736655277695,10.505015977512437,10.520391298557115,10.535295820034458,10.551617260983212,10.56937020856679,10.586612842749837,10.604791436040284,10.623829607380193,10.642318576326478,10.661305887760372,10.680743722014514,10.699489387761481,10.71840874719457,10.737538706465381,10.755741506751837,10.77391378803066,10.792234109793327,10.809292997831992,10.826255748811667,10.843414101373769,10.859012091644885,10.874537299557911,10.890359999731787,10.904440340817278,10.918520460921652,10.933008068454736,10.945706966306915,10.958496384520664,10.971768068040047,10.983343747796702,10.995090452637987,11.007349080739534
T17000logg2.4,28.410228975495215,27.612956102103134,26.736947798485563,26.023250536575013,25.325772318960723,24.55703019074271,23.924419818228152,23.316446473032954,22.643885148163953,22.085506450697725,21.5566246630858,20.969313790851096,20.477932536980237,20.018522128389936,19.506448094454008,19.075155305342555,18.67668980011132,18.23100368929411,17.853511320284433,17.508601594287704,17.12160497178433,16.792296207196387,16.494577587666914,16.15957602443664,15.873450155210127,15.617419892559559,15.328568100481068,15.081150772163062,14.862001083593785,14.6141175494441,14.401371405750272,14.214858249050362,14.003327203309079,13.821591771210219,13.663941421126372,13.484618767474348,13.330550119059492,13.19838208798227,13.047551770908274,12.91812005101039,12.808434285765765,12.682800470166004,12.575291604594536,12.485448894258601,12.382088335307959,12.29405308191537,12.221700343846916,12.137967072560773,12.067153936805834,12.010151404997643,11.943621641843347,11.887953284796628,11.844347662267063,11.792806828314161,11.75035481032803,11.718346465892676,11.679725292504527,11.648665656558094,11.626564588751819,11.598918626755124,11.57751996731953,11.563732733292106,11.545210664523069,11.53179708863276,11.524792576881158,11.513599226762633,11.506529194200501,11.50484990041564,11.499216681726594,11.4968820834656,11.499138545934915,11.497350561856347,11.49821758911558,11.50299933847208,11.503592414874706,11.50627206430337,11.512241989905668,11.514025533227002,11.517327078132096,11.523451760081079,11.525360570801704,11.528323963150106,11.533816378125076,11.535010846996773,11.536927235223214,11.541264635818333,11.54114268713145,11.541565287485076,11.54441468698235,11.542690183791557,11.541435701194702,11.542667794120703,11.539344972909484,11.53648371139728,11.536174622708764,11.53148151542637,11.527271119596204,11.52563664343303,11.519935316493838,11.514737606623877,11.512088028195766
T17000logg2.6,30.696485423669408,29.853154190555223,28.92491978558774,28.167432621602995,27.426377723880297,26.60834715405589,25.934110968964735,25.28554676120423,24.5670847643621,23.96966459550046,23.403340252415052,22.77363083555769,22.245940653899204,21.7521909073101,21.20115523347771,20.736290109834087,20.30645574171555,19.825091830424412,19.416677569990437,19.043179541440686,18.62358412222151,18.265872401866876,17.94214097489924,17.577392131001552,17.265216153195375,16.985527150526643,16.66953634160574,16.39825046980376,16.15758984375422,15.884969848910313,15.65038228669249,15.444324375209428,15.210261717678094,15.008559183338566,14.833160361341854,14.63332360828485,14.46101129418744,14.312728576242685,14.143211536107978,13.997103542464322,13.872776241164868,13.730098980517264,13.607331890234516,13.504170754797093,13.385242411570113,13.283226105762665,13.19873657310857,13.100750893514652,13.017099683215676,12.949008303417497,12.869388865796049,12.801889512514151,12.748108571559522,12.684477089706828,12.631056103217729,12.589647551358414,12.53977247846019,12.498458653362526,12.46759625681579,12.429361356598182,12.398264853444386,12.376212263711986,12.347594771025317,12.324886035759878,12.309976943571822,12.28902188182263,12.272913779931939,12.263575619279482,12.248356335989966,12.237112824338627,12.23186133719744,12.220530633697965,12.212511822123524,12.209813533177734,12.200841231733857,12.194574037800262,12.192977199361872,12.18514858479794,12.179384863244039,12.177790477362421,12.170015266254964,12.163763814468187,12.16135354500671,12.15278565778366,12.145333532809742,12.14158298449077,12.131627893219903,12.12254303257858,12.117135333710507,12.105528344613845,12.0946566644231,12.087491347099922,12.074268580283773,12.061718345256692,12.052909501669987,12.03834005761574,12.024420022595443,12.014233007547157,11.998728435554671,11.983855034168766,11.972653764780171
T17000logg2.8,30.71463635996755,29.894454033129612,28.9905150098319,28.25203160732937,27.52928595405201,26.730536084636775,26.071502144755208,25.437422297025797,24.7342518991497,24.148957739054524,23.594076870828058,22.97647063675541,22.458417624332128,21.973693018921857,21.43221126149196,20.974967749458223,20.55222550775096,20.078371987630977,19.675946535453914,19.30799263596117,18.894250373695996,18.54118733604974,18.221739373107237,17.86149738132581,17.552878752115056,17.27645782888351,16.963888172063577,16.69526987860619,16.457052777949045,16.186967976675025,15.954321969891756,15.750040725141266,15.517802456353127,15.317451603918977,15.14328987190432,14.944693096486876,14.773244531668078,14.625755404875639,14.456994425941371,14.311341982795488,14.187439050600954,14.045101745858094,13.922431002866995,13.819369869935073,13.700409859535648,13.598170906220911,13.513495925408193,13.415155279938162,13.331001955286016,13.262474940094274,13.182212606150859,13.113957832016732,13.05951464041046,12.994975911352743,12.94056395723787,12.898283766517276,12.847249858353228,12.80471619541206,12.772781638512019,12.733139642094338,12.700594886921849,12.677274439668048,12.647002105736826,12.622615051594616,12.606245534796475,12.583387432088594,12.565371162984931,12.5543936410147,12.537022861640297,12.523651202582268,12.516598245893036,12.502877871356198,12.492527481172297,12.487861872259078,12.476305992926996,12.467525324164612,12.463793398768619,12.453235282415466,12.444803628660136,12.440921770675653,12.43031405966403,12.421272973737493,12.416447902686476,12.404982875107212,12.394652471247017,12.388387708155028,12.37550085523778,12.363477414695426,12.355481223535257,12.34092996704834,12.32708121326748,12.317272690956463,12.30110624326963,12.285553815359075,12.274060914590734,12.256554011444553,12.239615265392652,12.226714505155003,12.208283555446675,12.190385915959691,12.176455197366815
T17000logg3.0,29.84448934859132,29.068306525752654,28.21216240096672,27.5122584264816,26.82694668515676,26.06900868952868,25.443257295604248,24.841002423143767,24.172682222183134,23.616072732411908,23.088283010119437,22.500481205870035,22.007162263048997,21.54554779383476,21.029612208502986,20.59372620395019,20.19075200623425,19.73885083862403,19.3548963654706,19.003894363671147,18.60905833462215,18.2719944516644,17.967116701210394,17.623194647116946,17.328456540209736,17.0645860305023,16.766130752639384,16.50956982286612,16.282179587455776,16.024319432508022,15.8021545985225,15.607222304422729,15.385577308254929,15.194336101501317,15.028246820868825,14.838827913839717,14.67528880556063,14.534763256211548,14.373940919355936,14.235137689823329,14.11722427201905,13.98172840092322,13.86496057486779,13.767024590392065,13.653924712183297,13.55673694270882,13.476413587983169,13.383055485817817,13.303189499227406,13.23832569956831,13.162265660428677,13.097615340010071,13.046224898698156,12.985193465483704,12.933774185775235,12.894004986038217,12.845859566124222,12.80577234982167,12.775871222266657,12.738568775715839,12.707985090139454,12.686279251322897,12.657866871733283,12.63501865073601,12.619905280840241,12.598497828653176,12.58166135000664,12.571645893689517,12.555380831062015,12.542895406522149,12.536571263530995,12.523681901975229,12.513989265419756,12.509865193583265,12.498943769103677,12.490654610407477,12.487323473236225,12.477274819825407,12.469225088326287,12.465647634797866,12.455481975989965,12.446761852282993,12.442184582335418,12.431138501291414,12.42110542705823,12.415062516534112,12.402602149851793,12.390878939502938,12.383100659530177,12.369000696194432,12.355468840811412,12.345885629216564,12.330196839811332,12.314976690750342,12.303715723923988,12.286701332244835,12.270100002331754,12.257431330630936,12.239491098108495,12.221921720004094,12.208213372391581
T17000logg3.2,27.597422158260976,26.9051602455701,26.141346390552748,25.516847587540763,24.905376814034433,24.22887806528466,23.670310242692228,23.1328087046551,22.53615959836898,22.039221676495792,21.568179319510662,21.043444120823853,20.603072134903066,20.19122818941468,19.730836080966874,19.341926206504077,18.982654819722093,18.579721191690766,18.237455949288563,17.92487702424638,17.573261949228957,17.273210056092502,17.002153099152792,16.696411665882348,16.434538613027478,16.20045882486369,15.935754958627502,15.708381091057106,15.50724837787458,15.279237444478838,15.08298984646493,14.91120548980766,14.715964169522564,14.54773301929771,14.402055833185974,14.236003452045944,14.09289239881378,13.970370068519552,13.830227343957812,13.709552429022887,13.607513472196615,13.490313264625694,13.389620260146291,13.305670911804224,13.208746863825883,13.12579800272655,13.057785594831978,12.978717254342405,12.911449186914007,12.857409495312783,12.793961798893354,12.74044224670789,12.698555693191246,12.648643952530445,12.607047929616316,12.575615926152238,12.537270922262277,12.505846690560249,12.483255289555576,12.454589866259425,12.431646364431925,12.416353224627954,12.395564047436668,12.379468074391397,12.36999602533843,12.355350454764634,12.344517665258728,12.339503061668298,12.329285026999468,12.322189816047478,12.320342303480654,12.312933025040966,12.308149020653385,12.308091930270294,12.302222282939677,12.298481408167302,12.298922702779961,12.293602653042164,12.289841748705761,12.289832456971311,12.284164642719851,12.27955867686171,12.278419460713616,12.271717924198853,12.265692765212389,12.2630141725406,12.25480531373243,12.247032524460874,12.242584192157391,12.232677397477236,12.223063094451163,12.216794120542492,12.205249663614419,12.193917202436776,12.185955546557103,12.173027302194944,12.160268828444801,12.150871348555945,12.13693577601583,12.123139705185256,12.112653133637538
T18000logg2.2,19.827462565476544,19.292539267229778,18.70779259936169,18.234141754379063,17.773557450826882,17.268096540986036,16.85451223605881,16.458951987463845,16.023043092313554,15.663251716180179,15.324158241252956,14.948973868210496,14.63701173918869,14.346917619181124,14.0247665898495,13.755270215564048,13.507809492128207,13.232132631567413,13.000412776932995,12.79021638428711,12.55544144136581,12.357416443244226,12.179937639544844,11.981302346246684,11.813401523614608,11.6647585878769,11.498123514224435,11.357158280176973,11.233958286841013,11.09562796961303,10.97869238790275,10.877909058309822,10.76455215839601,10.668986968467655,10.587906653887512,10.496540041983618,10.419938772650912,10.356155394969555,10.284158527678247,10.224385218217096,10.175802067238294,10.120885572292359,10.076045710853396,10.040832486346783,10.000967326188483,9.969353292689059,9.945885638012069,9.919242680695238,9.899291813974305,9.88610617496956,9.871022618452153,9.861306407038096,9.857081864982874,9.852065687105267,9.85129195898257,9.854838628165586,9.858543242985197,9.86553301285076,9.875763679867662,9.8869587853878,9.900623864334811,9.916532551295537,9.93407564027385,9.953386118880973,9.97402269982141,9.996813556874415,10.020761077598381,10.045196575603654,10.072161397503674,10.099742570109786,10.127066347767762,10.157146523783256,10.187374838297698,10.216738727483499,10.248893232465253,10.280833334190763,10.311415670414075,10.344719367841233,10.377514514947798,10.408614243833162,10.44221106610905,10.475110956044848,10.50613428143875,10.539306267447913,10.571698273302735,10.602195823019171,10.63437997526999,10.665818570103935,10.695445374957254,10.72631486221029,10.75654143995124,10.785090328169362,10.814529256270689,10.843462228080318,10.870862551317526,10.898914872526465,10.926606559000884,10.9528841387474,10.979702548878512,11.006289815577762,11.031545360234542
T18000logg2.4,26.018110541329882,25.283789129835647,24.477505065843225,23.82125114211209,23.181020966943677,22.475733806304945,21.895889235006273,21.33955602950087,20.724349685988006,20.21407727427075,19.73156606267083,19.195906655142583,18.748190203342872,18.33032559431418,17.86468106670803,17.472921948904762,17.11164876962374,16.707672306084085,16.365929157581554,16.054317064193103,15.70479772240856,15.407805986799511,15.139917550943384,14.838622523979376,14.581722463162714,14.352446892024616,14.093942731409879,13.872968655812418,13.677842385705821,13.457306022711794,13.26849143560911,13.103566177345744,12.9166818476093,12.75659298183507,12.618336620004541,12.461218111631814,12.326724398134335,12.211984213650478,12.081182390140727,11.969472395450776,11.875472182193814,11.767941754330465,11.676506622308224,11.600811439350966,11.513855068751841,11.4404293415808,11.380865960199312,11.31203099189651,11.254528197624314,11.209119763792712,11.156165704912297,11.112658591447598,11.079597630964749,11.04046733592001,11.009168724493623,10.986792179072264,10.95958439596846,10.938819284986042,10.925576316010435,10.908506249218073,10.896685503915432,10.891112802980414,10.882489048488447,10.878082863252583,10.878782004369892,10.876963919739097,10.878467376927317,10.884095055406254,10.887463029402799,10.893397756489339,10.902671253386842,10.909655504947992,10.918609981567954,10.930248079738737,10.939479207142764,10.950168799198249,10.962953717614283,10.973307882182388,10.984623903749668,10.997603908995416,11.008070627258675,11.019108345894987,11.031547370662008,11.041323963251193,11.051403104976384,11.062800560451524,11.071296569086789,11.079972649487335,11.089994490796027,11.096919902596365,11.103998816547277,11.112503427351545,11.11784172897984,11.123363249611257,11.130396319954858,11.134335142157179,11.138511161257185,11.144245170224961,11.147098022680959,11.150237532525503,11.154932782674006
T18000logg2.6,30.345504535528516,29.50108293291575,28.5716181478442,27.81326262422491,27.072216531274073,26.254099848745728,25.579897146993208,24.932058083886844,24.21426162738529,23.617478303048536,23.052328343896683,22.423768049081772,21.897107735366756,21.404799795579756,20.85519820450508,20.391594230722138,19.96332991608497,19.48354859632756,19.076522927743902,18.70464322005146,18.28669372344236,17.930428339570618,17.60831017572342,17.245226108598796,16.934524952558824,16.6564312949272,16.342115162429753,16.07231499739699,15.83322034338055,15.562257035699034,15.32914374973117,15.124609625873006,14.892171992786393,14.69192042885226,14.517995941279917,14.319738962483253,14.148843403771059,14.001979767568196,13.834001416404764,13.68928366387899,13.566331626986942,13.425168494913947,13.303777061269404,13.20196071417443,13.08453428322127,12.98389199015526,12.900731405772529,12.804252168441476,12.721984849537433,12.655218108763574,12.577117589011305,12.511022234777704,12.458572666384608,12.39649187508789,12.34451284809821,12.304458795325834,12.256184835218214,12.216368632876135,12.186899759678798,12.150338499039261,12.12081775986923,12.10021724289359,12.073373034039026,12.052342517051414,12.038964524418901,12.019904307389957,12.005596083289557,11.997880658889063,11.984697503793472,11.975386194202303,11.971852906993286,11.962708742235064,11.95675980278757,11.95588949078821,11.94925117306508,11.945196277260601,11.945550681755034,11.940194314310956,11.936784778484004,11.937268488496933,11.932096352795236,11.928336738529557,11.928129164439452,11.92228182642917,11.91744543636438,11.916010606405782,11.908872025142609,11.902505218475074,11.899507688778622,11.890788635760284,11.882714994349907,11.878035197111007,11.867752458780972,11.858061676098227,11.85179689728056,11.84020002999666,11.829178632690518,11.821574154279215,11.809051535511879,11.797093690573462,11.788493142262874
T18000logg2.8,32.611229334877386,31.725229894699236,30.74835229825471,29.950044114099846,29.169073105519168,28.305614118621726,27.59295935476565,26.90750544824353,26.14702815826563,25.51380759168229,24.91362189828621,24.245273108812352,23.6844257539369,23.15971626023037,22.573253327937135,22.077784692059563,21.6196904374335,21.10589673016856,20.669302051148286,20.270039266612038,19.820786518302853,19.43716386559166,19.089952800712343,18.69810500356324,18.3621431284645,18.06107803728517,17.720353589176863,17.427261483051428,17.167150543934348,16.871969313305193,16.617415129259292,16.39367469788528,16.139054576027583,15.919090934514808,15.727626710503696,15.509060315686266,15.320053218320552,15.157174539851383,14.97059027815826,14.809218613175585,14.671625340027997,14.51338007879804,14.376644674907372,14.261411829989367,14.128262989579984,14.01345143109962,13.917964479072449,13.80697531200832,13.711593596844361,13.633471462802794,13.541944592843631,13.46367350671681,13.400723673064931,13.326157386373358,13.262815668635747,13.212996406706191,13.153036962480229,13.102544288464268,13.063928362645532,13.016337538129767,12.976695047962185,12.947447346530002,12.910086873401193,12.879361301374288,12.857723103579891,12.828525932319831,12.804827078330984,12.789143845041245,12.76606643873873,12.747560472744082,12.736270235668176,12.717359776852836,12.702320230438655,12.693791935843091,12.677460042410685,12.664341369702623,12.657027100322974,12.642026653345642,12.62952558855817,12.622265946987858,12.607475935708024,12.594566725378316,12.586510073196425,12.571062134217037,12.557010786619637,12.547616546084756,12.530893729409668,12.515252994408696,12.504195184955641,12.485918567329623,12.46853045899983,12.455709079845537,12.435912363536982,12.416890023698782,12.402428440915138,12.381385596736536,12.361051055817589,12.345231811376804,12.323366314326647,12.302157326146638,12.285369094350894
T18000logg3.0,33.148812116979194,32.27078310558496,31.301695725130333,30.50901771877102,29.7329772790083,28.874167237509823,28.164712870241964,27.48191983808751,26.723743217226843,26.091879569519733,25.49267205623564,24.824864040740547,24.263974080096254,23.73899165783436,23.151765790900846,22.65521428700469,22.195943525940223,21.680444386554917,21.24200513552695,20.840917445503617,20.389283217690153,20.00326676430968,19.653775594039846,19.25906623386611,18.920317227552594,18.61665319570843,18.27273342717381,17.976584518917583,17.71366604630365,17.415079195577707,17.157297246781678,16.930623803871544,16.672474061703163,16.449187814340924,16.254732268944654,16.03258628943275,15.840213500154215,15.674325865207805,15.484137125895876,15.319378616231893,15.178776261573992,15.016922910185148,14.876798122889436,14.758570498806938,14.621820799407297,14.503623798970313,14.405158941226484,14.290577987018475,14.191814332580412,14.110727868252837,14.015611776466205,13.933957670536838,13.868051881073644,13.78989469554411,13.723162537460663,13.670389672150165,13.606822911234891,13.552915142034607,13.511332888428402,13.460096681577278,13.41699379922073,13.38475086105422,13.343683039768772,13.309429948516941,13.284750740435024,13.25176577388667,13.224457232575542,13.2056859552364,13.17871936281721,13.156512723301265,13.142085108906295,13.119174751264804,13.100340256304984,13.088599644424132,13.068182758463928,13.051180133337548,13.04056068359139,13.021423285561815,13.00495889459063,12.994299211590256,12.975342089959423,12.958402520390383,12.94685842154955,12.927231815836304,12.909101139172446,12.896148126521286,12.87525696777951,12.855510086214005,12.84084275225023,12.818421711873246,12.796913931997,12.780445626188598,12.756534228122524,12.733389319389575,12.715256306895139,12.690135308796966,12.665686647008597,12.646185676283178,12.620285305557323,12.594983076506649,12.574518832650595
T18000logg3.2,32.780029710137384,31.933341805394427,30.99820638174334,30.232852325640387,29.48304288349481,28.652707107036075,27.966376311935413,27.30545812858323,26.571107083102902,25.958747366090375,25.37776457586498,24.729883416497742,24.185422447728833,23.675630252839788,23.10507871441222,22.622356019524148,22.17575117089897,21.67420542159225,21.24739589979384,20.85687007449672,20.416909776632668,20.0406633276765,19.699976838719884,19.315033394449618,18.984483279049957,18.688154221032114,18.352395206174883,18.06311250667227,17.806292635868537,17.514509257874856,17.26245873400431,17.04083998521398,16.788341117285587,16.569811357930625,16.379518853996405,16.162031747994952,15.973574020438253,15.811087081341825,15.624706823136435,15.46313477840541,15.325276448075789,15.166489536020041,15.02890997690094,14.912850922073378,14.778515076010553,14.662296069398488,14.565493570245144,14.452749409787865,14.355460233990403,14.275590180860283,14.181801096719573,14.10117077281196,14.036084983921393,13.958794103492632,13.892678264832654,13.840371072341402,13.777260911040624,13.723604784991844,13.682174790964762,13.631026627201422,13.587845621294221,13.55547485089222,13.514165559709543,13.47953977474486,13.454485894764911,13.420968925841118,13.393029135904143,13.373674341994704,13.345922812256735,13.322867204912308,13.307687954920496,13.283785201346461,13.263930775442617,13.25130006578814,13.229743699135692,13.21159345668417,13.199970176201415,13.179600728542937,13.161899007109934,13.150148372972646,13.129908722970034,13.111674432459182,13.098977881204684,13.078050838780253,13.058595917484507,13.04445266417189,13.022267611259252,13.001188837731226,12.985312938098645,12.961622340019549,12.93879227245499,12.921113559683523,12.895965559313506,12.87151497434336,12.852177380818143,12.8258490107248,12.800109337396865,12.779410539380688,12.752323319462915,12.725739344180788,12.704081860255759
T19000logg2.4,22.24868347183021,21.631335521324097,20.95463210701731,20.404963503127334,19.869939748581427,19.281369900452937,18.79846139985191,18.336181210008448,17.825605553625948,17.403004988324476,17.00433247738501,16.562260074542376,16.193598421408158,15.850392220993928,15.468400592458192,15.147823828726183,14.853038960801124,14.523848213846907,14.246162037796708,13.993797653652674,13.711170672221533,13.471816608696079,13.256764548491883,13.01535017010625,12.81031971408027,12.628202015889688,12.423333404496013,12.249039491137312,12.096026280581588,11.92354583153085,11.776728239821292,11.649414044630792,11.505580972536837,11.383257007401497,11.278587992464308,11.16004374475758,11.059507233693589,10.974770274408748,10.878553645944393,10.79738989825027,10.730209158902921,10.653715910384022,10.589770326787733,10.538059975292516,10.478970143335596,10.430292847745212,10.392191940752056,10.348407801544239,10.313207519124347,10.287027947624788,10.256626840712364,10.233248481923324,10.217448326112095,10.198678332216826,10.185597594812105,10.1787654796187,10.170012758394094,10.1658092631833,10.16663449846841,10.16639667876728,10.169732832018038,10.176984585579076,10.18384509269603,10.193440698255035,10.20594846738646,10.21853952596818,10.233138649678878,10.24977156110652,10.266750516635753,10.285116515104718,10.304791217901027,10.324848025844556,10.345791829356362,10.367453955498982,10.38940308841581,10.411832388866035,10.434475637147452,10.457322260683428,10.480278825426648,10.503097808447265,10.525942581488872,10.548629131701057,10.570984553814439,10.593101653052347,10.614901604731568,10.63634359432242,10.65718732306609,10.677683916381913,10.697896058633372,10.717186457758359,10.736178424846377,10.755006774577593,10.772700536215076,10.790186356154173,10.807633790246369,10.82386185870269,10.839987245136147,10.85616411188465,10.871171467881348,10.886170033303177,10.90126526315243
T19000logg2.6,27.770264041746167,26.992370999141485,26.13686868164324,25.439570334928,24.759165736687486,24.008535102636163,23.390567853403713,22.797586428033814,22.14096739010838,21.595602794926805,21.07985598871072,20.506548981574166,20.026697496081365,19.578783354412924,19.07900206459934,18.65790998152333,18.26951082540189,17.834622575472455,17.46615643893528,17.130073784606637,16.75258390061768,16.431279793967597,16.141325266994,15.81472987048711,15.535729915261069,15.286558821713871,15.00517672853448,14.764131810636334,14.551072539235847,14.30985981383947,14.102832416489582,13.92174703148729,13.716181841483095,13.539582848984116,13.386775978827629,13.212796669594038,13.063350139634213,12.935516025063242,12.789494177827994,12.664244861619212,12.55846334027302,12.437192521192106,12.333498722403913,12.247202978444891,12.147833795902674,12.063304375025908,11.994197224216594,11.914137343029244,11.84656474614481,11.792548737858379,11.729414827062357,11.676750092290865,11.635898815717782,11.587496235719701,11.547826587937688,11.518356141318701,11.482633237238586,11.454147521633768,11.434381514203729,11.4094019083777,11.390373732755231,11.378725580771327,11.362647765151648,11.351410063833942,11.346360621674235,11.33740202029255,11.33232222313409,11.332424825419452,11.328829936174348,11.328312197331053,11.332197127979576,11.33226912361876,11.334801451366902,11.341082824802609,11.34338358197647,11.347604515571925,11.354966373322332,11.358344007015983,11.363093449800825,11.370528067025553,11.373952311450921,11.378300841023746,11.385047187731269,11.38770787242061,11.390968888564498,11.39652270431515,11.397832424713688,11.39957056725147,11.403608205002106,11.403291125236574,11.40333253277972,11.405731966010357,11.403796938834905,11.402211741348813,11.403048170240242,11.399716738887467,11.396757063715224,11.396241556203602,11.39186732107053,11.38788695774529,11.386322829322687
T19000logg2.8,31.0133411137861,30.160627635250336,29.220993612179182,28.453647286662523,27.703792594469906,26.875126392216448,26.191644048092694,25.53492315256684,24.806610807812024,24.200575874636836,23.626723055694747,22.987915112100858,22.452221637261335,21.951535060843113,21.392089030512494,20.919780905181216,20.483535022196943,19.994386110087376,19.57905410586497,19.199635225315088,18.77284290765965,18.40871370927238,18.07952186733776,17.708141582241254,17.390039492313996,17.105340338863694,16.78327532172901,16.506544372291394,16.261308706918246,15.983141098919635,15.743567487048514,15.533347502498566,15.294236227595539,15.087981651832397,14.908805899268781,14.704375806382648,14.527911450091736,14.376204919320468,14.202519157299985,14.052637483260932,13.925220330615875,13.778780824502125,13.652603729909483,13.546672867104292,13.424370725208487,13.319293522898558,13.232339731174566,13.131345115654458,13.044958543195776,12.97468399936046,12.892388797487033,12.822453845559199,12.766745930523047,12.700743167940296,12.645160237878446,12.602055423263053,12.550081349208927,12.506850631309504,12.474496317278533,12.43440529687244,12.401611580343154,12.37824916310426,12.347991976312278,12.323779477173751,12.307720111598616,12.285310639745706,12.26786496942224,12.257515152140817,12.240998919877041,12.228557016718206,12.222412047468724,12.209910167703056,12.200807455388276,12.19731025702442,12.187279873526965,12.180029456202117,12.177707120677358,12.168932695121443,12.162277594435059,12.160020186580567,12.151408832179033,12.144353690779743,12.141338377569904,12.13203879531329,12.123863285885069,12.11955986748986,12.108962587367575,12.099221210997976,12.093302451394141,12.081125318211098,12.06965078208556,12.062006503872933,12.048273079161476,12.035163961959467,12.025901564977872,12.010869439754511,11.996425012052017,11.98580343697725,11.969872093648082,11.95450126467425,11.942880077970273
T19000logg3.0,33.52674729291685,32.6247461992496,31.62922861195873,30.81502248243671,30.01840305824775,29.13684438034327,28.40868431991064,27.708292779911687,26.930590122293403,26.28253229562345,25.668295975724835,24.983749291983862,24.40887266263898,23.871066856476443,23.26949416996596,22.76086857980094,22.290641925148375,21.76282459943237,21.31395373662672,20.903488341992873,20.44126195880321,20.046229780950465,19.68870501106749,19.28488522920835,18.938348213109997,18.627802865650285,18.2760518177436,17.973180239222636,17.704370017572504,17.399047810496246,17.13546541080144,16.903750852677547,16.639813596670763,16.411526198360484,16.21275905153322,15.985636460084717,15.788958687411432,15.619391772586045,15.424945685387499,15.256501313989403,15.112777292788673,14.9473021674203,14.804044928761632,14.68319205883085,14.54339331194755,14.42256365256026,14.32191862857593,14.204798265363916,14.103850731996497,14.020981559441484,13.923785142642856,13.840350570165668,13.773015679426498,13.69318408299409,13.625031759801976,13.571143102422052,13.506266741099386,13.451264117286133,13.408845499619853,13.356626227599728,13.312720910176896,13.279889672003236,13.238132470564821,13.203340658173975,13.178293576040392,13.144880268082465,13.117265232871294,13.098313280548552,13.071144934641556,13.048827975255003,13.034375301877173,13.011453187340754,12.99267252749782,12.9810433070347,12.960763987573467,12.94394979929451,12.933555133051707,12.914673431374618,12.898506241067631,12.888164145735114,12.86955328276228,12.852996466474949,12.841843645862236,12.822630324260505,12.804945504812347,12.792438772707868,12.772002802659314,12.752742459503754,12.738557400541549,12.716615733068254,12.695620808954668,12.6796588319666,12.656243077929448,12.63363047979244,12.616021602733136,12.591409333007732,12.567508919798703,12.548545712874013,12.523164971790958,12.498424129304993,12.478507538475323
T19000logg3.2,34.30330146086017,33.4063779731349,32.41523075858256,31.603719229962827,30.80902289494835,29.928561821385227,29.200531846994828,28.499717777045184,27.720694966224052,27.070847928357388,26.454488095340093,25.766860155365368,25.188779083076895,24.647633053159502,24.041724479717924,23.52887961970742,23.054472101418845,22.52145751416319,22.067669436639314,21.652473839132465,21.184497628859088,20.78409826825762,20.421512023257094,20.01161679577299,19.659446932842734,19.343666944178775,18.985676428875827,18.677045156260803,18.40294454080287,18.091353209110576,17.82199275132765,17.585020988438636,17.314868300443454,17.08085588338908,16.876922225027954,16.643703488017593,16.441404212631976,16.266799955160632,16.066400552997973,15.892459017879883,15.743840353664506,15.57256877254996,15.423949433480777,15.298348889589414,15.152911339167735,15.02685533418138,14.921605519041213,14.798999028148312,14.692955700313494,14.605615678265238,14.503074776803022,14.414665301110123,14.342982114392413,14.257928471586563,14.184899137134426,14.12676143358676,14.056752925771349,13.996943096948366,13.95035031760043,13.893057804280044,13.844385730430497,13.807429461932307,13.760624855281964,13.721075075455863,13.691925373441583,13.65345781904962,13.621066609384556,13.59802189302755,13.565763793276147,13.538638958380066,13.520098344955912,13.492036726312554,13.468409193986309,13.452667341286096,13.427218862175376,13.405516978816186,13.390956832952998,13.36690208480681,13.345808141344495,13.331237979706222,13.3074693388897,13.285956362626768,13.270517008421274,13.246175900004,13.22351775180004,13.206676973792161,13.181156087368768,13.156919652772606,13.138367303405985,13.111394770729447,13.085435419886775,13.065088215940037,13.036703913652701,13.009149267077087,12.987150389943505,12.95763459190859,12.928822993079777,12.905477705028625,12.875262615839992,12.845653223639308,12.821377959691045
T19000logg3.4,34.84350250217607,33.958952850095,32.98053727139616,32.17873371816752,31.392791978873294,30.52125629332524,29.79997176592031,29.10506917536039,28.3319722781839,27.68650475438752,27.07384827611354,26.38980491027528,25.81422647785529,25.275065361888768,24.670907182295906,24.15908197253589,23.685333254077072,23.152650264656376,22.69872064956594,22.283162641170172,21.814417442426304,21.412968894119587,21.04923731227418,20.637730212177196,20.283814317107407,19.966300524379363,19.606066553055523,19.295162559387602,19.018891642998454,18.70458557548684,18.43255967024938,18.193099862414368,17.919894742657313,17.682933139368178,17.476289015851627,17.239775185481854,17.03432156023502,16.856852100014578,16.6529876309845,16.47574454033653,16.324154450843803,16.14929188466207,15.997259368527258,15.868610133348657,15.719484391053356,15.589928162634715,15.48157190861619,15.35520345612621,15.24559148792449,15.155101303128841,15.048734997332843,14.95669573181263,14.881822966899227,14.792885911535246,14.716168204274462,14.654802763095077,14.580847092545941,14.517282940013086,14.467417870769413,14.406106035846278,14.35360621306059,14.31332819708092,14.26242415972115,14.218965056837487,14.186438223027277,14.143784621028843,14.107398157094588,14.08092870074301,14.044387789250981,14.013183206369693,13.991176492413413,13.958735855001697,13.93094984639784,13.911682356165707,13.881789947313058,13.855860646431552,13.83769891173166,13.80917732338043,13.783805512989483,13.765560898771719,13.737334358804233,13.711510626291119,13.692334862837257,13.663567263626629,13.636585802243525,13.61596420806472,13.586066611394068,13.557511490692557,13.5351505030047,13.503859476861084,13.473595823214847,13.449423897709385,13.41678087780095,13.38494330793677,13.359114307617281,13.325399631819973,13.292331234676288,13.265160208013635,13.230803931977013,13.196969568980364,13.16888383638776
T20000logg2.4,18.6288126487787,18.14176772953663,17.608768286920096,17.1767938154865,16.757485024506607,16.29687816946617,15.91984839360143,15.559959308602199,15.163019500907144,14.835313473229846,14.527122395649645,14.185867096634746,13.90209816412192,13.638846798486387,13.346315831184757,13.101634568868075,12.877556673204817,12.627807447231955,12.417967185195701,12.22819332071112,12.016168053439854,11.837465955842527,11.677865948030844,11.499237568825642,11.348428808026808,11.215471170492114,11.066464536028104,10.940636524536837,10.83121890233343,10.708444084167805,10.604927504708995,10.51627092687967,10.416664436989096,10.333011127306992,10.262620289782191,10.183431692293896,10.117419405878767,10.063074924106527,10.001881103549005,9.951530227941344,9.91129205321161,9.865965100354334,9.829508563697278,9.801672547571973,9.77031190868863,9.746144519629736,9.729186554604036,9.710067038181068,9.696709194167045,9.689245084680739,9.680782288006611,9.676864971358487,9.67763012731567,9.678383181639523,9.682648700495786,9.69048823781787,9.699135527133723,9.710420614719613,9.724268417487835,9.73959269819649,9.756813375427168,9.775676863518699,9.796538565396286,9.818661657490841,9.84159865477253,9.8668982551572,9.89291385180362,9.919010923146113,9.947679399938774,9.976596110230172,10.004979122875714,10.035972358395894,10.066833388074688,10.096673434289333,10.129015976066114,10.16093622059499,10.191441704928454,10.224300501344601,10.256494232993056,10.287019955020831,10.31963834957377,10.351440577059304,10.381462302657166,10.413221201411421,10.444105675564442,10.47324468915041,10.503671175409469,10.533274148554906,10.561252053090035,10.59009774535389,10.618231063802108,10.644898624646197,10.672110676392636,10.6987509834558,10.724086408494035,10.749759557759246,10.775007112680548,10.799077691191643,10.823405063619955,10.847435453117779,10.870375527084722
T20000logg2.6,23.590208899710454,22.936992485707737,22.219761674990774,21.636249422415858,21.067990356868666,20.441937114524517,19.92748739354306,19.4347980767685,18.889911545837137,18.438225907967073,18.011939337169437,17.538647243813358,17.14333227794586,16.775145069308397,16.36483119254482,16.01991565420992,15.702572517939524,15.347728290431046,15.047867253559465,14.77515247435289,14.46931618425354,14.209792236216966,13.976394491042276,13.713994806863582,13.490642014686742,13.291996089747846,13.068169277277425,12.877251420993252,12.709355298791326,12.519760714855822,12.357878925463869,12.217173761202893,12.057906190224369,11.921951906933332,11.805248959214412,11.672800777251457,11.559944073429467,11.4643998732769,11.355655600601102,11.263355808331657,11.186467946786392,11.09868252089377,11.024672219762083,10.964244083954316,10.894974143385943,10.83719848222022,10.79126415727031,10.738288210928985,10.694848608413121,10.661613564072649,10.622883559124444,10.592015765366485,10.569831681770642,10.543470181316412,10.52353819468134,10.510887197141663,10.495151480010847,10.48461705453955,10.480079813819739,10.473335210893286,10.470741005943658,10.47297982115886,10.473679308304387,10.477624176283994,10.485362298891229,10.492008696890597,10.501118899915054,10.513132346878743,10.52425481679159,10.537184230739822,10.552308706456728,10.566480631455645,10.58194792118412,10.599030917207566,10.615009232102356,10.631854329982037,10.649803300271092,10.666571385093294,10.683793793745865,10.701756824773595,10.718401256564338,10.735184920710442,10.752503461417872,10.768297489501531,10.784028097690694,10.800255597837316,10.814666139281773,10.828942768853508,10.843778199564564,10.856544670542934,10.869190905443146,10.882503746357571,10.893613932642074,10.904664869249785,10.91649274466591,10.926118192102724,10.935763471142726,10.946257330094136,10.954685496828196,10.963205976956708,10.972599069454107
T20000logg2.8,27.890371385532166,27.120245567008233,26.272553827999936,25.58112088667954,24.906287175346392,24.161227778493316,23.547430990962006,22.958374493094794,22.305652310986627,21.763173519922205,21.250126132952115,20.679458270647523,20.20151514165111,19.75537959122116,19.25728901452342,18.837362364953133,18.450050509902443,18.016136950879257,17.648268405243726,17.312748656337824,16.93568670173965,16.614547000056753,16.32476085351167,15.998186111010702,15.719025403813967,15.46972800225392,15.188063257445117,14.946617022778833,14.733215987810585,14.491501386073924,14.283899929771646,14.102319678745172,13.896099587485697,13.718803329714635,13.56539278416048,13.390646889883737,13.240417011900641,13.111905456702974,12.965044617652506,12.83895455461914,12.732447308816703,12.610285060515176,12.505709214432175,12.41865388811166,12.318355521487018,12.23291330910949,12.163021029705707,12.082000291844661,12.013488991527026,11.958665598652154,11.894539315623117,11.84090550954244,11.79921879339651,11.749781364040285,11.709103443807763,11.678762168151792,11.64195276892592,11.612407405164243,11.591724081262134,11.565585444044675,11.545425205140273,11.532796863269883,11.515466722239516,11.503005351776661,11.496898076015558,11.486573880894083,11.480160802289998,11.479119761522005,11.474029037190306,11.472060335825024,11.474714767275145,11.473155914621472,11.474118963967488,11.47907278993534,11.479622704934602,11.482161123994198,11.488091371126007,11.489622040417768,11.492586877885113,11.498491026135358,11.499990593187453,11.502466321519034,11.507593861786239,11.508271398645162,11.509588495530124,11.51344967717823,11.51273531386958,11.512475725407503,11.514762006190704,11.51239392010473,11.510396887518237,11.510998216358294,11.506995914695905,11.503343810528268,11.50234735257531,11.496941510177033,11.491896127000121,11.489522810629882,11.483074171124493,11.476999666773265,11.473563823004074
T20000logg3.0,30.988091941432696,30.15052319228065,29.226846436282482,28.472052009936014,27.734298685606085,26.9184145945178,26.245066706585988,25.597992537588244,24.87989654895951,24.28201133826691,23.715831082658035,23.085160239059302,22.555985534350256,22.06137700597317,21.50839297485726,21.04127863791851,20.609838209531652,20.125802401903947,19.714581905170103,19.33893779698743,18.916162163028666,18.555259900367993,18.229010254758396,17.860762262375886,17.54516757103305,17.262738959880846,16.943090461001084,16.66828230185316,16.424776350514957,16.148451445883204,15.910326678999848,15.701400793971283,15.463659534929112,15.258460103317844,15.08021866064242,14.876770645602146,14.701037560000287,14.54997298940186,14.37695181401215,14.227535811563317,14.100523392065886,13.954489231141466,13.828557939166902,13.722836464628704,13.600722213238575,13.495705246324983,13.40879655513746,13.307804513482148,13.221318500576965,13.15094708726593,13.068490401380398,12.998311441667648,12.942377916233742,12.876059649005617,12.820094709738175,12.77664167273994,12.724202862209477,12.680455946405626,12.647635305113686,12.60693328102176,12.573488807180727,12.54954262783993,12.518526601298635,12.493528351193211,12.476770007200539,12.453458109034797,12.435094229729573,12.423936965432265,12.406377010652756,12.39289161447048,12.385843686819682,12.372168212998622,12.361912382512402,12.357425065524115,12.346116149677815,12.337620003356715,12.334225734219947,12.324099393890213,12.31612793366645,12.312731670365913,12.302723012189315,12.294300337143573,12.290094054396018,12.2793711857445,12.269794699265958,12.2642632887975,12.252234096223502,12.241073632669208,12.233903036684815,12.220297517787401,12.207396661377192,12.198486399499913,12.18333371149061,12.168795542784975,12.15825791611899,12.14181413223397,12.125938105709498,12.114033864788984,12.096697343940411,12.079894474806744,12.066986600971756
T20000logg3.2,32.552326379297455,31.690048628660737,30.737963999896902,29.95904074313491,29.19691576249611,28.35320390036793,27.65611251996949,26.98562799175278,26.240872132932804,25.620113751181982,25.031807664774504,24.375948656915305,23.825041029292823,23.30973843944691,22.73316959843636,22.24558829347027,21.79491413987871,21.288906402612337,20.858510750743513,20.465049387030387,20.02186621325099,19.643064927915205,19.300351657529312,18.913193179683624,18.580933263902402,18.283312533913186,17.94616750162539,17.655875475394907,17.398370057662994,17.10587952478209,16.85339351823231,16.631580176454587,16.378924724083948,16.160428006272696,15.970337444834922,15.753136484863182,15.56509547805202,15.403132463915734,15.217416784652261,15.05659704567773,14.919545499574877,14.761764443410243,14.625239717967924,14.51024199018226,14.377219285759299,14.262331358741353,14.166822546448909,14.05567039342524,13.959961826779354,13.881592514593564,13.78964239704409,13.710816520621128,13.647414586606422,13.572184382712663,13.508073171559953,13.457610368507966,13.39675386789761,13.34528107598275,13.305835309477459,13.2571187990267,13.216287159253554,13.186028115581944,13.147313431446838,13.115189022049119,13.092361344514577,13.061587652896005,13.036286918982901,13.019254012426,12.994381670724133,12.97408190806675,12.961299555098435,12.940391551280149,12.923389614488565,12.913231975094945,12.894751978512966,12.879535579024761,12.870464575591473,12.853224064900989,12.838525368438237,12.829403591473294,12.812325731873836,12.797153021326427,12.787154820344277,12.76940660795262,12.753055262427276,12.741664849960284,12.722654525207826,12.704700511319484,12.691612306351463,12.67107449906033,12.651371947055084,12.636497699810269,12.61446900814418,12.593134737200534,12.576603796476995,12.553352752876428,12.530707010528705,12.512804378285624,12.488745758950909,12.465223351260514,12.446339447850573
T20000logg3.4,33.73931580111011,32.87209836837294,31.913170888984762,31.127623311643685,30.35807328387845,29.505015115734057,28.799298970499205,28.119775400638908,27.364057436375525,26.733363176528467,26.135046497308345,25.467265563935847,24.905631292614594,24.379810995754315,23.790844486035798,23.292142784421507,22.830789292598872,22.31227231580163,21.870661252794303,21.46660633565078,21.011051325143615,20.621142570897963,20.26807786273647,19.86884486175982,19.525726884665577,19.218104072107803,18.86929070126812,18.568483064699812,18.30138574692486,17.997703439347088,17.735110352797882,17.504157869156508,17.240830766583464,17.01267441384932,16.81391693545737,16.586584774858768,16.389347596177,16.219191264490437,16.023870580013202,15.854303190419719,15.709506445220589,15.542610214370061,15.397758995217595,15.27543186499751,15.133746439780214,15.01091909767128,14.908457637772205,14.789051502674658,14.685757982359922,14.600778068854869,14.500948740396348,14.414860537016747,14.345155716468682,14.262376606872795,14.191285590701046,14.134788273188585,14.06666676819801,14.008453416377659,13.963202142658213,13.90745272481231,13.860072982393593,13.82419563797437,13.778630572155208,13.740105937019269,13.711807942387026,13.674319336632783,13.642723895992791,13.620343891837086,13.588839786911507,13.56231883313628,13.544290274023794,13.516800267183559,13.493624541767499,13.47826879016458,13.453260323301162,13.431897486376002,13.417626304122042,13.393929535063927,13.37310285656775,13.358756053502688,13.335304916486697,13.314020453706897,13.298765145536702,13.274729805218382,13.252285607619067,13.235609237790351,13.210401624743477,13.186381388448723,13.167988142345687,13.141345161776897,13.115610150182778,13.095421572894349,13.067379761958609,13.040053329444635,13.018210029436052,12.989039736894242,12.96045154393181,12.93725334952939,12.907373043338257,12.877970434210468,12.853825961677222
T20000logg3.6,34.10706767875108,33.25407609191659,32.310300619273036,31.536727241658685,30.778213604632192,29.936862753036557,29.240419116417296,28.569251553780056,27.822368688650357,27.198667161164074,26.606515612246845,25.945223147864095,25.38869236821739,24.867260986015193,24.282866835112763,23.787706966317028,23.32930348421529,22.813800761091844,22.374451290903345,21.972188146968513,21.518393399473503,21.12970807545555,20.777512829793576,20.379037475687333,20.03630585746013,19.7288182894241,19.37996751562354,19.07887813836825,18.811339359625094,18.50698371300592,18.2435689095572,18.011714540426944,17.747206895971562,17.51779422821276,17.317770558390553,17.088849631404408,16.890005748800114,16.718294380831807,16.52106243635299,16.3496103160637,16.203033513302266,16.033970616903012,15.887009363305998,15.762721296689017,15.618658445285202,15.493535062711208,15.388965731790057,15.26700941358762,15.16126269341711,15.074052361913814,14.971517762834711,14.882832327304829,14.810785461048928,14.725158535024935,14.651337147632237,14.59239595835746,14.5212902765455,14.460216489945392,14.412421270971368,14.353552824890494,14.303183928197464,14.26466484205098,14.215846148520686,14.174202346101435,14.143164258522622,14.102288465015883,14.067447945402796,14.04224230861297,14.007219011816776,13.977335735409962,13.956406155773658,13.925274811642733,13.898634051218943,13.88029934936518,13.851562531842593,13.826650050616085,13.80931784794178,13.781843754872444,13.757401171085258,13.739916541864257,13.712669599578998,13.687723482024314,13.66926791475267,13.641443851621375,13.615313275295676,13.595392139414027,13.566421768379811,13.538709222403384,13.517044380032512,13.486679785921364,13.457262591310904,13.433792689218336,13.40208033948694,13.371094810414274,13.345975267286502,13.313189230811389,13.28097173401731,13.25451212094507,13.22107098375272,13.188074789426324,13.160691988422982
T21000logg2.6,20.410380655478807,19.861057166744764,19.258655548510923,18.76931368665203,18.293610045298472,17.77012876264598,17.340661741133083,16.930129599856624,16.476614754307707,16.101336890299482,15.747887726573694,15.355923185797616,15.02918678202676,14.725579282798241,14.387670464882836,14.104271178721921,13.844235621039681,13.553903483897397,13.309220469042193,13.087411045497896,12.839104124216414,12.629082137846607,12.440950516409181,12.229896752095314,12.05095895184325,11.892593331854378,11.714618808928808,11.563555206925257,11.43152660984291,11.282900841823114,11.156780688629993,11.04802686156307,10.925379036819841,10.821511263992,10.733279196566237,10.633572479339723,10.549503601673846,10.479335694445854,10.399878583922382,10.33340953592975,10.279146165978666,10.217566904243373,10.166731769952332,10.126473429523399,10.080652694412258,10.04366201860161,10.015703011728109,9.983706641363202,9.95890311757976,9.941685390852768,9.921732240767358,9.907577097210483,9.899671106914974,9.890130180669102,9.885198795445906,9.885290368474514,9.88465143928742,9.887608840921283,9.894471749884595,9.901322234995119,9.910906811012245,9.923387465111608,9.936394003054474,9.951396865600357,9.96839715270082,9.986274610005022,10.005515497483277,10.025981689733324,10.047475079829747,10.069800008835383,10.092734846250341,10.116626435039397,10.140938104692502,10.165369510006311,10.19058099301403,10.215883101166456,10.240889489979438,10.26653363549012,10.2919643707998,10.316823051975941,10.342101839283346,10.36695329792717,10.391099638947319,10.415377144590256,10.43911165647078,10.462159134610447,10.484964810117745,10.507228024555072,10.52890927663023,10.550014227698668,10.570645439944922,10.59083798251983,10.610227150570969,10.629246639579165,10.64797001453093,10.665787135136584,10.683349568415172,10.700721126230208,10.717214479692993,10.733555259274459,10.749764980953389
T21000logg2.8,24.451909805928928,23.782142574209573,23.045787417764963,22.445968636264485,21.861400290709934,21.216678821622462,20.68626719681749,20.17798504495826,19.615323654175018,19.14836809063504,18.7074348597502,18.21745616857002,17.80773043664441,17.42592432578289,17.000083080413994,16.6416907244223,16.311772082157063,15.942562592426484,15.63016958710494,15.345886498687946,15.026808214744637,14.755682575058277,14.51167991265714,14.237115088636846,14.003057762363571,13.794711176660314,13.559733694676897,13.358970373088951,13.182224425490023,12.982439060002935,12.81152920952942,12.662768826800663,12.494209675536029,12.34999697560514,12.225976773914885,12.085068301047542,11.964668610753016,11.862485993051052,11.74604254433595,11.646855692595242,11.563945857828362,11.46914674955117,11.388844284337804,11.32294893740252,11.247282504371949,11.183748737380377,11.132839911276799,11.074008636549959,11.02528227532584,10.987503189819728,10.9433917521291,10.907647547815694,10.88128844010826,10.849940216880759,10.825468814625854,10.808942203191695,10.788531222476486,10.773719143552194,10.765536850486871,10.75434205768799,10.74765145901624,10.746404677431943,10.742790761635902,10.742738205748108,10.747079501226022,10.749462669029962,10.754596532697565,10.763243173187949,10.770072299906024,10.778983261386374,10.790728486925472,10.800513576581139,10.811871209091843,10.825504265944321,10.836976533457324,10.84958508412262,10.863960288744114,10.876107363917857,10.88895206738449,10.903196573579413,10.915111138211675,10.927376248689471,10.940828180594405,10.951796064673923,10.962877986060032,10.975099987036474,10.984602862906275,10.994118554210834,11.004825899764157,11.01262408589368,11.020419708608385,11.029502560082665,11.035605629137754,11.041740121639156,11.049259056401507,11.053862796723203,11.058554803864975,11.064688717637994,11.068108743022766,11.071669799119247,11.076681789788429
T21000logg3.0,27.532004163749935,26.7849552745489,25.961994366049947,25.29029609988391,24.63467202925312,23.910301716465717,23.3131928743392,22.740171150200975,22.104808290594107,21.57646264556271,21.07684322473731,20.520784413611388,20.0548344329318,19.619982471423203,19.134227623211206,18.724501220688687,18.346701354159755,17.923233967226416,17.564057694792783,17.236578791898317,16.868385146344362,16.554665865223548,16.271692599539197,15.952666082622747,15.67985218947511,15.436340308594591,15.161115316270962,14.92510759532746,14.716630489667361,14.480421583205942,14.277485397860241,14.10010045566288,13.898592789253886,13.725301722111471,13.575469876486443,13.404762654497503,13.257970398520285,13.132511002395038,12.9891040727106,12.86595679893018,12.762046409220924,12.642831290251658,12.540764480885498,12.455908596733693,12.358108423858798,12.274788405497272,12.206743271221548,12.127819670622065,12.061081643821659,12.007788384942407,11.94539696751075,11.893220297731641,11.852777705549531,11.804743243675329,11.765225864091313,11.735861066421615,11.700135866813431,11.671465817136767,11.651504742660922,11.626147533675471,11.606589304332076,11.594442530139947,11.577601462352067,11.565475262741257,11.559618612744838,11.549500993539088,11.543167185095985,11.542163221647776,11.537013472534742,11.534888684865663,11.537392122926592,11.535532217686066,11.536130621074694,11.540763064774202,11.54081165262362,11.542809401925032,11.548267493326271,11.549144020415474,11.551426852528518,11.556734151734513,11.55746756851715,11.559152784434954,11.563584928177317,11.563417888223109,11.56386558700451,11.566957410014094,11.565348723557282,11.564165434456369,11.565628509832326,11.562335653369647,11.559377498300682,11.55911573525201,11.554167876641042,11.549524379450487,11.547631403516458,11.54126092028246,11.535197308816702,11.531898469181419,11.524467641156559,11.517351258105034,11.512965157944995
T21000logg3.2,29.558971403639426,28.7723234487585,27.90454742957105,27.195275167885075,26.501922217398494,25.734939760105853,25.10183327756866,24.49341197999029,23.81807161900988,23.25571041019726,22.723215545111845,22.12997867659925,21.632173890671357,21.16697753358464,20.646831165258966,20.2074505245261,19.801754855145944,19.346595409006177,18.959931258795173,18.60687593488172,18.20954284382241,17.870412855889953,17.564024477308358,17.218248427478358,16.92199527813076,16.657075731688344,16.35732697344543,16.099735234751524,15.871701846296844,15.613032440104911,15.390248837805052,15.195013395567225,14.972952511593737,14.781432288940056,14.615317962352204,14.425811970303585,14.262286294876588,14.12197629846436,13.96136592352524,13.822849747173944,13.705381616948467,13.570398450667719,13.4541969406442,13.356944041470651,13.244663646000706,13.148323529898061,13.068921846190197,12.976678151276161,12.897926172502036,12.83420682804297,12.759527860117306,12.696235260160455,12.646189726818735,12.586779639421598,12.53693649328973,12.49868680839923,12.452372723233044,12.414055967196367,12.385824583988065,12.350539504434156,12.321900191089245,12.30199386933937,12.27576401557865,12.255012689684419,12.241808487196959,12.222724205734952,12.208116379282512,12.200094381984522,12.18628209599801,12.176137414359063,12.171874716718303,12.161551612839494,12.154298249462016,12.152313833127508,12.144045070058088,12.138288342336248,12.137183377031157,12.129859675543036,12.124432894860938,12.123171913036632,12.115793270940198,12.109779666589654,12.107605101736691,12.099393521333592,12.092136676704115,12.088570674920245,12.07897403471522,12.070075714310676,12.064829074862432,12.053601001481761,12.04292183417626,12.035906775660731,12.023084177796429,12.010729405755548,12.002058373065244,11.98789096746226,11.9741504258116,11.964075928620938,11.948948237184643,11.934219549368068,11.92309304933737
T21000logg3.4,31.023202038500152,30.2191028775809,29.3308453268226,28.603896669044303,27.8924662935243,27.1045253980234,26.45330731213311,25.82685497244495,25.13072830268205,24.55034236267157,24.00027367359577,23.386824002204794,22.871415008594365,22.38934106845118,21.84978330405461,21.393413322079418,20.97165450342741,20.497997430193244,20.095067497673057,19.72681713154207,19.311959999509753,18.957348799894405,18.636651046525873,18.27433217217354,17.963401426760246,17.685041563068342,17.36971782231999,17.098252451985893,16.857621712639677,16.58432684207195,16.34847128952599,16.14145882622581,15.905701897659373,15.701899916235684,15.524799608371325,15.322490639138412,15.14744374400793,14.996895166209574,14.824315841073902,14.674990094430802,14.54797304998767,14.401785203851475,14.275430078547753,14.169257890375306,14.046471406115618,13.940580157203915,13.852831732820482,13.75071506329606,13.662960075110169,13.591409817483427,13.507430668717921,13.435630696608555,13.378216088689957,13.310014878989136,13.25210405289899,13.206892124912665,13.152225979981205,13.106215781622438,13.071367729643839,13.028096150551274,12.992072307173249,12.965836105825133,12.931913299495159,12.904022950429304,12.884719110180672,12.858173097399936,12.836615420054013,12.822684920349335,12.801571560832155,12.7846131504866,12.77459189711372,12.75707278137127,12.743099192281772,12.735441713890216,12.720071456212489,12.707654143704914,12.700900105755728,12.68656876697867,12.674515033377137,12.667592754691087,12.653293641948332,12.640671711651304,12.632806845038086,12.617758786510098,12.60391103901283,12.594626024559926,12.578277113121148,12.562809121829146,12.551821479053947,12.533924170102392,12.516701834061701,12.503932297873225,12.484525403802,12.465663013405662,12.451237648682602,12.430576898230841,12.41037818269886,12.394567822265113,12.373047505214737,12.351928293900936,12.335106670462622
T21000logg3.6,32.12496222907869,31.311363536405565,30.41188552577716,29.67517869096482,28.95337791024486,28.153341542129887,27.491603782788207,26.854356492332034,26.14572075554476,25.554426102540212,24.993451004481194,24.367412581255103,23.840991228531777,23.348138703996245,22.79616330728869,22.32888616426375,21.896632752023784,21.410885291714223,20.997292093540786,20.61892938274847,20.192413467754577,19.82747783320052,19.49710910163837,19.12362652452915,18.80277027958255,18.515212874044202,18.189254778956023,17.90830036396697,17.658960861269577,17.375579072455754,17.130689505288338,16.915456259396155,16.670152916210252,16.457770325646145,16.27292146727364,16.061590340396304,15.87840521898615,15.720558353385542,15.539454330476428,15.382413644826704,15.248522040327135,15.094273599923477,14.960595724533324,14.847935074974208,14.71750569109032,14.604647029250282,14.510757160864838,14.401374333665022,14.306974439538962,14.229595298985577,14.138687193816512,14.060526971722794,13.997557404662754,13.922715819865033,13.858689434435286,13.808158722688054,13.747100670601878,13.695182430645499,13.655216613281729,13.605754952526496,13.563987258001575,13.532794731176205,13.492836764214866,13.459327020283302,13.435193023525665,13.40272783049393,13.375638759946545,13.35698020471504,13.330016626835748,13.307582559009706,13.292912138449939,13.269577099028798,13.250158854717998,13.237889522851066,13.216735313107062,13.19888696091532,13.187516209314841,13.167444625709692,13.149961262167096,13.138393875418632,13.118404408340032,13.100353472289381,13.087809625511914,13.067127867418355,13.04785368466742,13.033857864036516,13.011933926856916,12.991049232533479,12.975327952565928,12.951923157922597,12.929306760128616,12.911794838667143,12.886955991972632,12.862734022183702,12.843571812178206,12.8175616972152,12.79205144098215,12.771526163287021,12.74474693648892,12.718377263944618,12.6968786253918
T22000logg2.6,18.34352518524363,17.856859574571473,17.323790239187183,16.89136437082947,16.471622788979918,16.010234084257885,15.632267289383424,15.271549323876306,14.873502455682726,14.54465948846487,14.235503115228417,13.893056862716367,13.608127014163339,13.34392113553084,13.050245312345393,12.804472598713208,12.579522905290585,12.328734010372752,12.117914911659929,11.927381975060133,11.714455595428763,11.534917082023147,11.374695889300419,11.195333839181075,11.04385240663037,10.910426643932833,10.760873386550141,10.63455292898747,10.524833722823523,10.401715272479331,10.297897847187137,10.2091139952832,10.109370605791641,10.025608277344418,9.955261423508679,9.876135108350974,9.810198318077438,9.756061005959749,9.695115101907373,9.645009308233636,9.605126388846704,9.560209898930315,9.524145874345425,9.496791985540867,9.465975949888263,9.442320778970458,9.425944706350696,9.407464839566114,9.394702729283418,9.387885153105085,9.380115703852692,9.3768378104573,9.378276136797252,9.379726617686957,9.384629313455921,9.393127238426793,9.40242481459652,9.414294120632736,9.42874134941097,9.444607997074685,9.462301540904846,9.481656683497032,9.502891004169895,9.525317709151375,9.548591834249422,9.574035807826386,9.600130051851139,9.626369796517256,9.654897267655716,9.683619907103779,9.711929095592248,9.7424464141133,9.772811123897828,9.802327561916075,9.833856530614314,9.86496672428628,9.894871900298751,9.926603959289078,9.957681126870664,9.98732946456173,10.018537104519813,10.048938576831343,10.077821584805017,10.107922526544758,10.137154537476174,10.164919711511022,10.193477391600904,10.221209312005664,10.247605805824366,10.274406632284606,10.300484784562695,10.325393234190793,10.350420224289676,10.374856520036854,10.398286565846128,10.421668872750534,10.444598596508692,10.466649039964405,10.488611901306232,10.510243988884332,10.531079335827958
T22000logg2.8,21.883866751675313,21.290978946914965,20.63977733551954,20.109902439033593,19.594126190729362,19.025790446084972,18.558759657428364,18.11178245702184,17.617419798392035,17.207659161796613,16.821268742485813,16.392291376282497,16.034080902105643,15.700804839743242,15.329461786645368,15.017439096164372,14.730732144366138,14.410243619691874,14.139584894037545,13.893818097278208,13.618333119141274,13.384774340106663,13.175135598600429,12.939608652230083,12.739374420131844,12.56171482296482,12.361720933057574,12.191414333111572,12.042090958821792,11.87367468409835,11.730193606902397,11.605953626032615,11.465537578252377,11.346029482361475,11.243945436790337,11.12829976450547,11.030155539372876,10.947606805962668,10.853855295289481,10.774724007070347,10.709396529229483,10.63499055835479,10.572760560791927,10.522610491115234,10.465271758638703,10.41802296024597,10.381216606856157,10.338867747220092,10.304822054439084,10.279681611907465,10.250408538771806,10.227911628840399,10.212893728288192,10.194929843014055,10.182437063009642,10.176112475270466,10.1678142226335,10.16387246412734,10.16490531178398,10.164729030490715,10.167957426147614,10.17508546260539,10.18156718746865,10.190638473302752,10.202657984454671,10.214385220346001,10.228001548615273,10.243763009609616,10.259350612043267,10.276247295887647,10.294666404442294,10.312778306803606,10.3317592709036,10.351760239633835,10.371244907923446,10.391233200003834,10.411799086148784,10.431728363559492,10.45180529702504,10.472155587740547,10.491698337166548,10.511121969485492,10.530660185823507,10.549161411709637,10.567378505708183,10.585706696939097,10.602687082819823,10.619341173945338,10.636192670562282,10.651427642310974,10.666369278859117,10.681633965802412,10.695126523881376,10.708399128887113,10.722120081417993,10.734042685827712,10.745835136607083,10.758162381892904,10.768797828346681,10.779383250573483,10.790543027581128
T22000logg3.0,24.96142839316034,24.286767668951423,23.544311932070663,22.93896719711622,22.34863617853412,21.6970162767956,21.160460069638642,20.646013471458218,20.076106652944556,19.602733368039132,19.155526581364345,18.658246055025867,18.242064693455227,17.854074435393255,17.421070943210594,17.056337560118045,16.720436416822142,16.3443098007983,16.025780021335912,15.73578126631902,15.41009572197136,15.13309280042221,14.883674924812151,14.60284888166257,14.363207883125872,14.14976507137423,13.90888985307328,13.702853610950664,13.52133515778986,13.316026860651442,13.140168401962532,12.986964069562106,12.8132600361056,12.66442682410211,12.53628727732507,12.390605081596195,12.265904586695015,12.159912110920258,12.039040535827239,11.93585411919025,11.849423454168099,11.750517888988252,11.666490219928567,11.597333205825896,11.517838987665447,11.450823488607991,11.396882383859442,11.33447555878047,11.28248628272209,11.241877670730156,11.194407590562575,11.15558674055865,11.126568276688845,11.092041418588067,11.064645616230221,11.045597302953391,11.022142312482488,11.004515568964685,10.993911009247089,10.979760173710893,10.970319740548598,10.96671099144632,10.960177684706926,10.957395891329012,10.959398278457549,10.958858363478754,10.961245672522441,10.96754989171596,10.97140913197606,10.977521986028407,10.986900130161342,10.993630602712608,11.002113709534104,11.013321968302934,11.021652653610456,11.03129610410952,11.043158978901854,11.052082786425817,11.061862992816666,11.073493558279216,11.082111092146283,11.091216206895611,11.10195375371228,11.109562502090293,11.11739881188421,11.126814419653204,11.132909725604975,11.139109829528957,11.146932782133504,11.151290077651048,11.155715460184078,11.16184977403194,11.164493066504283,11.167219029762828,11.171741214779022,11.17288176478353,11.174145176670418,11.177252035527507,11.177222302208223,11.177354278265462,11.179328186193889
T22000logg3.2,26.71311672763706,26.00193425212273,25.218269186390444,24.578472251051867,23.95372373573523,23.263329179661703,22.694097297785646,22.14766067915255,21.541686263915285,21.037682522433787,20.560983032001737,20.030379821325088,19.5856910524385,19.170633337924063,18.706964702282,18.315825494427408,17.95515852749744,17.550895143169956,17.207988795445566,16.89537113724301,16.54391157129838,16.244454421582287,15.974400076683448,15.669982368793388,15.40968427153347,15.177420026793465,14.914963792959565,14.689945861604258,14.491269853057602,14.26623431250043,14.072955627629153,13.90412180722035,13.712404553471648,13.547605859356784,13.405241072874276,13.243116265064165,13.103789272374176,12.984848813668602,12.848960711480805,12.732367356760403,12.634140925687849,12.521501817246303,12.425176042090767,12.345264424195147,12.253200181074146,12.174891237213156,12.111129361170093,12.037189094936313,11.974806665005646,11.925207247854747,11.867128044974232,11.818717399345648,11.781441359989923,11.73711513331976,11.700832136745086,11.6741626361079,11.641605233148681,11.61569129372173,11.598005543494672,11.575329750665194,11.558095328611001,11.547848526581216,11.533254883601247,11.523069698722834,11.518785234438834,11.510539084398491,11.505813645060668,11.50610384652536,11.502498319633485,11.50169845384234,11.505263877194539,11.50467867097135,11.506371439771376,11.51187545344372,11.512987571656456,11.515897515818219,11.52207788762202,11.523857484811828,11.526915866203494,11.532834243453895,11.534356921207822,11.536722680657753,11.541689744250661,11.54223828213861,11.543305881987655,11.546883996298243,11.54594589420918,11.545346152136968,11.547266234446939,11.544616890835156,11.542218501789998,11.54239426963879,11.538067584621185,11.533962848238005,11.532490346478003,11.526717444214217,11.521169887518422,11.518273534073057,11.511411239908245,11.504782143224697,11.500776215258192
T22000logg3.4,28.291013478876824,27.55338984007313,26.739387698063638,26.073898110528564,25.42318502413901,24.703134904924532,24.10863825452548,23.53723716491506,22.902808097011096,22.374419427694093,21.874066758676584,21.316518432768085,20.848603861155976,20.411363279130097,19.92240461065669,19.509339874765608,19.128002765597767,18.700137705866947,18.336661073776764,18.004870458530018,17.631474656437042,17.312801502114134,17.025014851162048,16.70026433039545,16.422075275223456,16.173451727376232,15.892195603950904,15.650567833113822,15.436828813640307,15.194447707965884,14.985786866103762,14.80310862830593,14.595415239800667,14.416400570517265,14.26133119864836,14.084514745940698,13.932070150054447,13.801483822195644,13.652088132569142,13.5233939798292,13.414490302162204,13.289421437685567,13.181920628119252,13.092205263864347,12.988678829058406,12.900034644724135,12.82725673884436,12.742733536015276,12.670779556321598,12.612873456987032,12.544997523082252,12.48769978031173,12.442747354306757,12.389321479656939,12.344755093824592,12.310959947395594,12.269900699408979,12.236218091425581,12.21187445216419,12.18119713384671,12.156621692597806,12.14010483180055,12.117913363918879,12.100727335372389,12.090481669253977,12.074952035269456,12.063488443823822,12.058067102713283,12.047408176491146,12.04006519210691,12.038112625284578,12.030630432875366,12.025914371249273,12.02601830828503,12.020358158345008,12.01694523084115,12.017773780188971,12.012887657621334,12.009671251638435,12.010242196796607,12.005187528853885,12.001303349448126,12.000904052670403,11.994949625858217,11.989780715800288,11.987965662179302,11.980592157935053,11.973768038765838,11.970270366881671,11.961251823129375,11.952646614304413,11.947387842459857,11.93676352350358,11.926480081133874,11.919569465076524,11.907579000365669,11.895895205486742,11.887574801102009,11.874587441783355,11.861884576329633,11.85249151086347
T22000logg3.6,29.37930930298184,28.630449607409513,27.80339985467042,27.126673845158678,26.46411479454997,25.73044228965399,25.124191525631634,24.54078384776738,23.892614017297326,23.35232088619895,22.840098062111405,22.26898113301318,21.789255230091253,21.340464829007722,20.83829743785102,20.413678758312578,20.021225360698438,19.5806315678615,19.205965369227176,18.863555725203913,18.47797305644359,18.148538247496266,17.85065962762463,17.514303874147675,17.225822700160126,16.967648078646164,16.675383671745763,16.42395387403949,16.20120323419273,15.948412353395337,15.730446811411136,15.539286117657278,15.32176908253183,15.133940342722713,14.970896796132672,14.784816482660748,14.624029498636483,14.485947875145332,14.32781559269977,14.191226066165047,14.075274585669941,13.941959844636637,13.826981517604434,13.73063124916376,13.619310672975056,13.523575791767389,13.444540789452358,13.352636033597609,13.273943486481679,13.210119995977498,13.13522927246954,13.071507322329069,13.020938746438656,12.960823426555336,12.91011092526711,12.870964386266163,12.823498237352856,12.783908851164206,12.754441468872486,12.71759227984441,12.687304896456064,12.66585106139286,12.637673725084166,12.614927200441674,12.59989271094832,12.578516508287818,12.56160138107206,12.551508612573608,12.535090417821928,12.522364470789809,12.515830090372072,12.502630329470902,12.492568956982339,12.488135239100927,12.47679212484799,12.468049644651249,12.464338832260083,12.453811275555159,12.445265404419136,12.441269243172666,12.430615255778353,12.421394748092249,12.416390337005904,12.404880890073326,12.394370160676017,12.387913458611433,12.3750320711792,12.362865783859327,12.354696489807512,12.340221133179002,12.326282296257958,12.31633342124859,12.30031018533479,12.284713148463286,12.273108227310072,12.255784964848981,12.238821968360044,12.225819964355779,12.20757543969741,12.18964316624422,12.175598818260573
T22000logg3.8,29.942691912387566,29.2079311780041,28.39543786957477,27.729874364534073,27.07743623571154,26.354147765944855,25.755820103978106,25.179399898073378,24.538324910171575,24.003368326244633,23.495700554957573,22.92911945373786,22.45268982876295,22.006575470915067,21.506954311386547,21.084028310462763,20.692804042604617,20.253217976003963,19.87899249128789,19.536703787359052,19.150943053178842,18.82097148402544,18.522362576803705,18.18490562214402,17.895121900454505,17.63556208038187,17.341486085032674,17.08815925393046,16.86352368419306,16.60837345569457,16.388051962711142,16.194629027570322,15.974343259110261,15.783811686267132,15.618227945448371,15.429072274939088,15.265320880031492,15.124496082924498,14.963056738076848,14.823296894459725,14.704444552956408,14.567632553885101,14.449318444640008,14.349945310605023,14.234981695987406,14.135776655560864,14.053620853502618,13.95794442830803,13.87566438463099,13.808636316254795,13.729866775611086,13.662455970119357,13.608611193008063,13.544516739104958,13.490019070159693,13.447529104196473,13.395988179806015,13.352518818661792,13.319642254358698,13.278620316763327,13.244355664038176,13.219426517191318,13.186975430141723,13.160150152764013,13.141571564796724,13.115816614375907,13.094719814522554,13.081026382840571,13.060116611766636,13.043111879148075,13.03292800022244,13.015130217580815,13.00070104236986,12.992550288810374,12.976538967162199,12.963352909171991,12.955844083729767,12.940621982808898,12.927575012731818,12.919702382573382,12.904357845653916,12.890596674643453,12.881648047021127,12.865476359058203,12.85040671983218,12.839955978840056,12.82245980105645,12.805735448677982,12.793540549893002,12.77450918098007,12.75602639893401,12.7420347462836,12.72151919467548,12.701402849855326,12.685751001115959,12.664003540655713,12.64255397658145,12.625513463267135,12.602912586802084,12.580532938565185,12.562470045745197
T23000logg2.6,16.50247634215489,16.0589958165607,15.574191056913183,15.181625809930612,14.800747821870544,14.382914015532354,14.041289177555154,13.715456579438163,13.356647095825698,13.060849955738707,12.783001461420861,12.475905777162613,12.220999642966385,11.984920118140327,11.723125715182096,11.5046361684543,11.30499582502899,11.083000819350637,10.896992461230285,10.7292769935796,10.54240339056881,10.385455810517684,10.245851778886593,10.090114620383003,9.959235576397274,9.844482430749746,9.716396123786328,9.608894075264425,9.516123822893238,9.4125506364088,9.325945366429513,9.252573756014671,9.170647130661198,9.10263997474112,9.046324910618042,8.983460062073444,8.931958980045053,8.890614938405891,8.844530627277061,8.807665858903828,8.779463265877212,8.748148826357962,8.7242431565051,8.707566821230822,8.689213694632127,8.676732730536177,8.670128249371741,8.663082606357989,8.660602143213122,8.662740343942307,8.66547790563786,8.671673804453732,8.68133509907336,8.692458421515528,8.706106589636702,8.722171820112447,8.740398777829293,8.760365156577262,8.781800474312849,8.805942968794948,8.831163925999139,8.85700135024059,8.885943442069104,8.915404629872425,8.944726291700096,8.977395678023218,9.010109286422297,9.04202825561372,9.077387718946115,9.1123925914899,9.14608119233437,9.183120837912199,9.219505126668519,9.254177123117264,9.29198224878231,9.328915745054132,9.363822903059209,9.401635177937441,9.4383937904754,9.47294081412338,9.51007723042639,9.546059102636255,9.57977241122082,9.615684050606813,9.650421918562083,9.682969085478003,9.717241191708954,9.750418566951733,9.78155879464476,9.813988193313119,9.845455566084478,9.875071682906794,9.905640281198577,9.935402733432692,9.963496849371632,9.992322430173672,10.020500653596141,10.047158213803822,10.074450612478248,10.101235901055976,10.12660429457669
T23000logg2.8,19.90382769208972,19.362973613209963,18.769472108873764,18.287051796601986,17.818031581334527,17.301678045175958,16.877835751230766,16.472711343846107,16.02503537916585,15.654429104121226,15.305458116411327,14.918389851072092,14.595624607273901,14.295817801905375,13.962104740387108,13.68214958916688,13.425403231733593,13.138734550059477,12.89709640022129,12.678190094656488,12.43313838299458,12.225851989994203,12.040321424167697,11.832207847408611,11.65577502845187,11.499788594745585,11.324529075788671,11.175804100877034,11.045991107932336,10.899911895863141,10.776008881080653,10.669350531873876,10.549126589212381,10.447389239524536,10.361164805231141,10.263790109501326,10.181787351513933,10.113560096241809,10.036360752601782,9.971903160427654,9.919521593577587,9.860127949703557,9.811249376121106,9.772814984865754,9.729106947595751,9.694015325017652,9.66782012216782,9.637858931848674,9.614890127539969,9.599368996896418,9.581363380329378,9.568968147417147,9.562681769996868,9.554987374558745,9.55172592556524,9.553346963401612,9.554434962910467,9.558953629673615,9.567241544376252,9.575680025805244,9.586698995340594,9.600486829924892,9.614924605328957,9.631215228467099,9.649390440406027,9.668520227220311,9.688881164565434,9.71037860699848,9.732924833963652,9.756186172517076,9.780004670192719,9.80473068709841,9.82978520974995,9.854939176511417,9.88077385588227,9.906626789229557,9.932186061462215,9.958263228481089,9.984062293745199,10.009308360306306,10.034850729957064,10.059904264312118,10.084284530883433,10.108678620175896,10.132468603223046,10.155612435846063,10.17840875563713,10.200599557709584,10.222254948032301,10.243242510476396,10.263690139289327,10.28374911979906,10.302929275421816,10.321670696194058,10.340168147753925,10.357701643823997,10.37490815597951,10.391977060230225,10.408126463417204,10.424048973760438,10.439893893153698
T23000logg3.0,22.601032315845785,21.9944425165479,21.327444804275853,20.784122131817114,20.254837950178285,19.67106218749353,19.190840634970563,18.730924015902154,18.221824997867827,17.799413524853513,17.400842867702064,16.958006370745025,16.587836290541482,16.243220781657506,15.85896591765987,15.535742666625898,15.238552367743457,14.906105309709963,14.625020700805226,14.36960364448393,14.08308487966455,13.839859740274258,13.621360792325067,13.375677868045074,13.166509663356454,12.980734341594294,12.77141800367761,12.592880887142673,12.436142352411975,12.259193963046116,12.108155132453478,11.977158194357242,11.828953461660635,11.702525022174333,11.594298444928155,11.471558445214503,11.36708974513472,11.278965277715631,11.178751120896619,11.093840206711963,11.023450484143922,10.94315354435873,10.875637555920585,10.820886180784694,10.758164879297876,10.706070991561486,10.665071462956977,10.617790215344842,10.579290396566993,10.550314623104533,10.516499470613624,10.489886636024197,10.47133913019157,10.449163290913237,10.432837148246854,10.423235846072606,10.410988294259782,10.403434454956223,10.401387651575234,10.397457249357139,10.397232718769576,10.401423030922828,10.404275873816243,10.409987592010033,10.419154168533673,10.427309796077484,10.437600192546594,10.450549139754525,10.462560220489884,10.476114430519974,10.491726886389051,10.506204253499913,10.521786083870492,10.538937427417428,10.554711792037788,10.571214466697901,10.588843016050175,10.604981121011008,10.621467023052949,10.63876873097442,10.654439675334277,10.670162947223513,10.68653545465498,10.7010891462692,10.71550148994387,10.730551328393963,10.74351922939403,10.75627778295239,10.769750954210076,10.780924168949173,10.79189694709321,10.803699634605325,10.813099323274814,10.822350379457408,10.832545663418827,10.840364928553008,10.84810635783219,10.85686657714988,10.863410165545744,10.869940809253459,10.877517232595492
T23000logg3.2,24.767568893355115,24.10816625188489,23.38203301328675,22.789654819069128,22.211737094366175,21.573475939013022,21.047642692172047,20.5433328630644,19.9844037352809,19.519925354808752,19.0810401187394,18.592832496425455,18.184063979660326,17.80294544247509,17.37748072308391,17.018952891496816,16.688758629940892,16.3189357365818,16.00563014701437,15.720400919811448,15.400015020276053,15.127426971391435,14.882010173407531,14.605651353661795,14.369751234775304,14.159676232320276,13.922584154541962,13.719730221456283,13.541057990232042,13.338965001505528,13.16582299306208,13.015033056734628,12.844075126303613,12.697568997586895,12.571484484411844,12.428152777929267,12.305450149852984,12.201211464610374,12.082356515957896,11.980882405631988,11.895944123502161,11.798752898575835,11.716179305813986,11.648280608847575,11.570232291028201,11.504437573099695,11.451543648646776,11.390334600899868,11.339349270354285,11.29959255693218,11.25309131937647,11.215071820767122,11.18672329349935,11.152947035532026,11.1261585005074,11.107607225545589,11.084696606867428,11.067489856055147,11.05721735227707,11.043405669798197,11.034198336333892,11.03075957371496,11.024364746751804,11.021631881787723,11.023647084175165,11.023049845377667,11.025307504346644,11.031478960818829,11.035091352956531,11.040906339776793,11.050018694903574,11.056328070973596,11.064361666648518,11.075178114207219,11.082942112897587,11.092003980554566,11.103359597374475,11.111601983825429,11.120689418023261,11.131712422719259,11.139557829423756,11.147880181410644,11.1579271041838,11.164698247729856,11.171684269031193,11.180344152720359,11.185556306233233,11.190854754545597,11.197870304191348,11.20131218107554,11.204798020245649,11.210085139860581,11.211790456314297,11.213546941250199,11.217189506050271,11.217374472899824,11.217644151407452,11.2198451760227,11.2188448208525,11.217962434600114,11.219009085168242
T23000logg3.4,25.758413731583822,25.087956227091638,24.34889188723521,23.745319048509465,23.155628513516493,22.503767790330507,21.9661592725719,21.449862202496533,20.87717231925238,20.40074615598696,19.949993142663963,19.4481996081639,19.027589570950987,18.634936109123842,18.196269206021167,17.826180551009664,17.484900572371778,17.102375410282132,16.777894697269367,16.482090754121508,16.149564151608093,15.866247964874267,15.610795987182822,15.322892652546155,15.076749617008065,14.857190718899627,14.609166422252539,14.396576395306473,14.208971374196693,13.996564183908593,13.814205538266856,13.655029574130328,13.474372262108584,13.319168674332838,13.185230101815957,13.032790874533301,12.901893818148057,12.79030640041808,12.662907041485946,12.553720168166647,12.461910065112829,12.356700160047605,12.266862877378705,12.192531676823458,12.106947379216093,12.034307443700758,11.975386728945926,11.907091811850758,11.849649893117377,11.804237448643354,11.751054823140997,11.706927148502487,11.673252214748764,11.633152978235646,11.60056591118497,11.5769788149113,11.548055650646976,11.52531336999784,11.510250699963276,11.490678710272784,11.476146018314475,11.468115127914214,11.456156293588583,11.448259827351619,11.445837673984979,11.439822229454668,11.437031297927557,11.438886983645924,11.437170961937586,11.438010146411328,11.442896701706648,11.443921637917182,11.447018425025275,11.45364981885167,11.456165613565243,11.460305221431089,11.467471524585662,11.470502989585885,11.474664661698057,11.481468557385229,11.484136578589709,11.487520299017943,11.493307018565304,11.49493384922474,11.496968507319364,11.501328393325622,11.501432039270643,11.501773597725704,11.504457656323595,11.502832715140398,11.501365206188686,11.502299452374771,11.498987957057036,11.495807993659096,11.495091297154454,11.490320098972697,11.485684135888805,11.483535450728676,11.477649461135758,11.47190822959072,11.468633028254779
T23000logg3.6,27.215088522419034,26.5175572638355,25.747900743511813,25.11873043913573,24.503291944013508,23.822361550499455,23.260225062618797,22.71974730099597,22.119738060256754,21.62007882572114,21.146804720069785,20.619518530659185,20.17706807470174,19.763543717739378,19.301195989415923,18.910684319902195,18.550130111354385,18.145677768532625,17.802170172064926,17.488605489967718,17.135819177468402,16.834825715042722,16.563034745723957,16.256440862048258,15.993906759305025,15.759331260395607,15.494081414243334,15.266316224733643,15.06492158107704,14.836653924745889,14.64026409981048,14.468433428220203,14.273183230808304,14.105021619629667,13.95947808440863,13.79362117642032,13.650764993020829,13.528537049999553,13.388792603738034,13.268563058606883,13.166988520729003,13.050411153041804,12.95037356879322,12.86707626799062,12.771012701617355,12.688936985049052,12.621767491399623,12.543787210657777,12.477597094540844,12.424576363615792,12.362419053799396,12.310160644571855,12.26944761049262,12.221002566930409,12.180826905527608,12.150698014314496,12.11396633078294,12.084097727174608,12.062914544427246,12.035986175534916,12.014713458247034,12.000913166125477,11.981964839759094,11.967635591062244,11.959723464891443,11.947001420850802,11.938011961718477,11.934598411801716,11.926380907827156,11.921192510543396,11.920981962563918,11.91564195808563,11.912826317625903,11.914466675495213,11.910715909708633,11.909011367364167,11.911226322938624,11.908075869751482,11.906428684157662,11.90828076012382,11.90483622160335,11.902424887643562,11.903237223555706,11.898808432202065,11.895051191319066,11.894406331933986,11.888504991881655,11.883056005383605,11.880706260040773,11.87312637837704,11.865875053584766,11.86175418276307,11.852544169723734,11.843598737023314,11.837819604808429,11.827217635883267,11.816851913575181,11.80965258610295,11.798019037403595,11.786604919462263,11.778313289012301
T23000logg3.8,27.230897114453644,26.55912992728192,25.81706308751625,25.209820099331733,24.615139393424943,23.95652306309353,23.412271215299654,22.888459418157815,22.306440256452404,21.82130234600486,21.36137495445235,20.84855699545266,20.41784783430317,20.014978912041446,19.564226611776284,19.18316021562934,18.83107629012443,18.435872690381622,18.09991563011003,17.79304503349482,17.44758965384259,17.152578280164683,16.886026661849264,16.585178268348862,16.327319762031614,16.0967866830076,15.835971124681521,15.611790990889626,15.413448470966912,15.188527198134333,14.994811185375715,14.825213784839832,14.632403881574083,14.46615185949347,14.322161667545965,14.157991714594772,14.016403477411279,13.895163794641684,13.756468103223233,13.636955257744006,13.535886172909027,13.419807028359816,13.320012284945538,13.236810495141388,13.140778076637911,13.058534923804492,12.99110720866307,12.91274468476801,12.84602403026766,12.792434725754962,12.729536212555447,12.676428828495169,12.63487670557371,12.585369757555366,12.544058527592822,12.512849160679005,12.474769813510749,12.443508018470837,12.421030625906411,12.392495557059469,12.36959384768226,12.354306806395854,12.333515144102037,12.317341215478134,12.307769858843404,12.292991543586625,12.2819638308277,12.27674963539532,12.266279806615296,12.258885211141976,12.256756407327915,12.248997008316238,12.243834079104039,12.243443617682832,12.237155245028664,12.232992540314896,12.23307473836727,12.227317861609063,12.223132942136008,12.222768739677345,12.216689235871636,12.211691358996132,12.210226692756946,12.203166619313334,12.196801744533966,12.193841704291511,12.185335213426379,12.177277356473843,12.17259191974671,12.16244445393786,12.152594387153055,12.146128853685855,12.134391042056306,12.122861923852078,12.114735935897485,12.101645449276955,12.088713024886658,12.079170350137067,12.065082574295335,12.051118014653142,12.040490065273124
T23000logg4.0,27.88476398984583,27.216722171544177,26.47813600515754,25.873238030233487,25.28009147805488,24.6226530676765,24.078921352535623,23.554974581249198,22.972378941258143,22.48635000305925,22.025042806819123,21.510335837100865,21.077666978197897,20.67250950374619,20.218909627442933,19.835094579331464,19.480077620945472,19.081339102085327,18.742058344473175,18.43180362186859,18.082329860865592,17.783587030523236,17.51335105867871,17.208159933524843,16.94629193842833,16.711885357792635,16.446520380935794,16.21815199182675,16.015831322689404,15.786245094013694,15.588239664480577,15.414623738732894,15.217105577303025,15.046524340304751,14.898525178161853,14.729655986815505,14.583742230412906,14.45853643069655,14.315185531474217,14.191383228647798,14.086415689236711,13.965747932829728,13.861711534602652,13.77468225448043,13.674122394870054,13.587685729001725,13.516499442920258,13.433675495307451,13.362812996392297,13.305533677619826,13.238235006278178,13.181032702709771,13.13585208851031,13.08199995689991,13.036633319250678,13.001848316052286,12.95946213228778,12.924169245233049,12.898154093232495,12.86533450316629,12.838411295169525,12.81961125229687,12.794540403741028,12.774340072675972,12.761267808994251,12.742202640850795,12.72713105132247,12.718423915267405,12.703640373646142,12.692176424028297,12.686560105254888,12.674452452264878,12.665192231663973,12.661302253871632,12.650643518746758,12.642353494666022,12.638901111627238,12.628773407903576,12.620436710011754,12.616496335488367,12.606067465175016,12.596903356161722,12.591824615353833,12.580449913439027,12.56991447448813,12.563311377365142,12.550535716457402,12.538315495805767,12.529970084147795,12.51560759131537,12.501613224493456,12.491481427220197,12.475587588418213,12.45994047809489,12.448152692044292,12.430967158104728,12.413949601075307,12.400759384446488,12.382639850266237,12.364630618362428,12.35037989178144
T24000logg2.8,17.87438052685441,17.378684752902576,16.8355027397374,16.394576106903305,15.966284486667828,15.495439472499044,15.109515314050006,14.741020322636254,14.33442079011941,13.998365805367783,13.682328473966942,13.332335122272877,13.041022207631153,12.770851226552304,12.470630700441472,12.21930821170502,11.989270557131293,11.732897549196545,11.517340212067133,11.32254663494695,11.104947453748121,10.92144644190644,10.757733766668519,10.574548303414435,10.419838735105921,10.28363684179149,10.131058355155172,10.002203689060426,9.890370928259106,9.764968983311448,9.659265930036359,9.56897791214627,9.467630918789876,9.382581434120796,9.311284953747132,9.231173023573987,9.16449413560287,9.10990591289043,9.048522632011744,8.998156881235172,8.958258640044612,8.913379264121815,8.87747746238214,8.850487102465461,8.820119378446055,8.796992202574703,8.78130315770378,8.76361931180964,8.751694987860091,8.74583362420044,8.739146770765355,8.736962542086134,8.739574196255742,8.742333652026325,8.748529522412396,8.758364640518348,8.76913196500923,8.78243260647152,8.798326258731498,8.815756534350532,8.834958306147374,8.855815845525202,8.878642402460425,8.902591818255559,8.927370970627376,8.954369286516208,8.98193915598972,9.009638923724774,9.039618160241465,9.069711800329518,9.099397906873339,9.13119974532778,9.162780693467734,9.193541056391071,9.226156143767946,9.258294729036884,9.289268502217803,9.321883509343698,9.353784401012502,9.384306056237515,9.416192990504502,9.447209268626079,9.476764656021142,9.50734863413747,9.536994708679421,9.565238245897254,9.594097851369101,9.62205723907838,9.648750607722874,9.67568935557053,9.701825430366947,9.7268651342337,9.751886734586414,9.776233586404295,9.799650085488624,9.822909034983127,9.845627325373105,9.867543112347887,9.889289495967903,9.910614939745155,9.931219541052375
T24000logg3.0,20.58995094349478,20.03438402208559,19.424022726748696,18.927295802104695,18.443864228727765,17.911127963664836,17.47333426605436,17.054489224168485,16.591270791616076,16.207358411640758,15.845542064578007,15.443924804830477,15.108636498849226,14.796924103419093,14.44971645726348,14.158084142594163,13.890378921949912,13.591261009868765,13.338793293070779,13.109835713802136,12.853342630992117,12.6360603261375,12.441346751667567,12.222754506086716,12.037123226938872,11.872759791408864,11.687914367683181,11.530745353633062,11.393306951817344,11.238487696060675,11.106861385688429,10.99328277981606,10.865113257196219,10.756332105166132,10.663842270433348,10.559257097743473,10.470842052221773,10.396950688744914,10.313212448928178,10.24292275820177,10.185425031225815,10.120100580126811,10.065914751966716,10.022854487695737,9.97375640485358,9.933826602659638,9.90344046290365,9.868567481473047,9.841177973481425,9.821849024521937,9.799352473273121,9.782900130438346,9.773134652226606,9.761301600038891,9.754286587947849,9.752700539896905,9.74993619418492,9.750944690041626,9.756241846021164,9.76104467176285,9.768730397083822,9.779684588285361,9.790628773227022,9.803696726188514,9.819137907259934,9.834848823025217,9.85203457877591,9.870849561633898,9.889981099187183,9.910058576179399,9.931206079857619,9.952466089808306,9.974284429674025,9.996726678320368,10.019019414332845,10.041547869506754,10.064305945164456,10.086755971595824,10.109121462329583,10.131452859078383,10.153280314274507,10.174785582418947,10.196130447187324,10.216725653066343,10.236855885231858,10.256846527542502,10.275768117086871,10.294200045362373,10.312596200901115,10.329649713635607,10.346257503645639,10.362967904754102,10.378173883316963,10.393015257826123,10.408094819108467,10.421635439977994,10.434906781480413,10.44851220562583,10.46067501021873,10.472653945644081,10.485015682703313
T24000logg3.2,22.303145935964288,21.71435510766677,21.066542006301894,20.538534242618233,20.023829808345347,19.455879064749563,18.98842864365566,18.540510919536544,18.04452445780862,17.632799114266806,17.244157261427524,16.812249764115165,16.451063086638506,16.11471254311744,15.739609170082986,15.42396152527935,15.133675968927758,14.808919362006165,14.534242600953268,14.284617552118457,14.004583337705602,13.766789224244254,13.553159967210359,13.31295480716972,13.108397728186834,12.9267265206204,12.722053049705506,12.547439582047007,12.394167499464489,12.22116034465769,12.073466371178913,11.945404857194266,11.800561119037186,11.676993596866591,11.571261402625334,11.45139180423023,11.349371160189973,11.263367644409648,11.165605560340968,11.082786638857778,11.014197565668708,10.9359853914831,10.87024627725187,10.81701419764189,10.756054322250941,10.705458216435165,10.665729939701105,10.61992214884469,10.58267019641388,10.554744005232719,10.522144889439334,10.496553693282744,10.478855608075994,10.457659123703223,10.44214548647834,10.433209516818932,10.421720495323655,10.414780745601952,10.413226036353525,10.409843201415276,10.410041995080102,10.414560367865974,10.417757964155147,10.423709163393813,10.433048439842583,10.441355444707083,10.451709608386947,10.464689313487222,10.476666154732351,10.490120193352505,10.505635709839323,10.51990679642822,10.535239817353228,10.552171638258972,10.567597061641525,10.583721687028245,10.601018252582085,10.61669513576067,10.632694413455493,10.649566513172704,10.664686923332788,10.679834462448913,10.69569523373941,10.709632419541835,10.723400972024745,10.73787385894156,10.750178638425007,10.762242438135422,10.775087636082324,10.785565857314243,10.795806243706377,10.806941376096082,10.815623464276387,10.824113111772883,10.833609208470136,10.84069367347853,10.84764988348342,10.855685127745884,10.861478815581355,10.86720373920609,10.87403418577134
T24000logg3.4,23.41930489529357,22.812224399748466,22.143672316434,21.59821531526505,21.06571660315134,20.47763846585893,19.99313129033313,19.528220926900474,19.013026876954353,18.584908957451766,18.180243710968846,17.73019903178755,17.35342285467207,17.002068894741353,16.609947513827876,16.279580453188764,15.975319021842989,15.634668742281331,15.34616132208373,15.083554939803141,14.788717739666657,14.537971507593861,14.31230918561539,14.058340414540618,13.841677131085778,13.64886025016564,13.43139743143016,13.245484792884884,13.08189676868297,12.897022051057524,12.738798187949135,12.60119505293593,12.44534263849746,12.311968890770519,12.197413077923507,12.067334761717358,11.956187272777285,11.862024938363476,11.754792493758657,11.663474533604674,11.587334440891897,11.500327310456735,11.42667119444032,11.36644722149268,11.297313966717448,11.239334578104547,11.193120787127029,11.139698704550943,11.095545245834566,11.06158700107069,11.02187206480132,10.989809829051868,10.966481319082288,10.938608132423502,10.917001454723001,10.902785271248092,10.884997170699434,10.87228559130017,10.865746713143043,10.856372812017593,10.851057868596891,10.850830518456108,10.848277406281998,10.84891229770185,10.85368950191488,10.856422133669037,10.861600301294489,10.870159997235682,10.876673062303345,10.885041866893483,10.896239242801782,10.905108217060762,10.91540568667437,10.928063992998863,10.938131085399274,10.949237604377746,10.962256691286408,10.97261301089051,10.983588772000356,10.9961510262149,11.005978005386794,11.016082140770422,11.027586060403536,11.036250318683082,11.044951487068076,11.055017890949905,11.062070970567783,11.069048600601306,11.077444800821524,11.082698079715653,11.087843207326566,11.094498034046643,11.097992067074525,11.101392704658165,11.106393876269788,11.108342379210306,11.110235655187143,11.11378214948337,11.114509309432261,11.115218738708924,11.117588924212088
T24000logg3.6,24.759354356017468,24.12799832644207,23.4319507287775,22.863443833440492,22.307754538868885,21.693436767840694,21.18675311646373,20.699976554588236,20.160028458956788,19.71082632873655,19.285715828048307,18.81248798523818,18.415825221206866,18.04546144772599,17.631741932895203,17.282727449583604,16.960860833539805,16.600163395718734,16.29424479291123,16.015378898858106,15.701982134133141,15.435030043585726,15.194380069844694,14.923265931581678,14.691561168714326,14.484955989522515,14.251683825321297,14.051840025932602,13.875582203987904,13.676150716814536,13.505048880993371,13.355819796681008,13.186580469376707,13.041320708912187,12.916107177934716,12.773728371055768,12.65161997244285,12.54769106269759,12.429152742871164,12.32772513649889,12.242629212602466,12.145218642219302,12.062228664803282,11.993781717657756,11.915059335051899,11.848449444066546,11.794672029816038,11.73239524837676,11.680248394635365,11.639319080508011,11.591405403572766,11.551917749126156,11.522141508618637,11.486644730849418,11.458109526559086,11.437899867837208,11.412982170018859,11.393766354746546,11.381620139147923,11.365528046633276,11.35405966872346,11.348543530148834,11.339606422000314,11.334368788321708,11.334112678279194,11.330720672828221,11.330240150781647,11.333967369841599,11.334542944528293,11.33740767798551,11.343928464817756,11.346982802508425,11.351880826593087,11.359962677524967,11.364303986002497,11.370075487723469,11.378560191885047,11.383266636141316,11.388941561466385,11.396975426417026,11.40121608759781,11.406037410934106,11.41300168115048,11.416135330529157,11.419562908976747,11.425072395702191,11.42664382514033,11.428354871949056,11.432176785051427,11.431996028859064,11.43188475054087,11.433952533226014,11.432064593006691,11.430227728810184,11.430639526988383,11.427266616443529,11.423953950882026,11.422922923097111,11.418401524164588,11.413955300269329,11.41177905624256
T24000logg3.8,32.12496222907869,31.311363536405565,30.41188552577716,29.67517869096482,28.95337791024486,28.153341542129887,27.491603782788207,26.854356492332034,26.14572075554476,25.554426102540212,24.993451004481194,24.367412581255103,23.840991228531777,23.348138703996245,22.79616330728869,22.32888616426375,21.896632752023784,21.410885291714223,20.997292093540786,20.61892938274847,20.192413467754577,19.82747783320052,19.49710910163837,19.12362652452915,18.80277027958255,18.515212874044202,18.189254778956023,17.90830036396697,17.658960861269577,17.375579072455754,17.130689505288338,16.915456259396155,16.670152916210252,16.457770325646145,16.27292146727364,16.061590340396304,15.87840521898615,15.720558353385542,15.539454330476428,15.382413644826704,15.248522040327135,15.094273599923477,14.960595724533324,14.847935074974208,14.71750569109032,14.604647029250282,14.510757160864838,14.401374333665022,14.306974439538962,14.229595298985577,14.138687193816512,14.060526971722794,13.997557404662754,13.922715819865033,13.858689434435286,13.808158722688054,13.747100670601878,13.695182430645499,13.655216613281729,13.605754952526496,13.563987258001575,13.532794731176205,13.492836764214866,13.459327020283302,13.435193023525665,13.40272783049393,13.375638759946545,13.35698020471504,13.330016626835748,13.307582559009706,13.292912138449939,13.269577099028798,13.250158854717998,13.237889522851066,13.216735313107062,13.19888696091532,13.187516209314841,13.167444625709692,13.149961262167096,13.138393875418632,13.118404408340032,13.100353472289381,13.087809625511914,13.067127867418355,13.04785368466742,13.033857864036516,13.011933926856916,12.991049232533479,12.975327952565928,12.951923157922597,12.929306760128616,12.911794838667143,12.886955991972632,12.862734022183702,12.843571812178206,12.8175616972152,12.79205144098215,12.771526163287021,12.74474693648892,12.718377263944618,12.6968786253918
T24000logg4.0,26.117858518275096,25.487024790676436,24.790228487119343,24.220059509091605,23.661394157211014,23.042714549758053,22.531499172857178,22.03925886482027,21.49238765916765,21.03659159414338,20.604318037828357,20.12241458705641,19.717725607068864,19.33908405878512,18.915540585749472,18.557546048923466,18.22671469854331,17.855479076920762,17.539975110212538,17.251759932956297,16.92742415130729,16.65054056322282,16.400375839591007,16.118153388515694,15.876362770083247,15.660232536671714,15.415848551825116,15.205909766661623,15.020233799115719,14.809815235707555,14.628716199655614,14.470256009896037,14.290238143085073,14.135154422945007,14.000953104566836,13.848070233184027,13.716368030349216,13.603733978949474,13.474998908010964,13.364235861433068,13.270732210930234,13.163445075179272,13.071386427400284,12.994826019322293,12.906533985340113,12.83111257236753,12.769499543715856,12.697940503853724,12.637222634719308,12.588713171725521,12.53177983958552,12.483940105224725,12.446813826796896,12.402526860211392,12.365825770807286,12.33846168062021,12.304938630814846,12.277703611599843,12.258560494394903,12.234001588537984,12.214615073638827,12.202217582348995,12.184897048027386,12.171794491268168,12.164730955380453,12.152996194230834,12.144667922638577,12.14164351935096,12.133870957312181,12.128876921645462,12.128685406610286,12.123353993712467,12.12036273824471,12.121724189496206,12.117657903580243,12.11550010950728,12.11720853747866,12.113522422148202,12.111230259621177,12.112413857958275,12.10830484751954,12.10513194140682,12.105174039071356,12.100020984942432,12.095444241323266,12.093974628294113,12.087340727877985,12.081057466054244,12.077863856443823,12.069571316678152,12.061493362817544,12.056528902849688,12.046632145250893,12.03687142047572,12.030253188277245,12.018982614550051,12.00780656478648,11.999770223656895,11.987470981487878,11.975238391236296,11.96610306153039
T24000logg4.2,26.804004102927355,26.176102226713834,25.48182602208824,24.913165322192594,24.35518659187713,23.736717701193392,23.2251993274866,22.732014616885053,22.18368061926934,21.726253406496546,21.29188740127828,20.807351070078294,20.400092167111048,20.01858216996397,19.591605918020853,19.23038952917251,18.896176722206974,18.52098040344432,18.201822017206645,17.90990870380644,17.581284341570786,17.300470306665076,17.0464255354867,16.759717894956175,16.513828676963165,16.293727582237253,16.044759265563155,15.830633439865377,15.640960462423223,15.425922731512282,15.240604622307563,15.07816671119337,14.893548644886966,14.73425629406691,14.596128511642814,14.438689508790599,14.302810732056315,14.186316911207195,14.053090742617723,13.938201441158697,13.84091716626833,13.729211099863704,13.633081896071754,13.552820293675854,13.46018312157031,13.38074785645297,13.315510078242585,13.239674722727463,13.174995605187249,13.122931313463065,13.061779734525114,13.010018200425852,12.969392206841373,12.920928137095014,12.880335757364389,12.8495180557971,12.811852971844832,12.78074650667698,12.758184315113128,12.729499523765535,12.706244530749853,12.690447377697506,12.668999210565026,12.652016052864234,12.641558807822747,12.625680158508136,12.613446097262749,12.607029021961377,12.59507739532674,12.586142314089832,12.582553770741805,12.572996622426611,12.566024201829919,12.563966485205365,12.555639645727405,12.549459760144074,12.547706315851961,12.53974577392602,12.533393800842722,12.531065665298183,12.522684379440163,12.51542302619443,12.511907003081122,12.502501494586095,12.493820359745886,12.488755812913602,12.477896829666346,12.467500794587338,12.460683455207848,12.448200427118994,12.436011099344006,12.427404665967615,12.413358233627132,12.399497207295118,12.389230050546969,12.373856048394591,12.358599654221155,12.346918362132346,12.330566004633237,12.314280564130897,12.301514518270551
T25000logg2.8,16.397288000689986,15.913218319353314,15.383560505528076,14.954225546722501,14.537540143841946,14.080105458900519,13.705733829017783,13.348602870456025,12.955103050565924,12.63039819071907,12.325370699976915,11.988065228908518,11.707814630930285,11.44825793743741,11.160283181545712,10.919701882441439,10.69987794574789,10.455299233966548,10.250144767354922,10.065167323025928,9.858918234023077,9.685487972154743,9.531218035858092,9.358975377598346,9.2140247038183,9.086920193816994,8.944901789130041,8.82551079803773,8.722455902002832,8.607256820640252,8.510735881629968,8.428925538269313,8.337435816110814,8.261289649265615,8.198177372414872,8.127583620039239,8.069534993049016,8.022848439379473,7.970664599150419,7.928674726686287,7.896417449145036,7.860444178583947,7.832674682646074,7.813074764119283,7.791325036042956,7.776093037712178,7.76755454315624,7.758216235603264,7.753959866271496,7.7550217111000235,7.7564189270059485,7.761682022224856,7.77099991804271,7.781593220104033,7.79502547995517,7.811362271928334,7.829730331453632,7.850072342388019,7.87227926666858,7.8970972854879635,7.923159725426754,7.950155394697646,7.980172641312282,8.010819777259561,8.041579198987893,8.075598000259223,8.10972492421303,8.143261776496947,8.180119405499857,8.21665108998183,8.252050899396377,8.290614948747336,8.328540003000818,8.364924249599131,8.404199194128536,8.442607115882396,8.479139184095045,8.518318182350395,8.556425019417002,8.592451988113016,8.630814256485689,8.667979318657737,8.702993151757875,8.739965925037557,8.77570049639358,8.809353216440487,8.84450838931386,8.878487770977914,8.910534100458188,8.943669894501244,8.975750794592233,9.006081947291138,9.03719566662365,9.067402081755088,9.096039339291965,9.125273754420624,9.15375454054411,9.180809921591784,9.2084060445226,9.235386237850795,9.26103785534514
T25000logg3.0,18.734504363970505,18.211838515036032,17.638171105647835,17.171747753130926,16.718245017716324,16.218984058243088,15.809127965298092,15.417436143907059,14.984697365758425,14.626471892015172,14.28929285840627,13.91544463334211,13.603765671276587,13.314443213974162,12.992569242885732,12.722645386836323,12.475325011468495,12.199358943799004,11.966873072796933,11.756516681373244,11.521219393581376,11.32234762008586,11.144638385710625,10.945487147803096,10.77684632617117,10.628068820150869,10.461104161910692,10.319646932558742,10.196531787038985,10.058192616379365,9.941118257209748,9.840730700188221,9.727777997214567,9.632495026502848,9.552177469152475,9.461670217974014,9.385796313724711,9.323160225744894,9.252473351530666,9.19385743934038,9.146789970281567,9.093590686108914,9.050288391016085,9.016911264768714,8.979095397732682,8.949328358680992,8.927948824932773,8.903595740341839,8.885712686869791,8.87477786825513,8.862109017001725,8.854566414039649,8.852642811505472,8.85001594224462,8.851373844084693,8.857136031404954,8.86302379319714,8.871927103526357,8.88413633493406,8.897104743115365,8.912267477162498,8.929754819794207,8.948446132265442,8.968633179815184,8.99028460169754,9.01338978766368,9.037396286151008,9.062149258229391,9.0883910065982,9.115048206704264,9.141912454173386,9.17005701505731,9.198265990821502,9.226260455804042,9.255255242513266,9.284032855597447,9.3122311086051,9.341235268122967,9.369747264291007,9.397444079974317,9.425708986833444,9.453287122649318,9.479948165652804,9.506887582934105,9.533036437302972,9.558308722449956,9.583495409996157,9.60789848446715,9.63154534992955,9.654787567433711,9.677317769522272,9.699245493631684,9.720559487546899,9.74126589052015,9.761520237571634,9.78107690423407,9.800140890043037,9.818864454138877,9.83693507709679,9.854616044178567,9.872022024418863
T25000logg3.2,20.601469033958146,20.047486203715287,19.438305711894138,18.942099556092337,18.458879443866017,17.92596027310551,17.4876495676612,17.06810743526378,16.60380338163397,16.21868219762677,15.855586358912436,15.45230733150417,15.115366342642918,14.80201840567403,14.45279406223823,14.15923301821538,13.889681977841708,13.588337338211701,13.33377714990301,13.102859308930263,12.844015257142484,12.62454342083367,12.427808861353054,12.20681008911856,12.018955979824362,11.852570197802365,11.665333043188935,11.505964559135517,11.366548960237944,11.209404018215684,11.075644749719848,10.960169850749136,10.82977596828334,10.718958303827359,10.624675662900007,10.517993095028299,10.427657405008873,10.35209096853781,10.266389833280732,10.19430164695051,10.135249410037366,10.06809940407752,10.012237920367124,9.967742278881177,9.916949047703584,9.875461989251155,9.843753649066757,9.807311389322601,9.778477195318047,9.757930319537307,9.733978365817578,9.716185327413731,9.705296867393832,9.69211304288498,9.683848922921783,9.681221504714099,9.677188760649063,9.677019029796346,9.681337947872986,9.684930656787765,9.691485557814158,9.7015039486743,9.711268729156027,9.723227960885836,9.737754866976053,9.752291844158538,9.768368588872876,9.78627670160187,9.804216835390223,9.823168035527827,9.84340659307804,9.863436035773123,9.884095524388563,9.905603681522091,9.926627872235674,9.947957533238995,9.969738519523208,9.990889776282302,10.012013177322604,10.03331713977494,10.05381965606981,10.074039579200251,10.094305183555946,10.113553080870656,10.132360027763356,10.151224579075421,10.16878366227344,10.185861191090554,10.203090833975262,10.21877104724086,10.233999361458718,10.24950904780621,10.263336520365234,10.276780600057787,10.29063301059239,10.302796129961445,10.314659825549876,10.327019876858332,10.3378117566315,10.348381075386431,10.359488878055434
T25000logg3.4,22.219955216213016,21.636627819629773,20.994461410058243,20.470773039666803,19.95996326024116,19.396026198254216,18.931638423657926,18.486421616722797,17.99321692981287,17.58359917965226,17.196778937384543,16.766736736785578,16.406935212701498,16.071750634106586,15.69782772744089,15.383024850931907,15.093427074017445,14.769347956579058,14.495114806123837,14.245827191400135,13.966100026179692,13.728453904236861,13.514908853273813,13.274742887963745,13.070118336046008,12.888350209428655,12.68352179598101,12.50868867543238,12.355196584397266,12.181907943870016,12.033894112940333,11.905534304060389,11.760324722645416,11.636373040768047,11.53029557462614,11.410013323771064,11.30757494985547,11.221205577112082,11.123008023580073,11.039756397117618,10.9707958537367,10.892140261799328,10.825963699417619,10.77236171685782,10.71095243851791,10.659915265249538,10.619817923599394,10.573554656215297,10.53585603231988,10.507558871399393,10.474491992833524,10.448444266029728,10.430369283233437,10.408688446265014,10.392699747988768,10.38337192053311,10.37136609831621,10.363918787388727,10.361945723067667,10.357997602421104,10.357639961540288,10.361699471651376,10.36426571110901,10.369594990022124,10.378421779266219,10.38601688930851,10.395672473592185,10.408081924335294,10.419256382527134,10.431930338857981,10.446818117866972,10.460191848642737,10.474662750361793,10.490900370067783,10.505344553561773,10.52052755888911,10.537055496172453,10.551683111037452,10.566667253219716,10.582696770695037,10.596713547761556,10.61078107572265,10.625731087281167,10.638521445625138,10.651155430943978,10.664658131129706,10.675784458772561,10.686669604118588,10.698494744492354,10.707772033838255,10.716800540508135,10.726875879760891,10.7343439222388,10.741597083512092,10.750002200459551,10.755864974935042,10.761567890874332,10.768489556596059,10.773060772446708,10.777524656969517,10.783228209278398
T25000logg3.6,23.03367231771815,22.449985941946693,21.806846927731137,21.281867654186502,20.769083407937647,20.20250927588856,19.735503641237614,19.287181311443256,18.790162989767158,18.376971992954743,17.986267739189763,17.551602401923557,17.187562240634488,16.847984991014027,16.46890571526096,16.149413687036212,15.855101508157777,15.52552384314447,15.246305621659369,14.992114380920189,14.706687319032152,14.463877618752178,14.245338210908212,13.999372883482081,13.789490974544885,13.602705634763883,13.392052085092946,13.211930014949886,13.053445861308933,12.874364245975567,12.721083346502262,12.587800290442612,12.436876722746636,12.30771855368162,12.196814488970142,12.07092348307599,11.96336098658252,11.872275279282889,11.76858735010141,11.680305736703236,11.60674556091431,11.522721588560179,11.451613288831794,11.393528935992403,11.3268747929679,11.271006739468945,11.226543156911717,11.175155825943708,11.132725572683515,11.100172658106597,11.062096655537161,11.031408034129152,11.009176183067424,10.982584825630656,10.962037338576303,10.948642213958077,10.931818003339043,10.91988201658682,10.913918028944298,10.905217235733419,10.900416256657264,10.900539217736124,10.898395876888888,10.899312732122693,10.904245237124503,10.907162932229971,10.912422521902773,10.92097266037358,10.927474482199155,10.935751640957033,10.946802846433439,10.95549346953992,10.965558649097348,10.977961402777755,10.987723500007828,10.998490663359982,11.011169010788942,11.021130751819157,11.031690496216944,11.043850598219617,11.053227501445892,11.062867890305643,11.073931256590388,11.082119222510105,11.090333682208035,11.099941457863824,11.106511591544503,11.112994864041449,11.120926155083785,11.125699740663924,11.13035137531479,11.13654141952457,11.139563289217433,11.142472993829731,11.147010906703787,11.148492218800488,11.149894518885926,11.152977775189935,11.153237281161864,11.153451510070925,11.155355495121198
T25000logg3.8,23.038635320130645,22.465392701625422,21.833528145984232,21.317531702872287,20.81290373712169,20.25515162906546,19.795217958768063,19.353172730474856,18.862976941388013,18.455282105607452,18.069353584128585,17.63990639952754,17.28007712254431,16.944074487973843,16.56892215825656,16.252598058928736,15.960907771485182,15.634227748097052,15.357336319935527,15.105012555123512,14.821661544024035,14.580499893926472,14.363229038108079,14.118682721412629,13.909903286329243,13.723912997302737,13.514157165137842,13.334700647960886,13.176637512378994,12.998030330147973,12.845054208198798,12.711884921031743,12.561088231198362,12.431940483321657,12.320906028630338,12.194866497039015,12.08707896984651,11.995671185387927,11.891613037505858,11.802913680908556,11.72887625916205,11.644300199383641,11.572616984689654,11.513930801338317,11.446575425304411,11.389999526572138,11.344829304587604,11.292611675138874,11.249357320126778,11.216007628659542,11.176988035246366,11.145376036776323,11.12227206441018,11.09464255811122,11.073081675892633,11.058745686271667,11.040787721372462,11.027750540596081,11.020779400978236,11.010859623710422,11.004879854554236,11.003938062084368,11.000495963726918,11.000155000746174,11.003963030420689,11.005496966169463,11.0094208526485,11.016792635467047,11.021833071427341,11.028708088694739,11.038538311617891,11.045701724050927,11.054309059208776,11.065450133942953,11.073635204639148,11.082899315595867,11.094275603963595,11.102632625115682,11.111656498872897,11.122479366273126,11.130241148184961,11.138324181175951,11.148023092884113,11.154597910013853,11.161244852251368,11.169470602730797,11.174442013334303,11.179359046455355,11.185901320105296,11.189099852265525,11.192196576447516,11.197000115495861,11.198476699314948,11.199848769958534,11.203008709516837,11.202975887656049,11.20286064275867,11.204578817776522,11.203355333678264,11.202074020449647,11.202628619898848
T25000logg4.0,23.824016756436727,23.250906059917035,22.618423424989746,22.10132519407347,21.59496437554444,21.034699804174437,20.572175727267894,20.12710405720702,19.633079553455794,19.22173991942173,18.831907399562432,18.397734513957893,18.033532379923123,17.69305430057296,17.312592892395294,16.991412851193058,16.69489454034021,16.362538046619314,16.080479701247707,15.823124448640732,15.533886279854196,15.287378462395813,15.064986544989377,14.814466286825951,14.600262471919384,14.409143809944585,14.193413193307117,14.008529983302825,13.845393880276168,13.66088285333738,13.502538033243514,13.36439796090772,13.207815254959552,13.073395516089429,12.957520577880903,12.825840883435598,12.71290309230499,12.616802401607,12.507266085598914,12.413553141273306,12.334979743559684,12.245094741637482,12.168537918111936,12.10546990475998,12.032965808722366,11.971649849252215,11.922242355678186,11.865026675720266,11.817159225144081,11.779707509283607,11.735828275200639,11.699715898858042,11.672628115083668,11.640255035971794,11.6142888822315,11.596069454221158,11.573464590114693,11.55609779484945,11.545323965058165,11.530826794675907,11.520566665902837,11.515879335274974,11.507899253885878,11.503301545804923,11.50339899443031,11.500411607226804,11.50008223726442,11.50376825245627,11.504277594523488,11.50688627306884,11.513045821651835,11.515650951850883,11.519968970265051,11.527430478377603,11.531039099581557,11.53598572445435,11.54364941494183,11.547429044175267,11.55210851579109,11.559177398112933,11.562377076831416,11.566097661504118,11.572005007637836,11.574046010088585,11.576321801109582,11.580725810161052,11.581200014542436,11.581747486151842,11.58444802434566,11.583192913996019,11.581929454195823,11.582879870596422,11.579949979261915,11.576978658889189,11.576283278997888,11.571895323196271,11.567461653827081,11.56533253076881,11.559809606260547,11.55424345407624,11.550970198866782
T25000logg4.2,24.057216567689782,23.49593424115632,22.876041492519633,22.3688714487515,21.871628789577677,21.321088413857787,20.866271504618805,20.428119083545948,19.941492186259563,19.536027936094342,19.151350250752166,18.72269850652379,18.36287575495762,18.026145595076322,17.64969960950777,17.331685643969426,17.037797378225395,16.70826437346631,16.42840277838129,16.17280129985641,15.885437037178946,15.640339100105198,15.418997034598892,15.169575544223957,14.956133080397928,14.765492748027109,14.55022276863929,14.365561952690063,14.202434997992668,14.017862324383227,13.859300027576193,13.720794134881478,13.563733931715195,13.42874121754945,13.312200799439385,13.179705472732977,13.065902387758962,12.968893797014726,12.85826481705071,12.763444470175541,12.683765300204517,12.592554425722065,12.514683342595456,12.450342422333382,12.376313796277147,12.313508318557828,12.262688476868792,12.203783163712673,12.154276422876467,12.115293540761757,12.069576505576595,12.031688870429189,12.002963108628595,11.968618960498933,11.940755619192611,11.920803422326268,11.89610807456123,11.87673209912706,11.864139230317056,11.847438310587652,11.835062017976197,11.828473950058656,11.818184804817443,11.811372736623023,11.809496269643489,11.804104877975963,11.80147176483172,11.80312136206861,11.801138648276577,11.801364320550453,11.805437400557924,11.805472272270846,11.807342030776898,11.812672774624485,11.813657026986402,11.81610704353729,11.821598029123402,11.822729180448372,11.824879981319969,11.829740935298696,11.830290566233657,11.831466095731471,11.835140598868211,11.83454949560006,11.834279446003366,11.83643871221308,11.834311658856961,11.832323803616681,11.832777817397595,11.828959732004607,11.82518036597671,11.823890895022071,11.818440999819613,11.812977920973932,11.81005485313324,11.803189068692342,11.79628884859471,11.791947364159407,11.783986206694046,11.775979354080736,11.770511892739655
T25000logg4.4,24.672885644819093,24.114703986932533,23.497890960710805,22.992910567425525,22.496928696992978,21.947530750270563,21.493362831633956,21.055077100378007,20.56812749636297,20.162132632170973,19.776299626682427,19.346248836315674,18.98501588528788,18.64639823289433,18.26777406847257,17.947702242911863,17.65141045316502,17.319138788349232,17.03674674896409,16.778384147242317,16.48788933555221,16.23992489433633,16.01558470340961,15.762764264755125,15.546221214827131,15.352433357332188,15.13358981528025,14.945671072023064,14.779309619753288,14.591054265681265,14.429132860138381,14.287351129607439,14.12654792039051,13.988136205396899,13.868311374169252,13.732050552890414,13.614802127517843,13.51452665047903,13.400136865233652,13.301865246074474,13.218948708529586,13.123990431458747,13.042671803399424,12.975128148726693,12.897373104112285,12.831128184102814,12.777140194034489,12.714526427422438,12.66158730579169,12.61946770583344,12.570059269873507,12.52874406463896,12.496908397195488,12.458880255071396,12.427586439990558,12.404542676472177,12.376164085047996,12.3533478929166,12.33767403606711,12.317278550389045,12.301440195795845,12.291769923402782,12.27776066643216,12.267453604512273,12.262483509455631,12.253337808697568,12.247169274679901,12.24571188039504,12.23992857435586,12.236572596206283,12.237523341079385,12.23370375833113,12.231944090007342,12.234125053842252,12.2312111163774,12.229984080749997,12.232282398493743,12.229488167152613,12.227917857367247,12.229537311309258,12.22614822723154,12.223564499847772,12.223949292666912,12.219417916655342,12.215359991214251,12.214189107032926,12.208132023593688,12.202340019723003,12.199434488818902,12.19170819196302,12.184120209467105,12.179453378880016,12.170125523341628,12.16086077980908,12.154554206357925,12.143850125128118,12.133166261053391,12.12544742537074,12.113694120255706,12.101931655554228,12.093104000815963
T26000logg3.0,16.88481085715739,16.377745846316714,15.821833489687725,15.370391357808293,14.932072913779649,14.450051119156749,14.054851600742348,13.677732473540733,13.261540941048088,12.917492977440697,12.594198597480272,12.236136155673401,11.938082528429678,11.661939395760468,11.35508372176673,11.09821674626593,10.863398175914092,10.601716466665247,10.381735479361122,10.18325057913089,9.96156157626704,9.774681554971163,9.60827357846868,9.422116015227676,9.264991851420003,9.126996259205425,8.97246053413761,8.842079813849184,8.72927461787453,8.602849212936903,8.496444282280216,8.405935810683552,8.304416735777707,8.219417944437954,8.14857648969476,8.069055362729184,8.003108006230816,7.949579131178785,7.889470491082126,7.840451232729113,7.802152439096321,7.759157234180135,7.725148822779174,7.7002311483172745,7.67227556808992,7.651518559650725,7.638309378462767,7.623489125725274,7.61434471642809,7.611307846514173,7.607863846838133,7.608802227809308,7.614520752742346,7.62082538541245,7.630417438530071,7.643579154994877,7.658120749009204,7.675024088934509,7.69440410829659,7.7157653479702955,7.738706584199281,7.763149487610678,7.789988078367943,7.817746104577429,7.8461525090170685,7.877179125220218,7.908566089519596,7.939885937258493,7.973848964439876,8.007714554183416,8.040976977995129,8.076663117364836,8.111928475395228,8.146181392507383,8.182550820218683,8.218252528830519,8.252594294815925,8.28881967629795,8.324140245408419,8.357882623262169,8.393229490447792,8.427512521256464,8.460132008799423,8.494023592430038,8.526779054201992,8.557927121292009,8.589940459125115,8.620852495310228,8.650292610916782,8.680236982175472,8.709176543771747,8.73681318056569,8.764703335265905,8.791715592730672,8.817590196936935,8.843592399155408,8.86885176777868,8.893100422528004,8.917480763482015,8.941240959000613,8.964070081760777
T26000logg3.2,18.778567875724228,18.253103572511606,17.675715600219142,17.205796804759185,16.74873149618736,16.245048480979307,15.831169369832287,15.435536670269254,14.99805787388767,14.63557438112245,14.294332081624296,13.91566680206201,13.59968038118781,13.306324975924545,12.979710909802558,12.705558131620899,12.45434121215882,12.17381366627252,11.93725574871561,11.723194888788463,11.483573236116788,11.280840835260042,11.099661419420874,10.896464045865109,10.724204735852005,10.572207977082725,10.401490002652995,10.256674630242252,10.130602177944779,9.988820887919855,9.868664935625562,9.76558992618366,9.649512374025761,9.551430074987156,9.46869579997735,9.375381182187516,9.296991457114697,9.232206085490711,9.15901899011156,9.098156990022074,9.049190757236058,8.99377366474926,8.94847922587338,8.913438308519924,8.87367045972627,8.842146503668426,8.819316982409322,8.793249436282396,8.77382196080657,8.761628395623365,8.747456518697739,8.738556919666,8.73554012542019,8.731588492935723,8.73174675383458,8.736552826697173,8.74125888136883,8.749085281183312,8.760443342231945,8.772328497437464,8.786494421856343,8.8031984771043,8.82085963171492,8.840090035397282,8.860992371553396,8.883081477910846,8.906134688893204,8.930147081593319,8.955344334073994,8.981018537476558,9.00712725884777,9.034168535471872,9.061341400195912,9.088534615419182,9.116360012715152,9.144032637738006,9.171358881063302,9.199131111744874,9.226461723936264,9.253204840823575,9.280176976897161,9.306497036044266,9.332121435571517,9.357713834742018,9.382533934328867,9.40669206447922,9.430485209449003,9.45349789585589,9.475961809838251,9.497772498866135,9.518860402103092,9.539545535972758,9.559399926526465,9.578623735792764,9.597587301651357,9.615667680322995,9.633221953544565,9.650619625156107,9.66720968967196,9.683368089344972,9.699427685510774
T26000logg3.4,20.362920767634225,19.819515084561623,19.221508333669497,18.734070619075595,18.259152183741808,17.735050692182387,17.303720689827696,16.890704704901218,16.43337932012686,16.053825051668635,15.695882091137985,15.29814777106532,14.965656859608803,14.656392255251081,14.31159065051018,14.021599190001472,13.755300394852423,13.457502118944683,13.205818670546046,12.977505959831296,12.721529350275473,12.50439466617151,12.309766672918709,12.091103804685961,11.905159242818087,11.740485723480074,11.555160482281348,11.397360156196015,11.259344509044702,11.103775624306202,10.971312123247554,10.856989083353591,10.727905781842974,10.618169787616713,10.524846602244196,10.419267892017334,10.329844877111764,10.255086566252002,10.170321783503578,10.099006669500291,10.040638026418417,9.974280282590865,9.919071671715523,9.875152877576557,9.825027030404762,9.784085397308534,9.752857691890824,9.7169645567627,9.688573625670653,9.668416478648997,9.644902831760614,9.62745608663974,9.61687118358449,9.604017225274413,9.596002376355894,9.593592311145358,9.589778844732018,9.58975739137544,9.594204951571177,9.597900866042789,9.604497439244295,9.614552581164101,9.624299283874862,9.63618662567158,9.650654098056126,9.665045635700235,9.680933345157433,9.698688568131267,9.716354355627178,9.735002702982701,9.75500155966024,9.774635286078363,9.794886975212489,9.81606995344642,9.836595601221303,9.857424010313007,9.878796605502163,9.89936987921138,9.91991272050019,9.940733701112332,9.960598667568618,9.980175314873174,9.999896299218708,10.01846625312786,10.036583170762574,10.054854325881372,10.071708972003531,10.088062306958797,10.104660303113846,10.119620638613913,10.134101555282438,10.14895091428063,10.162050901237789,10.17473086872162,10.187900445761926,10.19933168271531,10.210419132115522,10.222079288908052,10.232138041359201,10.241923565559668,10.252319694971836
T26000logg3.6,21.37488038664339,20.82953568613155,20.22894571382522,19.738985186386106,19.26080287283238,18.732746889596662,18.297781867208975,17.88060411637418,17.418387203297364,17.034417566334476,16.671718583324513,16.268459826289437,15.931011797192113,15.616605898683087,15.265866794256732,14.970558218033176,14.698893471335122,14.394913513345102,14.137687813584321,13.903893115153195,13.641603064699698,13.418794314474667,13.218642477292613,12.993607499157937,12.801919129622084,12.63172606351308,12.440023275326723,12.276458222239064,12.13296404083656,11.971056974656868,11.832850763947532,11.71312258548766,11.577783723955712,11.462363993377028,11.363736405661829,11.252007534701239,11.156977770934446,11.07702555651792,10.986224046557272,10.9093869318578,10.845937018973661,10.773655837197307,10.71301329584074,10.66412537403748,10.60819178776051,10.561906899410761,10.525820140772336,10.484235014645098,10.450592829912278,10.425684408779421,10.396589216604886,10.373977887033657,10.358740720001437,10.340405674912668,10.327304707687563,10.320331701756842,10.31112368310357,10.306080121575409,10.306038811250898,10.304405495685048,10.306025107103187,10.311647857731009,10.316109542528784,10.32304705554922,10.333122180817881,10.342256318167506,10.353207820729885,10.366605409418144,10.379022486761082,10.39273914670611,10.408407386693874,10.422795855369282,10.43811743610095,10.454978398623187,10.470273343747,10.486169575320488,10.503212939568126,10.518580068075021,10.534189672926196,10.550669386558639,10.565360603681464,10.580006612078048,10.595375395389038,10.60881023679474,10.622005766267476,10.63591973089741,10.647685859985797,10.659137312778231,10.671383266019546,10.68130974907799,10.690917436275834,10.701428895487314,10.709555451209788,10.717399534749447,10.726254955025297,10.73278006331252,10.739078452569853,10.746458775460457,10.751686150245394,10.756739995961315,10.762902559259333
T26000logg3.8,21.675916755369723,21.129699589387577,20.52766714142276,20.036182492260096,19.556153301049747,19.025630468755814,18.588312202745783,18.168572923242856,17.703152864606444,17.316230786115845,16.950485580363697,16.54353748800098,16.202736650252973,15.884987263438664,15.530264233742647,15.23135353760622,14.956179936026455,14.648055953876632,14.387093131873613,14.149725798711028,13.883241561644235,13.656653275930072,13.452942715094654,13.223748625952785,13.028310233247117,12.854630122027658,12.658863792200107,12.49163217060871,12.344766074203525,12.178934229521102,12.037177101412368,11.914212276299205,11.775099659623752,11.656257959822037,11.554536367355942,11.439199116925382,11.340892683570104,11.258000374637657,11.16376816308345,11.083810956888424,11.017581700320012,10.942054601336446,10.878451455218528,10.826942728330835,10.767937113989538,10.71884297901072,10.680284091562564,10.635789138533786,10.599476851604823,10.57223113344863,10.540367149552264,10.515206327943133,10.497748245199753,10.476763681020916,10.46121405280031,10.452117345630793,10.440356279077523,10.432944944935523,10.43085868686817,10.426748383073354,10.426061872560856,10.429701238419186,10.431738798094795,10.43640997100606,10.444543783960302,10.451285099852765,10.459992117951586,10.471478357694634,10.481513659921145,10.49299175212833,10.50676914234064,10.518766243388539,10.53184350664721,10.546817160258634,10.55971324219132,10.57335717437022,10.5885006155522,10.601476539370413,10.614826016639146,10.62938670010671,10.641703899692555,10.654086417220121,10.667518969237237,10.678604714017032,10.689539067512673,10.701504663332148,10.710952436701264,10.72015168072446,10.730443725373012,10.738087476535382,10.745458526350834,10.754017425106273,10.75990184950832,10.765531357709435,10.772442310101603,10.776768585611768,10.780879180181268,10.78632929740468,10.789401734529108,10.792298202432658,10.796549659752031
T26000logg4.0,21.960929836487054,21.435213414587206,20.85540298089454,20.38170493297154,19.918205469337764,19.405686018086183,18.98289900651475,18.576405314578615,18.125484886394048,17.750346019564496,17.39514943813319,16.99981390736159,16.66849956873185,16.359093014232943,16.01360494536127,15.722263787935436,15.453625563350064,15.152775827105287,14.897782327436056,14.66546494176925,14.404630223718044,14.182665841635492,13.982771611925525,13.75786138993907,13.565908226855703,13.395015174311364,13.202389095828801,13.037675968404908,12.892730766300318,12.729068787474407,12.589007490023054,12.467237124616796,12.329483599500254,12.211643229902942,12.110510205561807,11.995848864559635,11.897953523810889,11.815141407139247,11.721004822811377,11.64094848119958,11.574362849810948,11.498423254375671,11.434276468939398,11.38203663142572,11.322187565624551,11.272166885476265,11.232556881279816,11.186843768487652,11.149272929732145,11.120702409844451,11.087304686218946,11.060603367759098,11.041590433086562,11.018802952227924,11.001470707669418,10.990623844290296,10.976829350088863,10.967425077376362,10.963420597648618,10.957074538703834,10.954209978768468,10.95578585604726,10.955412434736008,10.957745657230852,10.963693272722995,10.96787600279109,10.974110826139087,10.983316548750995,10.990668906424734,10.999568460186369,11.01099217113747,11.020215232683167,11.03063561374525,11.043197494493343,11.05326525459511,11.064199630495812,11.076889898021356,11.087011336772978,11.097620742922377,11.1097022050093,11.119162262365158,11.128794392948029,11.139737329193533,11.14798634124828,11.156181720035255,11.16566527781264,11.172316157331343,11.178804741077668,11.186636598348183,11.19153348661659,11.19623026977184,11.202357859543893,11.205546860990085,11.208540774445613,11.213051987039663,11.214732345654632,11.216243181120863,11.219324637857596,11.21979420466769,11.220123403473144,11.222036221495188
T26000logg4.2,22.824026980633498,22.289529290474327,21.699524935346837,21.217111825849408,20.74456906561409,20.221621074558303,19.78987597663768,19.374324168289597,18.913000760967098,18.52888299051538,18.16479772842662,17.759276193634822,17.419121252275286,17.10111104859626,16.745759896307266,16.445810501025253,16.16891409694508,15.858590866754122,15.595288579249555,15.355100777061764,15.085222442966614,14.855285438583774,14.647921514647674,14.414411818743904,14.214842214132926,14.036883839896484,13.836101872685669,13.66413241157289,13.512514805469857,13.341130422705785,13.19417182642744,13.066111579607002,12.921059294373558,12.796673927698397,12.689616660814723,12.568060430499994,12.463960028791872,12.37557102006745,12.274924430457045,12.188989610721112,12.117154861008501,12.035065651209276,11.965342877361461,11.908152745059262,11.842475419860078,11.787151297005419,11.742858283038256,11.691605420164604,11.648974063788087,11.615956940416915,11.577265385422278,11.54570750038099,11.522446494529197,11.494567435334208,11.47254659008495,11.457615607900593,11.438893019115085,11.42493187790648,11.416973399488288,11.40581998857223,11.398491649364392,11.396208174237906,11.391107150911713,11.389032889613215,11.3911831244866,11.390680765590421,11.392532303831807,11.397978627544852,11.400655899708568,11.40517207531493,11.412862184377007,11.417388859255606,11.423406569529785,11.432231244499024,11.43757869140257,11.444078823496742,11.452995378404003,11.458387378469682,11.464526847509768,11.472783360795555,11.477516845019709,11.482645413102778,11.489709360148442,11.493242791072246,11.496905482606326,11.502459819729424,11.504410787756067,11.506344261588433,11.510204132204468,11.510423794888748,11.510553929598078,11.512678572353924,11.511223612945821,11.509654499266924,11.510147721870036,11.507230908291994,11.50420015372921,11.50326659047885,11.499199207424645,11.49502519855128,11.492943539468808
T26000logg4.4,22.32999098766797,21.829244134910276,21.276060689180134,20.823431901036663,20.379596670123355,19.888091559034137,19.482041438790937,19.090842242908032,18.65632474179551,18.294315114632443,17.95088229136989,17.56821511560928,17.24706551766739,16.94658409511215,16.610736807177688,16.32712164127602,16.06511367901905,15.771440206884801,15.522164729012616,15.294621693445993,15.038951889110512,14.8210498120648,14.624424268813211,14.403037959358135,14.213779758040655,14.044928582552808,13.854474082540046,13.691320843163506,13.547412846263077,13.3848094414434,13.245365025585565,13.123808085528665,12.986194274341301,12.868186331334922,12.766591556851926,12.651311970611287,12.552595867053007,12.468768156848537,12.373385345742305,12.291964154359594,12.223908997534759,12.146200610672631,12.08022474782631,12.026130484687464,11.964054326705833,11.911798094986688,11.87000083116429,11.82166330326162,11.781497752750168,11.750447483444452,11.714067131829205,11.684446090089644,11.662691413704788,11.636598682921354,11.616050492178669,11.602224765849288,11.584828142842186,11.571933472820636,11.5647333161277,11.554510553319066,11.547898625200391,11.546078316799841,11.541570118362905,11.539914263945409,11.542280352215846,11.542089663697523,11.544113226819082,11.549575475496049,11.552336925886694,11.55682864937591,11.5643802237143,11.568815011623581,11.574660745744044,11.583235039847963,11.588364682257382,11.594590741204621,11.603182121257229,11.608277270313613,11.614081226926174,11.62196948306871,11.626368836067805,11.63113517187227,11.637815108928743,11.641010086029869,11.644311709294241,11.649488033616175,11.651118699989095,11.652709401616255,11.656210452615557,11.656138712532371,11.655953377234539,11.657744758123323,11.656029329098349,11.654169390477252,11.654351518237206,11.651195214231588,11.64788828454653,11.646657983403719,11.642357910130924,11.637907910899932,11.635532321474614
T27000logg3.0,14.845640624623849,14.346100350972495,13.799257324560937,13.355780325740406,12.925455286205354,12.452934023126236,12.066084120872603,11.697208924368933,11.290745560613178,10.955275101011596,10.640346401334249,10.29212009978907,10.00277480066198,9.735043433299513,9.438053923293891,9.189962964750077,8.963557111729779,8.71173161106972,8.500560687596433,8.31046774334209,8.098606568736248,7.920555635442438,7.76251129479436,7.58615757042939,7.437886916431671,7.308238616422779,7.163500480460736,7.042005089689953,6.937538699285499,6.820896159827717,6.723389860462731,6.64119324913654,6.5494103890568836,6.473296252527869,6.410718066654519,6.34086440498158,6.2837680168702486,6.238437747971986,6.187916047847324,6.147702782547121,6.117529640552396,6.084035008090787,6.058780048912371,6.04190954427873,6.023360412252705,6.011292571181445,6.006042483261337,6.000520495820266,5.9999844760598275,6.004806319189688,6.010535173865416,6.019986482887984,6.033454186903604,6.048800975963322,6.066804674024811,6.0876036830597515,6.1110574113472875,6.136271292786247,6.163178275003988,6.193325620004808,6.224480197016511,6.256343163634462,6.291850129661777,6.327728275311389,6.363451294735539,6.403031012510242,6.442446852075686,6.480977181355302,6.5233891259640755,6.565198834721164,6.605573027890314,6.6496155578315195,6.6927512000265015,6.734039830558153,6.778673545292387,6.822183818200267,6.863503820071854,6.907906885994429,6.950981971423355,6.991653671202211,7.035092238348618,7.077075006795956,7.116574917111976,7.158468122875149,7.198861612168346,7.236835869902938,7.276753037144201,7.3152308138085145,7.351433762836445,7.389175580450875,7.425597609390488,7.459925249611811,7.495496654959671,7.529896650372917,7.562380733650414,7.595937425491561,7.628478227517384,7.659244560108384,7.691042775462591,7.721967407464364,7.75121094552088
T27000logg3.2,16.896225318934295,16.38562566012478,15.825156767513047,15.369489384214987,14.92679956007803,14.439467114305563,14.039480010091427,13.657611261308498,13.235800491542074,12.88673914639061,12.558603857636319,12.19489038149303,11.891815448117637,11.610921888582686,11.29855809081445,11.03680053139351,10.797428652031945,10.530482920569664,10.305822178842474,10.103036194925417,9.876378207836677,9.685074312675592,9.514646672319376,9.32384582695444,9.162581370641432,9.020862701736984,8.862026747298998,8.727806253544191,8.6115814076909,8.4812058305525,8.371268457393088,8.27764163664817,8.17252335123485,8.084304259449228,8.010646236946588,7.927874399878466,7.859013105442907,7.802957624803618,7.7399278476387225,7.6882853447159265,7.647732275984754,7.602121933153344,7.56576139829191,7.538841372328088,7.508551880646676,7.485692145816008,7.470709694978998,7.453811181837135,7.442791326725796,7.438187005361757,7.432891353184407,7.432156105827879,7.436487335546997,7.4411396419707305,7.4492352591564455,7.461166163540943,7.4742234895065165,7.48977629025949,7.508052999864811,7.528059391786611,7.549761449708375,7.573198508571359,7.598775544925475,7.625371615728808,7.652840474806572,7.68266257715951,7.712931625979303,7.74335960441981,7.776136714790049,7.808899197876057,7.841293380761668,7.875783935099699,7.9099365238382955,7.943312959109418,7.978465814102867,8.013026399491313,8.046456907096957,8.081443544857548,8.115583901081632,8.148367258654352,8.182450719834938,8.21551139749158,8.247120427312664,8.279726601885164,8.311220575938112,8.341309570296563,8.37202089178024,8.40163999084303,8.429979706405582,8.458612617357357,8.486235689918917,8.512737686403288,8.539314105815176,8.564994769401643,8.58970926826916,8.614403886666198,8.638327030889029,8.661400598787466,8.684488709906299,8.706917997356419,8.728568043407588
T27000logg3.4,18.609143819561673,18.09212320378678,17.523511531750525,17.060370623803124,16.60968629465593,16.11265187381094,15.70393032099978,15.313087738675733,14.880611438731226,14.522015703560248,14.184343575667999,13.809410923291134,13.496320824952102,13.205597462254582,12.881732802687267,12.609698969212609,12.360386828172299,12.081843211786786,11.846795648645871,11.634077997853911,11.395845483314487,11.194145056513984,11.013870959408088,10.811597770859887,10.639996258923459,10.48856637455241,10.318414286897896,10.17396679701486,10.048201243783144,9.906710341553405,9.786699168138103,9.683733349962989,9.567737463099986,9.469631057919262,9.386857685248959,9.29346905580855,9.214927545459883,9.149992550545491,9.076610847530938,9.015499958153814,8.966301670808807,8.910600314063306,8.864980736851809,8.829642717883177,8.789513433461517,8.75760038763164,8.734420219101043,8.707927814515939,8.688057031569247,8.675466815830529,8.660814032320818,8.651423442650675,8.647969694697446,8.643486795782348,8.643109212645207,8.647440044896815,8.651563879039546,8.65880841991924,8.669652603931945,8.680903691269897,8.694439001156452,8.71058899039404,8.727557659979995,8.74610130736573,8.766404487902745,8.787735960616486,8.810041694726527,8.833411219177673,8.85778279301326,8.882650706285073,8.9080776126057,8.934227912359157,8.960540757929005,8.987010473471456,9.013896351097648,9.040663347868685,9.06722348271669,9.094025284675759,9.12041472114265,9.146354653791875,9.17234038008155,9.197694030384039,9.222485614816843,9.247086201775396,9.270925100639843,9.294229723793226,9.317036660895754,9.339063710938586,9.360662254695471,9.381499678934958,9.401604628241836,9.421418940636666,9.44031722524956,9.458565241213979,9.476657165562077,9.493800317585995,9.510388610316948,9.526917419680974,9.542590109729952,9.557795635729304,9.572993545578464
T27000logg3.6,19.76651387843256,19.252245724149674,18.68601809472469,18.22428406866695,17.77417162678224,17.277246387402023,16.86813021593316,16.476232674971463,16.042163720159166,15.681800777133503,15.34187072786565,14.964077027731895,14.648179177668528,14.354312029334983,14.026644626742314,13.751018864677587,13.497916273459236,13.214878672438894,12.975653968884814,12.758679968455896,12.515451389923589,12.309138379237316,12.12427321284019,11.916631209827504,11.740087261194255,11.583822579293368,11.408029248956593,11.258395765110643,11.127626505708374,10.980309086169292,10.854943653092523,10.746869547051048,10.624937219501884,10.521372982371727,10.433442539780621,10.33406319858218,10.250003600170851,10.179896179675705,10.100498983081343,10.03383402245517,9.979466336133347,9.917742462312196,9.866552396801819,9.826063595808725,9.779924934703555,9.742441576643028,9.714140525802483,9.681664585263116,9.65623569881704,9.638562705374222,9.617961699319466,9.603034648831928,9.594541434115746,9.584151209365922,9.578261761989408,9.577596264264354,9.575847443127639,9.577598170736799,9.583481840269048,9.588885763841002,9.59693836637917,9.608157135707092,9.619295916186486,9.632360338095472,9.64775428181371,9.663265778659508,9.68009167897219,9.698576797827148,9.71713058330779,9.736517656086606,9.757084500286146,9.777418916987381,9.7982510736962,9.819871484239671,9.840959133592687,9.862248475715273,9.883960617088986,9.904995878099141,9.925915091441416,9.947007223304732,9.96726993418971,9.987169888171742,10.007120102961652,10.026052630007348,10.044465422671053,10.062944394732579,10.080148733669326,10.096789290803276,10.113588909046417,10.128897900836353,10.14366541669595,10.15871623945229,10.172165488844346,10.185132035543413,10.19850311148575,10.210280348183547,10.221649006569157,10.23350700229904,10.243900140757077,10.253954153261692,10.264539235322548
T27000logg3.8,20.133734121649795,19.61896010753033,19.05204873523827,18.589576320494366,18.13805742154286,17.639467740412137,17.228799646131755,16.834820472946316,16.398352886205238,16.03582057038914,15.693324579065962,15.312609211959582,14.994095925031747,14.697337380880569,14.366389422022786,14.087832931776953,13.831626280337954,13.54507119941537,13.302699901534428,13.082493512582058,12.835592815132832,12.625987277016417,12.437818665753335,12.22642079314286,12.046501888319622,11.88691522594736,11.707335606709659,11.554287839376197,11.420208085681223,11.269105030238688,11.14031506829213,11.028963480448391,10.903272416020766,10.796297050628073,10.705138784796032,10.602046728871137,10.514609071731073,10.441337609369425,10.358293811135905,10.288301193127555,10.230844039573748,10.165544139838882,10.111077392125136,10.06756926588171,10.017920442224382,9.977212913189664,9.945962699535194,9.91004779026737,9.88145056892333,9.86089816582087,9.83692493796861,9.81888132816314,9.807572778780852,9.793871114816605,9.784911735742458,9.78148821777918,9.776479908286039,9.77519855824774,9.77837236540671,9.780554222537152,9.785599362355644,9.794143387250703,9.802085067360537,9.812157116780046,9.824902427138294,9.83723204245165,9.851071435593806,9.866929422749795,9.882303284075205,9.898703580488553,9.916660548581822,9.933812198421176,9.951656611055538,9.97067398384021,9.988586616334958,10.006888858066727,10.025995201017523,10.04387502564782,10.061809140679994,10.08028838987258,10.097420145396708,10.114339363015256,10.13167003667817,10.147504060984634,10.16294833167959,10.178808442172022,10.192954283884115,10.206645910282296,10.2208346146162,10.233131523293205,10.244979041847657,10.257436071030662,10.267927194288077,10.278010888423786,10.28881394356971,10.297693242553185,10.306225332589124,10.315550643995469,10.323112205811595,10.330383244899545,10.33847851826263
T27000logg4.0,20.591601757748542,20.09557381724959,19.548843359792198,19.102441794192003,18.66594421287757,18.18358504763594,17.785944605755695,17.40391016600977,16.980408352318012,16.628350150770228,16.295288437273438,15.924860069532624,15.614688850424184,15.325308645044803,15.002435757445989,14.730437225715509,14.479919884780253,14.199608033326498,13.962298813903962,13.746387469566425,13.504206199378862,13.29840268996735,13.113370814038504,12.905418707319575,12.728239186903016,12.570825950291065,12.393629491036497,12.242426221639688,12.109718437662671,11.960106548327476,11.832402457321397,11.721750330484562,11.596799580674313,11.490267063563499,11.399245234319558,11.296262391606339,11.208721429746818,11.135114454588772,11.051643757882427,10.981079856403236,10.922887526634996,10.856705561004281,10.801268084899212,10.756687883089956,10.705767384437982,10.663741325532607,10.631127503318483,10.593598691924537,10.56337656405405,10.541206260861738,10.515320669976447,10.495384619032702,10.482238278451419,10.466366248781746,10.455280262514341,10.449828197524242,10.442422578336231,10.43880739661466,10.439785763804394,10.4393708557979,10.441898575211308,10.448101726895569,10.453267876487432,10.460655336613275,10.470929636988547,10.480322880017418,10.491330918519411,10.504611641929687,10.51691149807463,10.530359670797997,10.54565648042537,10.559621890994993,10.574416216450942,10.590701141199649,10.605347852672177,10.620526647376147,10.636841239074148,10.651412633829272,10.66617659170349,10.681822367357558,10.695633666189888,10.709359440773001,10.723832509041012,10.736356553332628,10.74860405730442,10.761598239705748,10.772463276002874,10.782972223805002,10.794301512361026,10.803359240841312,10.81204923677935,10.82166328886883,10.828962414872409,10.835919792275288,10.843902378853205,10.849637527127435,10.855075292150122,10.861605262452931,10.866066867910805,10.870275016624731,10.87560191389942
T27000logg4.2,20.91626492456428,20.422476325955706,19.878077390583776,19.43341657982547,18.997951540553323,18.51664475698116,18.119724068208775,17.737812450981515,17.314398455552368,16.96227531546041,16.628662301126603,16.25759874755157,15.94676761871608,15.656346228566566,15.332313664102301,15.059218665869858,14.807318285956882,14.52547387447124,14.286750746032581,14.06922025735964,13.825241763391045,13.617793358414582,13.430979301082521,13.221036233587721,13.042035158223154,12.882720239448096,12.70337903065817,12.550214229851372,12.415515303928798,12.263648513589512,12.133884227866465,12.021187907471273,11.893910848817898,11.785246683816766,11.692145783674217,11.586783737994576,11.497058604415757,11.42135312600539,11.335469618836372,11.262686218392087,11.202388793388852,11.133773453834275,11.07609097423978,11.029404318648616,10.976035424139704,10.931744166524192,10.897024838656169,10.857034583520687,10.824527970781055,10.80025229009729,10.77188998806283,10.749647240788573,10.734392205186285,10.716021837452164,10.702602320019874,10.695033283165147,10.685104557818788,10.679126439228947,10.677976072524341,10.675007250845024,10.675134315911246,10.679188456035345,10.681760654886556,10.686705762218464,10.694807505663437,10.701565928604014,10.71008697574415,10.721170884574342,10.730788817673432,10.74170540462229,10.75478435991889,10.766021948648145,10.778245123279776,10.79228853971343,10.804172021798335,10.81674223808779,10.830783093696937,10.842566770131667,10.85468945579873,10.86802778247594,10.879041749593162,10.890102103952708,10.902238059871767,10.911966317845756,10.921532374139995,10.932166812192875,10.940246659163375,10.948068499514473,10.957024953034772,10.963318963699152,10.969326882900557,10.97656502712294,10.98112884329232,10.985416904399228,10.991027791392646,10.994060472375853,10.996848591031025,11.001018553937445,11.002816748481154,11.004402669491416,11.00738890735797
T27000logg4.4,21.36009911127345,20.879649470617768,20.349394663941645,19.915859389879003,19.490669257106976,19.0202652423186,18.63195501148021,18.257798124420184,17.84261865208898,17.497004800555793,17.169101383066923,16.804104301961484,16.498051553552834,16.211693596523734,15.891967635392021,15.62222499564297,15.373057901660156,15.094091837998121,14.857553507612181,14.641688324910803,14.399433625455913,14.193212339835767,14.007201439701038,13.798041839703737,13.619484266346783,13.46027988088098,13.280964720305306,13.127603313334282,12.992456401763928,12.83999703536054,12.7095095615223,12.595913403606929,12.467542686279725,12.357725886514354,12.263363884433156,12.156503266084947,12.065273873428039,11.988016585226571,11.900304223223062,11.82572683946051,11.763642142218412,11.69292406194218,11.633203949149086,11.584535449066152,11.528834317830798,11.482299545486383,11.445436542444666,11.402920875738479,11.36799670209198,11.3414428172724,11.310390901476365,11.28557707990351,11.26792541702695,11.246714924030922,11.230585905711841,11.22051486593664,11.207613456237928,11.198799626882742,11.195051863009834,11.188985539229245,11.186158752780914,11.187527679648369,11.18688701595041,11.188768219196835,11.194104359302353,11.19754538333402,11.202903739571301,11.211154859328463,11.217360017146138,11.225025512559371,11.235217504944028,11.242956015904756,11.251855321823843,11.262965429804762,11.271290872479335,11.280483982406077,11.291549508645542,11.299746978461418,11.308456061714883,11.3187839489755,11.326207273679731,11.333835130699722,11.342937603659905,11.349092863620248,11.35522548318756,11.362817648910411,11.367357304570312,11.371758020413575,11.3776747774976,11.380471300107043,11.38308126465581,11.387291791024747,11.38840781606384,11.389328021918425,11.391930480023504,11.391567281913655,11.391020430802978,11.392205364911593,11.390656853836182,11.388941200559994,11.388968436827225
T28000logg3.0,12.35913488948299,11.873832899953948,11.34396912676235,10.915190764864075,10.498665410958974,10.042483012845278,9.669846288905974,9.31417797348433,8.923318588464422,8.601505486614172,8.299178893772915,7.965847160352881,7.6896256909517335,7.433951829922388,7.151237962486934,6.915807783066308,6.701005349543358,6.4629307233562,6.26403038723537,6.085166846807216,5.886627927428176,5.720537063717768,5.573429874164576,5.410065872062002,5.273517010892462,5.154578680335705,5.022560384880167,4.912595284896524,4.818653740931803,4.7144961669731345,4.628349774233956,4.556509244605546,4.476982096729694,4.412053124000284,4.359655103376802,4.301818367547716,4.255727516690333,4.220397760478558,4.1816618823431515,4.152279474412358,4.131930559007764,4.109995263295722,4.095391487502513,4.088161215135701,4.080933298572201,4.079322768028836,4.083517073223407,4.089067781899473,4.098786813667422,4.112854716931914,4.129408435822811,4.148906616263742,4.171420276641563,4.19734216729663,4.225185562918542,4.254834723128574,4.288629294679744,4.323490023484147,4.359063861407927,4.39933820606775,4.439962556819863,4.480321541879119,4.525760895053398,4.5709517999679905,4.615016541319402,4.664365107255538,4.712966119921932,4.759702654840898,4.811761453725685,4.862662746298337,4.911129555078507,4.9647417358451005,5.01691173112298,5.0662243207168745,5.120369474284412,5.172883576796077,5.222198342768904,5.276055418867123,5.328117139572629,5.37677108785679,5.429609145372689,5.480564507376794,5.528038864462868,5.579272553173806,5.6286146944446696,5.674547925714511,5.723735136412591,5.771124915467167,5.815261337462988,5.86219443336477,5.907478845697467,5.949704749246404,5.99437334582409,6.037568168194141,6.077899576098863,6.12044013287697,6.161688083588483,6.200233557604074,6.240886243361727,6.280413595230289,6.317350308720424
T28000logg3.2,14.867775008806166,14.368445236973376,13.821009998523014,13.376423643714494,12.944800294478895,12.470252678396458,12.08122650376888,11.710134599677808,11.300782972295014,10.962494134088315,10.644824501814554,10.293222014586377,10.000696437308077,9.729948253209733,9.42933892887848,9.177894302691696,8.948359950201294,8.692828326747193,8.478249473699991,8.285013903369299,8.069456239014132,7.888021207553999,7.726886349215209,7.546907972198906,7.395322252800028,7.262668470909685,7.114409839699944,6.9896992801490985,6.882338309042046,6.762318245039324,6.661734307662696,6.576787040533285,6.481812383106106,6.4027907316428925,6.337630765100423,6.264787356574348,6.204964241704641,6.157226955035821,6.103919250597238,6.061161108132243,6.028754868110921,5.992670808071659,5.9650450595145,5.9461063478777705,5.9251517200733765,5.910878551788175,5.903715720193936,5.895963970340931,5.89338077100296,5.896435526661493,5.900096344203656,5.9076441257578125,5.919473881733007,5.93289407696114,5.949119785669398,5.968391760262745,5.99003551252367,6.01357210492367,6.039040498368266,6.06746381457615,6.0970118922864085,6.127499622672187,6.161335773485945,6.195650237807074,6.230038968005098,6.26797537417089,6.305845499454939,6.343067520533927,6.38383165135191,6.424088243726379,6.463162906801962,6.505526665657593,6.547081482242765,6.58705185480532,6.629969729057727,6.671855845148485,6.711814340604325,6.754466462572447,6.795867980303545,6.835126080308878,6.876782912673844,6.917045780279818,6.9550811545933815,6.9951714361830115,7.033808619945892,7.070275130851232,7.108378363025925,7.145073875686657,7.179734637055458,7.215659783059698,7.25028300981307,7.283041687783944,7.316802509115945,7.349396119121671,7.380292849915643,7.412053223284557,7.442789847928642,7.471960211386903,7.501985363490609,7.531117907670364,7.5587680530874595
T28000logg3.4,16.387379265111257,15.893128463174893,15.350234825879422,14.908562018146544,14.479232711155158,14.006359308404877,13.618011485585663,13.247110645515644,12.83725372825372,12.497908460247697,12.178826912736941,11.825047207455563,11.530114420868724,11.256731406029946,10.952660189506963,10.69774972676512,10.464636278233751,10.204643124949005,9.98576019573169,9.788210848606585,9.56740061101593,9.380981584353538,9.214945130760189,9.029074142104548,8.871948921082884,8.733923282626424,8.579255869150215,8.448550533002521,8.335438477606981,8.208599601684309,8.1016580237183,8.010666029344053,7.908562656036908,7.822905397557977,7.751484929273888,7.67129007173927,7.6046241567533555,7.550473782037469,7.489648566818549,7.4398852836551965,7.400951975103595,7.3572219369159315,7.322464933055224,7.296918278782226,7.268228706320879,7.246732089909433,7.232909395378674,7.217365626155699,7.207498311696,7.203867212182284,7.1997121483373165,7.199943680827299,7.205083470513344,7.210685468342985,7.219581721513021,7.232174790238133,7.24601168771895,7.262215258033277,7.281023242564197,7.301653018091827,7.323867151620968,7.347716191407474,7.373772859776556,7.400752104651173,7.4285238265321425,7.458690998092538,7.4892230532685575,7.519857953914958,7.55285514867122,7.5857731260653765,7.618290789094668,7.652891800172709,7.68710768438101,7.720531945498235,7.755711810454514,7.790261684783323,7.823676269429617,7.858629790442231,7.892702828787003,7.925419830914708,7.959429411790369,7.992382687326717,8.023888401987008,8.056396712102279,8.087758854615211,8.117720330408682,8.14832412944629,8.17779958378792,8.205997785365135,8.234522065021284,8.261996174731786,8.28834795198794,8.314817466752428,8.34034712578055,8.36490592566805,8.389497174549646,8.413268030652755,8.436181829056213,8.459168315042236,8.481443679198875,8.502931020616385
T28000logg3.6,17.0278628980854,16.54937203238269,16.02310780559923,15.594425620055478,15.177076953018519,14.716858623627616,14.338430967507554,13.976481321934155,13.576087734487027,13.244157087751905,12.931611862889733,12.58473588371036,12.29517897584076,12.02640340001275,11.727178734704452,11.475983316157862,11.245930435182697,10.989119399453923,10.772586771901988,10.576843144524329,10.357854582174213,10.172657767981596,10.00740421825039,9.822229270005556,9.665377737795431,9.52728278677401,9.372369100525248,9.2411407418512,9.127254271508274,8.999391930822686,8.891265621402377,8.79892135525887,8.69516271456837,8.607780029420317,8.534543825431033,8.452183415090513,8.383346843565446,8.32700308716864,8.26358836493413,8.211280965775813,8.169842713164176,8.12316751474096,8.085549556509221,8.05723738432509,8.02530337926413,8.00067971674034,7.983876733593374,7.964845108768424,7.95163235683588,7.944847772542465,7.937008733161063,7.933718641074243,7.935568168916879,7.937330784929007,7.942562115926981,7.9517558608477925,7.961624131030456,7.9740418451176165,7.989361081908472,8.005912756547328,8.02423601088819,8.044521476377378,8.066404349694716,8.089402740326978,8.113550532899536,8.13946931564814,8.165950727226827,8.192925705422978,8.221614090603305,8.250431472849517,8.279269269433083,8.30952562229488,8.339613267858772,8.369342534302175,8.400177201715696,8.43058987289812,8.4603019391365,8.490934326819547,8.520878083111054,8.549896171480261,8.579628819953204,8.608478234013672,8.636302710476508,8.664596407594818,8.691897721629719,8.718210170638429,8.744676477408545,8.770148610023071,8.794742792714795,8.819215964893925,8.842754613651708,8.865556494525585,8.888065544847233,8.909730919675281,8.930797697663785,8.95151715037945,8.971495508769845,8.990977670385941,9.010178356150405,9.028731694387833,9.04684932650878
T28000logg3.8,18.58863654838367,18.102860810627163,17.568183973409244,17.132269911130898,16.707028623940694,16.237755933652963,15.851507823263395,15.481299587856494,15.071454840164154,14.731314776269429,14.410313674007304,14.053767931713377,13.755760657206016,13.478449434191168,13.169458129020109,12.909677560478713,12.67109107285027,12.404506005088894,12.179335976095953,11.975122143589983,11.746418881952252,11.552588980968382,11.378964023976824,11.18417217435026,11.018734200808586,10.872395527961263,10.70799804086263,10.568261589355942,10.446276525433547,10.309080874398877,10.192545439120206,10.092258157809772,9.979331413098386,9.883653719661904,9.802635783353736,9.711278137422365,9.634269913204323,9.57030867802943,9.498071778315381,9.437722316701548,9.388830407824646,9.333508394406095,9.287981470198467,9.252377683857798,9.211969915655393,9.179568219590575,9.15562863566469,9.128285816653804,9.107419618306347,9.093644375027036,9.077646573270755,9.066819053444423,9.061812510945085,9.055554235217036,9.05335326387879,9.05581289830917,9.057783592399575,9.06286162756882,9.071554847614498,9.08031760505108,9.091382121774151,9.105137367419193,9.119322932367105,9.13512629025675,9.152822637506402,9.171114694371669,9.190449459641435,9.211043156849696,9.232159217984307,9.253870256877615,9.27639063419237,9.29911824252246,9.322132813602243,9.3455900980226,9.368944960936787,9.3923152885869,9.415785700109932,9.438999455244172,9.461933961195438,9.48473650983403,9.507120348954627,9.52899807339744,9.550634309891846,9.571655880354044,9.592030206828206,9.61218766577407,9.631467548400632,9.65006874939397,9.668551582208437,9.685934379290455,9.702669239047037,9.719413535161893,9.734936909068725,9.74987769351809,9.76495216910325,9.778800558221938,9.792145158594522,9.805711847810647,9.818165406867234,9.83018879090857,9.842480329721749
T28000logg4.0,19.11413395763903,18.64345525643992,18.124816546079355,17.701538217627622,17.28807946804009,16.83134038492214,16.455017916077146,16.093874780968072,15.693686336003386,15.36121250076055,15.047070144518212,14.697838260433764,14.4056329101361,14.133398417390975,13.829817215993634,13.574299969391472,13.339342081544928,13.076604118089179,12.854416332303273,12.65264300738951,12.42649582493265,12.23458044198193,12.062421762754052,11.869122998080993,11.70470859774356,11.559032709645248,11.395241313716152,11.255778954461608,11.133788704160155,10.996460832160665,10.879569371559127,10.778722080758387,10.665045804964228,10.568481921597831,10.486443682901157,10.393826511272986,10.315490177857773,10.250130858099649,10.176210702399178,10.114162323428426,10.063559863966981,10.006198253231023,9.958654470141802,9.921074457799422,9.878319630196259,9.843627400854212,9.817486272503498,9.787535574213146,9.764143598557652,9.74797487217634,9.72914332109623,9.715583740643677,9.708017049526386,9.698726755113274,9.693611635955838,9.69336553678996,9.692129906254529,9.694132112536254,9.699992588467662,9.70539279512371,9.71323362271551,9.724041573494825,9.734722155894088,9.747169257707174,9.761818500543267,9.7764827814315,9.79234534939835,9.809811523532229,9.82718915168042,9.845329523300935,9.864659868604674,9.883559425200108,9.902928049613703,9.923143417980574,9.94261638904896,9.962289280408859,9.982475822213832,10.001787210368267,10.020994562614522,10.040484506072522,10.058972468740382,10.07711445751411,10.095425320532584,10.11258014392852,10.129230127976896,10.146065832823137,10.161524368414277,10.176427326822221,10.191604575218236,10.205221726181914,10.218295457854884,10.231760103673587,10.243578801255909,10.254900233958384,10.26672614443664,10.276930906061574,10.286700763293593,10.29705425626624,10.305923349272431,10.314416020771572,10.323531197382131
T28000logg4.2,19.52541409700556,19.06346932384273,18.554257878320083,18.13845489992108,17.731522384356733,17.28184178171972,16.911133534391244,16.554707315117593,16.159644972603893,15.831244721076857,15.520367571277905,15.174702757666884,14.885310201501682,14.61518262072912,14.313921554390197,14.060197583420551,13.82643343160631,13.565022206257826,13.343804191303462,13.142502877917442,12.91689084509502,12.72528054775788,12.553022305376517,12.359618001140785,12.194961314083582,12.04872179660752,11.884300288876016,11.744147512334838,11.62122291358201,11.482844400490087,11.36489858055428,11.262821322002562,11.147753965778199,11.049835763998024,10.966328663554247,10.872040447235857,10.792102439036702,10.725081721053165,10.649261775726007,10.585405249804436,10.532983664795665,10.47352947571795,10.424002616310482,10.384472199042943,10.339462212633729,10.30263627605746,10.27443312624565,10.242086158363108,10.216429549672002,10.19810419330211,10.176756921934873,10.16082029042419,10.151017696899165,10.139107579105152,10.131515540052137,10.128964374824983,10.12501610980705,10.124451610882407,10.127945559580018,10.13054901194273,10.135740371768282,10.144125994919722,10.151931188538743,10.161651629848489,10.1738273924247,10.185545810045271,10.198613899304263,10.213566738173,10.227937438286027,10.24322827952005,10.26001755697025,10.275861223698339,10.292338140471685,10.30998834022244,10.326375125035565,10.343125954940605,10.360724640906188,10.376939431283638,10.393205410001665,10.410088911163438,10.425486147883746,10.440680186535314,10.456374504110123,10.470460267897495,10.484168045155004,10.498386839639332,10.510808830456623,10.522785874257504,10.535355209918771,10.54597712096529,10.556151032644456,10.56702580430048,10.575896598384974,10.584349847383129,10.593609019145704,10.600913703464467,10.607849454944988,10.615663223703438,10.62168110674313,10.627376620815538,10.633982659822037
T28000logg4.4,19.96801653207227,19.517721004985038,19.02090448946255,18.614871453851762,18.216866187033325,17.77670026664644,17.413524278511513,17.063796497254504,16.67589276574028,16.353171632604816,16.047205898003902,15.70681326546133,15.421593774815852,15.154958939305397,14.857451641232496,14.606671987686099,14.375266134060684,14.116393927192908,13.897127091825542,13.69728491204217,13.473232511727431,13.282758739198073,13.111232809457482,12.918593148307469,12.754411904319275,12.60832888152191,12.444036328042532,12.30381681150459,12.18057844065731,12.041798377107751,11.923334545376886,11.82056016783304,11.704663950140162,11.605861140414158,11.52135077926574,11.425887653580435,11.344763628157043,11.276492767106912,11.199214353386717,11.133919965160597,11.080043736352284,11.018886055126096,10.967702013871904,10.92654113052103,10.879616703303943,10.840943136951527,10.81095881422102,10.776514602534476,10.748843331127727,10.72860562077604,10.704997713193425,10.686894842183618,10.6750615750116,10.66074165194288,10.650844701010172,10.64615510343025,10.639660803435133,10.636661692472229,10.637916774335936,10.637841994570419,10.640473200948632,10.646523420554585,10.651525918411526,10.658568536421154,10.668319497608412,10.677120999790503,10.687403347863858,10.699853007041781,10.71120251461423,10.723611878780753,10.737834062134347,10.75056410056775,10.764079726749623,10.779108263560662,10.792312132858907,10.806039017769022,10.820965987843795,10.833956772874668,10.847153531890802,10.861323573985343,10.87347857202165,10.885573410013269,10.898522709732275,10.909366535412243,10.919961407017004,10.931417224888074,10.940613068696077,10.949477523714673,10.959277549532178,10.96669992747645,10.973771040115457,10.981878973604733,10.987583283822898,10.992952715109109,10.999456286467227,11.003633599066092,11.007508407240014,11.01258225289534,11.015509123698063,11.018166578789529,11.022050479584111
T29000logg3.2,13.00690221604474,12.501507419859433,11.94863248278945,11.500419726402422,11.064937280869737,10.587132796635737,10.196119135011601,9.822836120401323,9.41189668514357,9.072903243793425,8.754337929028022,8.402473414270341,8.110290221232429,7.839701805181103,7.539922189710117,7.289697741422944,7.06119937809205,6.807413552099493,6.594813447507531,6.40336791238952,6.190355516808637,6.011572812832802,5.852887523311014,5.67616814169013,5.527850735078504,5.398242442613105,5.25388759366731,5.133002074930593,5.029213106870005,4.913651858756378,4.817373185777355,4.73644275673683,4.646382083380792,4.572063082210411,4.511281630945544,4.443721808305884,4.388932852268981,4.345871512533719,4.2981571735041815,4.2607161178713495,4.233234565514726,4.203002696384261,4.1809289625770605,4.167114653353999,4.15221411021744,4.1436779291332835,4.141792286257513,4.1402451036556,4.143537829402268,4.151982045230867,4.161950921799435,4.175470534249158,4.192765112794322,4.212557611432358,4.234818970355201,4.259603642170203,4.2876589058795584,4.317272531819493,4.348280029693025,4.383132911718259,4.41877948318238,4.454812930172397,4.495077316133685,4.5354950565750505,4.575419590602554,4.619769471377664,4.663736086351485,4.706466856926178,4.75362792914288,4.799967442883583,4.844516904780599,4.89325507012303,4.940876654070419,4.9862972904727565,5.035556384992544,5.083492322058267,5.128883675172141,5.177829092779124,5.2252555353497785,5.269924627843987,5.317816932269679,5.364070724811054,5.407488252853959,5.453745776209941,5.498326510974116,5.540135873204346,5.5843282414102156,5.626910157299608,5.666866843138655,5.70880051734711,5.749248468988058,5.787253582990767,5.826941584403587,5.865297493704407,5.901390150652868,5.93899700663341,5.975431960924783,6.009745649348934,6.045537216641547,6.080304756827428,6.113042963301315
T29000logg3.4,14.459454075964299,13.964510685196519,13.421645765570966,12.980553643981022,12.551999504728256,12.080646745040328,11.694053519824793,11.325028483807793,10.917821227279799,10.581142554308066,10.264778849776775,9.914531576403549,9.622997036949467,9.353000057797841,9.053166849570166,8.802252497291224,8.573063149250682,8.317884000919609,8.103497250860372,7.9103165093190855,7.69480276342144,7.513308931686825,7.3520171598616715,7.17185553738647,7.020028706593651,6.887069708659172,6.738467475630367,6.613385981019128,6.505616584158065,6.385141288524117,6.284097893164265,6.1986751190530605,6.103174726913055,6.023640034560638,5.957968369986011,5.8845631257780955,5.824200409792319,5.77593776728394,5.722052059360211,5.678742373131804,5.645808333905956,5.609137424046079,5.580954004965495,5.561489616643823,5.539945321493229,5.525114314354367,5.51743277103366,5.509095027536054,5.505959023286708,5.508505494234816,5.511588244522491,5.518592330825532,5.529926942738053,5.542780559022646,5.558473173061387,5.577263807754473,5.598349609513688,5.621359458370917,5.646356408859232,5.674223102010512,5.703243554745841,5.733263828048917,5.766535660975206,5.800312580852305,5.83423030789597,5.871584618515004,5.908898909900166,5.94564400530736,5.985798009196131,6.025475406275901,6.064062156792816,6.105783394714235,6.146731796673304,6.186191098007055,6.228441710881365,6.269692663390003,6.3091108971829675,6.351072749327807,6.391808163886204,6.430493659406755,6.471439822416533,6.511008655337884,6.548441542711359,6.587807121665804,6.625728978313276,6.661568935823854,6.698942799731562,6.734912850115322,6.768933110585881,6.804136220809772,6.838035296424957,6.870149120283209,6.903204500355011,6.935084922557586,6.965341152351238,6.996421439021079,7.026464090671841,7.055005955525436,7.0843827050029,7.11284731911258,7.139888265707739
T29000logg3.6,14.968748423138383,14.50281923735424,13.991016096267156,13.574604933569447,13.169664526961345,12.723688270251957,12.357434636563083,12.007552908683133,11.62100355583859,11.300993787185291,11.000078570325062,10.666556699698466,10.38858009051693,10.130956760956446,9.844557943849628,9.604558008384693,9.385169538356191,9.140645258295823,8.934904805068083,8.749347212159469,8.54211811427113,8.367312805501932,8.211790230145526,8.037880901518077,7.891041422852976,7.762259005285243,7.6181526456888005,7.496578724059773,7.391618540490188,7.274137625099776,7.175327355753024,7.091550098482526,6.997768587751102,6.919377561592351,6.854369605359007,6.781608295310209,6.721460239463058,6.673032705201621,6.618869992757761,6.574970397673499,6.541161515851274,6.503418330755858,6.473945594371943,6.452995972225463,6.429692639347678,6.412966324531686,6.403276748063194,6.392595697747642,6.3870492565762715,6.387148334249281,6.387400814389813,6.391561467401015,6.4000824127447276,6.4096967652186665,6.422179976006707,6.437850993989985,6.455354094148424,6.474844632128156,6.496466957197886,6.520459980063984,6.545696689281383,6.572129896781915,6.601283341393549,6.6310556653774455,6.6612148635004305,6.694255457129008,6.727389916492788,6.760253922767914,6.795940089777322,6.831308442901154,6.865929328486411,6.903080745343037,6.93963490198667,6.975067652232818,7.012702921826123,7.049513795080553,7.084873978737031,7.122218886719172,7.158504890521426,7.193130093871351,7.229494140806933,7.264638274904749,7.298037085287129,7.332887224861521,7.366439186338125,7.398295279091596,7.431245817787146,7.462924019051714,7.493029671806823,7.523915072522856,7.553613048776415,7.581891204592386,7.6107395519322,7.638513193000696,7.6650158388512395,7.691996680243399,7.718024225481045,7.742893566626924,7.768270878419713,7.7928057696790685,7.816252546175404
T29000logg3.8,16.9561793857442,16.486554761729415,15.969998438244938,15.549158426878254,15.139093974189569,14.686881255254244,14.314971488839614,13.95894723921674,13.565093818116091,13.238523689576699,12.930753254276002,12.589176970935535,12.303985567899417,12.039018589993528,11.744044181367801,11.496358984973371,11.269299263081503,11.015848201631641,10.802093639093016,10.60865855600411,10.39227808169256,10.209232397697113,10.045708847126804,9.862507053799392,9.707274729939396,9.570427360409953,9.416954490998066,9.286892437659606,9.173846873121052,9.046971141618089,8.939621384613845,8.847772597185742,8.744611646935374,8.657668124344934,8.584631455847891,8.502533897475283,8.433844707437013,8.377448492773873,8.314011267963343,8.261602448573903,8.2198998093818,8.172962521144001,8.135030156670616,8.1062734782886,8.073869161517877,8.048744745585505,8.031341460625207,8.011655574726989,7.997774577364838,7.99025057046637,7.9815900106794135,7.977478865746972,7.978463814471714,7.979253839606588,7.9835260936621495,7.99174379219578,8.000503839945008,8.011838031105642,8.026082029644952,8.04140603285401,8.058535550986312,8.077659176862273,8.098207885270055,8.119913371574436,8.142822782655012,8.167311928696073,8.192412151387405,8.218083768150962,8.245261153609501,8.27262462699138,8.300109224998312,8.328788475124798,8.357365660909874,8.385704390222198,8.414917232805738,8.443782378004858,8.472080368021636,8.501070066723646,8.529448767762608,8.557043765397166,8.585132646597671,8.612414984400925,8.638818868025432,8.665481979680115,8.691227124122296,8.716131768398393,8.74099368069078,8.764932218737401,8.788140610796168,8.811045066996922,8.833080298782123,8.85452431797574,8.875505181638625,8.895701947864293,8.91544245771703,8.934676419148392,8.953223043488936,8.97141261501898,8.989171609246146,9.00633234168712,9.023192610825651
T29000logg4.0,17.295358376140104,16.85284981015159,16.36558597646364,15.968185927741663,15.580322345291595,15.152180742391986,14.799700990611964,14.461762083496168,14.087599794889698,13.777039424843991,13.483937002255692,13.158400618103707,12.886324308996365,12.633193062641238,12.351217359965935,12.114201870006118,11.896626106056962,11.653624879962305,11.448462325424984,11.262541984704631,11.054462856182097,10.878235335263225,10.720567635947738,10.543842487826549,10.39390576201141,10.261507098059791,10.11295465854993,9.986879277103728,9.877087207980301,9.753806086613645,9.649315783871781,9.559701524142456,9.458998422896578,9.373942406482794,9.302272366975483,9.221667119027412,9.154032741609441,9.098268038396757,9.035495642776135,8.983420805221478,8.94171909573006,8.894731086494648,8.856503976855555,8.827203052849345,8.794125373762833,8.768155852218092,8.74973545380509,8.728836159803679,8.713633081054713,8.704686498949801,8.694351783726436,8.688507204909294,8.687722457439232,8.686439289814327,8.68861951058312,8.694767503528604,8.701108928990648,8.710039728501004,8.721957153530308,8.734565797469532,8.749023657908067,8.765602989946245,8.783182931373691,8.801986553465884,8.822168666388603,8.843477062701172,8.865484761501133,8.88828656721038,8.91211167077269,8.936235737233135,8.960746304115478,8.985950198443797,9.01118375919204,9.036471943361779,9.062135852227527,9.087590982587365,9.112788424228306,9.138198823291608,9.163136180215051,9.187607165020072,9.212123454678643,9.235964744520604,9.259246732400296,9.282373247250806,9.304703535775758,9.326509167553393,9.347891296360036,9.368459400157377,9.388607031983046,9.408100390042033,9.426820518707222,9.445251188437762,9.462893039396246,9.479832468362167,9.496609894176721,9.51257352704878,9.527917940935174,9.543193746599405,9.557742957452088,9.571749695413919,9.585741544227123
T29000logg4.2,17.597721797427205,17.167038736203686,16.69258781040886,16.30543961327714,15.926944237700713,15.508984703965277,15.16470818327106,14.834086070388759,14.467913012627921,14.163817846420335,13.876338563476889,13.556974290872594,13.289903714135605,13.041007714579099,12.76370623357352,12.530478150197208,12.316003109270138,12.076445720682631,11.874053732475456,11.69030302711885,11.48464003462188,11.310323606734935,11.154050155767965,10.978882588800488,10.830131282770912,10.698483247192035,10.550764483996314,10.425254160448436,10.315667434374966,10.192606513558164,10.088158331479692,9.998299736801297,9.897314157702356,9.811861821120981,9.739573831078594,9.658258786496297,9.589855693320143,9.533161711526299,9.469325504170396,9.41616709827921,9.37327570661228,9.324916704235706,9.285331599133688,9.254616650590794,9.219902754608821,9.192335630457917,9.172307084454236,9.149542360530528,9.13253476203767,9.121815495637277,9.10941882512002,9.101588678136906,9.098888986813744,9.095370129424342,9.095404835469996,9.09951425977846,9.103469283019441,9.110112857829973,9.119883406069308,9.129964806355114,9.14200094907186,9.156331370071682,9.171254921344413,9.187517110354822,9.20536200535183,9.223903386062267,9.243266359547675,9.263659800830766,9.28462255396335,9.306016453406041,9.328064123270684,9.350329095426101,9.372767397308708,9.395549612074607,9.4182240739726,9.440836385132469,9.463492358921325,9.485886171830263,9.507949103963531,9.52985212688544,9.551345960685007,9.572298661591622,9.59299883217454,9.613117499356374,9.632561484166922,9.651785030880133,9.670188828702106,9.687888213920806,9.70546634495596,9.72202507320689,9.737907177691374,9.753792231897771,9.768550594041605,9.782689437020846,9.79695093077076,9.810084345857163,9.822668469309964,9.835461902366315,9.847234547241644,9.858523667551172,9.870069728686667
T29000logg4.4,18.459058113161795,18.034625309122365,17.56677993051103,17.184765329379854,16.810675162730206,16.39735579333686,16.056663856850427,15.728945807431675,15.365816167480038,15.064031158696526,14.778262871172776,14.46066542838473,14.194864434789057,13.946723958290082,13.670150195532619,13.437331195277192,13.222837659893667,12.98316041518168,12.780469558509349,12.596077841533411,12.389612975441086,12.214417153115384,12.057001536473265,11.880469469581694,11.730353029190544,11.597149469153505,11.447602218857591,11.32032388996672,11.208847158074915,11.083574371606517,10.977016741816566,10.884986990778447,10.781464396184507,10.693613514442927,10.618922442848863,10.53480306413091,10.463759534983293,10.404472313860323,10.337607307941719,10.281604055697416,10.235962471304166,10.184391004935325,10.141790764903899,10.108197570820334,10.070117339664613,10.039390583597973,10.016377427830111,9.9901149923203,9.969819409624208,9.956021890992533,9.940005543887066,9.928769935491262,9.922907561442305,9.91566192635492,9.912185917118522,9.913057914147844,9.913187065932469,9.916222754450558,9.922687351471568,9.928857940970838,9.937202828940478,9.948170635147319,9.95910651084321,9.971597389323767,9.986024972409668,10.000504988321175,10.016024181305557,10.032954744061996,10.049791455558223,10.067278685651802,10.085828856081802,10.103910439183453,10.122390742674678,10.141645747463258,10.160099433856058,10.178717530666622,10.197820795720858,10.215979995282893,10.23402613863276,10.252357044380558,10.269620019862362,10.286545816191405,10.3036631171921,10.319569282015255,10.334989477642056,10.350629664490706,10.364852036869976,10.378541058188107,10.39254429129302,10.40495933394051,10.41685230030762,10.42917818735865,10.439837300632199,10.450016262932213,10.460741889837958,10.469825394918328,10.478484464840104,10.48777111580566,10.49554538995714,10.502948174012863,10.511020880682672
T30000logg3.2,11.623339533286522,11.11390545025405,10.55803114478268,10.108179471678845,9.669379788190295,9.189084242315683,8.796676311970733,8.420530576249423,8.007424301627339,7.667184808788245,7.346110627829752,6.992345850076971,6.6990571630489,6.426293759153625,6.124908018017734,5.873776806386217,5.643483998929126,5.388452837829936,5.175213578273164,4.982394503269229,4.76854936348759,4.589455333532956,4.429850478343527,4.252757545112201,4.104504187343978,3.9744473840622434,3.830191722999075,3.709761980991692,3.6059854474975213,3.4909690236071556,3.3955142555242603,3.3150118610734856,3.22588626099373,3.152714663298204,3.092718407353373,3.0264215708469577,2.9730550691060174,2.9310778569152225,2.8848965071631447,2.849106847607069,2.822953529361817,2.794469544871461,2.7742241582162865,2.7619234819791045,2.748916972235262,2.7423221070895267,2.742072168950904,2.7424955577456016,2.7477844719015723,2.757934632370099,2.769899838994777,2.785426873542427,2.8044594065790753,2.82623755929163,2.85048647261677,2.8770128482753483,2.9070228664768996,2.9385919792382733,2.9713305736719695,3.008107784140822,3.0456803156732257,3.0834310088413424,3.1255924396342807,3.1679068967812034,3.2095297068376367,3.2557500912759876,3.3015896795164865,3.3459959433987203,3.39502020680665,3.4432282740915205,3.489437557634963,3.5400629829483647,3.589571252686613,3.636662331198172,3.687840406579228,3.7376984209662334,3.784799680162249,3.835697444718028,3.885095873252605,3.931529002426373,3.981412137815392,4.02968969953887,4.074927066671745,4.1232104084033745,4.16986150475316,4.213542965011575,4.259797728242247,4.304498126738798,4.346380901592259,4.390422414600624,4.433041731726711,4.47303280333324,4.514875485839375,4.555456245965483,4.593595060970334,4.633402857462348,4.672116836511902,4.7085372311654385,4.746579623456423,4.783683410356548,4.818587078872094
T30000logg3.4,12.657660824397272,12.167322798530405,11.630463411072773,11.194897389076273,10.771600331157037,10.306828111816179,9.926207814465949,9.56279165831933,9.162466027576471,8.832002095002967,8.521421513854563,8.17818470500043,7.8929743639147345,7.628822589901313,7.336029916022047,7.091476312088167,6.868140076752354,6.619977545201323,6.411944980500733,6.224591490425485,6.016045974176182,5.840885806892289,5.685389503202549,5.51215323113899,5.366642084733414,5.239450123767838,5.0977299613678095,4.978943356701584,4.87691022496062,4.763264800959187,4.668482616967488,4.588752923289315,4.500006116672523,4.4266750711473435,4.366630745547431,4.299881519970034,4.245651896134983,4.202941769220667,4.155613436371532,4.118364401124202,4.090906248527635,4.06069608460029,4.038500348872642,4.024433463293287,4.00924879889309,4.000323359334528,3.997952256621884,3.995859310855613,3.998534699310656,4.006296422961593,4.0155005928730585,4.028211265482506,4.044658680582777,4.063501318528553,4.0847899450893355,4.108588194729409,4.135535243195581,4.1640347923594785,4.193937871057395,4.227544967416385,4.261954798312086,4.2967843309084754,4.3356850634703274,4.374758750511037,4.413395187155785,4.45627687700895,4.4988047737479855,4.540180397644791,4.58577963682213,4.630601019131275,4.673742623970377,4.720843931643386,4.7668824823805975,4.810847378314284,4.858415285068451,4.904716242701086,4.948612020180836,4.995832085606118,5.041587521692476,5.084733591347811,5.130883773509182,5.1754467974673215,5.2173270822857765,5.261843734363316,5.304731816240294,5.345003812146363,5.387474170708091,5.4283786231914215,5.466811600267038,5.507056316625748,5.5458548914410715,5.582359636260035,5.620400716180661,5.657142929700738,5.691764844186751,5.727772887567585,5.762635872962905,5.795513651311789,5.829758710834653,5.862999207171984,5.894340518071406
T30000logg3.6,13.514958485930611,13.047873781810754,12.535469205559115,12.119041926382797,11.71422182266976,11.268941822244892,10.903684362466844,10.554875399281629,10.169995809831384,9.851759463590435,9.55263665637815,9.221527803158567,8.945928978080639,8.69064683028445,8.407230175742784,8.170080403922437,7.953455635943408,7.712355897715481,7.50984321390965,7.327383263354538,7.1239370800061455,6.952672404684196,6.8005207263970435,6.630689262145049,6.487651782587944,6.362463386456933,6.222676272246585,6.105121096134917,6.0039366781508265,5.890965722773084,5.796345502647027,5.716482454176287,5.627349048759358,5.553274720134095,5.492278104773417,5.424259096572205,5.36851898812159,5.324168690601991,5.274814379546422,5.235392698892028,5.205708335179836,5.172826175218578,5.147888614451058,5.1310988432543185,5.112695048896645,5.100545995566886,5.095037854332721,5.089274210590213,5.088326867698801,5.09261217229132,5.097780664702254,5.106546382502718,5.119246539622281,5.133763724827491,5.150847211284054,5.170681929143393,5.193066907296405,5.217147744684491,5.242914344113158,5.271770484902047,5.301589416197729,5.3321487735588695,5.366147120180042,5.400491695343982,5.434756677639691,5.472621070423438,5.510315904589468,5.54725930504352,5.587752778698122,5.6276683191718515,5.666342032530691,5.708280863681305,5.7493672103948406,5.788834879483174,5.831227899902254,5.872555466802219,5.911938956443302,5.954003224065173,5.994787548966132,6.033424191317337,6.074463621236964,6.114082225263014,6.151476351003219,6.190951114560176,6.228946634318565,6.264775934534014,6.302295724035276,6.338380770972967,6.3724323123907265,6.407829764722907,6.441894235045751,6.474087818848413,6.507389184039701,6.539486166924879,6.569870474331634,6.601244996940065,6.6315512632147575,6.660266035225637,6.689978760948004,6.718746920103408,6.745999832028081
T30000logg3.8,15.24349643802554,14.784087316054245,14.279369141402873,13.868595519026446,13.4685852651994,13.02799793777407,12.66605314856208,12.31981704186757,11.937275738423233,11.620473661506008,11.322166095931873,10.991530784363439,10.715855086347911,10.460003584497466,10.175582074560529,9.937139242429915,9.718851964577905,9.475576245449478,9.270791358826687,9.085804003117524,8.879238243273702,8.704895009011722,8.549511531564354,8.37578459746949,8.228999073789419,8.100005299661193,7.955686892573664,7.833827559675491,7.728367792711704,7.610346299227484,7.510966116776521,7.4264516595853305,7.33185666938081,7.2526528779246515,7.186706001954152,7.112894671345144,7.051724448486643,7.002188156959578,6.946777454116979,6.901679025420904,6.866620555962091,6.827462930185861,6.796639741388484,6.774321108692793,6.749459974063581,6.7312517521499,6.7200910322253,6.7077286037572765,6.700585126192211,6.699124468859603,6.69758486637942,6.700044586307564,6.706926844928195,6.714650049052979,6.725338194955543,6.739299664891202,6.754821794704199,6.772432507851531,6.7922827071776215,6.814217099773181,6.837500558154575,6.8621088348753005,6.8891361259578066,6.916888528533251,6.945175625260143,6.976027070400758,7.007081391572257,7.038033619815062,7.071476717164865,7.104715353980912,7.13739501194013,7.172259205005469,7.206645101207788,7.240113385067661,7.275432611051864,7.310047688306641,7.343425586961014,7.378439609704506,7.412513576913845,7.445146239535393,7.479179195466665,7.512106827052788,7.543511553793984,7.576041939853802,7.607383029904132,7.637251597456856,7.667903533689187,7.697385750726047,7.725518062166198,7.754134387915532,7.781658753949877,7.807984021856647,7.834597284586655,7.860223520187381,7.884797052512229,7.909578696765505,7.933487775612446,7.95645475614066,7.979671566891247,8.00212116125191,8.023696094571541
T30000logg4.0,14.185006642134615,13.772235566886641,13.318299798054351,12.948560861101095,12.58827585615202,12.191126969092933,11.864649590229977,11.552223624592335,11.206839703855632,10.920664440607514,10.651171962373448,10.352373268933874,10.103155528357565,9.87190505788107,9.614799648309212,9.399220353176577,9.20196368317183,8.982147156505103,8.797116748070932,8.630117101354509,8.443699599180238,8.286409424276146,8.146405679077086,7.989969989072051,7.857881705182538,7.742020956832638,7.6125209208801135,7.503301028369111,7.409033388299773,7.3036874165201855,7.215151304434251,7.140154222446045,7.056385751637867,6.986466087333659,6.928596093753052,6.8640144665247576,6.810768727929904,6.768064779519987,6.720495772791343,6.682132192512121,6.652826471145524,6.620300692657766,6.595169490144666,6.577664257255364,6.558378048904697,6.544944543348123,6.53777629587655,6.530061206140862,6.526884426276473,6.528698294918762,6.5309954149658385,6.5367135062418855,6.5462455296350255,6.557099425457078,6.570427696656454,6.586497784884472,6.604538685211954,6.624251030482894,6.6457425233689635,6.669664027149994,6.6945801479496625,6.720427412081834,6.748984393370774,6.777968917857807,6.807156749446271,6.8391583330557095,6.8711158922276,6.902700224643603,6.93698821934332,6.9708737654784105,7.003979431921297,7.039464196463693,7.074311926786402,7.108055885618072,7.143849365308606,7.178805977471514,7.21236561291757,7.247770172526268,7.282121769794893,7.314889587171962,7.349280991570905,7.382467176911172,7.41399792351333,7.446894875215226,7.47851227087582,7.508527218485014,7.539583918195151,7.569384297566563,7.59770260407727,7.6267755375311825,7.654669661694807,7.6812280346243424,7.708349468701674,7.734394754821002,7.759246012593538,7.784577708999372,7.808943748724801,7.832223953346222,7.856014965668749,7.87894172107697,7.900851814789034
T30000logg4.2,15.908450755140588,15.490600683337666,15.03063823686593,14.655590331432212,14.289289987386734,13.885125485512656,13.552491693638492,13.23340441428943,12.88032185640142,12.587384484064007,12.310806456684967,12.00385297550921,11.747449993086722,11.508848689563578,11.243300233514118,11.020252007014,10.815496748005657,10.587066801330566,10.394381284799959,10.219812910591969,10.024693499586075,9.859635536517638,9.712050504779643,9.546889858176476,9.406979505793167,9.283568404696899,9.14536583040064,9.028310180145082,8.926549980546842,8.812554000568962,8.716198601165749,8.633787315372041,8.54144568509702,8.463745719349445,8.398553704216253,8.325491669847711,8.264523486491663,8.214602176997484,8.158662153136147,8.11264823662884,8.076236505003221,8.035451959014104,8.002746478014291,7.9782449986038175,7.950809561329502,7.929877143013331,7.915817897909591,7.9000598636739,7.889460800309851,7.884487111617098,7.878847735861638,7.877219080745246,7.880061908550195,7.883076355530681,7.889126582991283,7.898596974421986,7.908885531227132,7.921379890471888,7.936351009165203,7.952593469282941,7.970340292065482,7.989734716901204,8.010674387882688,8.032529650393636,8.055322844828236,8.079758005511037,8.104616611293737,8.129858533393328,8.156618526945042,8.183431114129341,8.210245201584371,8.238234496657496,8.26603338088696,8.2935249899369,8.32186090868816,8.349791965901677,8.3771242249673,8.405123942370107,8.432476889518092,8.45903852197933,8.486088373709968,8.51230884970035,8.537656820206086,8.56328436152707,8.587976108450755,8.611838005868304,8.635704892707247,8.658630502664181,8.680835270199356,8.70280910991127,8.723891482782971,8.744386549968677,8.76450820736537,8.783814838443494,8.802662592038706,8.821100933778899,8.838811103243051,8.85615786887843,8.873169228799767,8.889533020972884,8.905589682387
T30000logg4.4,16.826997468714264,16.421939227723655,15.975738416913376,15.611637722359854,15.25533286397508,14.861934599821828,14.537904384826117,14.22645294194758,13.881609660131398,13.595266337464158,13.324361075452689,13.023537060376498,12.772025530617453,12.537473943631028,12.2763030660291,12.056714582349226,11.854674211544065,11.629177860542159,11.438759889134586,11.265816279359168,11.07244228096225,10.90865253682679,10.761790624542249,10.597375629382986,10.457883834461445,10.334440828794188,10.1961419984191,10.078783309278489,9.976360167757596,9.861561261700215,9.764291080237417,9.680688850333024,9.586952106133833,9.507823554976428,9.441005459317779,9.36606193975139,9.303234793246652,9.251327588254378,9.193092865023557,9.14485150325735,9.106149982937904,9.062722326603959,9.027478342536138,9.000435332987676,8.97006845890813,8.94633612348364,8.929526875276954,8.910594143407017,8.896970536467963,8.88907032234643,8.880046369652964,8.875199364071118,8.874966545740536,8.874419181906633,8.877085484374692,8.883355497969992,8.889932407613106,8.898902225322253,8.910569988335086,8.922979529615338,8.937088002293795,8.9530991367944,8.970109087774816,8.988232468097,9.00757971842531,9.028010653213075,9.04906858721743,9.07082527838946,9.09353326585811,9.116501493887531,9.13981179815252,9.163724473538355,9.187657844636647,9.211643090945506,9.23590463389497,9.259971707678348,9.283810334433605,9.307760496475439,9.3312683812689,9.3543603970446,9.37740426404974,9.39981358170645,9.421726917923127,9.443405339839728,9.464332095439289,9.484803336078684,9.504788965247021,9.524004023120039,9.542868435150654,9.561031864586749,9.578461139139769,9.595668694308824,9.612050663245451,9.627762385581036,9.643376065054996,9.658142688875394,9.672313226249761,9.686477187450553,9.699878059607002,9.712752014583483,9.725673089432133
T31000logg3.2,11.814597779588624,11.314647517176677,10.769459308927527,10.328363926728262,9.894934308072202,9.420660061703824,9.033123400909162,8.65874225222699,8.247694967002975,7.9090232834250545,7.5868097288694925,7.231960707332102,6.93760306409376,6.661495090312608,6.356639932667759,6.102419097174795,5.867180068895961,5.606945728388792,5.3891303272459465,5.190265220035859,4.97000570686062,4.785272225502391,4.618897271111105,4.434550740107277,4.2799002587163795,4.142604341454588,3.9905033548295967,3.8631256751469834,3.7518002468428238,3.6285105557420585,3.5257016574163678,3.4374487900098556,3.3397493124162594,3.2589278789597635,3.191059943963463,3.115979081773194,3.0547423054413043,3.004819944949501,2.94969097702056,2.9058461298395684,2.8716853604501598,2.8340959818168083,2.80561552424347,2.785235145872836,2.7629632177855545,2.747951443777304,2.739539693486775,2.7305328669260875,2.727218826524066,2.7291187530601797,2.7314910228653835,2.738235648505041,2.7489353704077866,2.7609771492995443,2.7762872051700485,2.794415795365391,2.814581255869302,2.8370895847423485,2.861390098318226,2.8882562752928753,2.916688004972146,2.9459903312564597,2.97822174927385,3.0113638021527414,3.044562765606437,3.0808877197716353,3.1175784423715434,3.153626753581013,3.1928504929284736,3.231995600805282,3.2699386233432803,3.310941457573056,3.351532994859602,3.3904960981260714,3.4322828754111185,3.47341848784665,3.5125920386319693,3.5543409305839,3.595243314425626,3.633981433492381,3.6749780233333134,3.7150112253475798,3.752810527325728,3.792497905779256,3.8311855640048322,3.8677104285637363,3.9056932525122763,3.9427406694737734,3.9777728637455523,4.013893661178181,4.049194424739606,4.082661605322511,4.116948843977975,4.150560297118071,4.1825124358021695,4.215139231494092,4.247240902731564,4.277816829897418,4.309054391816812,4.339902385920315,4.3692991221144215
T31000logg3.4,11.299165594065627,10.80611434569866,10.267441120858429,9.83107799957673,9.405836726412995,8.939858576951076,8.558801088754631,8.193910803683192,7.792739256976395,7.4620435371548055,7.150311160543437,6.806487042252191,6.521201719205189,6.25617531423421,5.963034771918404,5.718565364889132,5.4946249030141034,5.2463613983635815,5.038597251970255,4.8509245662101375,4.642551259581099,4.467873130687809,4.31235282038784,4.1395803208230095,3.994789716394797,3.8678771252139525,3.726921588539876,3.6091034872517236,3.5076451002759037,3.395041563786932,3.301454755104055,3.222559372606127,3.1350887663599734,3.0631466273479298,3.0041550569246978,2.938872330150791,2.8861884492111147,2.844705509882963,2.798989395891426,2.7634095956033504,2.737315459574241,2.7088257622714704,2.6883828083355015,2.6757718526114767,2.66235990088967,2.655223259477256,2.6543545161451614,2.6540419690165713,2.6585024692792105,2.667777538723493,2.678731478884386,2.693190889537836,2.7111349574992993,2.7316730370725084,2.754653397152175,2.779912668413267,2.8084845693608056,2.8386075243365303,2.8699237321066433,2.905083602985588,2.9410479235950153,2.977238394938177,3.017619991939812,3.0581804049978762,3.098123712329113,3.1424222989514883,3.1863795824334793,3.229007848225644,3.2759845466923325,3.322196390744385,3.3665488542928856,3.4150088958860123,3.4624185219296777,3.5075813624940873,3.5564967327974926,3.6041687231768016,3.649277034363995,3.6978393104933724,3.7449813643636753,3.7893697985414363,3.8368690715722367,3.882843977175292,3.926004489129569,3.9718836518877225,4.016211970820967,4.057804595761775,4.101657661996712,4.144034879968169,4.183831795127855,4.22548775767819,4.265796264065632,4.3037127982051775,4.343198044597342,4.381491117512974,4.41757470067045,4.45506357604914,4.491521107543746,4.52591179187262,4.561679059662768,4.596562082166098,4.629466696969123
T31000logg3.6,12.178909784072562,11.703499725965179,11.182917356565415,10.760455886298843,10.34954115305716,9.898349092631298,9.528771838661166,9.175623294213043,8.786623430532721,8.46544996943184,8.163381666188062,7.829590655556809,7.5521857503998975,7.295086737495192,7.0101628559290035,6.772147627894424,6.554636124100239,6.313003155522734,6.110419803886794,5.927851815513735,5.724695371515475,5.554042748615911,5.4024433665055565,5.233610377047453,5.0917839145748545,4.967722091750308,4.8295505787228095,4.713730181474274,4.614165519032335,4.503333060423097,4.410893482349334,4.333064270391045,4.246496532861763,4.174967641558234,4.116337114664724,4.05122485570743,3.9983286449826494,3.956613720561615,3.910446656420954,3.874116787221086,3.8472871260681365,3.8178192397311093,3.7961747120127876,3.782413821277113,3.7676028269829835,3.7589047165787393,3.75655912529527,3.754519389962384,3.7571394086891936,3.764684035352212,3.773666741003025,3.7860792910070864,3.8021036833190758,3.8204897538926543,3.841270435277626,3.8644692090908395,3.8907574780709657,3.918568993247969,3.9477238406752138,3.9805010349079355,4.014068366794201,4.0480241126230965,4.0859481473463495,4.124048660381374,4.161708117095972,4.203494239386737,4.2449427420062715,4.2852626624385675,4.329669105076322,4.373327744448967,4.415354051330237,4.461190507811507,4.506005563111515,4.548810635785037,4.595070101854053,4.64010863544883,4.682818191614954,4.7287074080887646,4.773180030992085,4.815128912724907,4.859943598863039,4.90322068488403,4.943907230174359,4.987101393821667,5.028717615376736,5.067812982892434,5.108990293655134,5.148651165416821,5.185936138693924,5.224928782830188,5.262522818072716,5.297916474213736,5.334753848542954,5.370335950986819,5.403887733339385,5.4387433251318225,5.472493127343893,5.5043440318362205,5.537488533845076,5.569662873216605,5.600021074604593
T31000logg3.8,13.320102812751594,12.866893033119606,12.36974211221576,11.965673061602981,11.572480194278844,11.140057154681832,10.785324496392088,10.446259151936832,10.072216723667728,9.76293291715073,9.471979481456788,9.150013876529298,8.882028749934822,8.63360329912042,8.357909597272354,8.127236439809327,7.91637442021738,7.6818061532654145,7.484803599340654,7.307190034760623,7.109267171305002,6.94268376424075,6.794601625640981,6.6294348033086665,6.490368448633774,6.368593431294533,6.232743094308845,6.118548971133126,6.020217986795227,5.910555317410255,5.818765629737387,5.7412741098898445,5.6549074229535705,5.583201369046999,5.524160051670341,5.458434944397958,5.404656911654141,5.361899796853436,5.3144272499518275,5.276610089212389,5.24820278745263,5.216836957441137,5.193184248162028,5.1773911145728855,5.160177371774961,5.14902441979763,5.144260971600385,5.139392046450724,5.139179501632622,5.143983215220512,5.149781187514973,5.159045226345913,5.17206024282422,5.1869677812678034,5.204335537162487,5.224302387528082,5.246862917236036,5.271034409786971,5.296769155560714,5.325606170122805,5.355340693832007,5.385721674929664,5.419528430998552,5.453632212599374,5.48758945077457,5.525108266987511,5.562423264585499,5.598946540246073,5.638960242674186,5.678378557559725,5.716539454324061,5.75789019179007,5.798384639716595,5.837264949680975,5.878984488163414,5.919645855922445,5.958384386766059,5.999713037390471,6.039778164750574,6.077729754753201,6.11799311832861,6.156857904136858,6.193541746416846,6.232217134199827,6.269439293091596,6.304545292942342,6.3412562686608265,6.376561073798949,6.409886266445274,6.444476297531528,6.477761772558857,6.509232386242746,6.541732741092022,6.573055642350032,6.602723360429091,6.633304767648274,6.662843003227263,6.690848729145034,6.719776466613716,6.747783009861651,6.7743348897456475
T31000logg4.0,12.326576232532716,11.918140657259148,11.469758832842107,11.105090993127899,10.74992244892246,10.359066366059329,10.038244212081901,9.731360018590047,9.392647168834497,9.112429273852255,8.84865010994081,8.55665241811626,8.313500600472178,8.087974560522289,7.83764552411309,7.628115697300226,7.436495290205737,7.223335059779039,7.044262228945675,6.882757115416604,6.7028267892569815,6.551359205455391,6.416678610486836,6.2665321225493065,6.1401078223621814,6.0293875573391915,5.905969406764677,5.802242036418913,5.712926962931422,5.613442456693741,5.5302118687053525,5.459969674384615,5.381827686306336,5.31701588634158,5.263699601715632,5.204512546050583,5.156180155756654,5.117836159276675,5.075442444098449,5.041807577910269,5.016679750624904,4.9891254329681,4.968552727221874,4.9550594164822845,4.94056137587379,4.931530689970738,4.928223633894045,4.925125564432046,4.9262058110514735,4.931742206668163,4.938500841495514,4.948344894315109,4.961477249719656,4.976657076731418,4.993999334975131,5.013566698537461,5.035824155713401,5.05946260663846,5.084370519393767,5.11242734975323,5.141207683922409,5.1704134208387975,5.203051779320829,5.235862254721899,5.268370913997883,5.304423239023512,5.3401899089129765,5.3750705481267715,5.413405643426638,5.45110215241827,5.487494123569393,5.527039192756233,5.5657136980604145,5.602758750566283,5.6426262000137895,5.681438496044434,5.7183369063101255,5.757829621521784,5.796074598977874,5.832230471127089,5.870725205464012,5.907846516510392,5.942818827112926,5.979835630500037,6.015429687379131,6.048938506422653,6.0841309073308665,6.1179465533695625,6.149806915766142,6.183030289883896,6.2149744790149,6.245118349740513,6.276402829572698,6.30652909900253,6.335004022201203,6.3645095664997235,6.392983260125427,6.41991918469986,6.447891874896551,6.474946793434195,6.50053610819427
T31000logg4.2,13.686122619742324,13.28807115605056,12.850282028098098,12.49366486283639,12.145959143289485,11.762676760723275,11.447586158743816,11.14588802851756,10.81239185126621,10.536066606141997,10.275709307124718,9.987087849545146,9.746369269921972,9.522888775581027,9.274490398479253,9.066232517545018,8.875580179136382,8.663203546811975,8.484464758815836,8.323068175593502,8.142994356892995,7.991093444806704,7.855828319677116,7.704786524644836,7.577299563353721,7.465434100501899,7.34050670193124,7.235197360890647,7.144279976070022,7.042786334435763,6.957549791396138,6.885339154205255,6.804792263408243,6.7376340292068475,6.682060579120723,6.620152966210587,6.569198496159723,6.528367857308055,6.482997609065765,6.446513932313306,6.418714101063669,6.387971230479886,6.364356500419641,6.348034493627768,6.3301625407378594,6.317920672240467,6.311649731667238,6.305019735964002,6.3027434009663414,6.305200604234186,6.308289898011125,6.314647839079353,6.324597850436038,6.335981788856515,6.349714715269611,6.36600134465237,6.384335500028483,6.404240135117744,6.425768023035957,6.449773008451298,6.474693672287856,6.500420051495533,6.528877862459083,6.557703609847941,6.586635440285616,6.618382651186994,6.6500438622315965,6.681259482059642,6.715171041646099,6.748654129275428,6.781308095198844,6.816325734325595,6.8506944672133345,6.8839328804897075,6.919194736532839,6.953623338348993,6.98664719310815,7.021484669327272,7.055286200045208,7.087510143021087,7.121325865747022,7.153961697874449,7.184957446863939,7.217288290438921,7.2483702654832864,7.277871432216182,7.308386268036513,7.33767944919307,7.365515085017924,7.394080819603434,7.421502363013206,7.4476133171855725,7.474264052741182,7.4998725760028915,7.524311831813543,7.549208344841813,7.573171072678799,7.596072494687073,7.619460117974647,7.642013844942737,7.663574674791407
T31000logg4.4,14.625943519529505,14.24027960899702,13.815922452950886,13.470006634577908,13.13182733609736,12.758890551967166,12.452072640176741,12.157499144475256,11.831764450384828,11.561646065090775,11.306432373203673,11.023428683381734,10.787177483465408,10.567211404941826,10.32266002448767,10.117413349366334,9.92894035736666,9.718948805499481,9.54200394546442,9.38169186427522,9.202800279724219,9.05167753704065,8.91659928072519,8.765733690761447,8.638160441876291,8.525726344059267,8.400120367914106,8.293988244547958,8.201871027417297,8.09898520326115,8.012303698441075,7.938367556970924,7.8558310172692725,7.786702659161482,7.728968364079715,7.664573619161762,7.611205995255581,7.56785319307281,7.519575289248374,7.480299798057196,7.449673899987593,7.415667905157427,7.388940140558479,7.3695392950780745,7.348107883609015,7.332481120896782,7.322920568098915,7.312480845731545,7.306588841952674,7.30558164284172,7.304652760407244,7.307200506208967,7.313542020916534,7.320734784220622,7.330495741022358,7.343057736291177,7.357061502774181,7.372862856971151,7.390575547023713,7.410142294771786,7.430856245074304,7.452700435089542,7.476635876814171,7.501172184222794,7.5261720077306835,7.553334397518856,7.580646214692567,7.607902844423046,7.6371870118522995,7.666282330978227,7.6949679967451186,7.725337429035619,7.755301759778033,7.784572805714961,7.815194721981689,7.845222811464927,7.874290662078468,7.904519793691627,7.9339405190708945,7.962228390633774,7.991485922396251,8.019776927044363,8.046868616181278,8.074709313690981,8.101497504174903,8.127138109633446,8.153243307920958,8.17830541290344,8.202334115463218,8.226578541906784,8.249840257974896,8.272205330623255,8.29462665682646,8.316149523052545,8.336907020550347,8.357663911400588,8.377615687088138,8.396901354511321,8.416237506359145,8.434853873757188,8.452865103732977
T32000logg3.4,11.5496298377839,11.05723245182654,10.51977032571385,10.084622771325765,9.658255524566698,9.191302459602039,8.809519779863347,8.441771767521562,8.037622172520509,7.704440831793494,7.38836939020612,7.03988589932182,6.750631499266421,6.48008106965361,6.180950844826619,5.93133366394356,5.700991174186588,5.4457523521817475,5.231951946626254,5.0372700972955355,4.8212255065559555,4.639867011415616,4.47694500382722,4.296030240817009,4.144105236224268,4.009553468737485,3.8601331828569236,3.7348531892737276,3.625610363015981,3.504311206743909,3.4030169689617837,3.316248392287581,3.219913209638598,3.140073836160542,3.073154601542955,2.9988799567605358,2.9381475562028747,2.888702923251832,2.833890831251245,2.790132721550837,2.7560470998445252,2.7183635669857322,2.689616989111383,2.6689765912246424,2.6462664021456543,2.6306941238936097,2.6217458646264573,2.612019925663634,2.6079047081745377,2.6090414242079887,2.610462160431252,2.61620446682318,2.625949956593961,2.6368404409712745,2.650970926302924,2.6679770547548,2.6868066363880594,2.7079707228454155,2.7309958828821435,2.7563513598287934,2.783279591848761,2.8111625678273287,2.8417110430991412,2.873190334130883,2.904831247025079,2.939300535210602,2.974166789034451,3.0085213964441686,3.045717161048608,3.082874284022389,3.1190070505628076,3.157794843558854,3.196234190295404,3.2332708835194865,3.2726646361069123,3.311492022976293,3.3486163221989216,3.387826157659365,3.4262811017347694,3.462856839579037,3.5011963496316256,3.538664601150157,3.574203386244516,3.611137508677402,3.6471619409514977,3.681342332095243,3.7164938712998383,3.750796934176769,3.7834132200839896,3.8166405108527153,3.849131174859201,3.8801214512789017,3.9114703920846865,3.942221223473885,3.9716472754562275,4.001306327848201,4.03051160522152,4.058524243566412,4.08677959424247,4.114710455156129,4.141520535255665
T32000logg3.6,10.69495856667102,10.227557979816101,9.716742126913914,9.302840307137846,8.89950283169296,8.457428103343442,8.095850338219174,7.7496572542248146,7.368984417209248,7.055146932064941,6.759366506368186,6.433108012239717,6.162379665090385,5.910944313452774,5.632828504634665,5.4008903872015965,5.188501398283446,4.953055633209441,4.756035384837178,4.57814249940741,4.3806542489143165,4.2151324885107595,4.067841222100098,3.9042483077833436,3.767197302051909,3.6471486217309264,3.5138685144345176,3.4025268790474934,3.30673015260399,3.2004712786176057,3.1122360555428172,3.0379452497767057,2.9556536523067787,2.888068982720408,2.8327583252888164,2.771630467659103,2.7224235326311934,2.6838121183391905,2.6413511656151814,2.6084686111001028,2.5845363967206594,2.5585081863681416,2.5400710570493557,2.528999523440241,2.517353201534276,2.5116130239600416,2.511740255746653,2.5125845440025585,2.517906839284339,2.5277053182737674,2.5392878865326627,2.5541426196544554,2.5722006695305684,2.5929076620323945,2.615876989034962,2.6408974730217754,2.6692440772905046,2.699006515885149,2.7297841549345065,2.764382326042734,2.7996871006142277,2.835086846081644,2.8746225525270956,2.914270973064794,2.9532147432467992,2.9964317132618215,3.0392681590702075,3.080730864789422,3.126432179991743,3.1713552675822596,3.214412110265812,3.2614486190750194,3.3074426707931495,3.3512125975070495,3.39860127326835,3.444767291757395,3.4884174577547236,3.5353846222026184,3.580963677777627,3.6238581285780604,3.66972656374271,3.714112171807739,3.7557686898484794,3.800009549707098,3.84274844202062,3.882847635737342,3.9250789412090867,3.965888392579644,4.0042197136881725,4.044288081048919,4.083065144756532,4.119554492749959,4.157495922725198,4.194300406915678,4.228999567564566,4.264991127452808,4.300004105227602,4.3330536139896205,4.367368801931371,4.400848939179826,4.432454028249516
T32000logg3.8,11.188039881415373,10.742018111100034,10.253572093554371,9.857142837591628,9.471329392408597,9.047721986535189,8.700734807515332,8.369038273705675,8.003740951290792,7.702169120265587,7.418471127277376,7.105092161243983,6.844716123499457,6.603391143392382,6.3360940510409005,6.112901116402229,5.908977224347899,5.682611397139421,5.492954709098759,5.3221228070310875,5.132216251157755,4.972849714171309,4.831405022785915,4.6740892297585175,4.542126254450908,4.426864064779318,4.29871587238223,4.191519819465685,4.099586300290422,3.9974814678556414,3.912584362802916,3.841376330484296,3.762417709303206,3.6974898945687436,3.644609876259344,3.586135039902454,3.5390148984415974,3.5022935993864843,3.461915893634277,3.4306376880166254,3.408142793708719,3.3837194206103147,3.3664821179931947,3.356472641938157,3.3460372155480167,3.341164983794294,3.342048458210416,3.3437874050594907,3.3497133787625315,3.3600233067138134,3.3722532036281914,3.3875059126067777,3.4058824659691695,3.4270430207323406,3.4502479379520414,3.4754326617361095,3.504073398842049,3.5339358835606083,3.5647503265790865,3.599504301433238,3.634790611038568,3.6701190968291053,3.7096898104906844,3.749217072116752,3.7879995432706215,3.831145859031327,3.8737697696855036,3.915002373752061,3.9605303360123356,4.0051590765905924,4.047927786790292,4.094697719090209,4.140321281926922,4.1837363978208515,4.230785460582814,4.2765097549452395,4.319734042881011,4.366306369687197,4.411381144745471,4.453784242524934,4.4992149276462605,4.543044800614654,4.584153673670686,4.6279260754957185,4.670071705570047,4.709578312690292,4.751319444900362,4.791506400149846,4.829207031225492,4.86876353922236,4.9068898259819225,4.942710194992615,4.980115231481668,5.016237499879885,5.05022768278129,5.085653186808631,5.119947426349937,5.152245060749765,5.18595599551261,5.218673132725188,5.249481393891216
T32000logg4.0,10.996957132569737,10.593558205849934,10.151526221712873,9.792576742953006,9.443061292445236,9.059125506550089,8.744486852401897,8.443597257157847,8.112107125221954,7.838327760108063,7.580697690460842,7.296035951459717,7.05942592945839,6.840073214505294,6.597064313751943,6.394074393953737,6.208566109943172,6.002622924579024,5.830015019771296,5.674503191294728,5.5016354123859355,5.356516929185958,5.227683924790961,5.084419341824819,4.964200887128757,4.859161757441736,4.742423630470586,4.6447392342311336,4.560927126765784,4.467903973772328,4.390534062317924,4.325602202542543,4.253683419142542,4.194529517653187,4.146315655165981,4.093097080824632,4.050207373050367,4.0167505650676265,3.9800689784041046,3.9516574884180145,3.931200340097535,3.9091020207723135,3.893532692350557,3.8844955209999936,3.875201972997867,3.8709561632816594,3.8718945184823155,3.873753358595581,3.8794019524957832,3.888978187680557,3.9004523370892534,3.91465313197775,3.93162725290482,3.951292400226362,3.972789933495995,3.9960127314058402,4.0225419256970225,4.05014981514441,4.078541898505091,4.110679140962029,4.143263409526364,4.175800772797565,4.212352441226885,4.248822555269941,4.284529026601955,4.324350257818963,4.363652027841839,4.40160922758098,4.443594249576022,4.484719982900191,4.524082860125501,4.567180598055105,4.609197452189344,4.649135676918112,4.692466862902217,4.734551623976569,4.7742911916665545,4.817163135532497,4.858622981708005,4.8975824119511255,4.9393779140167995,4.979663577361208,5.017408874520848,5.057652538227474,5.096363495442713,5.132616851065321,5.17096704020919,5.2078549581796105,5.242433201131336,5.27875143154036,5.31372616201188,5.34656301638717,5.380883653930276,5.414000357945312,5.4451432545259095,5.477628556347864,5.509052180705529,5.538629236612802,5.5695272164136425,5.599491247476264,5.62769182355669
T32000logg4.2,11.76343640413775,11.374505352998977,10.947549490489534,10.600284560991579,10.261762769113123,9.889293889203499,9.583575611126545,9.290929550747514,8.968046939120509,8.70096826726704,8.449426665263688,8.171126087602932,7.939449700327449,7.724500114135928,7.48608330854469,7.286618239952896,7.104188564493974,6.901439447934921,6.731228440908941,6.577749187698818,6.406956575821506,6.263319933422275,6.135680480679024,5.993587141353045,5.874105446065511,5.769585847553227,5.653284953032232,5.555726157553699,5.471885497882729,5.378706971924535,5.300972372927074,5.235581249855402,5.163050585924582,5.103150771827607,5.054147901029214,4.999964918124073,4.956032175160418,4.921534375466752,4.883615278562942,4.853927823531138,4.832235673786228,4.808680813352748,4.791643216107551,4.781212337629837,4.770277863289597,4.764405729504427,4.763823560816293,4.763900648181439,4.767802945184024,4.775764459249953,4.785351994332234,4.797714984031839,4.8130031521637,4.830699184115835,4.8502846469561005,4.871764133765218,4.896251722339073,4.92187998268381,4.94847756264098,4.978502348578813,5.009039301899572,5.039731609412221,5.074100597883833,5.108458601417904,5.142273324763801,5.179847399379857,5.216976927526629,5.253005512007205,5.292681763073307,5.33158419491725,5.368991936933108,5.409729208663579,5.44948243185704,5.48743790347082,5.5283774686731295,5.5681659801375,5.60589115065957,5.646358874512098,5.685500069089793,5.722418128103503,5.76181418835996,5.799771025044641,5.835456791800138,5.8733185969110915,5.909701977337464,5.943887620633371,5.97988256478841,6.014453794443985,6.046964350193557,6.0809580399955,6.113630745852042,6.144403061730866,6.176427884258251,6.207255789904458,6.2363370757454835,6.266550569637856,6.29569553970278,6.323213435152029,6.351857753628814,6.37954959342658,6.405692985622506
T32000logg4.4,12.467837837998879,12.101286024850983,11.698531060807884,11.370666450523888,11.050519631474057,10.697973045657175,10.408352043776521,10.130650881332429,9.824031717281295,9.570176383205588,9.330682312743917,9.065533645639082,8.84459448399225,8.639241550331274,8.411339229550599,8.22047544384148,8.045579987484222,7.851104643911478,7.687652390249052,7.53995526344593,7.375520304925357,7.237045813765991,7.113692585233451,6.976305142955843,6.86059115447069,6.759067828283146,6.6460421797443106,6.551036760602183,6.469086414722075,6.3779551994411445,6.301717347832953,6.237263572540707,6.165715479871463,6.106394006208324,6.05751270542861,6.003405810861072,5.959257511375397,5.9241831991260705,5.885550782904666,5.854954094218232,5.832083034470327,5.80713816165754,5.788592109646621,5.776467905171824,5.7635610415353895,5.755661375659014,5.7529450039877,5.750550138008937,5.751975141883993,5.757424132547116,5.764108354764519,5.77360696550679,5.786061677451464,5.800489967843687,5.8168781757992205,5.835251071174753,5.856154855795802,5.878298748043888,5.901558440460612,5.92773766769754,5.954551576330615,5.981717812586468,6.012022949032532,6.042456394676505,6.072590366483923,6.105923338383018,6.13896897693244,6.171203340541627,6.206505923951842,6.2412085290942265,6.274745520048217,6.311019018061435,6.346495819277978,6.380531256450371,6.416963954472723,6.452436925525203,6.486220649505874,6.522177884181699,6.5569976711979,6.589978017089753,6.624895022021119,6.658554507482758,6.690329934556864,6.723771627006796,6.755907484464738,6.786230594011829,6.817887704164856,6.848280626540235,6.876992359194459,6.906742885359336,6.935319190828553,6.962366611640017,6.990249648719262,7.017068004628873,7.042502329946332,7.068673182791048,7.093893424181296,7.1178414498471145,7.142536304114872,7.166384238016766,7.189032401864646
T33000logg3.4,12.446451491674143,11.996618012130568,11.50491263658463,11.106417924106998,10.713491941995587,10.282369608697035,9.929381515438326,9.587028230172304,9.210053618052752,8.898729605220861,8.60121795904987,8.27257997209379,7.999236365380151,7.741555544155725,7.456162330832052,7.21744231265302,6.99529053741386,6.748750165372337,6.541657787726466,6.3513396918999065,6.139830451712164,5.96166941067659,5.799960706977582,5.620104059530612,5.468406960895473,5.3324441531742455,5.18115024177847,5.053569051731695,4.940710974429908,4.815055621204907,4.709302437440302,4.6170638221925575,4.514279852401354,4.428146319364645,4.354202276540947,4.271717519988553,4.203131717236844,4.145360027261839,4.080851307084143,4.027905882016259,3.984390768199945,3.935735415077608,3.8966478210861006,3.865635767597541,3.830862557520691,3.803951212907415,3.7838281620297822,3.7611037403995184,3.7447867428773973,3.734067744325363,3.721695410997655,3.714495901599192,3.711814767542505,3.7082430590081534,3.708806405774928,3.7129171037413533,3.7167404229867693,3.723824565484653,3.733583364173343,3.743506106245744,3.7559512447773704,3.770291632591784,3.7850999973433423,3.8018067855806743,3.8197252726489643,3.8382701641844355,3.8581926693448367,3.878744392698843,3.8999558460216037,3.9221175061204177,3.9444497847988513,3.9673311348346965,3.990837255362925,4.01417104961588,4.037842356772749,4.061897423651663,4.085522205115732,4.109260744851623,4.133186770195463,4.156542260301704,4.179726693268132,4.202974766386296,4.225628917452126,4.247783934625531,4.269954680434166,4.291631287777728,4.312434534599227,4.333297794416687,4.3538276500343045,4.373174342189584,4.392670968871493,4.412015399053514,4.429969448264444,4.4481868297342695,4.466415507329767,4.48316935088773,4.500302977120466,4.517564060178795,4.5333965140754735,4.54970732557351,4.566198606412663
T33000logg3.6,10.874209297979396,10.415108052653057,9.913672933131094,9.507537652401577,9.110026654139471,8.674432684560163,8.318181005609505,7.975413315289231,7.598515767726345,7.287726362634369,6.993240913873493,6.668386075633426,6.39869369401419,6.1467406375448705,5.868020517974925,5.6354031861670295,5.421005751592403,5.183305165033206,4.9841812620735935,4.803084582844399,4.6020098352783325,4.433221268370556,4.281781628119547,4.113535822851564,3.9722695329614552,3.8473218546746963,3.7085106634171368,3.5921623300943026,3.490852253905873,3.3783301051704426,3.28441836623382,3.204104035741895,3.1149266438335097,3.041090716166246,2.9793271661052563,2.910788448252251,2.854841149905017,2.8094199334189778,2.7591023578227105,2.719056262536888,2.6880082483304553,2.6537350300658904,2.6277601747072277,2.609303819475516,2.589064222960159,2.5754441293211388,2.5679424233414885,2.559872561844113,2.556996963721959,2.558944031932487,2.561320156174146,2.567687344930412,2.577697889745468,2.588941475212325,2.6031664241439527,2.619971043691592,2.6386367598165448,2.6594379820647998,2.681863924276545,2.7066117346015703,2.7327842532439623,2.759732239618073,2.7892980689315943,2.8196910309899232,2.85012044380584,2.883299053504389,2.916808293365434,2.9497315868513696,2.9853885300346916,3.020971564511241,3.055504064155627,3.0925569071699757,3.1292535837216295,3.164564033223283,3.2020756499148306,3.239036547062701,3.2743475129206336,3.3115744187735685,3.348080092357832,3.3827908661077615,3.4190842702583666,3.4545567085299993,3.4882090731742723,3.5230688265605297,3.557082783223173,3.589379889530817,3.622455159438,3.6547543632453228,3.6855062825003913,3.7166691234031526,3.747173537189039,3.776324944458499,3.805629647456808,3.834416653241289,3.8620318044090047,3.889668627857354,3.91693110448212,3.9431583728907023,3.969408896369842,3.9954119515067434,4.02045743994126
T33000logg3.8,9.790565376213067,9.36125830122958,8.892015317797723,8.511761334747053,8.140959274234342,7.734504305622659,7.402035367368795,7.083488099227013,6.7331986791138,6.444396681803427,6.172011729140678,5.871557711365158,5.622236685701777,5.3905017488937705,5.1341937436684475,4.920448128280155,4.724554237913937,4.507430110153658,4.325757768292341,4.16157468748032,3.979365220964655,3.8266782170800875,3.6906764620404764,3.5396976327557814,3.4132502385557744,3.3023696926228987,3.179351297135178,3.0766296079046755,2.988141770652624,2.8900882829351198,2.8087254460056514,2.7401265839427293,2.6642466991707514,2.601998358436009,2.5509750198316943,2.494700675926623,2.4494855799646524,2.4139464971052877,2.374982909081575,2.344911813789387,2.3229965622863262,2.299282429116918,2.2826221334891836,2.2726525720292314,2.262292890698652,2.257425849802023,2.2578643219056524,2.2591034085314825,2.264510870351264,2.2739380364140582,2.285146938352349,2.2994063154277553,2.3165102368235764,2.3361877173072125,2.357980010935888,2.38155395059419,2.408317600760275,2.4364105799275633,2.4653307309116697,2.497884098315636,2.5311082258737647,2.5643137604831545,2.6014272863800585,2.6386616177799445,2.675144740960403,2.715644930110739,2.7558094725415643,2.7946135359923514,2.8373800437141434,2.879444678669759,2.9197035941408136,2.9636616899322403,3.0066746529098594,3.04756171674573,3.091791021225604,3.1349110033546075,3.1756493502207603,3.2194253438416593,3.2619430986411055,3.3019406651642464,3.344627237813222,3.3859760012271303,3.4247841919151027,3.465891104687235,3.505654322078173,3.542982319202886,3.5821591678417675,3.620078830605702,3.655734558809061,3.692844227691001,3.728830465891207,3.7627483664612607,3.7978337436737197,3.8319492967038884,3.864181438145772,3.8974172085516003,3.929838435862125,3.9605201695735177,3.99217230821597,4.0231485859535905,4.052476497903712
T33000logg4.0,9.55431197539454,9.16021430221277,8.729219986150746,8.379846068531,8.039705272304039,7.66676419643597,7.361681132692223,7.069965471503193,6.749178176124732,6.484739858011902,6.235945507579091,5.961571722661027,5.733985498217634,5.52306840873282,5.289884670076791,5.0955602518569325,4.918078834659793,4.721491604377586,4.557178380070984,4.409291556890906,4.245320326993406,4.108129618358445,3.9865381137591847,3.8517328637371184,3.7390876704353944,3.6409274799618254,3.5322276142859197,3.4417694823646605,3.3644873657185266,3.2790927302887853,3.208606086937311,3.1498649953465376,3.0851705786532575,3.0325583840023382,2.9902020447812854,2.9438122925249077,2.9071273689331485,2.879203390394193,2.848967647405335,2.8264353386235106,2.8112005774227535,2.7951842469959276,2.7851778727251904,2.7810625864157683,2.7774928650386976,2.77849677866996,2.7840627174743604,2.791296095166774,2.8018873286931,2.8158067004075074,2.8323174274199268,2.851161422308722,2.8722053638921197,2.896583376498036,2.9224382053520954,2.9494729756332565,2.980415045624004,3.012116377828213,3.0440842612591723,3.0803638537960616,3.1168033861176117,3.1527032752048467,3.193157700578922,3.233274111425627,3.2721558771206447,3.315674458270167,3.3584432890398,3.3994078710926616,3.444922661161572,3.4893658233418896,3.5315934349236713,3.5780879106767705,3.6233040691119016,3.666005524535687,3.712617015069598,3.757808019155082,3.800242776972245,3.8462880305335445,3.8907799666253857,3.932386734823827,3.9772632170715525,4.020520863895456,4.060878335471003,4.104121838314637,4.1457525790426635,4.1845891694304225,4.225866625991525,4.265626952727138,4.30276239657041,4.341942503950241,4.379746444688932,4.415117289121501,4.452239381522934,4.488144023030927,4.521797661965142,4.557026646183411,4.591196950105787,4.623259778848963,4.656845320129836,4.689514124350536,4.720171549047391
T33000logg4.2,10.132710189263937,9.751124497168997,9.332985434210332,8.99342494608704,8.662549416188826,8.299120053154462,8.001298188484515,7.716319808830567,7.402430891585199,7.143227302180411,6.8992031498475965,6.62968479286108,6.405725894381182,6.1980426167528915,5.968103703956922,5.776120471182458,5.600657618619393,5.406031423397957,5.243018270993874,5.096177287653212,4.933126216287702,4.796380480988151,4.675045328132763,4.540312438681688,4.427410396986564,4.328868471435248,4.219555307928497,4.128268191926682,4.050090620091465,3.963535837260938,3.8917657171422397,3.831729256147232,3.765460093341418,3.71121742763007,3.667266584364699,3.618993124768326,3.580418114007194,3.550681785386076,3.518336668305236,3.4937210711738778,3.476516322037616,3.4582232580335557,3.4459903698724688,3.4397928117012126,3.433828960056494,3.4325083913667656,3.4359205053587507,3.4406913658402103,3.448903862652961,3.4606350927609038,3.474656119846293,3.491102152979638,3.509951763865575,3.5318416080539103,3.5553017645004688,3.5801541065359275,3.608622888301311,3.6379430212185113,3.667748813595898,3.7015735555530123,3.7356474589561315,3.769408209179217,3.807426167587059,3.84519326623874,3.8819604515369273,3.923062295687287,3.9635002361708387,4.002384014670034,4.045500078118598,4.087636128976044,4.12782196463382,4.17194069671433,4.214877283547947,4.255566418155866,4.299840692064088,4.342782533148865,4.3832268346356225,4.426988143230212,4.469267674830384,4.508907585156932,4.551563965981775,4.592653083837208,4.6310720914673436,4.672166400152436,4.711680413952818,4.7486136892808375,4.787818246582965,4.825520316650815,4.860793330954711,4.8979769743970625,4.933781124718032,4.967330160407952,5.0025267968659675,5.036486199966797,5.068356148745808,5.10172346260722,5.133997000882,5.164310874205886,5.196089618049519,5.2269035569942,5.255844298457061
T33000logg4.4,10.701378799444022,10.34840278408508,9.961153796242495,9.64636635635849,9.339368442659493,9.00182060891017,8.72495177920269,8.459829532453991,8.167557637426787,7.9259934281415045,7.69843202214052,7.446911359304761,7.237732413903508,7.043646886937793,6.8286348938666706,6.64896910801743,6.484680995636637,6.3023663220999975,6.149544309003825,6.011818500595115,5.85884277981648,5.730445418452511,5.616464770759112,5.489876522294668,5.38371208582244,5.291004418635572,5.188161150057985,5.102202176455996,5.028545850403722,4.947010170063402,4.879335312834632,4.822683772643204,4.760178379505037,4.708959242141388,4.667418844113671,4.621831252207201,4.585347942360071,4.557182301961972,4.526586334862495,4.503247685021955,4.48688734894139,4.469532716512457,4.457867885221025,4.451888970994266,4.446162637538448,4.444792244229917,4.4478817873071534,4.452280906927527,4.459903330553578,4.4708422833373795,4.483962937079156,4.4993494236283205,4.517001924281543,4.537536939508351,4.559531706521623,4.582840139221985,4.60956180845776,4.637064209700538,4.665028333791808,4.696770724777357,4.728726465228084,4.760396274657135,4.7960503982106655,4.831446408428464,4.865917074947314,4.904425143683066,4.942288447220909,4.978718555970511,5.019062044181281,5.058469612825213,5.096088582570838,5.137306463419228,5.177406878381214,5.215449789086716,5.256748211605734,5.296790314341141,5.334543670104571,5.375301317627264,5.4146568433087,5.451592287322932,5.491255433498464,5.529430217935356,5.5651588191601675,5.603301123202531,5.639938000955703,5.6742165861217595,5.71053266122643,5.7454136198075965,5.778082555459551,5.812451143502124,5.84549812707235,5.876499463586486,5.908954959578965,5.940220873773976,5.969599307309652,6.000293656721325,6.029931819276813,6.057806468993137,6.086969530222731,6.115195680575731,6.141741799386802
T34000logg3.4,13.114458305447181,12.777232153757437,12.407195443056997,12.10651962598505,11.806955235823256,11.47682998427592,11.205675451708403,10.939804026098889,10.645782330868789,10.402115184255589,10.166627147178216,9.905487598945525,9.687479758631833,9.479581777384864,9.248560629913015,9.054563086868047,8.871867124306725,8.668560410316639,8.497060301527712,8.337469258923893,8.15970145785661,8.00924491367802,7.870835034131092,7.716552907152666,7.585690052967467,7.466640638322874,7.333839096332866,7.22107567454554,7.11960723551964,7.006297520755223,6.910101116360947,6.824481678661451,6.728734626881713,6.647582748714005,6.576160557166849,6.496146761294523,6.4285688675751915,6.369799197740167,6.30381636365206,6.248418811922995,6.200874923879118,6.147336406558226,6.102784238514664,6.065133340650545,6.022533201186849,5.987542948794745,5.958541482314671,5.925466309470374,5.898814863143142,5.877306289351856,5.852430135480182,5.832964917464809,5.817878756304285,5.7999893823101,5.786652613832372,5.7770120882575435,5.765009727086027,5.7568323833243085,5.751741750912658,5.744620574103389,5.740707220282203,5.739338162898603,5.736166815023045,5.735680252934332,5.737260937690283,5.737168412967643,5.739320108606125,5.7431286871666964,5.745305385975849,5.749359969097036,5.754729639196925,5.758435481124174,5.763717163932812,5.770059058179804,5.774618722949315,5.780523170222293,5.787319553005306,5.792155812299684,5.798166375975102,5.805002248181413,5.809634896253582,5.815339697021058,5.821899221817966,5.825975077853004,5.831086344473842,5.837177349122753,5.840472291960217,5.844837925636606,5.850349480485874,5.8528080787197405,5.856405138948804,5.861321265721154,5.863016551230847,5.865933653977162,5.870318799632012,5.87142560911432,5.873834368829929,5.877812438588938,5.87856916833302,5.88068743294734,5.884416728317276
T34000logg3.6,11.469742580015344,11.04766807571799,10.586690939267687,10.213431543641125,9.846696305438266,9.444656647203718,9.115819067911687,8.798050670016636,8.448395095589124,8.15995293962169,7.885319584488189,7.5821023436132435,7.330198334972079,7.09360582543008,6.831636094107016,6.612782139461872,6.409880089337132,6.184707891139044,5.995825452927546,5.822911306889745,5.6307227371728725,5.4690936290138845,5.322985839324639,5.160453181703887,5.023630472104174,4.9015391257825325,4.765666876818462,4.651365103911592,4.550755942624086,4.438739431355844,4.344754396731841,4.263257281392702,4.172456832504848,4.0966796467577575,4.03209497749111,3.960077424359111,3.900545641167983,3.8508778701464963,3.795459273946532,3.7503807579397517,3.713842501073337,3.673046267870253,3.6407615360785357,3.6157296384146576,3.5877270738488596,3.5666733210760313,3.5516530821883743,3.5347397365432096,3.5234455365388184,3.5170608263671626,3.509660786912068,3.5067542068580004,3.507739934274035,3.5084133599834195,3.512634575274383,3.5198350842082755,3.5272718723139698,3.5374620798355756,3.5498134855457635,3.562806399143574,3.577883366024197,3.5943935665327778,3.611805487867503,3.6307349523714834,3.6504630666053712,3.671211976541771,3.6930075323216855,3.7150658745239653,3.7381403428935145,3.7618744737952134,3.7854627027422296,3.8099073506927175,3.8347284784198736,3.8591077729217447,3.884088196362169,3.9092407417899557,3.9337305155880187,3.9585680442649647,3.9834081770795406,4.007475918525946,4.031583554895888,4.055592477883745,4.078830476045356,4.1017584788978025,4.124557776413172,4.146705737634013,4.168147404428689,4.189520221095059,4.210419348128779,4.230279985874185,4.250174786388422,4.26979124649337,4.288141129127011,4.306648685637296,4.325054648161087,4.342088741999717,4.3594050171312,4.376749043750894,4.392745915575472,4.409130981451283,4.42561115871825
T34000logg3.8,10.035912071639627,9.62386185040999,9.173853872521885,8.809483155776455,8.453203138626105,8.062827578911676,7.743676237107778,7.4369207110844515,7.099642215652148,6.821642266934608,6.558501471416889,6.268230967846601,6.027370774406222,5.802593660435554,5.553942712100475,5.346543985896939,5.155602192515632,4.943913962695281,4.766708283701002,4.605734121965108,4.427016267285205,4.277127316277566,4.142813718135557,3.9936178502470754,3.868488141362586,3.757969168492214,3.6352249597607638,3.5324976738642206,3.4431982867625415,3.3440692711161466,3.261504556107172,3.1910448322147364,3.1128734266940254,3.048340011242103,2.9945177847436666,2.9348692092701576,2.8863974027638384,2.8472275792017983,2.803924167074862,2.7697239964437905,2.7434371429456346,2.7145219678574906,2.6929471351015546,2.6779437913169835,2.661608469990539,2.651113096775786,2.64592135456338,2.6404842331699574,2.6396137161672053,2.6428753205531157,2.6467765683392477,2.654169743903579,2.664631517903241,2.6764397168469336,2.6908407967234886,2.707354597530055,2.7257626770823404,2.746011444559361,2.7675182178644326,2.7913136475856666,2.816318702754676,2.841824843807023,2.8698635468370344,2.898582544415911,2.927147511890057,2.958338550454889,2.9897693003663406,3.020498859382793,3.0538086624576786,3.0870020198508397,3.119092297707808,3.1535360087989432,3.1876181913866937,3.2203135258977866,3.2550394312964728,3.289237326058788,3.321831800242387,3.356163037533406,3.38982306203424,3.4217742846304056,3.45512179644369,3.4877212984850225,3.5186176135488836,3.5505283294420016,3.581684551450709,3.611262296215209,3.641420764249299,3.6709072622575447,3.698999582656826,3.7272993303330653,3.755052740471778,3.7816154975712033,3.808118312848227,3.834218496635265,3.859316007523053,3.8842084782541333,3.9088420782014643,3.9326162824974076,3.956169794593771,3.979589916529175,4.0022365249390095
T34000logg4.0,8.665704204750105,8.28403595382247,7.867375401271614,7.5301463824814805,7.201549316113632,6.841826368338843,6.547994339020123,6.2667502258392105,5.957924219224476,5.703724349992228,5.464293286203822,5.200620387941301,4.982246659211779,4.779628584020829,4.555949089020113,4.3698550305326975,4.199692244447774,4.0115102121419275,3.85451603679423,3.7130640830148165,3.55650156001798,3.4257950603534164,3.3098449877669793,3.181555619946463,3.0746405283555482,2.9814170925358643,2.878431161614329,2.7930182419398824,2.720040480826203,2.6396280922835884,2.5735537030083835,2.5185373634561867,2.4581482593736466,2.409358420793479,2.370191711029991,2.3274806693693386,2.2940708234167575,2.2688445561802895,2.2417146262625005,2.221954591185716,2.208968465195094,2.1955318404867166,2.1878281098464702,2.185542703763777,2.1840562781339554,2.1869182073990587,2.1939215666606713,2.2027748784168764,2.214807077867762,2.229800276827573,2.24749926585137,2.267393663369485,2.28917505623793,2.3143433502202226,2.3408870845089162,2.368351238534319,2.3997216937393953,2.43178571394592,2.4639072178299637,2.500298853983542,2.5368168790885064,2.5726313065475233,2.6129282157527522,2.6528799563994867,2.6914722958023636,2.7346078588718505,2.7770115577743533,2.8175145480301853,2.8624762523121774,2.9064014116418013,2.948033359636465,2.9938552905056173,3.038443204860431,3.0804611209421267,3.126310179015386,3.170799440110422,3.2125063566899157,3.257724180322227,3.3014738484398714,3.342339672748069,3.3863501107628493,3.4288489989218625,3.4684730547145906,3.510832230979669,3.5517043509364568,3.589828536610298,3.6302213561115515,3.6692379892405014,3.7056935551191343,3.744004895977729,3.781092464125174,3.8158260569940206,3.852105920412472,3.8873295234849152,3.920393802134125,3.954812833941861,3.988341422252463,4.019864794418032,4.052676470676073,4.084744413681527,4.114910184265411
T34000logg4.2,8.590624138575107,8.228506214508887,7.832502226452263,7.511527795183346,7.19892554075211,6.8562244627018085,6.575936735730323,6.307870738710615,6.013162825970888,5.770302616714492,5.541793676581952,5.289894682733311,5.08105405045439,4.887533230976794,4.673712680553757,4.49565026937218,4.333079706627411,4.153161276760659,4.002928938030372,3.867807504058901,3.7181594624779093,3.5931248177244015,3.482432018473694,3.3598978288394243,3.2577077498111238,3.168820181089896,3.0705933953535594,2.9890842803880853,2.919651387626358,2.8431499599884473,2.7802799680029553,2.72814398789125,2.6709614451532646,2.6247914751135593,2.5879554910473814,2.5478708479785697,2.5165948999135876,2.4932465020443964,2.4682585061456157,2.4502210183859985,2.4387324641691537,2.4270285143668957,2.4207031856225383,2.419601953850622,2.419515686766774,2.423475234874995,2.431408226067237,2.4413920527861044,2.4542960008538186,2.4700140357614657,2.488631683129868,2.5092211208141286,2.5315659840112077,2.5574862024615834,2.5845863111593506,2.6124868806193886,2.64447615814759,2.6769836374084406,2.7094388013543957,2.7463357174325496,2.7832003152225178,2.8192627743659244,2.8599679206537334,2.9001856801177586,2.9389579150020877,2.9824239690683374,3.025029118609615,3.0656656104917297,3.110890037873207,3.1549654982053568,3.196698878822733,3.2427293029949404,3.2874297745778973,3.329520344356085,3.3755491029075637,3.4201273617122374,3.461883155872927,3.5072738347766803,3.551102733729519,3.592003716126701,3.636196850621064,3.678779637885971,3.7184368422081633,3.7610020002080695,3.8019758091734643,3.840141584574816,3.8807717488721982,3.9199154241887535,3.9564269210178757,3.995007232591169,4.032246393087788,4.067048414207081,4.103622656651686,4.1390165401466525,4.1721570229657665,4.206887643115573,4.240596565709176,4.27219760359755,4.305326552074262,4.33757482033291,4.367813940625321
T34000logg4.4,8.407772818462117,8.075675351398704,7.7120286824086675,7.416984510359901,7.129601011379064,6.814213693281997,6.556043031619419,6.309158402805229,6.037517359055618,5.81350509179627,5.602804764323148,5.370400134011919,5.177608691061319,4.9990627555512885,4.801712187572344,4.637293846810145,4.487303380935076,4.32128179916081,4.1826165606939565,4.058035360189759,3.920075952206994,3.8048026915955675,3.7029012168426063,3.5901454813837503,3.4961343423874736,3.414523364204834,3.324412393964548,3.2496944822607134,3.186227207175892,3.116403282737182,3.0591144423547707,3.011813912942025,2.960072021497803,2.918436746579723,2.8854708008751127,2.849768088176908,2.8221220898448025,2.8018169344716197,2.780299921862301,2.765109106005639,2.7559553001800685,2.7469385032717706,2.7427811912458955,2.7434059555360406,2.745331634817811,2.7508732905112634,2.7600110555306743,2.7714294988721444,2.7854106873820212,2.8018868253662856,2.8214396707126626,2.842668168069813,2.8653859636358585,2.8918124517428376,2.919175527472988,2.9471207194327014,2.97924969195378,3.011696101306426,3.04391538802864,3.0806366862328587,3.117161290432917,3.1527501450682047,3.1930110438476236,3.2326521008965754,3.2707529108731705,3.31355343279166,3.3553893748297456,3.3952010129828762,3.439582238863572,3.4827390410882684,3.52353242358033,3.5685890313639432,3.6122635782144976,3.653329807069698,3.698302915044369,3.7417866968049713,3.7824648771455727,3.8267587057580057,3.8694583668130837,3.909255833612356,3.952342894624896,3.9937909268605614,4.032343176470301,4.073820399790415,4.113678783962572,4.150757654070668,4.190336625829113,4.22839880388442,4.263852966605294,4.301424043523161,4.337619653219403,4.371396458171203,4.4070016205323,4.44138713934917,4.473532162343282,4.507326547677903,4.540054889319505,4.5706843584725805,4.602898100317981,4.63418126687078,4.663464069186302
T35000logg3.4,13.734964670951012,13.457033272639773,13.150611692144448,12.900646318047837,12.649438240026798,12.37136730923907,12.142059163935476,11.91530177021295,11.663550000837267,11.454093008831656,11.249987016562553,11.022900143078449,10.832588153513322,10.6496285344515,10.445771649385723,10.273925064971808,10.110784552792657,9.928838709235393,9.774748144689074,9.630183179728565,9.468846981336931,9.331719029673758,9.204495789592217,9.06242668544073,8.94135653455148,8.830212050432298,8.705994524523962,8.59995501492082,8.50358218591822,8.395743058090718,8.303617700694478,8.22069657077572,8.127761992572019,8.048396633962206,7.977632205351297,7.898158191872059,7.830395567972746,7.770541280868142,7.703144693656713,7.645849747105766,7.595722289321254,7.539078223619265,7.491137485819779,7.4496124141795095,7.402451092889828,7.362782869588429,7.328803541304852,7.289927871265675,7.257497411766041,7.230078630121457,7.198361365854534,7.172187439332058,7.1504116071567605,7.124812925688573,7.103986248864182,7.087009081932607,7.0665758757656985,7.050256452523593,7.037298506103022,7.021157345937179,7.008570494349205,6.998913007573236,6.9862620926145755,6.976690498833342,6.969669130214568,6.959768915594007,6.952548538464801,6.947552528087691,6.939729036762932,6.93425143996356,6.930717883511278,6.924371816328825,6.920085316251343,6.917536133841584,6.912114895844843,6.908530523220156,6.906558798990507,6.901583823100556,6.898285974125514,6.896564018359188,6.891644582428475,6.888304988960837,6.886584913529569,6.881438682463799,6.877831638151804,6.875964826045525,6.870417115404948,6.8664289930225735,6.864331585524695,6.858348534053086,6.853970953396784,6.851634716436449,6.845287627076243,6.840602897940405,6.838083971745199,6.831527115085267,6.826684162544005,6.824086444230872,6.817525464833672,6.812710299410789,6.81016533858419
T35000logg3.6,11.983433214040652,11.621255374803155,11.225312127662875,10.904606497300282,10.588134500203548,10.240694161868506,9.956315841588268,9.680176947198145,9.375829473707892,9.124518381092582,8.883978846420813,8.617963665891924,8.396698837285918,8.187704135159054,7.955921977233234,7.762006679816055,7.581120789063936,7.380078926934597,7.211141064517202,7.055443011227806,6.882127722894737,6.736049490234976,6.603002526534242,6.454754555933765,6.329601914588905,6.216953938946096,6.091333986817654,5.98525569678637,5.890915731120184,5.785602764097722,5.696788684216061,5.618786859191796,5.53159227909747,5.458302281546542,5.394804523182378,5.323700088210779,5.264300986452257,5.213630120852681,5.156775949339946,5.109759402347414,5.070398196587095,5.026110786699612,4.990062233309653,4.9606187535115485,4.9273289150456625,4.9009088705530734,4.880099125133224,4.856344373639034,4.838289792208384,4.824931378007918,4.809355586300428,4.798485926808746,4.791490113098037,4.782852540631383,4.778082388058617,4.776452782849168,4.7736257716250625,4.773959259863337,4.776779788741832,4.778725206455746,4.783234550149276,4.789651708746279,4.7954008703869615,4.803208719964148,4.812419991426745,4.821055866703017,4.831328322379068,4.842578111266807,4.853248912816982,4.865209572833108,4.877815412815524,4.889730528726323,4.902666537718179,4.916009019871086,4.928462465405198,4.941736924702633,4.955255145328168,4.96765859560624,4.980727543221997,4.993978915986288,5.005830805015795,5.018256947654513,5.030902894018672,5.041824438920372,5.053294513734888,5.065125147711206,5.074868231456379,5.085214941973785,5.096109479333277,5.104615510770263,5.113816747271601,5.123762222364552,5.131116363825292,5.13927327551888,5.148346837356936,5.154743484860744,5.162047884793511,5.170391934694331,5.176096566708408,5.182792752127095,5.190589354325462
T35000logg3.8,10.691089735817668,10.314236352455875,9.902671225751266,9.569553192804992,9.24293670480939,8.884901572445424,8.592203016747714,8.309957800505725,7.999393177870917,7.743350887414472,7.500091007372542,7.231498073939103,7.008513662001809,6.799540412261477,6.568120525983575,6.37494333772436,6.1962447232194995,5.997895180368301,5.8316713080235125,5.6798500578519455,5.511068940614376,5.369290245544884,5.2414365844879285,5.0991826416129875,4.979606286782829,4.8731844265774935,4.754736426480031,4.655279489227301,4.567994733237493,4.470814783416288,4.389480247285954,4.319197779584188,4.240904921258161,4.175786446043318,4.120526100524776,4.058925685261872,4.008250102524248,3.9662158727362176,3.919339542103451,3.8814897822800374,3.85107632090494,3.817148668193891,3.790633015738159,3.7703876676397754,3.747767525420129,3.731180856226151,3.7197641365295775,3.706919172055744,3.6989354074803735,3.695110901574929,3.6906197422364535,3.689999369418512,3.692628008268064,3.6951908401162235,3.7007959435013915,3.7088378813761076,3.717274639031912,3.728058607411011,3.740556655702517,3.753775577186027,3.768757951120579,3.7848168269838345,3.8017917042031777,3.8200393669170034,3.8388134182608638,3.8585709115529276,3.879193998643829,3.8998851491021065,3.9215137510049956,3.9436760120845706,3.965567537801988,3.9882071532106336,4.011143066334603,4.033573920408717,4.056476151454277,4.079508053094491,4.101868707081475,4.124426433637781,4.146977131908288,4.1687936668612675,4.190480545768688,4.2120879131551945,4.233000508037693,4.253418107394787,4.273749940392869,4.293534962205383,4.312415433582113,4.3312867746674595,4.349810080488461,4.367080546816745,4.38445679908947,4.401696409179781,4.417438299182578,4.433417537019584,4.449450429416754,4.463861357570382,4.478637599450996,4.493609731350729,4.506961253739355,4.520786285659085,4.53488908972321
T35000logg4.0,8.68304426231719,8.316373264652594,7.916399987323748,7.592962362562022,7.277265368557726,6.931819662519191,6.649839442069552,6.379381359031823,6.082461438297254,5.838181100741684,5.607536022503518,5.353549579742468,5.143270281486678,4.947622157956782,4.731627046375749,4.551963034810858,4.387163133912968,4.204889955307336,4.0528309432827845,3.9153316314128785,3.763110802398996,3.6360043906933415,3.522771061319913,3.397435234968686,3.292922978444836,3.2013239718122826,3.1000530134326736,3.015963786124144,2.9436379205051875,2.8638268698621236,2.798097679594665,2.742860941528805,2.682068344555865,2.632733399580046,2.5925613968588577,2.548543227565156,2.5137835297973607,2.486849886189012,2.457601905292151,2.4357633161421335,2.4204387053638166,2.4041535269601706,2.3937112180532347,2.388521232871883,2.3835301418155277,2.3830535133300987,2.3866425496028323,2.3913955264131,2.3995419361362362,2.410662597207882,2.423725080928265,2.43923695333441,2.4567360563798375,2.4767871444769054,2.498504826415283,2.5213273201571504,2.547166722394315,2.5740217929770037,2.6011961325629356,2.6317085507048037,2.6626943103237375,2.693307887225104,2.727441433621609,2.761598257018465,2.7947878843936733,2.831541641895791,2.867948901101946,2.902896353001415,2.9413241627207793,2.9791117906197737,3.015081503619394,3.0542853038625224,3.092654529331134,3.128958779992222,3.1681606253147714,3.206403788170784,3.2424018726099355,3.2809798696321186,3.318498458341517,3.353698817236482,3.39111337098777,3.4274313545623984,3.461463634055762,3.497303393816627,3.5320732022838106,3.5647020702172,3.5986800706547313,3.6316988055870874,3.662776557662583,3.694803185567191,3.726018438214955,3.7555087130766696,3.7856481147267416,3.815138418603822,3.8431035331074623,3.871536691711183,3.8994799340570347,3.926054424791805,3.9530408318683685,3.979675948295008,4.005043819603402
T35000logg4.2,8.243572731629298,7.895501655220242,7.515347768004458,7.20760781052208,6.9075259771245925,6.578868025788066,6.31035738532903,6.053142453885042,5.7705724234663665,5.5379323134651415,5.318606094722355,5.076960078395137,4.876780226706709,4.6908445779887575,4.485488526980665,4.314593343533894,4.158132632628041,3.9850304118339595,3.8405723325154164,3.710219493655205,3.5658839071750164,3.445337182327907,3.3381994467556373,3.2196046232915583,3.1207133782661467,3.0342762093977407,2.938730832378323,2.859422126911191,2.7914341198145016,2.716457647747634,2.654766555911523,2.603149973100066,2.5464234542826456,2.50048369075333,2.4633187153967646,2.4227099307048108,2.3907883183813134,2.366335668402746,2.339928607615251,2.3204420361350016,2.30714551928713,2.293210805631562,2.284702001620978,2.2811551212212473,2.278100169503835,2.279203406636058,2.284112643427643,2.290455152568804,2.299883145606775,2.312051657863753,2.326411920596898,2.342958356141094,2.3612803160681453,2.382393404987281,2.404943544266387,2.4284043722867867,2.455106420209623,2.482621893710634,2.5102788162194853,2.54148442081826,2.5729847910304473,2.6039515772978,2.638633403678612,2.6731792658204085,2.70661366591619,2.7437926360918548,2.7804845396469604,2.8155928757093283,2.8543431007613997,2.8923298107195428,2.9283971311615535,2.967835710193758,3.0063338662891312,3.0426827700466514,3.082053713095331,3.120372679038318,3.1563721596419443,3.195078227320487,3.2326361613796073,3.267807527371229,3.3053250029288277,3.3416596746647946,3.375643626466188,3.4115738343252486,3.446351125072011,3.4789228771986322,3.5129884423190303,3.5460122043790463,3.5770285945996987,3.6091388768156647,3.6403551423499314,3.669777142679415,3.6999925990824045,3.7294751067408756,3.7573605804868975,3.7858553495646112,3.81377412042121,3.8402510991283165,3.867275470628762,3.8938607059185926,3.919107943436823
T35000logg4.4,7.381799528566558,7.067091285165256,6.723248362559014,6.444834556072055,6.173675081854559,5.876694283394064,5.634077350892861,5.402053393458404,5.147247897443156,4.937550062663713,4.740284171308716,4.523105844721259,4.343338127363089,4.1768274543875865,3.9931373513186075,3.8404674965966166,3.7011846121565894,3.547342467208581,3.4192068097187596,3.30410438111724,3.1769506271316956,3.0710589185158197,2.977503012341154,2.87428236729247,2.7885817336392695,2.714279746599357,2.632536603768668,2.565134172054152,2.5080272907617784,2.4454932521103254,2.394591163929044,2.3527769332725037,2.3073257871306723,2.2712104390695145,2.2429248541629216,2.2125926373215727,2.189663354661469,2.1733004190611753,2.1563107006083753,2.1450982531484115,2.1392154669018852,2.1339597553733607,2.133103621074426,2.1363884576652596,2.1413755497587936,2.149596829368101,2.1608397718474963,2.174683639138096,2.190777386529138,2.208858216676632,2.2302633681345236,2.2530916312564733,2.2769668067778364,2.3047337070615894,2.3332378746056204,2.3619449851986802,2.3949671585125083,2.42815691668681,2.460799156069594,2.4980381846934256,2.5349730555617342,2.5707030124504113,2.6111736834502204,2.6509514447753846,2.688963330697638,2.7317256609777267,2.7734804741633177,2.8130164089170258,2.8571768820231798,2.9000911162488405,2.940466697192249,2.9851795234240863,3.0284999207207273,3.0690599910229173,3.1136024851083457,3.156663186965325,3.1967980492574064,3.2405978930653623,3.2828392600777385,3.322089717646017,3.364643963626361,3.4056222096576265,3.443644401958437,3.4845674446509634,3.5239593524575605,3.560536289879347,3.5995549430320524,3.6371654130874953,3.6721539443415097,3.7091709828144106,3.7449379791617163,3.778291440339646,3.813354740299297,3.8473374907604843,3.8791017352644794,3.912366973708822,3.9447156456128774,3.9750027153658687,4.006697269467291,4.037619493746943,4.0665912809888045
T36000logg3.6,13.174867228664743,12.886032273609406,12.568947172668427,12.311336210946456,12.054938590790796,11.772158592558117,11.539889526093928,11.312285736614323,11.060283410581166,10.851395187342119,10.649551971109315,10.425364006394291,10.238119447030622,10.059499422003922,9.86061523160912,9.693483619673467,9.535953588004704,9.360228254612348,9.211839928663764,9.073554430745917,8.919081041086073,8.78815660105645,8.667457548006883,8.532475032316515,8.417767765995062,8.313105634271393,8.1959101221227,8.09615216747892,8.00602720376396,7.904941992894594,7.818842654930213,7.741801733536742,7.655211341526463,7.58149904711983,7.516166349130243,7.442545719427005,7.379996846910318,7.325088521239112,7.263024268989335,7.210483842717608,7.164819490400555,7.112999219394515,7.069365192686503,7.03184645242484,6.989027650526464,6.953240891128142,6.9228440587095035,6.8878591813063705,6.8589086841947,6.834680437463428,6.806431428598931,6.783363789977888,6.764420543197408,6.741901865996255,6.723836343480871,6.709365260415581,6.691655277967934,6.677781452632184,6.667034335701111,6.6532935965167725,6.642864851354008,6.635150552187302,6.624599987812874,6.616913791330634,6.611583915831571,6.603490917947587,6.597886276001665,6.594335273518095,6.588025145248253,6.583889114665537,6.581563262814103,6.576419768731417,6.573192378300566,6.571606208831119,6.567071164701845,6.564254510153219,6.562983446227281,6.558580969028684,6.5557508855348505,6.554458137257768,6.549792656859727,6.546613049269429,6.54504470007218,6.539827427125729,6.536067377108592,6.5340746394023395,6.528127875115958,6.5236751125356065,6.521177609230152,6.51447603790776,6.509334245535728,6.506335287813497,6.49897245596639,6.493246002832043,6.489821061123001,6.481980383117607,6.475846635218422,6.472123195840295,6.464044289025843,6.4577209936383095,6.453856806468565
T36000logg3.8,11.319811417021437,10.992758145967306,10.635272436562568,10.345860306450783,10.06108009663705,9.748504886227222,9.492831948211332,9.245287072452545,8.972502282429328,8.747427762050332,8.532626193133087,8.295086422884303,8.097678921835685,7.911757910806154,7.7055460173516295,7.533192914963226,7.372885594017385,7.194676309888914,7.045093655887953,6.90763668830121,6.754580829186669,6.625751082324237,6.508766269432901,6.37837313154842,6.26847274969,6.169864734174281,6.059868375533055,5.9671701263409505,5.88500947880066,5.793268360871059,5.716096441453411,5.648575370776324,5.573076825151626,5.509824473332366,5.455260475495082,5.3941387243907695,5.343301720340009,5.3001618137768585,5.251738228748499,5.211938788272703,5.1788462776613615,5.141592311876636,5.111543896309435,5.0872400212877,5.059733024103451,5.038218992914208,5.021542953322804,5.0024546519510125,4.988323626123738,4.978201518240212,4.96629426649667,4.958467263052344,4.953908676380501,4.948051943293965,4.945538965195231,4.94563909790808,4.944805642238968,4.946697193024715,4.950623101556333,4.953866821037532,4.9593151826761055,4.966290848147471,4.972728939461282,4.980934487627808,4.9902322462166095,4.99903266238151,5.009236285160617,5.020171028913529,5.030558656337554,5.042051461662308,5.054006484416818,5.065259925133615,5.077395594675174,5.089813561882957,5.101296560219391,5.113501020236566,5.1258765395986945,5.137063639863772,5.148849441241321,5.160789367048389,5.171231926246495,5.18221036194122,5.1934171859013505,5.202782928539763,5.212682735269558,5.2229805851605695,5.231055064640536,5.239734815199263,5.249022847630824,5.255763366429747,5.263213733772808,5.271488012887459,5.276989263641648,5.283317841488379,5.290660175010893,5.29512029911601,5.300519750031141,5.307072925716849,5.310756454140235,5.315468747631462,5.321413413722742
T36000logg4.0,9.33494609510512,8.999931944633559,8.634285890892428,8.338588289627356,8.049178577674295,7.7321967715305036,7.473357726098681,7.224292355441906,6.950533670769076,6.725172309927158,6.5116027720435525,6.276109054691827,6.080972559150899,5.898646832369746,5.697066806147278,5.529199520785258,5.374473121206807,5.2030702258250425,5.059862945397553,4.929637186697869,4.785213281503337,4.664368575833533,4.55598699809934,4.435761113232645,4.3352183811042355,4.24635831424248,4.147831526471281,4.0656719562409425,3.994228082591918,3.915068291303016,3.8494497197101607,3.793460328850274,3.731478313294766,3.680642714798631,3.6382888515488516,3.591465903075356,3.553776583217073,3.523406954529007,3.489929579133185,3.4638919124162753,3.4440285587288777,3.4222572455996443,3.406486156885483,3.3957849023765214,3.384195362052025,3.377382970515915,3.3746031209532203,3.371774878793898,3.3726884573517166,3.376686005884886,3.381303370875524,3.3887921452166765,3.3985141896235405,3.4093713859633668,3.4223741239287557,3.4368548243043713,3.4528522787925575,3.4703934880704184,3.488745726670377,3.508872676511298,3.5300415709065476,3.551437476564879,3.574743458284704,3.59867383595466,3.62233240381788,3.6479186224624853,3.673787947097047,3.6989754833166906,3.72600464650672,3.753043647928306,3.7791034028159762,3.806787439529954,3.8342924535022407,3.860620499133008,3.8882726646357186,3.9156215122429208,3.9416633742433085,3.968727370336264,3.9953938653310104,4.020722706152527,4.046720647251009,4.072287263151536,4.096582389476088,4.1211568175791475,4.1453271147639965,4.168393836815987,4.191306195552191,4.2139177309898255,4.235640003491253,4.256832823175239,4.277861949291758,4.298225699545669,4.3177842188040385,4.337327846561179,4.356408356537902,4.374524652515744,4.392769057887312,4.410705838090337,4.427641730935248,4.444826450666607,4.461801102638479
T36000logg4.2,8.122048420983525,7.803273306274849,7.455352987639472,7.173986381196057,6.899418405335726,6.5988343783497685,6.353482474121799,6.1182277810085495,5.85985900921371,5.647333638452324,5.446750662376355,5.225817414187687,5.042967871081447,4.872926659454778,4.6851818981479845,4.529102463470762,4.386024739158948,4.227788569669719,4.095892674914937,3.9767214104357604,3.8448296050007955,3.734830761499316,3.6369412487307264,3.5286543115388156,3.43851581959035,3.3596300315985674,3.2724967434275833,3.2003261164194043,3.1383791126646234,3.0701150785351725,3.0141054943651153,2.9671855767706523,2.9156571193438108,2.8740880478860675,2.8404220201769412,2.8036551841731736,2.774921513349118,2.7528977911332637,2.729118085482867,2.711753510016766,2.6999290719762064,2.687531651352597,2.6801776128718,2.6772401896819487,2.674734443137564,2.6761109634305336,2.680850332665961,2.686850011976122,2.6957520337285072,2.7070510404785066,2.720267828579332,2.7355658301489116,2.7523923707671782,2.77164334416159,2.792293430121166,2.813699770448962,2.837899774899585,2.862935257784706,2.8880456437036464,2.9161913456460447,2.944706548748079,2.972702792240532,3.003852859651255,3.0349879572746445,3.0650993781675355,3.0983609751053267,3.1312950575558047,3.1627952067660328,3.1973315378851948,3.231296571702638,3.2635372870415567,3.2985600444358107,3.3328528844463774,3.365231067757788,3.4000584815223647,3.434059181858706,3.4660184724669394,3.500105572391668,3.533293065430005,3.5644109222927343,3.5972877382111177,3.6292507303948733,3.6592116135281976,3.690524119909054,3.7209676494818353,3.7495779926794106,3.7790842584104283,3.807842365538201,3.834982767549449,3.8626183944604846,3.8896588412797968,3.9153074934916736,3.9411484039148106,3.9665570622122366,3.9907803042542427,4.015006642335536,4.038956700804819,4.061883988395044,4.084745663199748,4.107465364717314,4.12927116963631
T36000logg4.4,7.162493069872677,6.868076345130639,6.546774897059601,6.286952342225088,6.033803806703313,5.756800849480294,5.53078236351056,5.314500208790415,5.077159281730004,4.882067733095978,4.698394267005613,4.496309474561337,4.329235592634266,4.174329114978443,4.003539423337103,3.8617687575274102,3.732279951394793,3.589336817525492,3.4704390236526046,3.363494822006243,3.245423892363731,3.1472438908713736,3.060373505712756,2.9645879243262003,2.885196536618759,2.8162475241793006,2.7404382329820898,2.678053328667459,2.6250891602345754,2.5671151543181576,2.52003896792771,2.4812654560505174,2.439122970747145,2.4057391744576138,2.3794944967701754,2.3513313561111935,2.330130930400778,2.314902522514063,2.2990502721582486,2.288653015502001,2.2830862072229214,2.278034301816432,2.2771595385266203,2.2800191629161755,2.2843608965604543,2.2917998802123907,2.3019447429238062,2.314370875080737,2.328984086174947,2.345358631198057,2.3646484797798104,2.3853636435664987,2.406988338839384,2.43201720776624,2.457841414770209,2.4838160180791244,2.5135505898084602,2.5435599866272876,2.5730489597239994,2.6065268492834446,2.639850996531025,2.6720704104462683,2.7083843003676926,2.74419222925439,2.77839954255684,2.8166872159451573,2.854185713166511,2.889683420209686,2.929131870643324,2.9675740259567105,3.003734748289145,3.0435755439269423,3.0822760878784354,3.118510192206127,3.1580797940039593,3.1964319224617603,3.232192321437722,3.2709618402703433,3.3084566899130485,3.3433310050654996,3.380841137932653,3.417075607287418,3.450754675098316,3.486654976873642,3.5213371962760682,3.5536289300034545,3.587676260806662,3.6206366004419337,3.6514179201758665,3.6835378453864487,3.7147333488984855,3.743972571555376,3.77422744069415,3.8037287569419456,3.831479586011568,3.860032015814332,3.8879943819242966,3.9143716892980445,3.94145167235965,3.968083180514772,3.9932463583822773
T37000logg3.6,13.777257750928982,13.57101526443798,13.343354606761476,13.157669791691456,12.970965341966869,12.763840121882485,12.592967086229473,12.423755226715375,12.235323113322982,12.078402556387273,11.925147736430167,11.75400541715834,11.61037205891332,11.471866080763755,11.316880568743976,11.185977399710884,11.061224977317021,10.921425527488793,10.80273438027082,10.690851466333129,10.56532665346169,10.458304114949996,10.35844032997435,10.246264569674782,10.150296391685732,10.061582050739712,9.961775828173558,9.876161037363719,9.797694557385487,9.709241275015943,9.63321849091235,9.564091863142346,9.485980162614261,9.418766845141853,9.35809571935727,9.289343861234249,9.230160406350242,9.177099279177195,9.116769982399173,9.064852041942874,9.01859918532305,8.965792359745,8.920386322014053,8.880177884464354,8.834026170772592,8.794393508815393,8.759506987798021,8.719184194900786,8.684611546207137,8.654368429369898,8.619091227594733,8.588896424704808,8.56265908944454,8.531698825705062,8.50524617636815,8.482424462456109,8.455112870296862,8.431815106834849,8.411862685403884,8.387587430808184,8.366903144792062,8.349314439649593,8.32751171149474,8.30893684935667,8.293240496319003,8.273385722756943,8.256449597726352,8.242207721413104,8.22381752235595,8.208083444105565,8.194887682017654,8.177527611216945,8.162594850017646,8.150097998513402,8.133360562332806,8.118871182428101,8.106779623500936,8.090309085137713,8.075958973596027,8.064037927644895,8.047544720347327,8.033095831305427,8.021170333519455,8.004451842345691,7.989748536995305,7.977723351504972,7.960663232027369,7.945638630369906,7.933465707170042,7.916061083862054,7.900732543151999,7.888422590879249,7.8707597072701745,7.8552197490430276,7.842836351420945,7.825071186185822,7.809468660493818,7.797115565453791,7.779447403776944,7.7639613242385535,7.751764602073203
T37000logg3.8,12.200034558521802,11.930140300042641,11.634475458319931,11.394785530995271,11.157552934047327,10.896490828132414,10.682587533707665,10.47417670177296,10.243907430077547,10.053539898245827,9.870646521629462,9.667872697964427,9.498987840486013,9.338803173005912,9.160708472428578,9.011492520572599,8.87165766202373,8.715851329020376,8.584708023848304,8.463210824990174,8.327621572206391,8.213118341972528,8.108205327723045,7.990981686340577,7.891780333196422,7.80185939298441,7.701263523037264,7.6160536983479385,7.539623838989887,7.453978213595647,7.381451673316748,7.3170723515434775,7.244767174760398,7.183644854936375,7.129958451395829,7.069487181063456,7.018555565264319,6.9743110527936905,6.9242989543115865,6.882428761183894,6.846488288569615,6.805670296393965,6.771795785628363,6.743110848963418,6.710300556853153,6.683406186084369,6.661005768606884,6.635094498866342,6.6142190115641615,6.597207009166176,6.5771612470502685,6.561402488869983,6.548950551251574,6.533823959575071,6.522351342919563,6.5136999734483,6.50262933985646,6.494680680649111,6.489131349394803,6.481329138421083,6.476201048347424,6.473107954457457,6.467844356678188,6.46487719751948,6.463637398733274,6.46023282346229,6.458812435809205,6.4588689222626865,6.45670489588272,6.456267903981288,6.457120902399983,6.455635985397284,6.455675246010978,6.456890473533818,6.455585326736911,6.455655329312198,6.456853372989191,6.455309874113387,6.455033753117377,6.455919044591255,6.453785041278382,6.452864939033641,6.453216425437463,6.450237848576407,6.448472665007969,6.448167166498118,6.444190353438067,6.441489665003684,6.440465484457016,6.435485625211205,6.431871295776981,6.430146852157359,6.424275251349398,6.419866617580029,6.4175303011766776,6.410965540276093,6.4059525771551735,6.403142915155335,6.396136670699063,6.390746419424522,6.3876298807912075
T37000logg4.0,10.800040456084627,10.505202338979881,10.182753199256922,9.921654384491458,9.664871529135416,9.382928468523243,9.152310231372118,8.92917825198007,8.683257655920922,8.480387855558643,8.286944044031792,8.073025752689311,7.895320969596686,7.7281297461217475,7.542726073999885,7.3878648868947225,7.244004829356703,7.084133565626582,6.9500678367433935,6.827049828904789,6.6901426337757615,6.575055605940039,6.470732964380157,6.354538076562038,6.256776606002496,6.1692456554040564,6.071699712589817,5.989690133940309,5.917193931371732,5.83634371189497,5.768551937090839,5.709435643878062,5.643431967775943,5.5883762925018505,5.541090053163183,5.488207799868887,5.444494462379521,5.407620272115094,5.366304281303098,5.332651870347966,5.3049126860045694,5.273742372939049,5.248951835992621,5.229177376260182,5.206825645023629,5.189756649158879,5.176861370706506,5.1620825617230395,5.151653180069141,5.144631795070841,5.136265100145567,5.131458731989406,5.129380580098873,5.126360752057714,5.126242856328122,5.128257574832864,5.129620224877898,5.133335681385403,5.138663809060712,5.143525330337576,5.150281495818864,5.158201458639524,5.165741885565167,5.174793821005435,5.184631188076495,5.194078952982078,5.204722075246218,5.215844787197484,5.226486467707444,5.2380689714467685,5.249913542058752,5.261092283750878,5.27302551778975,5.28508831767561,5.296229940171911,5.3079982536041905,5.319829711690428,5.330465917271554,5.3416357896392785,5.352890778765076,5.362623307539939,5.372853462193121,5.383275021825776,5.391814328692655,5.400870557987244,5.410311572948148,5.417474352116646,5.4252419405986565,5.4336231412162155,5.439390084601873,5.445879440606132,5.453212143221036,5.457693111719813,5.4630214799204,5.46939456101194,5.472790770758578,5.477150520196103,5.48270612752623,5.485278112183047,5.488906489553027,5.493821706135856
T37000logg4.2,8.528622104409886,8.243036542050746,7.931529836581812,7.679845403378228,7.433834987440458,7.164585929423689,6.944973093253918,6.7339672565269435,6.502235950742426,6.311729844691275,6.1314915003028485,5.9329356508464315,5.768675874882669,5.615489545747794,5.44631096167884,5.305706989067816,5.176393441352749,5.033327151888885,4.914089857217138,4.805943266202737,4.686197981874781,4.5863187517973625,4.497028987285642,4.398187782583557,4.315871087952916,4.243422592345804,4.163314372575089,4.0968887705899935,4.039453349498549,3.9760502672611784,3.923910506711004,3.879784633587591,3.831180517294096,3.791791525409203,3.7593917324908843,3.7238279921148907,3.695763249582975,3.6736552442599937,3.6495546920305486,3.631509604406748,3.618406575412883,3.6043358782400277,3.595096614733297,3.589824383640502,3.584449869211897,3.582869000241786,3.5843433765824066,3.586418397938398,3.591411213701101,3.598629225843348,3.606996915902491,3.6175479406574014,3.6295841595795033,3.6431816534333636,3.6583552392790737,3.674362337971478,3.692224793791808,3.7111619622473953,3.7303615329616897,3.751600402025953,3.7734993303488906,3.7951661058455253,3.8189482599749,3.843049381013291,3.8665014316014945,3.8920430221694544,3.9176261748588614,3.9422236632949264,3.968791846873598,3.9951841653074345,4.020353844229506,4.047264051250428,4.073852504262813,4.0990714533158545,4.125726113429391,4.151969554957461,4.176761101457671,4.202673515057542,4.228114745428497,4.2521135746126175,4.276865986712484,4.30114368395534,4.3240764282095405,4.347358832457964,4.370217999966677,4.391921778355928,4.413528353157522,4.434832582799679,4.4552112584761066,4.475101163222275,4.494838517297914,4.513885716469316,4.5321480160413685,4.550414193631406,4.568202771854937,4.585020245923344,4.601989111968693,4.618647776316001,4.634265977565233,4.650159698979952,4.665855582228419
T37000logg4.4,7.341842408173619,7.073864264723872,6.781713809808606,6.545770018905136,6.315776440442486,6.064293413078168,5.8593429940704596,5.6630733952792855,5.447808500130066,5.271062549181471,5.104492290715922,4.921295491527815,4.770002191646297,4.6295488471573725,4.474739441305714,4.346374716589049,4.228952273045569,4.099360154198776,3.991687485177058,3.894664283220937,3.7875675534603572,3.698617122291212,3.6197428383697288,3.5327881851154004,3.4608036713940904,3.3981193056083283,3.3291954330347098,3.272545755929084,3.224279445787667,3.1714250765590988,3.128554194453044,3.093063840473312,3.0544438600474964,3.023871361420823,2.9996370997738566,2.973560070306477,2.9539091602964054,2.939552399327452,2.9244978735370735,2.9145087981317146,2.908793083712868,2.9033831873738136,2.9018879696053483,2.903688378361745,2.906641675109752,2.9125366329847098,2.9208133881345244,2.930933971633352,2.943176458615599,2.9569672048952187,2.973140251055968,2.990751316008905,3.0091653821141553,3.030368716714003,3.0524457028109406,3.0746667894907893,3.0999650562671928,3.1256732944284176,3.150947386811638,3.179476210477183,3.208034287098431,3.2356570864460124,3.2666039604471933,3.297267461196996,3.3265727458083196,3.3591650462884686,3.391223364548749,3.4215838084392756,3.455096529344112,3.4878829001959155,3.518734653227452,3.552485439293405,3.5853884528112387,3.616209291393995,3.6496024327585426,3.682080457957299,3.7123905988789496,3.744944469685559,3.7765413912788643,3.805976255434582,3.837275494248621,3.8676303132240895,3.8959169704491443,3.9256489712260185,3.954503414441305,3.981476074092863,4.0094281811888886,4.036638288115218,4.062194186678645,4.0883133204013,4.113853246758117,4.137973997461645,4.162332999042961,4.186282162093976,4.209027382115078,4.231793260599961,4.254309273330115,4.275794696922483,4.297196769423122,4.318485688308971,4.338866790942366
T38000logg3.6,16.90966854293061,16.758871997637012,16.589629072478775,16.449582400227847,16.30555357325407,16.143342263403987,16.00762065801671,15.870329580314717,15.71537751119275,15.584561138031575,15.454215500286967,15.306927255713308,15.181654494005176,15.058531932379248,14.919307375026671,14.800150152374092,14.684481134445843,14.553610947783898,14.440999156479151,14.332897519244352,14.210504211515238,14.104686533394428,14.00411676711732,13.890128606767751,13.791160131323142,13.697929608988364,13.592091804969389,13.499848365223638,13.413626998123405,13.31554177141004,13.229762837907462,13.150130162049456,13.05931982648207,12.97966108307293,12.906153715001162,12.822099045833635,12.748162583565152,12.68029674849967,12.602457133393806,12.533813099425709,12.471102240344855,12.398931616839235,12.335130222090623,12.277092769147094,12.21004175454549,12.15061955649476,12.096780507957735,12.034300649095172,11.978787093421401,11.928680827871538,11.870235277243086,11.818168120821458,11.771347996359284,11.716427322520651,11.667364245894065,11.623406593071127,11.57153216333875,11.52505764827525,11.483565334254362,11.434297344608975,11.390028252211467,11.35063376557485,11.303568593380275,11.261149915059232,11.22351192316119,11.178277355507705,11.137381569331321,11.101186780585113,11.05744524345393,11.017773535229688,10.982729747500198,10.940189390849786,10.901475061035114,10.867349267477113,10.825741470734382,10.787757726373824,10.754370117625497,10.713466367814044,10.676033123193704,10.643248523273574,10.602881796904414,10.565872273768882,10.533600840560435,10.493666279546522,10.45700826492494,10.425210100475747,10.385657738927295,10.3493347333125,10.317996812291096,10.278850570096115,10.242900125100283,10.2120457934572,10.173388026862074,10.137896619284003,10.10758267696234,10.069542035280179,10.034633298363376,10.004942714011936,9.967677273628455,9.933496808781445,9.904529399977507
T38000logg3.8,12.923466772317886,12.729242616852783,12.515566958554821,12.341903589483714,12.168655600087344,11.977051108242609,11.819558605555637,11.66477038465619,11.492839388865775,11.350182276643128,11.211845948405658,11.057666433405082,10.928737504340166,10.80524110347833,10.667239246934829,10.551102448752385,10.441120957481886,10.31798157590337,10.213822611777392,10.116231465033351,10.006794279499676,9.913849700542041,9.827628825846675,9.730801483620676,9.648310156557082,9.572491823027587,9.487200929000894,9.414370226372096,9.34800075287401,9.273172029294473,9.209178726991695,9.151319801626883,9.085902939912238,9.029922404092014,8.979675865488677,8.922675170453068,8.873911082516893,8.830438819940337,8.780930320892397,8.738627385507538,8.701156372686148,8.658277464845236,8.621710825490554,8.5895202920214,8.55245166161333,8.52091975040442,8.493333639335228,8.46129717096547,8.434125849014315,8.410512359121942,8.38277580707686,8.359325635225705,8.339095527273306,8.314982869119472,8.294662780441065,8.27727325054684,8.256166835852891,8.238431817673234,8.223379851917798,8.204713006078377,8.18906010840552,8.175879533770548,8.159129870655436,8.145089924363578,8.13334566293825,8.11802709027543,8.105162526220193,8.09445115481262,8.080119376820038,8.068027583235743,8.057979676768895,8.044235079241275,8.032548658147787,8.022849569082952,8.009320088113869,7.997711652036651,7.988093653004162,7.974458413264131,7.962650986708359,7.952904251919328,7.938899412802743,7.926676461043762,7.916645564605619,7.902085484815762,7.8893052636358885,7.878908896821396,7.8636885149889935,7.8502964853129455,7.839498638339447,7.823630502003844,7.809658195889215,7.798482183840827,7.782069439763165,7.767624494464528,7.756147218941683,7.739363470341456,7.724609255519529,7.712946658491911,7.696006851705709,7.681135947130251,7.669425903018317
T38000logg4.0,11.63030589305022,11.387308108832507,11.121115479921478,10.905412607498592,10.692337094079924,10.457885217863385,10.265901953786704,10.079225917733384,9.872997360906137,9.702630932611253,9.53928761036352,9.35821320647707,9.207537598932358,9.064923015208224,8.906384301248243,8.77369585058731,8.649614871888502,8.511382779816783,8.395182511963498,8.287767217316299,8.167915150955041,8.066860058857415,7.974482233468187,7.871290226217655,7.784131485510416,7.705320717607409,7.617182907383119,7.542702326223994,7.476073609499574,7.401442192024686,7.3384317016717135,7.282666254293842,7.220067813080966,7.1673516878406955,7.121207954541733,7.069262861095302,7.0257289208951335,6.988066972180403,6.945522324772599,6.9101382585355555,6.879921696324153,6.84561894907533,6.817404515054209,6.79367238934144,6.766520534288928,6.744540859815034,6.726403458966873,6.705382839438262,6.688749574512182,6.67538101858167,6.659533143183981,6.647406791975611,6.638039575287316,6.626485974696624,6.618096299316173,6.612029876772017,6.60397582328279,6.5986186949129175,6.595210759142494,6.589929902642252,6.586954664357575,6.585611156442605,6.582432116138937,6.581232460345248,6.58140193581751,6.579702547592542,6.579712748113441,6.580884375994863,6.580094531529862,6.580794227675564,6.582509990925385,6.582110580977248,6.583031901205295,6.584893587733058,6.584425875558461,6.585158941824373,6.586819199339699,6.585899323950905,6.586099990288846,6.587292550719698,6.585602705252624,6.585004318663692,6.58553420439294,6.582848403362959,6.581274094651048,6.58103748935306,6.5772238316812,6.574601477281773,6.573551659014885,6.568619268729185,6.56498028651239,6.563143072353476,6.557208528486134,6.552674944615985,6.550141029911922,6.543402737409943,6.538162362544978,6.535068953338751,6.527775631568746,6.522051758920265,6.518562783039712
T38000logg4.2,9.466391609592213,9.2219168326958,8.955151772672501,8.739693244235209,8.528596120501016,8.297341033188186,8.10872252180121,7.92696148552141,7.727090238638347,7.5627356810906905,7.406692959985833,7.234529181517681,7.092027275486785,6.958580634305231,6.810946134513249,6.688144500213222,6.574651895288511,6.448849553752058,6.343869617194237,6.24809999104496,6.141822764119536,6.053009861996546,5.973047632449693,5.88428300818502,5.810146533482916,5.744308108171241,5.671232062619273,5.610368915980752,5.557111841979618,5.498011317337086,5.449070581747128,5.406957615136359,5.360228523533091,5.321919822088089,5.289616366481799,5.2537743601193005,5.224893599816048,5.201186461741954,5.174897657372287,5.15434112740421,5.138139671925793,5.120185379621647,5.1069199284970805,5.097224773205189,5.0864701356772155,5.079520209855799,5.075411620807497,5.070801412384332,5.0692474844360715,5.069877487355433,5.0704278911304455,5.073405241933583,5.077988054291897,5.0827975896460496,5.089514238330402,5.097334278585359,5.1055878861251465,5.115317334212455,5.125716134329648,5.136661178296494,5.148726131908552,5.161090266384564,5.174029354977598,5.187796937381466,5.201556018445812,5.2158377126188435,5.230710287981884,5.245329938400506,5.260347776552235,5.275768264000385,5.290767223948704,5.305957842812029,5.321418152559084,5.336364936665737,5.351228330764109,5.366278398136151,5.380785992054878,5.394907383519649,5.409165139725671,5.422934578819762,5.435959112559604,5.449122401812355,5.461930259546953,5.473601063702086,5.48546427929599,5.497186205088984,5.507343318255856,5.5178084067765285,5.52837838799636,5.537009475442787,5.546087727920984,5.555516944614425,5.562724298417419,5.570522594103434,5.578891462957146,5.584863048404171,5.591558225062267,5.598996795267372,5.6039751576766035,5.609784731455737,5.616454711043642
T38000logg4.4,7.959080987647736,7.723336662473651,7.466379844018192,7.259024041961828,7.056682657894237,6.83539457644019,6.655164734603284,6.482317097156658,6.2926584703057395,6.13701443273036,5.9900621977531685,5.828342195080312,5.694837854428,5.570622363564451,5.433610541126857,5.3200353668030385,5.215862403680236,5.100793001543308,5.0051994570112015,4.918778080347243,4.823278930824067,4.743950745987677,4.673317774986004,4.595332121976318,4.530736815611787,4.474182327390288,4.4118646649186095,4.360577187915707,4.316551139741951,4.268180950718262,4.228835308139174,4.195894371044479,4.159856254161258,4.131150179454837,4.107957297240607,4.08276480213113,4.063487121366235,4.04882946698183,4.033143416604473,4.02218444575505,4.014972852946327,4.0075781218706075,4.003904687260846,4.003144479721337,4.002905409952256,4.005538958615491,4.01031106062934,4.016172601699231,4.024191696254327,4.033648906475961,4.044625057195647,4.057162529015568,4.070518698972835,4.085706996116867,4.101965141481908,4.118501238350449,4.137077334362845,4.156321560410833,4.175375218731666,4.196583483501991,4.218131256537527,4.23908729955661,4.262220084879992,4.285423082887132,4.3077007491094275,4.3320885751368365,4.356333021778807,4.379389107426238,4.404411141075828,4.429125662135295,4.4524727512758,4.477548086179398,4.502208424334928,4.525401764356165,4.5500167764431065,4.574158994401131,4.596796532527962,4.620531447102396,4.643765032560102,4.665540626953102,4.688036165551461,4.710052425899138,4.730737251696251,4.751726262030301,4.772308641938895,4.791769597698192,4.811079382108473,4.830118031120118,4.848279575092247,4.865885018242152,4.883377581559101,4.900239689972327,4.916229273469292,4.932267663054114,4.947898933780025,4.962445379086049,4.977191053368339,4.991709524574619,5.0050411760910105,5.018697610138318,5.032254876128122
T39000logg3.6,21.0735990009469,20.939931566960475,20.787630133433684,20.65979628626961,20.525892681948058,20.373095974852042,20.24354844986346,20.110341911051883,19.95826758135125,19.82827499082846,19.69682189360201,19.54676071488248,19.417609564462992,19.288938109738897,19.142079764560293,19.01493836367511,18.889933252217972,18.747263164284796,18.623099217471882,18.502439217348282,18.364682156229556,18.244223031172034,18.128361673095004,17.995978868533065,17.87971229815627,17.76889010928877,17.642110593509734,17.53031324712705,17.42459370151901,17.30345961157609,17.19623969902604,17.095556476493996,16.979984608232275,16.877330840284174,16.781533644003723,16.67134848068477,16.573156222661495,16.48203110615792,16.376988833236847,16.283085544263564,16.19637901319782,16.096192440437303,16.006357832783944,15.923791608550525,15.828140156324665,15.742114937604399,15.663388998001494,15.571924999598405,15.489422363833645,15.414225298034463,15.326591026961074,15.247311204921374,15.175328794289646,15.091166198401757,15.014806310118042,14.94572769205387,14.86468618899367,14.790947870558156,14.724470021721,14.646213893901495,14.574812904329836,14.510648983005723,14.434867824181296,14.365538231722287,14.303419722970503,14.229823081529322,14.16231564481429,14.101993320765015,14.030316525038709,13.964405069993438,13.905648194223039,13.83566618226287,13.771150415796924,13.713774313271562,13.645280446418615,13.581990945836939,13.525853228917374,13.458673151017402,13.396478067877041,13.341471125268981,13.275482934657271,13.214295030578347,13.160350429929114,13.095485578453648,13.035263938906223,12.982354693532614,12.918590694484617,12.85933817145104,12.807462518858657,12.744831274026913,12.686590930066954,12.635775159914994,12.574347121070554,12.517194910185683,12.467488275028042,12.407366242365725,12.351404778116732,12.302875357475619,12.244183433993308,12.189533515187222,12.142263423371116
T39000logg3.8,14.923658269643772,14.775644710547729,14.611178885412475,14.476408715471218,14.339938835414344,14.187556157677722,14.061236906409386,13.935229614369115,13.794012294175342,13.675827090659823,13.559529591136192,13.42885047714427,13.318612684011844,13.21147345773664,13.09084840634859,12.988415207233214,12.889983905632022,12.778996908751457,12.684221486725686,12.594088255723793,12.492319633924572,12.404999931049133,12.322732953939022,12.22969845861073,12.149541296986827,12.074652948975473,11.98979085235143,11.916408781916163,11.848354839141185,11.771035971134497,11.703964154310572,11.642161535039957,11.571729143087381,11.510464254332678,11.454327921357072,11.390127750867814,11.334151632086135,11.283109551885316,11.224507062260503,11.17330484494305,11.126812941961793,11.07319962344928,11.026262639568877,10.983802966579496,10.934588646976115,10.891413460005857,10.852492124354614,10.807107364825152,10.767200240744137,10.731347533232382,10.689247043472545,10.652133715034067,10.618906790385399,10.579582017200934,10.544818068208386,10.513803799649795,10.47678609108943,10.443961286496194,10.414777415713997,10.379641927451084,10.348382405755672,10.320678159194056,10.28703772982146,10.25700002115646,10.230452109183556,10.197954393786109,10.168825917346666,10.143141004055716,10.111471820601604,10.082972445456623,10.057884368088155,10.026778058561202,9.998663905693622,9.973965786087067,9.943178089696959,9.915240977987626,9.890771851594682,9.860092163092586,9.832162434418484,9.807801187878262,9.777066781314213,9.749020795026201,9.724685720308344,9.693795384110079,9.665565975185089,9.641228814799371,9.610138652106453,9.581718948988001,9.557378334312487,9.526129840337752,9.497575293513247,9.473271199929847,9.44197426786327,9.41339621352239,9.38920688929377,9.358023664863248,9.329574286575504,9.305606221886281,9.274727882901386,9.24657953855419,9.222954519101325
T39000logg4.0,13.002954848315909,12.823942631683513,12.626960282209028,12.466886949395953,12.307451572803283,12.131090456854194,11.986158485819137,11.843922036513238,11.685884558390208,11.554781624157163,11.427802871637269,11.286208206117848,11.167820985840471,11.05452595585306,10.927831441119965,10.821219190593052,10.720318588416845,10.607238932483622,10.511588115699054,10.421992137154295,10.321404222909056,10.235967641608003,10.15670449309136,10.067573205085667,9.991623494736363,9.92178442727076,9.843102592142712,9.77589231683352,9.714588818153988,9.645355986164265,9.586117186331586,9.532483006521948,9.471731290931992,9.41970204950164,9.372912043822735,9.319722146159497,9.274166179694616,9.23344881386769,9.186969658230367,9.147190831485753,9.11183681019199,9.071275105802336,9.036603378911838,9.00594782655721,8.970543066162845,8.940327944162172,8.913747344681706,8.882783161072934,8.85640237240823,8.833316361333674,8.806116051425786,8.782976295695432,8.762839729364279,8.738772967959605,8.718321610495467,8.700629071134676,8.679119908121617,8.660848694235241,8.645133329137192,8.625655284212375,8.609095954654727,8.59492584129727,8.576994375987528,8.561711522716497,8.548685537788637,8.53185401614299,8.517445144412466,8.505194299532274,8.48905742520879,8.475155528290639,8.463346275267352,8.447543447086586,8.433819108862192,8.422172287515307,8.406374058446676,8.392537059793487,8.380816959422733,8.364737143079523,8.350541380921328,8.338564390107647,8.32196785340883,8.307223089835931,8.294855459456713,8.277580564110343,8.262166433999017,8.249343760312529,8.231303193239514,8.215180912508146,8.201879828446014,8.183100224736782,8.166313694674756,8.15256717814135,8.13316202665575,8.115826276699373,8.101717065756441,8.081863891088068,8.06414502438614,8.049791654746949,8.029708150597374,8.011801397121772,7.9973445763461
T39000logg4.2,10.983011909977034,10.783088842856689,10.564343382203758,10.387397373758205,10.213070014692303,10.02146381301748,9.864860288128769,9.712981926091683,9.545349948238051,9.40714855943728,9.274978823518694,9.12857298224354,9.007012019846758,8.892236807347905,8.764727481919518,8.658264807992422,8.55894782882743,8.448367289434916,8.35566126214163,8.27016995304366,8.174835616452814,8.0946996999159,8.021623745048437,7.940043854184102,7.871385217842921,7.809459477687318,7.7402517286850765,7.682015969464591,7.6300589480250185,7.5719026220202865,7.523052370440745,7.479943259649612,7.431584770046376,7.391118527846518,7.355811126250458,7.316088276158813,7.283063793355194,7.254599353970839,7.2224534457556,7.195996521957149,7.1735052350578,7.1479648657783414,7.1272522831167056,7.109934212520247,7.090088339255056,7.074335390388112,7.061449201618427,7.046442450681977,7.034901749733947,7.025758292358508,7.014789399126235,7.006758852782641,7.0007214601633265,6.9930585210875975,6.9878923379301146,6.984377109708717,6.9793530318934405,6.976459993914103,6.974930920953336,6.971940410735693,6.97077809985488,6.970742145885493,6.969226971926557,6.969288345363518,6.970285836572602,6.969725555167363,6.9705374715203146,6.972143085131644,6.972064187796879,6.973193540603843,6.97502657163173,6.974997684900105,6.976052619480882,6.97778288278649,6.977417977640577,6.978055042716837,6.9793968646020375,6.978372608454133,6.978303985588774,6.979040153226554,6.977086810413129,6.976088729729382,6.976060249255217,6.972987781264626,6.9709147792144295,6.970042238792369,6.965743259254198,6.962541074369542,6.960791580511781,6.955285226974121,6.95099198803577,6.948396244797091,6.941799240880923,6.9365324937393265,6.933177262615345,6.9256772257358135,6.9196123455932765,6.915624960006518,6.907454797141969,6.900799573896525,6.896332394290276
T39000logg4.4,9.032406880930546,8.8298966830849,8.608802852162242,8.430257695887192,8.25541548209491,8.063812444899218,7.90759708525979,7.757159911454012,7.591711056163999,7.455754347325893,7.3267797314235565,7.184493742208268,7.066840923768936,6.956777886557805,6.835057402524586,6.733954516042954,6.640635743853504,6.537261646468979,6.451164711660754,6.37274766637228,6.285817049048478,6.2133643012873385,6.14826796229295,6.076116736711721,6.01607329151974,5.962897027109725,5.90400259114886,5.8551980752921455,5.812654493391099,5.765580810716696,5.72687603802734,5.693749947015203,5.657132242373713,5.627428249157103,5.602584424557454,5.575157462734774,5.553422316351374,5.535821624882466,5.51643526096276,5.501715214011112,5.490418488887376,5.4780267586249165,5.469433548831626,5.463585100277668,5.457211523772657,5.453899134226508,5.452703166545291,5.4514257853162595,5.452586137061158,5.455300337020536,5.458255395583926,5.4631289917519705,5.469067024575442,5.475464399029095,5.483351557250669,5.491883938594737,5.5010035170722915,5.511263343366864,5.5218130961188425,5.533000358370215,5.545042556332945,5.557077716668045,5.569724789963526,5.582993427672505,5.596015460139975,5.609552444325867,5.623526671726642,5.637073634021734,5.6509801102779385,5.665182514139009,5.678843518500359,5.692644582547946,5.706645611297583,5.720060091569532,5.733337865432104,5.746762898462262,5.759615201884559,5.772024558899906,5.784559418127189,5.796610216689935,5.807858500437608,5.819257850012475,5.830331340141077,5.840209647198694,5.850309587490191,5.860313014344636,5.868695229821645,5.877424758811597,5.886312640862251,5.893203694091415,5.900587162768586,5.908379711057571,5.913887465226842,5.920033307621816,5.926811155391241,5.9311176906099385,5.936194106740289,5.94207960320623,5.945412566818882,5.949621391398354,5.954763555273156
T40000logg3.8,16.86514656873538,16.75880677098332,16.63899933616915,16.53966825422899,16.43713647373229,16.32111290642901,16.223792578770013,16.124908571862,16.012706690922613,15.917700646734762,15.822557811822662,15.714431829741716,15.622159030999985,15.53096316925531,15.427216286110385,15.338092467085932,15.251048871923544,15.151944715894533,15.066317993203924,14.983574238511906,14.889273704145202,14.807376923804602,14.728979515161253,14.639508648909509,14.561442106767865,14.487326391571576,14.402586263614305,14.328330809460066,14.258340995835221,14.178139384318195,14.107586396698476,14.041505821575488,13.96559730725129,13.898582928863505,13.836166049260163,13.764276292261789,13.700600771478602,13.641587310353213,13.573428681134507,13.512869675548597,13.45699539698894,13.392266950025842,13.334579844903072,13.281573854093622,13.219961102827767,13.164883348000217,13.1144714815246,13.05565459465175,13.002914578052664,12.954825203915522,12.898487338721926,12.847813884598903,12.801781958072691,12.747618105374457,12.698749558382493,12.654521239391878,12.602243962286588,12.554932558088092,12.512266352975587,12.461607204619149,12.415622326547272,12.374292192745866,12.325007131306688,12.280137613929108,12.239934827475595,12.191800110970696,12.147851185186735,12.10858343790248,12.06139410862061,12.018185873839688,11.979669559234804,11.933248940967923,11.89061850125126,11.852710573009235,11.806887246201741,11.764693343615205,11.727285957486174,11.681908758853387,11.64003720623003,11.60304841877893,11.558005515813333,11.516377829124808,11.479756234849548,11.434987065892456,11.393569993585265,11.357305731457949,11.312794596097799,11.27159879461571,11.23570147639236,11.191492963256762,11.150572368914133,11.115079705148494,11.071264867445793,11.030711566624069,10.995687010570547,10.952394430238597,10.912330711834157,10.877858671261528,10.83523968517917,10.79580434084124,10.761981429077824
T40000logg4.0,14.253944628260092,14.128969139023145,13.9904232990686,13.877237404035379,13.763165149331517,13.635969159111701,13.530813232116651,13.426316736532451,13.309270557136395,13.211541815714849,13.11565301628831,13.007879058367948,12.917141254179345,12.829133061937839,12.72996123931417,12.64588610310338,12.565198528717591,12.47409660735863,12.396409475124148,12.322567519050846,12.239046155816924,12.167465184399486,12.100016407899338,12.02358442819126,11.957794532215097,11.89628101813636,11.826419568420134,11.76605494952099,11.709995333890138,11.646151184286243,11.590800016339236,11.539696597522331,11.481311111231351,11.43054487711633,11.38391105114647,11.33044162075463,11.28383158060027,11.24120086268859,11.19212969111855,11.14925695972931,11.110191016134058,11.065027253517325,11.025479903861715,10.989562267828786,10.947826318415434,10.91119613154075,10.878030880804777,10.839265804829417,10.805155751112673,10.774368449291051,10.738130905481711,10.706153477638505,10.67738507001049,10.64325976345894,10.613052179052238,10.585968019544346,10.553571672553948,10.524798074561282,10.499086472685015,10.46807117018747,10.440425538338738,10.415799827940614,10.385848200745631,10.35904750854572,10.335241398220997,10.306060037829706,10.279842832630033,10.25661090287484,10.22793651150965,10.202067714566386,10.179186836431084,10.150793089569877,10.125061652820275,10.10235342451703,10.074022207601093,10.048241943463676,10.02556436971986,9.997104834980375,9.971122150023735,9.948367600985842,9.919627570952397,9.89332591049897,9.870418212670254,9.841299143338336,9.814613096178352,9.79152556224269,9.76198406489971,9.734906714728716,9.711638489944672,9.681716259565471,9.654301299538309,9.63089147522832,9.600695653521536,9.57305037269053,9.549574985952887,9.519263758878486,9.491534876372912,9.468097165361591,9.43785695949636,9.410210955638657,9.386928943438937
T40000logg4.2,12.167010759514737,12.018826168469062,11.856122260769986,11.724273005284916,11.593535252571538,11.449220413686456,11.330983719478741,11.215460837688743,11.087348667187687,10.981415642604926,10.879260434443259,10.765537859461972,10.670783719711077,10.58048897043128,10.479664376292181,10.395136079327594,10.315466180747864,10.226294873403539,10.151169941973244,10.081083758893595,10.002489507234301,9.936027145648158,9.874610880516858,9.805620264757072,9.747120170765925,9.693536795930928,9.633224543504179,9.581987325723102,9.5354326265761,9.482893200488261,9.438215637713308,9.397917111195586,9.352286450930471,9.313482103973595,9.278712371529668,9.239180457822696,9.205596000292733,9.17568320665018,9.14150808804651,9.11253119927375,9.086860611970387,9.05734962676482,9.032392741377752,9.010390632008315,8.984888139354947,8.963386911449952,8.944519753743537,8.922407527568541,8.903820970408868,8.887590402907987,8.86828503880879,8.852100674638214,8.838042461218711,8.82100780049397,8.806754274010785,8.794442880162148,8.779192469122851,8.76643733301444,8.755479421054178,8.74156801441065,8.729915036887638,8.719949296104094,8.706973156669061,8.696058141123405,8.686751720259407,8.674339697823537,8.66382691142368,8.654874671363103,8.642692161230254,8.632276510776531,8.62340296707635,8.611150760488213,8.60055713395347,8.591532705774053,8.578935527296315,8.567922334642775,8.558555757057336,8.54537547155097,8.533739688706621,8.523885479258368,8.509927650461652,8.497515167814964,8.487070431610931,8.472205483122162,8.458923897352435,8.447847377812698,8.432012709941489,8.417842405787408,8.406126912801465,8.389361476186414,8.374355037193759,8.36204118257033,8.344463362266824,8.328738131630821,8.315911619746801,8.297697977934579,8.281416534993122,8.2681941163356,8.24955521333035,8.23290485080768,8.219422232137033
T41000logg3.8,19.089064034232074,18.996818598052407,18.89162369071325,18.80341097046199,18.710969894381865,18.60528500932299,18.515707019848342,18.423476597931863,18.317899295997,18.227630714049067,18.13615986328754,18.031397979007988,17.941174171820133,17.85104720297877,17.747801734788535,17.658327101461904,17.57007996418489,17.468955813188106,17.380830913322992,17.29488712686143,17.196335774831294,17.11001752547074,17.026664657949564,16.93098193690686,16.846786442348122,16.76618733375799,16.67352462766312,16.591634152023264,16.513836709783348,16.4242326793076,16.34473135504614,16.269711818911937,16.183137000679118,16.10604030363447,16.03372597871873,15.95009700681528,15.875365696426655,15.80564877306271,15.72484612752485,15.65240355069399,15.585156497802448,15.507037799807074,15.436781637057802,15.371866105653286,15.29627214830055,15.2280761931476,15.165338795465567,15.092085794883896,15.025800434820681,14.965074486676738,14.893967575076445,14.82943259347682,14.770547296008152,14.70139101468909,14.63844388960969,14.581228740924038,14.513830432529918,14.452310476233356,14.396597547317707,14.330774520484965,14.270531059109853,14.216162451747744,14.151747900780501,14.092640205389543,14.039466305646283,13.976299777502629,13.918192832344904,13.866072184796769,13.804007996325788,13.746779885987689,13.695579453689684,13.63449661802234,13.578038094602016,13.52765631606145,13.46743767312067,13.411658169698109,13.362024277269276,13.302572855327778,13.247406120474073,13.198471142320937,13.139722652025489,13.085130504848767,13.036869636189163,12.978796843825952,12.924772063224106,12.877188424846796,12.819794923250516,12.766362006211478,12.719473649886954,12.662808588396054,12.610025574117966,12.563873212490746,12.508022740263678,12.455977647339532,12.410622349650462,12.355698446333667,12.304499842095378,12.26001650483274,12.206148222305744,12.155918695147687,12.11239309518191
T41000logg4.0,16.033587391681145,15.945776937161654,15.84713594454755,15.765680710834724,15.682038432093051,15.587566475892306,15.508599428860668,15.4286772774531,15.338072498122537,15.261577041554471,15.185177251650169,15.098348719550827,15.024424867258215,14.951477778654928,14.868425956056493,14.79721431932029,14.727707134333633,14.64846155135989,14.580092453945445,14.514010662497608,14.438559309778157,14.373102785724722,14.310383684513942,14.238648471848956,14.176104857085019,14.116634507319485,14.048469450877667,13.988765109597745,13.932371271718718,13.867568617452827,13.810571362287817,13.757046097157659,13.695371873983868,13.64091741814222,13.590039680413799,13.531246864444109,13.479151916837802,13.43069834812626,13.37454120515402,13.324615444150433,13.278369733544773,13.224605177009227,13.176650442737152,13.132400215534531,13.080783156803431,13.034595060144943,12.992133035043034,12.942419339104836,12.897787883297479,12.85690808784928,12.808849370581587,12.76556038341803,12.726057741430099,12.679414917518814,12.637263052116714,12.5989418064443,12.553490796234229,12.512282721239904,12.474956518923268,12.430489655645314,12.390046749840284,12.353540876888584,12.309869457548348,12.270027957062537,12.234180454617809,12.19113055345145,12.151739107773414,12.116400377464355,12.073816927555873,12.034741248590034,11.99977321176969,11.957529489748302,11.918650344775136,11.88395128635693,11.841920072762962,11.803134666690335,11.768632435861367,11.726700675773108,11.687927709822485,11.653570755362193,11.611654023176929,11.572836440326478,11.538592572715883,11.496643837122763,11.457760080875705,11.423630966760657,11.381643895523121,11.34271351661572,11.308716910216976,11.266743374132854,11.22782613269551,11.19400488646114,11.152143068178807,11.113337262143693,11.07976044997746,11.038146896004886,10.999580265633103,10.966337251198194,10.925129978065446,10.886945460338207,10.854136952746453
T41000logg4.2,13.281628581463258,13.17791476989444,13.0633367394712,12.970128433265671,12.876757627087063,12.772963556006342,12.687527774602355,12.603108373685258,12.508793883616075,12.430390903423312,12.353864136882548,12.268033587001437,12.196092287833414,12.126647080001975,12.048524675082902,11.982593423267964,11.91959018490351,11.848550885433024,11.788253776482657,11.731163378260046,11.666659394150013,11.611641942413538,11.559978055160833,11.501478888013853,11.451375631594228,11.404667038839797,11.351640232477891,11.306056670844137,11.263823833524242,11.215721006456294,11.17423995308025,11.136008932315786,11.092301746787616,11.054509048202048,11.019829499977021,10.980013806735897,10.945505790916135,10.913953992836387,10.87756132101132,10.845954723992353,10.81714190730496,10.783737185702043,10.754665736799945,10.728232311144174,10.69740282139426,10.670510328761598,10.646118079688986,10.617467491401637,10.592407169812239,10.569736172903365,10.542883765002301,10.519321103914455,10.498067696900012,10.472660559608647,10.450285961079503,10.430168829493898,10.405882803536482,10.384409931653298,10.365166096083906,10.341705709328956,10.320874032858319,10.302262256437272,10.279361339427577,10.258932237965919,10.24072954901928,10.218141078230945,10.19789258355057,10.179892233280789,10.157393228754751,10.137125073971015,10.119138568560482,10.096539156925022,10.076073230643185,10.057953402447326,10.03506910341515,10.014247086284467,9.995877512891074,9.97254347448192,9.951233269536795,9.932526570212932,9.908610934170898,9.886713593340378,9.867609846886717,9.843029768628764,9.820493152576118,9.800978280119125,9.775704315020302,9.752532617334484,9.73261651644695,9.706698908361027,9.682951727772362,9.662679563467806,9.636230298977807,9.612017192738834,9.591468095059156,9.564645493055483,9.540111654804539,9.51938894919851,9.49237857347059,9.46768964674629,9.446912303572862
T41000logg4.4,10.795372020106242,10.683272950346176,10.560490450249688,10.46135650028111,10.363603146874826,10.25597435355278,10.168169488967376,10.082880355653387,9.988552849508935,9.910941290078068,9.83656059644539,9.753998088619051,9.685599921909503,9.620848206613235,9.548773283326778,9.488750972948225,9.432575810528855,9.369921746602568,9.317551185286964,9.269064222894002,9.214906801984124,9.169537237428647,9.127961544461481,9.081471324807536,9.04249407935924,9.007123034553043,8.967516750184265,8.934329722987375,8.904487505265955,8.870995638362787,8.842991931972017,8.818025687239963,8.78991852303449,8.766511909760121,8.745813327627658,8.722410480261122,8.703047152878316,8.686057762279873,8.666742118649449,8.650908586418264,8.637122130064757,8.621320996717085,8.608525369169161,8.59746885629218,8.584637204821233,8.574407235087605,8.565641938940914,8.555270920875866,8.547158049511564,8.540277612874949,8.531887024059642,8.525465555002208,8.520089921638446,8.513237005785323,8.508114318087816,8.50389353973378,8.498176130553102,8.49399370893041,8.490605656944386,8.485657540262594,8.48208648278484,8.479234002169898,8.474722766843268,8.471461800356213,8.468872758302805,8.464494033144977,8.461266213842771,8.458691478705353,8.454172230094695,8.450727579954643,8.447942625919612,8.443041591777988,8.43915520161127,8.43597652585475,8.430468167866648,8.425941462621557,8.422218524299101,8.415903903519872,8.410570025401105,8.406189307568756,8.398906177979946,8.392638101764808,8.387519770143522,8.379161049391639,8.371884091053426,8.366000309021,8.356515532726199,8.34821679060438,8.341566038878469,8.330994605881424,8.321723308447039,8.314343839507853,8.3027935016867,8.292653828565612,8.284621440408774,8.27225201136438,8.261389774860318,8.252809052149804,8.239813184042882,8.228397409144378,8.219390638579165
T42000logg3.8,22.104728680061672,22.01021182180939,21.901596355039096,21.809752868026163,21.712685745800542,21.60104934345801,21.505731336751488,21.40690029779487,21.293214894959995,21.195365121724095,21.09561496794758,20.980878028255905,20.88144504387517,20.78158797916404,20.666730923102115,20.56659460840016,20.467349118200815,20.35316759710127,20.253080346726016,20.155025677130794,20.042145674898883,19.942709006796488,19.846278194153335,19.7351598968102,19.636825719709215,19.542313257448036,19.433262389643456,19.336346982682112,19.24393082482872,19.137133661576677,19.04184433874169,18.951613894723756,18.84716499654756,18.753624903102796,18.665606686596206,18.563539274122014,18.47181572150773,18.386001405465343,18.28631472719059,18.196436940693527,18.112794022442515,18.01545300596856,17.92741425249751,17.845886375824882,17.75082814270714,17.664595455434423,17.585111146958987,17.492256197105313,17.407776788778087,17.330250470271217,17.239498030336502,17.156697377048523,17.081026849371092,16.99225932260462,16.911048047200897,16.83712031331575,16.750213118814763,16.67049537044029,16.598193663779806,16.513020469015412,16.434696133051485,16.36390038577745,16.28033267599717,16.203300448477695,16.13389214562229,16.051809530377138,15.975974976338346,15.907845765901044,15.827140310319075,15.752417808396961,15.685466629364887,15.606047233114484,15.532362038307895,15.466511448708157,15.38829987256168,15.315597111202877,15.250797319413143,15.173738273406437,15.10198799154276,15.038212401694935,14.962282371283473,14.891480233074546,14.828725189891838,14.7539295783512,14.684096418595008,14.62238012129933,14.548746987895152,14.479925124248842,14.419277324837669,14.34686285747523,14.279116763853413,14.219582761649969,14.148467799621269,14.08188325333975,14.023523039833677,13.953808422840655,13.888488550036493,13.831374495630666,13.763175928153222,13.69923486182594,13.643447663682483
T42000logg4.0,18.497434061068983,18.423139985170344,18.338429529155366,18.267499585536264,18.193229418151905,18.108254142641584,18.036293584886128,17.96218672298705,17.877233339512447,17.80462897437612,17.7309840863873,17.64647426189545,17.573691720757093,17.500864156133954,17.417235064891127,17.344733231636365,17.273061427692603,17.190705929754664,17.11888844141308,17.04865245434747,16.967870909208493,16.897046950273886,16.828433028992485,16.749408078779997,16.679781722029073,16.61288400284271,16.535701395443674,16.46738865134084,16.40223017679647,16.326907624303775,16.259962270641523,16.196521034600014,16.123033471765087,16.05746687130207,15.99569367010075,15.92399017440519,15.859785009982863,15.799615569263716,15.72962675197804,15.666743131207483,15.60810137834737,15.539741570756814,15.478120632396042,15.420922361000468,15.35409371837649,15.293661163629897,15.237814071217596,15.172404773026065,15.11307178281871,15.058475379829702,14.994364719084734,14.936033127365011,14.882580887265068,14.819644047188609,14.762211862191435,14.709794623136782,14.647906925739624,14.591272171830658,14.539780059944746,14.478821431309575,14.42288670675444,14.372213702143075,14.312073802853263,14.25674822977895,14.2067936810552,14.147367147324127,14.092564611346157,14.043234122205599,13.98442896999831,13.930074481504658,13.881280133182127,13.823021915977444,13.769046475498746,13.720724483569294,13.662934478639295,13.609281054183048,13.561392178427909,13.504004445422407,13.450633850668016,13.403154873300945,13.34612918787705,13.293023669890804,13.24594892332434,13.189275268313924,13.136443932016832,13.089792437965817,13.033491855930738,12.980975013662391,12.93477944939147,12.878916321001384,12.826784008407156,12.781095730646008,12.725766070869213,12.674114058473297,12.629001194249636,12.57432631455156,12.523270721652288,12.47881519066897,12.424932324637997,12.37460173218722,12.330894843276756
T42000logg4.2,14.788002796267776,14.714859784379627,14.633113727421014,14.566016535471121,14.497652158485291,14.420755294989362,14.356844637807148,14.292589269959908,14.219970841878657,14.15898801751213,14.098417678902354,14.02973534828789,13.971555808902215,13.914406473654461,13.849446198915473,13.794013208658487,13.740105465109272,13.67871054137979,13.625982766034573,13.575163499195664,13.517171876156576,13.467081046075364,13.419183344790866,13.364406515260399,13.316846502192021,13.271680752769822,13.219891008451233,13.174709407749276,13.13205511720301,13.08299816983919,13.040014485402361,12.999642103224739,12.953060106613583,12.91208068820139,12.87376038230138,12.829396216193777,12.790223703106998,12.75373630381221,12.711350652734485,12.67379389778976,12.638935936007403,12.598299069664423,12.56216715182484,12.528744500340702,12.489629939821313,12.454729899968727,12.42255507446934,12.38473993583248,12.350877817186609,12.319768296266206,12.283031701368374,12.250015286063919,12.219793510342774,12.183926222292035,12.151573225121348,12.122070078910685,12.08687741638995,12.055019608485042,12.026076959084843,11.991383738652065,11.959869216153333,11.931341435575561,11.89699018207395,11.86568080827725,11.837433187036007,11.803278207671019,11.772045638554076,11.74395300136614,11.709863657453788,11.678592787051688,11.650537744635756,11.616405209886302,11.58499198885325,11.556889000754136,11.52260250917303,11.490957389322274,11.462748133768546,11.428207243211556,11.396258216026874,11.36790140313426,11.333030286412683,11.300728786378574,11.272201935153664,11.236964164249219,11.204295962276678,11.175608885891814,11.14000255284665,11.106990860475218,11.078166322115473,11.042249031584237,11.008958152968694,10.980044541596367,10.943920690555757,10.91045225749769,10.881522705660219,10.84533224747127,10.811815595607161,10.782962251128087,10.746866957886628,10.713447692595862,10.684774934689413
T42000logg4.4,10.037718025900602,9.952329903222132,9.85903142349196,9.78395161551891,9.709782827326114,9.628305807229223,9.562074438499748,9.49763402717721,9.426536981288274,9.368279838135091,9.312376239578665,9.250499341487165,9.199486441492633,9.151157151978929,9.097549169507527,9.053166662090389,9.011627820397546,8.965498098587968,8.927216852578876,8.891807404506917,8.852465344367015,8.819798974209842,8.789925588275526,8.75672541810971,8.729198456929486,8.704302541277437,8.676618210472045,8.653748837741688,8.63328772398948,8.610502192286338,8.591800674959552,8.575245361807067,8.556759761018114,8.54174182122191,8.52858895502448,8.513839644230277,8.502042285490818,8.491825572622353,8.480293262858243,8.471281620580404,8.463574644302852,8.454778604003712,8.448137057992117,8.442543133285207,8.436024652820448,8.43135287160003,8.427502608240669,8.422832279418259,8.419748229904023,8.41729795959864,8.414067530112515,8.412207764572512,8.410835922962983,8.408672982634636,8.407706263898035,8.407120571893309,8.405690430438906,8.405318012222036,8.40525314015775,8.404258114073487,8.404211455792396,8.404426382893185,8.403596151409914,8.403629563275786,8.403902774925609,8.402993294759407,8.402885056120912,8.403017596234967,8.401813117313008,8.40136385483323,8.401173535481696,8.399484710105764,8.398514143795655,8.397857328323349,8.395501714608558,8.393851727517031,8.392616592418694,8.389431232561385,8.386969977369983,8.38507278410465,8.380928041065236,8.377557314771149,8.374941376538672,8.369755291981638,8.365420243802324,8.362070722758592,8.355808916183703,8.350506708885572,8.346429681011337,8.339135603480317,8.332916618313758,8.328151009025017,8.319927381493098,8.312889099430524,8.307505685034274,8.298499340908924,8.290773469515274,8.284866325600785,8.275249701510205,8.266986286089164,8.260663641294741
T43000logg4.0,19.523082476800234,19.453811079976653,19.384071460294233,19.313965429931535,19.24364904919275,19.173398150351638,19.103885025597616,19.03907977425929,18.963992224944466,18.888872858052043,18.813614738545926,18.73830475224757,18.66303142562027,18.5878858877233,18.512963399773305,18.438370830509687,18.364241071388932,18.29077537011968,18.218395717110262,18.150074836551248,18.076664566019964,18.00154021970188,17.926844690648615,17.85260361212229,17.77884353058612,17.705593553271903,17.632889588767327,17.560778860374903,17.48933038208471,17.418662165023008,17.349032659116013,17.281180812968618,17.21434141533926,17.143033824782087,17.072262675642968,17.00199786898944,16.932249650082206,16.863030708695955,16.794358715060074,16.72626066303659,16.658781093268097,16.59200138117009,16.526098701267237,16.46162368104428,16.399845653025025,16.33221148345829,16.26555531299524,16.199358293757598,16.133625960816257,16.068365255561936,16.00358719612027,15.939309461120075,15.875563240037959,15.8124061600958,15.749961452371844,15.688582027284497,15.630587720422279,15.56684995762787,15.503719842599818,15.44096309575924,15.37856421560378,15.316525582125326,15.254854402991265,15.193564660818154,15.132681761131579,15.072252836734236,15.012374076406635,14.953292582515425,14.896745705988698,14.837101427479974,14.776355108323937,14.716022849599478,14.655975085802805,14.596222583217358,14.536776672382675,14.477653613514482,14.418878371081373,14.36049217991048,14.3025731470505,14.24530746400355,14.189770778379327,14.133583519242814,14.074756784261144,14.01648926677816,13.958522651306382,13.900853474410548,13.84349774542596,13.786475963231926,13.729816114887882,13.673558974662887,13.617772253372697,13.562596311322787,13.508616769466496,13.455281941587284,13.39968917853624,13.344109989602307,13.288979521540417,13.234256493608992,13.179960727224602,13.126115361872092,13.072747907372511
T43000logg4.2,15.636506949917779,15.581585692462838,15.527322395870911,15.473707526115026,15.420784067571713,15.36869578330296,15.317918498648718,15.270701397692832,15.217112718739651,15.163957982551384,15.111286986065565,15.059129422750434,15.007518377381615,14.956490448707067,14.906085090540378,14.856350027202755,14.807353607328887,14.759213145507402,14.71221202455646,14.669314287761864,14.620790714799124,14.572901864004004,14.525615215387296,14.478926141444678,14.432830321493478,14.387326673883347,14.342416992975407,14.29811196342034,14.254438994311524,14.211461658338582,14.169345774808738,14.128754469780791,14.087948427794164,14.045268747992527,14.002959157561452,13.961088858278146,13.91965048227863,13.878639438816993,13.838055219185389,13.797905553706789,13.7582099398602,13.719014368699442,13.680435646212947,13.642813110415,13.606376595053456,13.566753576873214,13.527726084524943,13.488980740418075,13.450513019921567,13.412318650484703,13.374396468010767,13.336751760626427,13.299399410548904,13.262374786515318,13.225762934290028,13.189814311607758,13.15593989434077,13.117674494424458,13.080277986069637,13.042992939294203,13.005832442266192,12.96879489369924,12.931883572248688,12.895106687670644,12.85848161242564,12.82204233142429,12.785862729339367,12.750143426672427,12.716219705175494,12.679024808299417,12.6416707583089,12.604484242131917,12.567350988607647,12.530275248335494,12.493263989652558,12.45632784512404,12.419485030448437,12.382767635183745,12.346239754167858,12.310066297540143,12.275307642650956,12.238586159891646,12.200708273485803,12.163103688419927,12.125537608766862,12.088015052148066,12.050549832363313,12.01316057167062,11.975872521947208,11.938722662195818,11.90177265134441,11.865157192681767,11.829638478995118,11.793455098777496,11.755670330045072,11.718103044219298,11.680731799437295,11.643529596605244,11.606517579095662,11.56971875647763,11.533159741470062
T43000logg4.4,13.08513512369279,13.030350047050892,12.969471478817928,12.919880117087507,12.869840797406207,12.813844952823104,12.767672513507147,12.72166933945898,12.669919273491598,12.626815499436251,12.58435823182311,12.536414672994749,12.49614370233424,12.456883110894882,12.412425767652985,12.374819217082521,12.338494642943667,12.297270478334942,12.262186184400681,12.228574346167974,12.19034238873482,12.1576288184792,12.126509387985635,12.091023419513727,12.060512419306182,12.031661727813256,11.99865622206302,11.970149931548898,11.943325255600607,11.912519799486118,11.885804344546028,11.860763329655864,11.831883093799973,11.806741021420441,11.783248169924278,11.756030019751297,11.73225048568087,11.710088228745326,11.68429071542705,11.661673580235915,11.640642113217321,11.616039194988193,11.59439231441826,11.574307155728238,11.550683262359431,11.529817445136299,11.510503440092489,11.487649787368932,11.467381413036634,11.448674444005043,11.42639273306612,11.406544361290116,11.388286864375512,11.366388149024463,11.346793270143808,11.328836834097224,11.307149281478509,11.287655673694315,11.26986224150371,11.248230507256647,11.228701117802085,11.210943768373141,11.189229585950544,11.169541532790078,11.151704487009585,11.129784384275691,11.109828204460186,11.091808477632206,11.06957747393228,11.049260022676219,11.03096479201258,11.008340979475735,10.987579847925947,10.968945077770945,10.945838821671098,10.924560396840409,10.905543721959429,10.881870233187835,10.860015380543064,10.840588814736448,10.816286290782694,10.793816788572308,10.773968176112456,10.749007587540804,10.725914024257895,10.70565848996805,10.680041627884588,10.656348932999176,10.635712069411955,10.60949618688095,10.585265951478885,10.564295086236283,10.537579610335298,10.512906858446126,10.49167111086523,10.464588096747388,10.439592921803492,10.418178293460377,10.390879485708606,10.365696645459712,10.344200212764584
T44000logg4.0,22.57091031917995,22.498290443823162,22.41452413991797,22.34347924713637,22.268011060405776,22.180822070566393,22.106113883114897,22.028214106305207,21.938140941654574,21.860302802755967,21.78046500209934,21.68810526997429,21.607712469755405,21.526448519827678,21.43240433906586,21.35002677979365,21.267823118926792,21.17264208249879,21.08879691382094,21.006075276525642,20.910225248859064,20.825356897444415,20.742464054290252,20.646323744954497,20.56079787359187,20.478005896321186,20.381872939017505,20.295983740334954,20.213501992700543,20.11761262517684,20.03160098765072,19.949596929069116,19.854145775272553,19.768212156936844,19.68682133277916,19.591967409395,19.506279159278982,19.425613648866054,19.33149309917386,19.246195474649035,19.166353135347073,19.073084639067375,18.988303091777166,18.909366569761097,18.817044540439582,18.732880871563943,18.6549127435666,18.563608214465795,18.480141896310784,18.403185730883312,18.31294660273452,18.230235258898112,18.154314909112166,18.065167053401844,17.98324844234908,17.908369782593713,17.820320256764937,17.73921464638019,17.665367740244072,17.578408096873503,17.498121049816387,17.425282816987735,17.339391114680183,17.259916001499104,17.188054152381294,17.103201940061105,17.024525380190237,16.95360436758573,16.869758331251543,16.791860854758333,16.721839665998516,16.638969828952643,16.561832564568174,16.492682213812284,16.41076083576029,16.334371133243756,16.266075963122933,16.185080460570397,16.10943372584934,16.041986558164627,15.961910791371462,15.887017046324905,15.820424815009336,15.741284777265523,15.6671735225416,15.601460882608986,15.523292853730421,15.450012308705137,15.385214471671665,15.308077883930181,15.235694203811548,15.171859060292013,15.095834803439757,15.024433422487457,14.961622688261736,14.886810128076121,14.816492132678372,14.754778702363216,14.681290945803095,14.61216822764392,14.55163315227324
T44000logg4.2,18.531505929498373,18.482568906704095,18.4263071025843,18.378906164269914,18.328757506263685,18.27093898684862,18.221687093927343,18.17047358310429,18.111342685397993,18.060516360022223,18.008483770528557,17.948360023646636,17.896283853848008,17.843707101434596,17.78291905615584,17.729916050636824,17.677057888955567,17.615902389844162,17.56225857611551,17.509337566415493,17.44804442374936,17.393983885971508,17.341157142674433,17.27988678381561,17.22557224847239,17.172940897196668,17.111791517457725,17.057330805105625,17.004949330830406,16.943978240913196,16.88944381264016,16.837341601669483,16.77658252090524,16.722023021361196,16.67021388385851,16.60969033767772,16.555145001365585,16.503642376202315,16.443377072800924,16.388879519959577,16.33769651432994,16.277708491955323,16.2232867031039,16.172435383875143,16.112739783042166,16.058416388402563,16.00790650814855,15.948511865772456,15.894300702834531,15.844133888313408,15.785034355067927,15.73093650733719,15.681102565246096,15.622283591124182,15.568293964245234,15.518776079513367,15.460217148680545,15.406324160495084,15.3570975432529,15.298772631442068,15.244961734403848,15.195997984214568,15.13788240076155,15.084139756530783,15.035410800985812,14.977482310071665,14.923795687884851,14.875276247587777,14.817517904325376,14.76387997277114,14.715546519633401,14.657953635843109,14.604360331631593,14.556206428956084,14.498769225283302,14.445223114191162,14.397259412124175,14.339973064784624,14.286486141515649,14.238731010063598,14.181604203567208,14.128199304098937,14.08067955337238,14.02373957935465,13.970455496365735,13.92321226474921,13.866503818404407,13.813398544253143,13.766479761683062,13.710078140278274,13.657229367371823,13.610694086218965,13.554694728384243,13.502197379623812,13.456115464743755,13.400633103638452,13.348597946079341,13.303050154632936,13.248213084514001,13.196761195377045,13.151835947433563
T44000logg4.4,15.27827779543001,15.237498846404685,15.1913098085326,15.153050643329314,15.113375841904372,15.068171775264418,15.030255033642504,14.991471524131518,14.94710898437305,14.909514239076998,14.87154478126126,14.828008415566885,14.790796425279618,14.753645254214058,14.710976077835141,14.674235038362804,14.637931942532555,14.596173853784359,14.559979874289146,14.524543231414972,14.483710925375131,14.448105382946045,14.413523387964009,14.373586700931014,14.3385666792045,14.304789460586587,14.26568127360014,14.231212369006505,14.198171086946397,14.159809262694623,14.125838126826503,14.093451272812718,14.055742285282935,14.02220352538065,13.990386450547868,13.953235737473914,13.92005825971481,13.888727228054861,13.852042580366723,13.81915533129668,13.788233484849204,13.751928469300054,13.719260625530215,13.688676261107641,13.652667326694484,13.62014961453188,13.589837539774981,13.55404576129192,13.521608676988041,13.491504164477352,13.455844856308229,13.423414745722031,13.393449813798735,13.357839747375987,13.32534436586045,13.295451024125686,13.259809055115062,13.227180156897997,13.197292483167866,13.161547989680695,13.128726300445468,13.098783923900333,13.062873111396343,13.029804536611218,12.99975036085372,12.9636177744466,12.930258208145466,12.900045400484293,12.86365181050293,12.829969730753723,12.799557933331796,12.76288197117815,12.728853817117287,12.698226626102487,12.661239747551145,12.626847583135593,12.596005785955176,12.558678452835126,12.52391231911441,12.49286329528437,12.455179480693268,12.420040123447734,12.38879865458145,12.350764771380573,12.315273469143,12.283873318638845,12.245518678700243,12.209720864442922,12.178202261457816,12.139595889516487,12.103563576504055,12.07198220079267,12.033223214312844,11.997051147946632,11.965476949840783,11.926686871573853,11.890488060653231,11.859003244738222,11.820318477673528,11.78421657036066,11.752911288263128
T45000logg4.0,23.401955527051854,23.326594644417177,23.239571884406974,23.16564931621069,23.087091041289455,22.996297563241903,22.91840758078296,22.83718564189322,22.743260621954395,22.662014739895216,22.578693882057856,22.482303501220365,22.39832871966935,22.313463518189224,22.215243500820844,22.1291384298635,22.043240005639323,21.943768980153866,21.85607649285825,21.7695876113117,21.669352717163346,21.580535500327017,21.493818085242427,21.39322160387217,21.30366699989211,21.217011653830394,21.116367607986085,21.026382098339578,20.94000428382856,20.83955400439356,20.74938422480515,20.663454140617056,20.563395317793393,20.47324452729169,20.387897204285252,20.288387035492324,20.198422407297443,20.113767684831696,20.014943117821044,19.9253115366739,19.841447147280263,19.743426710153294,19.65425518999979,19.571263954290796,19.474146968947753,19.38554263951449,19.3034907503285,19.207353179277934,19.11940038596328,19.038334570995854,18.943230084028137,18.855992888996234,18.775941773478692,18.681902388257413,18.595424614695798,18.516398385496636,18.423438623769506,18.337747021163516,18.25974016100071,18.16785522136367,18.08296030584681,18.005954117203352,17.915131505010795,17.831036113495806,17.755006808071688,17.665227344692674,17.58192641622122,17.506845873154468,17.418087774533113,17.335575193440473,17.261416275468786,17.173666063309962,17.091940233951227,17.0186878700573,16.93193971633691,16.851008814038682,16.778662661383507,16.692921809291654,16.61280555187971,16.541376987201442,16.456663954408448,16.377394598025134,16.306906637054492,16.223257109571428,16.144881023666517,16.07536975193108,15.992834987039066,15.915412733603352,15.846922768732338,15.765570566998989,15.689176774195298,15.621762582984706,15.541678031443723,15.466402888878452,15.400130393282257,15.321413208683902,15.247358955645007,15.182302514256047,15.105062542972657,15.032340710201993,14.968582070406232
T45000logg4.2,19.83657180582932,19.787524687077017,19.730892788990182,19.682913783489454,19.631839420073685,19.572735063460108,19.522122536816788,19.46920876373745,19.407903728432068,19.35494457552169,19.300467115793918,19.23731313821191,19.182347475535543,19.126611426912724,19.06196165239646,19.005323841426332,18.948613750286803,18.882789055055838,18.824783676754684,18.76734991941075,18.700627238289556,18.641517424009958,18.583566871920194,18.516168079542446,18.45616839543792,18.39786175926771,18.329961510180244,18.26924497007989,18.21070578432307,18.142439214433175,18.081145006597435,18.02246987685777,17.953953078725824,17.892203058987867,17.833478752889203,17.76481707894346,17.702722383386167,17.644030673695546,17.57532827563391,17.512996657463248,17.45441965225458,17.38577461903555,17.32330560530951,17.264919599025916,17.19642273404302,17.133908708434642,17.0757842307084,17.00751499894143,16.945036828262737,16.887233304709774,16.819258170675518,16.756884459051992,16.699448398397973,16.631816027087144,16.569598316169692,16.51255847882431,16.445297323094326,16.383268843257017,16.326635113581165,16.259754115764203,16.197933022476946,16.141702047066648,16.075203375921024,16.013602378884062,15.957766537732109,15.891650733897,15.830280244302063,15.774831866310086,15.70910009124583,15.647969041649308,15.592897245005517,15.527553273606879,15.46666893673456,15.411973471284238,15.347017471611121,15.286389243389374,15.232080177820256,15.167510460404875,15.107151057315093,15.05324209791524,14.989068231242276,14.928999413305045,14.875512105238405,14.811759266108652,14.752017317394325,14.698986453391893,14.635696245576275,14.576332189719954,14.523798197705421,14.461033266974578,14.402114830589289,14.350128957485737,14.287973672098559,14.229587234050324,14.178213585058938,14.116771409220657,14.059018543099901,14.008331753130596,13.947717176223373,13.8907079648273,13.840788882357014
T45000logg4.4,16.7093946935871,16.67464404306228,16.63475923001579,16.601290990610018,16.56593305947974,16.525182731373356,16.490580741480695,16.45460362278455,16.413042276537606,16.37741107437089,16.340901113740404,16.298672744169913,16.262177769595027,16.225271964352117,16.182550996237943,16.145370349619434,16.108207683876188,16.06514799783813,16.027434720617162,15.990125401963104,15.946841143604697,15.908711585682259,15.871331573823932,15.827890568108094,15.78941752559301,15.75200214092528,15.708437826777029,15.669669340330014,15.632239153665447,15.588572119346315,15.54953879211202,15.512098691360427,15.468335412910855,15.429057336405313,15.391609403201903,15.347756147581588,15.308248063024394,15.270792397226018,15.226852035301548,15.187125540511252,15.149664371143814,15.105642005196605,15.065708152212085,15.028245987070722,14.984147089104306,14.944017010826219,14.90656096303887,14.862392177715265,14.822074297149888,14.784627801436681,14.740385722091318,14.699880542191329,14.662439002673537,14.618113513403168,14.577415316425084,14.539966943351487,14.495540796256677,14.454639468150319,14.417167135159422,14.372624043645786,14.331510426603497,14.293995845641708,14.249318919624937,14.207983154124586,14.170406412372433,14.125582009576547,14.084019031196789,14.046365943549088,14.001389806577862,13.959600469439176,13.921858443252594,13.876736254389403,13.834724118600803,13.796896633709878,13.75162669958803,13.709398427553165,13.671502053052743,13.62608078639093,13.583647597817816,13.545702186040426,13.500135066105443,13.45751497451919,13.419545248911357,13.37385423213163,13.331080852641268,13.293125657435013,13.24735067096486,13.204475340237877,13.166578327852568,13.12078732844537,13.07788041000984,13.040096197983548,12.994379682401274,12.951529195377427,12.913923564760093,12.868390350921198,12.825699559836092,12.788348638384758,12.743119653483857,12.700700397247351,12.66368664771637
T46000logg4.0,24.87367846254341,24.79161346501224,24.69688186345119,24.61638641024007,24.530863168051212,24.432018345417145,24.347181065410602,24.258715190583494,24.156392323616252,24.067829061110878,23.976992260953743,23.871871021014332,23.780226178686526,23.687589213002898,23.580324187002144,23.48621647471621,23.392306365689223,23.283498412826614,23.18749813563679,23.092785334896156,22.98296184969742,22.88556930213261,22.790448039055825,22.680042783588696,22.581674803536607,22.48645900510469,22.375821063853824,22.27682186214929,22.18176347322736,22.07117936019892,21.971835370601905,21.877138185175944,21.76684240548679,21.667392227813053,21.57322245668615,21.463412124440033,21.36406226177223,21.270565070101107,21.161418378193872,21.062353865881093,20.969658940419222,20.861332460228084,20.762717246642715,20.67093829376703,20.563567442294154,20.465543597993058,20.37477531377356,20.26846989865735,20.171154738494987,20.08146940015608,19.976312806453997,19.879799461969185,19.791247673871453,19.68729984783662,19.591659413617155,19.50427177032946,19.40156872744795,19.30685008765593,19.220636966642413,19.119194143997078,19.025426618549176,18.94038201511635,18.840197755658433,18.747394981459756,18.663500948529396,18.564561348067606,18.472724916217423,18.38995619934137,18.29224013661912,18.201363933022265,18.11969119370476,18.02317809138314,17.933256535219012,17.85265822447483,17.757335686489572,17.668371742986444,17.58883914307973,17.49470622551933,17.406713220755947,17.328249032690454,17.235318865523176,17.148323294635645,17.070943811158763,16.979249075303112,16.893294974475417,16.81703228365934,16.72662183707731,16.641767506637354,16.56666359462988,16.477603109392604,16.39392166328959,16.320029620085457,16.232402076155704,16.14998387126287,16.077369946009018,15.991276412221069,15.910226429695616,15.83896722482712,15.75451853417033,15.674948898663725,15.605126256491218
T46000logg4.2,20.552009991495822,20.5039705203651,20.448409774771534,20.40120980863287,20.350849892876152,20.292489624190313,20.2423844830303,20.18989367578963,20.128990811589084,20.07624282486167,20.02187525989457,19.95874776777277,19.90366290813823,19.847699284065136,19.782675519066096,19.72556534239283,19.668280552871195,19.601675865166698,19.54283541391589,19.484478039361395,19.416562713371313,19.35624639500279,19.29702117336576,19.22802039408551,19.166444621047855,19.10652091503713,19.036621762008686,18.9739696930881,18.913487424179927,18.84285048418675,18.779282378946608,18.71836399639453,18.64713569463986,18.582800371487625,18.521562994423874,18.44988915678058,18.384933517849344,18.323496106670728,18.25152368148482,18.18609317006976,18.12457451787406,18.05244491217153,17.98667783387862,17.925190542196,17.85303624669274,17.787063661507325,17.72571366561972,17.65365828050985,17.58760223309161,17.52648572466415,17.454638605779355,17.388605660138182,17.32780107398421,17.256246411511214,17.19032229409913,17.12988741022871,17.05869099328413,16.99294439505819,16.932919896583666,16.86212567185195,16.79660550144707,16.737013194516113,16.6666484233435,16.601389747630993,16.542240393184255,16.47232330596749,16.40735234807078,16.348651012663467,16.279193810421898,16.214530681691063,16.156277222180215,16.087291920603814,16.02295220121959,15.96515092699563,15.896643741126587,15.832642712481606,15.775304820820477,15.707283926399118,15.643641002273384,15.586782517084663,15.519264882007496,15.45600672678511,15.399650629167079,15.332665750392968,15.26983067876034,15.214010591607371,15.147601752282762,15.085241165470814,15.029997323533241,14.964224774864041,14.902403183299768,14.847784401802182,14.782723891665256,14.721519524735266,14.66758408216415,14.603326344542447,14.542831017165053,14.489646784563655,14.42629459296088,14.366609525184202,14.314251502358797
T46000logg4.4,17.762215219810166,17.7280785386885,17.688675349959684,17.65538281036273,17.61990506497338,17.578826152436285,17.543720364129687,17.506947384779842,17.464292261642733,17.4275000509706,17.38955542578472,17.34550238676072,17.307205994248847,17.2682554702402,17.223003528513203,17.183395193853723,17.143603448233527,17.097338758632766,17.056595171787954,17.016106404805036,16.968982100841032,16.927249531793223,16.88617632558324,16.83830891888675,16.795701968863906,16.754127666378373,16.705605923111282,16.66221674867374,16.620207700924585,16.57110644590345,16.527014052410614,16.484626744061778,16.435017212442485,16.39029847736913,16.3475921897197,16.29754689572214,16.252275611690262,16.2093079164119,16.158899946773982,16.113152084888327,16.069986542926422,16.019293232768725,15.973144321684405,15.929843901147375,15.878935653105305,15.832454319239435,15.789075344209241,15.738013438079033,15.691259653945064,15.647849718447508,15.596683101393632,15.5497058383433,15.50630099758446,15.455067104425297,15.407905943874614,15.364531888984704,15.313258005572214,15.265943672692298,15.222616179093103,15.171321478054015,15.123878359800504,15.080606398430712,15.029305381384791,14.98175277084116,14.938539903245124,14.887241045875157,14.839592766464225,14.796438932061303,14.745148874450098,14.697416958838238,14.654318184046835,14.603047878428551,14.555242297942801,14.512204329810638,14.460955874325654,14.413087245933335,14.370125662573688,14.318901488602062,14.270985521416836,14.228120086430133,14.176931098889508,14.12898953518714,14.08624463190759,14.035115701217455,13.987183040831713,13.94459482236275,13.893564791838804,13.845688683988405,13.803296656025234,13.75242592796055,13.704670906182656,13.66252524077056,13.611896812507126,13.564344140702843,13.522505813501777,13.47221628589289,13.424958653009918,13.38349600267172,13.333652317317103,13.286791308296477,13.245779507707208
T47000logg4.2,21.05341550619076,21.004158483535,20.947204267989115,20.898789460094516,20.847138542329965,20.787285143234243,20.7358595716334,20.681982182720812,20.619461640325056,20.565266086186345,20.509395777111543,20.44449935640541,20.387817498819643,20.330214651830396,20.263251079980076,20.20437730252097,20.14530153735298,20.07656722380576,20.01578248543067,19.955473050020917,19.885238019042845,19.82279806725157,19.761465063009403,19.68996120525026,19.626088429996205,19.56390923787817,19.491337602487448,19.426228028724285,19.3633571085897,19.289895660398003,19.22372537192304,19.160301943369312,19.086118621811917,19.019055032271055,18.95521456778693,18.880474855587227,18.8126831901183,18.748562759865216,18.673436886333565,18.605084335299512,18.540823462093858,18.465477212260776,18.396724759148746,18.332456532712065,18.257048590057884,18.188053282221922,18.123907620853213,18.048591239980933,17.97950070226323,17.91559435667801,17.840499390012297,17.771440047738658,17.707867442136745,17.633097926294976,17.564173318775776,17.50100613242116,17.4266417541589,17.357935083014,17.295225556221276,17.221325971561313,17.15290066393453,17.0906822168619,17.017286327715947,16.949187878901146,16.88747891271172,16.8146118910145,16.746873404462697,16.685684154558224,16.61336233132826,16.54600693753386,16.485339619292642,16.413574113553388,16.346618748242715,16.2864776197406,16.215276450412016,16.148737339839354,16.089131599181634,16.018503514166497,15.952399872645122,15.893343286189861,15.823304965020554,15.757661577059352,15.699173859776531,15.629751867610844,15.564604233593055,15.506715139706632,15.437950148240024,15.373346168521033,15.31609258366269,15.248039943070967,15.184040120178029,15.127467894356084,15.060199841462842,14.996880169404161,14.941046267426128,14.874649583822608,14.812098194593318,14.757067857096597,14.691640124190233,14.629954458743512,14.575800165474513
T47000logg4.4,18.02187228353906,17.989921415642712,17.952954326221047,17.921605018197962,17.88808524753759,17.84920017805738,17.815857672412903,17.78083535888127,17.74014191393726,17.70492972452112,17.668528288094414,17.626191937254454,17.589274626573125,17.551647536515798,17.507850787916936,17.469402043834794,17.430702085252843,17.38561813984889,17.345801817955742,17.30616851499591,17.2599508950117,17.218911725475575,17.178463477151404,17.131238885597874,17.089097796615494,17.047929385166654,16.999800448377837,16.956658591089827,16.914848470185433,16.865904301408303,16.821851475653013,16.779470300215838,16.72979742288827,16.684922108031735,16.642043572251264,16.591734617383935,16.546128765427945,16.502830792834278,16.451980939516098,16.405737722660046,16.362100678014706,16.310808434036467,16.264025570431862,16.220135243287366,16.168502970471106,16.121276722426053,16.077215222135717,16.02533619513081,15.977757131265975,15.933600472576796,15.881558070306488,15.833705092950458,15.789514714060243,15.73737443342371,15.689312649542057,15.64513550863234,15.592947852826038,15.544728170529371,15.500596254884934,15.448397801790858,15.40006082940339,15.355996396391854,15.303814936112028,15.255391878324975,15.21140823906153,15.159263256924822,15.110778928613836,15.066885621239559,15.01479472889186,14.966271778089382,14.92247531662139,14.870458631208672,14.821916158144344,14.778228218360312,14.726296781393922,14.677752184256434,14.634190794015748,14.582354803647291,14.533827726885061,14.490413054956662,14.438687605210816,14.390201534863902,14.346957229008563,14.295368437309458,14.246956679002565,14.203915323217853,14.152500376925715,14.104208281589118,14.061407358587882,14.010223406030912,13.962111116262168,13.91959763712843,13.868717877657028,13.820858252850831,13.778687586731166,13.728198082491009,13.680675723727367,13.638911429385079,13.588909810119603,13.54181921928072,13.500532208855725
T48000logg4.2,21.93022083409055,21.875224806068317,21.811629273204186,21.75754216382229,21.69992817862312,21.633197287946636,21.575853991065646,21.51588488893279,21.446344296226794,21.386068760770588,21.3240510776526,21.252074164778726,21.189223160472597,21.12547919257603,21.051437931408334,20.986363322947696,20.921196880437396,20.845437177202772,20.778466785270204,20.71215243315476,20.63498008303569,20.566402418410444,20.49917050752159,20.420842067553334,20.350906112834657,20.282952809668192,20.20368933958266,20.13260944851059,20.064098491435292,19.984088211603243,19.91205171578216,19.843126634543875,19.762538340055222,19.689714644601075,19.620506525620726,19.539502668803916,19.466056494835765,19.396697368259503,19.31543839651051,19.241527716319325,19.172142843588368,19.090778256520256,19.016552858252897,18.947261523206308,18.865934148758974,18.79153492234304,18.722446838369688,18.641284733700275,18.566839764551325,18.498051763812057,18.417167109057985,18.34278936230175,18.27438288377083,18.193869147703143,18.119653216141423,18.05169047878259,17.971618477285652,17.89764082485442,17.830167585905002,17.75059363466618,17.67691615332732,17.609964862511863,17.53092906879012,17.457598671787856,17.39118924003793,17.31271845830784,17.23976952581759,17.17391300943771,17.096025071185878,17.023483457240605,16.95818501707212,16.88089459469047,16.808782341822667,16.744049395812826,16.667371645389384,16.59571260805999,16.53155906159556,16.455514865272427,16.384339730549627,16.320787269124292,16.2454081245598,16.174756173808838,16.111834854992132,16.037163074341528,15.967083783989386,15.904833287571837,15.830924620450109,15.761480901279821,15.699950372890404,15.626875530809963,15.558141624496253,15.497388070231967,15.425229482776086,15.357291581295096,15.297380608339006,15.226233177645293,15.15918771082394,15.100191754506472,15.030159092004677,14.96411083462913,14.906108912638274
T48000logg4.4,20.644045984913667,20.602905898869714,20.55521918100913,20.514626361810183,20.471203615546067,20.420790061161984,20.37742955958364,20.331896491788804,20.278973171278494,20.23305488642613,20.185614214902305,20.130425365039493,20.0821819452775,20.033050610153207,19.975849436393617,19.925516888805955,19.874904729935505,19.8159259287955,19.76372223167496,19.711815330390987,19.651265349548197,19.597385011871374,19.544345339494573,19.48240050369224,19.427010391595523,19.37297187085433,19.309782944890184,19.253030945862854,19.198113163639256,19.133820684967265,19.075845544869072,19.020161858397834,18.954902977789775,18.89583956724378,18.839501242978336,18.77340955915836,18.713389555132302,18.656507255008734,18.589719208007324,18.52887544428031,18.471561518533495,18.404209885116344,18.342671131285503,18.285033718527334,18.21724783357951,18.155141063918524,18.097286601521652,18.029190980404543,17.96663515291976,17.908659391604694,17.84036211027101,17.777463157482906,17.719448054007312,17.651041751629155,17.58789110252959,17.529903597914924,17.46146461346304,17.398139978992425,17.340233417492506,17.271824900269063,17.20839271089247,17.150609925434125,17.082285364735764,17.018802333145622,16.96117706725244,16.89297894526637,16.829492212509326,16.772051601387783,16.704017310512803,16.640568738950794,16.58333533456969,16.51550138785884,16.452130398900128,16.39513102286241,16.327532263569992,16.264278773184135,16.20754540602589,16.140216259543383,16.077122742326317,16.020690781926096,15.953672724455501,15.890786281133353,15.83469530560997,15.768036303597563,15.705411484462877,15.649708119580925,15.583467644503026,15.521169306015192,15.465905411845474,15.400154542674022,15.338256538108912,15.283489689976701,15.218311984310821,15.156899761596174,15.102695629073299,15.038186637118423,14.977355348569237,14.923786190673251,14.860048903870236,14.799900011171712,14.747042861115697
T49000logg4.2,20.97010940496464,20.923869896192194,20.870435692247483,20.82499719366999,20.77651227993959,20.720332068958648,20.672027631698562,20.621388340281733,20.562599258992957,20.511584827026777,20.45894195246454,20.397743431606795,20.344223491271926,20.289768429089335,20.226394621966794,20.17059781750533,20.11453623947064,20.04922693440194,19.991381817993073,19.933909930379755,19.866887266728455,19.80720718769033,19.74850324564978,19.67996788131243,19.61864564012312,19.558866527548005,19.488999039854672,19.42621206131843,19.365503444359017,19.294478364084828,19.23039971355228,19.16890670950061,19.096902690387775,19.031708891922158,18.969582655963805,18.896787943572626,18.830663953574486,18.768065414704367,18.694678607251134,18.62781690742943,18.56491349234096,18.491136648270135,18.423731301755815,18.360689779903673,18.286718965564965,18.218957858855998,18.15593631359427,18.08195384530295,18.01401157978225,17.95115203395446,17.877318833989086,17.80935069372503,17.74677391228466,17.673224857418806,17.605362666256994,17.543165208610127,17.47000824770479,17.40236013347654,17.340615304772868,17.26793281220416,17.200583412533966,17.1393429254198,17.067193238249327,17.0002041258829,16.939499681704355,16.86791718587427,16.801328009040212,16.74117440857783,16.670176245583818,16.604011047965177,16.544412039105943,16.474006428572086,16.408280234357733,16.3492373204483,16.27942914658821,16.214154425639656,16.155671389633255,16.086465767359336,16.02165608677028,15.963740168844941,15.895148582646351,15.830822959788577,15.773487871042983,15.705531390044253,15.641718131525668,15.584986231882917,15.51769734276292,15.454435506567512,15.398336602787372,15.331761105856042,15.269101016428284,15.213672916488282,15.147868757658012,15.085873237541017,15.031162912422321,14.966203557916435,14.904949359240529,14.851013724970406,14.786985228080848,14.726559625856463,14.673463920909654
T49000logg4.4,18.764833826156504,18.731102327471564,18.69215854556413,18.659066320533135,18.623635260838018,18.582597157587337,18.54732526017093,18.510213221014048,18.467132200584796,18.429747952639087,18.391018897047044,18.345977783730667,18.306570540962547,18.26630454926501,18.219402323369064,18.178074570058207,18.136363531989694,18.08771598536058,18.044585455774797,18.001536716826774,17.95127199641619,17.906463050907355,17.862186784523892,17.81043543782121,17.764075914901394,17.718686030821157,17.665582990072654,17.617803470850674,17.571414936967948,17.517098568562425,17.468035024000308,17.42076994077416,17.365393302729018,17.315196536881366,17.267192965773297,17.210929086571007,17.159765102729374,17.111173295535743,17.054205890613424,17.002251335385864,16.95322994122379,16.895747851206455,16.843179476367926,16.79388287188919,16.73606374684067,16.683050507394842,16.633623512082572,16.575634462429434,16.522335379458717,16.47291088907854,16.41490211214731,16.36146071814298,16.312154069750726,16.25425648964442,16.200799728852637,16.151708267499334,16.094028168928478,16.040657830999308,15.991853719348697,15.934467716010968,15.881260330116955,15.83279312484559,15.77575524675641,15.72276781984581,15.674670621859386,15.618016912808471,15.56528840184738,15.517579898632093,15.461330139333919,15.40888453393321,15.361571240902483,15.30573386154038,15.25358198208094,15.206663696272381,15.151234876069063,15.099379351105679,15.052853785396147,14.997825890165945,14.946267263604733,14.9001323909418,14.845501622748804,14.7942439920097,14.748502077224666,14.694273309182824,14.643328454077771,14.597989159949316,14.544175791094414,14.493563095464973,14.448640360950481,14.39526693099258,14.34501617897086,14.30053175580693,14.247637764784907,14.197791939173651,14.153777576750874,14.101417092584748,14.052033271055398,14.008531311528344,13.956772162818575,13.907917736147947,13.864978255871737
T50000logg4.2,23.212835243163436,23.153306424717744,23.084494339138807,23.02594854160433,22.96356946509793,22.891322736871928,22.8292029165714,22.76420147988849,22.688806052524452,22.623401415146148,22.55604855351809,22.47783745701852,22.409472513473556,22.340061971235265,22.259378077259925,22.188381475724423,22.117199426571393,22.034377461255367,21.961073798901232,21.888401282709918,21.803767344264802,21.728466587444707,21.65456127093045,21.56840757948465,21.491391541473927,21.41648427964232,21.329078525930345,21.250606144655503,21.174906294569585,21.086489264457516,21.006795749977382,20.930492483368464,20.841289193990892,20.76059704367919,20.6838720266978,20.59410357102768,20.512631347411137,20.43566487081049,20.34554951010685,20.263511079722313,20.186478825402894,20.09622591612786,20.01382529207557,19.93689286346286,19.846697810641167,19.764126719256236,19.687447689745127,19.597489489852897,19.514923404074516,19.43863365493322,19.34906817099152,19.266660190120298,19.190872325801745,19.101825478235185,19.019702106717652,18.944503244583608,18.856074144084854,18.774338089381978,18.699793132299163,18.612054812239087,18.530783278680012,18.45693397670292,18.369933893677622,18.28918225569858,18.216052867948374,18.12982240032765,18.049631393764653,17.977236116074735,17.891796495534233,17.812195223257355,17.740540026135182,17.65590218454988,17.576910274004742,17.50599783325861,17.422171376561472,17.343808011635137,17.273644504179924,17.19064079451301,17.11292650984882,17.04352186386744,16.961358834609136,16.884320532344663,16.815692169737385,16.734398906711334,16.65807408134274,16.590249207464634,16.50986683174191,16.434303805512133,16.367317691023565,16.287900320616888,16.21315931928148,16.1470566364959,16.068672879717735,15.994828521530758,15.929665046933128,15.852399826510776,15.779540947847522,15.715382515008224,15.63933258853766,15.567557481486542,15.504477655423363
T50000logg4.4,20.76200187613486,20.721011688354093,20.67350150762481,20.63302327387973,20.589730834627623,20.53946876452123,20.49620010679265,20.450766974462056,20.397954151737892,20.352090839439356,20.30470810597874,20.24957317415271,20.201331249781724,20.15219870584076,20.094973083458804,20.044570368100985,19.993883588340505,19.93478976452383,19.882433111861324,19.83036939696879,19.76960231609521,19.715476837254375,19.662191828047863,19.599929482567255,19.544204863590142,19.489839131155854,19.426240644346002,19.36907106702874,19.313751897524,19.248967679566864,19.19050012580735,19.134349929765577,19.068526035462995,19.008903234730973,18.95204192474497,18.885323782201112,18.824687664183628,18.767235680823017,18.699768674155088,18.638261487567725,18.58034040303129,18.512273600627626,18.450040458454033,18.391774233460207,18.323255121640646,18.26043722247195,18.201943443229247,18.13310779919745,18.069836852413825,18.01122274603143,17.942195393270673,17.878592184703837,17.819952322125154,17.750840099519674,17.687009603495785,17.628422126654748,17.55931453260161,17.495346206464358,17.43687390242615,17.367844310306772,17.30381418865554,17.245507784922687,17.176617961018252,17.112590101588523,17.05448992442405,16.985788003528636,16.921813873386363,16.863950358682793,16.79547549125693,16.73159967345835,16.673998679276924,16.605789861006837,16.5420547343138,16.484744703436586,16.41684002844374,16.353288666181786,16.296302131214137,16.2287399674486,16.165415592015485,16.108786168174802,16.041606789611336,15.978555228687991,15.922319993534988,15.855571542047462,15.792845779558466,15.737048186105886,15.670785773228948,15.608446126301,15.55313390327928,15.4874250672708,15.425542177634544,15.37077040060564,15.30569294037397,15.244346618672804,15.19017677203129,15.125818797426959,15.065098158061483,15.011598155017428,14.948054750074485,14.88805355979025,14.835294853591382
