,vsini75,vsini80,vsini85,vsini90,vsini95,vsini100,vsini105,vsini110,vsini115,vsini120,vsini125,vsini130,vsini135,vsini140,vsini145,vsini150,vsini155,vsini160,vsini165,vsini170,vsini175,vsini180,vsini185,vsini190,vsini195,vsini200,vsini205,vsini210,vsini215,vsini220,vsini225,vsini230,vsini235,vsini240,vsini245,vsini250,vsini255,vsini260,vsini265,vsini270,vsini275,vsini280,vsini285,vsini290,vsini295,vsini300,vsini305,vsini310,vsini315,vsini320,vsini325
T15000logg2.0,1332495.9240777006,1265854.686089094,1205393.5573970426,1153898.2902906255,1100083.0294917834,1051392.1861991093,1009655.9290665954,966753.837616853,928049.3055161638,894726.8135762488,860966.4011655543,830598.809972526,804372.9384651532,778132.2839689847,754591.8540563276,734216.1932410884,714047.3884751602,695998.8730981236,680358.2195139512,665022.6556414209,651335.3561526082,639474.1833441446,627948.28217425,617695.8681908406,608828.1147268428,600290.3779626826,592733.9270584482,586225.4164233719,580025.261112324,574584.042549183,569936.9566270972,565577.423257115,561816.2153785578,558653.234288131,555759.6120598176,553338.4872570722,551361.2632531621,549629.1934615155,548266.4198609729,547222.0028735282,546396.635984124,545858.7555763578,545534.8519504112,545409.8786703518,545502.7920942864,545749.1300254717,546178.779690151,546777.6436413821,547504.9395095508,548414.6001353614,549461.3983200189
T15000logg2.2,2274259.1646151417,2208730.5676912973,2148328.495350115,2096148.3769613379,2040890.9315054882,1989911.79283016,1945427.2213422374,1898869.2746379094,1855875.635401192,1818041.6320213708,1778826.7691335315,1742584.1444034027,1710456.9878803915,1677423.8124532383,1646863.7119075775,1619589.5788261814,1591728.17236865,1565915.5236724655,1542729.7442546578,1519166.8395243243,1497296.489256484,1477527.986519462,1457522.2389702448,1438917.1399837066,1422000.1165990585,1404942.9334647197,1389055.5191834508,1374529.0078113873,1359933.304500651,1346326.953278096,1333820.5006912528,1321301.7918181515,1309633.7385656186,1298859.1978110755,1288117.0290977086,1278106.1615917797,1268826.2400449542,1259599.57276033,1251010.7366214881,1242986.7252428967,1235039.5454466352,1227658.8439149437,1220686.6757653302,1213819.9803927038,1207463.9794631437,1201390.5697324038,1195456.739573681,1189990.6335564428,1184730.0611367533,1179646.0139335126,1174995.4396286455
T15000logg2.4,2926905.0019159485,2870010.025735665,2817344.327759549,2771710.464603443,2723115.2744875923,2678032.3871761477,2638522.3227695506,2596861.001819767,2558110.7054007873,2523807.2887826157,2487909.031702031,2454434.691513868,2424532.21836583,2393423.97760283,2364341.3681221204,2338140.629110488,2311007.8681615037,2285570.6601749617,2262468.605771592,2238627.5864146478,2216210.0500318166,2195692.0703812577,2174576.4453798323,2154665.953464066,2136311.174601785,2117470.3668351714,2099667.271275128,2083148.96765811,2066239.718154605,2050241.728654216,2035310.8346557335,2020072.4313679414,2005647.354812222,1992115.0812814077,1978343.852514741,1965298.4668841409,1953006.749649671,1940521.997131525,1928700.8948495905,1917477.405360708,1906112.7136647622,1895370.2623320483,1885064.9486867986,1874677.640896124,1864885.9183233036,1855386.8358257834,1845872.9499724994,1836935.2325701388,1828190.5784735796,1819498.6966963036,1811365.0070712292
T15000logg2.6,3229330.0036677704,3180260.3494917713,3134883.1426004656,3095580.280180994,3053617.402904537,3014679.350169692,2980533.8779708105,2944403.9365467746,2910765.8774983916,2880948.5160733447,2849614.5601737,2820347.9936715662,2794150.5346100945,2766761.185504363,2741094.3777853963,2717905.162748972,2693750.7527191015,2671036.0216472344,2650331.345431264,2628821.5545234866,2608521.400682253,2589860.979773189,2570515.4154094085,2552198.9728478845,2535233.055643961,2517680.9348693173,2501023.3992676386,2485490.123074535,2469459.015896883,2454223.548766142,2439932.0804441394,2425222.844264631,2411233.269056951,2398042.085036154,2384499.8655118714,2371607.729731533,2359397.357770478,2346883.9024497494,2334974.006407298,2323610.663531767,2311999.555328068,2300969.9330653213,2290332.2971423785,2279515.8112871526,2269273.218203361,2259277.2571377335,2249180.416175732,2239653.3798667225,2230272.4740529316,2220866.539708813,2212025.5072790347
T15000logg2.8,4007469.501817886,3960634.505439555,3917288.0016714456,3879713.8309818837,3839533.376331065,3802192.633810126,3769397.7983358465,3734609.9029395655,3702140.9176003365,3673288.477267322,3642858.2232978037,3614336.851440008,3588718.011233303,3561806.631547989,3536477.3483556747,3513493.1246954054,3489415.9056257545,3466657.7221022886,3445806.212860928,3424003.720737286,3403309.8724879907,3384177.364283549,3364202.6460491465,3345174.8433261425,3327439.8888896285,3308955.840658608,3291301.494512393,3274731.365011701,3257498.531163144,3241012.18808813,3225444.482441051,3209294.921489247,3193829.184653245,3179147.82510174,3163953.892640809,3149387.6889799396,3135494.86335528,3121143.852532781,3107394.1857303493,3094172.5930558774,3080563.317236094,3067549.416835929,3054903.7689274047,3041952.007920989,3029604.250924785,3017469.8187217866,3005121.3861543545,2993389.025037895,2981755.33059498,2969999.1158628836,2958871.8297516117
T15000logg3.0,4596379.089426406,4557843.007124188,4522103.668961667,4491082.7626061365,4457808.094893424,4426808.037349891,4399536.380943107,4370505.702096434,4343330.06818925,4319130.567956432,4293502.399113237,4269397.500100132,4247688.561527665,4224772.9665761,4203115.522355211,4183400.147588899,4162629.7316682776,4142904.6793941995,4124765.108882303,4105676.9703149605,4087465.9302335847,4070560.8144172304,4052789.6381153497,4035768.642849192,4019837.3419952467,4003112.4439140502,3987047.9191079927,3971906.448433032,3956040.82463994,3940774.090165647,3926298.349559285,3911163.6459076386,3896583.2128572688,3882685.062571105,3868184.7301457953,3854200.4838710786,3840806.6426110016,3826857.791095329,3813415.061001358,3800435.9646810526,3786967.4400407635,3774018.1893153316,3761380.4737763405,3748336.2547153765,3735837.647934169,3723498.355320555,3710847.320204879,3698769.618586662,3686733.795775341,3674481.0041515464,3662829.1544269845
T16000logg2.0,1070105.724485585,1005221.7847822674,947016.7913096502,897858.7810427236,847181.6827967596,801954.2092870222,763600.7141113791,724849.6698229298,690469.9172408051,661276.6951221622,632331.3663929533,606816.2598604627,585165.0559494733,564068.0171432424,545596.4982903952,529963.5417336248,514982.1384915188,501967.54587337526,491022.2186989418,480716.18581736844,471861.7168447419,464505.09160129994,457732.024645961,452016.82713943743,447379.66133758874,443252.98399796255,439883.4551710799,437281.392428182,435111.9885563959,433478.23095994774,432387.410722214,431667.30052589223,431334.612805151,431378.05153344554,431748.4242993227,432396.70210727904,433299.82036817726,434487.34411025717,435871.3090521286,437407.4455942006,439192.5049879623,441093.4164007963,443101.2807236249,445313.3833190662,447575.96236882475,449931.29504713434,452456.83019488986,454990.17051836185,457625.1655422389,460413.92834003246,463188.67553957965
T16000logg2.2,1573145.5882578292,1509642.806320535,1451992.6746026983,1402697.5899923078,1351102.127131614,1304272.388880969,1263876.2910719155,1222216.2236119742,1184456.179413154,1151685.0487864916,1118341.0232774054,1088171.6347208184,1061865.0112464044,1035403.1448334687,1011488.3381979414,990543.7803085692,969664.3979952673,950796.7448414478,934200.3119076868,917768.1143071199,902909.5247859373,889785.570075553,876865.5516495638,865177.6429570123,854817.4757437322,844674.5683484288,835500.8163977409,827343.7362444767,819402.2654746191,812230.1829142103,805839.6060127085,799664.4614536439,794110.7372195821,789170.276970952,784442.5900428147,780230.0429109896,776479.0122380522,772938.2826560457,769825.6742720341,767042.2847787755,764462.3233752776,762234.089043754,760238.069243583,758435.4498562324,756918.6697689347,755577.4977840825,754424.0801341942,753511.2062375739,752747.5615790464,752177.8880196328,751823.856395748
T16000logg2.4,2212980.8478106316,2153957.170725726,2099897.9301615288,2053347.941709198,2004246.923717392,1959170.6393157116,1919916.9220975663,1878981.8929093545,1841349.6074018981,1808286.7452361106,1774151.1290779838,1742737.926918937,1714926.9497211496,1686446.341192188,1660198.386083531,1636787.0753522008,1612955.844739517,1590941.3415813572,1571156.922966424,1551102.2434941507,1532521.0969405482,1515696.0505014032,1498696.8665898938,1482902.0121601424,1468498.0036685686,1453991.5911979428,1440484.442057043,1428084.734450026,1415638.7788141284,1404035.6457786062,1393322.029999938,1382611.008621351,1372621.8943993733,1363364.053903785,1354143.9876560322,1345559.153277133,1337549.4350713342,1329609.371916983,1322238.8656811693,1315284.384783274,1308431.1468687025,1302092.06302113,1296034.2810626514,1290106.121197672,1284641.9616022238,1279366.0857977814,1274247.5342037652,1269556.9548833675,1264998.2541446208,1260629.6817691938,1256668.586966468
T16000logg2.6,2894361.0308006927,2840137.818156982,2790189.845474235,2746958.572713949,2701158.9763883045,2658831.980942999,2621741.047186837,2582828.2662079763,2546765.561822346,2514832.4763511904,2481598.120391155,2450718.7247610474,2423116.611254815,2394566.903782421,2367962.6904661558,2343962.6833972856,2319248.034594631,2296137.427466364,2275098.065226257,2253498.4485423034,2233224.024536809,2214602.8332836996,2195533.7226255774,2177573.790483116,2160942.886130824,2143957.7414587215,2127921.0842941483,2112961.5581481764,2097730.697169819,2083327.7215719982,2069808.1871445102,2056091.6989961264,2043108.6292441038,2030866.731064248,2018485.1977427118,2006780.5059034226,1995650.456378884,1984443.8978668721,1973877.5347130187,1963706.8362601437,1953524.854099617,1943955.0998987032,1934618.8461985062,1925333.3560185528,1916629.159327212,1908045.734256075,1899566.86405277,1891647.4957065857,1883773.8432044317,1876059.5099230742,1868894.6400924248
T16000logg2.8,3539505.6275583333,3492173.562540708,3448400.0661534043,3410418.774972581,3370023.8932683617,3332525.704082484,3299569.173237631,3264826.6479684664,3232458.238936361,3203688.7902370677,3173564.5280086026,3145399.2280259305,3120104.8665767703,3093748.419420652,3069011.1689199237,3046570.4340940784,3023263.830111781,3001296.6935256226,2981171.154521807,2960314.9342272,2940571.926224734,2922312.9944872763,2903426.0818461804,2885479.0144601166,2868739.4255028637,2851461.8198166257,2834999.2782718474,2819530.8332481296,2803607.7332743146,2788410.2546866555,2774041.3206367376,2759294.615093882,2745204.9281631676,2731818.5531151057,2718117.084780206,2705030.455227988,2692507.004047973,2679732.906370363,2667557.660621774,2655774.097477243,2643816.8440746777,2632456.0603559813,2621315.3639039914,2610082.4808595073,2599441.421125396,2588889.023759372,2578320.0104263755,2568340.8044683565,2558360.8901929273,2548436.2701622387,2539108.007703338
T16000logg3.0,4145827.573962184,4104414.7596314712,4066032.830157832,4032687.1917602923,3997128.9350449378,3964035.806303563,3934905.3884315994,3904097.3430429623,3875304.2811316103,3849661.3578589656,3822702.864326056,3797402.159983403,3774624.065410729,3750773.7693512044,3728290.7890582606,3707835.3296250226,3686470.3949301,3666234.585238766,3647634.0157964667,3628235.7968143458,3609775.0777961425,3592641.337823585,3574795.4745085747,3557741.6199703924,3541777.334185758,3525177.1793187438,3509266.6515286323,3494264.042338681,3478697.8426169907,3463751.048883039,3449570.6046864158,3434894.651421196,3420786.6429962832,3407334.532689763,3393444.1867433675,3380091.1920814337,3367272.7437620284,3354075.276012608,3341414.6168149393,3329124.446292621,3316534.8624116615,3304497.8571363506,3292656.6291406164,3280605.8285323256,3269121.6335030445,3257692.3921408853,3246138.95638136,3235164.57221926,3224148.952942484,3213088.1533120903,3202624.6713085896
T16000logg3.2,4911811.789063048,4871448.191687422,4834038.433329501,4801505.828565102,4766831.29886298,4734558.309097034,4706112.095937228,4676034.779793439,4647909.668961202,4622810.218727047,4596413.785011808,4571611.70692897,4549216.397563285,4525742.682435356,4503574.809513515,4483327.491771991,4462145.816844082,4442036.006040839,4423463.516430588,4404054.312996341,4385530.544460201,4368244.224715123,4350196.031112193,4332894.0101232845,4316599.749167583,4299612.906983944,4283276.597506894,4267773.091109672,4251646.7692289455,4236107.615538428,4221265.672665568,4205869.92893263,4191020.2691928623,4176752.5552676246,4161994.9775826554,4147785.6550682364,4133984.812477855,4119783.9841316836,4106157.2458532727,4092738.088289184,4079022.2196595953,4065910.437501516,4052817.184869569,4039528.3749950835,4026863.3044785345,4014076.416809273,4001182.712690629,3988935.900395885,3976457.815781681,3963962.307126113,3952143.711305067
T17000logg2.2,1438264.7836189403,1372838.6404518671,1314169.8321577122,1264407.440345466,1212991.4591574601,1166878.8445469132,1127415.0877928594,1087280.6227344875,1051373.6367654798,1020501.3097900603,989619.5788802723,962096.203367012,938381.5794531802,915020.0700998021,894264.8195955884,876356.4440441809,858929.595002979,843463.5596241851,830100.0275637435,817213.2636342514,805773.9193932315,795883.7989067391,786426.8748687789,778038.876553572,770794.0557896117,763930.469835438,757849.3314286731,752611.7154698025,747694.3939114676,743348.7628282428,739629.7904965568,736187.8170224763,733179.9950799997,730648.5567655431,728372.036394204,726442.4865654546,724855.5278054383,723509.0603700188,722431.9927914445,721600.9027654211,720987.8085530935,720572.7434339229,720345.298874115,720316.2277501144,720431.4667193412,720706.9909863233,721170.6727880748,721752.9939065692,722476.6273301609,723393.6502902877,724415.8681599718
T17000logg2.4,1983227.9252941571,1921695.863402677,1865842.551935186,1817916.9632199514,1767685.599153579,1721959.23993985,1682261.945007787,1641176.8007000545,1603754.6244391773,1571001.3730908358,1537516.92105389,1507027.2823905959,1480167.0626545993,1452992.9431066015,1428238.4110993212,1406288.6875422674,1384248.4530984338,1364129.0933247113,1346161.7140744533,1328204.4390024785,1311761.0732274659,1296968.0633450733,1282234.0471158097,1268706.0474480202,1256449.3656138205,1244282.4881384163,1233087.141750297,1222878.2392636074,1212774.2647064317,1203459.5999472912,1194927.103250833,1186512.56079367,1178772.5400084273,1171634.6648679243,1164648.1879239043,1158259.1612126478,1152299.8181435456,1146523.6876505069,1141277.9759998238,1136313.634653016,1131553.208075554,1127252.136059804,1123134.5733345428,1119228.4805516535,1115726.6951223174,1112340.610554602,1109178.9776823458,1106390.915856882,1103670.7986782286,1101199.4871039186,1099082.153322036
T17000logg2.6,2615254.311903436,2559230.4025022984,2507978.503927199,2463734.236474552,2417078.170643588,2374211.913803318,2336714.192497902,2297574.3647884363,2261517.9073866354,2229650.4747686144,2196699.586784863,2166285.4558935757,2139163.6092659477,2111335.4430535515,2085586.2082943227,2062418.6113387982,2038774.854389626,2016819.646005568,1996883.2333911348,1976605.2829379202,1957699.0443205591,1940374.6466158452,1922799.7578347458,1906357.7358236115,1891163.1499487082,1875793.2299058854,1861377.2364983985,1847954.970928812,1834418.4656448294,1821695.5717406394,1809783.730905627,1797810.0243238378,1786568.4746756868,1775957.7682111205,1765354.5450186753,1755436.701662093,1745955.8534578735,1736552.8078099885,1727796.367138822,1719294.870040035,1710931.4678429766,1703166.4698964967,1695526.6013109628,1688066.2779306956,1681165.778565188,1674293.8232221412,1667642.4696242197,1661530.172715669,1655376.59217018,1649489.0885179434,1644125.9690567483
T17000logg2.8,3204640.6995830555,3153984.4322793223,3107397.168262892,3067036.97578561,3024288.3144533187,2984793.6525221453,2950111.1586971595,2913718.0320594953,2879976.9695561635,2850013.618111448,2818824.060189126,2789819.354495593,2763801.877850472,2736888.613035458,2711773.911128137,2689019.481274458,2665581.323745687,2643616.883544137,2623515.633835781,2602865.977616468,2583427.713849177,2565464.828082132,2547050.8778942293,2529651.243076183,2513429.072692822,2496840.299296567,2481122.6074657626,2466356.469590533,2451298.748891665,2437002.4624450565,2423494.0535827195,2409760.873413836,2396729.8580891746,2384318.992125537,2371764.707528446,2359890.1555893905,2348434.59627916,2336926.5195336607,2326084.0678746994,2315462.3333402523,2304872.994719484,2294924.3122121184,2285046.695947669,2275267.624295582,2266106.8360649333,2256906.89913718,2247865.593262398,2239435.1353116264,2230880.450158711,2222546.622224709,2214821.0661772382
T17000logg3.0,3827132.8942546374,3781499.520849921,3739325.0179189127,3702665.8701526783,3663750.3441236443,3627625.310643305,3595797.0722580277,3562305.9012795766,3531093.9379355237,3503272.241960395,3474201.501241866,3447008.3732994767,3422508.821857612,3397041.6587019376,3373122.347390187,3351343.3849164764,3328781.363090713,3307492.6851342074,3287904.92748783,3267656.669297419,3248459.887821056,3230619.0285522626,3212210.1380620766,3194685.7572043715,3178252.4024058003,3161333.170488779,3145180.40595162,3129917.0893705618,3114243.9848678857,3099251.1284447014,3084998.5683985623,3070405.910133126,3056447.095846613,3043081.3890233063,3029452.6687853667,3016452.8045772426,3003848.044543479,2991076.568877845,2978941.0745905745,2966993.040576577,2954976.4450921174,2943594.075302435,2932232.106692096,2920884.9767170665,2910166.954910715,2899346.160590401,2888614.357323445,2878519.7584452904,2868221.008888388,2858087.8447956513,2848605.097069281
T17000logg3.2,4445336.692920696,4404553.715842065,4366767.280661695,4333860.852491767,4298821.030771105,4266220.031271178,4237445.489829129,4207071.861493151,4178694.115415938,4153344.817953876,4126758.5821651258,4101813.986231285,4079278.2269328907,4055746.5560988667,4033564.5867905593,4013298.398661531,3992193.0817265594,3972195.7858408643,3953723.193319227,3934515.2958281315,3916221.9619648093,3899146.9454330513,3881415.5117215686,3864454.8875985797,3848478.365703349,3831916.7441685456,3816027.8429736197,3800945.097414786,3785347.6358764204,3770355.2788571864,3756034.8028263277,3741267.8345426354,3727080.1462212857,3713413.7451886125,3699384.7869072324,3685944.988388596,3672829.8388418336,3659454.8450853853,3646692.428578197,3634044.209539841,3621243.83591167,3609068.8770876825,3596837.8965870747,3584546.4864969226,3572889.7059702836,3561046.844255549,3549226.2271501855,3538060.6267591636,3526599.337204575,3515244.7034430876,3504569.6483373
T18000logg2.2,1221860.63973773,1160079.2910198744,1104925.916045151,1058229.0862187443,1010071.9813503235,967027.2091885438,930230.4739167715,892857.5071395006,859532.2026482667,830917.9412356097,802346.0294521509,777011.7728981585,755260.9457539171,733941.2723753953,715181.4719024776,699126.827879199,683665.0102236577,670161.7227927131,658672.0543700656,647785.659813829,638364.2834502646,630432.6132324599,623059.4863670323,616774.0391252523,611586.7182900574,606890.6812133695,602984.5392288057,599884.6379696563,597187.7890540469,595050.1539349158,593500.6994984562,592275.2744785679,591452.6973668805,591051.660653096,590922.9773802802,591080.6328041244,591540.0646283311,592218.3603997327,593088.7355952283,594175.5311197989,595430.3499749571,596797.6207656154,598332.4278649959,599997.4601404384,601727.6080796492,603598.7079232084,605584.3758287426,607618.1775558416,609774.2267076987,612049.0924118892,614356.3430632002
T18000logg2.4,1644392.873337023,1584669.6239558414,1531305.7589353137,1485989.8715553368,1439056.0373933315,1396912.0098679068,1360657.0175418903,1323585.5377712867,1290299.61753526,1261472.5575718172,1232441.6593997027,1206451.87773467,1183868.5066329055,1161449.9166493681,1141429.9154505979,1123985.9328728146,1106842.3145342409,1091521.3411124048,1078121.0885148759,1065010.026008621,1053259.9469280487,1042931.7207081402,1032854.1562474081,1023802.7325603819,1015818.2044825447,1008047.33047426,1001055.5743772079,994872.7909120021,988863.1957646365,983451.0236659148,978663.5380032775,974021.9067121382,969879.0637040926,966195.331463455,962667.3679258737,959572.1537158234,956806.8107755955,954202.1024176732,951969.9391043088,949969.2654998023,948126.9509046925,946593.4663851233,945228.3109369753,944019.132765904,943076.8076903378,942258.9159803725,941606.4874528466,941199.8904970479,940889.9548124244,940763.687257949,940859.6497901884
T18000logg2.6,2443248.9695501225,2386894.105261172,2335524.305052617,2291167.162652295,2244469.4625576427,2201670.3401644183,2164178.0100926105,2125099.699605939,2089177.5726288755,2057368.983638208,2024548.0001342942,1994330.0721996175,1967334.9901626755,1939729.5092816502,1914268.7304979619,1891329.7871937887,1868026.4329563077,1846472.5968230036,1826892.5775600648,1807090.3975689632,1788721.6989576402,1771893.809366496,1754936.9124306592,1739167.130398112,1724607.1000065214,1709979.0444511096,1696341.8602128685,1683667.3887694976,1670958.0783131209,1659098.8347102797,1647989.1254871804,1636886.818739111,1626565.4541266095,1616771.1764292177,1607059.2669692426,1598086.3161953387,1589429.7861824695,1580924.2847609702,1573100.158941695,1565437.3517203694,1557966.4831034243,1551117.0792925688,1544314.8128353225,1537736.3683137211,1531731.9305651605,1525696.059124125,1519917.4792355532,1514681.4862368663,1509362.0261056796,1504336.8271406565,1499818.3998195725
T18000logg2.8,2884247.127873866,2832283.1596062654,2784902.69163237,2744004.0427530054,2700853.735294377,2661250.640759065,2626544.848633058,2590265.3005201775,2556841.149886988,2527219.1563724526,2496537.5606275527,2468202.7452436723,2442853.210521316,2416795.0794266695,2392662.420913824,2370868.410660886,2348571.0270114336,2327835.394292645,2308925.6309103663,2289623.2961548697,2271591.8878108286,2254983.2463885522,2238062.130973156,2222195.517111792,2207449.432089991,2192460.8224156457,2178363.887672429,2165167.279612504,2151782.78214857,2139176.245612741,2127290.1307889097,2115276.023146573,2104001.4914689935,2093232.6843498235,2082431.8128211852,2072357.4111053257,2062571.3511992912,2052844.0600083272,2043814.4705467266,2034904.7490291654,2026117.4911312517,2017987.7424592373,2009854.276900784,2001892.9426153144,1994557.8921745727,1987127.6407040278,1979918.4680019505,1973320.0635950798,1966557.74283684,1960068.490175071,1954167.694460247
T18000logg3.0,3432773.137071682,3386926.1927143736,3344791.3322531744,3308209.832053643,3269392.630831205,3233523.9650470875,3201916.7132077753,3168671.1949264538,3137814.7443403224,3110287.2360834475,3081559.6617818223,3054802.9408775447,3030673.9968817085,3005655.1792531013,2982267.9632779323,2960958.530985715,2938962.770590284,2918315.0422405903,2899309.221977365,2879750.603665765,2861311.929355086,2844167.917841584,2826568.228428182,2809913.663027209,2794285.5317282304,2778281.950992301,2763092.136452599,2748728.32724503,2734056.5523125893,2720104.9901431124,2706820.5779534196,2693296.6651365925,2680470.5734971603,2668100.9422292784,2655596.7663395805,2643793.4915691023,2632218.701234945,2620614.4206560794,2609706.314258555,2598833.083268341,2588015.8903635666,2577877.458024134,2567630.790682297,2557508.2716228697,2548054.7263486986,2538379.015489366,2528895.8087312416,2520081.80143412,2510961.131090807,2502100.7195239305,2493906.486580255
T18000logg3.2,4068928.213941532,4027781.5885423003,3989808.6952125854,3956740.0033107917,3921524.28779463,3888859.5569193284,3859994.1343523595,3829523.9252158403,3801129.722408816,3775718.68007365,3749087.118439432,3724168.2743324614,3701610.2580362326,3678098.700765638,3656004.9445481533,3635781.012467925,3614778.742406599,3594950.1624975167,3576601.367158153,3557589.9527167096,3539557.309994861,3522695.218473897,3505256.7934350213,3488650.393804909,3472975.814612993,3456801.1474094153,3441352.161940619,3426656.1210739133,3411530.056424766,3397063.8245121907,3383195.053438992,3368974.3830643534,3355413.2040726664,3342237.0654788166,3328822.830966604,3316092.2075007,3303511.7411754006,3290811.451646551,3278808.427402355,3266756.6299191215,3254683.158248623,3243307.5992839476,3231730.084942103,3220212.4721914404,3209398.1209678003,3198256.5866746423,3187255.477670574,3176969.6750712967,3166261.6307681343,3155771.7300609457,3146004.755242668
T18000logg3.4,4582247.538367791,4544217.233588588,4509078.801187939,4478434.590586609,4445748.071836757,4415408.6447538445,4388568.215920001,4360198.223576334,4333747.836556356,4310050.806239374,4285175.667764383,4261887.320285811,4240778.813780003,4218730.403042556,4197997.301171381,4178988.2449685032,4159193.4471095097,4140487.9979818785,4123143.183613406,4105114.141936893,4087992.2431389363,4071942.468893285,4055286.0892371964,4039399.6695831004,4024363.918722166,4008790.7213279693,3993890.409327134,3979676.120601037,3964988.842790538,3950930.813731846,3937386.260733365,3923455.4714904763,3910170.3629741264,3897172.4269260364,3883908.9629419,3871330.1914498573,3858788.554217888,3846109.055895627,3834135.79029896,3821997.367962911,3809823.2990905773,3798371.8083322374,3786582.829316118,3774850.6653008587,3763855.2258521225,3752388.267238144,3741063.3551804936,3730492.214179434,3719349.275345229,3708428.7688334165,3698267.3923074147
T19000logg2.4,1521718.0428892581,1464264.5130245578,1413075.1672837476,1369545.5322581069,1324222.718287816,1283544.3398622905,1248420.8283911142,1212221.8981210554,1179699.9059939808,1151398.328462552,1122648.4770974864,1096924.6154675148,1074487.2695500376,1052059.3566124316,1032108.6835397757,1014696.7772059898,997516.7607838224,982288.7882171187,969004.6646325134,956011.4576824273,944537.3122522109,934535.3401807048,924833.6044761421,916308.709775147,908911.6805433951,901790.0347089743,895568.7112205314,890219.8249811978,885089.099855171,880653.8976529769,876864.6122136174,873249.4108904517,870191.5592056781,867597.6366911884,865151.9356105175,863169.4300007116,861506.5593918867,859972.7398093891,858807.7632856936,857865.8812972608,857030.4594337512,856491.0759775428,856107.999106179,855821.0618889318,855783.434659781,855867.1048882345,856053.2102876995,856447.3913018408,856967.7900563306,857594.5198495399,858391.3982302084
T19000logg2.6,1951340.466354807,1896615.7725975302,1847694.044296878,1805964.9876447832,1762213.5512350951,1722765.4821595233,1688543.6124125076,1652963.6695082155,1620778.0780044014,1592565.3599071403,1563564.50723281,1537348.2961350863,1514223.2603350906,1490727.0922038995,1469514.081137155,1450706.4984844946,1431755.9392371818,1414637.1797520402,1399374.684553849,1384070.1163070921,1370223.2302114815,1357801.3760584947,1345389.625462244,1334141.680675652,1324005.3696197646,1313902.8268671504,1304734.7799490483,1296439.9267713637,1288179.4315935674,1280706.6372282223,1273860.827344664,1267080.713700666,1261001.0040133782,1255336.6144522363,1249781.5546142675,1244857.3834294723,1240190.3222316836,1235658.094314684,1231673.4675242875,1227837.3660380554,1224143.5201086751,1220923.1240402486,1217785.3095450622,1214794.061458942,1212220.7077026707,1209700.5370222472,1207339.3168948682,1205348.8864291918,1203412.8348243297,1201648.4052992878,1200209.561178255
T19000logg2.8,2485955.828385733,2435742.9627928496,2390252.306089738,2351118.4763974384,2309962.5926807565,2272385.800320542,2239523.7207198218,2205244.673949434,2173807.121895092,2145989.705872703,2117248.3794367127,2090836.7820625033,2067259.5016230242,2043116.70328181,2020891.832726503,2000889.8737094984,1980537.5733664208,1961743.3209347245,1944693.8569980687,1927408.9789212863,1911391.2488228283,1896732.7254123788,1881913.306035639,1868133.7843017504,1855422.8119521057,1842600.3235899277,1830638.8783760245,1819531.2201647665,1808339.9532676244,1797888.5830319882,1788099.2111187899,1778270.7075758032,1769131.1526336432,1760442.6993562821,1751789.5665887836,1743798.3134848492,1736051.5303516106,1728410.66007765,1721386.3882445195,1714458.2014829074,1707679.5686251058,1701470.9637309667,1695250.7261788002,1689216.5668178045,1683721.5244066257,1678139.5751317015,1672784.665596785,1667949.7692101884,1662979.9949452444,1658278.8235778557,1654067.7708705817
T19000logg3.0,3068981.30312191,3022918.8977495143,2981014.9474916332,2944856.26461068,2906475.064962163,2871296.357671352,2840436.1991331186,2807925.331710112,2777978.586712459,2751374.8882312253,2723575.8893073048,2697888.2412066096,2674829.485205685,2650912.605178537,2628743.67919832,2608643.7219069544,2587905.3109521884,2568604.290576725,2550932.422548493,2532758.0198358567,2515772.6258132895,2500064.865669022,2483951.8871882022,2468836.3477818393,2454732.271506336,2440297.7795504373,2426711.2486315654,2413942.386869554,2400897.963869391,2388622.97170664,2376953.106717689,2365094.9465997987,2353987.59786699,2343255.357280945,2332444.7560624043,2322381.8336401517,2312471.389872516,2302582.9856312745,2293413.5009776168,2284235.3902719356,2275147.418541042,2266746.0648767394,2258212.160644911,2249827.291706981,2242106.580871391,2234163.1581849903,2226428.4733586237,2219340.6862168876,2211975.614434992,2204873.035260392,2198389.4439161257
T19000logg3.2,3658692.4246020475,3617104.746150898,3579058.3221032335,3546072.2317767246,3511004.9593216395,3478700.0481509673,3450237.348181281,3420209.8735178644,3392407.172122433,3367594.3236177107,3341609.248527121,3317460.1146939583,3295667.7194269393,3272989.067078851,3251833.324479202,3232535.2486774726,3212537.984193647,3193798.346794766,3176522.81594033,3158664.9538957924,3141852.41464654,3126189.948982535,3110030.460978632,3094754.1093373057,3080390.4004095476,3065600.01809141,3051570.9721063576,3038279.2154586725,3024620.108225866,3011674.9665096,2999251.445042789,2986562.6286258553,2974599.9540863344,2962909.255662526,2951082.5853299466,2939998.970458837,2928957.255837577,2917892.6603056956,2907558.9280174435,2897101.0963318334,2886698.842121615,2877010.9781648437,2867066.414728599,2857247.0066944696,2848131.8754856614,2838662.2188021326,2829386.1314111045,2820803.48740807,2811810.7613933794,2803069.7151607005,2795001.966588498
T19000logg3.4,4109429.41499363,4072435.0851057814,4038419.138580476,4008837.0819547833,3977192.1423232686,3947933.5644684173,3922099.6044860063,3894694.592004223,3869236.7012181627,3846466.1167873177,3822485.0399077334,3800117.388812568,3779875.694596107,3758681.411928485,3738828.3524445314,3720653.922930523,3701699.239335088,3683857.521622561,3667339.8295669146,3650155.253025789,3633901.103818391,3618689.506279072,3602895.6727556493,3587894.8704295494,3573721.1596949087,3559039.0678498815,3545050.9092146903,3531728.701491625,3517965.162381719,3504867.704390699,3492228.398746819,3479256.1976831066,3466970.7936808914,3454906.1307005454,3442638.9773237975,3431087.915536798,3419525.497585736,3407882.377353265,3396964.9567574277,3385850.5327944094,3374751.165155989,3364379.6370821986,3353660.011170526,3343039.3137236545,3333146.695327011,3322796.596397001,3312621.156368715,3303171.4719103277,3293198.2507344857,3283463.7552169566,3274441.969735395
T19000logg3.6,4988043.16127098,4951779.283703248,4918352.133746408,4889211.477620063,4857896.780727397,4828891.80041256,4803240.295006797,4775925.521845557,4750520.643775783,4727776.24729732,4703730.402697597,4681279.334225318,4660946.623889407,4639562.661029334,4619507.79133818,4601130.437474141,4581863.200255681,4563698.188643812,4546854.468534905,4529227.5883849105,4512519.974846145,4496853.020693732,4480486.471900072,4464903.056387165,4450145.694241757,4434765.611759248,4420091.982531676,4406045.697735647,4391467.812496368,4377603.128948374,4364094.80298535,4350199.864581486,4337072.267355002,4324003.612928103,4310714.834545597,4298224.735215625,4285567.68586779,4272816.963346215,4260875.9051097445,4248582.065220809,4236297.4813236315,4224817.869070185,4212849.947162397,4200973.347917259,4189891.278534322,4178233.849829966,4166737.3156171516,4156019.1261296924,4144684.489537118,4133565.8358881986,4123200.7087837146
T20000logg2.4,1439886.624083681,1380821.9015815596,1329104.98087085,1285488.8507099664,1240529.937370092,1200850.3600731296,1166840.1140764318,1132159.6982734143,1101581.3659803572,1075220.9274545212,1048787.3157006362,1025707.3036187093,1005822.6718386053,986283.1871667667,969420.8571926621,954995.840148154,941021.6636142029,929081.5797692348,918941.6764537909,909191.02226954,900936.1068528327,894007.6327616867,887374.7796921124,881842.2071282045,877304.769726257,872979.2683885511,869471.7166577298,866694.6068900896,864053.3410986862,862023.8500178121,860510.7849168237,859070.463919095,858105.0997419013,857499.0058404856,856928.8580592078,856728.5870835845,856794.3660013358,856869.2984585586,857214.9293328285,857780.9448690208,858328.6710234707,859077.8639067612,860022.6310625874,860941.6732264541,862015.835835901,863292.8495211902,864551.4916144115,865933.8298314179,867543.2748955251,869142.9897158591,870826.6102167208
T20000logg2.6,1822631.688033969,1768281.7798377655,1720397.1998433324,1679785.3060174566,1637424.9881691057,1599631.2568339545,1566912.997422962,1532988.8971613888,1502599.576545882,1476007.2269899792,1448758.249484108,1424437.0888850694,1403052.0522809064,1381449.955937839,1362258.112035454,1345367.4617219984,1328450.4382772623,1313455.4960338504,1300212.0262044556,1286990.306248501,1275267.1990679998,1264885.790027893,1254524.5182745748,1245339.0213052388,1237202.286955832,1229077.4786744113,1221916.7257392681,1215513.9753250785,1209133.9316878817,1203569.1735445498,1198501.8501203635,1193473.9876352928,1189149.6019729436,1185150.622335517,1181207.6194192152,1177855.9096964116,1174735.7519615109,1171668.4863407111,1169087.804162301,1166685.8441619982,1164323.5419491054,1162364.8647252037,1160561.9476279186,1158796.0004394287,1157370.3337619314,1156101.5536419922,1154880.93820753,1153949.382911142,1153196.4900236826,1152503.7856172456,1152053.4778836677
T20000logg2.8,2279989.6340246527,2226907.7969496744,2179829.0083230324,2139714.764350188,2097650.286809779,2059927.0704069175,2027149.7325324514,1992995.1134309361,1962227.752170172,1935181.4947476918,1907272.4208893154,1882149.5492136616,1859902.605241555,1837179.0345187567,1816744.5104144206,1798553.2790213744,1780082.0929081312,1763459.742097583,1748554.3081005455,1733453.5061211085,1719825.0351445759,1707518.300511287,1695051.818778482,1683765.4572999203,1673515.3909215142,1663126.0600965177,1653737.6480701214,1645077.0833696402,1636330.0115533825,1628482.1796952572,1621061.6829522045,1613635.027816407,1607033.2806331913,1600653.6747449345,1594333.1229983314,1588750.9908182505,1583269.6288974364,1577876.6555272224,1573126.9765827265,1568408.7211984235,1563783.4797094394,1559721.5239368656,1555655.63641358,1551692.443270528,1548224.3900780343,1544754.230545518,1541403.7361725492,1538492.441884911,1535606.3430846175,1532856.3479472462,1530493.318634037
T20000logg3.0,2728140.9651921894,2681067.283673287,2639005.353516839,2603092.962584963,2565089.4010523777,2530757.14725856,2500866.907721107,2469418.3219056143,2440833.9214513227,2415617.701420141,2389320.2430384057,2365363.750993237,2344026.7504239716,2321974.4590361263,2301844.475026966,2283769.11942494,2265191.013932621,2248175.244172807,2232753.9699832276,2216941.2048046035,2202392.104615652,2189082.5597715676,2175448.9072169783,2162847.9924839465,2151230.158065489,2139337.4490403244,2128320.0520009194,2118053.672141774,2107567.3781094914,2097888.825548773,2088686.8829394248,2079368.7365764421,2070836.7243078784,2062535.97356306,2054227.0286068912,2046672.1764326193,2039175.5818124767,2031742.3298361483,2025007.7084810254,2018210.247349169,2011521.245915055,2005479.2688433114,1999294.4776079697,1993255.3860801633,1987815.4933852397,1982205.9271676082,1976772.1590918333,1971894.8122520014,1966852.2000635176,1962011.161141547,1957672.8272108224
T20000logg3.2,3209309.5899405307,3167057.805858305,3128994.9994246364,3096315.886160099,3061478.7216583802,3029790.851369794,3002077.603674235,2972729.665786277,2945874.3591482104,2922068.822988944,2897066.637237798,2874112.9363709586,2853548.2405819343,2832116.694183017,2812378.2162277414,2794523.194735559,2776006.865094442,2758883.9279600526,2743234.854331422,2727049.177874032,2712010.973146536,2698126.812310207,2683790.7113396777,2670408.839525158,2657947.6538142557,2645098.882269455,2633078.546224337,2621757.2263111263,2610122.423867879,2599272.243435088,2588854.7097345446,2578244.376253036,2568420.10620452,2558771.585441172,2549058.8729566447,2540116.749140116,2531167.787543038,2522241.551019459,2514048.4810203644,2505712.3893155972,2497460.023804492,2489903.3948492277,2482106.7815361153,2474444.277927988,2467443.6790462066,2460152.0383876916,2453038.6768892026,2446554.445862568,2439764.6287860586,2433189.178560626,2427199.187251122
T20000logg3.4,3709778.0631043073,3672030.3298374894,3637723.7268439936,3608080.4356193943,3576289.542103598,3547162.014388494,3521553.548395003,3494289.3109829384,3469169.2565150512,3446782.7601551204,3423132.3780355747,3401259.070737195,3381540.0726052187,3360851.564820611,3341644.1392759243,3324135.8690365623,3305853.424195665,3288802.821566234,3273083.3272456573,3256718.29126842,3241381.5017039133,3227087.4170275405,3212240.202167211,3198262.46382708,3185113.8552894937,3171487.253835752,3158641.277208782,3146402.6625697217,3133781.2409828007,3121924.4298546114,3110410.1112983134,3098649.6544919396,3087675.23891833,3076782.1020075516,3065785.8272467726,3055573.6720995726,3045257.852998391,3034937.9093316467,3025379.1690342017,3015574.6433063447,3005839.7225685446,2996834.8138247286,2987486.352615474,2978265.483265099,2969746.277599494,2960825.531326473,2952084.469890955,2944018.35304564,2935528.592449935,2927262.3282093843,2919634.946045406
T20000logg3.6,4170030.590424883,4136913.285416767,4106695.3302240213,4080515.4534803145,4052362.43814766,4026489.0253499523,4003701.3794502127,3979393.497623399,3956937.023368353,3936897.5048725926,3915683.410179048,3896008.1732640006,3878244.9597738963,3859560.800223534,3842158.4647550834,3826268.017747908,3809623.659087822,3794043.8681736877,3779651.239759805,3764613.3855504002,3750461.4287920026,3737242.412752768,3723455.8138793195,3710418.080314042,3698121.8949154946,3685323.694164844,3673199.992278664,3661621.4589885855,3649626.43329986,3638308.4604775603,3627276.8683276745,3615963.3742383257,3605364.039790441,3594790.033310477,3584075.775881807,3574089.807092458,3563936.3260250473,3553744.8933999646,3544277.24935159,3534486.4514568024,3524738.2889523893,3515700.4152108096,3506226.207288659,3496859.9255705415,3488185.555679652,3479011.5005263137,3469998.6297926307,3461656.9355550846,3452792.3380531725,3444131.5812475374,3436112.8708709567
T20000logg3.8,4638259.993799876,4607219.22535919,4578838.325018666,4554246.322584171,4527732.51143155,4503353.38144327,4481918.7227627905,4459016.226140739,4437869.162617894,4419056.862871539,4399112.95099867,4380629.688075307,4364004.561858896,4346484.506643344,4330172.788220464,4315334.190785764,4299747.670754007,4285152.137693416,4271717.355820195,4257625.406320307,4244347.423888012,4231987.679221253,4219034.430615216,4206761.362818886,4195224.894040492,4183150.7645913977,4171698.3278375887,4160773.1777486326,4149399.631651005,4138659.78217821,4128186.5687981877,4117396.271785028,4107279.6845887345,4097174.11266209,4086886.3642987683,4077294.16765307,4067518.6496097897,4057663.1900483924,4048503.009447862,4039008.0455310117,4029512.095179215,4020700.907561236,4011445.5284758145,4002253.0512811933,3993728.7069614665,3984699.3722242345,3975784.8336610086,3967518.792580424,3958724.4710654626,3950086.81142367,3942068.6641434007
T21000logg2.4,1333963.849218992,1271998.119596567,1217868.856678692,1171796.5017150226,1124607.2943638572,1083007.2498537356,1046879.6030791653,1010262.2341262535,977973.5638197912,949615.9892563011,921394.5344248187,896750.8057037143,875037.245685019,853950.7753427017,835779.9744394826,819879.2017556053,804759.9033533045,791926.675847283,780811.750292194,770459.9879137041,761853.3071340501,754556.2147098002,747930.0247171014,742624.183842356,738285.5754137853,734503.665930151,731688.2130533978,729588.8924865348,727903.2122014447,726891.9034752882,726439.6915860493,726260.9782709904,726510.3860035235,727248.7166858237,728135.5878037292,729256.5087456084,730822.6978409106,732430.5576643785,734144.4313853179,736258.8796934615,738334.352737316,740438.024972941,742897.4782214116,745278.9250793532,747652.4916644944,750343.7852647402,752964.0326158915,755558.8689362581,758457.1256888254,761306.032216021,764111.1292679202
T21000logg2.6,1676179.996336298,1622079.34470945,1574740.7338897516,1534426.7554895869,1492881.8189475888,1456044.7405971894,1423954.3535050552,1391135.6760322393,1361960.6335627767,1336239.8992506785,1310346.8294715143,1287473.8192525778,1267223.0808185746,1247212.6647337305,1229671.2189107658,1214153.6182644467,1199005.762792832,1185791.581793667,1174110.0903782996,1162768.1661341058,1152904.6352302944,1144205.8782179572,1135774.7994033983,1128514.0708802156,1122077.7702022342,1115876.713415049,1110631.2783629973,1105918.146876716,1101408.713777298,1097662.6893400277,1094278.1672315474,1091037.9005549026,1088382.8924370906,1086028.3062216358,1083752.3379184385,1081921.9783357235,1080352.0331896204,1078807.1886809487,1077607.5238564126,1076640.7431763667,1075659.528734022,1074955.9625143094,1074466.8492351256,1073954.4155701802,1073678.6884508159,1073605.7980494392,1073531.8894156099,1073659.1089049892,1073997.519025342,1074358.4425323969,1074883.9067338405
T21000logg2.8,2063052.927860417,2012467.053727541,1968098.8750628564,1930418.2210460976,1891364.858417036,1856584.6419480313,1826343.0054499013,1795134.5629846053,1767187.3876790444,1742570.7100116124,1717452.990954616,1695019.7266073758,1675129.6141230369,1655098.556418593,1637264.5126220186,1621417.7534470302,1605564.2554075334,1591460.55687678,1578876.8399257602,1566296.8404287468,1555082.9651179612,1545043.0734266704,1534978.4124438174,1526012.3440077978,1517927.4015994333,1509814.8777021,1502646.1688081059,1496044.8242003657,1489449.4988854812,1483679.4226029576,1478237.7740140753,1472824.0136447903,1468134.5050984162,1463647.8192827436,1459197.9303019107,1455356.9979807786,1451667.267590955,1448001.338021882,1444847.7043307023,1441811.0457016635,1438782.5598393176,1436196.2737666026,1433711.0349149387,1431235.1976798584,1429150.3408063194,1427169.787784441,1425221.2651170797,1423624.6558504463,1422133.8733754999,1420706.8442727486,1419581.1086514373
T21000logg3.0,2575134.102538164,2526648.131940159,2483808.8449806813,2447207.595449178,2409003.953517557,2374760.7797103017,2344823.9490454085,2313721.7199540064,2285664.8980142837,2260788.226551092,2235189.2275660713,2212089.246397923,2191424.45221118,2170374.394036576,2151385.8267904054,2134278.6402018815,2116947.6376311467,2101278.130137277,2087053.112709744,2072646.2816041922,2059562.1752204197,2047594.2952257693,2035448.9557770868,2024422.576999003,2014171.3038607796,2003796.9734385123,1994440.3569617271,1985499.4750372411,1976521.7809930989,1968469.0363938452,1960598.0291667548,1952743.292347528,1945719.0589602466,1938777.7413998893,1931873.1289943738,1925710.7811639183,1919560.964174621,1913457.2199761446,1908008.3151742304,1902538.4455761386,1897109.5803264396,1892262.2479788256,1887378.9684086302,1882546.8409297795,1878244.812463703,1873899.2656413103,1869640.3109620127,1865863.5959065633,1862052.573477224,1858360.7413013815,1855098.3846000843
T21000logg3.2,2942411.056656481,2898476.4684370365,2859430.7569250474,2826075.2914369134,2790983.553171653,2759367.921473113,2731767.7092342107,2702839.7342741895,2676593.98519952,2653361.443424695,2629190.9497917145,2607223.1342330114,2587595.6620855317,2567331.049951307,2548890.581845301,2532295.9876638576,2515220.8459529984,2499639.404666025,2485495.1099436316,2470934.5277604526,2457582.2453741916,2445360.6298403894,2432751.3814836396,2421141.9442817126,2410420.8483318365,2399350.957817835,2389187.5964643816,2379600.4990067757,2369762.9611417176,2360798.537260875,2352105.6689010966,2343284.417470474,2335308.8136971863,2327403.762193304,2319467.2783851973,2312315.782898013,2305123.121966886,2297949.237108444,2291491.49663151,2284916.599664212,2278389.872553716,2272513.73309943,2266486.2636183556,2260531.4560261113,2255168.6848366847,2249656.46255707,2244244.103204837,2239375.9007668667,2234367.731381385,2229490.411506841,2225109.361961036
T21000logg3.4,3409207.2315380303,3369418.942620028,3333719.9810502436,3303008.7613288467,3270415.1752501642,3240829.106245299,3214857.9222653676,3187437.657755226,3162384.3979879934,3140082.4825283936,3116703.119225341,3095283.8204371436,3076014.686288156,3055948.65419877,3037521.923802881,3020790.9624389964,3003427.560280178,2987428.8373711365,2972755.2277493216,2957538.754230799,2943452.319171564,2930409.8324030135,2916879.8653576686,2904309.244994587,2892549.220842239,2880363.618000016,2869077.100100218,2858281.3734788075,2847185.1585792108,2836984.170238819,2826952.790337527,2816771.5912542157,2807469.4212400513,2798136.0362252877,2788762.305222124,2780221.5421603075,2771525.292248415,2762853.9197722157,2754960.752368691,2746817.707093901,2738744.6272045467,2731389.931891048,2723740.938218754,2716194.2413728014,2709307.780751856,2702125.142927319,2695074.519708309,2688638.8848533235,2681911.162434141,2675350.283866232,2669360.298264124
T21000logg3.6,3870220.4189439407,3834695.285795592,3802600.10443962,3774895.202631416,3745243.3172469963,3718194.9988322575,3694410.943848472,3669113.7983313375,3645903.7085592006,3625217.6452490245,3603371.494440715,3583265.6279147435,3565148.1993112704,3546136.5065063713,3528584.9688650426,3512608.3102445896,3495905.3675887445,3480422.8519931026,3466175.9928884422,3451307.4749912373,3437455.2355122683,3424576.233103414,3411148.0037231073,3398582.557100568,3386779.058531627,3374495.335563944,3363022.6403510324,3352019.9421337475,3340662.8310744003,3330131.514807667,3319747.2863138956,3309170.8080462087,3299429.1625008686,3289605.0449369564,3279716.563165245,3270644.2796651823,3261332.687550614,3252041.3559835344,3243522.3550037285,3234666.271021798,3225879.774268357,3217817.1531160055,3209363.2389534996,3201015.889809052,3193343.9618926086,3185265.2364351884,3177326.181238613,3170021.521800812,3162313.3838923583,3154776.903398338,3147836.4285335043
T21000logg3.8,4442643.067805348,4411065.455863089,4382408.026474794,4357572.904133718,4330925.82585499,4306530.51233717,4285013.060702728,4262080.913631976,4240972.264411062,4222107.220415024,4202135.098972067,4183691.480279374,4167020.6655096835,4149469.5083743264,4133206.202228879,4118345.2946217414,4102747.137113816,4088229.346193696,4074811.4898213106,4060745.1438853075,4047583.3679711157,4035288.417598162,4022406.920429627,4010315.351120447,3998872.6116352477,3986919.0154509526,3975738.6665761815,3964904.068634269,3953695.542608847,3943297.6923381076,3932922.4697567606,3922339.7759000254,3912594.67012058,3902638.4447152973,3892607.1784275025,3883397.2217692663,3873835.5209373003,3864278.5372058977,3855506.8660808774,3846287.7775781234,3837124.733626249,3828698.587134215,3819782.593733361,3810955.6087480253,3802818.616889907,3794182.7562689865,3785668.8063954115,3777807.8556687776,3769445.438170292,3761243.230863843,3753655.2266314477
T21000logg4.0,5102890.10775305,5073937.478570314,5047530.058075068,5024491.390349559,4999740.294841426,4977003.271252592,4956839.394294741,4935372.522476713,4915560.552316,4897767.35193164,4878970.792177416,4861565.821037293,4845748.012609783,4829136.15176923,4813695.852319027,4799491.050865913,4784616.657538518,4770718.972924524,4757779.2075958075,4744237.17502162,4731513.91626036,4719529.074861465,4706990.472266984,4695219.378443504,4683887.095927003,4672114.058941392,4661158.065832632,4650249.550890332,4639079.212296348,4628755.632774249,4618209.928361563,4607538.285285212,4597709.984575833,4587511.564013531,4577273.813257543,4567848.4201083295,4557965.4041386,4548094.74533707,4538981.40368217,4529378.488151845,4519807.220634378,4510947.860622784,4501565.80109658,4492245.304978244,4483602.864826364,4474410.3309098175,4465325.17194794,4456880.023063088,4447884.463175371,4439038.071863601,4430782.326040454
T22000logg2.6,1894637.2340785498,1832800.776445648,1778732.9921261435,1732371.4661957717,1684889.9854378453,1642938.410965654,1606124.1857978692,1568801.8217840993,1535844.6620284554,1506380.8645403793,1477066.4297092794,1451279.664974158,1428160.202936304,1405530.2880051066,1385738.3350824516,1367994.2181766022,1350815.283352495,1335828.1045008851,1322390.6117902242,1309426.8348936846,1298151.1251319807,1287966.2675512864,1278172.2797587416,1269718.29533243,1261958.1797723416,1254547.9703382119,1248175.4907877012,1242296.543410027,1236671.157030696,1231826.2985505483,1227393.212473818,1223124.7669023846,1219400.5930750554,1216050.2834426765,1212796.79968807,1209955.476072945,1207419.9757916091,1204935.9632946902,1202790.8275376365,1200895.0016827094,1199028.381127064,1197438.600443796,1196071.9366289857,1194734.1946699363,1193631.6180712006,1192742.4308737938,1191898.8370794384,1191263.1091865408,1190831.3279639534,1190471.535898894,1190284.0710714583
T22000logg2.8,2117601.6655091597,2064133.1049414375,2017400.9878815962,1977586.2408647703,1936536.8170910487,1900088.6045153202,1868234.1709170272,1835548.9194260766,1806376.535529151,1780494.4546962157,1754281.976551302,1730962.0125922682,1710122.1220667728,1689334.2165193295,1670912.619195378,1654408.7558827284,1638083.983260252,1623620.1016486806,1610625.4182252309,1597780.9082337662,1586371.0507472756,1576079.8106584072,1565879.1185736787,1556857.0351343397,1548575.628916414,1540399.8575768736,1533235.6264146063,1526494.2905391925,1519874.916322894,1514101.312809856,1508592.4888740086,1503179.5388608484,1498452.9506575863,1493933.7312022552,1489476.601741908,1485579.8300171427,1481857.5335693564,1478163.8686188236,1474947.8810337647,1471867.4966097644,1468798.7558857666,1466146.781367347,1463615.6408049457,1461100.5480077625,1458958.330817667,1456930.3671848942,1454947.968226066,1453297.0426664422,1451772.2815455084,1450317.607083548,1449149.7884868323
T22000logg3.0,2365228.024482738,2317582.629562494,2275965.9183006603,2240550.4556384,2204012.213898203,2171539.9369524242,2143169.2646031794,2113982.1613332243,2087865.5366893762,2064693.6602168772,2041113.2767286154,2020037.6378357774,2001196.576589415,1982258.4140992882,1965374.7044596784,1950203.78739718,1935059.441039508,1921536.3565220349,1909331.203235194,1897131.7165804603,1886195.5893381047,1876256.2362584989,1866284.2946672784,1857387.5568500033,1849106.3082770864,1840841.8787555166,1833536.6717804505,1826532.1417474267,1819589.5919593174,1813483.7577089784,1807524.3634351946,1801630.8827797722,1796447.6984178387,1791356.4340983944,1786318.4750458586,1781888.4968041643,1777521.8456871014,1773184.6424858063,1769385.4467325849,1765613.2950434012,1761859.9311862201,1758589.8356207502,1755329.552224164,1752102.4438431354,1749306.6748607224,1746529.77177193,1743813.5985814189,1741487.6085694071,1739193.2074512914,1736988.5069411478,1735125.3732617323
T22000logg3.2,2702794.0900317156,2658661.733425634,2619847.8424731665,2586748.8491352657,2552350.9064789694,2521612.2696671365,2494746.445049758,2466907.518991004,2441840.9577667033,2419594.9309517317,2396743.148021672,2376145.17579503,2357694.604282069,2338921.411702346,2322000.432073889,2306736.2946105683,2291285.669007577,2277319.0287297317,2264639.2676869035,2251790.0057418426,2240110.6211574944,2229433.7293718015,2218572.2780808625,2208709.413189347,2199513.8473839867,2190189.308658666,2181787.008020791,2173706.4155554567,2165583.5618172144,2158308.5707125594,2151141.521171404,2143986.409102098,2137592.565247105,2131224.694602173,2124886.87477328,2119228.299528458,2113544.1967311655,2107889.266448008,2102840.900515033,2097736.9922959255,2092654.2977405498,2088119.4922193033,2083512.664176625,2078938.49073338,2074871.0350023496,2070722.0985246464,2066640.8310304796,2063020.3344923428,2059335.0101529218,2055743.1450810735,2052564.8472057434
T22000logg3.4,3371527.273374645,3330239.0262581315,3293653.2378796325,3262260.0247894283,3229391.857563096,3199813.2282004147,3173817.1807777174,3146689.87933526,3122086.995326799,3100127.862141274,3077391.8684168807,3056723.514715577,3038082.5103032114,3018938.3776124297,3001513.189452931,2985650.082073494,2969431.774784014,2954608.376476226,2941001.035633898,2927073.4568924205,2914270.0816080533,2902406.8601318137,2890234.5513448594,2879073.7550914846,2868474.7704561907,2857668.0881930445,2847841.1197921424,2838196.703153085,2828467.794769858,2819664.1001691595,2810832.307365748,2801987.3303429987,2793996.2913796823,2785890.0151495254,2777807.6933741737,2770504.309631085,2763038.289216915,2755607.199765353,2748891.700936332,2741970.577938975,2735093.2302904376,2728874.8504308024,2722427.9339212375,2716047.768065588,2710278.6761540794,2704270.915807654,2698368.978414275,2693026.5381443617,2687462.159312144,2682031.981523964,2677103.7905345266
T22000logg3.6,3384666.4387245504,3349288.3053545263,3317701.203356385,3290570.5249715326,3261930.5419422192,3236025.729862936,3213295.6776395943,3189402.914404953,3167635.353696995,3148255.546246178,3128025.783008841,3109542.474886649,3092910.511969597,3075669.3170946636,3059880.2176026367,3045545.503148285,3030742.0477317856,3017135.235889311,3004666.862463931,2991795.4951448897,2979899.3196330746,2968904.804432441,2957536.849239398,2947008.49795134,2937137.657995561,2926950.0025758427,2917567.4321298287,2908527.4122680426,2899279.9068077886,2890832.339825409,2882461.7168809543,2873991.787334853,2866311.157451309,2858543.889562525,2850755.1761360043,2843713.544544889,2836489.016732702,2829283.7171336883,2822770.6276200693,2816014.4243301735,2809297.0077122897,2803215.845007984,2796868.743235257,2790575.7672082502,2784876.180690195,2778898.9130538013,2773007.72188645,2767670.9148421516,2762050.9360730588,2756551.6650216514,2751558.8230923004
T22000logg3.8,3863773.7768963994,3832733.724261376,3804777.65041902,3780637.1493691853,3754941.1252597794,3731532.872619183,3710913.0303443195,3689077.2094994616,3669052.3772972752,3651161.490090391,3632340.123879696,3615024.1165787615,3599381.3590440676,3583023.5068299063,3567931.174716742,3554163.973894933,3539812.6627003145,3526520.2207906516,3514273.311861433,3501513.4301110287,3489633.3282172936,3478586.187682453,3467066.9077861765,3456321.5709275473,3446181.546450401,3435638.2842337484,3425858.380710002,3416372.101648291,3406610.3354385747,3397627.511677718,3388664.6640118975,3379556.7189455903,3371226.8983252933,3362747.699711517,3354216.3304450833,3346430.007019803,3338390.999194022,3330354.050465515,3323015.5975296255,3315355.268808579,3307728.763189806,3300749.2484570364,3293418.6737924167,3286143.558329424,3279473.1197139965,3272439.8608204,3265493.537276936,3259120.437240045,3252368.830565581,3245744.5395656694,3239654.0942295752
T22000logg4.0,4330695.080990823,4302544.16989082,4277058.906364318,4254936.451036019,4231305.416023646,4209699.619052718,4190590.9711592095,4170318.0087734936,4151670.7396989292,4134952.5317824823,4117341.692566054,4101089.4544271445,4086350.060415031,4070918.9854817768,4056634.242834588,4043535.5448975903,4029869.5893838378,4017161.1107790843,4005384.1472517615,3993103.9251329377,3981620.54291962,3970872.064936126,3959658.4610345485,3949173.124649231,3939165.647593752,3928781.759058481,3919147.2921757065,3909656.590166973,3899933.7151817107,3890980.2943882374,3881921.6051751324,3872750.7292980766,3864348.5253935214,3855695.8283427153,3847010.8405666263,3839067.939548321,3830782.0226011453,3822511.5087794354,3814934.1367073273,3806971.0187640386,3799042.2184433625,3791760.3374953894,3784063.3195498153,3776423.0762236747,3769397.661910685,3761928.9216761,3754556.5743967607,3747766.3791856864,3740523.348978457,3733414.1811288227,3726845.8855137625
T23000logg2.6,1215860.063037551,1154127.148582947,1100035.528855155,1053782.6851337217,1006664.2210489222,965397.6101878547,929621.7891685585,893915.6348616662,862885.1339438987,835716.0236255382,809247.2999865036,786535.4131540688,766480.8768858123,747419.285966248,731214.4149429504,716963.135465413,703639.7935275554,692429.7786050386,682651.3718464134,673643.9025619307,666169.9117739414,659726.6798006122,653878.7327878717,649134.1719638796,645086.1537442072,641488.3643795155,638657.2965608424,636310.0486900865,634279.5928340558,632761.2118270653,631603.7315957332,630662.6448496379,630019.4623110638,629702.7255778374,629513.9728019785,629465.6303221113,629734.6566924171,630060.3435850727,630433.0868612512,631121.3009536186,631808.9161590445,632500.0257394864,633494.8283030478,634463.3318568593,635415.8533149546,636671.9007245839,637897.4421867306,639107.1861246821,640625.4115623911,642120.5131828372,643589.7097383677
T23000logg2.8,1904817.1919611802,1849470.1980400514,1801208.6086528855,1759846.7326037039,1717556.36754884,1680213.7090182512,1647398.41120134,1614136.824943064,1584752.8261003213,1558434.3082588003,1532237.3864893452,1509175.6825009834,1488428.750580311,1468099.8603334865,1450293.0942660596,1434247.588238146,1418689.1276454634,1405085.3545361143,1392820.6765216114,1380966.4793887145,1370631.2018187158,1361231.2348776388,1352171.409553316,1344344.3977155322,1337056.7810292046,1330095.0393230172,1324114.3657977188,1318466.449820341,1313077.4838370155,1308444.5092935467,1304074.360984802,1299887.9283243732,1296247.840830877,1292846.5695053309,1289566.293992716,1286709.0768788648,1284041.3823331606,1281448.6401241869,1279210.5323315747,1277120.4555390186,1275081.5032684018,1273336.1038378333,1271727.9625041885,1270169.4665959114,1268862.3611361184,1267700.3726959769,1266603.570902022,1265732.564096899,1265013.5581840933,1264387.8155695922,1263949.8586151781
T23000logg3.0,2267236.749973066,2218354.0554331928,2175707.142938667,2139233.4984936067,2101788.4082244094,2068600.235334646,2039446.1729879742,2009658.0776636992,1983140.1068839002,1959398.6366762472,1935470.4300282225,1914183.721217998,1895000.6038862516,1875900.7557168845,1858948.467471661,1843601.168708779,1828431.9446216938,1814950.4091026245,1802703.9755767887,1790596.7749444046,1779834.4245750695,1769931.9834272554,1760144.565890562,1751504.0616801367,1743322.7625759505,1735298.6559686996,1728243.1907504546,1721422.976576859,1714745.7251212774,1708866.9575955018,1703140.7155500208,1697521.239108364,1692541.4399530096,1687679.3433804412,1682895.235447165,1678657.0988763066,1674481.0743473019,1670363.804538265,1666732.34875454,1663120.9037327082,1659562.90467504,1656428.2421265976,1653304.7086226742,1650247.1600841042,1647559.489214919,1644902.6968520368,1642329.6951898853,1640089.378160192,1637895.5223798559,1635815.92833217,1634012.8752422126
T23000logg3.2,2591210.5926838834,2546924.5288552954,2508205.347935416,2475113.582224774,2441030.53449154,2410746.6448178105,2384174.963503709,2356905.1007818296,2332522.9720102036,2310747.306767133,2288640.5146707846,2268861.068310943,2251046.0275862785,2233143.402590454,2217138.1936227498,2202627.5252181264,2188130.926181002,2175135.789878994,2163297.408579303,2151451.0684310673,2140809.454971657,2130984.1006141803,2121138.9104228048,2112354.6759304195,2103977.763006256,2095652.8571137788,2088268.3270753212,2081029.755934889,2073871.191814134,2067518.3739122828,2061220.2679489409,2054989.7076504454,2049439.6334928041,2043906.1571996335,2038429.8703882545,2033553.3440266524,2028641.6917806417,2023778.2040551559,2019458.1579274586,2015062.1366505746,2010713.9560580496,2006850.5576592004,2002899.0610317574,1999013.2930000518,1995556.4660242917,1992034.004501094,1988596.7995133675,1985546.6853646124,1982451.9222471938,1979473.3343910433,1976820.8359962597
T23000logg3.4,2925530.6355548496,2885420.059429006,2850219.772672463,2820137.9709590166,2789001.8658130947,2761239.113641187,2736905.490723683,2711796.524152068,2689244.441990576,2669145.812282213,2648589.7758805784,2630095.3957742713,2613454.9898481853,2596583.1340040853,2581395.9140629135,2567629.944760287,2553735.988451882,2541181.5161254965,2529738.048342271,2518157.2225154084,2507648.47202464,2497952.8834079267,2488111.7432206725,2479226.6304472988,2470766.663079515,2462242.622261345,2454597.6280317176,2447087.208061804,2439574.36661248,2432837.2037999206,2426125.748706462,2419424.0548413848,2413403.1113419845,2407353.391440859,2401324.7963761315,2395904.699186534,2390407.1750765415,2384930.153725209,2380010.776938456,2374971.8154428485,2369955.216366336,2365456.5751315737,2360802.0636469647,2356197.9369045547,2352064.0281050974,2347784.3260449935,2343579.4544384866,2339805.3873559074,2335902.5739850695,2332104.559770882,2328680.7823618613
T23000logg3.6,3293716.0114549547,3255984.361633707,3222607.8819687474,3193898.2301245118,3163962.8105875175,3137079.6093241405,3113381.8082879786,3088762.5379250385,3066488.219254828,3046527.784601987,3025963.6736078295,3007315.83743491,2990428.700293102,2973175.3135224376,2957515.271644944,2943201.1224789075,2928649.192369257,2915391.110287942,2903177.7539542955,2890750.641907788,2879403.877356612,2868781.456154627,2857982.7728353846,2848195.422905525,2838707.0324535966,2829164.822309764,2820572.7084546643,2811988.164924918,2803426.6302267886,2795724.42799642,2787917.087509178,2780159.516759092,2773169.359050332,2766028.1727404045,2758952.4403887945,2752572.4294446837,2745995.3671924314,2739489.5969167836,2733616.937335895,2727513.2872028383,2721485.8074201765,2716031.9076417694,2710327.7249031356,2704722.1122336863,2699628.6529434756,2694307.3972164607,2689102.4247473115,2684360.7217095913,2679418.3880729363,2674622.776724541,2670217.799843894
T23000logg3.8,3592787.8398634535,3560585.4228908783,3531938.176636598,3507284.764714988,3481397.0905883396,3458037.878225699,3437473.830302776,3415961.9570199754,3396403.7351399697,3378926.418138634,3360774.35829496,3344223.1621862394,3329275.28456164,3313859.9958896283,3299778.100493035,3286938.4908741326,3273750.196662852,3261649.810781161,3250529.7314334568,3239093.0628364384,3228547.8150296737,3218750.833518045,3208656.710760206,3199388.767675196,3190526.8400172777,3181467.931233932,3173225.199796655,3165060.645468723,3156811.2290811725,3149339.2269585067,3141774.7168048946,3134189.126937391,3127329.164790593,3120297.3272204553,3113280.1474234816,3106927.432877885,3100366.2551491866,3093824.0990220364,3087898.699253941,3081724.2177581727,3075573.711248096,3070000.1629371825,3064145.9809174216,3058338.266061429,3053065.0917397584,3047503.661271188,3042018.3551590205,3037025.361567649,3031754.371757817,3026586.7436496946,3021857.8439150793
T23000logg4.0,3938952.4768977873,3910720.5490394924,3885402.2486357503,3863519.5595263215,3840354.51158547,3819318.5844138367,3800749.639602496,3781189.2357319477,3763298.510140907,3747274.6882064203,3730511.189049352,3715125.7414333555,3701192.874540655,3686711.087298573,3673387.56823288,3661195.1324176723,3648573.1749345753,3636908.632999989,3626140.7426373716,3614988.112275771,3604626.011353804,3594965.7275076904,3584945.609146679,3575664.9021965857,3566785.3461656226,3557643.510801869,3549257.892300447,3540943.0054157753,3532495.371620374,3524795.957211367,3516972.481305631,3509102.0919468566,3501951.360698309,3494580.8054518853,3487212.39646164,3480515.8679633606,3473552.5007577725,3466606.0878715618,3460285.678890197,3453660.604663267,3447059.6428395836,3441045.951231036,3434694.292197766,3428388.012377302,3422633.207591745,3416520.9508411232,3410486.492702678,3404963.1917483513,3399088.242500916,3393316.5648093713,3388008.2929070257
T23000logg4.2,4459205.940711227,4433852.049791219,4410997.452080393,4391133.032294116,4370020.730500934,4350761.302989391,4333676.837741313,4315620.543598365,4299037.605040689,4284116.054542464,4268457.277853942,4254029.64259829,4240896.629814207,4227204.958526444,4214554.785775678,4202913.816247983,4190820.6665941174,4179591.3297990076,4169158.966281417,4158314.2271727575,4148212.889234342,4138677.1146646547,4128780.228098831,4119621.4714871286,4110681.7372424225,4101510.5187717094,4093095.3404773287,4084605.920697745,4076005.06575499,4068139.5965107437,4060060.454849311,4051938.0283857193,4044514.012263332,4036809.5926920143,4029106.0813496537,4022053.512699472,4014682.5257975115,4007331.2230780656,4000592.638642683,3993489.8807215556,3986424.8513948647,3979940.1534671225,3973045.7591718915,3966221.0261938493,3959934.0201060656,3953231.5328998184,3946625.365216857,3940514.4667903297,3934000.4559987998,3927615.4351621773,3921660.6446012333
T24000logg2.8,1900056.4123488509,1836413.9495193115,1780663.0072335296,1732372.110676528,1683053.6973510575,1639473.2048863312,1600796.201831389,1561788.243182503,1527431.05898169,1496210.1123510587,1465394.0297309991,1438298.3212796424,1413614.7437415458,1389598.624551967,1368566.0220921398,1349359.9042468863,1330888.5309467143,1314752.8076980081,1299993.7039093904,1285906.0269863927,1273706.9123491317,1262355.2963113075,1251651.9670507268,1242451.7816286446,1233736.1235748061,1225600.9256982794,1218584.2988058818,1211959.3850011386,1205772.7846718784,1200379.8608143148,1195340.0260522391,1190627.1659247852,1186470.1470797874,1182603.6464755447,1178974.850187256,1175769.1353702834,1172795.3402570772,1169985.863052554,1167504.9423709533,1165219.398020022,1163054.283492576,1161146.5398031313,1159416.0909001448,1157791.7093916347,1156377.400763003,1155145.7519868633,1154023.0651955323,1153086.758660495,1152350.5257080449,1151732.9083133016,1151261.5382981654
T24000logg3.0,2252172.707428246,2200273.34017029,2154974.84673988,2116065.9260078515,2076222.2869617017,2040964.0417232153,2009859.1128654769,1978230.7842180224,1950194.504722967,1924890.1632632571,1899576.637155594,1877140.4957501064,1856764.3322336883,1836623.2237745146,1818793.9442384809,1802536.605498334,1786580.3381694625,1772427.794257593,1759483.2188708556,1746781.6219826005,1735512.0834307126,1725058.459787679,1714813.319861007,1705773.5719543018,1697135.8650665253,1688740.055312908,1681335.1437675704,1674134.8326533134,1667145.4696880372,1660947.0192941362,1654896.8549678824,1649014.6575389302,1643734.2802730198,1638578.6404054142,1633556.7035139673,1629028.9269978965,1624581.9630751712,1620238.888904147,1616331.5525080713,1612467.7495951827,1608697.083702529,1605298.7880372219,1601950.129994767,1598694.1603060204,1595768.5399634975,1592907.1972518582,1590152.3376387535,1587699.8028690056,1585327.2119688047,1583087.8048371535,1581099.5308794763
T24000logg3.2,2422435.6155845984,2378594.256129139,2340460.646257098,2307943.4429253084,2274643.8433039966,2245208.730598452,2219419.1112754196,2193110.7519763447,2169740.7310234425,2148845.5039617093,2127793.2619604617,2109072.331835138,2092209.1792027848,2075382.4281345129,2060421.4365305624,2046876.4770027422,2033428.421825177,2021433.4494956555,2010542.7190015377,1999701.420579448,1990012.436884895,1981097.872767359,1972203.8029173529,1964297.8822857896,1956794.318251579,1949354.7366360456,1942764.23376908,1936355.008303367,1930013.3243180953,1924388.8050227496,1918859.9885001224,1913385.3895641228,1908496.3039012228,1903672.7714594216,1898888.1878496222,1894614.182784394,1890355.124734126,1886121.8435218502,1882355.4358374393,1878563.6094422739,1874796.5857165072,1871446.5079861332,1868060.5887072138,1864716.3031650186,1861743.9231767447,1858755.6979022373,1855828.0114424615,1853240.0578399478,1850653.5235126172,1848159.1913256152,1845947.6932993855
T24000logg3.4,2891895.0731063364,2850439.360787551,2814262.227964691,2783351.111765135,2751556.540420088,2723326.6412094682,2698530.767653336,2673085.532663231,2650339.3325922624,2629954.894752697,2609249.949703084,2590694.8718356164,2573929.409071857,2557039.7838442833,2541891.7278199354,2528115.5680133435,2514294.5471674814,2501843.678246415,2490465.4479418537,2479005.146011468,2468664.598347767,2459023.4075033553,2449307.8494953015,2440590.795398464,2432170.9737003404,2423754.414397547,2416213.086825335,2408764.454880108,2401333.181995519,2394664.122150228,2388002.724176544,2381360.87796982,2375374.7944134045,2369355.678418755,2363358.941586174,2357956.097641286,2352468.046920754,2347004.9042706387,2342093.086330905,2337044.498220791,2332038.3975827144,2327522.704943415,2322869.1939324606,2318278.1117539103,2314130.1552112945,2309863.4001076906,2305683.1505298424,2301906.070021402,2298033.326998332,2294288.4654026343,2290867.9497673884
T24000logg3.6,3077842.5643847287,3041076.188186441,3008838.2388850376,2981241.0444089957,2952710.981353328,2927273.7484215167,2904917.1752220816,2881859.6030814685,2861146.9863322936,2842608.3861581604,2823656.7336849254,2806588.403845055,2791168.724969912,2775529.384845348,2761429.630939997,2748597.825390161,2735637.0223118435,2723901.760254789,2713164.012461546,2702282.124198747,2692405.732969467,2683209.0776150892,2673879.403741548,2665470.0013598213,2657345.5590206436,2649180.1971066818,2641856.1700557983,2634573.4917072007,2627294.220579879,2620767.3835542602,2614184.6532240594,2607620.185826533,2601715.471746696,2595721.6718625342,2589750.9314024244,2584381.7765796515,2578876.8535932964,2573397.9184382777,2568474.628319731,2563374.369335205,2558311.181054478,2553746.38751577,2548998.0438502943,2544306.3380223727,2540062.7482336983,2535654.9043937344,2531323.358775519,2527399.8634237563,2523332.3238769504,2519377.2929090117,2515757.232906205
T24000logg3.8,3396569.3423336903,3363890.2876485214,3335082.58255237,3310346.0369135384,3284635.492213764,3261606.44210155,3241329.097076615,3220310.123385378,3201337.706098182,3184341.7679202636,3166862.678743536,3151036.4643362574,3136716.5833048946,3122093.9137512995,3108832.144051455,3096732.411134843,3084423.728623151,3073208.4900419856,3062913.2931657415,3052408.611627522,3042817.879503761,3033851.031986616,3024702.3570839404,3016416.7545589465,3008365.93593175,3000240.628404701,2992924.719186142,2985598.955886233,2978256.843424729,2971648.5660740407,2964940.474968384,2958235.6134426803,2952183.8142901566,2946003.3219279298,2939832.87311953,2934267.1987197017,2928522.177527397,2922795.295192714,2917633.4143293533,2912244.652404098,2906888.9531573467,2902044.408105628,2896959.8447439186,2891929.3552516038,2887362.1890211115,2882564.24013203,2877842.2588048945,2873543.6097360533,2869027.578472065,2864626.509566908,2860572.5507125664
T24000logg4.0,3712884.062926383,3683682.6862325026,3657752.4316685847,3635381.6891820366,3611971.093471434,3590877.6033289046,3572246.417744605,3552819.540113925,3535183.2047431893,3519349.295892281,3502960.7930426123,3488034.0103993546,3474487.4049699744,3460562.5204337803,3447854.8677683924,3436213.585253938,3424294.997903545,3413367.76990313,3403287.4714052947,3392947.0111961775,3383455.883260648,3374529.6408467977,3365389.9223284097,3357079.479793924,3348944.1845323658,3340720.283708446,3333291.065188756,3325794.259191042,3318279.0301676,3311498.5843504537,3304556.104573034,3297624.9822674664,3291359.2157251006,3284900.491576704,3278465.921800794,3272648.2124074185,3266595.765242599,3260575.7998180483,3255130.772653607,3249408.529744047,3243732.262007812,3238577.091654408,3233130.7469090777,3227748.9435808854,3222837.717922266,3217645.32098524,3212535.140816846,3207851.356841907,3202903.5834761844,3198073.2596100736,3193588.8956278875
T24000logg4.2,4031672.2339070556,4006450.3963586497,3983872.126162037,3964307.645543619,3943672.654834888,3924961.9485648596,3908394.550293691,3891005.9309528945,3875128.407219816,3860856.2111877613,3845983.7323962892,3832359.8537438633,3819973.3139886833,3807151.1990020056,3795376.9047919055,3784563.6917749485,3773412.5025731106,3763122.570500496,3753598.694580828,3743762.816000603,3734664.0261630034,3726100.232470339,3717266.2424778957,3709160.746312722,3701240.6374395904,3693170.692545439,3685830.2153789243,3678406.101284883,3670929.7123606773,3664147.670349694,3657165.5730134575,3650179.952916351,3643835.121952107,3637252.60761319,3630688.4920689887,3624717.2336609107,3618472.78517536,3612256.496430417,3606591.280875785,3600618.586478755,3594682.3768080953,3589258.3999426262,3583496.14829737,3577793.326936819,3572557.4610151863,3566987.4477614374,3561494.893862714,3556430.595515372,3551043.7432184555,3545765.1901915288,3540849.239229779
T24000logg4.4,4310157.008923827,4288222.146674328,4268527.145692571,4251386.671994798,4233285.301219613,4216839.465077049,4202230.018742207,4186888.52555143,4172861.599139022,4160212.4531877115,4147026.7118534083,4134932.691093117,4123897.8198017096,4112468.8880291022,4101954.713157278,4092265.902374321,4082261.4132959866,4073008.4868169124,4064413.1011337177,4055520.6239693835,4047322.0622560326,4039481.930557416,4031428.966634859,4024092.771512889,4016756.310159958,4009338.86273943,4002603.298718174,3995712.802195216,3988788.197383568,3982487.6411930895,3975992.4333033855,3969476.58944478,3963543.829798124,3957373.9760218337,3951205.056654391,3945585.9293594165,3939691.491057642,3933811.4764103154,3928448.6841866653,3922761.4234765107,3917110.9859047597,3911927.3704276993,3906405.9016949916,3900938.8244940885,3895892.018046796,3890512.5665712347,3885208.404955185,3880274.0039856364,3875026.351355006,3869900.440727501,3865041.754205804
T25000logg2.8,1486312.2986031927,1421226.8929270487,1364136.2978929977,1314355.550214389,1263814.036551536,1219378.812282361,1179762.272588045,1140265.6105483293,1105783.020679275,1074280.5951780619,1043635.7664862722,1016943.3494840745,992498.8624652626,969089.6363175003,948782.1994261348,930169.003523687,912591.4659123699,897422.6939822548,883504.979011362,870546.7603756278,859488.418967775,849233.6673284314,839864.6854204863,831902.579300591,824521.7582288113,817857.7908328188,812153.313094876,806970.179737796,802329.2778708317,798276.5429354027,794702.7359614314,791537.376179311,788715.8271671155,786315.4586083542,784190.2770770233,782297.9672378404,780748.2683744269,779381.4526148195,778168.1378555023,777249.5669741062,776452.2112242724,775760.5924103159,775335.6847827351,774996.8602214272,774737.3387129119,774740.8788806637,774816.6827528555,774973.8962844844,775393.958243226,775872.1772956481,776438.0233169752
T25000logg3.0,2041304.6135316058,1984381.2802109881,1934672.6178022411,1891848.1524780646,1848145.8463195034,1809596.3743647872,1775536.2950095742,1741137.5128282856,1710848.9459063685,1683386.4440373555,1656181.9573302907,1632207.665476475,1610376.8279858564,1588983.4451337948,1570139.9414922234,1552917.5651640575,1536163.5297315072,1521379.7490295966,1507844.3823512606,1494705.3930661068,1483140.4350798803,1472384.3997109423,1461994.8008799052,1452888.608705765,1444203.8982021594,1435876.9456679567,1428544.0299486322,1421495.113605541,1414727.811157955,1408706.9242440893,1402934.006489349,1397382.7423119438,1392371.456095991,1387572.850094152,1382947.2099032023,1378752.541860655,1374724.0288170015,1370822.2385588163,1367292.4416886638,1363887.6376193182,1360589.2017413618,1357601.0855394083,1354738.599403719,1351973.3802045593,1349481.0709956142,1347124.2047976055,1344871.921480537,1342871.239525954,1341023.8122643246,1339298.7999076648,1337779.864648225
T25000logg3.2,2245227.950539592,2200404.9984317413,2161455.110438095,2128117.237543757,2094126.3969382874,2064175.9167086082,2037839.3213197489,2011160.5111183769,1987616.4293232583,1966403.0940830067,1945250.9334916146,1926547.9625443208,1909600.9474230402,1892850.274682476,1878028.835716268,1864537.7222249173,1851267.5088269683,1839483.8585480414,1828737.253840118,1818147.3150626456,1808746.5691296451,1800026.5375046802,1791439.9400467586,1783857.7392545196,1776595.8948494087,1769494.8159659188,1763214.6697948393,1757099.9438861466,1751115.8896658455,1745792.490079204,1740582.8600693096,1735476.0237258743,1730887.5220123976,1726380.9524541402,1721953.0967894255,1717970.869869981,1714028.2258683182,1710139.8095751507,1706658.5713745514,1703175.724010353,1699745.4742581714,1696666.7961009685,1693595.9925128475,1690580.9878287371,1687880.9152773377,1685206.4393499994,1682602.6136164754,1680287.903749939,1678019.9014009435,1675849.9415095155,1673913.4625616048
T25000logg3.4,2715681.9844426895,2674895.194037546,2639433.9692186657,2609130.312094793,2578129.2971665612,2550730.9167323513,2526650.8843520074,2502103.194846466,2480311.6136619807,2460696.8792159343,2440949.896268977,2423355.443916763,2407406.6979346653,2391457.014103283,2377211.1590083702,2364230.5005810475,2351284.08357396,2339660.2575753387,2329032.8453476382,2318386.974207737,2308811.475928091,2299887.404594889,2290937.3030799655,2282923.2993601095,2275189.465036469,2267486.4448434035,2260582.6312749553,2253785.7823043177,2247018.348809746,2240928.6800304796,2234878.6011255262,2228854.5484601995,2223398.3158085113,2217942.576322401,2212510.904155037,2207595.5624159668,2202629.7103399835,2197683.7270903313,2193223.676043643,2188663.1693812734,2184137.519925121,2180041.372293031,2175853.116395459,2171712.9032591977,2167962.2152558966,2164139.186746691,2160384.301470466,2156984.787385741,2153536.781324264,2150190.808460837,2147129.5868593203
T25000logg3.6,3005418.981172928,2968722.22782713,2936716.5373770655,2909370.3299392248,2881272.7208195766,2856356.664177593,2834484.3281990997,2812075.199755995,2792088.028649799,2774167.503585303,2755998.4434088496,2739732.905835039,2725032.8913640967,2710221.158131927,2696928.6089617503,2684842.0395870986,2672692.837408699,2661728.558422361,2651720.798041379,2641605.107480327,2632450.24535262,2623928.7480580737,2615295.039028824,2607520.696666022,2600007.6574632404,2592452.428223074,2585663.8400914813,2578924.6586418073,2572170.231658898,2566092.0947165503,2559978.247500017,2553861.8998996094,2548326.302854867,2542728.084849815,2537130.2197510162,2532060.368555363,2526890.709862532,2521718.7166506946,2517044.864415507,2512225.866853804,2507419.5428192457,2503058.776487068,2498555.92225064,2494082.34079948,2490014.8388111885,2485821.4271912547,2481680.0354968924,2477909.6737594665,2474034.8520709937,2470250.5306972563,2466763.516963123
T25000logg3.8,3220897.8086237786,3187954.3506965204,3159095.8736946993,3134355.2814954044,3108843.0406814194,3086136.8402678072,3066156.7263415945,3045614.129198659,3027209.3775307992,3010695.7948546764,2993872.64683054,2978746.6776716243,2965053.384490663,2951192.710322588,2938702.6581036816,2927321.903546367,2915835.344191919,2905431.4103008523,2895913.0124525195,2886260.754207639,2877527.715912112,2869329.5996392337,2861032.4792702347,2853586.5525226546,2846304.1320196474,2839007.6892028432,2832466.4129764573,2825923.791764652,2819379.818858067,2813494.8314653444,2807554.5671596634,2801610.101680346,2796254.5248853057,2790797.0746433977,2785342.287995118,2780438.506999179,2775383.7609645827,2770335.555390464,2765803.212832628,2761071.3627525046,2756364.9802397033,2752114.94702032,2747667.3474159185,2743260.711769459,2739265.7072243122,2735088.163886845,2730973.6334561747,2727225.123719891,2723319.093837829,2719516.0303549254,2715989.2170845927
T25000logg4.0,3529954.7600614903,3501047.238133026,3475586.9525368214,3453676.5593263996,3430959.159180179,3410638.2669781204,3392707.7830446945,3374175.170965248,3357482.7057939996,3342480.629617347,3327102.7752843974,3313201.2867930313,3300581.304413929,3287725.430468981,3276072.496653954,3265418.886335406,3254595.581692392,3244733.7886294927,3235673.621676761,3226430.0540253464,3218030.5408815807,3210085.1110015046,3202014.183923084,3194749.006229502,3187575.821322264,3180374.2365252036,3173898.1934177196,3167365.6783355917,3160822.3659415683,3154919.12781894,3148917.288427342,3142904.564770457,3137475.019970392,3131900.9039486465,3126328.702786046,3121307.8303642482,3116092.747052001,3110889.0964374905,3106197.287152013,3101273.279815032,3096376.076055179,3091933.0970361023,3087256.072876701,3082620.7280257703,3078394.6722782003,3073947.184946614,3069562.5919206934,3065536.9854535894,3061315.7494102814,3057199.395437323,3053342.124713319
T25000logg4.2,4102818.333854982,4075765.731970273,4051820.2301145648,4030917.072427834,4009245.7229693807,3989783.6057315986,3972339.6549840826,3954340.586175779,3938059.191119102,3923198.013384888,3907990.4174978416,3894197.396747186,3881433.31454052,3868476.323413925,3856683.773617208,3845686.1424424443,3834553.909931506,3824509.3002521778,3814799.809122358,3805086.5206894446,3796387.9241253156,3787642.683077137,3778981.3735922645,3771167.243559818,3763251.6447856207,3755373.9786865963,3748250.118883201,3740937.9607260004,3733667.7157215844,3727061.3953290945,3720232.950150218,3713443.167895593,3707285.4913217714,3700854.7228295705,3694492.9919749973,3688694.3407140216,3682613.412374864,3676616.800187144,3671099.366024607,3665310.7612781865,3659609.3036729256,3654315.3068162473,3648769.462063935,3643349.3747147806,3638215.207604025,3632892.708936505,3627768.0335570998,3622748.6044649184,3617647.7472278886,3612796.3867119043,3607886.46929989
T26000logg2.8,982357.6889152107,929178.9498805972,882321.9022957854,841308.9873468654,799781.3835437759,763390.7419330729,731015.4044552147,699026.1486515749,671306.7811277517,646134.1076897365,621943.4365363135,601108.8817099322,582136.3851694366,564262.9310994422,549000.2271964708,535108.7512295777,522303.8043418573,511529.9022240046,501756.3778142256,493006.2818006322,485823.762650639,479335.87918761646,473759.9334070617,469297.57318218116,465384.98954695737,462189.1538360235,459698.14343958534,457706.7843828514,456243.8632540628,455165.8697450929,454558.485442364,454329.221887608,454280.0278571111,454651.2513704379,455265.8887470158,455939.0869235853,456974.3534548546,458149.1802352474,459309.38909663196,460782.60257142,462322.5710518502,463814.223994222,465581.3408697477,467371.8633149309,469095.1080125028,471080.0582804476,473058.75950293295,474985.2801031512,477161.46603208315,479311.7048731323,481445.45668333163
T26000logg3.0,2149423.6240695654,2084053.2306592516,2026944.7381938312,1976882.4507426107,1926179.6504967725,1881583.154742834,1841283.3636036012,1801055.667777943,1765686.5572697169,1732930.5998594407,1700820.3512079548,1672520.133977775,1646149.6897528965,1620577.05491518,1597996.4675069377,1576859.7128990896,1556525.9522840886,1538635.1776893118,1521623.4036425475,1505471.5896960455,1491300.3812256102,1477633.845006735,1464795.9019634938,1453437.6757429605,1442508.3579459942,1432247.7028002026,1423095.657043945,1414259.3760062356,1406041.6219407516,1398536.5288930635,1391357.9187818298,1384658.864520072,1378509.5421641187,1372627.4822979947,1367106.6868497452,1362009.8690555585,1357134.3281844985,1352533.2659187824,1348260.1470251482,1344185.9786740388,1340325.334359231,1336741.7194805827,1333332.4838401778,1330117.5454376144,1327139.0811794691,1324338.8462762472,1321732.0286061987,1319315.476549427,1317114.559245449,1315081.3377518398,1313214.799633036
T26000logg3.2,2284719.0065489896,2232194.577189712,2186412.193476656,2146506.942995719,2106101.986729937,2070592.1015289053,2038717.7098297703,2006859.1205742052,1978844.7201514533,1953115.2162052162,1927821.6871427821,1905538.4880704002,1884893.1437077394,1864800.9660819927,1847051.1575492818,1830520.8599542857,1814520.979983529,1800444.7171815764,1787061.5286630813,1774240.431607774,1762995.7967268692,1752048.3754928615,1741637.1967648263,1732412.0154366917,1723401.395738788,1714791.620445362,1707106.5541661968,1699520.7091194938,1692303.3356423103,1685738.596836203,1679263.8434027329,1673073.8372504578,1667425.3517613416,1661826.1903329873,1656449.6698608994,1651517.439771921,1646619.2876293676,1641900.2016156584,1637533.838096184,1633211.7599432296,1629034.7808364378,1625157.0884483666,1621328.844617657,1617649.2574048336,1614216.6551767746,1610862.1956818905,1607684.802758133,1604681.3191230735,1601817.8331968938,1599132.5398434105,1596568.5573618058
T26000logg3.4,2739286.66006503,2693031.5666534547,2652794.766146772,2617872.851151167,2582458.5231406544,2551298.806864143,2523406.945215369,2495389.4752462856,2470656.6969970753,2447997.0499752536,2425543.66828541,2405647.696139291,2387238.967534793,2369130.908390765,2353005.9903134014,2337998.349053935,2323270.690659416,2310178.3351498703,2297732.66682223,2285596.2400922608,2274842.4514627787,2264301.6101002907,2254089.221408829,2244958.377844097,2235913.6830142355,2227114.062856316,2219187.9321224103,2211246.1257343837,2203536.3628829177,2196479.692314678,2189395.410972152,2182494.5626763077,2176155.632910873,2169765.1112354323,2163523.83887663,2157757.6274559437,2151936.6773379412,2146240.1366496356,2140927.182525047,2135577.6325466647,2130331.2976460787,2125411.505765792,2120469.791163134,2115645.142753974,2111086.624280672,2106544.5838681236,2102163.139485475,2097957.6661711605,2093844.3323011666,2089911.6172609867,2086072.6440351245
T26000logg3.6,2973843.169163207,2935226.7570948494,2901588.1068536346,2872658.670803232,2843120.8192386366,2817030.691350559,2793965.216940919,2770556.31871603,2749813.774193422,2731028.7954833466,2712209.4602540173,2695463.458766121,2680168.9727793885,2664935.175935778,2651321.389126119,2638822.739859572,2626390.463609297,2615224.953436018,2604900.6567147537,2594590.4835459404,2585357.168253963,2576526.8763360903,2567745.1494241166,2559893.565903996,2552124.124931037,2544433.825547183,2537511.847272889,2530581.351262032,2523705.749574836,2517466.4820220345,2511166.4878411507,2504921.952763063,2499218.3520805915,2493428.2752081626,2487680.81667185,2482448.697590463,2477080.0539700687,2471760.3455871195,2466897.676408559,2461892.916473544,2456939.8966803644,2452387.597556266,2447708.6745723854,2443091.103367737,2438830.3165166974,2434478.1396984644,2430215.7417763686,2426254.667835697,2422245.534450216,2418362.033643907,2414684.9337185053
T26000logg3.8,3282180.3111370597,3247549.6963558523,3217242.5550711225,3190888.4794885283,3163967.1351575833,3140113.3490535277,3118772.256000158,3097138.5299663064,3077869.562574749,3060290.4466924598,3042660.2487187176,3026912.779336064,3012369.7466621283,2997897.169788608,2984919.7248184513,2972853.8584495587,2960877.1961088344,2950220.0382382516,2939978.399974673,2929915.7283736253,2921001.106784386,2912126.3010287276,2903457.5839431505,2895703.370271647,2887912.677365821,2880253.997705842,2873363.363038386,2866345.2539438647,2859445.8489262164,2853178.8477354385,2846758.1420922456,2840427.101838659,2834676.533298851,2828739.0320852874,2822893.532260643,2817546.6483096164,2812017.4257638813,2806576.9133588243,2801550.6515743337,2796360.231325832,2791250.627481248,2786494.4946536114,2781591.1535998145,2776806.119297373,2772269.491749291,2767650.3532161717,2763202.4779382534,2758864.5435815034,2754539.931002919,2750423.853284657,2746294.71266026
T26000logg4.0,3700484.6286848155,3669670.4509108653,3642633.399020008,3619315.030635414,3595281.3234189064,3573871.7052312014,3554911.425004239,3535447.9305156916,3518002.1008118684,3502240.6719853412,3486207.4787270357,3471778.569955125,3458598.605635211,3445268.0515709925,3433217.9069152074,3422146.316113887,3410959.822295873,3400809.7318166364,3391389.483904932,3381844.401572766,3373231.9960701196,3364926.2979553333,3356570.624275757,3349067.1756073814,3341561.1659857696,3334062.499445985,3327304.230662364,3320448.944256925,3313591.601885312,3307383.768620411,3301026.792065971,3294674.771722869,3288911.2323981966,3282960.450812753,3277018.417001362,3271651.8858598955,3266041.5814371672,3260462.0377851636,3255395.0361650577,3250078.1177749257,3244801.398214717,3239976.177151249,3234912.3983898386,3229902.1779251406,3225289.9738371433,3220468.390003889,3215736.7982835444,3211322.580223025,3206741.139180677,3202298.1953121386,3198047.856966434
T26000logg4.2,3662668.257107351,3636925.629242983,3614225.5759042585,3594546.14567329,3574208.0142970025,3556036.182898622,3539882.862941887,3523281.356972525,3508351.447133879,3494854.411201842,3481093.7860955256,3468684.6581909414,3457316.743604703,3445807.6222839383,3435386.467519611,3425780.056035697,3416071.8104285034,3407287.6113008913,3399048.797106519,3390743.075221351,3383319.2558973385,3376014.1096334034,3368748.073683113,3362258.1468297774,3355710.285029079,3349207.1508950125,3343359.96375675,3337423.761101724,3331498.1647824435,3326149.33320562,3320660.112690456,3315184.6605796386,3310242.1634987034,3305115.731282848,3300011.302601621,3295405.925396537,3290581.726552854,3285791.638346482,3281436.7403734075,3276850.939855716,3272305.639643079,3268133.518311343,3263747.2581033525,3259407.699606042,3255385.0627284534,3251171.580963682,3247054.096584901,3243144.966516282,3239105.283180271,3235212.1297947215,3231387.196210137
T26000logg4.4,3877278.5941370768,3854851.6628357004,3834986.5989831127,3817737.030910331,3799820.5740510123,3783745.113524053,3769452.4078226406,3754684.842698793,3741344.4282490946,3729295.3106198744,3716936.1123364437,3705742.374854516,3695495.3613472637,3685058.1526629645,3675567.445966626,3666827.5303443675,3657940.0489851404,3649863.069572502,3642298.6793922507,3634623.7259373656,3627740.4718158087,3620969.277303965,3614198.2189945756,3608139.245999192,3602020.150902111,3595917.113067028,3590428.747470641,3584842.555591672,3579247.4909590953,3574204.8534801556,3569015.205799211,3563823.1219091206,3559144.2153772884,3554281.0053703235,3549422.532366713,3545052.1903864867,3540459.7309623007,3535886.558381946,3531741.6447955635,3527362.1996650244,3523009.1986392136,3519025.3661860605,3514817.8763484927,3510644.594200956,3506786.460771554,3502719.1202331358,3498735.406786386,3494961.0747702206,3491026.268463922,3487232.089390919,3483502.4150851564
T27000logg3.0,1285502.2685327765,1235087.5617239522,1190147.1660533096,1149993.193346072,1111426.4775920983,1076217.8661738113,1044728.5997598903,1014699.0417643908,987108.4707892619,962448.7332432056,939187.0150658063,917722.1943857119,898573.6881005132,880767.6534249918,864173.0352657229,849470.9580147071,835993.5800329269,823354.6343592969,812243.5134323564,802161.6029835208,792845.2436044434,784618.4245968594,777249.0281643784,770509.6820654752,764565.1640476143,759256.3206509505,754452.60942015,750223.5363519833,746462.3867644703,743122.1912672882,740206.5998869049,737635.3884619804,735410.5509387439,733498.9389323962,731821.8101839038,730424.7464157967,729258.668189625,728231.729336568,727453.9164863422,726834.9797321269,726308.1055340262,726005.9906697135,725813.6604025873,725693.3613281943,725780.3856515861,725954.706061377,726207.4513515154,726663.1103215192,727196.69792584,727822.5670746884,728637.1672402315
T27000logg3.2,913663.7033637085,880539.8293031168,850923.1261170084,825096.8007254673,800919.2064094492,778969.86195363,759662.0273675309,741689.4056769746,725223.3679472352,710745.074711502,697513.1225187615,685190.4414168486,674424.5883978354,664681.9431304324,655613.6104471143,647683.4046673551,640563.7910488428,634023.0995222689,628268.0808629491,623179.3630489352,618591.876233486,614601.1682637633,611119.9312156766,608062.1106666647,605438.1148970317,603190.9581993516,601284.3740870605,599697.398715223,598377.1297558405,597324.5922300462,596510.4770501901,595874.3777835879,595465.8409485174,595236.5946803807,595141.2159491209,595236.8500800256,595468.0781509386,595808.1776072109,596303.7544603177,596910.716307434,597600.1947069324,598402.4200214486,599299.132102748,600244.4847420993,601253.3117932901,602362.6676915096,603505.9459643534,604682.8128806773,605991.3798242151,607333.5151372864,608701.4085358622
T27000logg3.4,2595550.774750866,2547285.423423783,2505330.436324987,2468789.1071305396,2431907.566885033,2399596.2748236232,2370580.828037606,2341680.413085463,2316324.7904982227,2293028.3731672945,2270162.3598825717,2250011.5368475537,2231306.5916055758,2213060.6501288246,2196878.006564296,2181748.722216198,2167017.4869906744,2153988.289189088,2141492.3379114694,2129429.6068410864,2118761.038069403,2108260.212108016,2098163.0163080865,2089117.4512518959,2080157.0984482903,2071493.1351235046,2063643.3677462698,2055789.8071179313,2048217.4546956387,2041232.5984728523,2034248.1457439088,2027480.5181785584,2021230.716407275,2014945.0971440824,2008840.6576569914,2003167.144136801,1997456.9606639943,1991897.3009307478,1986688.518601079,1981461.213320771,1976357.9175835834,1971562.5221167526,1966755.2201817345,1962097.9781914037,1957676.195947983,1953299.549990609,1949096.8683230216,1945051.7261326485,1941130.0203301408,1937394.5683540436,1933748.387917479
T27000logg3.6,2780175.366547428,2745025.235025622,2714694.734479601,2687569.8858778067,2661116.4075633953,2637671.2602902823,2616438.480227484,2595739.1908560367,2577082.1705602873,2560166.7913738587,2543713.75896208,2528772.980714102,2515152.9991119965,2501900.6744562727,2489777.857216714,2478668.374127745,2467841.932924728,2457898.3473004154,2448726.950760487,2439745.4474189985,2431440.682732893,2423694.1039993875,2416068.684355232,2408880.7707407665,2402128.2927148305,2395483.3343722303,2389051.8120096354,2382993.498337054,2377075.5718611036,2371188.325675259,2365666.049239345,2360314.757177727,2354874.319420593,2349807.52826792,2344917.2965169107,2339871.5318346424,2335189.0184145304,2330685.5314208115,2325991.1402156865,2321624.807929885,2317434.1138220965,2313042.7607754646,2308940.579570978,2305026.9734303774,2300920.7886373745,2297095.6025491375,2293468.1935927793,2289683.7739949212,2286175.4862991287,2282860.3542099157,2279416.12970215
T27000logg3.8,3093655.852660617,3057983.040231038,3026849.1678476944,2999742.4308127444,2972195.4932579966,2947902.370353523,2926129.30738683,2904220.7984268093,2884818.7815967854,2867089.9144254,2849453.368588599,2833779.86444476,2819286.645919363,2804964.75817703,2792181.681550074,2780256.994197563,2768503.6164851235,2758096.515068981,2748042.0395662636,2738242.626252602,2729566.772259511,2720953.1177132525,2712572.1259355457,2705077.365065434,2697556.36153626,2690197.586134102,2683559.613989523,2676814.716377875,2670213.364162938,2664195.098430573,2658042.190623232,2651995.2484661387,2646485.395674491,2640818.0978588695,2635246.492596134,2630129.869508254,2624866.0341787073,2619688.1134772985,2614888.1419164925,2609959.941506977,2605109.87126969,2600576.428130001,2595935.26737701,2591418.3172276113,2587100.89353579,2582753.0603044042,2578567.0544371433,2574462.808478335,2570411.283032971,2566558.1295493105,2562677.7593437065
T27000logg4.0,3419495.8754601604,3389162.8162416373,3362637.7856310196,3339743.40683714,3316284.6778312554,3295493.566061072,3277057.87795061,3258282.17355194,3241562.976184065,3226425.241097584,3211165.403101871,3197515.0326998574,3185019.7272582175,3172483.1186403134,3161200.759383961,3150818.462664169,3140398.040440045,3130988.624601044,3122221.7793409666,3113402.98367088,3105485.7317156857,3097800.1964199576,3090123.6248243237,3083236.7717024283,3076330.253319463,3069455.728101463,3063242.0645383373,3056951.1188739804,3050670.124007656,3044949.501495206,3039109.8999751,3033286.851482767,3027961.7232918586,3022485.8959271256,3017024.88861755,3012049.206573935,3006879.6565245413,3001737.721049547,2997027.3992682043,2992114.2579815607,2987236.6727564614,2982736.600263928,2978052.555791939,2973411.479683513,2969102.370269929,2964636.866138043,2960255.8869832843,2956125.830487345,2951889.1563492483,2947776.5754811023,2943802.8587437556
T27000logg4.2,3608477.230609917,3582433.16595087,3559573.3017540965,3539810.0125864777,3519470.8596624704,3501373.173149959,3485314.0126909884,3468876.2316094227,3454161.4932341496,3440862.9445447484,3427364.1467298716,3415231.467506116,3404130.03829177,3392919.5775179286,3382786.176628835,3373465.0859918394,3364051.872478057,3355533.206140985,3347574.8638547854,3339536.693410064,3332332.017732881,3325280.7801542426,3318233.6295219515,3311920.763006768,3305561.588306527,3299219.050894834,3293499.85781324,3287689.5390856955,3281873.142854913,3276594.782022446,3271188.3468755246,3265778.7475144407,3260861.6158316494,3255782.0258393595,3250703.7335966346,3246097.6669817497,3241295.1628911397,3236506.9825302977,3232134.3231945895,3227557.856181873,3223003.5891225412,3218808.0788811273,3214428.269424123,3210078.26079805,3206038.4954001894,3201833.615221435,3197708.4132212596,3193796.3466469483,3189771.944802853,3185873.083713869,3182060.817002263
T27000logg4.4,3851639.896144423,3829156.1018236442,3809342.6728853527,3792046.2102220235,3774244.71608028,3758360.3564028004,3744133.4462433625,3729587.1003588233,3716529.371017018,3704623.857600067,3692550.8703452195,3681671.2059701164,3671617.225186437,3661479.3899388444,3652310.3382660025,3643749.125519447,3635139.96622027,3627449.2140489747,3619950.872954767,3612518.519042068,3605894.2128767516,3599237.330391259,3592657.844487359,3586741.903184791,3580744.974336435,3574777.477583728,3569384.990007862,3563851.6233128314,3558340.510597406,3553336.40860507,3548148.286763214,3542981.333465025,3538296.9971201452,3533402.123007351,3528544.3055046247,3524107.485702187,3519461.8308708486,3514859.311968958,3510611.0404362646,3506167.4338539415,3501769.637276334,3497653.820171601,3493369.510633089,3489178.7146801166,3485133.321885678,3480999.040151461,3477010.036697984,3473017.651966546,3469022.6611553133,3465221.436255428,3461282.698879282
T28000logg3.0,1209725.7445002182,1150934.0195664011,1099119.9459192245,1052969.444714888,1006436.3478109564,965663.3548879739,928359.4171957514,891688.3225509634,859679.798308157,829900.7163492842,801218.946621849,776236.9393170966,752804.485942331,730607.3871844485,711366.3506298795,693156.716619587,676230.1502773063,661726.7665936612,647796.8573241113,635186.0663290451,624393.2231216276,614149.2696787681,605020.1403589357,597187.0520158374,589842.3937147771,583423.5978206444,577814.9442263027,572675.4632263377,568268.5682847102,564350.2394747452,560881.1448172632,557953.7469548117,555350.7378379222,553131.7571687943,551293.4234292302,549657.0729649935,548332.4234164376,547266.9712868724,546329.9791968099,545641.0032284168,545133.077142497,544705.6660049332,544491.1093659974,544401.7749815831,544366.5752274462,544540.1116065508,544784.112292551,545121.023135449,545648.3166276934,546228.3050591485,546925.0066058104
T28000logg3.2,1768019.8961593537,1712648.187303368,1664239.4444424068,1621663.8437176142,1578734.3869157548,1541157.3171701815,1507147.4235064117,1473512.2226827305,1444146.3128636796,1416937.458949281,1390524.0705323895,1367385.4775451783,1345769.4997077808,1324965.1846747966,1306651.0037960466,1289440.6323443495,1272978.360512738,1258536.7002258496,1244709.485053336,1231673.745330359,1220234.4388576378,1209161.6948795759,1198810.475844247,1189618.9041669955,1180738.2275150702,1172440.7897783448,1164961.906030628,1157716.6468652443,1151004.557034084,1144799.9338916151,1138850.791276203,1133315.73290061,1128174.8038713045,1123250.4261948948,1118638.5669364373,1114322.1134188017,1110198.698918125,1106307.369997116,1102642.9386653816,1099160.8779157726,1095852.908631569,1092744.8346065136,1089799.5211220467,1087015.9149712422,1084395.8267039536,1081961.294964594,1079673.6394661965,1077531.0546450038,1075609.701241154,1073816.7836200777,1072168.355935329
T28000logg3.4,2308666.2535562557,2258993.898561441,2215601.5035558543,2177315.5808539167,2138761.535579976,2105091.324019464,2074305.3308860278,2043960.595552079,2017375.864945732,1992710.3008490163,1968690.321155172,1947556.2599906952,1927718.757285763,1908534.243262241,1891601.016256987,1875434.2649785879,1859913.0078355512,1846259.6521940436,1832857.7527471653,1820152.1909769783,1808866.8917898368,1797737.5405988384,1787160.193283526,1777669.995733428,1768191.1139666226,1759214.6852812394,1750976.8230447795,1742753.7252424255,1734939.0858111142,1727675.6028594556,1720435.7577520378,1713512.4384607137,1707047.0079120041,1700593.471698901,1694398.2801926492,1688567.3882492671,1682757.1315270925,1677155.795303271,1671863.0232897347,1666586.9428959512,1661512.3709952496,1656664.3401655976,1651872.1979570212,1647292.213242706,1642848.2032605128,1638530.1231429004,1634426.0995194942,1630406.5894256704,1626561.4817264676,1622960.152722245,1619376.514140896
T28000logg3.6,2664009.9888811316,2621111.6781412107,2583770.4747767686,2551295.26309951,2518469.8454606105,2489705.256773709,2463966.275997803,2438303.341917434,2415810.3061081436,2395199.9069765406,2374953.8391022463,2357112.733305661,2340599.8754791305,2324449.149265312,2310095.355598292,2296730.588384861,2283650.8673648154,2272020.4369585905,2260957.8209788036,2250187.4470120464,2240615.5885567265,2231242.30635459,2222157.1178228725,2213981.1683646324,2205900.0317273,2198018.9062332753,2190859.445299156,2183687.3284612307,2176720.5799245765,2170275.051802414,2163801.9486869997,2157495.046376107,2151654.7861972298,2145749.215342222,2139980.074610207,2134620.175457487,2129190.008094711,2123873.4850219693,2118899.0414663325,2113876.642707574,2108946.027607128,2104315.81144069,2099654.6430396386,2095096.7309913803,2090788.8412415416,2086488.1323707511,2082325.313533529,2078334.2852509606,2074419.865557123,2070655.3412631247,2066994.2560148842
T28000logg3.8,2885512.6055998565,2849096.6971138623,2817364.213551017,2789824.240309434,2761877.9120249264,2737304.2624475635,2715370.225634171,2693363.0237979386,2673979.319220773,2656289.9845051486,2638777.3244979302,2623276.8303074404,2608984.4673184655,2594898.8136917674,2582335.1085332856,2570688.5121899936,2559201.672387698,2548955.1022883155,2539255.0717173824,2529721.5129445614,2521248.8539144783,2512926.330119541,2504795.5529444506,2497500.521077578,2490225.1049597417,2483081.0703136525,2476614.2769629788,2470087.4190789545,2463685.315786172,2457792.9695235575,2451834.501853509,2445969.5899118404,2440566.808809759,2435060.387358331,2429635.427135593,2424623.4121097364,2419499.8699289504,2414448.39033393,2409743.8739188374,2404946.511933679,2400209.1564370245,2395773.7751804953,2391264.453678241,2386828.1844762424,2382644.224006095,2378418.6818315824,2374308.648326491,2370365.9697453147,2366448.322939796,2362669.894108421,2358969.8034247262
T28000logg4.0,3347504.739260762,3315580.0400302405,3287689.422507627,3263230.5377128012,3238427.338619327,3216613.7799018277,3196816.5849030986,3177018.6405328405,3159494.044067408,3143359.7349369233,3127355.9142612806,3113111.8808850553,3099838.611169305,3086729.8689025585,3075049.2644509296,3063936.25405273,3053037.8292370266,3043411.2908078106,3033888.0533762993,3024668.926353591,3016447.4579684464,3008244.1017808113,3000243.5998789887,2993057.411156918,2985767.4150607116,2978653.2553210957,2972173.77801702,2965549.8654094543,2959053.704776816,2953113.2994122375,2946998.599088519,2940986.946465272,2935461.317897096,2929760.801351118,2924157.49434539,2918956.1131108636,2913603.828377302,2908335.972616314,2903400.5607172395,2898333.2641047435,2893373.99556748,2888621.970215303,2883806.5985436686,2879148.748118694,2874552.0498075485,2869973.3211062676,2865605.6769802487,2861179.8876212058,2856832.0202277303,2852757.1611461677,2848506.5794048184
T28000logg4.2,3429199.525535401,3402667.404581453,3379450.3949284353,3359298.1908634137,3338707.050818221,3320481.6673026043,3304233.353665897,3287762.293006584,3273110.6732558645,3259804.312591479,3246437.283571794,3234488.10721446,3223498.265675106,3212502.4446227923,3202603.6135322712,3193440.6081280294,3184267.137381744,3176056.6783951223,3168213.992621596,3160426.2819541115,3153502.935300272,3146614.6754275705,3139826.051158652,3133731.0429527317,3127607.5644933153,3121526.5045044348,3116032.627305542,3110442.329150351,3104887.314138175,3099822.0812721564,3094631.9221146586,3089458.704584902,3084762.227100262,3079894.829141532,3075055.8032529154,3070642.6447562436,3066049.4553507166,3061490.21133098,3057292.026887676,3052927.5159690874,3048593.2205477515,3044569.189104748,3040391.964486411,3036276.8212689846,3032383.493978534,3028389.220286922,3024504.959376115,3020717.7362139546,3016910.8534487626,3013249.9798833574,3009568.1657053977
T29000logg3.0,621023.7876759227,610915.8109150977,603337.3897735616,597828.81543335,593039.042945323,589521.1797225412,587009.9448741174,584903.3601435455,583484.5970220843,582606.8443050018,582042.4740875007,581926.6655856016,582144.6325178324,582687.5837205163,583582.7661597809,584720.8641689516,586246.000145267,588080.4638585398,590121.9824520678,592597.5883671682,595331.2341532427,598236.3299612661,601572.2981974059,605087.7052148759,608732.3397776671,612758.6099023753,616878.5317926735,621092.6782932393,625628.9371063655,630183.4833074843,634831.8993856414,639739.1488271514,644589.0536402749,649581.3260049784,654746.2428246096,659784.0286309745,665003.5288283393,670313.1499430741,675449.5401020133,680779.2007873812,686141.4762714984,691300.0388700801,696655.6863994263,702003.2294474576,707126.5024265394,712449.714009333,717739.2986328602,722795.8358110333,728060.7337229499,733277.7738161976,738256.7829511024
T29000logg3.2,1468049.3660075811,1414313.713264048,1367287.0448619414,1325559.0917976545,1283653.298993228,1247094.9336377953,1213587.0645782754,1180719.300632713,1152063.8930272616,1125329.1840650649,1099539.0447613576,1076996.751100349,1055775.5017502557,1035517.8136338947,1017775.9084221617,1000912.0200909633,984992.3477161627,971127.4549747559,957703.8559343874,945277.1140736386,934398.017050848,923929.301273936,914308.8702179869,905817.7303315552,897649.3693005823,890230.1976288161,883523.9226527186,877135.8639900072,871378.3833105916,866065.2213801623,861079.0615466193,856572.594345784,852400.621568763,848508.9711902355,844970.8268628283,841669.331796928,838606.4745201066,835798.9928145057,833173.8840743506,830744.8913525552,828514.8757288277,826428.7222026637,824523.797765122,822786.3734006644,821155.4550868853,819731.0406666799,818430.0126772282,817256.4128023619,816293.8104110227,815446.3116937907,814727.8516330561
T29000logg3.4,1975566.4735354094,1924984.1964998196,1880912.7687074223,1842153.7473998955,1803226.4589134762,1769277.4713540343,1738478.1458308962,1708147.57878652,1681715.557650217,1657196.190140441,1633434.5352935253,1612610.8805120066,1593106.089562104,1574309.1436686558,1557710.9615010682,1542026.2398607119,1526965.4637971006,1513687.7043817886,1500859.184878635,1488698.8493615584,1477926.088866801,1467424.2521454638,1457509.3592905547,1448612.4321945875,1439910.1324815827,1431707.541610902,1424196.7068312198,1416842.483413213,1409943.8556735287,1403487.845024672,1397205.4475276968,1391275.8123581132,1385718.7032532422,1380302.0042582885,1375154.3943814044,1370300.636738572,1365573.0167900897,1361050.0972112466,1356768.6683658941,1352602.6335647854,1348601.3401219426,1344814.9719453398,1341134.4675074778,1337624.1681251286,1334274.953642726,1331080.075432325,1328032.8264476368,1325133.309652562,1322423.5329759154,1319862.3405819803,1317422.9005161133
T29000logg3.6,2415337.6741650016,2371164.0824535303,2332692.9880460626,2298907.332199689,2264930.8457587007,2235277.201852197,2208375.2675753008,2181819.306430948,2158602.563930583,2137133.4362547006,2116216.25574025,2097820.2845706106,2080616.9189647837,2063931.313589143,2049149.6710863383,2035157.795292104,2021626.4667267269,2009671.384326316,1998029.810732443,1986904.955073176,1977000.1548911813,1967263.6867954177,1957950.4131091684,1949566.0363258412,1941231.3320435518,1933270.6114442092,1925959.7393852386,1918667.2659908622,1911708.207958561,1905209.7830905002,1898735.3786847822,1892514.4320153836,1886705.018625442,1880896.8613809606,1875287.997890939,1870016.0113904797,1864749.1637058568,1859639.912694743,1854817.6450596135,1849996.056436333,1845319.5356684825,1840880.166310298,1836456.4678676322,1832202.9532703524,1828100.4182300114,1824087.850626567,1820241.5150308171,1816501.0227687617,1812897.1097772317,1809483.874154596,1806113.8252066164
T29000logg3.8,2794327.442159408,2755496.228397637,2721618.3248302923,2691894.7678548363,2661883.411546543,2635591.114852411,2611782.3541410086,2588140.042187811,2567376.989216916,2548221.224039902,2529428.842762934,2512827.461409506,2497330.218706842,2482188.4938186305,2468719.9300084426,2455984.6864453573,2443570.7715805294,2432580.422999874,2421831.940195811,2411477.3381769666,2402246.126615386,2393080.1527215014,2384232.347844679,2376253.462144574,2368229.2769235787,2360475.599066525,2353351.417989071,2346160.5352093047,2339203.4402403855,2332713.252382034,2326160.0558530297,2319781.8423988745,2313829.708393519,2307796.6527392664,2301907.915233057,2296372.9907302335,2290772.3152445364,2285288.7540938375,2280104.5190733373,2274863.6207703217,2269735.2733136863,2264846.886865114,2259927.1730113914,2255158.2610991285,2250523.0943786623,2245941.055653194,2241523.5124733327,2237164.8788131084,2232918.577640328,2228879.7095588427,2224803.696150217
T29000logg4.0,3115970.715076525,3083132.3349081664,3054478.0292168064,3029381.533157423,3004001.6680698832,2981733.2906056363,2961629.8717607646,2941604.102648935,2923989.2052161507,2907793.7415752583,2891851.1241244404,2877745.0036987537,2864634.4527441873,2851771.1048291232,2840307.947106175,2829527.6783220144,2818960.624572814,2809593.946828757,2800467.9030771693,2791620.2329641096,2783738.2248090156,2775903.9812030178,2768297.4438635134,2761442.8981759837,2754542.5899147075,2747821.736727484,2741667.6633062125,2735425.4138030712,2729337.7736908244,2723688.364192224,2717934.2311922316,2712288.9981529443,2707060.2970678983,2701701.8157738927,2696433.9386883564,2691520.3036427265,2686489.061407185,2681531.487838273,2676876.9916485604,2672113.4848939283,2667424.1847561393,2662978.9783098055,2658447.0284830253,2654032.8108578715,2649751.699020886,2645465.521463638,2641317.798703934,2637214.909318088,2633167.7363638943,2629304.381529354,2625383.473877577
T29000logg4.2,3421405.206450184,3393057.759246072,3368263.0765992333,3346589.334524388,3324550.8400672334,3305114.1260732943,3287631.4793242025,3270065.567630952,3254515.6357808425,3240270.479105525,3226102.0549365757,3213484.6474872604,3201783.035971235,3190178.2569035958,3179772.7843877273,3170007.356377621,3160329.644767444,3151716.1450339616,3143311.944567871,3135077.609011307,3127732.731120526,3120374.0555556305,3113164.8330086274,3106657.0531431227,3100069.179918589,3093578.815246036,3087645.0874860887,3081588.3636348513,3075615.4918229124,3070097.1767045697,3064426.930309118,3058820.45221192,3053650.7281122217,3048303.906185327,3043020.917772624,3038114.019356093,3033044.150305036,3028031.935959961,3023337.7203072384,3018498.4306300655,3013718.723013539,3009192.2572340826,3004548.7800882617,3000011.2355774855,2995607.7262916705,2991171.3404904017,2986872.8439526726,2982598.4294213615,2978363.0275354325,2974315.36704373,2970171.188919782
T30000logg3.2,399374.2213485636,386611.3312651951,375672.9162404455,366302.9973257778,357057.9495425413,349126.7009099201,342189.59259385604,335419.9830566483,329607.24296936474,324412.3622983382,319414.7029011882,315151.793256837,311301.9213057164,307700.41622975963,304714.04288767057,302044.01905734435,299695.0370879653,297891.62380101107,296350.61728537374,295186.7206554416,294502.566408246,294034.16125736386,293962.9372015162,294246.7287077218,294796.18455586786,295676.2045593389,296797.1869851278,298218.244507355,299895.6109807746,301714.1035868171,303851.5050084697,306182.63590523275,308582.3526497714,311301.86127841147,314163.26308932237,317033.36143401236,320209.2045649292,323479.754410136,326712.5265835313,330230.4582346448,333803.45886374457,337303.8888818871,341062.35557856323,344843.47584515193,348529.41464508796,352444.52190623095,356359.8949541697,360172.77831702493,364190.46080457617,368191.37707686384,372102.51623216097
T30000logg3.4,1757315.2723810489,1708545.742933722,1666024.829611513,1627917.0151565536,1589903.4551679885,1556887.9844028868,1526103.3800047655,1496156.208592398,1470003.02177096,1445358.5064838768,1421631.3313625837,1400801.0002166627,1380945.360149409,1361984.0197555341,1345385.4287115932,1329095.3667073972,1313806.2147365406,1300321.8058561052,1287066.311026637,1274720.2933664557,1263768.9569937608,1252969.3302443784,1243010.4353092255,1234026.7097201918,1225202.593654092,1217124.4569967967,1209634.49311851,1202362.4193711688,1195671.8515636239,1189450.403853038,1183413.4817066607,1177841.0052547571,1172639.1938201545,1167576.2551128953,1162881.8608666395,1158483.7081508208,1154180.4077181758,1150189.2963848743,1146404.3762573705,1142721.7142022692,1139317.9337035147,1136030.6324000943,1132897.2798273643,1129989.7789031442,1127165.2531818138,1124520.845093543,1122101.4150102898,1119736.871635499,1117564.8444765753,1115621.072618569,1113729.6744001221
T30000logg3.6,2186043.428965209,2140036.513769006,2099978.230910656,2064675.6675234977,2029280.53557028,1998503.1817990418,1970391.1369401496,1942815.439205672,1918772.9723196873,1896446.1402235013,1874802.8223800594,1855804.5617376694,1837959.4064937101,1820728.895141323,1805484.4849675982,1790968.6601834435,1777004.794340555,1764662.9327087244,1752608.7367301737,1741157.950975549,1730935.5474364394,1720922.3933624637,1711402.5124699548,1702811.0576587445,1694300.6992178843,1686252.2462006498,1678810.2908200826,1671447.7406128838,1664484.8528440548,1657945.2917152096,1651495.6238120846,1645352.9707767884,1639579.5367273043,1633871.4005377616,1628401.759040014,1623229.744696033,1618120.099256439,1613193.919174505,1608526.4239461322,1603904.676902461,1599451.9373956556,1595206.110515118,1591024.8699591337,1587020.4913748484,1583152.990037786,1579413.335246386,1575837.932115078,1572372.727057998,1569070.7069457108,1565954.794831046,1562898.0546326519
T30000logg3.8,2566969.6051565004,2527580.0411218815,2493206.246236668,2462881.3803190896,2432373.433953694,2405784.054660317,2381436.6891045053,2357476.570636339,2336497.6298884912,2317039.4808069365,2298067.206729746,2281338.5223682965,2265635.3670970863,2250372.2524982756,2236827.280769922,2223885.151557193,2211360.4170507514,2200269.8802675954,2189350.633954571,2178907.447815792,2169559.794581106,2160302.0025758874,2151417.5314895916,2143381.2211262337,2135303.796665389,2127581.966627888,2120433.3452639305,2113243.0673480337,2106345.4741805205,2099892.7506951485,2093402.6947654905,2087140.2144510436,2081260.8790672414,2075337.3221435384,2069598.4710264616,2064172.731108102,2058713.330001951,2053402.1694384087,2048358.6867631758,2043282.1893022177,2038358.752372107,2033621.5907300543,2028897.2529197196,2024345.4343847441,2019890.3576982382,2015517.0259092012,2011331.1744344775,2007181.7221535733,2003164.7528468315,1999372.4810206727,1995540.9403502138
T30000logg4.0,2924627.061299948,2890384.8428566055,2860501.3545960956,2834185.052010585,2807651.344312845,2784480.245466498,2763307.8725943193,2742391.5077989963,2724031.3082385105,2707046.256528791,2690408.577084603,2675695.946985245,2661927.9921938274,2648469.478619304,2636488.316447338,2625077.488658415,2613958.353068831,2604095.511740417,2594377.7812562254,2585015.8204299547,2576628.864773253,2568277.637680664,2560197.6968643055,2552875.7454901887,2545482.7883273507,2538337.663952402,2531719.823106985,2525025.893560679,2518528.856700974,2512457.5015828907,2506302.0761846127,2500297.743891873,2494673.0950994873,2488954.274871236,2483362.428803159,2478088.1466021035,2472732.271054432,2467480.780179532,2462502.1436708337,2457446.422226131,2452507.8881586427,2447756.0650895284,2442977.802056154,2438344.12042403,2433798.287477021,2429297.004281761,2424969.502919814,2420645.4320761734,2416422.7173252194,2412422.6600137493,2408331.003275427
T30000logg4.2,3128442.020357797,3099638.972738662,3074489.177045577,3052339.8825366213,3029980.233954,3010431.601795403,2992562.032494255,2974872.1981402603,2959305.046996553,2944932.087980821,2930800.0698209587,2918272.147350212,2906573.5990815805,2895090.7709662304,2884886.746067148,2875116.1333105545,2865592.628798761,2857175.310805191,2848819.136832995,2840769.0394059196,2833574.195346096,2826380.5505964854,2819399.775642707,2813091.130344238,2806704.6375681204,2800503.597961439,2794787.8331893273,2788973.2554025883,2783292.3016918045,2778044.0156976995,2772668.193690999,2767400.6299766684,2762502.9523552624,2757487.535022229,2752562.575943905,2747948.227929702,2743224.4052475234,2738582.781782328,2734193.46229486,2729709.686060104,2725335.164081892,2721097.742370254,2716829.5547806625,2712704.028880964,2708603.220521744,2704533.2727812724,2700658.5700580506,2696706.8120969166,2692834.264801514,2689213.631154531,2685416.880039819
T30000logg4.4,3461254.599345006,3436905.487930105,3415591.080942097,3396882.2781610386,3377882.9926007297,3361172.7531227907,3346013.3121077362,3330856.7142231804,3317447.902615411,3305128.3667667224,3292897.253792327,3281998.2465143176,3271861.940208766,3261810.46905669,3252809.050587058,3244274.633628397,3235840.5414251788,3228358.8710490367,3220946.075655038,3213724.2345085354,3207258.5280306754,3200778.1682369355,3194422.040941176,3188672.975002194,3182835.772652578,3177096.2247274374,3171822.1457727277,3166434.1077198656,3161114.079741629,3156201.945788072,3151147.5845043757,3146145.8443441615,3141521.491679618,3136741.50897858,3132015.0633633654,3127608.293653726,3123064.1461996036,3118565.4779033344,3114335.7624759357,3109981.346991617,3105692.3060662877,3101574.9646063847,3097385.9409079985,3093304.810225584,3089270.704866402,3085237.940606913,3081359.153247855,3077414.2008878966,3073529.1693519293,3069858.1327294316,3066005.2711710944
T31000logg3.2,401096.6034526158,384802.182603802,371004.1682189029,359030.49241300754,347522.15116691065,337852.81704606616,329272.65353852045,321227.105703884,314546.5200706026,308477.22987877316,302964.67714721477,298506.0274483921,294391.671666216,290863.18072589213,288174.2477931447,285754.50729842536,283931.0192323813,282735.1804004087,281906.9611441196,281587.78415858233,281722.13719575136,282272.80176063423,283226.665355577,284474.7178934968,286146.4872650495,288108.97659783566,290234.7592579653,292753.5372014176,295475.8906428841,298278.21912167646,301440.05261304835,304738.9495255559,308084.8626523588,311736.36903214495,315463.7208519735,319206.338449725,323187.2917903854,327193.25026228896,331187.27399789967,335362.1927207887,339494.0313116958,343656.1002995032,347924.6931420955,352103.55582949764,356346.3237645779,360646.58963198855,364818.323014149,369099.55790709774,373403.2418272415,377553.13639994955,381852.1657851426
T31000logg3.4,1463044.807235339,1420112.6212055807,1382549.8499328066,1348253.3691980958,1314175.4569279414,1284440.3707743525,1256426.5076972577,1229243.6217090804,1205494.5133036817,1182752.718812892,1161032.8351019642,1142164.952925706,1123555.6621940176,1106155.3823366829,1091007.6063631175,1075877.0685616813,1061925.591737941,1049726.3149214697,1037507.6397216734,1026391.721227204,1016562.3091655511,1006817.9530150868,998054.2081708687,990116.0748183082,982350.6493079078,975366.0661130183,968984.1233517831,962759.2812246282,957159.9768680054,952018.4884966122,946995.3706295927,942489.599559829,938328.8956299595,934265.0597128703,930634.314590265,927197.0262817648,923876.3908490968,920933.8620315085,918026.3006093486,915293.5577082428,912864.9241997134,910401.4425505161,908146.6702641846,906136.4440260766,904089.9416506421,902254.9983366958,900628.6668916049,899013.0612119639,897587.89093995,896356.5025017995,895172.0985015403
T31000logg3.6,1901643.067646038,1858442.8786253107,1820866.9305429948,1787155.887979086,1753644.1884501532,1724589.5913349837,1697515.087519786,1671252.1752183582,1648360.2166382526,1626790.0124291014,1606077.2158482787,1587927.8354547913,1570574.5904959068,1554037.0490309945,1539570.8092124648,1525290.60551767,1511899.65405964,1500068.7667281537,1488372.5173276775,1477460.2017882164,1467733.5412613424,1458090.8692993426,1449166.2762254663,1441023.6248858653,1432998.108819858,1425575.0270548798,1418652.8736808354,1411862.648440938,1405544.327923745,1399629.1554165215,1393822.0923734282,1388395.1613112132,1383298.8605471537,1378265.1041735008,1373544.7511583138,1369087.9340683022,1364670.5671639629,1360534.0591487854,1356559.4620234575,1352652.3717651318,1349005.7482075314,1345430.6841671527,1341975.9187698774,1338763.6550557802,1335569.4450804088,1332533.3751186782,1329751.8259226885,1326960.54020692,1324340.6849078445,1321990.076942549,1319632.9681620875
T31000logg3.8,2387544.1087246733,2347006.7589814477,2311695.038664726,2280217.416675875,2248781.6665543844,2221482.09451289,2196195.912113122,2171539.453267005,2149997.979768545,2129834.4139849665,2110335.9757450297,2093165.8693640549,2076895.038248852,2061212.9811730937,2047400.899068443,2033869.9185595848,2020994.6711251396,2009561.0274676688,1998245.303658556,1987524.7365632332,1977920.4874993686,1968328.3545979885,1959269.9549411503,1950999.9377776545,1942723.5834908565,1934919.5751001975,1927595.7858503945,1920308.7220956841,1913374.3311941924,1906853.5815539625,1900345.617747766,1894122.1179922817,1888242.473698569,1882357.3397708281,1876708.1703634227,1871347.9273889647,1865962.7759354468,1860801.9929802357,1855840.6925569198,1850878.8143397814,1846154.719347431,1841522.4528789415,1836956.1590202912,1832623.2483852156,1828310.499927148,1824111.4380091862,1820186.6011433173,1816213.644412159,1812387.467987732,1808869.7654479723,1805268.1611715506
T31000logg4.0,2733804.953476098,2698809.7783725094,2668298.239570252,2641199.739670841,2614048.6656939746,2590429.504282346,2568638.751591593,2547299.637958397,2528616.8814202542,2511212.1019732812,2494291.0739103006,2479350.8790716603,2465266.181302679,2451595.6599094025,2439525.493878972,2427742.7250711257,2416442.2564518983,2406394.172836776,2396449.710060526,2386947.5308099966,2378423.6333755273,2369897.051170473,2361750.70755707,2354333.4614941054,2346853.4658189504,2339723.068995608,2333054.0207585953,2326348.52629592,2319897.1617834046,2313856.3923820797,2307757.0882198424,2301859.9076331793,2296303.0758485594,2290693.7177570015,2285246.8287876393,2280088.436040369,2274866.4298481913,2269806.609994101,2264950.515586262,2260055.91864806,2255355.5120358495,2250739.5272410475,2246150.5175223234,2241767.9820898147,2237383.8087699795,2233078.147199129,2229029.37754794,2224894.862431874,2220876.8167964877,2217158.01141485,2213299.85089558
T31000logg4.2,2851328.1476190183,2822125.888573018,2796696.578468043,2774153.1391363046,2751563.913791912,2731888.136829384,2713821.8172991895,2696086.1263385233,2680548.940123396,2666128.642637532,2652079.448237213,2639676.2134851883,2628010.8777487986,2616665.1854257174,2606673.0282143764,2596899.1486987877,2587522.939326555,2579203.751064706,2570967.428358967,2563078.4064567485,2556020.2440337804,2548951.2789598005,2542174.1917202133,2536017.9329860965,2529803.5113029066,2523847.5662339106,2518305.971873036,2512719.3282437352,2507311.7629717425,2502278.6331890053,2497187.363362257,2492232.9139362094,2487592.692839321,2482896.5396398157,2478311.311585737,2473993.5078833494,2469612.7960133236,2465351.7433222304,2461269.870917507,2457147.5413883063,2453184.899124589,2449278.811344934,2445390.50349473,2441687.0267670564,2437949.015410265,2434268.7415092904,2430835.6488902327,2427274.924511255,2423804.0911706826,2420619.5850395844,2417260.478811463
T31000logg4.4,3090748.6892031683,3067559.374859999,3047289.854840211,3029086.1648957813,3010854.2766376454,2994872.1610617256,2980137.391764303,2965636.8400979876,2952884.4375845916,2940960.358218681,2929345.1792507386,2919181.090728356,2909309.8307949957,2899840.252159308,2891519.180575541,2883242.431933498,2875355.604151694,2868352.8432025956,2861352.225753613,2854667.4118767213,2848677.468470424,2842629.724676019,2836859.573399778,2831568.185397017,2826215.944914616,2821050.3429019297,2816281.115257218,2811439.9355583526,2806727.804294993,2802338.2384060975,2797863.9695049925,2793501.0142222443,2789409.385506679,2785224.282619794,2781180.573249104,2777296.4262223733,2773327.76472274,2769587.0131697888,2765820.014917583,2762027.7008067155,2758516.44018325,2754830.427049173,2751178.7827380346,2747831.48327748,2744255.732630558,2740726.913485625,2737510.947541819,2734083.5237259036,2730691.5662412895,2727599.4823398613,2724308.45570086
T32000logg3.2,700870.6254275917,670312.9688467592,643453.6807038934,619155.4441939727,594927.7685347218,573767.9924482629,554142.4785204629,535053.7752760056,518471.1847835033,502757.08635288366,487822.98541573493,475044.60255981,462565.8895814912,451104.65557821636,441451.84101636376,431905.24423878477,423433.53063734574,416387.894312947,409495.3850219668,403575.4958202976,398708.90117043635,394103.4765302357,390306.1156305573,387236.34072809876,384486.05530970765,382365.49546695186,380735.88708316884,379419.7252052827,378587.2002920248,378083.49694464833,377865.37180209626,378021.63124192524,378400.3289739569,379024.8922109663,379936.6236280171,380957.7133674282,382193.49270818545,383641.88752242166,385105.32045502035,386764.7267303835,388563.751676385,390352.8535511334,392306.03992227966,394337.850946395,396373.6079650864,398544.54981521337,400735.3722372183,402991.7289949218,405347.26101930614,407687.87412743445,410141.1592360717
T32000logg3.4,493388.2825896284,482136.8826752162,472427.11178427824,463738.97509858565,455235.7580439412,447931.6807800535,441221.38671265804,434790.41888846614,429274.97706990584,424109.746980029,419248.49074024515,415142.40300878556,411176.0906430184,407577.90443592385,404616.5323005653,401724.56845662947,399241.2408097677,397267.6958573331,395422.0651149841,393959.29714807385,392894.821526954,392016.7547444197,391476.04265250196,391217.762575534,391201.9505575021,391458.5457321571,391906.0304925545,392610.0293534226,393528.6547243359,394575.7970752345,395868.91141599667,397330.8485836939,398885.7688433897,400661.941405216,402569.0568810021,404537.7612935796,406694.8274409627,408957.4829620889,411244.29753729166,413695.69548413245,416205.61000103067,418749.3116941409,421416.9457596821,424102.06443568756,426829.21663410217,429649.8261910001,432445.50767875765,435314.2942631619,438247.6002386107,441129.2037069945,444110.50934381585
T32000logg3.6,1542474.8995585106,1506011.9919312801,1474248.0529117263,1445814.0206281496,1417508.5413899852,1393011.5926666341,1370153.7638916934,1348011.2100803035,1328744.1381100088,1310599.1547946339,1293192.1932587873,1277952.9510504627,1263448.9335599528,1249623.763030089,1237553.789388803,1225703.2074498234,1214599.7389510893,1204862.484246576,1195219.401220094,1186282.466784676,1178398.151276641,1170568.4799952558,1163377.5358279292,1156944.1217167315,1150554.9645530477,1144746.9560475396,1139380.3656796634,1134122.2331180787,1129320.682681052,1124859.2038818959,1120500.1064949024,1116505.3826231833,1112768.3783810504,1109123.7125914735,1105760.392803547,1102595.1433052025,1099490.4582103726,1096620.7775635736,1093887.2361566555,1091216.214380926,1088763.881529435,1086372.7523150416,1084087.685081128,1081992.8226133727,1079921.9912684732,1077996.7268252485,1076266.6526964086,1074531.202504485,1072969.5606871336,1071619.0713229785,1070246.5331124777
T32000logg3.8,2083795.5437445107,2046158.0360141569,2013341.475055838,1983924.2536298914,1954604.9273926506,1929136.3162583509,1905454.577149028,1882415.0003659446,1862296.5750005895,1843370.8085571753,1825129.3704974614,1809100.2953872806,1793788.392718334,1779112.8903410016,1766246.4587040506,1753489.8201898276,1741460.934022192,1730789.2621765167,1720195.3921093233,1710231.9595364002,1701326.8576136294,1692407.42125512,1684084.4109803515,1676485.2691957064,1668884.824192517,1661799.1523740373,1655173.7891652577,1648581.2717173654,1642385.391798288,1636566.340946522,1630776.0741356018,1625303.536263592,1620141.821797626,1614979.675871553,1610085.1605678948,1605440.07447542,1600780.9131732755,1596377.4333547147,1592116.5483807789,1587876.9487491744,1583896.45561779,1579952.3601577817,1576094.0049494437,1572487.2184342183,1568855.546194451,1565352.621035069,1562124.4119552094,1558828.3660049075,1555681.49481442,1552831.867110546,1549908.5372881996
T32000logg4.0,2255455.0999788307,2223089.0518043092,2194923.334304633,2169720.8135700803,2144642.1086517833,2122891.408493703,2102727.534976745,2083143.2796473333,2066077.5518997787,2050088.6072615634,2034708.886862853,2021234.3613888486,2008401.1669993976,1996128.1802610648,1985396.7042533406,1974777.9210059955,1964776.9002719873,1955924.1465787664,1947137.1684084139,1938870.7610167272,1931473.1460963278,1924082.70824202,1917160.928188436,1910809.5519047761,1904472.410999932,1898514.8340966748,1892939.4658287978,1887379.275322142,1882104.3050483563,1877140.7463027933,1872185.0708914355,1867453.595157174,1862981.8547738418,1858491.5015503324,1854193.1550719046,1850100.8264959347,1845984.0472004898,1842062.2247817637,1838242.2524870078,1834437.3273912433,1830839.9957858396,1827239.22103973,1823707.9697020445,1820398.707593009,1817009.4179596142,1813732.1038564143,1810703.5360808999,1807554.6728801117,1804532.1022911367,1801785.7984279688,1798914.6514633298
T32000logg4.2,2784045.514183677,2755441.28280967,2730485.682536984,2707802.379558631,2685258.1268359777,2665571.2507588957,2647192.075392724,2629286.853690432,2613586.8804516224,2598741.6866744948,2584429.198090478,2571980.14681275,2559656.64259469,2548012.65349136,2537752.98247301,2527497.945946238,2517814.439459635,2509181.8854331775,2500498.862709652,2492313.997852114,2484916.431676573,2477444.5773391533,2470416.111186492,2463873.862257943,2457312.8308194857,2451058.4309237283,2445215.651234239,2439281.129420166,2433606.8088507117,2428258.8977799187,2422807.7355346405,2417594.3153953827,2412630.07004326,2407557.436790885,2402766.2840992846,2398051.2301417035,2393282.8362105913,2388842.619201786,2384296.5458790357,2379790.3756557023,2375610.672390181,2371233.0854317765,2366938.093393106,2362958.354111952,2358787.947487331,2354690.52367322,2350917.4772609062,2346967.6273201695,2343094.7813278213,2339532.173174542,2335800.704311177
T33000logg3.2,522571.70147741894,506093.30576694047,492082.78628428036,480003.6688102792,468391.2751769933,458673.0788399396,450188.69603313133,442308.5920129257,435864.7333195316,430159.9818995495,425116.3973103849,421175.55585470574,417718.0050623452,414948.24779084895,413044.33524608135,411549.1078226913,410737.4216803084,410549.562130144,410866.56213268806,411752.3155037535,413052.06804832106,414920.1753928524,417217.7771210732,419759.2187022187,422871.4637230214,426283.63798670145,429799.9970497356,433838.03340461216,438064.84663285466,442318.956772097,447028.28317965503,451847.7331991869,456647.6770386543,461833.610692988,467057.7055656666,472229.99297580903,477707.63698782923,483160.8865594311,488544.28428418643,494155.7773163197,499667.4459781974,505165.31422101514,510801.5620021346,516265.4754181451,521794.8367791641,527381.5340604736,532756.2254397556,538242.2211829614,543731.6980000008,548984.1157307443,554384.6635382379
T33000logg3.4,942936.4943057434,913984.402198142,888578.5583522762,865496.0041163247,842480.8318725277,822362.4404123517,803548.1297458498,785222.2828896384,769233.8117304906,753970.2715941509,739383.4445055168,726768.9756606158,714382.971262286,702844.0183590201,692959.6902306993,683049.8471692217,674047.4423845975,666353.1968814195,658632.1137723918,651749.0180394786,645849.481316724,639998.8529171275,634880.748428314,630437.8690447521,626128.1060799763,622410.0771245812,619162.620388087,616075.5393974689,613464.356017635,611188.4735379679,609071.062816861,607345.2178440659,605856.4255604512,604513.8991322345,603496.5184744339,602600.2330942395,601850.7788457224,601379.36697561,600907.8720943151,600608.2240402633,600533.4498528548,600406.3759957403,600459.1513459685,600690.0083120745,600866.0374304828,601219.1540729284,601704.889493188,602182.5670001642,602817.9426902019,603556.3771442202,604331.942921506
T33000logg3.6,1307644.0821117298,1277209.227062419,1250665.5675666328,1226438.3020622586,1202459.9951580744,1181593.3820436962,1161935.4719353989,1142919.6284309514,1126357.899629314,1110456.3714563907,1095322.2906405653,1082254.7422279764,1069240.7573810774,1057149.7413202769,1046675.8722985492,1036126.8894532202,1026450.5859079254,1018029.7058463909,1009516.5673829148,1001812.1373746647,995025.171995988,988236.7147170276,982159.9493278383,976674.5639355471,971263.9061167769,966421.3388809742,962005.9973657924,957666.1705528414,953787.7681165303,950226.6213329281,946727.4222602523,943616.4187675205,940733.9005883306,937909.6879894705,935421.339398192,933030.6557840982,930726.7971576304,928730.2603840589,926686.972367056,924790.6231671744,923156.6171414828,921407.9479569038,919844.5184710093,918496.8456544077,917040.2601500117,915771.5364693542,914688.1707206451,913546.6011764574,912576.0251898047,911781.1368718462,910959.9086694985
T33000logg3.8,1689229.543596418,1659025.2128022634,1632720.3008821083,1609067.5190642755,1585570.18806104,1565203.6082641936,1546196.669414145,1527787.8300110777,1511764.2316993512,1496627.0982523689,1482122.0080327317,1469427.2002240946,1457256.9587051044,1445674.9420628748,1435592.9685043972,1425527.12949686,1416136.200644502,1407872.2799455433,1399615.8874909682,1391948.0253278692,1385163.3068695834,1378319.7457003638,1372035.9253219042,1366355.8237961382,1360647.945081851,1355425.0894347834,1350574.1660633632,1345744.5597849886,1341293.773907506,1337132.1785656644,1333001.8334001538,1329173.5189515227,1325572.8633991168,1321984.188207284,1318643.9758999862,1315474.637721294,1312304.648738272,1309365.3087815263,1306503.996699769,1303676.021821269,1301074.0401107715,1298460.5488898177,1295940.436836775,1293633.1195976613,1291267.5485910045,1289036.4002264917,1287033.805296188,1284938.9414844858,1283003.8350450047,1281314.3316835582,1279530.1270500456
T33000logg4.0,2184244.9643278774,2156369.4111007736,2132030.2713035564,2109332.0035411627,2086958.2890664064,2067401.537497647,2048789.264509856,2030797.6663067811,2015211.2197171266,1999790.9292242108,1985256.6842988585,1972648.785978207,1959864.4189346053,1947977.289899338,1937540.757035898,1926889.6103106139,1917039.359915674,1908252.9831934408,1899338.8174414518,1891142.513268901,1883654.7296521028,1876138.066059132,1869196.1285684106,1862795.2418138469,1856335.626192619,1850353.330757997,1844754.2776246099,1839101.163898101,1833858.1693451426,1828862.9334239438,1823836.7053057633,1819270.2474425717,1814662.7583756037,1810131.5330922797,1806066.3864891157,1801774.37656051,1797641.7076688278,1793889.6828040476,1789906.1113819657,1786081.1194887508,1782582.3960019394,1778868.264888869,1775304.917364479,1772029.5084658568,1768562.037838172,1765247.4563966922,1762172.3201989755,1758963.9888331655,1755918.115907428,1753036.084577996,1750095.6559020595
T33000logg4.2,2483486.1255336255,2454821.905684641,2429832.703827738,2407320.922651867,2384915.662786998,2365421.104570255,2347287.630261748,2329641.2955435095,2314216.392471963,2299697.5694062407,2285701.139977601,2273424.004076224,2261597.8681444474,2250286.58612731,2240352.500059177,2230449.606317396,2221095.2213729043,2212780.132698865,2204446.6264363783,2196589.7191059086,2189513.8833204866,2182398.13630361,2175717.8830088777,2169530.043390373,2163323.920871895,2157451.1240709657,2151948.251868517,2146425.384204716,2141152.140194399,2136187.7431173786,2131176.20364963,2126381.413585915,2121839.0631774478,2117239.208010017,2112844.52076405,2108618.055058486,2104343.420746167,2100301.5093495515,2096297.0426558398,2092299.8616279447,2088550.8418746584,2084727.8057128142,2080970.6106565308,2077485.450987691,2073845.7339397739,2070317.5391971692,2067077.8726141148,2063667.7860339568,2060379.614130399,2057384.4006867371,2054234.4486692797
T34000logg3.4,817010.2565663095,793848.7677909387,773392.9566818364,754758.1334416025,736072.3414134132,719647.282842123,704306.3826087135,689279.9720913514,676129.7586813929,663564.58896459,651514.2625622144,641130.0495960567,630819.5137163319,621247.0534928722,613083.0358238163,604836.8384967358,597377.1623900274,591049.5809863107,584650.8532250938,578986.3558961786,574182.1147222568,569396.2657150829,565249.3675099311,561717.3759417254,558293.0770729277,555394.1266849051,552931.7130556258,550617.1493549644,548733.3891483443,547157.102664413,545740.3706490952,544682.7300609358,543836.1316411596,543148.398575223,542769.6452371218,542477.6075474967,542357.1853902972,542506.3732313671,542626.3712475649,542939.46823626,543472.7462763126,543935.4028900451,544590.6482681701,545408.9678373506,546176.5970776833,547118.0034912678,548168.6918087257,549217.7407448791,550412.2265341463,551682.384801863,552986.4904821529
T34000logg3.6,964345.8454192969,943103.4859338722,924475.4645723577,907382.9666306012,890369.2559803717,875481.2731102611,861412.2790137802,847737.7887244582,835775.2011378625,824276.962748869,813295.049672994,803838.4359681916,794310.8329091482,785496.244748082,777879.9592630295,770158.1829849911,763109.3102196244,756996.063498835,750792.926863012,745220.7188196669,740331.0409737953,735453.5140733907,731131.7156060608,727268.2026407709,723499.7816324228,720191.0730465073,717223.4933420067,714362.7107683733,711893.3120549788,709676.3442629639,707571.8344935029,705797.8467027909,704198.7543531074,702721.783721498,701545.0093610461,700418.7069217986,699456.2143687706,698751.3207553026,698026.0991531309,697490.2580017912,697162.9957093326,696796.237049045,696620.5373203701,696602.5816607728,696565.9036695599,696699.5750054973,696951.6749971493,697213.5673291864,697621.0477124959,698125.407777425,698650.4328200925
T34000logg3.8,1006981.8348227547,990441.8657728346,976277.6760362999,963297.3498892692,950742.4971208957,939969.6871202918,929821.6744629814,920172.5067939025,911877.9593232013,903869.7853160526,896379.1566226648,890011.8212042601,883590.9740572377,877756.4032118163,872771.245753227,867727.244277145,863206.1438793929,859300.837956666,855406.2344275131,851960.3736073303,848931.4042483664,845979.6841849107,843396.2178857223,841107.1073864099,838901.1494334753,836996.8713497998,835307.6724830138,833681.6681423971,832305.8480930586,831085.4169062362,829925.0122592284,828988.3184875684,828119.8755784759,827337.1390223268,826770.0488313765,826161.3414957108,825679.881674721,825375.7183913352,824992.3505655776,824744.4246715648,824625.7559199042,824439.9062459342,824369.6584567588,824390.7783201929,824363.698259885,824432.704089647,824572.8448059803,824683.1080877886,824883.3599464493,825138.7027793122,825401.0319798297
T34000logg4.0,1817608.8015974709,1790858.4244150713,1767686.7895995239,1746327.3227403604,1725416.9509115042,1707304.4080679407,1690185.8615097597,1673779.086638038,1659560.427312867,1645865.5108206212,1632949.9193137703,1621845.5480935911,1610693.8967679937,1600411.0081701195,1591459.8726549905,1582414.4163129875,1574112.7312643053,1566779.3015625312,1559392.9660371463,1552665.78049216,1546583.6510822198,1540523.1657070392,1535005.2623684986,1529931.9797514111,1524877.5301555367,1520252.0295002214,1515958.0715378257,1511647.0145729308,1507692.7226715018,1503975.2900420427,1500248.081297732,1496835.39698793,1493540.581800487,1490271.8838499868,1487325.3622585558,1484295.0887515156,1481380.230146199,1478750.0075935712,1475942.3483257014,1473292.9923386588,1470879.176547192,1468296.2959256908,1465859.7140292258,1463641.8898561748,1461283.142168576,1459060.1326172072,1457046.6742465866,1454919.0186645994,1452931.1162836836,1451131.0027991605,1449261.7637536228
T34000logg4.2,2135972.2364553143,2110463.937380064,2088229.6211315682,2068199.9840037478,2048296.6951874413,2031014.3032191547,2014931.323318997,1999332.3295389106,1985741.2663525,1972938.3134092614,1960651.7261526813,1949910.9844158094,1939572.8530023887,1929731.465119269,1921145.6428491636,1912551.6760260744,1904500.7329427206,1897389.2766421356,1890250.1282215088,1883577.9270344954,1877616.2408431594,1871606.7619743075,1866025.815569483,1860897.988106084,1855752.1256744927,1850943.1911943064,1846456.724431584,1841959.2194334187,1837717.7214303687,1833735.3050580653,1829733.102777313,1825943.4265743964,1822359.425192483,1818741.1151138225,1815314.5156908624,1812022.6119452487,1808701.7902360167,1805585.0140313166,1802488.2430439738,1799415.1443694823,1796553.8765821403,1793616.1001300137,1790755.302917935,1788125.1507828531,1785347.5496316943,1782689.7656130882,1780278.038472599,1777701.596007952,1775255.1960523557,1773065.6481774019,1770723.3962868901
T34000logg4.4,2448424.4802234257,2426079.22240312,2406744.1447054762,2388761.736512468,2371164.737456793,2355856.1373207495,2341431.7330839853,2327530.557656765,2315462.910954125,2303815.120574718,2292783.154309364,2283215.317932343,2273676.8326372323,2264768.1081925095,2256927.5725373775,2249043.059550508,2241691.9960618448,2235126.4712929237,2228509.040503392,2222385.206213302,2216748.5848222384,2211142.602279215,2205902.9737237534,2201056.949606575,2196160.860135442,2191570.2822298147,2187277.781660754,2182909.9571236228,2178801.5905139158,2174909.7166757234,2170947.248743275,2167268.555064914,2163637.063541266,2159985.955213235,2156668.6224629832,2153202.564879195,2149807.1146940133,2146708.029350482,2143406.3237400064,2140203.4529089704,2137249.2918685307,2134125.856069784,2131079.142137316,2128279.2477081427,2125310.4166007843,2122427.3380512814,2119763.9234654303,2116968.627965153,2114268.5664993143,2111739.5059080776,2109136.6503097154
T35000logg3.4,644729.7051549292,626491.7822887847,610318.3270054876,595602.1019375802,580789.8139054643,567740.6160239246,555607.3816464476,543690.3435487297,533263.0966994865,523345.35278624203,513828.9562042743,505656.75069367804,497579.1129417567,490106.40009637416,483790.7592588704,477443.4175406923,471759.49563803297,467024.7896350163,462259.550649033,458127.6758196496,454717.0913031519,451373.80055539036,448574.7335553514,446300.4452425074,444176.2162116447,442499.98382698663,441196.2567878226,440078.3700671202,439327.891050938,438834.5072862046,438537.49302559404,438543.6776816687,438723.3116525681,439094.52043013676,439721.52444837964,440419.69657156355,441309.97820090497,442414.98560931964,443502.44656066527,444785.2142526762,446231.56383182656,447639.269067235,449224.6647084269,450920.76085543586,452597.2292606055,454425.49215463497,456310.56673336844,458222.97208461794,460253.87796574354,462305.18043185235,464418.8939620161
T35000logg3.6,986568.4218025504,963255.9992378284,943015.877604443,924133.2021688046,905631.3695584264,889541.7248583103,874166.9360489601,859388.2562037689,846593.2475057223,833984.2105466987,822142.3147758188,811958.5701639168,801619.0742244594,792145.9715226232,783972.7062404553,775637.5694699,768118.9550865937,761556.6855931574,754964.1103832521,749091.8022836199,743869.4529446224,738734.7536946553,734201.8797731071,730147.3664107447,726184.5229218572,722732.8700695123,719623.4128628285,716612.9990208889,714027.5650322253,711674.4759367784,709447.4190272562,707602.2823086905,705827.6589711639,704237.1525934073,702978.6696898133,701670.4428956085,700580.9637510766,699737.7374574561,698837.3593219008,698141.9500003196,697616.5080380846,697071.028620383,696698.372578037,696453.2681573702,696206.8460854787,696116.1390363047,696121.8425926702,696162.1682153185,696341.2840474787,696589.9564984222,696913.3195058735
T35000logg3.8,1196213.0949064158,1174888.6686110613,1156327.0516286043,1139658.6990501503,1123105.6070879232,1108753.0891342221,1095394.7695243391,1082442.0835276796,1071172.2783611931,1060536.0592562894,1050348.4724093152,1041465.0118969531,1032951.823666939,1024890.6765439985,1017948.6595618945,1010994.278297543,1004581.9666847079,999020.0007307951,993443.8581636904,988344.0497507632,983916.1934757263,979426.9826547886,975393.80550186,971827.0603841419,968243.8093428861,965051.2494073096,962156.5507658193,959294.0754833147,956740.1608867492,954407.2458938656,952118.8661649256,950078.5997310252,948203.5886480703,946366.7583326899,944733.5156004655,943218.9809998862,941736.6432951336,940445.9278716797,939193.9722686904,938004.3475158748,936997.5593966031,935965.5541201557,935034.0637748835,934270.7293388259,933451.4924153804,932756.9526812554,932233.37591323,931629.2098699528,931167.6845815907,930879.0948487063,930512.3337776359
T35000logg4.0,1028347.1628252758,1016134.1919703973,1005724.993096539,996139.4119295479,986994.9106680907,979245.5934240822,971876.1896213143,965033.2051645946,959402.192666621,953642.5391640632,948558.0652559649,944365.9373161627,940096.4244061047,936404.252038283,933339.5144087423,930314.325399427,927747.3836827186,925620.4986509216,923603.3517080405,921947.1970623733,920603.1038491782,919373.2873558486,918433.7497601446,917703.9810855453,917086.513636928,916685.7730066299,916424.050614786,916256.5013337099,916285.0002707038,916325.8784220902,916481.7091985272,916827.815524739,917081.3959213118,917470.7568361324,918001.2755612233,918435.122561593,918979.2648146705,919619.0707595955,920170.9228965563,920807.8759736136,921508.3850521885,922131.4863606255,922821.3059728473,923532.7021717594,924202.2660611665,924920.8286302735,925626.1553667511,926321.2249703499,927081.2693529036,927764.7173838704,928482.655725492
T35000logg4.2,1305778.5939279594,1297110.0010696836,1289779.144525715,1282963.6266930175,1276528.9998248199,1271085.3133730756,1265902.7199550972,1261107.5895892372,1257156.0929213027,1253104.4116366864,1249527.221174477,1246554.699219545,1243516.30095845,1240870.3802369302,1238633.0962655207,1236407.9253839443,1234487.0664611184,1232844.1168543326,1231250.4541471659,1229897.4482980757,1228744.41812583,1227628.2240816907,1226711.326692554,1225927.048725665,1225186.3275606353,1224594.1241916122,1224085.673107494,1223613.6661081945,1223308.9867236814,1222937.4525350165,1222654.6750316813,1222543.7749116097,1222275.1688681585,1222126.068100425,1222100.6325947018,1221939.1992803386,1221871.0988672308,1221900.7209099014,1221797.2934840024,1221772.747377997,1221816.5227658777,1221754.3784246189,1221750.1875656142,1221777.6613492458,1221736.941053587,1221748.1757185261,1221741.5600075512,1221709.5437996467,1221754.0588515473,1221704.237003954,1221684.2015249655
T36000logg3.6,937620.0501829127,917848.2648495557,900462.1859055612,884059.7955532089,867835.0223717279,853621.5656390577,839799.6753953515,826463.8621305433,814994.861433773,803206.8822550982,792251.0179116782,782832.7095628195,773023.6896908788,764083.0509703928,756336.5133031921,748350.3628382257,741157.4912686354,734849.9027273705,728477.80525364,722799.630378193,717760.5225994327,712751.98952878,708349.0216184678,704406.3324476671,700547.0552685894,697204.4711514686,694164.8224891013,691260.5065342681,688806.6512305215,686492.7833397364,684365.8789932014,682680.4801084425,680924.3085200271,679434.1513712627,678289.5185561964,677057.0341454822,676070.2537826254,675327.7040783822,674531.5176736218,673942.5477501368,673528.2907202238,673081.0398076127,672816.8790249104,672665.8925537196,672525.4974749702,672539.7709108661,672621.9047391822,672756.0752524179,673046.4980420291,673332.6344411653,673717.3721235888
T36000logg3.8,1153543.615395974,1137816.158638086,1124167.7244291943,1111331.303250659,1098795.4184560506,1087917.457746508,1077357.7189298428,1067259.7523081824,1058630.3265888283,1049757.4923495022,1041556.259750636,1034511.6657416954,1027178.2917778387,1020489.8924065322,1014672.8306867036,1008655.2003838929,1003209.2275121446,998386.4937326777,993486.7903876798,989080.2497978499,985110.5431055992,981114.3405788672,977548.7477139345,974295.502817057,971043.0948247039,968159.8399620198,965470.2156488918,962828.0112320507,960519.345168299,958266.5091950041,956116.3601857692,954317.8431290888,952383.2375876298,950639.0061360605,949183.7798501417,947565.3435507766,946140.2040280652,944929.2492768534,943583.8844536176,942409.0557205144,941403.2607116427,940279.7149902012,939315.4713175006,938470.7251548049,937557.6006035011,936784.8546243133,936089.5078584093,935380.8750870404,934825.4642052702,934266.2282297447,933758.4520655002
T36000logg4.0,1263116.8781399978,1244996.2023934524,1229337.8571970249,1214876.2654038356,1200788.1459910471,1188629.8039217559,1177110.8515846492,1166137.544909113,1156747.0214736948,1147543.203771515,1139007.1211421746,1131776.781683968,1124438.1042740361,1117811.2909892874,1112177.6680561271,1106424.5624085425,1101300.6725775565,1096890.4375004736,1092445.1160720221,1088526.096149962,1085081.7405103,1081681.111204161,1078696.2798102926,1076049.5375999245,1073438.6940417776,1071166.7038385114,1069122.4935111748,1067111.9661989312,1065376.619130857,1063780.8915354917,1062235.7010799223,1060949.9128195806,1059658.4151668788,1058467.1201957616,1057532.4027160695,1056445.9741699963,1055509.4452811305,1054784.3121098978,1053875.6387636105,1053120.135972862,1052521.5075188652,1051775.9018391739,1051157.3724490625,1050673.820824149,1050058.4381811928,1049564.9641857361,1049181.9516043917,1048706.0770445056,1048346.4735056168,1048069.2301851665,1047750.4542233128
T36000logg4.2,1583074.3085263763,1565325.6459240932,1550034.9624719014,1535788.4672957608,1522007.2131876454,1510159.976906768,1498851.9240409979,1488166.5040542886,1479103.3210790413,1470067.9710505619,1461794.12663716,1454766.2988857925,1447640.1202963053,1441209.9801612056,1435685.6363006036,1430076.0321861068,1425053.1827352114,1420660.1019771572,1416256.1701433645,1412347.0032539947,1408837.326207248,1405365.4492883456,1402282.7570178935,1399496.0144865091,1396718.6994030525,1394256.7653822352,1391977.5839563876,1389720.9661172905,1387717.5955712788,1385802.1459370502,1383927.7563614724,1382331.8476049432,1380619.4525881622,1379026.4398995056,1377691.3862504088,1376142.3811467506,1374747.2851515126,1373538.7112139186,1372145.3988063396,1370878.995195866,1369772.9903047609,1368493.9062967175,1367330.840773091,1366301.8903873952,1365133.4861103154,1364073.4970662605,1363118.9794350024,1362077.3962998805,1361153.664285429,1360279.6410450027,1359380.467610161
T37000logg3.6,481623.9654868141,470508.5197454684,460827.41358902043,452041.35138820123,443409.33487593697,435965.11697358143,429012.38806239236,422384.90437618585,416763.5051773408,411325.18758044677,406330.8412073253,402195.917291152,398073.1855171807,394465.0697437468,391549.3547529353,388669.798610274,386286.81318275636,384424.89644242625,382704.82711640344,381405.8288393358,380487.4175621201,379778.0301863811,379417.5050524441,379326.6730565972,379473.7481399189,379905.4567648919,380522.07118409814,381378.7778335599,382454.8427394642,383666.2161473279,385101.6334663232,386717.2329656252,388403.80016247043,390303.45604130655,392333.0346753122,394410.59659545915,396665.95932458335,398989.1996713151,401375.54575561854,403891.13346072944,406417.73043445975,409033.8677418462,411734.6325129959,414409.4403345193,417181.357091117,420010.4182482726,422790.3969459412,425670.9460559872,428589.16485827224,431443.0079449923,434403.14730969665
T37000logg3.8,745765.3559882594,737447.9201638567,730280.3824222977,723588.1499181696,717132.2017069624,711597.8382784501,706264.5887375802,701257.2633624685,697077.7501515214,692772.8674610768,688918.8284700742,685707.8519827371,682386.4721149768,679489.0157134873,677054.1710223095,674631.1143323581,672563.0318480155,670836.7180494865,669195.4974641309,667858.4084717677,666772.5610967618,665801.4427256379,665091.6149046856,664558.5415853903,664160.1266303676,663969.6947821252,663911.2712975611,663982.2275008025,664258.5776664107,664546.1136581762,664996.2753453001,665618.7976457255,666221.9242870577,666978.8247849562,667852.9206574196,668732.270605797,669729.2850390943,670807.7361585596,671886.5276481687,673064.9571346975,674284.6711242502,675526.059646829,676838.5743921236,678158.565676957,679521.5892917089,680939.4314087556,682329.7518074212,683779.4669273621,685287.2900733963,686726.9702082652,688246.6713774346
T37000logg4.0,1025479.3967213078,1012360.4708887303,1001060.984463887,990553.1253086219,980426.275378881,971775.0402227184,963436.9892953724,955642.1635606845,949154.2294918809,942487.6387657012,936541.6523617513,931584.6941420835,926500.6574037932,922053.4884503884,918316.8599061754,914578.739728289,911357.3276573555,908636.7888008098,905988.024243976,903755.1834950508,901873.6237121276,900086.2272378156,898636.6793114144,897414.367992669,896303.6872878688,895451.9980824965,894741.533791903,894133.819897001,893791.4697180567,893395.4850769017,893160.5449672675,893157.3550164845,893028.9012900639,893066.2326714004,893263.6357942736,893362.2792071837,893584.949699772,893922.2463404572,894163.276812316,894508.0576534894,894919.2088265682,895268.6375644164,895693.9754780225,896146.5892660407,896571.4882019281,897069.2870300132,897537.469562503,898017.483488201,898586.9119083949,899067.9949586551,899603.1950676689
T37000logg4.2,1103081.982484437,1092671.5021539296,1083831.8452158635,1075589.8216486303,1067806.859984783,1061316.4399940732,1054936.057933405,1049156.2437425167,1044417.7679053618,1039559.0370832519,1035330.070231433,1031836.4328616303,1028327.9222359542,1025327.4505447758,1022830.9541018535,1020416.1206017148,1018399.4214332209,1016732.5382119471,1015169.8148690565,1013928.5422963377,1012920.1712279427,1012032.7094480026,1011391.5346448971,1010897.2737521086,1010515.6543217587,1010351.7057184725,1010205.6080584613,1010188.9773266775,1010389.0631053469,1010464.1401205924,1010703.4715828571,1011089.6759288826,1011381.6516165527,1011793.4966102743,1012304.0467950515,1012728.5725702393,1013241.4987217404,1013807.2996694889,1014319.6951308331,1014888.1651579989,1015470.4494477233,1016027.5934906469,1016628.8246008009,1017199.5660953684,1017768.2077510972,1018401.1540977377,1018928.7689341267,1019497.328810863,1020151.5787365326,1020648.4786332119,1021218.5058610335
T38000logg3.6,334529.61300088296,326839.72481423407,320147.27888311836,314118.65108593943,308225.2060585947,303183.62194811297,298563.50517775613,294223.1351629281,290605.3935730775,287228.1794736526,284213.803217547,281819.67427280097,279540.26277817925,277679.557681269,276303.3212041856,275088.64516191743,274267.927412883,273808.33546729776,273591.50811118673,273712.7134222332,274092.26112887816,274774.0851489201,275732.5013460404,276870.1682217785,278329.61971995793,280010.50069099327,281813.99815968657,283931.987600458,286218.16617623594,288588.31155700894,291249.4478908278,294024.6354989013,296872.45171437954,299970.63247579307,303124.88918588613,306368.90792033874,309805.4167547908,313235.07285600604,316791.6872838651,320475.30124791124,324100.83872676175,327882.0579118756,331734.4837140731,335494.05945448356,339426.66906115244,343389.67237026145,347240.27425228845,351261.32326580014,355289.3926384794,359193.5981709012,363261.084217776
T38000logg3.8,699808.1888547639,688696.8062094684,679069.7655016752,670187.3014234864,661546.5718099811,654132.6694122725,647025.9491150053,640326.2682933626,634750.5227838194,629007.8370697885,623866.0885326474,619598.9067898171,615199.3506123538,611359.3748323882,608168.8708871868,604973.7309630575,602255.114811163,600010.3533415884,597861.7386052179,596107.5760175404,594693.2188675104,593419.1837909026,592473.8031498024,591760.5064111113,591208.9020056871,590919.2339254491,590790.2751177964,590820.2013790456,591078.6104274136,591397.4642744524,591888.6639829017,592587.9359078794,593261.4484777265,594117.0598650619,595121.7859955796,596106.2664720472,597237.0222237436,598459.4648201293,599679.5302585918,601010.417964299,602390.1288659757,603777.9808415405,605251.4500514461,606735.2671056077,608250.515494279,609825.6993091576,611385.9945057667,612994.5583317435,614665.7560360503,616270.8253045974,617952.1865115319
T38000logg4.0,867334.3692706447,856916.3773339839,848112.8690197468,839961.5822586378,832288.0072707022,825844.3579568708,819722.2924821887,814124.5661686489,809528.1576604082,804937.8304316548,800923.6089157644,797632.4039111707,794357.7661609851,791566.6244777893,789263.3826848915,787054.2738790706,785222.1169209146,783719.6360134477,782329.8375327422,781244.81880879,780387.4625196521,779644.1275812017,779142.5809745921,778790.3069518458,778559.1413257947,778509.856937751,778555.4246961693,778714.1288490493,779056.0886466638,779368.1564430118,779831.0113371619,780436.8778457657,780996.5060699009,781695.0849652888,782477.5055667919,783242.3970534011,784108.6030639689,785027.5358070479,785936.8448615737,786924.4780844332,787933.0995670984,788964.1205020577,790045.5311817706,791130.7413940319,792258.135202544,793439.3422320063,794581.9946391239,795793.3300913571,797060.4962362831,798269.7192128631,799559.7210410924
T38000logg4.2,1273984.0753779146,1260764.6719876158,1249424.917054494,1238642.0899196446,1228363.007088176,1219698.3412880893,1210983.717448212,1203013.075072437,1196335.8312590832,1189434.288257292,1183293.3858479226,1178078.8217936007,1172760.1960969672,1168068.3105094926,1164018.3240669724,1159965.0970367696,1156428.6188433385,1153314.678739841,1150256.3547315071,1147617.5634212499,1145262.6228039078,1142996.1407526748,1141063.6800942132,1139303.337925065,1137639.4047026958,1136318.019455038,1134928.13029139,1133714.5271460386,1132813.0453702714,1131731.6959313452,1130858.8488609162,1130205.4459393297,1129413.4523734744,1128787.7399169751,1128313.0629181121,1127728.4883699308,1127272.4333934532,1126905.5894033113,1126477.3675200725,1126141.9441189235,1125854.5286182116,1125534.559570235,1125321.1168277212,1125070.2140729735,1124840.85915903,1124742.9622857522,1124522.5009822876,1124379.1434142385,1124399.372107218,1124220.5308281598,1124162.3835829443
T38000logg4.4,1403336.1665066793,1391276.5945701657,1380986.9338970352,1371171.2369580956,1361897.127431572,1354124.7067278433,1346308.4791312874,1339235.807733468,1333315.435851074,1327287.8039958752,1321958.5775728035,1317434.899114177,1312892.7046031193,1308915.5183178624,1305479.5075539735,1302089.9049863038,1299169.8167996095,1296578.849324664,1294093.6929331103,1291974.9643313931,1290090.6020235126,1288315.886142131,1286827.823953238,1285490.0565466401,1284255.452455917,1283326.596385838,1282310.5100875192,1281478.516168819,1280906.305488172,1280189.9657942846,1279667.2510579906,1279310.6117197613,1278861.5694455295,1278556.9141460056,1278361.294700016,1278100.2215010799,1277940.7790385915,1277846.729510382,1277722.7538544526,1277666.1976972565,1277649.118499481,1277618.8114571432,1277681.042906127,1277694.5089393635,1277750.255306534,1277923.2915765457,1277968.1356440815,1278104.3349940167,1278391.2765243878,1278472.140477181,1278678.6212721958
T39000logg3.6,776434.4440534407,763427.013820391,751535.7962087372,740176.5742652502,728496.7090349521,717950.3144382754,707618.9671505394,697325.6516938638,688252.2417315912,678895.2931397398,669953.6705492146,662162.934021442,653946.897380182,646326.4506367336,639715.6583458409,632744.14948609,626421.2426305077,620892.0967170262,615219.730258952,610132.3103821758,605658.9051582473,601181.0453866905,597234.5994067716,593747.7774216561,590346.6150152268,587423.1877385703,584820.3773702717,582363.7356915624,580329.1905531597,578491.8654499939,576844.8719323196,575620.9934387181,574386.9718776046,573422.2026379723,572822.4812298815,572146.95344274,571743.5730140642,571609.1609557602,571435.7435542605,571490.5057093989,571733.3937155292,571969.622203152,572399.2664784458,572953.5492956236,573521.9324403049,574259.3031277393,575059.0285620147,575913.231194606,576906.8276967945,577912.2068002806,579003.299393605
T39000logg3.8,639198.6510216825,630414.0422386129,622743.4636941928,615585.916768853,608587.2594704566,602540.6714777321,596708.9121766326,591191.2143322093,586583.9668341686,581807.1590012013,577530.3230175779,573975.4448923278,570287.9061017092,567079.0165949719,564400.0546448033,561731.8503487849,559469.321841472,557599.3630480166,555831.9718784573,554411.4773624983,553276.1717691057,552290.997696748,551602.5202823881,551113.4325488796,550800.8215296378,550727.6380140296,550805.3282129726,551056.4403097378,551531.2572722784,552048.973497856,552763.0955285237,553663.206595998,554568.644021175,555658.9005961715,556875.3102491378,558117.9681224017,559504.8932594758,560969.9811087834,562470.3453377092,564083.4242551358,565730.4212300063,567429.9278386773,569210.8841130512,570987.7768333262,572837.9520892132,574742.2181093048,576618.7871284889,578575.1835942686,580581.6875703217,582523.5373499056,584558.358579982
T39000logg4.0,1063869.9558413955,1050920.2433177873,1039671.3781176179,1029355.142247049,1019226.3679987624,1010440.5827283245,1002159.1552025989,994207.1627553144,987346.8295498784,980699.6371242866,974462.6779502989,969212.4758885126,963809.8317702324,958942.7909056203,954845.3528705512,950605.1808147865,946844.450560353,943654.572428565,940398.9310060763,937541.5437275578,935085.9898255374,932632.3324936916,930502.3677113176,928651.5450994518,926832.7345444083,925278.4934532072,923920.8046958074,922599.6293578376,921503.2992735171,920536.9501121226,919619.998576143,918912.3991295353,918240.2765322558,917646.241697836,917276.3295013775,916802.2967461322,916459.6072126231,916318.5870675565,916021.5042451982,915874.1262346669,915891.6111929849,915765.5312141539,915782.0865993318,915930.6078863834,915971.1226161805,916139.258691108,916421.0188273584,916614.8466729509,916933.8620974661,917339.431515014,917691.9113592488
T39000logg4.2,1089742.5920019057,1085639.0164804605,1082121.1991791662,1078759.0083195127,1075557.8780096762,1072878.7918243494,1070136.489472623,1067646.646288941,1065583.1065653278,1063402.3506200814,1061485.6591886212,1059863.299710348,1058212.9929660102,1056773.2259801342,1055540.7988332298,1054329.6166470014,1053299.3124475135,1052419.830238391,1051577.7820194846,1050894.0593426179,1050320.4541412413,1049801.1818747849,1049407.5258805659,1049098.5581309153,1048844.914200083,1048741.5044831843,1048596.0084374326,1048554.7388803454,1048663.9617697375,1048662.069363498,1048785.1149732554,1049018.3074014164,1049164.0715725564,1049409.917206732,1049733.4146569723,1049990.624975129,1050323.3341873041,1050696.1243845883,1051044.6969437564,1051436.8126841285,1051844.8907756961,1052249.2460905674,1052699.6969117632,1053109.650388085,1053542.7217926853,1054040.7223557963,1054434.168846934,1054881.2722009243,1055419.3561061774,1055794.0838538324,1056250.459569429
T40000logg3.6,717563.4303026652,705824.9404648206,695029.6738672403,684631.9351444207,673919.8721807267,664232.7111672941,654659.4656419253,645142.582295566,636798.240087524,628044.9676922301,619754.3813614888,612561.1011623583,604888.5468748646,597831.9435647704,591688.3601295211,585252.6493490833,579429.2305422088,574328.0110351441,569130.4241066051,564496.4453995539,560420.6650844099,556381.1421581536,552861.3394897194,549750.3193479656,546772.1328216424,544260.760476542,542030.2917969573,539992.6570628814,538387.333150618,536909.0015474898,535680.6043197907,534871.8670331053,534020.8806407667,533477.4536373971,533253.9325593426,533013.7852881016,533036.7210241227,533286.8664460048,533554.0068316228,534039.4569280285,534679.137180083,535352.1590664228,536212.7498142358,537156.5802132686,538169.4825939276,539331.2932046105,540521.5785021228,541809.3197032544,543229.4720993434,544608.4737475751,546111.2111476823
T40000logg3.8,812373.7819663932,804906.7976329931,797358.8746583188,790580.1723419754,784312.8841582215,778082.5528920046,772347.7639412805,767068.9332705003,761927.1612467279,757067.1856916944,752616.844283597,748464.5338248305,744274.7881847491,740548.9865560473,737110.1291017282,733683.0279996278,730610.5620362252,727793.4929015038,725061.8759660653,722574.0793288827,720324.5587635937,718194.3246530907,716231.3259116188,714491.9652146054,712968.2699634663,711419.6758062926,710137.0214670548,709047.4728735707,707975.5396090172,707101.9419894071,706384.5568688981,705744.7147135986,705238.0482676292,704861.230236948,704607.5196687914,704395.6124563918,704315.7283555446,704393.4571119465,704412.3263378642,704581.5416084453,704886.7344476323,705152.3704774518,705537.1644093756,706018.2790549176,706530.0390052384,707101.1940587052,707752.064907866,708486.7882362547,709204.1414283708,710010.8408446303,710934.9095563038
T40000logg4.0,734717.6134743791,730382.5986895115,726345.427842241,722267.4173031029,718670.094958108,715356.459114552,712088.1581343214,709138.1669505428,706455.3764137874,703903.1006328599,701528.2872706098,699404.9100805584,697502.5280299748,695632.6989084505,694027.3654988143,692621.0008562175,691345.4298083549,690244.5324459,689338.6354752342,688647.6923394904,687977.2302195093,687535.9182620445,687263.742413085,687095.5284695622,687074.6810856641,687192.3395263779,687454.0467263837,687799.7291708486,688270.6804089443,688900.9090037649,689539.786227453,690307.1751899231,691173.9304318001,692122.5184429454,693142.6679751582,694228.7368530825,695442.5320595867,696620.5646035773,697885.7297213362,699238.9315767754,700589.1557316247,701993.3739743026,703440.2352738408,704949.9752793063,706438.8809977758,707967.3383136254,709587.1356903769,711125.7500277997,712718.5915993555,714356.7485498084,715992.0529123517
T40000logg4.2,911578.3111784662,906469.2817087934,901896.4426762058,897436.8071998727,893616.432971105,890226.9611819639,887036.5526931394,884209.6826339716,881745.4504841672,879611.0558464215,877501.8516001333,875779.7626567788,874301.696811113,872971.205928788,871868.9166709513,870983.1421610846,870296.4599487956,869699.1453422188,869318.5876752973,869112.6325691501,868995.473191124,869034.4616086578,869201.8576834077,869487.8756796338,869869.0067664053,870351.0260649002,870973.8351512951,871580.8735252409,872302.8874568805,873094.9143923784,873945.2560781393,874847.7828984071,875792.2153362256,876851.4293523136,877817.0054452738,878870.5274751282,879973.3658770724,881061.1823226614,882182.7796886424,883315.2699578525,884515.6014139381,885625.7534704993,886785.0542783514,888004.19118127,889127.8784004073,890297.083198976,891478.0842164933,892670.8725459281,893802.3631461337,894963.2284774738,896195.9159328069
T41000logg3.6,650166.5467913743,639640.9717607168,628683.9289336181,618439.1976335648,608747.1978170248,599049.1625593865,589772.4101612208,581134.4342524539,572921.6432819637,564572.3133074688,557030.4754396646,549966.6194750053,542875.0136271545,536440.8248581855,530493.8504389012,524705.7934704015,519388.779668148,514566.0891987579,510083.4753062422,505819.2011889154,502083.98630008695,498765.0725885426,495567.9885011778,492859.3370965541,490525.10009716556,488407.4458643721,486634.97517128073,485198.68719355337,484024.60942722275,483070.11513090995,482419.36704108195,482081.2020777146,481802.0580088849,481822.3167899806,482082.342573356,482473.5627740831,483048.36247246555,483810.6721679316,484734.66571337875,485759.70870859694,486935.4269865504,488300.1259820481,489667.5467527524,491179.32204459596,492854.77624663844,494530.5086315106,496306.5404000401,498188.159305104,500139.23711764376,502121.35183544,504177.3497003396
T41000logg3.8,539919.3924021904,535504.3183311553,531014.3530788503,526946.8039032386,523188.13319496054,519489.3702061051,516072.084082654,512961.9029894442,510021.16351563163,507213.21271706955,504718.61568823253,502467.76367957186,500250.38076607714,498347.0070984395,496670.85116828256,495119.91189651436,493802.8433021797,492710.51961824734,491783.6716978932,491040.2064480153,490505.9558404614,490195.0067816507,489952.6655102015,489936.71892927244,490115.1651389199,490400.42425559746,490853.37384151056,491459.2600564244,492214.5979147003,493078.9018466682,494069.1922752906,495212.94288749644,496428.1732124917,497750.60082922515,499229.33615187934,500724.91648458596,502322.4380865903,504031.77725091996,505794.4746596911,507612.8833438406,509502.83449954086,511477.57095716655,513473.9559914233,515516.02587918896,517655.4442907322,519782.0188322697,521946.95690516353,524204.58126085304,526431.4396582115,528691.3507402173,531014.3212101386
T41000logg4.0,781205.4430949971,777581.8404743962,773968.1185421695,770426.1047708782,767131.3050638398,764018.4994526939,760802.3519555073,757882.3559340461,755151.3185509836,752439.3721567192,749915.1741654115,747586.630725369,745386.4161760423,743237.4538996737,741316.8869310821,739583.332963187,737866.0261127476,736368.567537681,735040.6412018847,733821.102263575,732746.0422918677,731837.9446024759,731119.363197915,730400.5972047948,729891.5630099685,729545.7155085903,729260.2182160146,729122.3545943599,729110.5424882015,729214.1370159554,729409.0401944974,729712.2965719645,730180.8252208664,730616.322362115,731193.4726878329,731883.5208298997,732607.0313640176,733414.0473479887,734293.1751305402,735262.8031042162,736239.451607446,737284.8914749506,738449.9851380141,739545.2236622287,740724.753707558,741976.4808675468,743220.3705992055,744501.8368606734,745821.8337263439,747197.6248901808,748531.1785344481
T41000logg4.2,851318.9593873675,846404.2171149638,841992.4056510322,837710.7196230622,833994.5448487918,830697.2669599972,827631.4476294175,824855.7557910763,822448.9673188031,820343.6565089085,818330.6444866363,816647.8134671131,815212.197674051,813937.8896795802,812862.1254345835,812006.8157585436,811381.9256010598,810801.7054923992,810452.7178112976,810266.6156559617,810217.2918609692,810299.2163394406,810515.800771346,810919.9026105313,811303.0957584939,811849.7082126646,812504.1807450929,813237.5719874648,814050.194492805,814933.5545830446,815947.6816289615,816915.7614963173,817981.1458498614,819124.3909070027,820274.9408140915,821476.6506234595,822708.9127765298,824021.5930529409,825278.971135591,826586.195894033,827963.8098878532,829273.961807026,830631.3800885943,832006.0249763844,833413.5607463843,834768.6581959268,836150.4684031385,837605.0855155559,838938.5170491938,840325.8964723847,841734.5670930155
T41000logg4.4,995856.615864018,993401.4610439889,991236.9029186523,989204.0050490439,987438.0843980646,985920.7112747096,984623.1786335687,983383.3209971497,982396.8099840917,981579.1794278882,980882.829874158,980330.6288020505,979923.9512951868,979681.7743434401,979462.7671063617,979405.6087631298,979461.9600928335,979623.7464169775,979878.188465017,980227.6890453002,980712.7299498226,981197.7843671411,981793.4674476789,982472.6605110188,983214.286975001,984017.3805582521,984869.8472629876,985831.971828388,986758.1458386728,987754.4083930817,988811.1349427155,989873.9978852912,990977.9943704577,992098.1312074855,993300.1476564104,994434.6456129545,995615.5250668084,996845.4582352298,998025.2048925597,999240.8675552655,1000455.9815864877,1001722.9917035766,1002904.8193951466,1004120.4600293159,1005386.6471262468,1006553.664473713,1007759.2184934841,1008963.5912720743,1010190.4413900194,1011329.1720233695,1012499.0202354784
T42000logg3.8,637795.4415186133,632822.6799613008,627700.0274075307,622749.0418024624,618060.985601367,613534.0848689337,608855.4505754319,604590.9927960648,600553.2017559512,596449.2652791153,592679.0253404093,589157.1626653435,585698.3331937527,582456.575504399,579488.5868932322,576759.7132422411,574022.3653016585,571637.7376652965,569494.1991064057,567424.0686341077,565623.4531870391,564049.8933974033,562627.3864401965,561394.4505934421,560380.020951597,559601.1007128443,558852.0615237982,558355.4460859037,558056.5629475595,557850.3375939779,557816.4880986155,557941.59434729,558208.4639006883,558585.171826774,559097.3670529035,559789.777706985,560485.9876121217,561330.6710188435,562318.3795700856,563344.1931965216,564466.2883234436,565686.4536140384,567000.6899849712,568349.760974527,569774.9682742076,571323.7637785907,572844.6449772305,574442.3477939754,576144.6335671027,577826.3785516999,579564.7860732103
T42000logg4.0,916230.8631804793,909778.6289169124,904083.5353152653,898396.54972098,892832.4416370459,888051.8897240033,882912.5473099797,878135.9473522226,873996.9701513647,869557.1137735671,865495.2470260807,861908.6627530244,858158.3199437314,854754.6179378536,851698.3348291047,848575.7123973009,845778.8810107037,843220.5404884936,840675.5639800163,838432.792177056,836338.3939439366,834318.254611663,832643.8304846698,830907.3634982944,829358.548195154,828124.9324690781,826776.6718256099,825644.9972435065,824764.750015313,823792.8362093599,823025.0740381533,822427.8920515437,821810.1168228155,821356.4655855552,821005.0056504731,820686.3610774439,820495.1441980747,820365.742666102,820286.1707642347,820352.7503528224,820377.7895432494,820499.3294633244,820782.6082265113,820943.3326518362,821237.7365588748,821683.4239407167,821983.204340352,822426.2630125656,822979.3938464527,823431.2100663779,824003.0423086338
T42000logg4.2,876621.370511546,873874.9476753252,871464.3491056524,869044.9290866067,866717.7733421884,864763.6433650646,862633.3092616831,860722.869597696,859097.86089405,857388.3923201046,855880.9804506646,854576.5083496997,853272.1102255271,852145.5856981097,851168.8477697494,850239.8694050558,849479.0898589619,848826.2225823309,848257.8693534205,847840.1065234948,847505.425786456,847273.7870177049,847210.0748882048,847134.9659628113,847208.6460370935,847443.8093586339,847624.1518902725,847966.5658475122,848422.4706578064,848866.2011910432,849437.2387647033,850072.562885621,850746.1731146108,851505.9128309347,852295.1082373757,853152.5157628701,854059.9035317744,854984.9735788223,855976.265599965,857020.5532381239,858030.3800495304,859118.8270637444,860274.0355165432,861335.9426219878,862491.808898178,863720.8329952223,864819.752243781,866020.0157883129,867269.0709815382,868419.6455661593,869647.7863613621
T43000logg3.8,752833.7921164102,745522.9829186676,738703.7115877252,732127.4480328073,725225.142059262,718888.2860340598,712648.5135721689,706326.682476863,700647.3292570778,694854.7217290417,689211.4615053326,684275.6957218931,679017.6914893381,674113.2938665537,669865.4383041597,665311.4901974574,661176.3081340746,657563.5238866896,653809.2359673962,650436.9059550143,647472.6435161174,644481.6726503248,641842.932720476,639514.7142288112,637238.9664431452,635288.265303795,633560.1487924643,631939.078050213,630607.6229347305,629431.2264316169,628392.566001132,627641.5180952598,626922.0463184756,626390.714192297,626143.4330229437,625818.4475145616,625720.1177522235,625854.4054041472,625909.544580553,626175.5413692975,626611.3438955237,627003.3989616684,627573.6398885424,628261.1064712531,628931.154124221,629752.2600956103,630644.7718963647,631544.3457051999,632568.4385743972,633623.7068465707,634714.8023756316
T43000logg4.0,927556.0695245032,922101.7857451672,916855.6804094705,911519.7154575222,906333.4257437664,901437.5664435235,896747.241782502,891901.3540168775,887417.3204906271,883168.072383096,878967.1892005207,874906.6015732232,871125.4784037861,867560.8823376476,863973.3139687119,860675.5452594025,857606.9572204292,854710.1513631633,851833.3601281308,849256.6971051303,846881.7046760139,844552.3273565095,842439.1827068474,840521.6615578964,838817.616705105,837047.5160452205,835550.1067752031,834217.3603000073,832940.2484075909,831815.2860325073,830833.7698049302,830045.9559434229,829161.9105665094,828489.5312646593,827941.5449860044,827444.8648260998,827028.2097614142,826719.4679483939,826571.5473830542,826311.7019854013,826210.8269671326,826201.6434290402,826245.1969141084,826293.0983024266,826436.3280453294,826712.747644155,826870.6942560545,827152.6176826365,827503.2487866004,827904.4716807604,828259.6389452966
T43000logg4.2,999821.0070539184,995377.5031474739,991526.0631246599,987638.1400447447,983926.4620658008,980803.0042386488,977395.2562887511,974317.3717038847,971662.1926852774,968869.0614611052,966355.346952705,964152.1130164918,961891.1220554608,959886.1947855172,958098.2049532222,956319.8496886706,954773.1465533933,953366.4743335729,952015.0835751486,950880.7324455128,949806.603510595,948827.9845069665,948120.3229651692,947268.0308850559,946609.2765373668,946158.8646771034,945603.0773262419,945214.2561948355,944964.6216865276,944670.5056310302,944505.3081685562,944417.9771393235,944342.4008589303,944358.5605198529,944416.036176489,944501.5694014692,944686.4808302538,944835.978185051,945045.5306624277,945388.9260331776,945586.9711929306,945896.7230964703,946343.8490948259,946605.0099431584,946996.9365154696,947487.3843438269,947841.1177213169,948299.9912553732,948826.6415413481,949256.8116494906,949775.5924678942
T44000logg3.8,723897.7459173556,716764.686250559,710085.3215456209,703609.9319441605,696798.3997208648,690532.4825111512,684335.7108513748,678057.3297364159,672427.6973144554,666639.7696717957,661022.1219410569,656101.8447545271,650863.412053626,645980.0375595816,641741.9600883856,637209.6444729022,633096.2705556774,629494.069925951,625766.9045142661,622422.9445793616,619478.4274933838,616522.7849166559,613923.8977890328,611628.5489379424,609403.1436204785,607508.4291016392,605830.8111053818,604279.5408906373,603023.832748859,601919.5267478849,600972.4478541508,600322.4687810887,599694.2622789751,599276.8774371704,599142.6903002039,598943.1745049108,598982.3290865906,599244.1930697814,599457.1528275617,599883.0031199626,600468.1881979614,601039.738968174,601789.0084051155,602646.2970483811,603512.0167393996,604527.8069221851,605603.6136453778,606713.0960036129,607941.5807054495,609193.2444127519,610501.9364675618
T44000logg4.0,582046.0773415421,579278.8668156264,576749.9809613867,574248.4664433143,571714.2279746403,569462.9304994242,567162.6221972285,564957.5992282816,563082.8318756064,561066.9125722083,559259.2522781368,557739.940059474,556135.349200801,554754.9305325947,553587.2263005774,552446.5465583382,551504.1250386946,550725.4411425402,550039.2883589355,549538.015969324,549160.5075241314,548917.7105305805,548847.1163741519,548865.2792340574,549044.2260781556,549371.8331364573,549779.3619244895,550352.5517264695,551071.0367497484,551821.8563211664,552754.6633425663,553808.3773751208,554892.6583915966,556146.0906487742,557479.7285762964,558874.6354936963,560404.0878325321,561980.0860186748,563637.4719660628,565397.8123027885,567172.0504888316,569048.4359747116,570994.5084525461,572929.3772806526,574979.0531094155,577066.9108751415,579135.9368249509,581312.1449724396,583508.9684856648,585676.6101517963,587942.7834594412
T44000logg4.2,762128.9992812956,759508.4335483487,757227.9749515104,754988.086843659,752843.8755997317,751077.3826296704,749166.947628168,747482.4623278441,746095.841146119,744635.4326770717,743389.8219364696,742351.6126061091,741343.4795095657,740513.4731226945,739836.8016290432,739238.1934678704,738803.7486426573,738480.3298680597,738266.0691214426,738197.3763262486,738211.2737875753,738347.9698212657,738615.9266886872,738931.4722753315,739379.922747981,739973.1613109501,740528.0407049764,741245.8034431236,742061.7304025019,742879.0938071678,743823.1214035235,744827.1647754055,745861.333349528,746989.7590000834,748138.4617191597,749357.8523191446,750631.6615655269,751905.0364533205,753258.5542892488,754644.8572111761,756015.8000923182,757464.4037139991,758952.0715984353,760377.4974842491,761891.507027382,763451.4487239262,764913.2767464134,766469.6196533475,768068.0509416278,769562.4091652695,771144.8239920598
T45000logg3.8,671929.6004046677,665065.4804749633,658647.7573966299,652454.058460322,645938.8119039038,639948.56269522,634063.7130391891,628099.330848844,622726.9943277781,617307.8394748707,612021.0212672454,607407.7087689505,602522.2625335805,597981.2167550577,594062.3701768946,589889.8090058701,586121.5353994067,582854.0417118695,579474.4996106786,576472.3811729336,573857.819961942,571250.4463729139,568988.3625839332,567021.7244209293,565141.9355672153,563579.2962993538,562232.0750877709,561025.663959171,560102.32393883,559329.8055772439,558728.3732938766,558390.7102485877,558119.2850003333,558049.1406894427,558234.1675008051,558391.4745469694,558779.4492059094,559381.0719416286,559937.760852695,560714.2029688878,561642.1842314692,562560.8421533343,563660.5216570729,564859.5666214442,566077.5931638821,567441.9460280191,568861.9313657421,570320.391064451,571895.6288488872,573488.439819978,575139.8966597575
T45000logg4.0,576469.7826381596,574123.4869469872,571969.8345603308,569874.6693671934,567728.3109370024,565804.1744574815,563890.1170872605,562023.8755944886,560433.5001889955,558750.027696678,557224.9514076652,555958.8787478498,554618.4727410126,553469.3083646666,552534.1406423146,551590.4571024161,550834.379437681,550236.7970696755,549712.056584455,549351.2209584501,549110.0974341829,548982.8602945572,549004.358336477,549115.8566865897,549365.4841727389,549748.5687349592,550198.8727900919,550798.5335435155,551515.2567618819,552282.0249551835,553199.7590309323,554228.7658132514,555272.1781463344,556473.0684196874,557761.2573815855,559067.8319178636,560515.464255412,562018.1531985888,563561.8541104465,565218.1466351018,566904.1756329909,568646.2059175385,570475.7908354494,572309.8780687163,574216.842735908,576184.0264780693,578137.4398386681,580176.6894947408,582252.9325496908,584300.4036731293,586438.3141598296
T45000logg4.2,741236.4616926061,738932.9808031506,736934.2527155837,734992.9257119414,733133.8932120136,731604.5002136114,729970.1408699261,728527.1510358731,727355.6198170339,726108.0468409862,725055.8185427337,724189.3560616091,723348.0578726449,722664.5712147315,722116.5205990712,721641.3727101616,721310.1308071299,721076.4238889335,720944.4122243299,720941.461191618,721010.4383990457,721193.7407684929,721485.2981585932,721838.1621780242,722305.6288513938,722903.3388556994,723468.9698599842,724186.2868929955,724999.7801969717,725803.7510315761,726735.3440832226,727731.4406919761,728740.298087494,729851.1040521101,730990.7996660566,732180.049206142,733436.7170048156,734695.4433746377,736028.5906193356,737397.0697345325,738760.2980554195,740198.0523544305,741672.609208611,743098.2332270565,744611.3037424551,746160.2896484522,747636.8154743832,749202.0998807923,750808.9335603614,752316.7563344493,753917.0127745749
T46000logg4.0,749298.6445141693,745200.7687857033,741424.043961069,737737.7139648149,733925.2577154011,730460.2723554858,726990.0229843439,723529.0135406266,720505.9586003483,717256.8452625873,714200.9987132095,711566.9412037662,708697.9917246647,706086.929515369,703821.905044926,701425.4265936287,699278.4854282385,697397.5922024547,695483.83295143,693798.264153238,692312.1514180151,690856.068776814,689614.8070162195,688517.4315278352,687496.5817022434,686673.6275556858,685952.4837174955,685336.1863468133,684919.400915896,684527.2235349136,684277.9928037623,684243.6258589004,684132.3852200346,684209.0729556289,684464.4575865251,684646.5192706956,685005.4395365634,685495.1654136679,685943.9711293097,686542.9670145488,687234.1161147252,687907.1308512302,688707.9483744754,689559.9860268155,690428.9268259861,691395.0186554012,692381.0720294509,693411.3933418832,694528.1649289229,695610.4684901544,696767.0230876174
T46000logg4.2,721415.8872305,719398.9939229545,717606.3251733696,715805.3649603879,714048.5661462147,712578.4094372629,710955.2577065054,709506.2848470609,708302.4058230437,707007.8763308108,705898.6152508801,704963.5229311038,704048.1763623683,703290.7268023023,702663.8318514613,702109.6124191608,701704.411053749,701394.872037483,701191.5533823743,701125.4830163304,701129.8076135003,701258.778075214,701511.7036214949,701811.7552043737,702246.1767691381,702820.3960549716,703362.5700924472,704070.760860142,704875.46902935,705690.4476894476,706637.9614399851,707648.2055520413,708695.2966027836,709845.8196013799,711021.0078747397,712275.3446063593,713593.9786769204,714914.7271127945,716329.3302374734,717779.3644681744,719225.8442495133,720760.2962628504,722332.4356213615,723857.8071953296,725479.7806210967,727140.5230029009,728726.4309760648,730408.9851428976,732128.4383516498,733760.4334399274,735483.0141984456
T47000logg4.0,754624.8069529848,750307.5249501783,746263.4464285714,742284.2326330597,738107.1768403027,734264.2840696175,730398.0986517668,726498.7374548094,723050.2246652564,719357.48908996,715841.2378689022,712780.1925504602,709450.2863783352,706385.6017084338,703712.5691628022,700860.1029480824,698283.4444780971,696010.2840810821,693678.7688288003,691600.3678270746,689754.6629186431,687925.4460306659,686336.5188721593,684919.4280180184,683574.3427495619,682454.530928097,681453.8007786701,680563.0180253427,679887.3934216686,679269.7612250927,678793.7834915484,678552.2784500077,678252.0084431854,678146.9328888269,678249.4793110619,678273.1375380578,678493.5603726079,678870.988733954,679202.1405623788,679702.7232416127,680316.5867049082,680910.9823924089,681649.0619702837,682456.8733884011,683277.303440102,684211.4123591462,685177.7875942438,686187.1327511516,687287.3294035153,688379.5618208261,689538.500291404
T47000logg4.2,710402.501268215,708519.9873360433,706832.7018807372,705107.1819876761,703414.9866281673,701985.4089699895,700390.1435450953,698956.3063894007,697746.1843716579,696446.0018531588,695317.0037969592,694350.3749628927,693395.6965866897,692592.5622261657,691911.3277360301,691295.4857246184,690824.8250815303,690443.8766494002,690162.9067430953,690018.7365809374,689938.91902144,689981.1027747192,690157.1144155561,690358.9404804693,690703.3724302321,691186.6675357207,691643.2609964495,692263.8276520212,692981.4523588478,693716.2030003382,694583.0605698421,695510.4719797786,696490.518077837,697570.866693504,698675.4514650222,699873.1117976323,701133.4550398156,702399.8376848764,703767.7929440414,705177.2981679888,706579.6950089652,708079.8802523123,709620.9547762186,711120.4702651578,712720.6670930323,714365.0407061395,715936.5272479804,717609.5512719176,719315.3367983606,720953.9141876332,722678.0402076588
T48000logg4.0,802522.3184289114,797589.5337742544,792968.8566491567,788295.6246619867,783433.0094641105,779010.3151929018,774339.0762306519,769723.8110177878,765649.6562064139,761149.6649945031,756916.2693479756,753161.2618153704,749092.3772971103,745329.5640560841,741947.227408388,738404.5972664313,735164.6047666471,732215.8396873925,729218.4596499046,726520.7397441163,724033.6856971342,721582.8383368887,719425.2523852284,717404.4760950777,715486.885384613,713878.5138701358,712284.8563063587,710871.9267934149,709786.6892796938,708587.7260334267,707639.2819118862,706953.8549692493,706194.3124531356,705663.9415624768,705335.4246072554,704969.3369038807,704807.7015173007,704779.9432947004,704771.9165230398,704930.8725346487,705163.2384588346,705462.2624849405,705891.1392918308,706356.1830643907,706905.7808154325,707587.1782394454,708222.4631800337,708976.8166205847,709857.3871015017,710642.0859791009,711561.7149625145
T49000logg4.0,712834.6924893523,708340.6771228632,704175.6198601837,699936.9903080699,695588.3348268117,691713.5141431921,687507.8672784135,683452.994105441,679898.0175525441,675968.1239501376,672320.5733558208,669079.7335315164,665629.1840564288,662464.3311152838,659620.7164074709,656692.6604386487,654053.110169422,651651.3119560747,649262.1940966067,647157.5233523037,645217.3615450949,643364.3702613389,641783.6899717522,640308.5962693857,638974.579159162,637950.3086627022,636872.5062867227,636027.1488731742,635445.9798073113,634818.1849199991,634421.8197764865,634228.9727542092,634026.1524583593,634030.8598099465,634173.984256902,634360.8678124873,634718.3028618428,635154.3995186744,635681.9092036341,636339.6140387008,637041.3553170369,637851.1684742921,638782.5758273687,639694.1508746379,640736.5506293686,641891.4503369115,642981.5442852859,644212.9724190432,645544.128296019,646785.448939115,648167.9465548975
T49000logg4.2,788216.5836988458,785723.6024510562,783434.0453806301,781101.9233097261,778732.4623918372,776656.1468182352,774362.6262879833,772193.6983270404,770324.277438076,768229.4427717769,766327.5435113569,764651.4765980181,762886.0862678515,761294.9676215078,759878.2590883145,758448.1494260606,757191.0942566117,756060.5438523355,754971.2079608678,754050.728457293,753217.1115061705,752464.367529879,751870.5363755823,751333.7226625839,750904.3229706122,750673.3650556768,750370.2620446242,750243.4220949456,750287.3102299005,750264.0071405716,750413.2834812796,750690.4650805637,750935.0410208558,751329.1815701461,751801.9808335449,752295.1032169248,752902.3788410227,753546.3977843488,754254.4131019296,755040.9466221833,755844.7704766446,756724.135432822,757683.162353785,758600.6355712303,759617.3802342911,760715.1549997884,761726.5993931738,762851.1698198335,764059.0229368957,765145.0359393783,766352.6826956809
T50000logg4.0,696809.4420003494,692422.3832723333,688041.9386135702,683450.2953305648,679148.1308105341,674982.4727744367,670654.2795278588,666584.3097825084,662712.501755101,658858.6763329526,655136.3413623166,651665.335907063,648410.5197826182,645077.4893171617,642071.4415519728,639281.4153688299,636561.9090282694,634051.1143432524,631769.3066861178,629688.878509712,627645.9390771352,625877.5362644899,624328.4445849016,622838.4845551873,621569.2222653984,620494.0318728168,619563.3147437528,618770.2140959207,618158.1278228831,617769.4332705888,617372.9659653722,617187.2150809086,617166.9493986784,617240.832417845,617438.5559001121,617768.2390128017,618259.8590503539,618765.0140748436,619411.0962746143,620217.5305010951,621021.3674507473,621940.1522498971,622963.0149717313,624069.42058174,625211.6326013386,626434.6897642431,627786.5824083784,629091.6911421465,630486.0095906837,631976.3944979856,633459.739886875
T50000logg4.2,842187.5259724353,839273.9332242907,836426.7000717089,833565.4320472856,830607.4864580298,827822.1951780466,825129.7253871717,822371.7231263896,819741.7542360575,817251.9234502589,814915.8280142475,812441.2668398154,810216.1283687006,808128.4382125865,806089.1410613409,804162.9139722327,802396.3061661161,800793.116001639,799169.4830929086,797735.1912506366,796443.2071662537,795274.5996527271,794149.6436307537,793190.9611775124,792377.5699109278,791605.3241049515,790963.4589302801,790444.1505034305,790099.3194418711,789690.54936137,789456.4847129352,789337.8275331616,789275.436229633,789300.2469600496,789413.2819810628,789683.0613991688,789872.639102254,790198.1898573448,790607.6146987273,791093.2298361763,791580.8205470237,792151.5873122441,792840.9313075602,793461.0559751986,794175.3821019996,794943.3161751897,795796.2591961629,796580.8633715428,797446.7901051182,798394.9078762268,799297.6943886253
T51000logg4.2,862259.9494394328,859067.8035447027,855943.6004435292,852804.6673001184,849543.4929178574,846470.2897350737,843493.898870989,840442.1667333262,837522.9465634702,834754.4749022496,832146.6173560285,829391.7557769974,826901.7738743692,824559.7707345221,822267.9482086818,820094.5323029464,818093.6375725376,816264.1063506736,814416.3863579908,812768.2304652364,811273.1234344854,809911.7749435569,808588.2834096538,807446.6330062106,806457.0218640584,805513.9447316356,804707.2367325791,804031.6606940787,803543.2127819048,802978.976283549,802604.7332174197,802350.9108940858,802158.1641051052,802056.7641518337,802049.2251600919,802205.2139892749,802277.1633689927,802493.0561710723,802795.9009538798,803182.9886995803,803565.1650003791,804038.7608883529,804631.8663929114,805158.7333563454,805782.5466632107,806460.9579382105,807232.3178135646,807924.9974053849,808706.9090580891,809570.1017215748,810393.8785087089
T52000logg4.2,680615.3670821689,678364.9238415554,676207.4678785091,674068.1965123113,671920.502728821,669924.792315484,668033.532091582,666143.3888627652,664373.135137424,662741.1717285396,661261.2092734864,659718.166118196,658381.8579683702,657175.4538958406,656056.0321391835,655041.2685560082,654170.5132767417,653458.9084355917,652771.4113599824,652241.5259791818,651841.0224322124,651566.2967147913,651372.7465261804,651304.8150330116,651373.7715637811,651512.6617571323,651758.8992208419,652111.7790193788,652618.7390114967,653129.5945628178,653762.3048872588,654501.9048237476,655316.1353081422,656204.3147506658,657163.932057209,658265.3789969718,659333.7815570692,660498.8924790552,661738.9874959786,663049.1165666955,664387.0034112517,665774.1009856219,667273.2154462943,668728.4607563253,670250.4533321904,671819.794047231,673455.4570527927,675069.4248422371,676724.2526535231,678459.198980366,680150.2109159784
T53000logg4.2,759747.190323195,756997.3627286019,754319.9819780518,751572.8158273225,748855.7479932422,746269.0940319012,743775.3294736971,741188.1724543709,738776.4909610049,736493.5624104821,734252.9483100107,732084.9494126248,730080.2542475113,728214.3593862511,726361.9751174197,724670.3736850511,723126.986312188,721717.6375233517,720334.278101393,719135.0634893171,718081.8682064902,717092.7503052091,716235.3129914812,715514.1118947533,714968.6859398877,714396.3574495588,714002.9948066081,713741.9594338972,713557.15534317,713474.2679197125,713500.7202369272,713697.148125633,713845.2875879593,714142.1999757157,714546.0315343677,715016.4440250508,715557.5795510412,716176.4488104365,716941.4966573125,717645.2955344892,718462.4485943257,719360.6494937154,720317.4683718296,721294.0898490833,722332.9965189139,723489.7435916135,724570.7551958946,725737.3709809018,726959.7422329375,728228.9337934896,729476.8384269415
T54000logg4.2,828607.2985134226,824988.7380968116,821487.3873939249,818052.6245372304,814408.0954636899,810970.9889182141,807658.4174846312,804370.2117830525,801078.1799037415,797996.9017391199,795060.5432561712,792118.8525216503,789335.1892014265,786734.930458843,784323.142182167,781842.1781108245,779609.9684997024,777549.2177544908,775607.0826261346,773747.8473034161,772083.3303228386,770587.2186671871,769154.3183986774,767874.677992315,766752.6416037355,765840.9677382687,764868.089253457,764109.8092595148,763491.1092892232,762990.4779482055,762556.7920145557,762257.972739454,762111.4981241403,761981.3277164515,761972.6855220534,762067.1101988195,762324.0359105865,762510.0330624757,762841.3161111538,763272.5375363582,763765.6429519575,764290.1122290187,764895.8839949127,765628.8735710743,766294.1955317239,767059.3031439964,767882.0128289766,768801.3431352203,769647.573454461,770580.3404642681,771587.1644498063
T56000logg4.2,684282.8115790384,680488.4068364063,676995.2956827203,673664.3348968659,670323.2311748117,667113.860081588,664125.8168405902,661297.6226958476,658498.6083133335,655892.8373709022,653486.4430745982,651252.8625835332,649029.4709935206,647040.5705608533,645238.911732412,643619.4757575835,642037.7653290768,640697.055561328,639525.8946646859,638495.6969421121,637611.0711248692,636896.8477707028,636346.670195451,635911.9059286377,635619.7893806781,635471.5692625815,635522.6481044509,635592.4121836275,635827.6333288472,636184.1130784492,636712.1664929976,637257.4769019256,637938.4975833262,638725.0673762009,639620.4782382522,640580.388302566,641616.153454266,642775.210638174,643960.92263623,645222.1409324079,646535.8980027499,647981.986902505,649382.4418869148,650861.3478029284,652393.6461581318,654016.6669423644,655611.1377047349,657254.707169957,658963.6389784941,660698.9258149194,662435.5664319169
