,vsini75,vsini80,vsini85,vsini90,vsini95,vsini100,vsini105,vsini110,vsini115,vsini120,vsini125,vsini130,vsini135,vsini140,vsini145,vsini150,vsini155,vsini160,vsini165,vsini170,vsini175,vsini180,vsini185,vsini190,vsini195,vsini200,vsini205,vsini210,vsini215,vsini220,vsini225,vsini230,vsini235,vsini240,vsini245,vsini250,vsini255,vsini260,vsini265,vsini270,vsini275,vsini280,vsini285,vsini290,vsini295,vsini300,vsini305,vsini310,vsini315,vsini320,vsini325
T15000logg2.0,14738.022098737063,13860.71739758419,13071.615248548429,12407.899803973485,11711.796079304566,11082.83091673711,10547.017408606242,9989.960847390055,9485.005536351686,9050.704165035044,8603.440853225555,8197.812693989448,7846.752676595203,7488.9404314614985,7165.06322403309,6884.012079078247,6601.181527504633,6346.637450760819,6126.094511065757,5907.587503610387,5712.624527526334,5544.559194343203,5380.849404308933,5236.339414297067,5112.949553087537,4994.966782580997,4892.360317205924,4806.198853069597,4725.607633420146,4657.012272732012,4600.898543338334,4549.7433378482365,4507.538875606389,4474.44598686141,4445.394847339265,4422.9482270487615,4407.0756485851625,4394.637240621162,4387.264544525896,4385.036712841297,4386.080995918261,4391.2067080341685,4400.890333790244,4413.720035677631,4429.736644267308,4449.824083714522,4472.533034430547,4497.289525356271,4525.62528955457,4555.680018403318,4586.64715632841
T15000logg2.2,20380.376145123213,19363.08937322744,18442.352962229204,17664.50410916586,16845.296489086246,16100.194422562729,15462.370812959763,14795.582195375999,14186.301623126381,13659.016401857745,13111.73560029317,12610.42549846843,12173.072605953412,11722.630600663215,11309.882853057159,10947.96432158914,10578.60201351125,10240.90240981784,9944.153530695696,9644.505508137738,9371.653893895673,9131.875159551953,8892.278808233847,8674.978955618668,8484.212120042745,8295.272865281982,8124.617991569901,7975.1692476029675,7828.280571261204,7696.195293677115,7580.831995503034,7467.990840437323,7366.822383851779,7278.548474325242,7192.383085046039,7115.431339463068,7048.561729174898,6983.623445010074,6926.207635650993,6877.163073168397,6830.148874304604,6789.561149342402,6756.242985808949,6725.094566612208,6699.406842010651,6679.916347879344,6662.359469205721,6649.101257033312,6641.1187249501645,6634.455832898703,6630.940638654939
T15000logg2.4,21286.942311725554,20410.72569864562,19616.298962182304,18944.651195970477,18235.761382294593,17589.54848485975,17035.6813779495,16454.80050391981,15922.433374917448,15460.825877276595,14979.742095136613,14537.481013778459,14150.687516483065,13750.39202877611,13382.028726276974,13057.979185308386,12725.343204199724,12419.657125665522,12149.915498457283,11875.640126437862,11624.334715017092,11402.283911134346,11178.523513019094,10974.032533771704,10793.217562946067,10612.296594605377,10447.331696123238,10301.476513765643,10156.319907554187,10024.22024850547,9907.360968155295,9791.340571138555,9685.77943568181,9592.162084220412,9499.187324135419,9414.616796020546,9339.566085035452,9265.125706661414,9197.714949794326,9138.326038347532,9079.793799124898,9027.472307540911,8982.13772738129,8937.979330123002,8899.346722863707,8866.585768491726,8835.047102737291,8808.176851527942,8786.119423359101,8764.994276108282,8747.587299943214
T15000logg2.6,20017.650284641695,19313.768466177225,18677.01900881091,18139.53875944072,17572.462825765346,17055.98633849052,16613.44601664511,16148.838971981035,15723.015403625513,15353.6063813446,14968.050862510483,14613.572615849936,14303.362565253534,13981.963413646357,13686.263166782483,13426.010202931435,13158.725720085376,12913.277715815533,12696.630636304035,12476.370061405407,12274.767777414922,12096.574300928953,11917.085995932948,11753.264110811877,11608.366955320753,11463.497024588394,11331.620997796666,11215.01290492733,11099.079810281626,10993.77736301077,10900.63349960132,10808.233436424845,10724.339086537413,10649.95529198558,10576.131598068572,10509.140935139529,10449.732451592583,10390.860462524533,10337.731130584372,10291.006291932345,10245.049450055561,10204.214327065389,10168.920762858883,10134.678472555705,10105.054807430495,10079.967940672597,10055.966338917608,10035.924791428984,10019.381348638988,10003.662637166946,9991.11347812519
T15000logg2.8,22979.22253596705,22310.74001174282,21705.694048029058,21194.94318672361,20655.672104825688,20164.123673006503,19742.802668307242,19299.89239844775,18893.443491212245,18540.57793495813,18171.58159097885,17831.745100268112,17534.01364638644,17224.793016358668,16939.673607272925,16688.323805899458,16429.364225339545,16190.873433595847,15979.884704591193,15764.487187072129,15566.58419073519,15391.107992412975,15213.406806726354,15050.4118266308,14905.627574390553,14759.879589917766,14626.34920315822,14507.59502084694,14388.510315984366,14279.450724116938,14182.246572670287,14084.82406373102,13995.468279249004,13915.486474527826,13835.152686606105,13761.343954540114,13695.085533207919,13628.47269541465,13567.404971349493,13512.721596103474,13457.949064925906,13408.232996274874,13363.943702776505,13319.934804991091,13280.628843348357,13245.611088011132,13211.05277546084,13180.674575598025,13153.457964191843,13126.570236476015,13103.221803684231
T15000logg3.0,24168.3350300236,23639.510737112094,23159.909067583743,22754.344065043966,22325.120593758587,21933.119762845476,21596.502929107945,21241.68142310667,20915.405593522624,20631.588220334124,20333.9678030752,20059.35362346276,19818.33905511549,19567.383937770075,19335.594893082623,19130.9190277984,18919.496032829007,18724.424729148006,18551.542767801482,18374.518756796715,18211.51911450183,18066.711690192304,17919.5354302689,17784.18367605263,17663.703902466634,17541.886720739483,17429.921376727594,17330.131046281946,17229.518777137055,17137.00887473998,17054.36289884718,16970.97850521851,16894.131212689,16825.168805801884,16755.35500718267,16690.839328129492,16632.72816406521,16573.762616705335,16519.3307099431,16470.307212798387,16420.66991948113,16375.244381684037,16334.329712044162,16293.163936530791,16256.023799994544,16222.33712536891,16188.62517987834,16158.622450746701,16131.013170096288,16103.348488871252,16078.96146786148
T16000logg2.0,14442.338924478461,13568.41796735485,12789.124704645066,12137.499082598462,11456.026442628088,10845.780096116467,10329.004845956633,9793.568201140199,9312.563340219005,8901.34450964055,8479.493021086819,8100.383657021331,7774.286367663183,7443.352379019463,7146.613388984178,6890.833129087731,6634.864133158951,6406.979159481119,6211.204389117405,6018.869031805097,5849.587345450715,5705.382347815908,5566.753384102863,5446.66964328318,5346.015702484821,5251.809054958911,5172.206273493599,5107.477433494057,5049.1467919964225,5001.92435345637,4965.735188911816,4935.042844929715,4912.347054005672,4897.365265096364,4886.736538923529,4881.742696745423,4882.014286790757,4885.870728826013,4893.778253963618,4905.803965717819,4921.098021293029,4939.501368851075,4961.670026508218,4986.929690093632,5014.403619339468,5045.447463805833,5078.916729507463,5113.437041708665,5151.202719497171,5190.3368566885265,5229.466951883509
T16000logg2.2,16541.646627179678,15585.210355776497,14731.030141361585,14015.359251837328,13260.627878801064,12582.632948906965,12006.378301587105,11403.762335308575,10859.713493601068,10392.05283992781,9907.329745275281,9468.891953178112,9089.119062038637,8699.405798568976,8347.238807067273,8041.0211229187435,7730.659713603748,7451.498781267192,7208.762630940507,6966.2788500514125,6749.657208465746,6561.78929887268,6376.776269664912,6212.733826776185,6071.20900360811,5933.752135461175,5813.075714339831,5709.985531598443,5611.33564835437,5525.895541984002,5453.93281027404,5385.9926032583135,5328.079982918936,5280.162238720786,5235.534365350023,5198.4157869215,5168.890857236516,5142.148702860412,5121.258405390208,5106.597900226402,5094.646588315776,5087.535305061971,5085.8709099496255,5086.924931514933,5091.805617442047,5101.561177490167,5113.492560501283,5128.030889657472,5146.826994715701,5166.9027042555,5188.463514189773
T16000logg2.4,19057.602387475046,18102.004501970412,17246.62668418745,16529.498968749005,15770.378248755484,15086.424190767133,14504.449895427393,13892.917178430263,13338.661231586722,12861.318249295477,12363.588915699884,11911.163922424003,11518.182878818647,11112.023666242461,10742.751197865955,10420.371108381816,10090.740505463405,9791.920287789037,9530.575882800173,9266.589254175673,9028.34412613023,8819.969858408971,8611.810423844954,8424.712320279885,8261.249392240987,8099.470653706583,7954.75264221587,7828.735923241486,7705.066711912624,7595.076453210349,7499.672185355286,7406.5449355045575,7324.087434383705,7252.786912401763,7183.36117783384,7122.241063994056,7069.858383865332,7019.160420030812,6975.2425428249135,6938.538892954603,6903.727356383364,6874.800765266794,6851.9770877587425,6831.318094866162,6815.605116130343,6805.098671766027,6796.472442714603,6791.651224170405,6791.189243248121,6791.949220828082,6795.424899570054
T16000logg2.6,21406.977216756655,20501.74146642412,19688.85197756149,19005.921735869077,18282.792356633705,17629.269343535474,17072.07227130645,16485.990722209306,15953.072718297602,15493.067926285845,15012.554982540396,14574.152016010166,14192.28429882541,13796.538918264503,13435.12199433168,13118.439011364024,12793.378541064809,12497.08874146279,12236.734234742406,11972.434159867373,11732.35724404443,11521.120651229967,11308.802264984142,11116.487344137417,10947.155079019654,10778.301772229855,10625.794954978495,10491.584217727583,10358.618656572977,10238.879634978503,10133.50037679317,10029.443740584504,9935.830754409388,9853.332783867161,9771.913300969694,9698.772800317156,9634.421668818866,9571.103598037233,9514.740404336111,9465.528897373088,9417.699865962908,9376.105419296455,9340.306759860243,9306.306077966963,9277.733138787622,9253.833003783066,9231.587697027619,9213.746345638132,9199.567370558852,9186.502140906237,9176.840838844751
T16000logg2.8,23050.64030246034,22252.24355656272,21533.00058670647,20927.534024306635,20285.98605812034,19704.563626661424,19208.033882419797,18685.257543356052,18208.61074602762,17796.552267824656,17365.53227556181,16971.189933080746,16627.163382368944,16269.979329955939,15942.753092643638,15655.472734644867,15359.7967391661,15089.234104796915,14850.853079407474,14607.900427494424,14386.097413520214,14190.223260390347,13992.258359613117,13811.786885639009,13652.105765935163,13491.705620536804,13345.648406858014,13216.289232971769,13086.90920209022,12969.208283822876,12864.746354749197,12760.389572312024,12665.342278372666,12580.679913817066,12495.975820162721,12418.757317117435,12349.825375575329,12280.906798602466,12218.411056458735,12162.64202283308,12107.333826210475,12057.927574999285,12013.906986160016,11970.874606939633,11933.16947420077,11899.68736722725,11867.27106490682,11839.423006947956,11814.721250818871,11790.806032404535,11770.671823759718
T16000logg3.0,24589.402037320753,23895.502697684904,23268.472452937123,22739.649722544902,22179.482978330514,21670.384389005867,21234.976018397876,20776.507277281562,20357.436098621634,19994.73896100896,19615.21119648802,19267.19101429572,18963.31325326508,18647.605339954272,18357.708622386483,18102.97072749701,17840.46538919224,17599.626657709017,17387.200652607633,17170.29557393916,16971.661785131888,16796.000397720356,16618.006494778943,16455.14194226685,16310.7865270683,16165.300201636643,16032.233932512961,15914.134753029626,15795.510969419634,15687.007396740888,15590.441957790548,15493.463899393759,15404.57227512136,15325.116315771716,15245.126468606237,15171.66337648225,15105.770743522437,15039.3928607491,14978.663312791206,14924.064904408973,14869.394118635242,14819.99145075364,14775.405772903407,14731.271567908303,14692.008269622871,14656.364971687528,14621.338367108294,14590.615626914127,14562.401821443631,14534.640701842725,14510.575637833559
T16000logg3.2,28220.584439426508,27528.02538939704,26904.833746728946,26380.63868460182,25821.541957283534,25315.1625314091,24882.895467215974,24425.18615213962,24007.9916756798,23647.36926819986,23268.222341682824,22921.301890875926,22618.56165999036,22302.664080073246,22012.99567345972,21758.412779045375,21494.902845907116,21253.263612091443,21039.92133390067,20821.02154926525,20620.47870607877,20442.826001646714,20261.827474369427,20095.99950552701,19948.654161836792,19799.231325962854,19662.25657229675,19540.254813291016,19416.862221106785,19303.631741687834,19202.38798130165,19099.960425945406,19005.683835284322,18920.90055136934,18834.8801571909,18755.51989628447,18683.61119671822,18610.6144855565,18543.53162792663,18482.136747450033,18420.242214926646,18364.03081255747,18311.89055592475,18259.96472962335,18213.40909451404,18169.614531466174,18126.314352634003,18087.886242459448,18051.022541709637,18014.57731115745,17982.42929210784
T17000logg2.2,16825.656854802663,15829.50821484171,14949.76467509883,14218.052176915346,13452.309207730774,12771.118471561967,12195.179102438558,11595.758641275523,11058.440233629995,10597.924876516348,10121.903830719422,9693.779480141075,9323.645647147974,8944.599708371357,8603.882051919643,8308.119209023678,8008.9677851164,7741.3421311807315,7509.076721151358,7277.63741296641,7072.134920409477,6894.37933197692,6719.943571966621,6566.431092569274,6434.525541162493,6307.067227257498,6196.23924997612,6102.239799770704,6012.9833334319055,5936.73410458762,5873.323661264962,5814.132355576017,5764.68313827997,5724.735280979327,5688.235731901314,5658.989863932988,5637.07361321504,5618.146194336911,5604.89947689053,5597.6409756275725,5593.303547374102,5593.50130082417,5599.024061476937,5607.279780344314,5618.89168180635,5635.340048573257,5653.719776757871,5674.130544905611,5698.712635613678,5724.139247644515,5750.456907609079
T17000logg2.4,19008.809969485374,17986.8361340126,17077.354134039822,16315.843878587446,15513.069597693877,14793.822128186779,14182.14606206697,13541.651464968048,12964.094878688107,12466.634916035664,11949.507490326037,11481.864476811865,11075.588195001832,10656.988720389087,10278.650014729643,9948.45939896501,9612.164303644879,9309.48548555955,9045.079087108252,8779.390701862016,8541.675471001769,8334.213557215977,8128.300291618284,7945.097938701303,7785.5571744268,7628.897929899975,7490.465789934433,7370.5422297165,7254.029934419136,7151.982877858649,7064.223554375688,6979.610516894881,6906.060083819528,6843.39183049632,6783.229329827003,6731.575182784003,6688.279180716073,6647.2200030245085,6613.132234459804,6585.635563229051,6560.615733182835,6541.496254047961,6528.032882486562,6517.126171739413,6510.974923949672,6509.768742551254,6510.532355860834,6514.740251798879,6523.122188181467,6532.562790794234,6544.276700928182
T17000logg2.6,21629.30024703761,20628.37300611586,19734.905477626126,18985.88458625742,18193.47365515903,17481.390475536293,16875.20853577405,16237.988137727254,15661.566483459506,15164.530596016204,14645.484785275949,14174.362081469992,13764.379015932205,13339.681359732136,12954.0263769561,12616.538384637168,12270.537415646302,11957.225060150517,11682.425333611172,11404.062728939718,11153.086341177328,10932.789023963787,10711.98205739684,10513.595885687162,10339.403401725383,10166.260929248147,10011.287399608624,9875.368399639894,9741.267334910848,9621.743777464691,9517.08657582067,9414.236000101318,9322.760211280138,9242.739353676938,9164.17570734769,9094.644273350672,9033.929036243391,8974.703366115382,8923.173626919413,8878.424450968074,8835.67169409736,8799.701194089454,8769.19784610939,8741.002102158674,8718.50881685616,8700.504169857819,8684.39993418706,8672.734707019683,8664.6595728323,8657.7134091743,8654.059526899971
T17000logg2.8,23684.35342267895,22742.866082091005,21900.39338223179,21193.477890246282,20443.165724457293,19767.54237843466,19192.11941833752,18585.433647882426,18035.598908541477,17561.2732023786,17064.566193337745,16612.729215750995,16219.230594449587,15810.424003091834,15438.093565648323,15111.789957714971,14776.034001320371,14470.746831985127,14202.32468747666,13929.12627106338,13681.455891205906,13463.25586882867,13243.216835257417,13044.124422241313,12868.406762099168,12692.422285393133,12533.49580530986,12393.096077545626,12253.271072758605,12127.215122773086,12015.724370936494,11904.929627171843,11805.001461772385,11716.398200738631,11628.313262136438,11549.008969599081,11478.448732741994,11408.59418059968,11346.397136609547,11290.826056543554,11236.609281448289,11189.330575092265,11147.167863265271,11106.83247102043,11072.536823992752,11042.214737402015,11013.526644775811,10989.78635083981,10969.03734434148,10949.343345645693,10933.567031710321
T17000logg3.0,25719.02982216156,24849.306302490706,24069.119620763908,23413.659535895134,22715.980119623673,22086.41764260126,21549.745405124915,20982.62015772708,20467.634188762444,20023.06410581992,19556.568364328545,19131.369919230372,18760.829471998186,18375.04590722399,18022.84965329778,17713.880709813555,17395.063671660264,17104.254345950827,16848.119578358055,16586.378059965635,16348.039218345411,16137.48779890915,15923.986448445707,15729.65293424009,15557.472448808121,15383.79499138047,15225.756371461815,15085.4016836052,14944.383455085092,14816.052788766656,14701.751404748113,14587.003638678767,14482.363554143327,14388.748594751118,14294.635863492022,14208.80238436748,14131.511504675413,14054.00846997864,13983.882112501455,13920.132863499124,13856.945446497624,13800.617863368558,13749.04260354797,13698.668247264337,13654.488999844627,13613.814712504896,13574.403412247346,13540.32419058195,13508.707224775339,13478.029327484162,13451.815987218451
T17000logg3.2,27829.521678507186,27041.611108349894,26332.940555081004,25736.365788143205,25100.128100272657,24524.777478766875,24033.680802406,23513.84766533173,23041.117317625787,22632.772670269405,22203.52951359733,21811.86501552551,21470.439321693633,21114.209115662255,20788.602641549496,20502.82761328003,20207.11585102296,19936.927233210656,19698.77147874481,19454.536236837113,19231.63920789394,19034.517687286316,18833.77026953071,18650.52614971664,18487.95356449277,18323.1290547641,18172.614579148492,18038.680758860883,17903.302567729006,17779.565505359227,17669.037573179863,17557.3229675844,17454.948853164173,17362.946925119075,17269.786984825616,17184.366357443116,17106.868582456424,17028.56187837299,16957.208861750736,16891.673457050623,16826.109462513636,16767.10367415262,16712.28771014176,16658.131528917565,16610.02124076358,16564.810682760875,16520.442408031224,16481.417535727294,16444.203273947565,16407.630408055124,16375.664125248622
T18000logg2.2,15669.869841806147,14739.088179502654,13916.534749088452,13230.762792524041,12513.412943521686,11875.127537039432,11334.39890889739,10772.561671329924,10269.307230610984,9837.43496820924,9392.172330765998,8992.352399394958,8646.45489753995,8293.320203347472,7976.587186269756,7701.51816251854,7424.144139613842,7176.618287568802,6961.74094394094,6748.338319837534,6559.495624849792,6396.305857481421,6236.982310198812,6097.580565375886,5978.260786816828,5863.9165181357985,5765.421752164805,5682.670459400563,5605.071812895083,5539.80864867031,5486.511193567708,5437.699931995311,5397.931822740098,5367.035158426245,5339.596094767239,5318.63716689707,5304.444367078077,5292.987040146832,5286.35501900532,5285.288418018793,5286.735834259934,5291.87546015796,5302.1815210788145,5314.794321410179,5330.122417000878,5350.293287346717,5372.153264177216,5395.621813501276,5423.369852124264,5451.941088668207,5481.1605005759475
T18000logg2.4,16415.895950885035,15476.796631376008,14648.971416745244,13959.74899507388,13239.982180865898,12600.103170861148,12057.820997380033,11493.918021412619,10988.287187473172,10553.497459593007,10104.126982481564,9699.798419071974,9348.985672597053,8989.835745919145,8667.073971762005,8385.948022774835,8101.890219601415,7848.01485856595,7626.95120027132,7406.895319318082,7211.671277216355,7042.085530346466,6875.594027842724,6729.036026113955,6602.360710728713,6479.632757025447,6372.7530609796495,6281.397040583987,6194.195036315209,6119.407266339705,6056.567568305775,5997.337647904747,5947.37428866073,5906.47781846838,5868.389009903608,5837.334412781166,5813.141858015871,5791.463708072861,5775.382222971079,5764.942474519292,5757.056665533379,5753.740516545341,5755.515676798022,5759.742106792725,5767.501319028344,5779.863885455727,5793.99832432122,5810.470614325064,5830.865754237942,5852.058587904587,5874.550589010124
T18000logg2.6,22309.46099264449,21240.391897228546,20286.76642199554,19485.40705166926,18639.96837282278,17880.956267753525,17233.025834663087,16553.738594266786,15939.46540250308,15407.749264237658,14853.662921627378,14350.531531406077,13910.61482107205,13455.78496001591,13042.491375589618,12678.907124922061,12306.876475663572,11969.713884259185,11672.307428169728,11371.607619542918,11100.28220396051,10860.716894347725,10621.03968005104,10405.57151772052,10215.18372236714,10026.235379526299,9856.997355682248,9707.571583258057,9560.289859123022,9428.88082973537,9313.094106601962,9199.32148830595,9098.071162352751,9008.746760030372,8921.079239367118,8843.615815467321,8774.901940073896,8708.065748061867,8649.910271877718,8598.46343873838,8549.330210095195,8507.702917250488,8471.707592450663,8438.17978168679,8410.898349825091,8388.434738855429,8367.922288422105,8352.27507068186,8340.654284445618,8330.160036305362,8323.327429795192
T18000logg2.8,22896.61841510125,21908.30479464414,21027.843276220443,20289.460456037155,19510.502847462158,18811.59660798583,18215.96009179432,17591.157153409065,17026.336788822497,16538.269805000094,16029.437359996697,15567.619930387755,15164.64870581864,14747.903501880643,14369.451721931755,14037.297893957786,13697.348864499301,13389.517647547626,13118.695355414251,12844.760215632423,12597.758255326882,12380.185301414256,12162.242602934,11966.341083702508,11793.557120465275,11621.752115692863,11467.81082875799,11332.077367604223,11197.984162124816,11078.216401280295,10972.742255760766,10868.821388798255,10776.191333463019,10694.444481296308,10614.019439464057,10542.906713313852,10479.652101290372,10418.084738980882,10364.632385588773,10316.938419578433,10271.525186840934,10233.257815386638,10199.561799678057,10168.35428859009,10143.14377519904,10121.60351633939,10102.031152110121,10087.158677210344,10075.134475496761,10064.238286392756,10056.907868708875
T18000logg3.0,23707.33420699898,22840.34310711067,22066.29669068985,21416.789660176386,20729.56755286698,20111.557918500595,19584.48942140919,19029.816470438458,18527.06298348933,18092.213209521662,17637.194954919203,17222.972261508785,16861.069745970013,16485.120983598572,16142.408916922397,15840.989428307415,15530.68368111284,15248.287962095395,14999.044376635047,14745.123052801915,14514.720401941679,14310.887660930746,14105.043575129273,13918.602981385424,13753.286088274588,13587.429991410989,13437.47467549444,13304.310731163108,13171.421508489995,13051.430880681477,12944.72440232537,12838.430414638544,12742.471548775713,12656.742388307379,12571.424767584294,12494.802534506687,12425.639493663915,12357.394711926227,12296.970631313183,12241.810942216218,12188.360909022646,12142.035091696956,12099.568161437312,12059.241240959427,12025.127226774177,11993.876802687828,11964.531338333856,11940.322033765582,11918.141576304477,11897.277064981088,11880.560211741878
T18000logg3.2,26056.02075273695,25252.95068194533,24533.509477975887,23928.00225387303,23285.518851184806,22706.33525411298,22211.398703532486,21689.681206452566,21216.139793742914,20806.069006764483,20376.58277713534,19985.207897250784,19642.928612578307,19287.087276964437,18962.253829902613,18676.14508089945,18381.214209694415,18112.182105810716,17874.2107997883,17631.191709504044,17409.89695932964,17213.53099126824,17014.447901323074,16833.26024780145,16671.96895858484,16509.233316169055,16361.200442040843,16229.059321348934,16096.207521317814,15975.34785105756,15867.103336922855,15758.326883529178,15659.312139585894,15569.926643575449,15480.142525610896,15398.744521196979,15324.16465996518,15249.801048376698,15183.122082384412,15121.028295470403,15060.029760351048,15006.174680925991,14955.458285156117,14906.382680647554,14863.711208364046,14823.173304504211,14784.220742585629,14750.774508595137,14718.641639653752,14687.683603320937,14661.375571201605
T18000logg3.4,28413.568288004302,27647.76671378165,26960.001139270527,26379.545913621758,25762.618096503084,25205.41709548372,24728.21167060205,24224.81965255801,23767.396131031135,23370.64508451806,22955.114156421518,22576.201018445725,22244.376940371443,21899.48398105446,21584.42897895035,21306.547676819948,21020.117300308153,20758.591689301174,20526.911391990885,20290.264311525567,20074.489967147416,19882.72747387869,19688.206978432445,19510.90166163646,19352.7821650801,19193.1169897649,19047.596765795595,18917.435482240056,18786.415492270902,18666.9513545638,18559.687206001698,18451.74140812772,18353.3166045273,18264.007462915575,18174.22956261091,18092.77256727408,18017.414896360657,17942.28014368794,17874.83474922207,17811.16971671331,17748.604176729466,17693.201379092654,17640.162906157308,17588.734913475524,17543.768469859155,17500.203561107508,17458.19110981827,17421.791327809056,17386.00348235474,17351.367686262387,17321.539553686667
T19000logg2.4,16528.38117530817,15596.722829367125,14774.494371306786,14087.373023455024,13369.956185217574,12731.379570479148,12187.90356688858,11622.901465981506,11115.467390681764,10676.85982598996,10223.477273852646,9814.67899073975,9457.82132880034,9092.300429107761,8762.946602874646,8473.983044785511,8181.594385392861,7919.347110082556,7689.047313901148,7459.40192933066,7254.994149542129,7075.901776301712,6900.057144278763,6744.939208932518,6609.781112360495,6479.05546792642,6365.0641875329575,6266.8217127409125,6173.357821235604,6093.067301191494,6025.190644263437,5961.422291679387,5907.550330792279,5863.084545449297,5821.800334804543,5787.938960013374,5761.3214382739925,5737.400561181478,5719.275606487735,5707.1544377265,5697.607679829484,5692.707753067704,5693.2618287094265,5696.226183898548,5702.786096089504,5714.315141384748,5727.5979918180055,5743.313046089266,5763.291725963699,5784.131733988458,5806.391909387006
T19000logg2.6,18427.599567209472,17467.291094837023,16620.710023743522,15913.635920486347,15176.043759668753,14519.556857377951,13960.521775681498,13378.86021570697,12855.729824895077,12402.71186924415,11933.40772499466,11509.209021586597,11137.846702621066,10756.35525227527,10411.57315262357,10108.013861229307,9799.875490285918,9522.537242316268,9277.876321207083,9032.884859513964,8813.67988442716,8620.227618048482,8428.883011993501,8258.60308089636,8108.411189900211,7961.443582653972,7831.486736275337,7717.380726308981,7606.93373850116,7510.054482234146,7425.676070893214,7344.577062417926,7274.090382801218,7212.912723100305,7154.596669655747,7104.799689068142,7061.903757411124,7021.890735156383,6988.943458456047,6961.607116324637,6937.256447825221,6918.789216382602,6905.32802879008,6894.654669319555,6888.664490631746,6887.123887020691,6887.604596024516,6891.4723297563805,6899.119326854587,6907.802909047354,6918.724640811152
T19000logg2.8,19745.853107570554,18837.603103868558,18034.276601866084,17363.72731656612,16660.756185635193,16033.193939120461,15499.40156078667,14941.145347229056,14437.486872322119,14001.950730677772,13548.223772577976,13136.653332701057,12776.852932143707,12404.855240968238,12067.174832515337,11770.169928825799,11466.417610085578,11191.584827754115,10949.305799646798,10704.649121553068,10484.342656259338,10289.951635514559,10095.787945200374,9921.640734065353,9767.913717749225,9615.75081237129,9479.904136791356,9360.242952032908,9242.770800227127,9138.431706376958,9046.895620622545,8957.39449012431,8878.277829636887,8808.93216062736,8741.374104430799,8682.404512915318,8630.552239320292,8580.802997546187,8538.503211064593,8501.589796397517,8467.255905656662,8439.398497155604,8416.007829929009,8395.277185040146,8379.90008626775,8368.280010832366,8358.760224567051,8353.352980582787,8350.9898301893,8349.88639636501,8351.817674337513
T19000logg3.0,22256.107085164207,21375.920219689786,20594.42640381928,19939.91066522571,19251.718235915196,18635.48210960795,18110.039318136573,17559.4720992929,17061.709428439306,16630.53397627737,16180.777545508368,15772.068328461522,15414.175879496937,15043.60829203977,14706.474552857848,14409.297241507024,14104.687972902411,13828.254304151305,13583.849316937592,13336.293964828325,13112.522571767522,12914.320321142177,12715.572267766725,12536.446485444672,12377.48722370883,12219.353897305316,12077.253171460654,11951.134425678623,11826.501224441665,11714.837993519202,11615.759979946308,11518.119910582227,11430.940534700587,11353.148836455537,11276.755444158065,11209.25088525388,11148.290390847686,11089.235189130259,11038.077850777318,10991.564048754935,10947.54929459812,10910.528201529489,10877.121786884432,10846.347788154213,10821.466898207198,10799.436135278469,10779.508001613325,10764.245261842114,10751.129268656643,10739.292832748668,10731.055131440808
T19000logg3.2,24495.012366498806,23667.208787736807,22929.79997582287,22310.430019302286,21657.326804990415,21071.07883172067,20570.216811975217,20044.534463783937,19568.59951549405,19155.862741435914,18724.97324738073,18333.038848187563,17989.537403704027,17633.585002245367,17309.355883136097,17023.20118196199,16729.465170841297,16462.387419254446,16225.821825169178,15985.652656104308,15767.946131488192,15574.62796678385,15380.140980799408,15204.196463984834,15047.51340011223,14890.980671491396,14749.617778491784,14623.559449796745,14498.293712491937,14385.368171057613,14284.448546007596,14184.363725083747,14094.453172407333,14013.206393008419,13932.979702021119,13861.615130742011,13795.92570087181,13731.918235386338,13675.914682670076,13623.637939363482,13573.69032284598,13530.921034094199,13490.81518745103,13453.203914181928,13421.747033264028,13392.192821122344,13364.67458966299,13342.182918738998,13320.91214945723,13300.933117572618,13284.972454348133
T19000logg3.4,26254.431741284927,25489.48920499521,24804.580689986782,24227.218867381776,23615.67169038781,23064.70279580534,22593.002228096975,22096.60871796657,21646.23383650581,21255.381961881703,20846.716464114943,20474.480375298215,20148.208413897177,19809.656923055478,19500.830853052405,19228.243145335415,18947.910235669573,18692.48725686084,18466.140485145897,18235.69912977774,18026.186187120064,17839.988754807386,17651.92374488526,17481.11044699978,17328.774111568164,17175.791689119313,17036.93015028075,16912.79058187703,16788.63915679449,16676.027752361937,16574.964460334682,16474.01854615444,16382.654433660762,16299.630487994047,16216.960408368634,16142.714771281842,16073.849760207808,16006.02840494054,15945.911315467336,15889.15125152617,15834.155751407341,15786.19592661013,15740.458095878626,15696.779867690526,15659.295746281397,15623.243872817904,15588.977105473721,15559.957392653007,15531.67949102126,15504.618138802987,15481.92715430242
T19000logg3.6,33032.95746978476,32189.581924414462,31429.476760943882,30784.151119532846,30097.515845220776,29475.86915612579,28940.662567995318,28376.03516004392,27862.077138988338,27414.076678411584,26945.079720377867,26516.830140038976,26140.016409884014,25748.708237942566,25390.90863450248,25073.894673812512,24747.49494847523,24449.21209666208,24183.766751817784,23912.93384956729,23665.74463979533,23444.966191612668,23221.23552763055,23017.057891996825,22833.786795557302,22648.928462244614,22480.114595397095,22327.954451648493,22174.943425483743,22035.24859847814,21908.337996525555,21780.978351183865,21665.04366940714,21557.78337407315,21450.7403018479,21353.851159638965,21262.310149063862,21171.836194676518,21090.52793759102,21012.555268499967,20936.272137882,20868.237389656933,20802.40388214607,20738.405579795,20681.627293398873,20626.2216880254,20572.254240775303,20524.434069899962,20477.33017950082,20431.008488764048,20389.88604790432
T20000logg2.4,13881.759312068065,13095.045254748953,12408.331712558642,11836.363822750585,11246.334633137381,10725.741198390893,10282.54408170611,9826.094711222122,9418.686701259316,9065.420060789436,8703.415322036735,8378.950342166603,8094.56910741085,7806.066153500893,7547.728806140021,7319.984698333678,7091.775004246312,6888.335935105776,6708.622506427406,6531.179313675366,6374.257037827302,6235.940508556964,6101.666184674581,5984.28067260559,5881.573898140818,5783.803906642686,5699.695282642367,5627.425541128157,5560.1343157268975,5503.417053427396,5456.2901983614365,5413.209768464451,5377.878733402589,5349.997325665099,5325.197743837195,5306.116563599261,5292.966821624684,5282.445822054535,5276.334605532906,5275.366357023118,5276.876189731914,5281.8584631468975,5291.6327585810495,5303.6589218972085,5318.305947774539,5337.397219433599,5358.1367425784265,5380.547489808527,5406.914172052689,5434.088735107378,5462.1811793085835
T20000logg2.6,16896.43878742658,16002.79202088122,15220.083613116138,14566.679448024832,13890.174319430576,13291.089622716514,12779.986188275701,12251.270692816468,11777.282102879275,11365.106169936762,10940.158800984633,10556.995102344894,10219.701817824458,9874.881689202952,9563.912385718515,9288.297671338856,9009.81256731757,8759.604327877523,8537.113321689241,8315.363635463369,8117.355501258624,7941.121577922831,7767.864053889754,7614.197863418931,7477.631803027412,7345.111136304031,7228.525857124819,7125.663504752156,7027.152271394779,6941.464323298773,6866.521138815267,6795.469607487,6734.42003615945,6681.286756561123,6631.486300119951,6589.506403577977,6553.6466505110175,6520.883309164964,6494.418361206948,6473.23254063953,6455.052042070844,6442.003194074919,6433.8857611248795,6428.494350679868,6427.0845059635485,6430.29505937963,6435.421464811478,6443.434984279515,6455.337246813405,6468.258257091598,6483.205372530114
T20000logg2.8,18026.719816621782,17158.32973845094,16398.352913055005,15764.666232332307,15108.655081375717,14527.577844330312,14031.790102391366,13518.088185993352,13056.80487139273,12655.22543221101,12240.171428763892,11865.086470100081,11534.396031902234,11195.380568671877,10888.888463740072,10616.770189361567,10341.103886688034,10092.858197222073,9871.7755197702,9650.912119774675,9453.186265186756,9276.789030248745,9102.809266347576,8947.910223715618,8809.688454042618,8674.963938459217,8555.809716837839,8449.953105747674,8347.961065837073,8258.708627177697,8179.489468584482,8103.978624507092,8038.775185420783,7980.52648889332,7925.837389004995,7879.530961637515,7838.369726601735,7800.775830256496,7770.145273444306,7743.886960988346,7721.17149693752,7704.187496690823,7691.295479831639,7681.557742491552,7676.269422000865,7674.764220918019,7675.488836975987,7679.427317414809,7686.57156034329,7694.898673156798,7705.506403794266
T20000logg3.0,20309.112146619198,19453.77195417629,18701.523272246428,18073.748216374064,17420.213191693336,16839.081161485086,16343.691589061274,15828.049539102272,15363.699983748887,14960.358940143562,14541.64827970492,14162.20491707646,13828.602273419589,13484.895608341985,13173.18694864102,12897.300212092297,12616.263659633025,12362.317419334542,12136.967690142901,11910.48355942247,11706.929456356082,11526.03080061546,11346.356045055893,11185.613083630082,11042.618562176924,10902.045404278417,10776.899627632174,10665.877404033254,10557.759045753104,10462.25209175367,10377.48343225715,10295.594080889276,10224.04859954293,10159.86467184108,10098.648035159373,10046.108738959372,9998.610806974819,9954.402428148343,9917.614804315577,9884.726720218585,9855.310581870905,9832.1493923922,9812.377738945268,9795.785998208,9784.174205998037,9775.459468745383,9769.027542856824,9766.219383638656,9765.823374486556,9766.552077809321,9769.874281798415
T20000logg3.2,22267.687456995347,21449.95761943064,20726.74577859631,20120.847965518842,19486.87028408322,18920.801419743468,18437.21567825678,17932.29340458975,17476.516302403434,17080.38964860847,16668.38229040981,16294.388176180166,15965.574767907081,15626.167983376312,15317.765486332853,15044.75560268523,14765.929254247343,14513.313459306895,14289.017807930022,14062.794554817367,13858.746310386061,13677.213870150628,13496.061007830056,13333.225968813438,13188.069788591465,13044.486243871746,12915.843490557396,12801.280161669776,12688.80111854146,12588.575935338791,12499.067840902628,12411.716244928506,12334.588433872566,12264.639871177924,12197.128303493098,12138.39661063866,12084.253643743348,12033.051848407993,11989.511581516037,11949.226218426105,11912.194551141753,11881.761011271,11853.950147186646,11829.217020388187,11809.883436977996,11792.65034905025,11777.7172960847,11766.897373837728,11757.718339591353,11749.776416150939,11744.964398700778
T20000logg3.4,24391.449860355267,23617.50218564549,22928.61258039664,22348.786563918835,21738.647315403563,21191.321013900862,20722.460897092322,20231.23877419917,19786.588254207636,19399.686418366233,18996.435968475485,18629.69435477996,18307.118849828563,17973.542709909212,17669.83686658583,17400.847097743386,17125.429789979455,16875.157391098743,16652.642959908797,16427.280878273115,16223.067674862132,16040.91180425072,15857.993485265333,15692.471329805132,15544.272300413631,15396.402533415943,15262.733907586786,15142.856012612252,15023.83913368518,14916.580373099967,14819.764663709722,14724.037267477075,14638.314238841518,14559.463542168776,14482.174163462932,14413.645762510605,14349.326866177978,14287.201544607182,14232.86864695672,14181.320768558362,14132.418325982628,14090.387895948685,14050.464825978625,14013.180906947655,13981.747042157363,13951.931510119499,13924.211353107989,13901.246647707409,13879.498105526312,13859.02046136358,13842.425895611083
T20000logg3.6,26293.681547527263,25582.061749381406,24945.986974747524,24408.881959691826,23841.57688945718,23331.051953618113,22892.785631958854,22432.55122225245,22015.163241406084,21651.647696962766,21272.31660458113,20926.93391484213,20623.0634534858,20308.545853818516,20021.874366313805,19767.94715855434,19507.64965318982,19270.79365707546,19060.231763165135,18846.658848467123,18652.814705830366,18479.987682098286,18306.11842929164,18148.51338548534,18007.470104399094,17866.445386393916,17738.725004789318,17624.177548183667,17510.176035593195,17407.22775255067,17314.205258714203,17221.993626396532,17139.24998765593,17062.965913894135,16987.985418076696,16921.350555262972,16858.538141954024,16797.648775046106,16744.22612775882,16693.149392791223,16644.424362209556,16602.33749611498,16561.823423370493,16523.658976433755,16491.207399108836,16459.766864078938,16430.175065826214,16405.30425523772,16381.020992990987,16357.809053900199,16338.54574235953
T20000logg3.8,30373.838977162606,29646.867116071182,28991.922283585576,28435.27639735742,27843.68387499735,27308.139734885048,26846.364961153828,26359.6330684472,25916.523895160335,25529.63850981356,25125.05765438759,24755.719119930236,24430.35452487452,24093.116714632677,23785.076594078953,23512.06469913982,23231.785549919758,22976.131443970644,22748.778148806206,22517.670268499776,22307.286893775523,22119.636749377238,21930.273390051992,21757.985150021683,21603.6865739329,21448.791078109294,21307.880552735056,21181.317856501806,21054.71634742061,20939.74970387601,20835.630171413468,20731.79553524117,20637.944206526627,20551.316149194194,20465.51313710411,20388.48233498436,20315.97732640365,20244.897649706567,20181.62709611286,20121.285988794185,20062.759047591786,20011.13831712188,19961.527417428173,19913.683291341473,19871.768495894117,19831.157808275202,19791.80918082757,19757.39663077765,19723.798368528176,19690.713675121184,19661.81819798616
T21000logg2.4,12915.373812703638,12188.933281578244,11550.92707096534,11011.922939719465,10454.660114130762,9960.706218545476,9534.64156487303,9097.172279437247,8706.818052497609,8364.827914380137,8017.497193982894,7707.571566866687,7433.515982345616,7159.158694627671,6915.310291647076,6698.501577401199,6484.967856395093,6296.679991644922,6129.096149143176,5967.325702232793,5826.5285157913495,5701.6769131825895,5584.006546931657,5483.393844062439,5395.442537098221,5314.961480015979,5247.746995191279,5191.465757934454,5141.7656094000995,5101.966810814007,5071.243389769834,5045.619986700407,5027.000821801265,5015.409013013716,5007.566585895791,5004.54617677931,5007.031009197021,5012.378887373925,5021.124514887795,5034.629769918661,5050.5474563509515,5069.041179274116,5091.85523380745,5116.754190358492,5143.6218319304435,5174.312677325206,5206.580896328785,5240.200695745908,5276.9939876854705,5314.722267620282,5353.204988916858
T21000logg2.6,14180.98869827141,13420.02597065765,12755.688117635444,12198.891262078258,11625.609435733293,11119.302731686725,10684.898439331651,10238.194870145519,9838.849589714628,9489.22119759978,9131.3611244741,8809.878393950477,8524.78627298894,8235.922371337192,7976.641814866322,7744.964772965457,7513.3063537125445,7306.396730842609,7120.81790560316,6938.204686909554,6776.459360472577,6631.362607286688,6491.038656137599,6368.005567523262,6258.088550649431,6153.670264697282,6063.350060115543,5983.581265624029,5909.332519719336,5846.296002904501,5791.637708475504,5741.685063890295,5700.146823298064,5665.058270066752,5633.690633687126,5608.618010800047,5588.7859758153445,5572.143979626775,5560.392432160821,5553.420159355357,5549.346763314811,5549.2333835782765,5553.64736583094,5560.639537229833,5570.873479993037,5585.054682052661,5601.2232040359495,5619.828803501619,5641.5926733138485,5664.569965260802,5689.3247137203925
T21000logg2.8,16043.479710771055,15254.822017947132,14568.313933411486,13996.328464094853,13407.74030055453,12888.486882517194,12444.909784564332,11987.356482072322,11577.515929317597,11219.582546055106,10850.98986049514,10518.543160547382,10224.175477556284,9923.587516215995,9652.400110396566,9410.42781309584,9166.359256556812,8947.031577282523,8750.555318528937,8555.178298252273,8380.67737358339,8224.035448651905,8070.365574478284,7933.912032600796,7811.51456826336,7692.950490026469,7588.624185776363,7495.318895939616,7406.264904226498,7328.970702222616,7259.851701899903,7194.767522239247,7138.929869624253,7089.101399681703,7042.791879887236,7003.782944585549,6969.617413834852,6938.751928515782,6913.834853766257,6893.351922457215,6876.028013930674,6863.522061642303,6855.400012145649,6849.993156318786,6848.462172444211,6850.841284899192,6855.237374352617,6862.595730588432,6873.086506143102,6884.8012434319035,6898.731383177642
T21000logg3.0,19041.07017641272,18216.6948581103,17495.883433437382,16892.84932087436,16270.003078407412,15718.674261372998,15246.296782308678,14757.815082927003,14319.213105615761,13935.271818158059,13539.042296635856,13180.7853899601,12862.770776255698,12537.204782682218,12242.618517082154,11978.991848381436,11712.294195307866,11471.853544802425,11255.762676108528,11040.211776559734,10846.983799380974,10672.870334012492,10501.428373166718,10348.495455852393,10210.560708008163,10076.266972913774,9957.535199681706,9849.9748114175,9746.737734831664,9656.523413413903,9574.167232279666,9496.102171321894,9428.43628167583,9366.35644342022,9308.114451479474,9258.1660805245,9212.688182419155,9170.79575334361,9135.700657339237,9104.716837631615,9077.105353040442,9055.07014976234,9037.040807968648,9021.873345502761,9011.338555702723,9004.012351419213,8998.857956444022,8997.322747898239,8998.116089496441,9000.20582876797,9005.179256706584
T21000logg3.2,20643.104191305833,19841.466661381033,19138.949818062913,18552.409108234107,17944.521857200736,17405.328859716064,16944.711561672884,16466.67104771142,16036.61280316908,15661.626042735248,15273.123239020975,14921.178797445978,14610.276775823908,14290.60416112692,14000.734039692508,13742.7876578045,13480.52167130565,13243.432280816376,13031.646778086053,12819.00032921829,12627.608072009341,12456.048904336205,12285.628282377353,12132.673726947982,11995.254831709324,11859.951485532858,11739.078860135156,11630.347200642917,11524.317829877424,11430.505243231504,11345.306981762264,11263.107507407925,11191.078811665915,11124.72084146712,11061.48618783447,11006.754721142757,10956.082745706104,10908.70693706779,10868.549085126497,10831.842249067315,10798.44672812358,10771.091947165476,10746.948623537131,10725.709417849546,10709.265334590618,10695.761781274725,10684.254365100107,10676.487586256693,10670.92780630737,10666.498143674638,10664.967887413413
T21000logg3.4,22733.154085783255,21960.93145178153,21279.44112266245,20707.24831745621,20110.530675623126,19578.4032133047,19122.105010491145,18646.752767569036,18217.734323186694,17842.911347447498,17453.763729033744,17100.474459632605,16787.992664888767,16466.153141234463,16173.728962165684,15913.208285581139,15647.85443538958,15407.45254711763,15192.483969499986,14976.230682971474,14781.125597118273,14606.029865210216,14431.689966329075,14274.748046367675,14133.505163174183,13993.965120138388,13868.824780344125,13755.805803678408,13645.090322565575,13546.685715925161,13456.573841326843,13369.214253038133,13292.256980284117,13220.460786243413,13151.659290126652,13091.64619840425,13035.068453759357,12981.691652861971,12935.831438680303,12892.730591248686,12852.86961145189,12819.363787288205,12788.38318749612,12760.259116934467,12737.27800618578,12716.55713835596,12697.833003079564,12683.246838978324,12670.202012592265,12658.347293578116,12649.812781264063
T21000logg3.6,24987.731546850526,24252.533028586076,23599.74992019564,23049.717922292115,22472.67944799154,21955.818877282112,21511.95943037586,21047.835042808787,20627.95419058775,20261.305191482348,19879.771026722025,19532.897594229307,19226.55445808733,18910.35653742962,18622.629914498862,18366.759126009776,18105.43380021587,17868.243753340248,17656.59430721419,17443.00147521697,17249.903714863707,17077.040220319017,16904.3338358879,16748.556651376046,16608.735060705978,16470.108943560615,16345.473235500023,16233.294952430884,16122.914369002267,16024.515697861621,15934.689059346529,15847.178631444038,15769.91831510801,15697.845281005422,15628.479982394869,15567.872297940874,15510.486118572033,15456.101616612797,15409.264042367338,15364.77970624909,15323.367955999665,15288.380379696237,15255.371118127514,15225.078528004136,15199.998631919232,15176.5984667958,15155.050444350889,15137.68303087122,15121.34746598138,15106.007650159454,15094.054821241592
T21000logg3.8,27683.314495070736,26993.403629502343,26377.821957814824,25856.52183043643,25307.636744724485,24814.221977403522,24388.888565777834,23943.333124560966,23539.40133294644,23185.74974772544,22817.541086211993,22482.36921213138,22185.770035356596,21879.622578904655,21600.728489635552,21352.226959217216,21098.324874494727,20867.450213845055,20660.938722452014,20452.19995003664,20262.949338531278,20092.922803846886,19922.551897184512,19768.228732008116,19629.041066154263,19490.422115484176,19365.241206509727,19251.536423690915,19139.12262527658,19038.402820000258,18945.251751237844,18854.0450048198,18772.888314502772,18696.24742279441,18621.915381301897,18556.196606249592,18493.261447445682,18432.871448627044,18379.930849492066,18329.003280831817,18280.671833983113,18238.72657813445,18198.462005695874,18160.45923026413,18127.788381555958,18096.45682083754,18066.68500637059,18041.448558904216,18016.741971404987,17993.005320971915,17973.106470131377
T21000logg4.0,32478.724548155595,31787.65546295852,31165.66032900399,30633.45859590216,30069.637665130063,29559.649078984723,29116.41393172766,28650.774154631785,28227.101338278713,27853.777719794623,27464.80193006072,27109.904192703754,26794.08400041293,26468.146678132165,26170.63885216918,25904.10440148186,25631.80250414074,25383.673993350694,25160.34713710179,24934.55907286492,24729.311371624164,24543.659722304135,24357.475213651556,24188.370419920026,24034.507548787416,23881.11553579163,23742.4970727059,23614.516394463277,23488.120693025307,23374.56849235999,23267.822369919413,23163.230354443192,23069.45964206521,22980.005884026315,22892.75992248874,22814.6317027124,22739.426622384584,22666.43188516863,22601.208743279018,22538.29546815968,22477.46047676348,22423.316162533676,22371.05209353496,22320.497607333724,22275.942052595747,22232.162545647647,22189.796910025136,22152.684151629823,22115.342264312425,22079.003524161202,22047.31358783746
T22000logg2.6,16128.513570243354,15270.63757866252,14518.960831796365,13884.445189774955,13231.31614105129,12653.875674321063,12155.821262753376,11645.440122610327,11189.646623339817,10788.74574991848,10380.308632868748,10013.867382740431,9687.151056995597,9357.467579697279,9061.671423893691,8795.383815214764,8529.824786058012,8292.380871500707,8077.201307712084,7865.671571600037,7677.822958815328,7507.126880478144,7341.981331671738,7196.579014263555,7064.580819042394,6938.866178509098,6829.214681025062,6730.555849303325,6637.986835463554,6558.1264985020225,6487.37400548011,6421.623467532061,6365.483275643691,6316.474089722883,6271.321220949171,6233.434339508374,6201.281645440974,6172.345936815765,6149.432889805695,6131.079204166462,6115.917127228112,6105.966678539024,6099.957106372224,6096.999660978004,6098.563626826791,6103.360778634351,6110.671139490636,6121.6687566991295,6135.088959580885,6150.184206540588,6168.383337046423
T22000logg2.8,15978.69811429932,15192.054205286347,14507.555118638287,13935.761856518327,13348.427912316605,12830.655271923331,12387.184746789077,11930.971176383631,11522.824064962228,11165.333604455082,10798.314871713028,10467.690566751786,10173.881480412889,9874.754147535012,9605.094784223436,9363.305686870466,9119.947104433388,8901.242087839139,8704.023302497435,8508.225575164524,8333.248262629622,8174.992385267619,8020.026927380378,7882.467041744182,7757.8768073890915,7637.583056733433,7531.932150173681,7436.212393429569,7345.350768419198,7266.5109383379,7195.312730236414,7128.5378104123165,7071.1034448317105,7019.539318676806,6971.683466784762,6931.1131196091765,6895.440938026772,6863.1302709525,6836.680467904288,6814.908885566111,6796.253737548731,6782.545034482942,6773.129118625068,6766.568990215474,6764.146691062207,6765.390181574489,6768.891104433071,6775.694070536671,6785.304482664672,6796.441464978628,6810.215387799287
T22000logg3.0,16663.086164057957,15922.334345648698,15279.79532496762,14744.151206985394,14195.454460777139,13712.546097637318,13299.004844839597,12873.668100286335,12492.998180548806,12159.046967627824,11815.79077919297,11506.182395645421,11230.393257544883,10949.207486101104,10695.366033052955,10467.192720475952,10237.29134851727,10030.45793153365,9843.467954771784,9657.693254542442,9491.4286553435,9340.655810976885,9192.788688320456,9061.337675486206,8941.609363564667,8825.845155804409,8724.104556392796,8630.87933592786,8542.336779466163,8465.334917187045,8394.795825764788,8328.53360669463,8271.293030396499,8219.041386874933,8170.430819508408,8128.950898918798,8091.726886757455,8057.88150825172,8029.857235163509,8006.008133578808,7985.28937464233,7969.586923123743,7957.55473022316,7948.394523218231,7943.418956230736,7941.472411371706,7941.744387192163,7945.41639278082,7951.196544147079,7958.451224665128,7968.491772455768
T22000logg3.2,18324.64250473019,17590.04916071485,16951.232698915952,16418.682436927364,15871.31230216008,15388.445602719492,14975.1788893872,14548.650905007155,14166.040697664837,13830.771464946336,13484.90298260272,13172.184614942169,12894.060465909699,12609.357944379492,12351.678844097712,12120.542164112947,11886.730461952506,11675.853953010434,11485.803384863195,11296.225777213383,11126.142961604653,10972.363436293384,10820.876860588607,10685.646357012502,10563.04369534232,10443.712027031872,10338.281104725662,10241.987268745515,10149.78141805284,10069.292263517651,9995.169032314441,9925.12152949405,9864.454176403902,9808.38179746958,9755.968978943025,9711.094744844548,9670.014740695433,9632.401128987402,9600.978416473772,9573.268057318292,9548.772633121838,9529.436037823478,9513.606394842125,9500.533206658778,9491.740487334564,9485.733194348339,9481.807937240264,9481.268928481546,9482.671382970246,9485.350808570629,9490.765964458938
T22000logg3.4,22210.564115770518,21455.76678522076,20794.41774106822,20239.557548988425,19665.495507803418,19156.18701131393,18718.519700527082,18265.13525712782,17857.133739906436,17498.938247658498,17128.67093586699,16793.151411624003,16494.414249319852,16188.043118984833,15910.094196467253,15660.481554524233,15407.30432577222,15178.220643181592,14971.31393132429,14764.081762630036,14577.26272872189,14407.782394269025,14239.815894035424,14088.97545856273,13951.2098463179,13816.102839172914,13695.87873910296,13584.559116802437,13477.029100552325,13382.16375805139,13293.305663341327,13208.353797524527,13133.682175355947,13063.244882138266,12996.390326372795,12937.92755260911,12882.907386691488,12831.330387667804,12786.7219811936,12745.50899477226,12707.464930521812,12675.407364772505,12646.252481673931,12619.904340188072,12598.627349931217,12579.444931364415,12562.418669726165,12549.583822828405,12537.88391517686,12527.613450072602,12520.891173056034
T22000logg3.6,21885.047516645045,21191.167870060897,20580.72335125979,20068.849783490477,19536.554973516842,19062.92733998656,18656.837014914876,18234.45966552185,17853.669995377313,17520.6772588221,17175.29622527085,16861.951691853345,16584.434372249827,16298.883778159383,16039.597362419303,15808.285489233424,15572.93544006105,15359.870191073493,15169.108144091062,14977.455192620668,14804.720897252913,14649.54101088538,14495.302513942379,14356.65146296321,14231.86605645569,14108.89163308801,13999.094179429238,13899.62217882274,13802.744471022866,13717.266258275595,13638.588101801412,13562.965888293586,13496.833697112885,13435.086897454124,13376.407860834934,13325.612266002527,13278.00210245939,13233.473079933576,13195.598057892714,13160.49830473476,13128.378442319528,13101.777523003278,13077.87300517625,13056.430214125128,13039.510639887552,13024.817417052935,13011.833597549334,13002.508051422868,12994.57547126194,12987.615830708595,12983.619263540175
T22000logg3.8,24003.687811185944,23356.39745672778,22783.36220065925,22300.498322881384,21795.535880851607,21344.125246335254,20955.89042723021,20550.741215570513,20184.522614729925,19863.85309551586,19530.680881121254,19227.932868416774,18959.669598352393,18683.275585896667,18431.932455208338,18207.63278589766,17979.077146446758,17771.831524905978,17586.26966639078,17399.5524545324,17231.000368634446,17079.579706093653,16928.85184940004,16793.145819744885,16670.985568705033,16550.382414932003,16442.514057652694,16344.643976886438,16249.113322847228,16164.66972659803,16086.615664153645,16011.438298018726,15945.599147096695,15883.642544633569,15824.653568108703,15773.491426550241,15724.918082435632,15679.347953477689,15640.420021050963,15603.597859992697,15569.668305849349,15541.278576507388,15514.898849447669,15490.893635703042,15471.52060455072,15453.580250227473,15437.328326126224,15424.876592787923,15413.047562980404,15402.190364865559,15394.477844389556
T22000logg4.0,26675.377973583873,26052.10453881022,25496.741109683047,25025.84713014965,24530.836144834793,24086.225243358807,23702.155483022685,23300.294603328584,22936.120545846046,22616.409221791026,22283.947043731478,21981.434766953003,21712.94045856645,21436.244649392265,21184.337323115375,20959.22101852439,20729.686186266168,20521.209243799316,20334.15449865637,20145.625612380813,19974.977668923213,19821.253875005154,19667.776356588012,19529.114724474774,19403.720275914537,19279.438542050622,19167.938155243042,19065.808788304694,18965.77248255139,18876.91490538721,18793.958192251746,18713.64667411521,18642.742743555275,18575.50098855742,18510.94135804088,18454.275599221153,18400.119520050783,18348.640205129377,18303.86459218261,18261.17212583451,18221.001269105822,18186.45807990753,18153.85571424806,18123.26422531044,18097.555652141145,18072.976001224888,18049.907541775578,18030.952372048152,18012.294270921888,17994.546723792908,17980.332974906953
T23000logg2.6,10551.614213691179,9937.724601053354,9401.579543827458,8951.746182162526,8489.859506367038,8083.466434056523,7735.480979035605,7380.486618476522,7065.638254075113,6791.397793608265,6514.1462162566,6267.865050228773,6051.129827927033,5834.829815723349,5643.259292558471,5473.671888608016,5307.022667212813,5160.5674763573625,5030.858476991755,4905.9865739491415,4797.823397909013,4702.650265843524,4613.468029013203,4538.004626394104,4472.769800416001,4413.901487852587,4365.672170823486,4326.370261757881,4292.704456756934,4266.885748705469,4248.686865915812,4234.842113553227,4226.466314248444,4224.186231815555,4225.17162116121,4229.971223491531,4239.7322313242485,4252.18724040345,4267.426878360506,4287.0718708084505,4309.1219579728095,4333.241123756757,4361.53333583706,4391.879686350706,4423.720982191454,4459.32429793271,4496.436066258539,4534.406959563071,4575.5376336576865,4617.440015938409,4659.601353095339
T23000logg2.8,13694.263206775888,12986.796815757905,12371.817961913617,11855.794293771589,11327.817101038609,10863.099716133836,10463.103582997523,10053.916763476545,9688.922500088169,9367.640426614165,9040.329862894101,8746.765711013879,8484.584196891961,8220.127847368773,7983.021836834832,7769.192456134837,7556.255449857194,7366.138628616921,7193.618448676034,7024.440426859524,6874.514275771624,6738.033031547137,6606.376024881286,6490.9270069788445,6385.557414292751,6285.839271442227,6199.528568417515,6121.29280743583,6048.757956362568,5986.8785819460845,5931.775594043361,5881.438919070646,5839.161410722739,5802.318575207643,5769.298552318354,5742.408394694666,5720.174564672988,5701.2670359702915,5687.403749392719,5677.675805916146,5671.130409657831,5668.881229149325,5670.408596008636,5674.827640866982,5682.873714155712,5694.128021887286,5707.684552702786,5724.1416604968845,5743.103712606442,5763.545647750196,5786.364962195123
T23000logg3.0,15565.296216897372,14855.290859546858,14238.808340401036,13722.947127547128,13195.106300896186,12730.554552101044,12331.459359616882,11922.15286899857,11556.289787095822,11234.385196598645,10904.79785243495,10608.04276449251,10342.86092582506,10073.626763852835,9831.024403105948,9612.061966914946,9392.378264139781,9195.085898661082,9015.841672289509,8838.552362862358,8680.216481530037,8535.85107778006,8395.00980307719,8270.344208519098,8155.815971884284,8045.956503323855,7949.771852082096,7861.205317930712,7777.737619538297,7705.348235976285,7639.13476930757,7577.343337503274,7524.136101888312,7475.797365513184,7431.145522717793,7393.197921009118,7359.482345868786,7329.092025031466,7304.366046822376,7283.381776768554,7265.663347437178,7252.856841709492,7243.390751942887,7236.9279940240895,7234.673768609457,7235.101630890697,7237.962670194382,7244.292797779775,7252.549122600895,7262.460848756503,7275.288635179059
T23000logg3.2,16872.634106404694,16189.62997154385,15597.29326515286,15102.494149515953,14596.417260510136,14151.135088921506,13768.874405248494,13376.286797688555,13024.953954247438,12715.762675105665,12398.388448051606,12112.078993763322,11856.07828810704,11595.39910689401,11359.978855331334,11147.410287318991,10933.492353098689,10740.930802326888,10565.920381166685,10392.244044595767,10236.652596963708,10094.70836403351,9955.601160079153,9832.032732386297,9718.148583667771,9608.365586990176,9511.927200800641,9422.379866440544,9337.568886483472,9263.66504238616,9195.18809177267,9130.902462410686,9075.15183583395,9023.683164962558,8975.76572763466,8934.602024335132,8897.232345771556,8863.120314960108,8834.767568070305,8809.809065975825,8788.044215550142,8771.296685175861,8757.501808620262,8746.612177841413,8740.026302016593,8735.657535086057,8733.63305571657,8735.193540406068,8738.184868554054,8742.772508174014,8750.403650805394
T23000logg3.4,18695.449803929627,18024.014512926547,17440.19012337994,16952.133346843373,16451.517047221412,16010.111097465904,15631.219063801547,15241.085843059649,14891.318041799686,14583.768055442626,14267.25365867717,13981.213542855472,13725.814183480868,13465.001549749735,13228.984912400883,13016.324265431558,12801.603551086246,12607.890864096944,12432.255853337007,12257.261382050398,12099.99990393496,11956.909441355885,11815.914000556098,11690.075254620997,11574.450122744642,11462.150120594946,11363.022100181533,11270.908415435239,11182.96733189295,11105.94071462698,11034.192145409947,10966.27800449306,10907.012319576841,10851.830268843656,10799.951597802283,10754.997574482455,10713.59869718859,10675.259543031829,10642.78572765578,10613.587283288578,10587.318219137382,10566.20100718337,10547.80816348247,10532.093990734462,10520.799333348694,10511.473667791222,10504.282777157774,10500.808542900138,10498.442466920449,10497.535637659805,10499.8056253595
T23000logg3.6,20588.809604052247,19921.965587751754,19339.644851519362,18850.615048772936,18347.15706008598,17901.610790450755,17517.649292986156,17121.371106407925,16765.235059326984,16451.12604870133,16127.529466331443,15834.607508348032,15572.360906898168,15304.427126205415,15061.653106782349,14842.349019759913,14620.927084750485,14421.02628411124,14239.381642689103,14058.585651477651,13896.156420469053,13748.013243320378,13602.364828200136,13472.668164404751,13352.900531855124,13237.054996950597,13135.054020158794,13039.700604056801,12949.049868104275,12869.800693783498,12795.527244100205,12725.51534791901,12664.524666588168,12607.387637779879,12553.888520424603,12507.58006529318,12464.666561240876,12425.035223837087,12391.611730279456,12360.976336634434,12333.55327748512,12311.572505682698,12291.800535777757,12274.914896543934,12262.711663235796,12251.829065731079,12243.230340429607,12238.520711397983,12234.255933695655,12231.480829858745,12231.987314578762
T23000logg3.8,22251.82884929199,21625.102795271876,21074.41066734451,20611.09513783416,20130.662621164174,19703.415668028683,19335.374098838,18953.46454404532,18609.16602210765,18306.339659630685,17992.9978570291,17708.726432325053,17455.322645345426,17195.31837081863,16959.22414868968,16747.107812153696,16531.912434283662,16337.111729333377,16161.196640619568,15985.011384526726,15826.122528639698,15682.140346144039,15539.423290567911,15411.36995917818,15294.389232190837,15179.788411248019,15078.075011829025,14983.696486684556,14892.759465674555,14812.76109440959,14737.768782847712,14666.244636360247,14603.589611746329,14544.554855480288,14488.63741474934,14439.947589979729,14394.25165869785,14351.481758827942,14314.73154276434,14280.898216970616,14249.702585550363,14223.797150841343,14200.143768515623,14178.864475543176,14162.109486708938,14146.839827192778,14133.377315020023,14123.738663331138,14114.628881490613,14106.713554418639,14102.085576820124
T23000logg4.0,24058.72121467964,23465.888152021904,22941.735931272888,22499.002561000954,22037.12167087697,21624.45871937273,21268.292194973572,20897.28891024147,20561.957273527205,20267.063028707144,19961.234265282917,19683.362077944428,19435.99664389902,19181.69090516622,18950.47953783674,18743.156082216607,18532.375450644766,18341.313838508315,18169.250898517632,17996.52765381769,17840.58100002377,17699.70023150597,17559.741217705112,17433.954536776615,17319.591077500972,17207.193343520412,17107.25902647987,17014.955740543566,16925.691026101784,16847.128164103608,16773.56275501799,16703.23739390602,16641.696498772697,16583.580623000416,16528.46001088842,16480.56346894384,16435.33412414677,16392.940678291558,16356.55400570259,16322.721192394449,16291.40327929327,16265.255758117448,16241.18559208506,16219.239137301807,16201.734830765317,16185.481404999102,16170.799877569134,16159.821550393825,16149.197661916884,16139.508227537903,16132.99856253061
T23000logg4.2,27238.644013506724,26663.512644513412,26151.876818975466,25716.662241821134,25260.683646595502,24851.427327074456,24496.262604703497,24125.63275954465,23789.801270259682,23493.3121280156,23185.80113412851,22905.996866293957,22656.13461846322,22399.376277803778,22165.612129630845,21955.378152382702,21741.628855941868,21547.547376371873,21372.0642345793,21195.790304973092,21036.22181547457,20891.417010761503,20747.305189408256,20617.615080675438,20498.500720351592,20381.37608459575,20276.996038364665,20179.437661397667,20084.933436613657,20001.239900837318,19922.23487052603,19846.296621476715,19779.209142554868,19715.492242122895,19654.532263221787,19600.842002385038,19549.922340970927,19501.53535149479,19459.337225910906,19419.547999765622,19382.042446401843,19350.08685113125,19319.647286528027,19291.277615284354,19267.75174728465,19244.782261365195,19223.412875685775,19206.21033074834,19188.555901417378,19171.97227525664,19159.009459810935
T24000logg2.8,13480.776552221125,12750.69866410147,12113.6102113866,11574.781356028867,11022.973572796529,10536.168716885551,10114.196992681711,9683.577643721546,9299.617055906116,8959.642604268909,8615.123505399399,8306.815918997949,8029.8500084925245,7752.386625810323,7504.380259199479,7279.165444720176,7056.63439889367,6858.772092728565,6677.648888306326,6501.722571031904,6346.829301406974,6204.09176044353,6068.155231224618,5949.842773421751,5840.655087491833,5738.8308572726,5651.237526529179,5571.607735614288,5498.830818164838,5437.258227719182,5382.565242623281,5333.524106452097,5292.933081672285,5257.885064820296,5227.358972422717,5203.387036227092,5183.834032989952,5168.286646851314,5158.090566644619,5151.793593920039,5149.204462592944,5151.124530159574,5156.589406276387,5165.333259888967,5177.758366763895,5193.35393152134,5211.390407113382,5232.408236242589,5255.910547457114,5280.902874901102,5308.424860494885
T24000logg3.0,15071.572952342342,14366.749829209655,13753.024113198664,13237.663395968653,12709.435744644781,12243.791059004649,11842.920447890197,11432.078464717912,11064.977564606606,10741.746806574087,10411.54137129759,10114.59487667664,9849.122813152899,9580.254214956765,9338.265060289596,9119.645377247729,8900.757108123655,8704.329534389146,8525.601960417182,8349.137479225723,8191.703730585902,8047.817714725362,7907.776863597018,7784.04007122232,7669.990443924195,7560.941120395795,7465.595891668539,7377.695516497928,7295.115320592366,7223.6108429390215,7158.282882560543,7097.53171801175,7045.334135457825,6998.067533481692,6954.573966848055,6917.767905337988,6885.1647690359305,6855.969075278127,6832.476668160728,6812.580201555348,6796.08552364447,6784.56598665349,6776.256074711447,6771.101908202884,6770.2206596420865,6771.982206507723,6776.309522725525,6784.162943535881,6794.007376825431,6805.602599932867,6820.179325412749
T24000logg3.2,15481.918429602356,14835.737716939168,14276.77052664152,13810.807175755877,13335.525487343231,12918.392053636995,12560.999656395352,12194.852649062943,11867.895497885782,11580.611069245868,11286.306581326231,11021.287784917138,10784.62141846692,10543.99816112385,10326.989560751306,10131.19814834066,9934.354772932908,9757.332278085843,9596.545844048078,9437.10411030274,9294.432531914039,9164.365085062554,9037.063583490652,8924.200257948749,8820.305658827807,8720.397045638849,8632.856687773647,8551.880980826014,8475.448383633704,8409.114536852814,8348.044509150044,8290.97970367845,8241.800439763123,8196.781146102929,8155.161807841738,8119.757169589842,8088.05541165446,8059.466949421127,8036.224876712591,8016.243436461986,7999.368148824333,7987.161330208182,7977.853274437414,7971.3748389731145,7968.909004712607,7968.680474292088,7970.737370002085,7976.118493227822,7983.033757841683,7991.488110297653,8002.748519487178
T24000logg3.4,18089.671528741947,17428.752772171112,16856.81177214717,16379.48862335689,15892.523964038726,15464.747580934141,15097.565478472614,14720.968284448254,14384.115262755928,14087.400566903385,13782.919493911433,13508.146763990742,13262.069821449299,13011.376125836223,12784.715173342527,12579.60893366388,12372.903340533403,12186.480518412794,12016.546901448164,11847.536362601853,11695.818976981585,11556.713128097183,11420.116072269999,11298.670433302732,11185.721351381559,11076.802307541819,10980.893332295562,10891.153670061401,10806.0090927583,10731.540619819603,10661.995827019544,10596.539371443558,10539.507830632478,10486.359590708806,10436.734904650863,10393.88237964299,10354.451419155299,10318.309993004958,10288.100582295425,10260.75519890492,10236.710873205227,10217.895656534392,10201.433306094628,10187.9700866081,10178.991979282284,10171.613154226616,10166.607638848649,10165.323766206793,10164.875632740468,10165.993144939297,10170.227140527737
T24000logg3.6,18962.439686098198,18337.599688760656,17794.98698256435,17341.1846055542,16876.49270416974,16467.03651526972,16115.104219499166,15753.072784549637,15428.511220992348,15142.531258129624,14848.408061954824,14582.542238853233,14344.568139070676,14101.667944051973,13881.74968320639,13683.006444087196,13482.373163924978,13301.22023320046,13136.407385369852,12972.207601165079,12824.57092052471,12689.618001300185,12556.734240433349,12438.340316265532,12328.575593646725,12222.337817580632,12128.662966813636,12041.004183265928,11957.565329140996,11884.48493180503,11816.103151701729,11751.522031587481,11695.15532226749,11642.50597592841,11593.131472071236,11550.351367129013,11510.89933731871,11474.463246155854,11443.793313765316,11415.913394111403,11391.037303970514,11371.251819303456,11353.724349286493,11338.909471241726,11328.492590577856,11319.52669821453,11312.726908186034,11309.623872927197,11307.186872750459,11306.195028335205,11308.345344064997
T24000logg3.8,20546.083699496245,19952.714439705484,19434.99778777533,19000.330528102433,18553.17821428657,18157.560656750113,17816.506028060452,17464.514427530612,17148.076946673697,16868.78186936693,16580.967548518594,16320.316328273204,16086.80071510503,15848.112782678772,15631.681385193484,15436.041759062213,15238.323197501302,15059.608505506585,14897.066068147193,14735.023329766653,14589.242485842657,14456.03869573533,14324.850248176528,14207.9660827839,14099.577634603891,13994.670674316352,13902.166788550532,13815.504456319393,13732.982487725249,13660.690496197129,13592.897727299256,13528.840266407677,13472.924841835216,13420.535898750035,13371.35912820121,13328.729727933885,13289.235644884195,13252.665612433902,13221.832896055155,13193.537861021738,13168.124085056157,13147.791131904889,13129.389219591749,13113.567790383107,13102.127873909676,13091.768144854646,13083.432649925504,13078.777374119945,13074.388035972563,13071.32323123263,13071.349606734233
T24000logg4.0,22306.820310813106,21738.509003858104,21239.7831168433,20819.05404297705,20384.153435286535,19997.808944499462,19663.83410396578,19318.344344272078,19007.154703845965,18732.280484132352,18448.790336551938,18191.822222103558,17961.671246964415,17726.3314146424,17512.783475913122,17319.899130008747,17124.84653965709,16948.39006774701,16788.010257155343,16627.936436532476,16483.747387161788,16352.029617260132,16222.066426558831,16106.117728676083,15998.446858794267,15894.02061497569,15801.799309530546,15715.143386393924,15632.43812407017,15559.83905583328,15491.509862530545,15426.775491554492,15370.104619992528,15316.828402636365,15266.633607820926,15222.97910515381,15182.291424048897,15144.417372084185,15112.345305016881,15082.514183789994,15055.485401272286,15033.64386983427,15013.329524708757,14995.552520706175,14982.283945492682,14969.671227592282,14959.06956139521,14952.283693219515,14945.349727260393,14939.762990273368,14937.399053257008
T24000logg4.2,23993.682590165856,23464.896798359612,22997.470723349536,22601.493532046192,22189.17505068436,21820.863675902296,21501.888233658137,21170.312140770453,20870.686403135536,20606.188098253057,20332.545683864384,20084.01582534373,19861.917868214092,19634.21879956722,19427.28024180224,19240.984299103777,19052.070876816048,18880.884114301265,18725.899236679954,18570.66669678617,18430.474512459023,18303.035859228414,18176.655390554854,18063.393730980144,17958.949530380967,17856.871899482656,17766.36444370647,17681.57675125074,17600.040135426658,17528.230009259656,17460.555865713377,17395.991892260292,17339.321965923104,17285.77453248928,17234.97158558727,17190.5895932269,17148.95062740996,17109.783614350803,17076.195651562008,17044.867156229055,17015.879512010357,16991.89094633975,16969.432299972024,16949.082259020368,16933.101782557795,16917.81200982833,16904.1847437175,16894.321100536858,16884.285536090905,16875.381693779436,16869.73672334496
T24000logg4.4,25621.41874224411,25130.512580286395,24694.33570491318,24322.1854971946,23933.6139560682,23585.274856178417,23281.832611845424,22966.28664033466,22680.676761400293,22427.39547174617,22165.71740376732,21927.9294215349,21714.6185957796,21496.39596696682,21298.044660036747,21118.784856491427,20937.404277666836,20772.973070979053,20623.496759674177,20474.02752391325,20339.149881238776,20215.5494766939,20093.33560958156,19984.07502856304,19881.99500724524,19782.676381414898,19694.459541031603,19611.297035287003,19531.318456733185,19460.532766109274,19393.72591169091,19329.77771981789,19273.261066589854,19219.913693679682,19169.00891824668,19124.351150884366,19082.1670310489,19042.298873193085,19008.11389767697,18975.5073115609,18945.261282849064,18920.211243251408,18895.846660104577,18873.69825624359,18856.135031361435,18838.434043966696,18822.5408022261,18810.598680979565,18797.848620619356,18786.443955593448,18778.343393426087
T25000logg2.8,10871.01208621415,10241.420678077282,9688.50277700373,9217.300091341167,8733.201437344107,8305.150913022288,7932.802122098152,7554.129501006889,7217.62065187651,6919.879730617631,6620.719866575304,6354.886682792051,6116.797953039641,5881.027296081597,5672.279164244947,5483.52904690112,5299.631106278213,5138.170768683357,4991.07880167294,4850.734239587739,4729.11077912449,4618.127022965958,4514.838282204858,4426.686128758725,4347.360163489141,4275.505676709106,4215.573110291255,4163.537176622415,4118.143142804891,4081.9551689666846,4052.5450730562616,4028.4973863682444,4011.1767105953895,3999.3405373516407,3991.6266035169506,3988.8758272850196,3990.6107176011765,3995.757486613929,4004.7566529767055,4017.7796405387007,4033.7559455989767,4052.8149178179547,4075.654008317883,4100.940780407082,4128.667851264848,4159.865475737308,4192.708634544598,4227.570618501161,4265.144959848214,4303.496249472779,4343.56750749489
T25000logg3.0,14131.720308143862,13406.194134323841,12774.833298683636,12244.250128099791,11701.241599661384,11223.155213477325,10811.372336520466,10390.497191589197,10015.291886162424,9684.96355122685,9348.862417425065,9047.571169805282,8778.317695876061,8506.88836924794,8263.440489760938,8043.506597725607,7824.379324594261,7628.476740311619,7450.177248242281,7275.080981136245,7119.651690573879,6977.341307809899,6839.824419333471,6719.034754468532,6607.682463201366,6502.134559952344,6410.403279939299,6326.340031306824,6248.079226099736,6180.869256778004,6120.136054412706,6064.327665328529,6017.018947783404,5974.89839888225,5936.838698353327,5905.431124119743,5878.347940985119,5854.925641679229,5837.100046704908,5823.018833380221,5812.487677637464,5806.783600258004,5804.415195122634,5805.278961173072,5810.203640261448,5817.9618987440645,5828.253621999127,5841.836579577731,5857.625702705347,5875.033950949608,5895.203282627471
T25000logg3.2,14142.110186340065,13524.794131964185,12990.223285678972,12543.400284874657,12087.734899121,11687.74756978033,11344.402959205941,10993.38960768081,10680.393233832612,10405.10978418292,10124.106776004035,9871.652845255483,9646.033610848765,9417.582371608412,9212.081538620869,9026.4575638195,8840.620445662878,8673.935864840316,8522.353754005491,8372.728069363397,8239.370238596997,8117.510164194227,7998.998300720535,7894.53566435892,7798.102929231447,7706.161532376643,7626.058011008437,7552.170538370754,7483.0419874850795,7423.480739073073,7369.082434252487,7318.78450005875,7275.894665687601,7237.124027358822,7201.7908756786355,7172.3252869177895,7146.391505811595,7123.645973985502,7105.951116219274,7091.364403549296,7079.938476496374,7072.9470073219845,7068.701784369308,7067.346321574506,7069.767372886632,7074.43564194272,7081.377863154307,7091.433764646935,7103.153767514563,7116.344724504824,7132.179726478902
T25000logg3.4,16736.548682126228,16108.769809519994,15564.552050364944,15110.058399729756,14645.672418051136,14237.456519579055,13887.35174526262,13528.276253139633,13207.267876586506,12925.031419976596,12635.54872371821,12374.49756237918,12141.184978534851,11903.518376984897,11688.713986531922,11494.712044395781,11299.106080323423,11122.68702773553,10962.234014893666,10802.548423845546,10659.22213406522,10528.209222653864,10399.480281171029,10285.011325452384,10179.05773565047,10076.733959892967,9986.577076138772,9902.758205705488,9823.061483924994,9753.35212332765,9688.71512144557,9627.748192204648,9574.670573991567,9525.541493528737,9479.569060412989,9439.927471691308,9403.689861792858,9370.40738625275,9342.68551128697,9317.80798272474,9295.96037441903,9279.07339226026,9264.572777439384,9252.889662384348,9245.517231991436,9239.87853776758,9236.513877888508,9236.786652110086,9238.12059642874,9241.01143338696,9246.984357057006
T25000logg3.6,18191.557511206076,17591.91348559153,17071.446882088403,16636.38051198627,16191.034976523824,15798.785326291354,15461.823209909742,15115.307763727942,14804.768364504138,14531.255004627346,14249.972723482671,13995.724978580307,13768.169983797248,13535.817084069644,13325.366292696814,13135.137386250562,12942.934871603069,12769.273409717105,12611.253772575428,12453.689787596353,12312.00361422993,12182.448995745255,12054.891644418043,11941.286357311625,11836.011060058334,11734.16555493921,11644.317544076534,11560.549685006532,11480.761336316533,11410.850707729005,11345.725718362646,11284.164782094043,11230.43693797031,11180.440315218913,11133.516047073399,11092.89422229864,11055.551592968357,11021.065023745634,10992.110982308508,10965.905020212713,10942.566930733941,10924.149999660962,10907.955043299216,10894.373090214207,10885.0531329598,10877.191267455635,10871.408868666,10869.219574645022,10867.733536839543,10867.641877854052,10870.570593361712
T25000logg3.8,19169.907719480354,18603.442232496254,18111.09388776025,17698.334471965747,17275.845505733665,16903.4244063618,16582.61658167997,16252.942531417251,15957.412668378473,15696.481610542034,15428.507204057187,15186.345163711165,14969.15435452735,14747.807111105561,14547.431761551072,14365.93766056094,14182.928301654543,14017.614322761667,13866.83247203817,13716.664835327208,13581.692223157956,13457.609163319341,13335.599891411191,13227.041434657925,13125.530776460962,13027.556565559264,12941.089985918119,12859.872204221774,12782.59101662697,12714.759939328005,12651.23786378017,12591.187555440734,12538.647449763352,12489.582158671885,12443.500534589502,12403.604263495768,12366.627449091799,12332.49609576929,12303.8732017272,12277.588156472253,12254.169272491225,12235.708651597126,12218.932358487533,12204.800913044892,12194.967388096586,12186.129883294294,12179.384785222532,12176.281788397851,12173.52308731095,12172.201513434942,12174.01360292068
T25000logg4.0,20861.839377798766,20325.171882338287,19856.303445572463,19461.412709121432,19055.061436639797,18695.115865335447,18383.829342284378,18062.65967463178,17773.750799894715,17517.984519978094,17254.672697277347,17016.148256451423,16801.819942298767,16583.020239992984,16384.59502764952,16204.597970358076,16022.909278163,15858.549232142597,15708.531618939043,15559.03375573472,15424.594150518818,15300.791711054577,15179.086481167942,15070.82106408087,14969.257417122637,14871.275121460303,14784.722357070677,14703.188121699104,14625.535257012361,14557.247323588885,14493.095633177321,14432.347765778359,14379.063249121047,14329.13140461989,14282.105403596368,14241.34801659027,14203.175848880392,14167.852690121308,14138.141490356931,14110.39368542897,14085.4970194961,14065.668731944192,14047.080036911113,14031.119989631243,14019.557290590083,14008.523038947742,13999.559191335704,13994.325120280811,13988.977263175575,13985.075570520954,13984.26441075365
T25000logg4.2,24147.334544401932,23615.280496593587,23148.648147999604,22750.59009059413,22341.644505202366,21978.509696380996,21660.42117450735,21333.72300168161,21039.770480108116,20776.180155876154,20506.704823747183,20262.823258565764,20040.746184174794,19815.876562730286,19612.266228689332,19424.659340986058,19236.936649105264,19067.887435363653,18909.64248342746,18753.845903725025,18614.800998488154,18482.07144468948,18353.64971838261,18239.19456152676,18129.51488629741,18024.400120514627,17930.940097341532,17841.385926204755,17756.339036342357,17681.284320740742,17608.721891147183,17540.501305454232,17480.909879243172,17422.26892823939,17367.868185149917,17321.159132595705,17274.435363683337,17232.04492467093,17196.370579859933,17160.64846329049,17128.93104490149,17103.019843057078,17076.948372101364,17054.309818635775,17036.46483847073,17018.16794186658,17002.820983472808,16990.82469476552,16978.313356081562,16968.257129871392,16960.250091318434
T26000logg2.8,8832.767926592578,8385.867794756656,7990.183911469621,7649.634706324296,7298.376955779321,6986.696758185385,6713.797987846246,6436.827206796665,6191.054606005624,5972.86445993544,5755.208701962682,5562.8709437231155,5390.405296738545,5221.658310436032,5073.736491492659,4940.223323767956,4812.560053643834,4702.517522962659,4602.816142937849,4510.6179167854725,4432.935506791839,4363.7231007767605,4302.362336801337,4252.37039153288,4210.329314336309,4175.34653693635,4149.061858053806,4129.973160407392,4116.900942602586,4110.266595843747,4109.842219288258,4114.112863090039,4122.764348302438,4136.566416264393,4153.729594154056,4173.689515946841,4198.091575509952,4224.925346629712,4253.593527609842,4286.346969779501,4320.934816546049,4356.800672899238,4396.505518583431,4437.564509079208,4479.485623113796,4524.9409890590805,4571.094895790299,4617.893869922088,4667.5336360440715,4717.059618000179,4767.202876210986
T26000logg3.0,13387.52521543064,12697.429016076812,12092.57645358612,11576.687777125211,11048.162822891705,10581.128112946793,10173.845773753786,9759.83313942471,9391.256693136715,9063.366364742,8733.090096476695,8438.30368617784,8171.9736926892265,7906.830798941721,7670.455655482588,7454.021843410695,7241.474763398639,7053.145267730212,6878.453347516365,6710.033145997387,6562.242551823171,6423.949889936125,6293.232174554736,6179.240589597686,6073.18933351576,5974.4342046672555,5889.197641061274,5810.845431382905,5739.2934055777,5678.700142633726,5623.747568003374,5574.671729848163,5534.203774322303,5497.866172886812,5466.468549660509,5441.857199808875,5420.4716250651245,5403.453390556554,5391.993927984397,5383.549719864652,5379.046951206443,5379.220087755878,5382.42498026411,5388.900980094413,5399.575644212373,5412.789285058181,5428.51605796996,5447.799551217276,5468.9598589016005,5491.756442650196,5517.636760024181
T26000logg3.2,14030.294899424607,13386.89943066886,12827.623881325591,12353.83931940449,11871.746096323332,11447.8384977898,11079.134565554943,10704.735229182465,10371.484371795195,10074.554496742516,9774.64790106123,9506.298611490702,9263.023278854193,9019.83714987695,8802.275774704174,8602.31552884827,8405.053215913651,8229.533474578391,8066.04824682491,7907.579293073506,7768.002513668675,7636.195803440667,7510.971217409074,7401.220288517858,7297.846879856271,7201.017982001725,7116.826851550755,7038.187925036897,6965.704851087189,6903.5390206136635,6845.738333238672,6793.325064925788,6749.149820007109,6707.980324849171,6671.505332898968,6641.773252931347,6614.268818638156,6591.145850401862,6573.702784622821,6558.451864920252,6547.230579816386,6540.833867788495,6536.717312276249,6535.957682086533,6539.454941376627,6544.823288020846,6552.840395124061,6564.344153838696,6577.232278251007,6591.97341825496,6609.538700615793
T26000logg3.4,16104.539750434142,15480.310762923715,14938.482734341962,14481.201238882639,14016.203218073199,13607.706213829768,13253.583279282051,12893.188679255607,12571.796790194017,12285.859119189896,11995.436584782647,11734.409247412743,11497.936417100032,11259.686941383314,11045.252862334857,10848.373197915307,10652.36569832927,10476.67658060166,10313.520217580319,10153.71395808409,10011.950462653835,9878.312514946056,9749.96389643918,9636.619455923095,9529.741307367583,9428.376794715294,9339.371962416755,9255.803468623131,9177.527628059248,9109.417598868615,9045.47334228661,8986.214201847257,8935.22871128365,8886.856644966167,8842.685591987702,8805.470120921922,8769.850803938283,8738.315797321706,8712.801173710443,8688.679835519888,8668.471992100123,8653.496224989978,8639.98073624916,8629.83587249829,8624.336576505842,8619.912609200945,8618.27561216143,8620.41181176714,8623.227193053513,8628.181231349257,8636.115190030803
T26000logg3.6,17524.70555529717,16938.038257922883,16429.309564356074,16002.38243476438,15567.04651439459,15184.244396646482,14854.051148426795,14516.273215586525,14214.353528792853,13947.23812532723,13674.254205956033,13428.248413222218,13206.896406750235,12982.372191316377,12779.648029708578,12595.067543930834,12409.800993189787,12242.743195306164,12089.489900171533,11937.538587979298,11801.59121664149,11675.103517446834,11551.748678354863,11442.397024794946,11339.201239724598,11240.349981387424,11153.198513672947,11071.13450830754,10993.47211897879,10925.40215231916,10861.551910599448,10801.5683206848,10749.219509146971,10700.152768425407,10654.452129399147,10615.247111181498,10578.394134387463,10544.944922745613,10517.330042943297,10491.548407294464,10469.207368106941,10452.030997692726,10436.304443196897,10423.674490589565,10415.453372589578,10408.305919290962,10403.518984644012,10402.516944530424,10401.924409166018,10403.106878966068,10407.316888133611
T26000logg3.8,19067.703561348615,18510.029243407087,18025.218603779216,17614.284846865397,17195.922347430886,16827.333038404155,16505.881774163976,16178.054063597665,15884.775662798736,15622.196030495912,15355.167345259219,15114.576000719386,14895.334261063957,14674.383779747057,14475.107365598564,14291.152818216926,14107.97778041053,13943.799991976459,13789.595422278793,13638.761127256159,13504.73155368816,13376.770199414586,13253.79595811659,13144.70116487297,13040.540756765757,12941.46340283851,12853.961319507998,12770.555370184124,12692.13843110029,12623.505031620181,12557.681896346046,12496.496729672916,12443.525710554519,12392.019019328047,12344.83212061909,12304.77472094321,12265.382957811573,12230.273406779275,12201.318324126094,12173.097004380972,12148.81151961324,12129.93381581599,12111.64985957204,12096.767306462394,12086.454537086958,12076.470633729545,12069.358171359585,12065.55492556204,12061.975928755845,12060.691522485482,12061.614698287709
T26000logg4.0,21582.34264262407,21035.271868683376,20557.955427488658,20155.106429912626,19741.66862481011,19375.78689059881,19058.446541545793,18731.898178904677,18438.393725596066,18177.590656682183,17909.823416875915,17667.408801106172,17448.59064304087,17225.757008361354,17023.712726057805,16839.265627141627,16653.419738010987,16485.12191965155,16330.288774198667,16176.093566761256,16037.52808298299,15907.942159616356,15780.950834907346,15667.819606502077,15560.20300711777,15456.537176227856,15364.5558990717,15277.023094087503,15193.583109613155,15119.812122554418,15049.734530787444,14983.311659895027,14924.763244119713,14869.010637089528,14816.53749774023,14770.930762269843,14727.13900428296,14686.735025370523,14652.61938498966,14619.624223611816,14590.09337146898,14566.139908098034,14542.805516357726,14522.572820580703,14507.083014035066,14491.792521573738,14478.894994161243,14470.02007005727,14460.709041976812,14453.292135326157,14448.990606150557
T26000logg4.2,21004.012526388848,20529.945119802964,20114.880343654706,19762.710583148302,19400.75466213174,19079.742719974984,18800.071106395535,18512.394611404274,18253.672513994778,18022.944648223285,17786.52986065107,17572.59503634057,17378.960134577217,17182.38082885711,17004.452059264317,16841.626330772244,16678.34940882253,16531.07064467007,16395.212852115586,16260.913471219335,16141.192849041608,16028.550650313318,15919.447586180942,15822.848377137587,15731.247042251025,15643.82451220509,15566.726375686825,15493.979889638775,15425.23560427135,15364.945951690554,15308.302491572653,15255.136061444215,15209.025825973666,15165.253948830137,15124.725473630882,15090.352218443404,15057.361917054184,15027.623461239815,15003.489561237286,14980.119945905366,14959.965599893605,14944.69508254239,14929.910781407503,14917.849848971578,14909.985803815052,14902.13983976352,14896.44082848713,14894.137433044396,14891.304472714157,14890.245007048916,14891.537742463108
T26000logg4.4,22472.24119160933,22023.000162866807,21627.756523457683,21291.163357127913,20943.637586826542,20634.23106437812,20364.07681068035,20085.374616322988,19834.14119320179,19609.996367964246,19379.945411071796,19171.480623454765,18982.922891322894,18791.252944130876,18617.562479793338,18458.8407336328,18299.424346490796,18155.384494866095,18022.814578015994,17891.425664208677,17774.03671371904,17663.845295096362,17556.748773798907,17461.753543900737,17371.682566962412,17285.44120534922,17209.24440960483,17137.252831163183,17068.986273310766,17008.974022396833,16952.505536680063,16899.28934832226,16853.017957062348,16809.009901384157,16768.078774939197,16733.260215983188,16699.735314345427,16669.323694209783,16644.52019061507,16620.3229278472,16599.21575590184,16582.993841915762,16567.03722211883,16553.687822931843,16544.538807967874,16535.15413899471,16527.82192990223,16523.905945569757,16519.191599344696,16516.191191123366,16515.570677425563
T27000logg3.0,8924.423372953113,8431.141578785462,8000.62354216022,7615.735016814685,7242.948706375767,6910.597828021681,6611.100117750082,6321.687846514228,6058.686125228827,5820.952525243042,5593.056180550017,5383.094522619746,5194.07002289357,5015.574708857213,4849.183354822354,4700.795717758524,4562.649782695478,4433.514101094398,4319.4963564183545,4214.893168645993,4118.008161561176,4033.5743820515795,3957.8075763182414,3888.9124788844692,3830.4203811439556,3779.736465811788,3735.473055365954,3699.6884039358715,3670.535925808225,3647.0230469678936,3630.032583105215,3618.234340349837,3611.006758615868,3608.5292173826188,3609.9270755522566,3614.957682075938,3623.7010365133333,3635.519590406326,3650.5612470932224,3668.747896053847,3689.5094421859194,3713.187712992528,3739.7677562036283,3768.5097597087306,3799.843268304692,3833.903236184715,3869.592970883728,3907.2658169233487,3947.1603408083115,3987.9636228588224,4030.006349701765
T27000logg3.2,6303.853994874999,6013.97584235479,5760.939302577617,5537.383977436551,5324.662067229718,5134.133347868492,4964.138068073807,4802.383213278311,4653.114788499337,4519.115662997424,4392.828547127839,4273.34758838292,4167.059469128632,4068.435554763595,3975.346186893085,3893.4751281503263,3819.0724115427997,3749.211805877744,3688.619801153974,3634.7629424199754,3585.3507215022023,3543.5955403421544,3507.9698401892074,3477.0607992245864,3452.6111393573,3433.766992832153,3419.625023955459,3410.792655118796,3406.4447018764777,3406.068761491307,3409.8521702563335,3416.946514965111,3427.1874752857643,3440.7026160307737,3456.528174854074,3474.85345481053,3495.753316718464,3518.426089409831,3543.2335263966547,3570.2904087264933,3598.7799621973263,3629.182420788259,3661.748816746942,3695.6067250543033,3731.1697816375654,3768.8801441677156,3807.647365462222,3847.641754506688,3889.407757079939,3931.824834047608,3974.7287464727565
T27000logg3.4,14782.607308636327,14184.128164688753,13666.015751568191,13228.490698955125,12785.250499651136,12396.82409173039,12059.617726417016,11717.896943692964,11414.062840026965,11143.289852832664,10869.745876429315,10624.816527917814,10402.469119227124,10179.825478919714,9980.230506672116,9796.44096333847,9614.578889342974,9452.436966801471,9300.684213429511,9153.155928678078,9022.766961637837,8899.012656129658,8780.887538794463,8676.809307992155,8578.231194980972,8485.290461233028,8403.988766297001,8327.330437157316,8256.13083389593,8194.59845315749,8136.504085517737,8083.319969276284,8038.012981401714,7994.905043216835,7956.186828257229,7924.07774185307,7893.5062907166075,7867.146387384861,7846.412608401249,7827.336214856599,7812.124954719295,7801.876162073012,7793.214414978548,7787.880948532916,7786.8738115706465,7787.165223411802,7790.1697017632805,7796.556084915145,7803.986363720239,7813.429719031437,7825.438609580092
T27000logg3.6,15216.622223368393,14709.797260109033,14281.081784677062,13902.073659495994,13534.170731034064,13215.010043261776,12927.193837463534,12643.8403096569,12391.640554371634,12160.811131867007,11932.407711140444,11726.274509330018,11536.811943943327,11350.13598339479,11180.656168538479,11024.992361156374,10872.61883602548,10733.7523243635,10606.516048194992,10482.891989570193,10370.120551839344,10267.207876952776,10168.277217516441,10077.882827664067,9996.197285888486,9918.901426105462,9848.365396237852,9785.547640143548,9727.025187334988,9673.638076089128,9626.655115521306,9583.306710711382,9543.552406716351,9508.905105754513,9477.23967969697,9448.210095048144,9423.590550126946,9401.755343873008,9382.338928682873,9366.884358009875,9354.14354842931,9343.578981670398,9336.578576864807,9332.119890583714,9329.590942106177,9330.197797471925,9332.92169378084,9337.054819333809,9343.688168911547,9351.766297783082,9360.64003558084
T27000logg3.8,17770.775899944925,17226.53667485901,16753.670093621527,16352.67316445547,15945.041387390454,15586.358019714746,15273.564157103208,14955.356307647808,14671.245514778073,14416.956727210174,14159.121590391997,13927.343865727975,13716.126261793757,13503.90724052082,13312.898836227801,13136.507377451819,12961.336675265595,12804.794178050308,12657.321890784366,12513.641647023302,12386.177261718816,12264.511551116602,12147.929975155612,12044.729314964356,11946.282440334118,11853.004929444958,11770.918529198087,11692.752882598359,11619.673904673802,11556.132484925822,11495.107145178896,11438.871736378165,11390.653999736298,11343.622603531841,11301.04151315128,11265.319408303356,11230.208863018663,11199.388860079605,11174.400223887586,11150.269888262772,11129.98267115754,11114.798720662191,11100.427985441742,11089.374118459427,11082.491992350182,11076.310945533034,11072.84174710019,11072.380925906304,11072.479048095329,11074.720183103453,11078.909826962476
T27000logg4.0,19466.01845386043,18960.325163845544,18519.700781892545,18147.939687363145,17767.258738683024,17431.009547074427,17139.560409140508,16840.48109122566,16572.25347329427,16334.053891206046,16090.19004851195,15869.892125766533,15671.128957071713,15469.282329243715,15286.673913029965,15119.99083034874,14952.534896010779,14801.285083233275,14662.139444506198,14524.074049376155,14400.57995363815,14284.841514778049,14172.111531066379,14072.052875785765,13977.177372490385,13886.255335940783,13805.915418674742,13729.966998511309,13657.973793112693,13594.710517248219,13535.085180054764,13478.961906863431,13430.0096627188,13383.605362868138,13340.405477127624,13303.418162649843,13268.108219199985,13236.036115322488,13209.651539619439,13184.340718007397,13162.305528407773,13145.276488597447,13128.988004861974,13115.562962330123,13106.410186039364,13097.638171619334,13091.066747795332,13088.084935603149,13084.875117020745,13083.437482367828,13084.65955471085
T27000logg4.2,20567.517667029486,20097.25401620089,19686.153904941908,19338.018330398107,18980.546352793204,18663.84770182875,18388.39830882684,18105.16440380304,17850.578010705507,17623.851072021636,17391.47549128163,17181.210952786165,16991.107675512547,16797.94398390272,16623.00056147086,16463.01835685152,16302.294817302414,16157.077009711995,16023.16917893154,15890.390713680017,15771.683943793014,15660.0586857986,15551.48765267437,15455.09539712032,15363.56210292321,15275.874584345154,15198.350038925362,15124.98101431216,15055.416225462184,14994.226318707593,14936.5331903176,14882.183493231763,14834.844473074301,14789.771062642856,14747.845278912613,14712.065415239598,14677.639269156372,14646.413967184904,14620.814021638944,14595.981301616479,14574.354112112504,14557.646317663231,14541.43631056975,14527.97601403906,14518.754171101911,14509.573973888795,14502.585163896501,14499.075088135482,14495.077442808544,14492.89403916265,14493.192755408667
T27000logg4.4,21920.084825473023,21488.40102195488,21109.818309768434,20786.23042260339,20454.200667758603,20159.447745875856,19900.733341099814,19635.47731172518,19396.984500395363,19182.701564398812,18964.15795798588,18766.624442216355,18586.371573088796,18404.371866258527,18239.798221708425,18087.888803312137,17936.31392902283,17800.34812766525,17672.265530891822,17546.909737347476,17435.284654209758,17328.68669046162,17226.00595951822,17134.734347645684,17047.53243827983,16964.372616619334,16890.79694958416,16820.589345084307,16754.387815476515,16696.563465618838,16640.68315017479,16588.7552464383,16544.156753651307,16500.11420385698,16459.923114924473,16426.19986917598,16392.430580670072,16362.44955580219,16338.077004046852,16313.744587732934,16292.835046645201,16276.786132088342,16260.675552707777,16247.552291213831,16238.194730665877,16228.762576121799,16221.835885769164,16217.384487483627,16212.85571853853,16210.406298382424,16209.293522604237
T28000logg3.0,8607.844760680617,8155.095530401146,7753.259428818552,7402.947008007697,7042.535377239286,6722.123688912583,6437.423520894972,6149.685352310534,5894.036723700503,5663.016859253568,5433.748532965564,5230.993386762875,5045.090014095326,4864.332371320735,4706.072536659877,4558.713031613002,4419.023308494306,4298.5642744248635,4185.383238093049,4081.36745780132,3992.9936351380534,3911.1788124862815,3838.2894203933374,3777.8544317648566,3723.6824352689987,3677.519251686446,3641.0403562510664,3610.5523734926232,3586.8856988910625,3570.501359418175,3559.811064845742,3554.3862904081807,3554.1520129842247,3558.895044494003,3567.409534694396,3579.5472818203352,3595.967886622718,3615.1389385687194,3637.016004524451,3662.7189015416907,3690.4888721978373,3720.5370713973293,3753.9581926265105,3788.802954827469,3825.868661715542,3865.7175657268212,3906.182445242668,3948.980397208273,3993.657309639319,4038.200731400183,4084.899102798997
T28000logg3.2,10877.654249542296,10300.608171422462,9796.166791412095,9366.127562603036,8927.379429878136,8541.00111009792,8204.249274736876,7863.61827412596,7561.651329016257,7293.213337041101,7024.406215288805,6785.653044976795,6570.0713989306905,6356.837356002012,6167.747677185571,5994.705374321356,5826.014729861653,5677.5869778278975,5539.890165435116,5408.3869721794945,5293.897914784078,5187.057326657403,5087.189504270185,5001.0054134741395,4921.414423395064,4848.411318481671,4786.469037689528,4730.2208503391785,4680.072499636994,4638.818127467758,4602.2890181562225,4570.973531568495,4546.549544691981,4525.822713670604,4509.373483288657,4498.299340158205,4490.362388768257,4486.1159671725645,4486.2158650352,4489.416073096114,4495.786438140593,4505.8893019362695,4518.907157465242,4534.501874528302,4553.450133881929,4574.871259237514,4598.164097675418,4624.270996165512,4652.268755893335,4681.324185700269,4712.78881554376
T28000logg3.4,13496.813074147753,12900.143502640585,12380.414484065841,11936.424927829657,11485.991695900335,11090.186672411928,10743.427874288227,10393.63886930693,10083.325589629525,9804.949106711025,9526.256008489518,9278.052805182228,9051.134693568367,8826.4916007503,8626.643060688635,8440.636114272591,8259.116262730198,8098.907075693251,7946.711642386885,7801.235089117112,7673.3062410191915,7551.618838838667,7436.914461612062,7336.676539020946,7241.318159054074,7152.863103591518,7076.524883209603,7003.807948722513,6937.7960574561175,6881.833760423471,6828.440793734411,6780.990688006109,6741.557425738061,6703.904744546827,6671.3151684299,6645.071149712616,6620.567266671816,6600.450668227044,6585.646197345695,6572.785690337541,6563.768248701114,6559.307065847203,6556.906134212721,6557.792757472449,6562.3650881151025,6568.879599715453,6578.026919333509,6589.979341710994,6603.486395985083,6618.95892086968,6636.502731217863
T28000logg3.6,15197.624780864127,14630.423091330924,14137.045200269882,13719.793796640388,13294.801191074152,12921.056993550586,12596.90924253187,12267.346029242191,11973.913941357247,11713.398259229001,11449.714818227329,11213.505620362734,11000.27629153602,10786.333266111456,10594.418787400095,10418.911687400603,10244.746137694863,10089.10457796003,9944.91721972096,9804.022862963177,9679.375504134989,9561.91530185882,9449.367615045834,9350.255040738795,9256.798072776905,9168.439908822093,9091.156474194646,9018.662822510063,8951.082228240644,8892.602956008921,8837.879391843546,8787.494258222587,8744.564108992594,8704.053525798097,8667.463031196727,8637.170037525717,8608.51462314805,8583.66001106991,8564.247903501546,8546.36844737412,8532.044790076941,8522.421060673323,8514.335872530555,8509.234800762444,8508.265093013362,8508.433787562493,8511.03891833411,8516.925922152792,8523.56585002031,8532.031063153356,8542.989431500544
T28000logg3.8,16408.11674952252,15881.313668605764,15423.079205671822,15035.76292016087,14641.05593181428,14293.667166739231,13992.337605017505,13685.323924533684,13411.427031516734,13168.070480400247,12920.981824374992,12699.048942956608,12498.595246056353,12296.757881068881,12115.195374064155,11949.112224000326,11783.680121427053,11635.346731179738,11498.041997055243,11363.26379750253,11243.684146686575,11130.8863950227,11022.353725145502,10926.530553622517,10835.909274657712,10749.914785755338,10674.456202792993,10603.464768075599,10536.985335375244,10479.228550189082,10424.981253624428,10374.765789241676,10331.777613611599,10290.976350923875,10253.893181842945,10223.029123321972,10193.52210777991,10167.698835933877,10147.325874333888,10128.151219634054,10112.45603366013,10101.465510104446,10091.655551122587,10084.755743131183,10081.954694894315,10079.919961369747,10080.25034415322,10083.808047330229,10087.747177499781,10093.48777192619,10101.592251721486
T28000logg4.0,18588.389119332518,18093.05658917391,17661.419222845347,17292.872987791055,16918.180715923274,16587.918195765338,16298.073100659392,16003.782203308434,15740.992469237677,15504.41880746876,15265.361510513232,15050.667539079279,14853.751532391616,14656.76288486912,14479.87379502347,14314.980031228426,14152.175318123253,14007.231378299068,13868.905134611588,13735.122875314704,13616.323261826687,13502.475639412576,13393.675776168571,13297.427662785796,13204.875168486438,13117.588864762367,13041.153229263708,12967.075646705815,12898.444024452385,12839.217942050933,12781.035854125641,12728.006745274442,12682.854865616951,12637.912033543013,12597.628371841227,12563.857680861485,12530.334723132768,12501.018649244272,12477.244780301726,12454.084976914759,12434.679319875311,12419.846635688637,12405.90441121577,12395.26971924579,12387.922654878981,12381.538674402484,12378.000631587718,12376.479169049562,12375.774328491774,12377.434618070842,12380.159287943414
T28000logg4.2,19187.975540264186,18734.936433527575,18339.384976691075,18003.405355836134,17659.739141540875,17355.879877331627,17090.761791183133,16819.48911252474,16576.29991958352,16358.946627965439,16137.429274751825,15937.574984655874,15756.10749848133,15572.824071519082,15407.304253194065,15255.220209668118,15103.3652140124,14966.949608133336,14839.746696378923,14714.829900656756,14603.760703990036,14498.287687724604,14396.69004654925,14306.66649663683,14221.091391742148,14139.632849727286,14067.843060359886,13999.841027167313,13935.873541700821,13880.111373894633,13827.02284617652,13777.694752485488,13735.377516441815,13694.409783710315,13657.007310307856,13625.797496069843,13595.121436578502,13568.02900557518,13546.327387143649,13525.152891851736,13507.267345559952,13494.125688634924,13481.330172815555,13471.374634945316,13465.391060163836,13459.493750856032,13455.97320913334,13455.319990911354,13454.620411334174,13455.806951073135,13458.840164174395
T29000logg3.0,10376.312430175058,10320.11877229269,10274.191066381172,10237.236060202767,10198.844569990846,10164.462654260153,10134.125351154511,10100.703462677968,10069.585630906942,10041.177185792038,10010.544065270264,9982.51881481379,9957.102576727482,9931.147613548212,9908.369576048784,9888.361203144657,9869.59556847023,9854.469465374417,9842.30911189505,9832.841533141773,9827.101608037125,9824.079052416544,9824.447680897574,9827.815574792601,9833.712985888858,9842.733276250008,9853.745453956428,9866.94529727347,9882.624697411798,9899.2745641677,9918.078251948175,9938.700346194759,9959.393848580014,9982.720413715948,10007.13062246337,10030.925597047248,10057.657244297612,10084.83498412739,10111.038344505834,10140.065383729107,10169.24775409723,10197.34472315566,10228.078750540106,10258.840414119139,10288.538408823722,10320.607533058159,10352.62471503218,10383.547627244401,10416.527261410427,10449.360818960167,10480.978956315612
T29000logg3.2,8960.530762648903,8472.18101820373,8043.164045311993,7674.26002063425,7297.165271093831,6964.275188684205,6672.085865564606,6377.3006571517035,6116.2851291818215,5882.984370560476,5650.856108186426,5445.536505498794,5259.190604076312,5076.65919644434,4916.003090477616,4768.082241462433,4625.89475031284,4502.238458875572,4386.778313146206,4278.654556495639,4185.660739833215,4099.343422783225,4020.414821717117,3953.6059539802186,3892.7239957676047,3838.6544810628993,3794.271299259942,3755.1582373661354,3722.171572856742,3696.7827883608957,3676.1480229875315,3660.5215570785626,3650.582064430379,3644.7094409898646,3642.6781157384844,3644.8806313418754,3650.6960362523923,3659.556370537762,3671.794471448042,3687.4118816343625,3705.4918478478116,3726.538554234949,3750.652762673362,3776.6778380712763,3805.3968248444603,3836.7448515751657,3869.2691577354913,3904.2916621010854,3941.1911229075126,3978.560355876536,4018.069614777876
T29000logg3.4,11382.541402658104,10832.994660280076,10353.504786696563,9945.350190598052,9529.87909476626,9164.642978203943,8846.743579669079,8525.628350309229,8241.226831862936,7988.587620028667,7735.664820480433,7511.012799936333,7308.2160473413805,7107.452922280956,6929.222536174591,6766.118443677382,6606.765280914497,6466.395607199144,6335.8078399974465,6210.813786052171,6101.6596205444675,5999.5965809368845,5903.760224336201,5820.725669303034,5743.649923820705,5672.527510219131,5611.845665568492,5556.14173757136,5506.042152918391,5464.461140036818,5426.810646936228,5394.049839217402,5367.9964366034355,5344.893212285185,5325.870578872001,5312.169181443528,5300.975230081352,5293.3541162778965,5290.118538198757,5289.425323171113,5291.813465388358,5298.085106831213,5306.722005735608,5317.944984787045,5332.542357878341,5349.2306053721095,5367.819232351369,5389.21402939457,5412.205848550552,5436.430734499884,5462.863341735838
T29000logg3.6,13560.131185182507,13015.661421348605,12540.990433777102,12136.824224112408,11725.75380905077,11364.23102337542,11048.97487716618,10730.056512192341,10446.901296196991,10194.470553897967,9940.925754162758,9714.86574462714,9509.884411498504,9306.109965959651,9124.368306495278,8957.232877407487,8793.112526785222,8647.899006019084,8511.641201363986,8380.538114068278,8265.251484048651,8156.42749267654,8053.385372643856,7963.247852109217,7878.401648574759,7799.209581152051,7730.6940235856155,7666.434963131424,7607.612143661225,7557.68149383037,7510.778500979681,7468.766700019552,7433.976297632314,7401.118185196743,7372.522516879626,7349.787143740429,7328.664842259769,7311.353543357402,7299.021432054106,7288.323806223732,7281.025686196164,7278.098070949867,7276.7852941263145,7278.407008155513,7283.582515495368,7290.320853587954,7299.363256044253,7311.134344977074,7324.157497819053,7338.903141027107,7355.594797600823
T29000logg3.8,15591.194765026881,15063.828600476296,14603.815364857754,14211.944589011087,13812.888944075026,13461.326029696038,13154.211863451494,12842.571482297337,12564.965977348204,12316.757173057116,12066.385412911948,11842.239123958425,11638.302492870569,11434.622039482698,11252.158692680103,11083.775782806142,10917.614837059074,10769.966037044856,10630.721127698022,10496.078332188814,10377.06272941494,10264.012916950229,10156.294628229556,10061.447973483575,9971.371654446068,9886.638237134495,9812.688872088047,9742.436074024532,9677.432697479102,9621.55361167833,9568.045640347338,9519.38154815601,9478.305286615325,9438.424117198523,9402.919806856711,9373.68136830387,9345.399217873524,9321.101611539652,9302.147416200221,9284.30438637208,9270.02938833789,9260.38713962784,9251.925507372001,9246.574157631976,9244.85819632809,9244.356669193157,9246.38599886724,9251.056502806596,9256.710168216265,9264.385727979565,9273.792093042737
T29000logg4.0,16995.398546778728,16521.360408320965,16106.738563842464,15753.066364843186,15391.81094056034,15072.70640729486,14793.752354125694,14509.821976239988,14256.266416578874,14029.566604499627,13800.199637192605,13594.356264505624,13407.276220495665,13219.854336996133,13051.536128425816,12896.573597784705,12743.13707682336,12606.45047997951,12477.938288671434,12353.214744728828,12242.821026495858,12138.027277439203,12037.895897293203,11949.581019882342,11865.768209815787,11786.651613027507,11717.469234931461,11651.774083602608,11590.729031697336,11538.180593684712,11487.747096247253,11441.676497974611,11402.778519939864,11364.758543238686,11330.74265637783,11302.7313795252,11275.31674832169,11251.584923304967,11232.977570335732,11215.12609302734,11200.569263910653,11190.434146306765,11181.111947613872,11174.662163100951,11171.643397105818,11169.482691769519,11169.692514154169,11172.290196443959,11175.587097478272,11180.823067779738,11187.50273114059
T29000logg4.2,18817.244151499155,18366.018235917683,17971.433169399486,17634.911495748456,17290.942663904723,16986.787015413032,16720.62878651945,16449.09426917237,16206.060085093743,15988.381915665428,15767.463098906324,15568.645079776292,15387.632861913737,15205.678517277654,15041.769350677629,14890.639682785637,14740.4211799563,14606.153602322931,14479.634258194152,14356.30269570988,14246.754752351446,14142.340801892391,14042.110623697527,13953.324602742206,13868.666338757615,13788.335226912586,13717.657563701261,13650.299310882227,13587.259987827994,13532.580951819762,13479.862287315094,13431.299292757107,13389.932117340042,13349.231048088499,13312.475159910138,13281.888627833287,13251.611963258054,13225.072260183038,13203.868580205242,13183.08174138172,13165.681123486484,13152.883206128865,13140.515442341504,13131.106791247668,13125.223409174032,13119.83026688914,13116.883743721037,13116.309891854653,13116.132832537945,13117.966162603821,13121.136655969924
T30000logg3.2,6338.975661932557,6262.451209388354,6193.137035681766,6130.973130881708,6064.85549039456,6004.020737092403,5947.773632238779,5888.498614928858,5833.887707911478,5782.507500830992,5729.6681164540905,5681.651255049338,5635.937053214683,5590.532948874727,5549.980082117485,5511.488026896113,5474.651673215427,5442.536795468313,5412.598522133724,5385.285739193964,5362.282845337245,5341.955358666936,5324.6385354095055,5310.9400044920285,5300.35756651492,5292.627479013957,5287.744027542239,5286.015475493238,5286.759070643316,5289.623342060713,5295.542901476205,5303.541668578695,5313.091487098628,5325.5807128947035,5339.755575700849,5354.994449829557,5372.989581400742,5392.276054119107,5412.222910651603,5434.731419388328,5458.194317494578,5482.102786230553,5508.393424494074,5535.346563889831,5562.712171875425,5592.222232165027,5622.0254180584925,5652.360540643636,5684.4433525418135,5716.426757198277,5749.053711954521
T30000logg3.4,9779.097906253604,9301.472227852526,8883.334443131978,8522.196489062897,8155.606752612394,7833.019770771087,7548.021115731683,7262.385443309575,7010.215683133944,6782.659671078762,6557.762995972295,6359.365027728759,6176.991634247987,5999.514559215583,5844.152905658561,5697.681756421665,5558.225177257876,5436.75423048065,5321.42099565919,5213.650512700466,5120.53064198197,5032.26382875209,4951.45409135329,4882.63660755247,4817.649157348895,4759.7364176508145,4711.45234909929,4666.7225505391,4628.310995378433,4597.545198993616,4570.155972521435,4547.939258019162,4531.570984165328,4518.151667323215,4508.784571789021,4504.004334100571,4501.833032311765,4503.002532896603,4508.067205492278,4515.6759033119515,4526.185188906273,4539.906175153817,4556.185476529301,4574.877051774586,4596.277239538894,4620.009966064062,4645.516246108769,4673.318506394469,4702.875945882056,4733.567302824521,4766.161049601933
T30000logg3.6,12045.30724730642,11522.901717385044,11066.853567972072,10677.857589555064,10282.072183479706,9934.042054958803,9630.443163422608,9323.98210830792,9052.478890084625,8810.701937031781,8568.803867962137,8353.872324867054,8159.285394431207,7966.770680814633,7795.815906301844,7638.761033003323,7485.424166784175,7350.434482825242,7223.989290649415,7103.158902117027,6997.447306461438,6898.239131924388,6804.985831472309,6724.035480083887,6648.3856530822295,6578.485465349711,6518.744575125863,6463.176912090727,6413.104833807097,6371.4093410301175,6332.833670016121,6299.097637194606,6272.036476733329,6247.206603116528,6226.442528135086,6210.963540663813,6197.487699637929,6187.505604678089,6181.982447660151,6178.454712188718,6177.980857065852,6181.397017846087,6186.801389169994,6194.806298807703,6205.987965377424,6219.032598804519,6234.089185288655,6251.633820796686,6270.616731899214,6291.052339052748,6313.310363915739
T30000logg3.8,14147.351604925621,13638.536254025414,13193.696843568114,12813.26194759829,12425.804147482357,12084.373956169571,11785.465251050005,11483.056103870395,11214.29267253871,10973.885653637759,10732.614146715729,10517.429817070039,10321.644305853399,10127.275021080435,9954.003498905186,9793.881881806685,9636.995760895785,9498.332804976902,9367.414176086479,9241.814951706387,9131.29697379705,9026.64899843447,8927.673977636945,8841.140959945391,8759.15746279468,8682.818156299189,8616.974171872203,8554.363595354236,8497.32094479117,8449.095444461427,8402.966192496238,8361.85724083167,8327.89081519367,8295.235907271453,8266.88456004498,8244.265892975554,8222.907752063462,8205.284021510768,8192.507785829217,8181.164401320283,8173.10325113269,8169.160467795411,8166.756047599969,8167.213306188848,8170.842713151606,8175.974388869816,8183.458780110307,8193.212656774815,8204.187297876046,8217.008713444191,8231.323522192115
T30000logg4.0,15817.394273384374,15347.276723012206,14936.172941171264,14584.643840934754,14226.343791759751,13910.271049961533,13633.417868799497,13352.697313994177,13102.631078781096,12878.6925780122,12653.200685386217,12451.47415224433,12267.74872479466,12084.656948318041,11920.852670663335,11769.450355470914,11620.418907320049,11488.212019751818,11363.201114551763,11242.6527034489,11136.136484997556,11034.91475629379,10938.605943402606,10853.937047853446,10773.305926856814,10697.679979128625,10632.018401761847,10569.084766380602,10511.242964397134,10461.908274507072,10414.134712244513,10371.059940552346,10335.026240946376,10299.733577623827,10268.591893482306,10243.18303909988,10218.555787479332,10197.582392410452,10181.488749104356,10166.410186813604,10154.573214690605,10146.850235383235,10140.289855185629,10136.58498058553,10135.96200692692,10136.509489426993,10139.46837078021,10144.517006392745,10150.524447673566,10158.49416910741,10167.728776548745
T30000logg4.2,16908.39181922043,16477.391654431474,16100.201120246067,15776.662984968785,15446.822762187001,15155.394336837277,14898.986278874847,14638.7296158296,14406.397988646973,14197.226577094318,13986.425597853635,13797.495415616784,13624.427782494222,13451.948009752918,13297.60408564757,13153.81423319569,13012.556795792003,12887.208133468504,12767.926460001063,12653.123997284893,12551.570702103776,12454.688623728176,12362.607564532016,12281.616969633227,12204.109916607164,12131.53413091269,12068.603717863198,12007.741068935977,11951.966027571036,11904.55584060463,11858.025030264904,11816.228941581041,11781.317045604033,11746.796764334755,11716.359824078818,11691.535450624728,11667.206623791137,11646.458008388325,11630.461124500804,11615.291274374234,11603.313381822596,11595.182551213959,11588.056694718054,11583.810816156845,11582.254288150447,11581.782300167473,11583.777892282695,11587.42291306109,11591.996674366894,11598.597007766226,11606.072951080521
T30000logg4.4,18775.514627160715,18375.147274937124,18023.809987672907,17722.425412540728,17413.86238344923,17140.3311561995,16899.725995877696,16654.324325523936,16434.480559801817,16236.76751049869,16036.497561976581,15856.34870819677,15691.694158972768,15526.711549243577,15378.389078284727,15240.90989228021,15104.920524393556,14983.784002555945,14868.895126451609,14757.609784606926,14658.895745562382,14564.757771575993,14474.776257260724,14395.307548453058,14319.397110287651,14247.78538338673,14185.322174672181,14125.130329226846,14069.429938897018,14021.740053202719,13975.036252464597,13932.630626596596,13897.030749604111,13861.601836927972,13830.066663883521,13804.207505744725,13778.520259038001,13756.335418577244,13738.979855846013,13722.072513932615,13708.273762338067,13698.437081233242,13689.246666235118,13682.779910080082,13679.141886027006,13676.192111458497,13675.586729563562,13676.701275032196,13678.370654638307,13682.015794038032,13686.478627339608
T31000logg3.2,7320.349809785461,7201.686904664292,7096.5101764653555,7002.1852222381995,6905.692545058238,6819.437252782475,6739.281644047597,6658.197787647826,6585.5938275562785,6515.997540722261,6447.3101437232735,6386.544715896923,6327.131737288428,6270.547065569566,6221.346945891637,6173.131768503155,6128.916005615904,6091.184080075074,6055.030164484354,6023.27853570097,5997.015614115504,5973.279854231431,5953.771282494367,5938.874706677473,5926.792181791594,5918.470776266636,5913.828803184041,5911.96583061608,5913.165412407952,5917.183267529433,5923.968573170776,5933.090892888699,5944.533458022705,5958.606252920979,5974.284360030904,5992.023008322015,6011.975336582111,6032.7428885094805,6055.636876547462,6080.172249661151,6104.791411573355,6132.024738106191,6160.285130231494,6188.29196689691,6219.009401850026,6250.3591149424665,6281.278373159276,6314.671654359193,6348.389212128296,6381.499563225303,6416.719787328236
T31000logg3.4,8260.333362539055,7876.433527651689,7538.516486525268,7240.956554642224,6939.169162681621,6672.748049536958,6432.176647225949,6192.447542899391,5981.039463084384,5785.421036674799,5594.345911056573,5427.325157465272,5268.158078489258,5116.594380876485,4984.975117869874,4857.452816541017,4738.699551768929,4636.139861116367,4536.737671668975,4446.149765754933,4368.698716906727,4294.275547459966,4228.196045352567,4172.478595065041,4120.2329747261665,4075.2474782981644,4038.407603229996,4005.240905182606,3978.227604672025,3957.669558169437,3940.6347697232263,3928.529321155727,3921.4261121589157,3917.3935411125776,3917.080967000312,3920.6839727533884,3926.9783425702717,3936.3009941795767,3948.587779996595,3963.5590736163085,3981.047878585411,4000.9454648658693,4023.4569812490445,4047.9005836736324,4074.631493208726,4103.6042256083865,4133.861338101887,4166.318762698746,4200.2783678359165,4234.95514584029,4271.582972830817
T31000logg3.6,10337.664696337939,9873.992462456114,9468.684298348428,9118.51322309128,8763.976534562868,8452.522241586319,8177.221239218436,7901.967408403515,7659.297403322223,7440.18071349592,7224.057564134205,7033.634268446711,6858.42788640011,6688.224728569698,6539.438096640834,6398.85807890877,6265.237065424263,6148.767600719442,6038.277289203497,5934.972948266022,5845.790311122097,5760.926530488125,5683.298088103085,5617.263171443517,5554.470450775273,5498.536607733109,5451.937620596786,5408.271440207237,5370.6989764107975,5340.5065095479285,5313.195657164116,5290.792602475532,5274.117893399355,5259.832148136625,5249.409638347785,5243.547534319414,5239.802933008648,5239.294255145815,5242.538375657867,5247.966431472417,5256.306042396041,5267.523966825156,5281.072632312772,5297.094560971167,5315.4422967169085,5335.935396328645,5358.3024840345015,5382.594431587489,5408.480296379847,5435.612784650971,5464.390834379234
T31000logg3.8,12730.920017693083,12248.073844744293,11825.808405589381,11462.135491713592,11093.15083635276,10768.468439555798,10482.308708120874,10194.770226918708,9940.214989789729,9710.950171340744,9483.028403001521,9280.857005186192,9095.512946258625,8913.544161869682,8752.992920797667,8602.137419419274,8456.782173690597,8329.077511270698,8207.736826975104,8092.799304188488,7992.418361662041,7896.710251601785,7807.552284860536,7730.617240136716,7656.683972072863,7589.327312424865,7532.137124956309,7477.062678578354,7428.161717583311,7387.497852941067,7348.6817813917605,7315.009942627488,7287.7399434690415,7262.118279906206,7240.5839260595485,7224.159927746917,7209.256137899202,7197.862686043443,7190.739055127706,7185.281670571289,7183.059295717567,7184.1003002953885,7187.04495906746,7192.882400582676,7201.074759672604,7211.16574216169,7223.6015697768,7237.749899000917,7253.4036896026055,7270.831456218905,7289.508905442073
T31000logg4.0,14503.462942567648,14044.812820690739,13643.182723944516,13297.418618252106,12945.816383627183,12635.79774288635,12362.577584771714,12087.02128049868,11842.2691023926,11621.840136160621,11401.623478409978,11205.481150039263,11025.782520905464,10848.35610795364,10691.061358897967,10543.530322213644,10400.430952163695,10274.174248712216,10154.154648438534,10039.71862846847,9939.20552489209,9843.350355755023,9753.276655550795,9674.925866818812,9599.635687240565,9530.238192261417,9470.821641348064,9413.233542510825,9361.408266584114,9317.89969962902,9275.603330222575,9238.302078179759,9207.605974718175,9177.882130124033,9152.235596725366,9131.869412658061,9112.538643381275,9096.711146826796,9085.305467345586,9075.146308104662,9068.247713632965,9064.681940605955,9062.648177201723,9063.594474248805,9066.780199047194,9071.583934271814,9078.882879099403,9087.634907597367,9097.706891800215,9109.763195648224,9122.71473320991
T31000logg4.2,15134.973691377203,14723.787691718313,14363.858570139342,14053.837189274976,13738.664924547464,13460.628449339763,13215.220086022413,12967.463377140268,12747.069307534335,12548.16168899959,12349.138142433863,12171.580947592387,12008.566762355176,11847.417797009395,11704.430258181754,11569.97812648069,11439.514124212235,11324.288879398657,11214.604904439555,11109.958072756071,11018.019661311151,10930.118136395084,10847.528014281015,10775.829640847445,10706.490893615606,10642.757672010612,10588.39449027566,10535.292265153892,10487.70466058283,10447.89826094528,10409.018580851605,10374.834040831238,10346.782857821214,10319.642307011733,10296.261439704658,10277.850725446213,10260.381069231653,10246.199553793258,10236.168066297023,10227.30060843699,10221.520406454105,10218.798792003385,10217.529708263673,10219.053285652706,10222.581277903351,10227.60968556404,10234.963270911672,10243.577126178838,10253.371783144677,10265.005772546963,10277.4011532735
T31000logg4.4,16610.48259861259,16236.78366207919,15908.555651827268,15621.809210219557,15330.874540711631,15073.626378627734,14842.963738001812,14611.104995391184,14404.81961958157,14215.245149719001,14026.966336061712,13859.7921900461,13702.23088459302,13548.534250146618,13412.614623682593,13282.012284235732,13156.844507858083,13046.605479457708,12939.597578415334,12838.758711482926,12751.121697529745,12664.290006528365,12584.414237693849,12515.751906942318,12447.018191189909,12385.0777390996,12332.152596911303,12279.855642316628,12233.297332860991,12194.108470933512,12155.648722972732,12121.919643963842,12094.007703836367,12066.827868825547,12043.568813515532,12024.786657092072,12006.973042508556,11992.939488831753,11981.745662195637,11972.189292997316,11966.167833639656,11961.84972209806,11959.45534672699,11960.020400474205,11961.792015842673,11965.195659945099,11970.873091904377,11977.631712948763,11985.355594952849,11994.952683229345,12005.183345303027
T32000logg3.2,7104.110960784071,6903.317876120708,6722.469589915878,6558.00340078783,6388.3816486578025,6235.790869240552,6093.370401038903,5949.60198659393,5820.846588071306,5697.468072030619,5576.1432223485435,5469.3033496132675,5363.709523419734,5263.715312543322,5177.030792522055,5090.430974428336,5011.113491276416,4942.967015248854,4875.877093113552,4816.094181079029,4765.474959679023,4717.092012750183,4675.582943764103,4641.456523506641,4610.567354729839,4585.681626375658,4566.594799494103,4551.221987638578,4540.74431891948,4534.780285972621,4532.5431950161965,4534.097292127739,4539.252146764037,4547.806850808373,4559.07815196261,4573.326627381339,4590.439815639466,4609.250024991009,4630.878963433951,4654.7451488372035,4679.623737547172,4707.20486791967,4736.564845393413,4766.491526424445,4799.015960355978,4832.935354419003,4867.092481739518,4903.602003367546,4941.054932617417,4978.389146160185,5017.790878567496
T32000logg3.4,5821.868361220123,5751.871186393755,5688.020721867262,5628.695884316937,5566.626432833781,5509.896360443717,5455.591357474729,5399.9837154832985,5349.529942081753,5300.008282368259,5250.88031028232,5207.0282205691,5163.206889101621,5121.319202585521,5084.672365087438,5047.69897813299,5013.710283062871,4984.305938201327,4955.456911742073,4929.837900691742,4908.254744034591,4887.991426862192,4871.019162906457,4857.490554326754,4845.8432078810465,4837.227285903999,4831.405396195332,4827.770325389245,4826.7048746920445,4827.815405018789,4831.267936529401,4836.766033166828,4844.142029919195,4853.801005309969,4864.938277905764,4877.920354841501,4892.91157130952,4908.7720320788585,4926.608683034396,4946.050869978284,4965.872956595657,4987.8778108335855,5011.10757933834,5034.468024923568,5060.019285962909,5086.501121043321,5112.949561050928,5141.4275479713,5170.557363300488,5199.464771820378,5230.203636852618
T32000logg3.6,8058.751152116117,7715.0456153376535,7413.825254261831,7154.024891442759,6889.8133926693645,6657.273873039287,6452.448429630025,6247.095959280378,6066.084646320238,5903.599293744298,5743.234527084189,5602.171902406971,5473.575587053494,5348.762706428893,5239.95845237197,5138.627152615145,5042.560865263718,4959.697738975012,4881.85367205931,4809.909569623549,4748.55794522611,4691.622011754591,4640.3339234825935,4597.63080123213,4558.647053846725,4524.893921996992,4497.893607853894,4474.448288259779,4455.529992383624,4441.898632721281,4431.697193492615,4425.09487427715,4422.530588794761,4422.966355359023,4426.121809853194,4432.46918026965,4441.358657896545,4452.436097145832,4466.283325198471,4482.477508715647,4500.530314965805,4520.925459091802,4543.584486148493,4567.779999286659,4593.969509745325,4622.2139285945495,4651.563496122546,4682.550571071721,4715.097713895028,4748.270784057299,4782.735127039572
T32000logg3.8,10753.477868192369,10330.655421156864,9960.445326687337,9640.451268525156,9315.964866143515,9030.542623593197,8778.306476659558,8525.715350533881,8302.739486207553,8101.597229160964,7902.832936784991,7727.407644946692,7566.313946244179,7409.434421066062,7272.102609795519,7142.520007166494,7019.090880230587,6911.425575339844,6809.331929236029,6713.740116718649,6631.151984271853,6552.646684064623,6480.714301584982,6419.527679772674,6361.2904863447475,6309.347694308109,6266.088605032536,6225.402222347557,6190.318799334884,6162.117003983106,6136.441424084381,6115.26439900563,6099.452670893698,6085.724750216292,6075.52843227131,6069.616223454895,6065.549120509274,6064.463332561335,6066.873897824684,6071.218919627822,6078.306168015756,6087.961975012392,6099.745327587939,6113.9389310670895,6130.027542994214,6148.149709001558,6168.16263856382,6189.627539567784,6212.645696711814,6236.996017503691,6262.516831449198
T32000logg4.0,11573.719429077542,11179.336502978702,10834.538416879222,10536.858065122397,10235.546011852895,9970.83925977282,9737.111846234986,9503.249099392331,9296.863567222554,9110.826491788184,8926.991895134008,8764.769735541231,8615.908752137742,8470.970266623917,8344.149740123457,8224.613469840715,8110.786768323318,8011.526268843994,7917.595241646328,7829.6302414023,7753.740725251964,7681.6278324841,7615.602550244934,7559.65300221791,7506.259069747103,7458.773799332245,7419.498290814621,7382.388031168322,7350.531506175593,7325.208080382401,7302.025627331796,7283.024849009863,7269.1342300568895,7257.00681490232,7248.132852771481,7243.355551757069,7240.156744598934,7239.737726463065,7242.539784248694,7247.063761055255,7254.19962636019,7263.530500772539,7274.811761858928,7288.40009518415,7303.513069174453,7320.479997574442,7339.285347473804,7359.1702499778685,7380.4419795872855,7403.026873862423,7426.466624890086
T32000logg4.2,14584.9714856593,14184.21101130951,13832.425370738543,13524.086510355344,13212.400487696976,12937.640254907554,12690.7564897339,12444.355659859224,12226.350945970456,12025.724170526906,11828.286693829952,11654.566888319707,11489.688718551288,11330.851448106861,11191.21329409401,11056.89149483483,10929.366967308288,10818.044927505207,10709.201682113391,10607.979914060203,10520.761465801266,10433.897319609383,10355.084015426271,10287.410120598079,10220.54970351808,10160.70858776346,10109.875634524282,10060.140287387485,10016.429851821937,9979.95325984892,9944.699385047361,9914.323254600462,9889.602184989797,9866.0166327811,9846.607397275213,9831.07176192792,9817.055901411322,9807.015327853633,9799.181032559394,9793.519856024854,9791.357782579642,9790.718197573633,9792.289236750892,9796.628519794029,9802.469133812036,9809.971248535594,9819.717456095084,9830.66690279629,9842.686927125667,9856.577210386731,9871.139893312706
T33000logg3.2,10028.71213955558,9901.769601731328,9788.346031820873,9685.886565217266,9580.64913659398,9486.375487056213,9398.693014332364,9310.2639699663,9231.512519478292,9156.001988404585,9082.128302325791,9017.168097988964,8953.939746892574,8894.228711953097,8842.501477279517,8792.374702307194,8746.701221742826,8707.967908339942,8671.158593672377,8639.256955487357,8613.174349173256,8589.989155740874,8571.58586073026,8557.91061992865,8547.808300611172,8541.883636038481,8539.639471813434,8540.993057227402,8545.712986870709,8553.097004613432,8563.899527039186,8577.25927718201,8592.499370039144,8610.92339431965,8631.04919160426,8652.680545721929,8676.988885497682,8702.153797855506,8728.774900060573,8757.450584979759,8786.046957332552,8816.823301609671,8848.844216578042,8880.19878512175,8914.235785689414,8948.844587640842,8982.50167560537,9018.739378624161,9055.1193138097,9090.333747387636,9127.750932818783
T33000logg3.4,6957.801637622437,6733.514520629626,6534.1287211613735,6356.227118810469,6174.121370932354,6011.791891566351,5863.071037910455,5713.613941279992,5580.663456108309,5455.7599076031465,5333.038412243029,5225.053139946098,5120.877188962,5021.490019220199,4935.253153926523,4850.385625058834,4771.8164139727805,4704.018479988214,4637.787035938167,4577.800246353862,4526.692374419247,4477.467732242954,4434.292453109887,4398.292397901999,4364.837122374604,4336.773282440276,4314.410422705629,4295.014886284408,4280.137050364511,4269.790306151898,4262.477050396755,4258.788335167265,4258.770520600863,4261.572939487311,4267.0961439538105,4275.673222195665,4286.719101935744,4299.772753982765,4315.4262746301365,4333.26463036057,4352.635035538249,4374.287206279108,4397.921767086489,4422.699768486372,4449.6747042575,4478.335984359433,4507.763835505946,4539.230221464577,4571.893547633104,4604.899322330027,4639.710310123983
T33000logg3.6,7354.397870756774,7090.368319364317,6858.134157204393,6653.42771738258,6445.900379706789,6262.723432245647,6096.972293111405,5931.861944661805,5786.323378625874,5651.289363843281,5519.576253277939,5404.6902491714845,5294.833578208713,5190.647014546764,5100.471833956832,5013.065081324725,4932.129743395168,4862.60635131436,4795.306177427232,4734.494253241547,4682.883927841945,4633.678113064141,4590.532285092162,4554.636984149507,4521.56660966834,4493.7056978598075,4471.58049579353,4452.374070918887,4437.547675177777,4427.334867829768,4419.94107506798,4416.023513108911,4415.834652518774,4418.124624450551,4423.023339232517,4430.9298949969125,4441.0176021344005,4453.283979411318,4467.750105739629,4484.430782670054,4502.941799561391,4523.214210881033,4545.654519166423,4569.512696552483,4595.088912952281,4622.510838353133,4650.895917150704,4680.985206784794,4712.278971697127,4744.113657362145,4777.475335630807
T33000logg3.8,8258.018464725843,7961.28628799926,7701.532772928269,7477.045899619745,7249.368992199617,7049.278931393867,6872.60403866717,6696.053511146471,6540.744759026953,6400.959608920656,6263.56626787245,6143.033718584661,6032.862329596994,5926.465055046301,5834.296737090128,5747.701219209168,5666.347239085055,5596.406951703636,5530.656188882658,5470.2794457611835,5419.183631781614,5371.513697444769,5329.086323732394,5294.091326341049,5262.1652072851875,5234.9484877799705,5213.528611945987,5195.156655737207,5180.759221982819,5170.909260929825,5164.006410339902,5160.222550453665,5160.003958073228,5162.2316540399515,5166.822885602894,5174.296824148423,5183.867225918597,5195.343384925035,5209.235827617254,5225.151889654388,5242.767134360153,5262.223017072631,5283.737378488114,5306.753053422375,5331.158721019257,5357.50109898909,5384.991207512094,5413.567975555327,5443.619548631836,5474.403064781538,5506.035946478689
T33000logg4.0,11159.20565848731,10803.887608746109,10492.212550403316,10213.721534519556,9934.68369771034,9689.665879243606,9464.410886182715,9242.936143632845,9049.426656012485,8865.074820149757,8688.218390809063,8534.267120808792,8384.20338854408,8243.210410837215,8121.079954054106,7999.867219030033,7888.432138840832,7792.448878432424,7696.5129333785835,7610.340129510391,7536.222491499751,7463.227696413899,7398.783374842535,7343.799128439976,7290.613425348917,7244.637651548591,7206.020422181815,7169.716839545482,7139.268685416575,7114.618442153554,7092.403661008368,7075.165893582301,7061.499215508134,7050.467662474605,7043.680582830147,7038.677196047195,7036.516068037926,7037.643130289148,7040.42123260012,7045.71962345934,7053.5841178651435,7063.287649138043,7075.0051359764175,7088.931700575041,7104.448286298833,7121.566599044875,7140.548101878824,7160.806809551581,7182.0713830777495,7204.969917014422,7228.7506104100385
T33000logg4.2,12630.883301325486,12258.791693089634,11932.137295521623,11648.342022375638,11360.409449461871,11106.63016325611,10881.259137936,10655.526516807882,10455.918697068042,10275.00627620803,10096.262316950084,9938.470721334139,9792.61289070383,9650.833879870626,9526.583664700483,9408.934097546491,9296.935060577815,9199.109462705394,9106.047675821603,9018.900726326816,8943.69614409741,8871.466613698729,8805.403616597174,8749.347028999173,8695.09246387538,8646.79511622928,8606.575544594447,8568.113293306671,8534.784364573869,8507.982782162713,8482.85688898641,8461.877210474844,8446.032600334305,8431.58071937154,8420.42196117897,8413.319240907236,8407.571673377668,8404.79876948318,8404.916130663923,8406.726070964833,8411.362379600467,8417.80763905825,8426.206727292096,8437.050908402778,8449.138728944166,8463.020791190727,8478.810211732472,8495.560280571008,8513.579231083857,8532.99981414739,8553.193773231822
T34000logg3.4,6355.029240535132,6194.686227534356,6050.388229356867,5919.074030293689,5783.682813669865,5661.905432403818,5548.149299815976,5433.425520522741,5330.756155240213,5232.407783490959,5135.7592379887,5050.582275039213,4966.4883587299155,4886.62997277791,4817.254273138602,4747.644010330292,4683.541459108893,4628.183731440796,4573.155063941147,4523.653680745889,4481.397169153174,4440.262048410991,4404.495818237267,4374.667179636668,4346.926230628375,4324.050152900372,4305.975088231964,4290.580489421625,4279.294066377357,4271.835323490272,4267.28200635075,4266.020371047552,4267.939008319043,4272.6805572933035,4279.900366243617,4289.867373745395,4302.341695304666,4316.601990558737,4333.294820158945,4352.157180240833,4372.351207943906,4394.68535260814,4418.962414651609,4444.18332466829,4471.505058232023,4500.4552265228995,4530.009492679014,4561.578196425131,4594.295107154433,4627.279565283739,4662.126074013668
T34000logg3.6,6424.177347432696,6253.5313363388295,6102.954995915918,5969.360066003362,5833.513309010103,5713.107394402635,5603.012546216345,5492.886953132978,5395.262323735999,5303.505142963772,5213.659643712046,5135.134134655637,5058.46202087758,4985.870809031289,4922.753659955886,4860.760097957103,4803.363742369607,4753.855535866122,4705.288716833733,4661.492648129499,4624.136352818443,4588.186459720743,4556.824151605109,4530.660009524156,4506.50687012769,4486.457111726751,4470.618263845887,4457.128865669286,4447.11996909034,4440.548486623638,4436.399663335602,4435.02851805078,4436.600084459889,4440.421898813095,4446.405951528292,4454.8859473299935,4465.438336530856,4477.777735497736,4492.10170245375,4508.4762720013405,4526.263951490613,4545.91687707683,4567.486608322981,4590.143112719843,4614.751924329254,4640.94523648922,4667.904333595864,4696.797986154659,4726.719187925758,4757.106893601946,4789.168899643476
T34000logg3.8,6634.098432450851,6533.37723860051,6443.83375413274,6362.732507581121,6280.128141501642,6206.47725266867,6137.552583214509,6068.652922887879,6007.393634931101,5948.137198985565,5890.413554646332,5840.04907577083,5789.286906327232,5741.7836558608315,5700.449109335397,5659.174448725831,5621.32533550452,5588.789203240665,5556.395207573453,5527.597518836813,5503.2452268055495,5479.616000119133,5459.401513846975,5442.791103367078,5427.586647271368,5415.259675289964,5405.898800724197,5398.167552090768,5392.726019003302,5389.8639596585,5388.613903292082,5389.1530436872035,5392.06142904547,5396.480988145661,5402.444441292516,5410.269467867094,5419.608758063726,5430.2339500885255,5442.3837310500285,5455.9443087536265,5470.497386323713,5486.580015643193,5503.836937577564,5521.8899992773695,5541.538351229803,5562.061412219556,5583.307116413111,5605.971556854117,5629.176744010829,5653.079898387549,5678.06645878717
T34000logg4.0,8757.768630911743,8474.372064622916,8226.599562375717,8008.5601949784495,7789.775223455365,7598.218529834429,7425.298702168439,7254.988783335387,7106.144876964609,6968.460868625816,6835.644058449677,6720.909454524224,6611.190837078259,6508.32029664751,6419.660033830584,6334.413966322913,6255.932154387455,6189.019005067441,6124.290464525268,6066.366551010624,6017.619672690723,5971.174551037241,5930.857771943587,5897.778666646335,5867.125886912004,5841.658584017578,5821.9351621099595,5804.659900230047,5791.639916060464,5783.241557881506,5777.214853730136,5774.4639414601725,5775.325778503713,5778.286051614006,5783.98984926563,5791.838209336011,5801.919652232026,5814.363752293119,5828.160264439417,5844.267086641227,5862.22030602288,5881.545885783447,5902.846307222279,5925.504887070036,5949.770415298243,5975.443454058744,6002.154822371166,6030.309629465164,6059.264361757089,6089.013384333895,6119.882569805961
T34000logg4.2,10399.95869963093,10092.340191973319,9822.481325741777,9588.428254784701,9351.140890849865,9142.399439473498,8957.615965320667,8773.046344320232,8610.467213908894,8463.867355661363,8319.715997860489,8193.14243070283,8077.036786443187,7964.877582843262,7867.44373346336,7775.803113216257,7689.442555120057,7614.797647320944,7544.649117743648,7479.789034182293,7424.608832967954,7372.687527705989,7326.055558505726,7287.338538810811,7251.136144964289,7219.81838301333,7194.821219549191,7172.18996297695,7153.706687631126,7140.292329424953,7129.096545303317,7121.176795729232,7117.2372756161685,7115.142223849055,7115.543981743639,7119.133817673112,7124.376825226436,7131.781367762311,7141.546216849913,7153.093589943064,7166.695528523616,7181.786664189946,7198.814520526344,7217.633997113942,7237.478777833491,7259.091495133969,7282.087521085909,7305.86206143537,7330.902547217876,7356.90080545332,7383.542395827264
T34000logg4.4,12205.404194046512,11898.46916147952,11628.992667827693,11390.511017498442,11150.63722304878,10939.711660567682,10748.419857812698,10559.310691238423,10393.323760361358,10238.707121034682,10088.917114992426,9958.276564492591,9833.44424340988,9715.185646010901,9612.5893174264,9512.969683840438,9420.477761310665,9341.34491805109,9262.854903543697,9192.072856473706,9131.904809660664,9072.777893459808,9020.478890612021,8976.637369239377,8934.126699138542,8897.422518936179,8867.45898873837,8839.110033001523,8815.516673074639,8797.298711559544,8780.82465034882,8768.226701614232,8759.407162230998,8752.373610122075,8748.786688708295,8747.188841106878,8747.738704167588,8751.173213075848,8756.091138955735,8763.10680493522,8772.338867512748,8783.272161891653,8795.796768641796,8810.228902439298,8826.092118461343,8843.162792707699,8861.866364394371,8881.56119752564,8901.995064824647,8923.823809447345,8946.245463667954
T35000logg3.4,6019.490297266334,5907.081474463619,5804.056760918988,5708.297864055215,5608.264008018038,5517.093120454508,5430.45594609653,5342.344391241362,5262.7731344203585,5185.463964291194,5109.133754870606,5041.501101727778,4973.850371616743,4909.516743838282,4853.493841732212,4796.5749522553915,4744.251323804929,4699.027930189502,4653.706623565484,4613.111431992286,4578.502722810954,4544.762210667296,4515.678370393686,4491.605896915341,4469.3882699830965,4451.45964894509,4437.6497536291035,4426.319279564779,4418.64535707486,4414.303303092055,4412.7412558609585,4414.122914931685,4418.335039359546,4425.308992820904,4434.491507009752,4446.203958453745,4460.387126585366,4476.040910103765,4494.148278001366,4514.286005099094,4535.419036120637,4558.827030498709,4583.953333441966,4609.7078907187615,4637.689810518856,4667.047782539423,4696.763250631463,4728.584412928839,4761.387554658245,4794.294422726483,4829.163159076527
T35000logg3.6,6425.514539644185,6267.655670523207,6127.61218906944,6000.698815190404,5872.021144605826,5757.811401605027,5650.709033286159,5544.331577195115,5450.397609217706,5358.924490680344,5270.560395417801,5193.515332254829,5116.054556336326,5043.680648842799,4980.823089615974,4917.714084839346,4860.023779421656,4810.14709492733,4760.61442043733,4716.393121750037,4678.4738665098,4641.839279930954,4610.123435999788,4583.522060370401,4558.9601363246275,4538.720196939313,4522.643337867018,4508.9584148537515,4498.830319513248,4492.204506579837,4487.989638008249,4486.6269034128445,4488.203839324678,4492.074489415743,4498.288328296523,4506.701466768138,4517.31744118418,4529.71589728682,4544.089909847121,4560.38478327074,4577.991961365055,4597.6444721221915,4618.866510086274,4641.131047419544,4665.471675205928,4691.0217406297215,4717.457829201172,4745.759990946207,4774.7934221445985,4804.605916894028,4835.917641674514
T35000logg3.8,6851.792746341231,6672.58860594391,6515.501935333599,6379.208613855548,6240.694539058075,6118.600758602509,6010.041996268169,5901.195387958739,5805.049998173171,5717.734914663046,5631.703084062855,5556.0188392252685,5486.172834722695,5418.771766675468,5360.506871771304,5305.022454250686,5253.221710598514,5208.831007215334,5166.664786053069,5128.278420967862,5095.975005273292,5065.757830032741,5039.269359671796,5017.780786124089,4998.361711280462,4982.375060234816,4970.378017786482,4960.561996293987,4953.6509111658415,4949.933302577922,4948.431956761677,4949.255983190341,4952.700878489111,4958.173617654842,4965.415805636384,4974.890388895568,4986.180045102181,4998.817672116576,5013.431264025419,5029.742267539629,5047.169594078224,5066.307999796161,5087.103355716329,5108.893940068478,5132.139002428901,5156.944743754522,5182.509561656105,5209.329874480567,5237.333546175447,5265.785491614825,5295.25598852233
T35000logg4.0,6534.892928214394,6448.0131067860775,6371.375569080581,6300.663286861137,6229.908990921794,6167.673814622079,6107.7653490589155,6049.418500471999,5999.124327567909,5947.662887474628,5899.789894177453,5858.457315488793,5816.591754513331,5778.53044505462,5745.946309575911,5713.352361875028,5684.62321911742,5660.242737272477,5636.722154040637,5616.725939497901,5600.18398080354,5585.299704719632,5573.459725717445,5564.505774671445,5557.556319140791,5553.072574749776,5551.10969022149,5551.105088176741,5553.014459265155,5557.09603741247,5562.982320188379,5570.539088370866,5579.611297377731,5590.468503325731,5602.5300878769,5616.100495024392,5631.046701579297,5646.805284474766,5664.123509997939,5682.375909698264,5701.343293075434,5721.718063254563,5742.774573232907,5764.564472988246,5787.6220377937025,5811.0779297940435,5835.360501825344,5860.697034125856,5886.175184949277,5912.3358885780735,5939.327468377204
T35000logg4.2,7067.886708888173,7022.074644235414,6981.117347151132,6942.538107021334,6903.632095728424,6869.089742544377,6835.20984557655,6802.114526460851,6773.622694786387,6743.610741637129,6715.91458778785,6692.005117728793,6667.429301141549,6645.284094336171,6626.337315353255,6607.380570070625,6590.865178132828,6576.920631594033,6563.714469105309,6552.730282751278,6543.881063569881,6536.342614178126,6530.730617243616,6527.042915933,6524.8636494950315,6524.235632003384,6525.426040549515,6528.063025460779,6532.020875000597,6537.383153402548,6544.191274174144,6552.27316364981,6561.203091773069,6571.637907278429,6582.982253763558,6595.395622985584,6608.911650693589,6623.085201360921,6638.434341033687,6654.498554287837,6671.213086647144,6688.993673528532,6707.250010539933,6726.218357006319,6746.154083952755,6766.321327919711,6787.273837534721,6809.036690693498,6830.937083132939,6853.350891017405,6876.503274959876
T36000logg3.6,6197.902289604064,6073.840777793344,5961.976271500021,5856.926738548646,5749.699638310541,5653.603520791194,5559.879116263672,5466.88759615412,5385.094677204965,5300.759701248364,5220.501899788887,5150.0793083631825,5077.1345124079235,5009.354845763515,4949.996841218196,4889.059076528025,4833.627142771963,4785.060283580599,4736.272734458785,4692.781411727319,4654.792167157951,4617.939505982539,4585.991405022596,4558.514261997637,4533.156845410754,4512.143496547981,4494.830931237616,4480.102779318218,4468.998836713418,4461.014112080348,4455.683945708468,4453.519289249053,4453.585274674972,4456.3805245334115,4461.657865112497,4468.92077058539,4478.557294410988,4489.985504141221,4503.478984300341,4518.848941836498,4535.591210579271,4554.378410268724,4574.65707745812,4596.101817018238,4619.505147245742,4644.01286359106,4669.596026466265,4696.979121451867,4724.977046759577,4754.000398686628,4784.48156974559
T36000logg3.8,6411.6837904937265,6318.955651455704,6236.0178515091975,6158.797571333636,6080.405640357514,6010.527973099385,5942.841196076606,5875.95821163617,5817.471872381682,5757.411662137125,5700.551870560569,5650.85800502957,5599.790443291715,5552.521236452575,5511.36793474593,5469.378939953983,5431.424688897701,5398.449223543356,5365.5529304424035,5336.520778345042,5311.479699912562,5287.493045977005,5267.010881786927,5249.796300539163,5234.27869197399,5221.765848831546,5212.039641110745,5204.215336671436,5198.882564782466,5195.905033448043,5194.857369034223,5196.157806145046,5198.873735591085,5203.73701620201,5210.498494886505,5218.524385608921,5228.446932932811,5239.75397376885,5252.524460546535,5266.76231583049,5282.126692682882,5298.977449460762,5316.985631840976,5336.034850629022,5356.498994578694,5377.800542459349,5400.130431796362,5423.752726386422,5447.849140863055,5472.864448783264,5498.948008564457
T36000logg4.0,6928.6443575036255,6765.010788780621,6621.937793619469,6494.458674942662,6366.796958661881,6254.982375556329,6152.098819821487,6051.18646426625,5963.3075981324755,5879.734118648233,5800.018985573907,5731.503072082086,5664.413217468101,5602.488475508731,5549.584933515409,5497.796928072778,5451.173977178524,5411.733527990029,5373.638877261521,5340.40092914206,5312.83534155928,5287.129877574415,5265.738780053142,5248.842206709677,5234.19430991286,5223.132161700827,5215.675999578704,5210.555226755296,5208.250152333898,5209.004801783903,5211.966491865717,5217.118686782715,5224.746879396112,5234.375556206373,5245.885468116735,5258.887176360664,5273.893654987856,5290.35505434146,5308.05093357773,5327.513423269747,5348.005021212776,5369.925075985994,5393.203356292229,5417.294455032122,5442.909974868303,5469.493033367752,5496.759778741945,5525.39109083871,5554.494746632614,5584.209963982985,5614.9863729861645
T36000logg4.2,7515.8158647011305,7342.344636400621,7191.25199889619,7056.987466021831,6923.439926766695,6807.209448799234,6700.7491566888775,6597.237362643911,6508.003395482754,6423.227316032108,6343.33545635738,6274.984849106683,6209.028010490686,6148.525069127963,6097.2856077467395,6047.595573769023,6003.360719087398,5966.327497661911,5931.128648198561,5900.886789625769,5876.302861314054,5853.905962830334,5835.8370076764195,5822.237400273782,5811.049213012138,5803.363184134954,5799.256183085361,5797.563611632203,5798.556006405427,5802.57118636501,5808.820904003726,5817.316720718129,5827.7594043258805,5840.382391278565,5854.8454843627405,5870.422018493872,5888.06224525176,5906.999265828089,5927.123156120988,5948.8959936602,5971.57420277008,5995.661193960511,6020.930173921178,6046.947950905042,6074.389295988121,6102.599602472171,6131.446870547931,6161.583282600928,6191.967458171072,6222.920609655898,6254.86481718751
T37000logg3.6,5680.614781146354,5602.3976760071055,5531.4489587614635,5465.124396920798,5396.771080882278,5335.073857639445,5275.574285241074,5215.989756419722,5162.890635839097,5110.035603268445,5058.991516636116,5014.46615619431,4968.877738909424,4926.688431237215,4890.201931690083,4853.296627657982,4820.094485296523,4791.709884711176,4763.67883785863,4739.37752539763,4719.0953301968875,4700.112933799677,4684.668826158171,4672.533304948531,4662.543506114217,4655.636684112343,4651.483025239344,4649.83954810395,4650.667295950394,4653.972342921535,4659.739164428595,4667.332584005138,4677.412064470403,4689.670506398043,4703.17790235202,4719.184834139596,4736.974893457722,4755.561415105308,4776.522308424973,4798.904130203726,4821.781403558636,4846.942932696808,4873.216872803828,4899.809213130216,4928.621455396652,4958.203308167327,4988.006072112574,5019.799800730211,5051.979648175947,5084.359228937244,5118.373227425066
T37000logg3.8,5737.44507223695,5683.14541375897,5633.895150194812,5586.427588122697,5537.982178294869,5494.457743697337,5450.750185575593,5407.687944082448,5370.022791378031,5329.993226310496,5292.540299529661,5259.781988023261,5225.551905356705,5194.299503616544,5167.056378768454,5139.292917459288,5114.600454222807,5093.133512447444,5072.203439546052,5054.174574785128,5038.794283024511,5024.815464472068,5013.496243225716,5004.45699088085,4997.270282382792,4992.328526638041,4989.556142507307,4988.678545571302,4989.628714523799,4992.508093345093,4997.204336841484,5003.435881722657,5011.306770194711,5020.912887095342,5031.621130083676,5044.125818634395,5057.977133792816,5072.645145507658,5089.085278988741,5106.528336589045,5124.695127706383,5144.507355184615,5165.053816271121,5186.357645940062,5209.182667219354,5232.404456336325,5256.5145893572,5281.895775590182,5307.372771016215,5333.742721355377,5361.0965709868005
T37000logg4.0,6303.061682622426,6196.317906500945,6102.575884354253,6016.259387800039,5930.338236956277,5855.172965478245,5782.901969182185,5713.00247860232,5652.892248980809,5591.931551754365,5535.405461385567,5486.81652743948,5437.69570159157,5393.231458559828,5355.13682165164,5317.284086213663,5283.926660053598,5255.56967345553,5228.32959971631,5205.16213966355,5185.926824616338,5168.581962497,5154.766787047317,5144.1849813536455,5135.872942874919,5130.437007382354,5127.809951822221,5127.446645164464,5129.492400969899,5133.630770352402,5140.0290410373955,5148.4099538736355,5158.376676107541,5170.411828649695,5183.783441074756,5198.875076259015,5215.459681185521,5232.997892714252,5252.188209831563,5272.45095583206,5293.523513319819,5316.143424876291,5339.514264892672,5363.689027192308,5389.356567183616,5415.413693704854,5442.369020290383,5470.564491675319,5498.871744305087,5527.9210794642795,5557.92940417663
T37000logg4.2,6537.941553767838,6459.555383964945,6390.996241089259,6327.233573105922,6264.293785238258,6209.741672123107,6156.219024724674,6105.226240164838,6061.448850356597,6016.970502694199,5976.107393920972,5941.135306162584,5905.794471638782,5874.2784199426305,5847.452882375012,5821.079640507306,5798.320306036408,5779.170255473062,5761.354051667005,5746.68726874507,5734.939481254617,5725.023420779006,5717.802747818014,5713.09980219186,5710.450316631798,5709.999859718908,5711.688999747718,5715.377874006866,5721.033437791063,5728.026752820371,5737.065853341788,5747.452781764918,5759.445799254643,5772.953065895413,5787.405990658173,5803.502448423085,5820.619183438736,5838.518861272568,5857.878324212039,5877.903015695848,5898.654884550149,5920.774089860296,5943.216475450008,5966.543264846584,5991.050857051227,6015.741648049603,6041.183302693962,6067.67254953051,6094.209634731871,6121.275990601539,6149.151012739186
T38000logg3.6,6019.821643611903,5957.853998149271,5901.284583837346,5847.812751839375,5792.478673176672,5742.451446923386,5693.57922008484,5644.725660424764,5601.107263094466,5557.626365124437,5515.68137216373,5478.9941266131955,5441.658358107738,5407.10122694374,5377.160031176339,5347.080658021876,5320.0627529319745,5296.9585805472925,5274.37356665239,5254.9644016630455,5238.896222045269,5224.150687785474,5212.548725883999,5203.702799465073,5196.987493537465,5193.114245903845,5191.442329523935,5192.328999058281,5195.532017002443,5200.649642005351,5208.33799517814,5217.685409976688,5229.067648610477,5242.726928060853,5257.28028823363,5274.378174006585,5293.152249546492,5312.303171978958,5334.080193648735,5357.092646454361,5380.203955026864,5405.834387770747,5432.424183540771,5458.970012046041,5487.896545586803,5517.504618740847,5546.9236961208235,5578.511907582611,5610.4576369340375,5642.129749319061,5675.6656971916445
T38000logg3.8,5580.617652856353,5501.284465242915,5430.200947810911,5363.578614931396,5295.9462082439795,5235.645944580493,5176.890709798376,5119.046842642524,5068.664435162635,5016.726140322749,4968.001577571897,4925.697315447558,4882.361357185368,4842.773862126807,4808.647419531949,4774.247646087386,4743.744918950191,4717.653627226552,4692.304938353737,4670.625588673595,4652.475096887877,4636.027953318707,4622.85761268434,4612.612727249274,4604.614797363937,4599.37668156629,4596.712355145278,4596.371580443477,4598.202883278413,4602.381498516272,4608.730865062606,4616.854413101095,4626.938678031272,4639.069796996865,4652.500437062814,4667.834145882537,4684.836756487012,4702.708779831824,4722.524466331404,4743.577655234564,4765.298310285408,4788.909424794687,4813.435801428315,4838.5857554798695,4865.511545088051,4892.99937484003,4921.165347457331,4950.88230333802,4980.760012131427,5011.346658263227,5043.139379946026
T38000logg4.0,5682.786281728318,5610.384813165979,5547.235714977169,5489.434434750628,5432.319149783653,5382.66593232825,5335.342399801613,5289.906953655424,5251.084502852652,5212.28557049416,5176.621276393093,5146.327594617705,5116.157387362251,5089.246325059377,5066.668420750114,5044.5503985128635,5025.574445022196,5009.955789610712,4995.447436610979,4983.707200535178,4974.651602647048,4967.247189121571,4962.224223755651,4959.523831540062,4958.73370118129,4959.860037508561,4963.187560978921,4968.360869660641,4975.118948940968,4983.669257632457,4994.024103375805,5005.651845530296,5018.905879514905,5033.7761620865485,5049.512674887542,5067.038486464191,5085.736593475769,5105.083545669638,5126.149119539962,5148.043282354414,5170.54833521958,5194.658688276823,5219.304092041327,5244.66572311429,5271.530396192408,5298.603551478897,5326.553484630243,5355.723920676311,5384.806948110794,5414.797806142057,5445.6758812983
T38000logg4.2,6676.396630248538,6561.343192676649,6461.596180684102,6369.623566387712,6279.63156552029,6202.3507152963775,6127.073380911816,6055.959154298199,5995.103312882901,5934.2689193292235,5878.428133461718,5830.757548659285,5782.977670105587,5740.273001586257,5703.906964778929,5668.074292665664,5636.942719957714,5610.635033642177,5585.697524879985,5564.871176041708,5547.7788715071165,5532.715383345667,5521.090499935269,5512.558168591494,5506.3227099611795,5503.087484535693,5501.9927201751625,5503.381168961219,5507.309285228885,5512.723923892087,5520.547111642222,5530.120087648539,5541.498643277888,5554.625639933346,5569.022435539912,5585.1760599420695,5602.565055977914,5620.94164702554,5641.018042132737,5661.885972604776,5683.685078823111,5707.093568595073,5730.973205846325,5755.823322684325,5782.114510634177,5808.757669712693,5836.149304065667,5864.805648894778,5893.708108359519,5923.000410151199,5953.280753973104
T38000logg4.4,6772.426038929012,6663.1657946879195,6568.9830681096,6482.789486540939,6399.043642062245,6327.616233552598,6258.87680172367,6194.47539154075,6139.800018517285,6086.140011677138,6037.373745780003,5996.269090166582,5955.904359084182,5920.408830122699,5890.801422685533,5862.359276432379,5838.340369216509,5818.765251837995,5800.999838932368,5786.999076424606,5776.4540286173,5768.199687423193,5762.9811938039875,5760.705676314593,5760.832262644703,5763.602863562072,5768.344261799896,5775.6245346105925,5784.9978349203275,5795.968992491666,5809.21251437353,5823.790347206293,5840.290097971206,5858.337033499892,5877.295699124859,5898.139040129474,5919.996038212378,5942.5416015971705,5966.938427200321,5991.8737709663355,6017.546827949407,6044.886238072629,6072.495155080344,6100.847779100381,6130.67339858,6160.695539134901,6191.193065402301,6222.9844817525645,6254.867935500128,6286.943639405599,6319.9737684031425
T39000logg3.6,6232.605213070896,6147.106782950571,6066.411266086955,5987.341691316435,5903.5371363476015,5825.809798401902,5747.8677480119395,5668.42003197305,5596.673562110367,5521.768706961629,5448.850974007362,5384.054640551092,5315.275391407052,5250.548765029706,5193.1408845892665,5132.988027291459,5077.471231310686,5028.188533840907,4977.723679032312,4931.980324411921,4891.449859529894,4851.227610317385,4815.592377789543,4784.297594105365,4754.479478653024,4728.9065952856745,4706.925937508387,4687.168324778235,4671.086874528305,4658.114449855666,4647.633731677569,4640.293157606679,4635.594493575124,4633.431498602174,4633.925243160534,4636.557258729193,4641.615794142537,4648.665313267111,4657.889561381739,4669.105078506266,4681.791668557968,4696.698444185707,4713.163653085867,4730.798110379052,4750.54349259275,4771.483809330773,4793.43232779308,4817.2903765800065,4841.950887695989,4867.618091455947,4894.913970577643
T39000logg3.8,5540.898862897248,5482.7412046136715,5429.565416516081,5378.24435856428,5325.439133192699,5277.703539328474,5229.924292263359,5182.583535800296,5141.103959623974,5097.116411691218,5055.855930786874,5019.779370851405,4982.10367283422,4947.644639431388,4917.6217338764745,4887.02336922301,4859.76357422944,4836.112679852903,4812.970428468263,4793.033268634462,4776.02030182196,4760.516262139046,4747.954074448096,4737.8558520819315,4729.8429852634645,4724.368285010972,4721.1564024041545,4720.147720234292,4721.175157152625,4724.333255935135,4729.569450512024,4736.481678551903,4745.264107060545,4756.014444897076,4767.9855397788815,4781.930589397633,4797.461146124283,4813.842111970188,4832.233702157346,4851.806840411978,4872.059170800486,4894.243045065464,4917.291909721061,4940.996721576902,4966.499993676476,4992.494495942875,5019.253201078145,5047.539681756068,5075.9487424781055,5105.171800509398,5135.577580702883
T39000logg4.0,6114.323026717559,6015.691698980923,5928.777864837544,5850.427719901557,5771.436273741455,5701.75506204626,5636.754047853577,5572.6817362447755,5516.423102218255,5462.507803558064,5410.815546751825,5366.483208861458,5322.088915238942,5281.357477113126,5246.5550526201805,5212.132720962569,5181.287438560419,5155.297676024291,5129.951997467792,5108.088333904622,5090.105969378588,5073.376825035021,5059.802964923434,5049.345598645874,5040.684247017372,5034.718917950061,5031.289497020399,5029.9008919109,5030.626686142269,5033.570866514454,5038.503864317093,5045.060930427162,5053.6520884352485,5064.067657310452,5075.871319404367,5089.155829571424,5104.217859033368,5120.431542186765,5137.766772228032,5156.757770502623,5176.603320000433,5197.654548755169,5220.085831759101,5243.136238384367,5267.609144029365,5293.0809573366305,5319.067202309258,5346.44282234231,5374.38307416632,5402.806277658077,5432.3838291555985
T39000logg4.2,6702.980007917982,6673.648156625054,6646.727781870697,6619.881134745,6592.449652923514,6568.008777448181,6542.089742607007,6517.055825955948,6494.986712107409,6471.420551291694,6449.471848685741,6430.216945732417,6410.031668469713,6391.760363005393,6375.697091147079,6359.53349582566,6345.208277685629,6332.698961490283,6320.715690104057,6310.471446147977,6301.85165926124,6294.199979665743,6288.108480861342,6283.612084568476,6280.265965457129,6278.375105005728,6277.769522117214,6278.457272432468,6280.533638290352,6283.507981175669,6287.862585573863,6293.219560582294,6299.850422800548,6307.51033171963,6316.023296923185,6325.812419207194,6336.360355331589,6347.7605232302385,6360.2798992515945,6373.315829935629,6387.2667150834595,6402.233809672366,6417.49760858771,6433.756009481862,6450.904936855649,6468.245801980755,6486.491669093029,6505.52280462196,6524.752157056695,6544.630067194833,6565.182990404358
T40000logg3.6,6195.060459178151,6115.772453701521,6040.658763892715,5966.27872939579,5887.491799061501,5814.440588224767,5740.428877259833,5665.321238816516,5597.997402194384,5526.344928165297,5457.330798135561,5395.8920611328995,5330.657025378852,5269.385796858186,5214.8969755772005,5157.877227888892,5105.34957101419,5058.571666109152,5010.800816581594,4967.605199373542,4929.178774941131,4891.253551221027,4857.768451914,4828.237508939413,4800.3721932546305,4776.613123267259,4756.181122743094,4738.090400245986,4723.592579551293,4711.9999649522015,4702.983955652682,4697.115326174589,4693.6002072401425,4692.729481937802,4694.338345204928,4698.25224541025,4704.460673015741,4712.50286379443,4722.929279986909,4735.175009639256,4748.834485839743,4764.785004435681,4782.161376257895,4800.710533119566,4821.369655369477,4843.071774200254,4865.865440618132,4890.52861780968,4915.825471892741,4942.25336298291,4970.242836721673
T40000logg3.8,5685.752753241718,5639.279041292966,5590.360854648854,5545.020260961641,5501.659115011932,5457.093597884925,5414.97013654212,5375.025684287832,5335.182748362251,5296.857827635297,5261.150316166323,5227.17724127447,5193.123686778816,5162.283298487115,5133.500891820097,5104.815574905262,5078.9762527483745,5055.232368409706,5032.307961422334,5011.711578911101,4993.247327105817,4976.139554866868,4961.058905923673,4948.181115420319,4937.3480495180565,4927.874435889697,4920.826265489834,4915.761405215886,4912.236616587548,4910.806087434144,4911.205476784759,4913.180648679979,4917.156154934103,4922.716089935085,4929.939960949225,4938.923341747644,4949.261663629342,4961.190945066217,4974.48023794643,4989.05206103314,5004.953952689603,5022.166712817229,5040.569625720263,5060.024304716148,5080.713243773557,5102.600238958525,5125.274375187636,5149.036322437687,5173.921609041257,5199.390193914202,5225.819413418593
T40000logg4.0,5981.722209011073,5945.8182021428165,5910.618413694582,5873.638950340698,5839.27912377452,5806.048856478485,5771.543429697465,5739.095722609286,5708.225741393239,5677.622256897654,5648.139382033981,5620.781736681815,5595.033443356436,5569.376333219322,5546.1994988162205,5524.8235793166,5504.288572180042,5485.668049603489,5469.008242206348,5454.070611085938,5440.195982336614,5428.623717710575,5418.942533213654,5410.57549526439,5404.268628998978,5399.728236186827,5396.763524342701,5395.587677975322,5395.937021206808,5397.832843322604,5401.162655949509,5405.987193127782,5412.194873050758,5419.783023291095,5428.923222525128,5439.135669768356,5450.690398147158,5463.525959616429,5477.316445706847,5492.12660724007,5508.146421233514,5525.1406717984255,5542.908543706581,5561.704147147433,5581.639734394144,5602.123916296666,5623.516434522433,5645.750961140036,5668.583608882226,5691.940379699962,5716.084940295052
T40000logg4.2,6123.244882205358,6086.010003573804,6050.7463980125885,6014.401996105687,5981.406378880453,5950.294098963334,5919.071679318007,5889.8233897510945,5862.636914403945,5837.062122452766,5811.4812501185015,5788.742373790549,5767.882203527948,5747.843699689589,5730.012854312513,5714.166770997604,5699.988792757852,5686.998917852276,5676.244579039062,5667.379209871842,5659.730525108767,5654.161013139977,5650.324785258071,5648.13259860079,5647.736220016643,5648.946918717984,5651.854818602925,5656.136074510197,5661.942232536182,5669.027824746537,5677.456105900691,5687.333717204385,5698.199425383022,5710.4831555844285,5723.769402625631,5738.1359897536995,5753.472701111356,5769.839852150747,5787.214741147154,5805.169941929171,5824.183010686206,5843.962327674526,5864.387304938411,5885.63522749243,5907.615511073486,5930.3557776479265,5953.5589654814,5977.49894410662,6002.075241373687,6026.956537309841,6052.482260237434
T41000logg3.6,6037.802375094026,5966.405748372994,5889.625709932743,5815.609436400063,5743.507398329281,5669.297834231509,5596.409062045223,5526.91671613572,5459.165537430113,5389.613334218015,5325.367982364031,5264.1882342961735,5201.9889281177875,5144.586441616235,5090.623328449571,5037.3283653468725,4987.605917485311,4941.632521525357,4897.998188884468,4856.435651609004,4819.141470653782,4785.071125894999,4752.78895480566,4724.704213069232,4700.044024637736,4677.66251265242,4658.928667382025,4643.478467194481,4630.680475828297,4621.006863702611,4614.295960072423,4610.324018883409,4608.939538885794,4610.190865972731,4613.843258820607,4619.909763684811,4628.138471161545,4638.364911604196,4650.674743883259,4664.983353469043,4680.815177048382,4698.404193074482,4717.905896908532,4738.5675421418,4760.68172362255,4784.518113421684,4809.342296323445,4835.240378222146,4862.6854646652955,4891.101893014686,4920.22858158036
T41000logg3.8,5455.354043498328,5419.022110318151,5380.327023825256,5343.680814491993,5308.210185325344,5271.608309365232,5236.2909978111875,5202.676304300193,5169.530519140704,5136.740340614933,5106.423868540972,5077.7520275612505,5049.020694503953,5023.001256865052,4998.902727706408,4975.323311822386,4954.036353641103,4934.768175344595,4916.703084910301,4900.621705679765,4886.674348665647,4874.556395473374,4864.013824006236,4855.735871078304,4849.408056965479,4844.8029952005645,4842.249811221201,4841.568689287168,4842.603523015546,4845.508274759467,4850.0232698315485,4856.205573636861,4864.2774083352615,4873.681286585931,4884.623928928371,4897.303952108937,4911.115960274904,4926.1754449958,4942.844918776067,4960.5087329174685,4979.166534430732,4999.186979235311,5020.356319477909,5042.243690223986,5065.231275744489,5089.533491896935,5114.28712782136,5139.931989716651,5166.730201732727,5193.915017667483,5221.695797915719
T41000logg4.0,5881.628113912249,5852.808047929856,5822.921953643588,5792.7012051240745,5763.600418216179,5735.055421954664,5704.861657942762,5676.645936741871,5649.5225670318305,5621.954642749681,5595.923651565232,5571.4336353241815,5547.782949750664,5524.681500982587,5503.614826409258,5484.055409149989,5464.850684386286,5447.7245665820665,5432.235994978861,5417.746338753646,5405.010657908885,5394.029854046573,5384.690315613893,5376.558948202762,5370.396285168065,5365.917792845931,5362.847854455577,5361.514484406778,5361.701274886537,5363.329877603157,5366.61692233673,5371.199414208591,5377.291971540074,5384.730547007592,5393.4607080852475,5403.427294185894,5414.758045099469,5427.268304866924,5440.723209299304,5455.350255330328,5471.218267521051,5487.794970205693,5505.454974763794,5524.136331997089,5543.592146545817,5563.820254318571,5585.051149077989,5607.093349521237,5629.616225158747,5652.933197952364,5677.0702320674445
T41000logg4.2,5933.059211160606,5897.3603336582355,5863.542370205343,5828.720596884234,5796.750401547794,5766.563175590035,5736.557066289985,5707.90738757507,5681.3891323654425,5656.533286135828,5631.7244986421865,5609.537781621786,5589.254015388845,5569.969801409087,5552.584743167356,5537.232731802129,5523.730117205652,5511.185179888937,5500.91138376718,5492.426447554702,5485.453543540095,5480.358801462365,5477.004193685293,5475.548679651565,5475.362645008164,5477.060105595582,5480.359777084379,5485.164363259714,5491.531231956887,5499.099573583002,5508.209654374551,5518.473296788971,5529.949345885901,5542.627524284602,5556.586315200371,5571.690346369427,5587.60104486225,5604.740274148991,5622.816881967184,5641.589738564361,5661.272351368619,5681.8671904952125,5703.274081589694,5725.259621375093,5748.174482108149,5771.885641310241,5796.020810140214,5820.948833674008,5846.363350723284,5872.340113471858,5898.621425301314
T41000logg4.4,6673.774784905469,6652.085168901667,6631.3893955967715,6610.0611189825,6590.04190347386,6571.044293098559,6552.686257948031,6533.9731987129935,6517.0059822482635,6501.114094928053,6485.462802386945,6471.298145437218,6458.434610312343,6446.727102873978,6435.486505533737,6425.920800489194,6417.594936963762,6410.060794930806,6403.991620643664,6399.175759160223,6395.662722673392,6393.082942908756,6391.941720695048,6392.063323027278,6393.2203821361645,6395.747346388931,6399.305218334584,6404.0702877774265,6409.81164462394,6416.551303505765,6424.254241245053,6432.921187485662,6442.659683850147,6453.122625917923,6464.63253674661,6477.017382346225,6490.1217007299465,6503.977490997209,6518.618482629255,6534.071989433645,6549.982805238918,6566.699036490982,6584.10349198172,6602.030235039799,6620.5795595038635,6639.6889450617155,6659.483782149382,6679.591640588872,6700.273366393546,6721.435646050367,6742.913254900932
T42000logg3.8,5608.1852818202,5567.256044550303,5524.2187668683055,5481.633863145722,5440.392939766057,5399.493561285711,5356.670185909369,5316.700158982722,5278.191921472366,5238.52875778553,5201.604956763082,5166.666263499965,5132.024375158213,5099.214943561646,5068.7293122509,5039.894397971701,5011.5403871183,4986.047804656786,4962.624902894081,4940.0308297161,4920.016523605676,4902.218095095796,4885.917783655122,4871.855668164496,4860.042176838711,4850.260860063275,4842.2265091453855,4836.45643415434,4832.692409460306,4830.7672208082695,4830.800736223655,4832.689816629181,4836.339509633179,4841.897052677148,4848.957420363166,4857.684249965899,4868.123525944382,4879.836878035636,4892.950219636293,4907.700423867486,4923.582436945765,4940.591232998491,4959.013539751578,4978.694300328326,4999.205691085415,5020.902782617076,5043.9344764096395,5067.566818787347,5092.119449268893,5117.781151111926,5144.050163056993
T42000logg4.0,6012.490433974164,5969.036053825415,5929.205116505435,5888.4017765633425,5847.0245457635,5810.398572832352,5770.049060584729,5731.499641673666,5697.191283450809,5659.948013574057,5625.122139795053,5593.889391450962,5560.904310331897,5530.5750072015835,5503.089566289424,5475.028498545016,5449.594598661227,5426.369638137545,5403.479728171515,5383.154088217826,5364.627915265801,5347.16409876407,5332.410568786505,5318.781859918229,5306.955655089931,5297.780851418331,5289.388014815704,5283.131085890316,5278.977168198297,5276.130230515801,5275.124483801323,5275.916943045404,5278.147075582084,5281.985793923279,5287.391810521739,5294.332243265535,5302.492265353301,5312.151977618823,5323.275215289113,5335.296728745059,5348.737058654,5363.558551007374,5379.136709971967,5395.915539217499,5413.994451943193,5432.715979061363,5452.547524746921,5473.450909916066,5494.828031610076,5517.403828653048,5540.64884016595
T42000logg4.2,6268.900382415364,6242.164260206728,6217.759515550251,6192.508365983361,6167.069744433981,6144.626367980629,6119.805243659045,6096.284491202342,6075.409884315186,6052.941194133293,6032.112936362461,6013.511408615434,5994.225673498606,5976.70262485815,5961.006034760465,5945.360156453744,5931.504535878428,5919.132603908427,5907.411149874535,5897.424598390322,5888.775585846869,5881.207720740517,5875.323788679672,5870.598613791831,5867.245823589435,5865.475449491165,5864.695773614093,5865.389853997219,5867.24281158685,5870.511382783493,5874.929192374377,5880.3408987742305,5887.197547332308,5895.002871561217,5903.742872656555,5913.895534646089,5924.7056735290935,5936.506639601561,5949.600637930661,5963.069853511301,5977.649049759807,5993.309712060501,6009.229502347329,6026.272692363025,6044.1969670772405,6062.358047001664,6081.540689876126,6101.3867661257555,6121.398529737028,6142.443230457635,6163.830192564975
T43000logg3.8,5911.463677958904,5856.186478959157,5803.433422657397,5751.633436220314,5696.088397172302,5644.087931766643,5592.238902735907,5538.897100171985,5490.163433763137,5440.360413148471,5391.2346249879165,5347.600462270878,5301.354283444069,5257.673944966816,5218.936688437378,5178.413009552265,5140.80550127173,5107.512525007283,5073.279741328672,5042.13709889959,5014.69640497683,4987.289657920576,4962.981532391589,4941.843007115096,4921.612159325193,4904.335675304993,4889.791246791464,4876.798751560416,4866.450111414741,4858.572924551219,4852.56500923067,4848.832320169581,4847.364179700826,4847.830490205603,4850.259835390577,4854.610082918559,4860.866675800552,4868.68356500822,4878.331695214055,4889.651662204232,4902.139762455389,4916.535492895563,4932.259895940383,4948.875669809821,4967.43057582302,4986.968810378122,5007.288331300552,5029.390483311643,5052.177526580922,5075.758404957826,5100.8794181146195
T43000logg4.0,6239.695676839152,6199.226465068308,6159.122282733699,6117.15489625819,6075.217794755255,6034.603178947939,5994.789287189075,5952.791605399846,5913.208409179075,5875.1025122454475,5837.1036212171575,5799.891850551439,5764.993170821993,5731.867972880206,5698.483358225422,5667.67497931923,5638.912216662357,5611.674119153778,5585.209317739914,5561.474378455426,5539.814509359579,5519.095047757014,5500.801514300989,5484.641150475678,5470.524324972768,5457.531735413535,5447.017291822867,5438.472934563645,5431.331112610659,5426.282181049701,5422.972177693823,5421.531830115191,5421.351917738039,5423.055075451412,5426.341793342589,5431.008105010663,5437.340957565244,5444.927448876173,5454.022300390708,5464.205344810914,5475.745144628727,5488.424404489141,5502.294729928353,5517.406278223078,5533.429389123235,5550.638699004113,5568.714142444923,5587.857753544421,5607.768693581016,5628.6213760806,5650.361404290618
T43000logg4.2,6229.268716743841,6196.469891803781,6166.809918132864,6135.803267180472,6104.951859081597,6077.729383777868,6047.720316043809,6019.372300039333,5994.185062449312,5966.987609586737,5941.876388075597,5919.318082897574,5895.927935617886,5874.682625800907,5855.4485175518885,5836.273918824207,5819.206503103193,5803.727801645384,5788.965566607708,5776.2363298069895,5764.848335881237,5754.670725667075,5746.87082882956,5739.4074525895885,5733.892044046692,5730.233530610416,5727.579498655194,5726.568276474639,5727.111296994762,5728.866229555399,5732.034626525314,5736.564285997835,5742.450629420791,5749.432678788083,5757.726309721702,5767.371876771682,5777.773439775204,5789.4962551499575,5802.44588521052,5816.06286766074,5830.695804153543,5846.52299993068,5862.967358695202,5880.289606376172,5898.656657316379,5917.486699049471,5937.4015084195,5957.96585257181,5978.9784532822705,6001.101423164758,6023.485345909954
T44000logg3.8,5907.297188522293,5855.837183858048,5806.485923886745,5757.764475941023,5705.415802335045,5656.317210950853,5607.157558670836,5556.586133729962,5510.42439677814,5462.95645043382,5416.237466635424,5374.682216919009,5330.615151117617,5288.97774242315,5252.021620026458,5213.310465954365,5177.407313453311,5145.6016811535455,5112.885094778353,5083.167420831428,5056.952083464319,5030.839627856723,5007.735002137846,4987.638574016432,4968.525444842362,4952.300538046834,4938.682190428264,4926.681853336402,4917.271235457603,4910.243318886235,4905.127751916753,4902.241518637774,4901.554861917308,4902.83727066213,4906.027762721586,4911.143942448487,4918.173896138082,4926.691568926021,4937.128647772571,4949.203387807948,4962.376183202738,4977.5553378562445,4994.013356048945,5011.314032919739,5030.622505740705,5050.868599267537,5071.854852487918,5094.676805383418,5118.122882539897,5142.346895646286,5168.145904170823
T44000logg4.0,5511.083630928085,5482.715674939983,5456.632505498702,5430.7220196732405,5404.115374093314,5380.059601684257,5355.358446388185,5331.0980111604695,5309.790397356882,5287.072556914736,5265.876880488805,5247.279623781965,5227.909693854411,5210.250779875367,5194.806728193412,5179.119950290097,5165.21410983916,5153.092346251395,5141.373743004785,5131.409198153081,5122.929554261005,5115.45035626253,5109.731677377957,5105.278773013501,5102.304788529726,5100.896023282784,5100.856351697419,5102.4257533145865,5105.223138125494,5109.639426152979,5115.558863469454,5122.479943754033,5131.058053859885,5141.045195375113,5151.743742000361,5164.284769636697,5177.961000132165,5192.1162987646185,5208.198424241756,5225.118222784021,5242.436121004149,5261.60268183966,5281.3562324250615,5301.569055943239,5323.467598123744,5345.653380768949,5368.501764822684,5392.751299359657,5416.979309709773,5442.077638096317,5468.238115430018
T44000logg4.2,5976.0908299413595,5950.21954937654,5926.47161389627,5902.272616895456,5877.667649664393,5855.952662295176,5832.099037630633,5809.422311357414,5789.38105530363,5767.9215102451935,5748.037413582253,5730.48038823344,5712.254138277092,5695.786221926916,5681.217436512217,5666.763575904255,5654.025430772789,5642.881182749811,5632.391217605849,5623.586401912019,5616.202363503424,5609.906541307512,5605.146257199648,5601.815554204544,5599.765723593107,5599.23767125149,5599.790409933503,5601.820800957589,5604.987255718149,5609.605833877617,5615.424076698034,5622.162609429199,5630.507704883687,5639.8192336983775,5650.002358284065,5661.712625462561,5674.152660304761,5687.47286136409,5702.212959134064,5717.355515014829,5733.552448369814,5750.974370765784,5768.552119681499,5787.371199016616,5807.146144656943,5827.012776972725,5848.0391670566205,5869.801434448992,5891.618384061959,5914.497260282838,5937.850756214563
T45000logg3.8,5760.495310718436,5712.023521029219,5665.520778041248,5619.879861189425,5570.731594779011,5524.597510268786,5478.811659820946,5431.596380222151,5388.354642586232,5344.610070955898,5301.320079792422,5262.864068412783,5222.407230609893,5184.115874942263,5150.182054921455,5114.878754007799,5082.065880709691,5053.102451476604,5023.404592445387,4996.426701157569,4972.794515672848,4949.277206126872,4928.557534884797,4910.740596967286,4893.885780540602,4879.745460651368,4868.156236362068,4858.1450257332135,4850.613689188776,4845.394363892131,4842.092801536578,4840.886954955906,4841.910991062549,4844.88736362927,4849.574221592284,4856.383432196016,4865.0227600275575,4875.0150119380205,4887.013958393239,4900.628703854517,4915.231270482168,4931.874315759113,4949.803336291196,4968.444054108107,4989.152318213509,5010.796184550672,5033.016050479444,5057.195689065807,5081.99248499567,5107.3639549265645,5134.453706275825
T45000logg4.0,5345.701756569123,5321.441918360795,5298.827255996274,5276.605571784049,5253.391066474896,5232.146939990417,5210.746248368116,5189.40409096867,5170.456383384761,5150.842815020139,5132.263760053445,5116.020566003298,5099.286866271386,5083.968713031587,5070.714740634955,5057.29590749783,5045.3980261481,5035.245532903181,5025.362616165135,5017.034606961764,5010.19840612541,5004.177063689555,4999.696865928533,4996.532349401082,4994.624974064543,4994.1552054845915,4994.951691910276,4997.256859163846,5000.7316504375085,5005.6743843638515,5012.102835050228,5019.433401785132,5028.415954932384,5038.756725793238,5049.791556122106,5062.516836823329,5076.433274223247,5090.813519438303,5106.982967389427,5124.082431236501,5141.492735557281,5160.766829044792,5180.702964371801,5200.954002997613,5222.962185136884,5245.393335843288,5268.22146356182,5292.587731287238,5317.098786636699,5342.165981774516,5368.489002489224
T45000logg4.2,5902.686453621293,5879.552536328964,5858.3116254667375,5836.896336618646,5815.050277810147,5795.664281404233,5774.763954737674,5754.740067811849,5737.064163841479,5718.263574993082,5700.807856563688,5685.54849780776,5669.575434556088,5655.216280426338,5642.611079060652,5630.073339539724,5619.042914899963,5609.4865713040135,5600.478266515965,5592.953405953073,5586.745858236717,5581.4907186172295,5577.575018392042,5575.041179825176,5573.628314973047,5573.520129858973,5574.563882396897,5576.897317732731,5580.303298527487,5585.013205230964,5590.891326720795,5597.590951763823,5605.8791416546055,5615.0838360942935,5625.066912824321,5636.568086154527,5648.793780450119,5661.814503440528,5676.230121976025,5691.101400553522,5706.915131583209,5723.971040053542,5741.246420314289,5759.6246731354795,5779.037612995372,5798.5010210925675,5819.1521640980445,5840.5666349098265,5861.98554781551,5884.491781785345,5907.527461534396
T46000logg4.0,5674.808386489624,5642.559754806935,5611.941600599521,5581.592246392665,5549.362790619226,5519.38028148649,5489.106423713728,5458.356552754335,5430.832135531453,5401.712362841227,5373.766752588988,5349.00216312798,5322.959084768747,5298.609833640488,5277.154458793813,5254.843394358103,5234.463071104941,5216.5931256769145,5198.480088068259,5182.36379964951,5168.412588610909,5154.897623371452,5143.33544645045,5133.692621629389,5125.037921091774,5118.18478760783,5113.156019173238,5109.42980130608,5107.307515539419,5106.986815977201,5108.11077599289,5110.758293423805,5114.937875498929,5120.689588822873,5127.723543466998,5136.299797227658,5146.295894823621,5157.257061669792,5169.943869796062,5183.726646722726,5198.298175138127,5214.6136191303585,5231.733144276626,5249.627580680551,5269.110490634842,5289.136182788139,5310.03311676501,5332.312123336324,5354.883524461611,5378.426872551112,5403.137234961182
T46000logg4.2,5759.423154764861,5737.969440696057,5718.154957629667,5697.801194544942,5677.065047881725,5658.722725894749,5638.549594262451,5619.388148073702,5602.470589651401,5584.353527579771,5567.6209348492785,5552.8772026345405,5537.597691340724,5523.853411878202,5511.732486181847,5499.744805689038,5489.254629001311,5480.111595326189,5471.598314098353,5464.563761879879,5458.722256120762,5453.924548920678,5450.484709296349,5448.310613509054,5447.368312746814,5447.76382766593,5449.234904600513,5452.116577692343,5456.031761907583,5461.37113434443,5467.909799977771,5475.266930113579,5484.263851037048,5494.218855550235,5504.933271200195,5517.240577563786,5530.277435106122,5544.080289155431,5559.379938807702,5575.090839467217,5591.763956057726,5609.725299922126,5627.834029759366,5647.129774421414,5667.43588929505,5687.758924158787,5709.305062726122,5731.596372021304,5753.864810013156,5777.269861438554,5801.169027474501
T47000logg4.0,5741.855740683567,5707.936595789674,5675.473430044255,5643.174940423579,5608.635966631394,5576.3347712157465,5543.667463496287,5510.308656110171,5480.251773461926,5448.5384037753975,5417.876824500886,5390.607416326393,5361.790940744272,5334.724904833891,5310.7612281554675,5285.712894848951,5262.693031821399,5242.351543703525,5221.597867584297,5202.9600252565415,5186.614537665502,5170.6038400789785,5156.700652701984,5144.804815968023,5133.8683864053455,5124.9395646468565,5117.847841460437,5112.137549112227,5108.212779354058,5106.111167485035,5105.552924148665,5106.64314476681,5109.325096410956,5113.664034713864,5119.417022137766,5126.687876953923,5135.514034912022,5145.401939028312,5157.002694090231,5169.83857315999,5183.494883306672,5198.951317851737,5215.327542566315,5232.461042319209,5251.273556241414,5270.739522642934,5291.006801931854,5312.756121426875,5334.878846751899,5357.915232324822,5382.197202682515
T47000logg4.2,5691.208180193723,5669.425503297126,5649.601059957514,5629.028298862625,5608.392247431622,5590.261475808171,5570.247795634364,5551.406399789456,5534.781116187269,5517.021449571852,5500.689745737458,5486.254471337672,5471.368293618659,5458.017566290813,5446.181780925852,5434.533512142633,5424.387405046422,5415.448030542285,5407.190425549425,5400.415927505834,5394.6705439694915,5390.0221413889385,5386.735531779532,5384.578024807672,5383.706780465595,5384.148810755092,5385.625775892875,5388.530855528252,5392.408713230278,5397.752121286477,5404.272381856446,5411.576252501668,5420.502471597062,5430.391573589799,5440.989645192236,5453.187056052376,5466.102121704196,5479.750305087963,5494.898765361796,5510.435834138149,5526.941045854494,5544.717879349704,5562.603423770816,5581.748729649567,5601.858554651923,5621.998742999875,5643.365520562365,5665.466334055404,5687.55064398834,5710.793532286339,5734.506805257545
T48000logg4.0,5926.635679678831,5888.535828539388,5852.260855841645,5815.3081159548055,5776.287280250278,5740.277543627452,5702.309526872661,5664.352947826309,5630.31948349566,5593.361510122659,5558.120032099729,5526.589489169224,5492.844909152167,5461.341189487024,5433.02775997083,5403.4390251366995,5376.247842498995,5351.680148733649,5326.780881209541,5304.317632939837,5284.007565144636,5264.225705495436,5246.861070226423,5231.3381401482475,5216.993226680216,5204.994571214195,5194.603176310102,5185.831872536409,5179.414447820606,5174.129426384901,5170.8386886205835,5169.459882539254,5169.571677648256,5171.464275820345,5174.879877336997,5180.033838036729,5186.6650690969955,5194.6045470893605,5204.252605090117,5215.116537102712,5227.163722998209,5240.863719649662,5255.431435733543,5271.253633174792,5288.555935422878,5306.453959236563,5325.598707509078,5346.037075736667,5366.814112770366,5388.889671952554,5411.997250671657
T49000logg4.0,5654.488102278678,5620.358739713294,5588.090238279034,5554.979011808756,5520.328505095466,5488.791122201992,5454.774720956851,5421.329928472832,5391.395001751644,5358.955081419731,5328.229526403266,5300.796163437876,5271.554423477954,5244.4663245352385,5220.134803499186,5194.9380373089225,5171.967686011564,5151.23144310288,5130.507185341803,5112.028294043613,5095.386405290033,5079.50217263693,5065.811958913377,5053.79345035391,5043.0596639569685,5034.554572072521,5027.347628512188,5021.894657524927,5018.463909959557,5016.37542134328,5016.127159533317,5017.50062444502,5020.602237663526,5025.288003750252,5031.346070869477,5039.199456404257,5048.386379443201,5058.780494449811,5070.956442605327,5084.127385129358,5098.514173285435,5114.541860961039,5131.221270683683,5149.245155682481,5168.671076411951,5188.452110056727,5209.720403985294,5232.100797861243,5254.685597770096,5278.695865081064,5303.570401437397
T49000logg4.2,5714.024571771456,5692.228477872781,5671.653640081781,5650.5550675897975,5628.558308213648,5608.7147392764255,5587.12862476802,5566.159863113261,5547.507325240342,5527.396086386069,5508.552504901207,5491.877872393193,5474.288380283983,5458.221310794785,5443.9666334366875,5429.449963470071,5416.4548084417465,5404.952917039391,5393.759504772609,5384.059676319113,5375.6742117566755,5368.060521732474,5361.874931186719,5357.00629900117,5353.210275763247,5350.928752537615,5349.644088339201,5349.778797381429,5351.279938059112,5353.89014405745,5357.9235437575,5363.020882381222,5369.626119621727,5377.381739943475,5386.07964004858,5396.322851626016,5407.490157579156,5419.56367825201,5433.133514508381,5447.335671617016,5462.550908452925,5479.110368297934,5496.055524898588,5514.109483194589,5533.327801115633,5552.740588138172,5573.339069774212,5594.879166421776,5616.552183594526,5639.3326453016,5662.851056325299
T50000logg4.0,5661.2141813025555,5628.398989679034,5594.864488729039,5559.208002510861,5525.186533044965,5491.75607099821,5456.500025678397,5423.135698401603,5391.067257952832,5358.848416588855,5327.703070101364,5298.4515471746245,5270.533978060261,5242.435596605123,5216.716796478277,5192.633231862248,5168.9445591520835,5147.112977386101,5127.086609434893,5108.414756195756,5090.7153253371835,5075.197358945894,5061.440341384218,5048.793366676086,5038.240419569688,5029.529984859877,5022.33166662532,5017.041500591804,5013.536608753422,5011.842585901579,5011.693190748259,5013.346981941594,5016.663224603978,5021.620255428489,5028.2299355313025,5036.239065385048,5045.812323446851,5056.960299172596,5069.282950914833,5082.960845193103,5098.093614978122,5114.328837509217,5131.608186205655,5150.203805203064,5169.990728510224,5190.535112189244,5212.198650613068,5235.024287022004,5258.4939402795635,5282.760401048554,5308.066837599754
T50000logg4.2,5907.459233756561,5882.539951700194,5857.72025581488,5832.306471293601,5805.6406523305595,5780.186841934031,5755.269849586863,5729.427471422505,5704.727438879525,5681.146555087771,5658.479422364082,5635.320926197866,5614.108056280139,5594.136317688958,5574.555133828269,5556.2200251847225,5539.357926224561,5523.8037327067295,5508.677689214004,5495.31724286452,5483.383209073313,5472.627612533354,5463.032338902897,5455.082931878118,5448.617819201271,5443.240717254568,5439.494233427221,5437.170340888217,5436.403304042749,5436.720174397353,5438.595273127094,5441.836252130652,5446.351777392306,5452.346855099511,5459.455308517202,5467.940386279573,5477.508294922455,5488.267235813664,5500.0541815476445,5512.988501864869,5527.1124429333895,5542.030282051536,5557.985802117119,5574.906610602686,5592.788297367923,5611.351298582051,5630.896715777711,5651.307933507141,5672.330579377349,5694.061699829234,5716.587518283359
T51000logg4.2,5993.295615129368,5966.552670403271,5939.916418114302,5912.662625830109,5884.030453253933,5856.705475955984,5829.951313831835,5802.206688443544,5775.654638071731,5750.286019366684,5725.874656756786,5700.904983265342,5677.984797880582,5656.367049007595,5635.145393372148,5615.206703916721,5596.82912534485,5579.82299989673,5563.240482165291,5548.509763847452,5535.280790581999,5523.289628354674,5512.476258577082,5503.410731600719,5495.90124104128,5489.526079876518,5484.844321638734,5481.65657560591,5480.092493448659,5479.616781530431,5480.771608317361,5483.340536837946,5487.218441659783,5492.608561443932,5499.156790792258,5507.125251186033,5516.184493626482,5526.473490265069,5537.821296218604,5550.349595492579,5564.069329168323,5578.615783584638,5594.22287002709,5610.803932272087,5628.364357517822,5646.6255243696605,5665.891614720792,5686.014055278088,5706.7678064998845,5728.238716757463,5750.509789041079
T52000logg4.2,5472.368532649635,5452.467278027585,5432.923395440938,5412.980376975399,5392.595213236219,5373.224371912477,5354.462406609396,5335.202338316638,5317.070099426425,5299.9883858761605,5283.793054459215,5267.543659039035,5252.942210994393,5239.466299976146,5226.538247465215,5214.760921982707,5204.249709273407,5194.86719211328,5186.167321254,5178.888661235372,5172.837523921644,5167.868921761503,5164.165218007519,5161.769414039851,5160.673417328856,5160.81842339916,5162.284900718785,5164.99025886574,5169.072509094353,5174.428171508133,5180.958072105883,5188.697651223996,5197.783719556168,5208.076969086744,5219.324286172841,5231.812818501229,5245.4931943741,5260.043042174794,5275.50115310542,5292.1173918176655,5309.76551042671,5328.0307193965855,5347.267328176938,5367.519813366864,5388.466932914466,5410.038590966464,5432.508507331411,5455.916620476323,5479.675557084031,5504.097215066359,5529.28353962468
T53000logg4.2,5657.8280604328065,5635.750061221484,5613.807585554388,5590.757327028112,5567.775913538323,5545.554404795056,5523.859849629594,5501.141134156768,5479.934109644407,5459.711132552732,5439.717821993402,5420.479213604926,5402.629492600841,5385.91650275614,5369.291225873882,5354.209291655573,5340.357682094423,5327.418032178393,5315.245133855709,5304.5810469960725,5295.1991544086695,5286.6028326505475,5279.496007553397,5273.747048610087,5269.383912964146,5266.028896292229,5264.22327301705,5263.797058492017,5264.622827427333,5266.909539228126,5270.449245458224,5275.44891874057,5281.649789028177,5289.129364408694,5297.816889135405,5307.782820402653,5319.035966559569,5331.206588506201,5344.61991537947,5359.135347947658,5374.581219040916,5390.918129680054,5408.364413353528,5426.831346884295,5445.9293736415175,5466.015593866395,5486.9947551981695,5508.701422200927,5531.00173760524,5554.142596983709,5578.140917397808
T54000logg4.2,5925.762432839997,5897.900938583906,5870.263155484625,5842.617374488528,5812.740147184969,5784.292468411076,5756.526344655338,5728.613930301074,5700.620436841495,5674.254643614716,5648.99382525108,5623.529258672916,5599.58779361851,5577.117635641522,5555.884685268858,5534.719927597183,5515.530553354588,5497.793827410677,5481.005101940227,5465.392348990479,5451.5234029761605,5439.197354254254,5427.8160028925495,5418.1997454304665,5410.187988465801,5403.825706957097,5398.502747011419,5395.013601506597,5393.057371027618,5392.541444647566,5393.5918835618295,5396.066202775206,5400.003307919806,5405.331335225242,5412.082474858155,5420.0316878846015,5429.438589811019,5439.987746701797,5451.713981068141,5464.528987542383,5478.569126560688,5493.771494846483,5509.7916572916,5526.899026933241,5544.988134754598,5564.039980605748,5583.78082889133,5604.519861252667,5626.133958665659,5648.35993260615,5671.24613422548
T56000logg4.2,5491.715669968282,5464.156063019869,5437.780852580817,5411.634227521107,5384.405749763577,5357.533364852025,5331.762977481107,5306.83889653617,5281.34278022298,5257.430270953836,5234.9187774182665,5213.623243681403,5192.395125860827,5173.166467200268,5155.418185036772,5138.892579098653,5123.019116153531,5109.086750614416,5096.648250461247,5085.27140631687,5075.480993622916,5067.319804933981,5060.729778616177,5055.412517307544,5051.8046862533765,5049.746269506829,5049.274368136022,5050.226843062275,5052.7703986077095,5056.7501940328275,5062.301579601672,5069.3481737015045,5077.709649015734,5087.39307990662,5098.505287709868,5111.032575512188,5124.553657940598,5139.251433723754,5155.335357884859,5172.463745348925,5190.417986900035,5209.523301188446,5229.772611813057,5250.784582949663,5272.538388119566,5295.290507603121,5319.1128153794225,5343.42178780772,5368.395454913031,5394.33555215505,5420.9993909746645
