,vsini60,vsini62,vsini64,vsini66,vsini68,vsini70,vsini72,vsini74,vsini76,vsini78,vsini80,vsini82,vsini84,vsini86,vsini88,vsini90,vsini92,vsini94,vsini96,vsini98,vsini100,vsini102,vsini104,vsini106,vsini108,vsini110,vsini112,vsini114,vsini116,vsini118,vsini120,vsini122,vsini124,vsini126,vsini128,vsini130,vsini132,vsini134,vsini136,vsini138,vsini140,vsini142,vsini144,vsini146,vsini148,vsini150,vsini152,vsini154,vsini156,vsini158,vsini160,vsini162,vsini164,vsini166,vsini168,vsini170,vsini172,vsini174,vsini176,vsini178,vsini180,vsini182,vsini184,vsini186,vsini188,vsini190,vsini192,vsini194,vsini196,vsini198,vsini200,vsini202,vsini204,vsini206,vsini208,vsini210,vsini212,vsini214,vsini216,vsini218,vsini220,vsini222,vsini224,vsini226,vsini228,vsini230,vsini232,vsini234,vsini236,vsini238,vsini240,vsini242,vsini244,vsini246,vsini248,vsini250,vsini252,vsini254,vsini256,vsini258,vsini260
T15000logg2.0,53.672980311733156,52.09339135540074,50.625226095013524,49.5616417305377,48.123776310698204,46.786921759368056,45.80363469404955,44.50358292337088,43.29384224014098,42.39209176435169,41.221529196172554,40.13104213178164,39.30854081721412,38.256993500043535,37.276178398616885,36.528619507123594,35.585011338781264,34.70388938781769,34.02603279041265,33.17970602602627,32.38872186997236,31.775120620491847,31.016333276946956,30.30674884860391,29.752159757132468,29.072260562216428,28.436271709819533,27.93583835956315,27.327203710776438,26.757862315151122,26.307131416187808,25.762968915223937,25.254018674220337,24.848869839540804,24.36303336514389,23.90877214293561,23.545355397491477,23.112256592469684,22.707504504127332,22.38224983652168,21.996862331509256,21.63695653070451,21.346595021218192,21.004424230492138,20.68519118908156,20.426757343019048,20.12380141698797,19.841531393418492,19.612362627439577,19.345092078709236,19.09652189424126,18.894259361559985,18.659573610194606,18.441823822297785,18.264374169258502,18.059506812019986,17.870003832671575,17.71548500899478,17.537937534276104,17.374359735157462,17.241058772232986,17.088556437576333,16.94878793237861,16.835124795639416,16.70558033059315,16.587668276784942,16.49216010303484,16.383638590972232,16.285759665972048,16.20699632866609,16.117700400256947,16.038138828698003,15.97476974136791,15.90301064619521,15.840133478238151,15.79085472725351,15.735028262728775,15.687266909004341,15.650810084162153,15.609372451183814,15.575210859570738,15.550334244899593,15.521791107309271,15.499764708465587,15.485254757309544,15.468168357879055,15.456877556083535,15.451558398406537,15.444561577943901,15.442679728457755,15.445418509990608,15.447207419617259,15.453460863828148,15.463154664349704,15.472457486181703,15.48560084717169,15.501161973975787,15.516727327027498,15.535540823604594,15.55590189433381,15.5765089157278
T15000logg2.2,66.32280217143946,64.52817558053177,62.85891923050771,61.65078526370813,59.99706688241024,58.45920243638821,57.32911354007377,55.817209039422615,54.41060463864869,53.36298323743109,51.987749916450014,50.70718384060456,49.74192080338652,48.49477514855373,47.33219816426387,46.446373361934604,45.317210475909526,44.26341483420633,43.452621206741355,42.431141185277674,41.47686884855232,40.73613807850452,39.812600891246234,38.94911641830731,38.273448500747435,37.43894022276685,36.65820382592232,36.04278206425598,35.289206420757054,34.58386752374142,34.024125922016715,33.34413090190239,32.707461687464146,32.19908945920297,31.58594546138837,31.01175800067106,30.55067977147756,29.99824022528481,29.48089464895909,29.063309394777107,28.566039816589,28.10043312245148,27.722831311721905,27.2757356447359,26.857239577346988,26.51638237194246,26.114944544217153,25.739388688984135,25.43232110545311,25.072528496049326,24.736234224106482,24.460328502868435,24.13868832576472,23.838446397846006,23.591398335741925,23.304836093959295,23.037787136094234,22.81752762071743,22.56323663625254,22.326753529132752,22.13135603138149,21.906709879024802,21.69832014923292,21.52594029162497,21.32845002665244,21.145805146987286,20.99465775390817,20.821977845812626,20.662857734120177,20.531224714461707,20.38116906541447,20.243497357850533,20.129747149911953,20.00029050757273,19.882125738770572,19.78471216207693,19.673963647281887,19.57346873753684,19.49090719263893,19.397055421885263,19.312459061287115,19.243296385409224,19.164570091138927,19.09413675185939,19.036930444854093,18.971586647645033,18.913624155973327,18.86695276785205,18.813303206117833,18.766185692402868,18.72866654379767,18.685095648314686,18.647272960255393,18.617571699812714,18.58253878649792,18.55252857902263,18.529355111158164,18.501379970362176,18.47775777988954,18.459867733337518,18.43753582668367
T15000logg2.4,62.943155068636855,61.32702074777775,59.817564332001794,58.72214159166434,57.23044894695688,55.8374267666579,54.811158939641615,53.44501052273739,52.16864456308052,51.215756064394945,49.97085116647063,48.80678525079648,47.92742055208402,46.79637200922375,45.73769246973381,44.929449572676866,43.9035213628915,42.94226950121315,42.201400515588986,41.27167622069464,40.39980853251927,39.722029632219396,38.88006109438506,38.08996696776743,37.47093740662851,36.70899087185418,35.99365788473932,35.4291849368832,34.74021732707922,34.093206121376596,33.57929226099908,32.95687609673104,32.37227016652157,31.90512500114528,31.343356390700034,30.81569253191053,30.3917189790028,29.88518167318413,29.409444307789816,29.025260036825546,28.56901058623131,28.140614290462764,27.793063990901224,27.382608752140932,26.997376385857798,26.683538191398164,26.314815644100754,25.968984102051646,25.686194007294404,25.35558690571655,25.04582325950303,24.791700267953345,24.496034921062154,24.219407307425662,23.991841330710976,23.72829421025837,23.482166907588194,23.279242199824296,23.045229215588538,22.827173526839744,22.64709945001988,22.44020931081362,22.24794604905583,22.089013354184566,21.90697525175441,21.738347918242795,21.598908927709644,21.439589883023622,21.292570158129514,21.17104769339355,21.03246136931583,20.90514370613832,20.80003310512985,20.680322648832124,20.570911442054452,20.48077548470584,20.378185358068688,20.284964662818375,20.208411765246876,20.121246424283445,20.04255202343014,19.97821518516037,19.904816536592456,19.83902637584846,19.785558027578723,19.7243061619638,19.66984720053634,19.625925135087115,19.575254173820674,19.53061358656403,19.49495064620063,19.453354265877085,19.417080131524813,19.38842684020974,19.354463407273638,19.325168776967335,19.30232036543455,19.27461148329465,19.250970136374107,19.2327700888656,19.2100071364165
T15000logg2.6,54.63768770252175,53.245187271761544,51.944535937135704,51.00083686415139,49.720878844956616,48.52527738118195,47.64469914014865,46.47671570201114,45.38503296972412,44.57032283812997,43.509380375593686,42.516793161946765,41.76732685568761,40.80611583420556,39.90587556295304,39.21901506036276,38.349380646513126,37.5340966619308,36.906216137299175,36.120066286401965,35.38245500190447,34.80959237766988,34.09937280054331,33.432630388128814,32.91085052308827,32.269727237387684,31.66766992077353,31.1932412329125,30.615080768192325,30.072102107788012,29.641522151823747,29.12077439080662,28.631758068397247,28.241730611802424,27.773328278116026,27.333563368197964,26.980966937647032,26.560241453442448,26.165381474858627,25.847268524811486,25.469950401224168,25.116015848705203,24.829633858924094,24.49183754902113,24.1752080492779,23.918015302214112,23.61623592352465,23.333655270401657,23.103339138024435,22.83445368487978,22.583030457309494,22.3775215276845,22.138769771837275,21.915945030710006,21.73339786591112,21.52230612798586,21.325767223539806,21.164498632107833,20.97879858166934,20.806421423094726,20.664865038726177,20.5024615913629,20.352272569930854,20.228950351376326,20.087888722213474,19.958037322516272,19.85153709631846,19.729996808919516,19.61875031293623,19.52772577217904,19.424013136826055,19.32973869694892,19.252897459789427,19.165413399616114,19.086553350502093,19.022645212594437,18.94986090459141,18.884910982209384,18.832710943381347,18.7731327592872,18.720623339274987,18.678921465336238,18.63108979700701,18.589591196919105,18.557196159536296,18.51969001313904,18.487820367790988,18.463567192773557,18.4350180989264,18.41145126925967,18.3942072420029,18.37329893021962,18.356760114063913,18.34542429706844,18.330890871549038,18.32015508961939,18.313661264520707,18.30428651121076,18.29817709954556,18.295499313771064,18.29012499785301
T15000logg2.8,56.287862454157015,54.909425529059185,53.62014746712953,52.68397503936282,51.41497973997444,50.22795765264536,49.35302885007377,48.1932075492908,47.107611904772526,46.29682959263598,45.24159564008309,44.25294292429039,43.505884890968986,42.54833115946099,41.65024728560139,40.96451294766106,40.09685822360619,39.28226916848384,38.65444170297401,37.86889391021145,37.130783245529926,36.55708411281387,35.846357831382676,35.178156549383274,34.65481508482838,34.01227479403376,33.40796846899345,32.931376992821086,32.35104177373829,31.80517265173997,31.371938975461475,30.848403132211722,30.355987864828727,29.962914629284384,29.491228943366586,29.047662829059796,28.691708413098382,28.26730661579402,27.86833164816819,27.546613301694656,27.1652998001518,26.806995783630775,26.51680434905765,26.174737602204743,25.85351931289451,25.59233771084196,25.28604611798281,24.998688739579638,24.76422820879407,24.490624052753887,24.234267607403577,24.024479733649926,23.780825640925634,23.552921324707484,23.365966081746063,23.149793709884285,22.94804190586866,22.782243752342335,22.591310512905267,22.41361022905454,22.267419164450153,22.09965705546219,21.944060744220213,21.8160176236722,21.669506554417488,21.534197279229893,21.42291762230586,21.295870996300987,21.17914325001,21.083301682869628,20.974044728472958,20.87427923909311,20.79259433177609,20.699533745955627,20.615172149745188,20.546390285002126,20.467985240247668,20.397508592971008,20.340391865270526,20.275136609776986,20.217063075714968,20.170389613427147,20.1168125778772,20.069703257385328,20.032273090421768,19.98894992909829,19.95141933579639,19.92206206081506,19.887621007677254,19.85833794103248,19.83591489677313,19.809034326700043,19.786717867530346,19.77012075107268,19.74952852456819,19.732942641203,19.72109298304727,19.70555811469959,19.693509748678967,19.68536572972282,19.673717471820595
T15000logg3.0,50.1038991871123,48.96737360014504,47.902065697825286,47.127632698822126,46.07958058692336,45.097152414973706,44.37226269606243,43.41274781894553,42.512797356078636,41.840023336011846,40.9655970826315,40.14475323868894,39.523966441071,38.729298971478336,37.98264257959467,37.41210195919916,36.69113477561682,36.01316077109871,35.49028815773809,34.836925368822506,34.22213343908403,33.74402537619064,33.152531858113015,32.5957416789559,32.159471297598024,31.62460122446103,31.121044527556073,30.723784447748095,30.240779624203167,29.78609785547819,29.425162116789167,28.98969439411082,28.579885312436286,28.252724070031018,27.860816270203447,27.49216716829838,27.196341056176678,26.844297665530974,26.51333866907889,26.246507003190864,25.930885995726626,25.634388148740932,25.39432637654165,25.111955598340238,24.846948892808147,24.631576442230518,24.37956646344087,24.14335345123999,23.950756881219803,23.726509816882785,23.51667734723471,23.345127253740802,23.146326181890675,22.96071277202689,22.808644802335458,22.633195801549075,22.469841789327965,22.335823242694737,22.1818123097756,22.038919796200094,21.921618389531787,21.787281974329236,21.663191500281165,21.561360374970384,21.445074333121717,21.338246638492635,21.250708870011632,21.15096226695309,21.05994975400407,20.985577844710654,20.900948279845913,20.824372983376154,20.76207428528599,20.691205463209997,20.627737430590837,20.576439491680457,20.518009769287303,20.46634250383993,20.424977685442713,20.377683486830684,20.336533063529302,20.304039829434323,20.266604562029066,20.23472318086255,20.210058187164364,20.18124577962017,20.157428348710905,20.139570349406874,20.118183334388533,20.1012661878603,20.08921700886917,20.074098049164363,20.0629548074871,20.05573739594044,20.04576622095656,20.039306339407805,20.03596805770709,20.030063729473394,20.027236387742004,20.026858411199107,20.023993819040246
T16000logg2.0,53.432644431853646,51.83858544045091,50.37460439465971,49.32467368415962,47.879033329962,46.55119705891977,45.583952909390845,44.282077384083124,43.08540251268436,42.20161153562992,41.034398870289664,39.96025863788635,39.1571685013942,38.11326742831381,37.15126716384815,36.42406629746075,35.49144662612393,34.630783210543555,33.973716923245036,33.14076462480534,32.371116226408645,31.77826826184322,31.034383336241433,30.346371316917516,29.81212192657866,29.147953622114592,28.5332964861844,28.052528834882438,27.459941048514313,26.91136808103365,26.479470631756044,25.951312810371025,25.462363106768343,25.07512774533491,24.604997537416253,24.169834552146163,23.82335733805437,23.405480185942302,23.01883696891329,22.709516563212922,22.338760459205435,21.99594965690288,21.720523408638332,21.392354844201826,21.089224187770043,20.844762270367493,20.555189308976402,20.288084481129935,20.071984187734635,19.817517433857624,19.583243279413313,19.39321587747267,19.170793211520163,18.96653465941593,18.800555466565747,18.607445881343068,18.43069547601386,18.28695269001533,18.12069913120987,17.9692100143863,17.846067494906556,17.70445145444114,17.576192702884047,17.47215349739522,17.35314334757039,17.246245950567744,17.159907486867237,17.061631108799666,16.97435932004742,16.90439285897613,16.82511648510497,16.75583636171766,16.700967486317403,16.639060185153756,16.586216563476796,16.545216495518005,16.499138249856944,16.461240470276376,16.432917410992413,16.401184390711062,16.37678827989669,16.359973523697448,16.341153059444803,16.328867436377646,16.322419999121745,16.31514654026825,16.313653880748884,16.316475443742426,16.319464793031347,16.327526198113492,16.33856298358178,16.35059651517959,16.367028007588633,16.385255500862844,16.405147469414334,16.42878720359417,16.45318792940877,16.479752017543696,16.509443342938177,16.538999526313212,16.57105686225723
T16000logg2.2,58.726436500300935,56.99460127241289,55.423577983428935,54.314544907758105,52.73170067389546,51.29599511521378,50.26588607390919,48.830299177956896,47.52735713174793,46.57889089365017,45.283290999035344,44.10604200744093,43.237854953584254,42.071892444954514,41.01085568293748,40.21909031382637,39.17118618097832,38.21604374843787,37.49559270818832,36.55423930330344,35.6948880744068,35.04027704642446,34.19478847411392,33.421907705767694,32.82782091927553,32.068630193557794,31.373869314738457,30.83537646355837,30.154029690907006,29.529959662294377,29.042549321489762,28.43153009248455,27.871484380627116,27.430991820973546,26.88351633741209,26.38144035149164,25.9839780802442,25.493913994387686,25.04433563945002,24.68630703782252,24.248174990404273,23.84619286421132,23.524313683512144,23.13323229831967,22.774459726436653,22.48574223815335,22.137364791226332,21.81790561561946,21.55966420955481,21.250182381280187,20.96663360879738,20.736507728500822,20.462607463996335,20.211995202899637,20.007912556965607,19.76665621298593,19.54632543821289,19.36642071086426,19.1551344528562,18.962660383488696,18.805207794431507,18.62141835720491,18.454540200326555,18.317899655591717,18.159282719700755,18.015867266197006,17.898457309060426,17.762836797843544,17.640880475021877,17.541183275574397,17.42654083108761,17.3241675804115,17.240736250252432,17.145201981392105,17.06065365918609,16.992112979684407,16.913936579556278,16.845542212204045,16.79056585584895,16.728066701311594,16.674210716404705,16.63149652053542,16.583035973173214,16.54214623184306,16.51040809216666,16.474395496706375,16.444953912476574,16.422930552130396,16.39783488227816,16.37838741990159,16.364850704646607,16.34920961662195,16.338365605464954,16.33212308286511,16.32452743566501,16.320941074780706,16.320827385666608,16.31990513259623,16.322267161001108,16.327141859394967,16.331564959944238
T16000logg2.4,62.20445367973963,60.47234447938666,58.883726031677284,57.74886357352876,56.158222036427325,54.69960548983712,53.64102476400224,52.19172491219696,50.86206184837189,49.88350216327275,48.569650007090175,47.36310343400635,46.46402895587387,45.276432089131546,44.18451306080347,43.36171461297225,42.289761571301135,41.3029459058622,40.55181126585537,39.58480441909198,38.69360650161263,38.0090156597595,37.13692107255734,36.33247031255001,35.70933147873995,34.923084116454255,34.19734154597775,33.630846419442776,32.92236899150495,32.26810988094741,31.75379498318494,31.115859340465345,30.526553733229314,30.06026721395635,29.486308643624216,28.95599142170459,28.533839537132067,28.017882385471303,27.54112562835364,27.159486011315945,26.696145783950865,26.268047867991143,25.92358808072417,25.508022518459022,25.124170052564804,24.81384286684697,24.441724302715272,24.09818706985518,23.81924973369619,23.486771709394738,23.1801085628549,22.930145082387348,22.63399407837919,22.361194411656967,22.138081362275926,21.875310578653185,21.63367402325574,21.43549140578898,21.203401661774905,20.990442820417726,20.815399137596746,20.61147420554481,20.42486141493969,20.271245207504926,20.093107925185425,19.93063242821548,19.796790235518163,19.642207502189617,19.501788271624825,19.38613277504403,19.25302789251259,19.13272002560574,19.03374474741686,18.920190533534363,18.818168330248827,18.73444004981146,18.638624373494487,18.553151625224526,18.48328775100749,18.40346681101805,18.3328641654447,18.27550636780775,18.20997862906237,18.152608793279327,18.106413526806588,18.05351975369793,18.007797007053718,17.971443163285663,17.92958324283853,17.89398482624284,17.866183110004894,17.833822922525524,17.806888992123838,17.786385242046997,17.76205339116477,17.742377524991507,17.727951259782156,17.710228933742474,17.696449415133166,17.686922362235055,17.67445163180326
T16000logg2.6,63.5649127243059,61.8781539630337,60.32850940033121,59.21991933161836,57.66563829254508,56.23800859124095,55.20044297636424,53.779592369273814,52.473953250974894,51.51170360252044,50.21957824131641,49.03117474101389,48.144350557930345,46.97288981965342,45.89426443367617,45.08031124944975,44.01996277211354,43.04252710924862,42.297450206245074,41.33842418818818,40.45347398529547,39.77268391941729,38.90568451535461,38.10498570071022,37.48382943134597,36.70038206930672,35.976402193452486,35.410424553378526,34.702911521223804,34.048824132677304,33.533840848559116,32.89538787360111,32.30496868469393,31.837044079016827,31.26137045189079,30.72890546511534,30.304324872464317,29.78568953305435,29.305944499740733,28.92122398664184,28.454404885929563,28.02261892023295,27.67452805235966,27.254813793198924,26.866687506358737,26.552262606146925,26.1754301175191,25.827122165224335,25.543685432939114,25.206011387134772,24.894151255252964,24.639338593540817,24.337571421659625,24.059201242011984,23.830927303393604,23.562162139781037,23.314619620098995,23.110991109482036,22.872562767511972,22.653390689027745,22.472636001368574,22.262052302265975,22.068940987097683,21.90936430720335,21.724277944385964,21.5550437676403,21.415009745934697,21.25321876623881,21.10580473819707,20.98374229656549,20.84319584484163,20.715673423709575,20.610085207794725,20.48887075246507,20.379420315822028,20.288872943638648,20.185178160745732,20.09206061105941,20.01516337268636,19.92724002878592,19.848769425163834,19.78415226875912,19.710293394756757,19.644828285002696,19.59113778136687,19.529682445859873,19.47563501617333,19.431542244477743,19.38088906406496,19.33673286728981,19.300941923165183,19.25955466558139,19.223826615649713,19.195080246043315,19.161485391480557,19.132775123545237,19.109857841909133,19.082638790053764,19.059591353953518,19.04133598641154,19.019145525073757
T16000logg2.8,61.08825340840288,59.55520093419335,58.1444696197855,57.1358403732642,55.71975161377511,54.41695955708453,53.470727722115406,52.17305590082842,50.97872928809191,50.09913263166219,48.91618908045591,47.82654857192563,47.01404660018238,45.93909249898078,44.947891553589606,44.20053338381433,43.22543078675313,42.32534281564253,41.63984647310144,40.7561763646929,39.939710944602766,39.31222026369532,38.51193097223415,37.77194288427861,37.19848939680807,36.47418532423175,35.804089583054505,35.28082796122244,34.62581792040075,34.01960720354988,33.54289366370921,32.951098931555656,32.4032629818747,31.96964248030168,31.43548940621295,30.940940375892374,30.547126601402496,30.06547506456273,29.619517494871594,29.262402549893405,28.82855363226467,28.426893822634216,28.103576882486855,27.713259146044262,27.351992741552564,27.05979133081415,26.709155768327626,26.38478047169452,26.121260745043756,25.806904098860187,25.51633186803236,25.27933055351742,24.99826055855072,24.7387652253672,24.52635996057719,24.27589265571209,24.045009784690556,23.855446087242523,23.63311341775843,23.428563142631887,23.26019443542502,23.063691929887256,22.88333455816302,22.73458878189396,22.56174627949766,22.403559977697043,22.27292337914385,22.121705780976715,21.98378792869337,21.869809459922994,21.738317362808075,21.61887831362246,21.520170089144823,21.406621396344136,21.303964920979414,21.219191198035595,21.1218864831742,21.03437893558169,20.962233018527083,20.87951945758271,20.805570600821405,20.74476122446127,20.675027436454982,20.613089375651207,20.56234128590594,20.504016545136146,20.452589631045278,20.410649488473386,20.362218542187016,20.319860941220362,20.285506411612875,20.245515162728292,20.210843983461416,20.182887788410476,20.149945184736993,20.12163019831286,20.09892312317624,20.07169590720058,20.048454984848597,20.0299006432892,20.007127667976185
T16000logg3.0,57.97960879066582,56.60327070497817,55.32873591051343,54.41205928799701,53.13821114905403,51.958747541773576,51.09709053054875,49.9274362902162,48.84394601367551,48.041393744985754,46.97308695436642,45.982615189967206,45.23987148886685,44.2673255149577,43.36468012664716,42.68028217278123,41.796622235942635,40.97560381938477,40.34687987733795,39.544910681054205,38.79909502566146,38.222814388114756,37.49558883372114,36.81880205118247,36.291594507412164,35.63268294768689,35.01919654253289,34.537760916273925,33.9413267001678,33.38589527271457,32.94707605999069,32.40779783899584,31.905579539270384,31.50634723222313,31.01932403722417,30.56582142258284,30.203262825293983,29.76396765174158,29.354998929965696,29.026324778480767,28.63057470970681,28.262273831887747,27.96484583134282,27.608819157759584,27.277655779192898,27.009023482896694,26.689266675142395,26.39206316087259,26.149994944132416,25.86344107838036,25.597384923627544,25.37989079642575,25.123827032095836,24.886417523386314,24.69171452778678,24.463691505050768,24.25266199341322,24.079119238475133,23.876884118017184,23.69013624372801,23.53622313151833,23.35767117850394,23.193237836615847,23.057497149838426,22.900653230414065,22.75668134013789,22.637715747433298,22.50073042749237,22.375477743355813,22.271949830193034,22.153091559104617,22.044911323778337,21.955535464629513,21.853165510014378,21.760483688857,21.68401137571845,21.596552352774815,21.51784380460338,21.453046458844337,21.378957903721734,21.312730603648877,21.258388912700774,21.196163204269272,21.140964013174575,21.09587435207152,21.044046111997847,20.99847156301578,20.961454824777842,20.91861234762481,20.88131048129484,20.85121408714863,20.81599701444817,20.785667830051327,20.761368876829934,20.73247469560889,20.707866915377632,20.688276558843082,20.66445587993067,20.644366468540422,20.62844402649649,20.608517442202924
T16000logg3.2,60.63241924659153,59.237858122755775,57.965011301328104,57.06557409289308,55.770738353495574,54.58907664864463,53.74027286596373,52.54758300405075,51.45859431989851,50.66486537316045,49.57220908312172,48.57359260044437,47.83611606775163,46.838582267745146,45.92576954794255,45.24358697227336,44.334856574519605,43.50220575988271,42.8731441554824,42.04647742130359,41.288050605896615,40.70934783027197,39.95812491197674,39.268131656285036,38.73682616734654,38.05484963199635,37.42786671881712,36.941014099909346,36.32258497588711,35.75359509715477,35.308339212369845,34.748207854548625,34.2325427868885,33.82611077304573,33.31939672713935,32.85267488785212,32.48235945125812,32.02448826574462,31.60258524288313,31.265749736545704,30.85246219245052,30.471531970988828,30.16565009356198,29.793024771770547,29.44953771309785,29.17224381489433,28.836747559955526,28.527533368295877,28.27667168486919,27.97517078187879,27.697418492937775,27.47105797334553,27.200775627394037,26.951989256451757,26.748400253616346,26.506844272336725,26.284762193716773,26.102359017608247,25.88722823874156,25.68975177865258,25.527040470136058,25.336190291908196,25.16135214380437,25.016905694151095,24.84832357436715,24.69426569062984,24.566708111834664,24.41850494719845,24.283472345985018,24.17147688862979,24.04188304073073,23.924215358042687,23.826501594877172,23.713839372785216,23.611945075372876,23.527262891393956,23.429914501049993,23.342246752495758,23.269359711219828,23.185741921581634,23.110784678806887,23.048462281909217,22.977024203448927,22.913297423977248,22.860320584616286,22.799548459436984,22.745615429827318,22.700783092340362,22.64921325056736,22.603689800623076,22.565828212422307,22.522053038211435,22.483601965406177,22.451564677042477,22.414225015872177,22.38154352001848,22.35422096766622,22.322014323265357,22.293864365553947,22.270179758625602,22.24187575304633
T17000logg2.2,59.907658564452184,58.10831056155886,56.49482802033316,55.365055636588906,53.727205647237106,52.25956009732312,51.214855453005434,49.7374988370589,48.413352031969474,47.45685802707761,46.1321595250845,44.94362519171498,44.07362753884011,42.88963955070392,41.82563447428422,41.037283921008196,39.98017663863016,39.0283089789854,38.31508474026924,37.37085451838787,36.518836713131684,35.87370824897432,35.02932373504515,34.26585789461066,33.68207653955746,32.92602684326691,32.24120198263674,31.712714484018704,31.03514689892055,30.42048111106898,29.942041348071122,29.334570903915456,28.782799125985967,28.349854419722178,27.80522740191742,27.31002102447189,26.918539446465847,26.43042241728339,25.986257018132733,25.632666886249684,25.195570596352557,24.797645450863367,24.478801845182097,24.08793442724231,23.732023521286763,23.445115666289404,23.096251137518493,22.77862768251682,22.52114934372868,22.21060841531405,21.92803938668991,21.69780750214963,21.422416026347175,21.172100166166867,20.967219444445576,20.724188602961416,20.50365206389448,20.322437102403093,20.109244714181592,19.916227440016414,19.75711235894003,19.571394037677003,19.403753955134267,19.265217906348454,19.10471430963995,18.960397314638165,18.840939662212335,18.703499568011022,18.580547113835774,18.478701602314985,18.362307635419302,18.25887102209024,18.17322890000806,18.0760113200123,17.990358146092237,17.91958036295902,17.839794519202513,17.770278529720784,17.713070798744717,17.649026750577555,17.594029295674467,17.549089881939814,17.499100455140038,17.457014345962673,17.42302477416237,17.38542861016411,17.35468755988529,17.33033956033114,17.303546311023524,17.2826555704282,17.26667712229569,17.24918308155656,17.23673178569347,17.22789874605173,17.218276924778813,17.212905203466157,17.21003871952609,17.206904288528722,17.20729495800167,17.209237841783768,17.211253921610542
T17000logg2.4,64.08355977469114,62.2383189765071,60.579302000352385,59.416878976150905,57.723876931799616,56.20258166074623,55.11882088444037,53.578703907172034,52.194376078165455,51.19344334837827,49.80027608805125,48.54679914684776,47.62821449558863,46.37204952194736,45.24018084646557,44.40045440175995,43.26949219348104,42.248696765478705,41.4827379017019,40.464902749800075,39.54459819640364,38.8467327750251,37.9306098594373,37.100904651152874,36.46553629770629,35.640856194847544,34.89287370957692,34.31482551081121,33.572507495455014,32.89837024817839,32.372939173310606,31.70494617270205,31.097642441966016,30.62053848736197,30.01967362060426,29.472890413284457,29.040150985711378,28.499944353246356,28.008012650272033,27.615999787757374,27.130711653262335,26.688576197549477,26.333981463000363,25.89850365991635,25.50164524180766,25.181458763241277,24.79124628015132,24.43565579640485,24.147174769234034,23.79825950175131,23.480449121966007,23.221309272945675,22.910263482675383,22.627202424477368,22.395340433484968,22.11913243220605,21.86811154159162,21.66166528900865,21.417520307901636,21.19603543660733,21.01325213688743,20.79855607985044,20.6042297563361,20.443405543460702,20.255660771691296,20.086216134361973,19.94567828887756,19.78253064464865,19.63581660823935,19.51394906455716,19.373209501595237,19.24721318684707,19.142479537487766,19.022128525543344,18.914976235085746,18.825928362886593,18.724088684598563,18.634009645634038,18.559255697882843,18.474123662365493,18.399402526145607,18.337568765468326,18.26737445146133,18.206329614435116,18.15604421939669,18.099058058609415,18.05005290352434,18.00995883544654,17.964512046921616,17.92597346263984,17.89474668098234,17.859246828988212,17.829675415096194,17.806030031337137,17.778956884995427,17.756930400468896,17.739603009234674,17.719493052584017,17.703651242478852,17.691405135892555,17.6768552073125
T17000logg2.6,66.70141246413303,64.87965552696554,63.238803281963285,62.08787032029568,60.40898157155783,58.89772132908388,57.81993112289472,56.285971948230426,54.90485994689324,53.905172987262986,52.511641509007205,51.25586112285122,50.33464926219011,49.07292854616015,47.934460898739076,47.089079903643416,45.94858992103451,44.91798651453975,44.144116887140356,43.11384254487135,42.1814464110267,41.474077469386046,40.54349329841055,39.70015808184741,39.0542190915244,38.21374442896161,37.45115954112117,36.86185503511531,36.10293973763809,35.413650512608854,34.87654533667443,34.191546502579484,33.56883200361333,33.07981222270415,32.46182663567583,31.899581592414705,31.45481184404697,30.897591052967144,30.390291033279908,29.986226487359104,29.484145115730403,29.02681433209257,28.66020235563314,28.20821023860556,27.79637314432786,27.464237903773572,27.057824577899808,26.68749684088844,26.387156587459298,26.022372061776768,25.690078202872918,25.419179192815722,25.092600315343425,24.79531152478421,24.551793738723116,24.260380097307916,23.995377520703364,23.77737198432655,23.518325604095107,23.283082431005447,23.088820900154438,22.859503203425877,22.651617822987912,22.479380335785144,22.27727311694281,22.0944451462683,21.9425440120782,21.765261752342262,21.60531532285988,21.472121503446644,21.317451260497148,21.178356773071435,21.06232559925831,20.928224313908615,20.808084336677254,20.707751259209545,20.592301517491784,20.489316978142853,20.40326985487512,20.3046305438771,20.21705638391708,20.143897109507332,20.060263365557162,19.986389928263904,19.92472529959489,19.854333766656712,19.7924942455594,19.740947888689597,19.68209084543181,19.630676577852803,19.587902899534416,19.53895160797445,19.496439139875438,19.461126577286457,19.420528681336165,19.385480536064524,19.356338603264604,19.32260599389588,19.29366369284538,19.269430389591697,19.241151509956353
T17000logg2.8,66.97450117907856,65.23569010582126,63.6670399837202,62.567465385521956,60.95974463730953,59.51020802425814,58.47708702543795,57.00329783939546,55.674208649539196,54.71273316145986,53.369514302518596,52.15711307722298,51.268157846762904,50.04822370113645,48.94565804182714,48.12722598388553,47.02132613012238,46.02030745971117,45.26878324385126,44.267155462481455,43.35910111773305,42.67016909967562,41.76335485996455,40.94002937254015,40.30924320081044,39.488520581950866,38.742357047608536,38.16545895005872,37.42295036181653,36.747097015099776,36.220108657248,35.54870207651038,34.936933694142084,34.4561262504472,33.84934489819255,33.29595766929019,32.85780787336459,32.30973285931728,31.80950957668677,31.410707367139548,30.915977871015645,30.464177833775516,30.10164516912388,29.65542288040843,29.247763406284268,28.918664899299444,28.51662647098322,28.149289122801623,27.851062501358417,27.489413149102738,27.15905651853833,26.88944324046947,26.564882965418477,26.26858168585837,26.02559224015584,25.735178611408962,25.470293452291923,25.252111419175364,24.993130467826358,24.757207324398273,24.562112881631787,24.33200618494725,24.12271085839763,23.949029932262732,23.74535495046451,23.560452425412674,23.406544015522446,23.22699570878234,23.064376942586556,22.928660873284002,22.771101103101067,22.62879454039704,22.509767663356676,22.37220880307845,22.24836247491882,22.144590552642427,22.02515872302504,21.918006870120756,21.828097655221562,21.724981119294817,21.632805101034677,21.55537744717749,21.466800476257752,21.387916694692784,21.321594240770082,21.24582234545424,21.178592898766297,21.122019446490487,21.057379288123197,21.000219745016103,20.952075816793627,20.89696572735871,20.84837499050382,20.807366110457536,20.76025938465897,20.718824992581556,20.68368291522042,20.64312450698854,20.607523011085245,20.57700712144859,20.541620871050114
T17000logg3.0,66.20995760115737,64.57305778112236,63.094522838854346,62.058448605466396,60.54031717428134,59.16983223466786,58.19332608561123,56.79738513910642,55.53692305977703,54.625318112552904,53.349236551285436,52.19603099785725,51.350667607577286,50.18841416342747,49.136750685634766,48.35626438877252,47.29988094931528,46.3426135290574,45.62407876933267,44.664991234731545,43.794585083252045,43.13435030097095,42.264176884719056,41.473336538253776,40.86756912894542,40.07850273003198,39.36044371690723,38.805405457523925,38.09031692874156,37.43883525672513,36.93098176630655,36.283388504370535,35.692802999324286,35.2287746758428,34.64271481386071,34.10776828138777,33.68434938757505,33.15433210713465,32.67018056003229,32.28431995437898,31.805333665832517,31.367535390758448,31.016362400234645,30.583853402831878,30.188373124802784,29.869226654495975,29.479105931901106,29.12233182745844,28.8327949286093,28.481463873647694,28.160225789404226,27.89815981616218,27.58247168616228,27.29397653260336,27.057482002074583,26.774620773954616,26.516341059340583,26.303677995055136,26.051041520443214,25.820619323130252,25.630133713428446,25.405260395120052,25.20045161798637,25.03053366938538,24.83108123114142,24.64974684678778,24.49882708988306,24.32259364467685,24.16271406576476,24.029279176065714,23.874212256295987,23.733890871943856,23.616493632207508,23.48067664202662,23.358125511721074,23.255379012151362,23.13699451954844,23.030498741866033,22.94104780463401,22.83833166224796,22.746219805088824,22.6687186887541,22.57994172856122,22.5005784628993,22.4336876594085,22.357164100094607,22.288960003603574,22.23135756742283,22.165459286636505,22.106877331107107,22.05727589852018,22.000444871918603,21.950015400004773,21.907166066915124,21.857917667109145,21.81425070945845,21.77693087967386,21.733850090625985,21.695652198030764,21.662659976446754,21.62441269555111
T17000logg3.2,64.35168744342579,62.85348578281488,61.49728231335518,60.545679025144835,59.15136841052087,57.889750687385806,56.98939887602659,55.70289748739437,54.538384827524325,53.6945674076611,52.5146257982929,51.445466268230575,50.659935615466836,49.58188165024508,48.603630419902885,47.8757367203522,46.89305134378072,45.999894531476905,45.32756081012721,44.43304883520347,43.61872592934506,42.99915885860285,42.185672590650015,41.444024347472464,40.87417059815015,40.134982531802144,39.46020271196427,38.93698902304832,38.265885608392836,37.65258669747615,37.173016656155966,36.5642848834546,36.00746604126989,35.56863126701434,35.01697861582816,34.51196343870634,34.11103142853092,33.61152176149951,33.15392927367212,32.78815087105469,32.336217101340196,31.921985836165646,31.588738892159142,31.180203721446784,30.805621232468734,30.50245681322119,30.13356529086614,29.795304020988883,29.51999390830167,29.18742479021004,28.88254431272358,28.63310038115567,28.333935581841068,28.059839228637347,27.834491064631003,27.56611301651467,27.32044299040927,27.117560972388727,26.87754173152627,26.65809158503461,26.476121829504923,26.262167715805653,26.066842550740013,25.904277498457805,25.714212326010216,25.54101494887925,25.396384340687025,25.22815546341218,25.075197178164355,24.947081344125163,24.798775459883558,24.66427939569923,24.551317482740664,24.42113451165914,24.30341353200845,24.204290385929674,24.090513976138,23.98794240285463,23.901366270976588,23.80232168402773,23.71330903088874,23.637992783939893,23.55203482985806,23.47502205902442,23.409682474096446,23.335206705889284,23.26867943263464,23.212051460239845,23.14750948615745,23.09000231617422,23.040853631343367,22.98475712160733,22.934860218525703,22.89198838875516,22.842912970865136,22.79929209891214,22.761518056951864,22.718109177399818,22.679528096891246,22.645688584043974,22.60666891160761
T18000logg2.2,56.48713224152505,54.7537507053122,53.20122743801832,52.11254780220541,50.5375282776035,49.12757728653509,48.122182924053774,46.7034502302403,45.432910936684486,44.51327415289149,43.242487536990694,42.10314941896431,41.267254866971626,40.13240278436338,39.113273409621165,38.356290415368726,37.343919492736276,36.43307842626939,35.74879501128793,34.84557918964994,34.031394377040776,33.41323089551208,32.60683693423377,31.878628080655258,31.3202610243237,30.599794953241926,29.9481829758154,29.443918825130165,28.80003286689299,28.216953602443162,27.76181616415644,27.186487480015618,26.66495175504427,26.25455064771878,25.740748276506654,25.274589288606723,24.904976092241455,24.446482529879454,24.03025120489923,23.69788049223992,23.289246978704032,22.91815271288153,22.619860142300105,22.256304943558636,21.92613752984012,21.659101971031493,21.336436192144085,21.043511326404328,20.805239562329085,20.51983233578996,20.2609597033901,20.049284725169336,19.79800021749437,19.570413252321096,19.383450476779288,19.16353483962035,18.96479768879977,18.800879188427167,18.609868211499474,18.437785800042672,18.295389851857053,18.13100828689464,17.983529282396674,17.861199386574334,17.721272615255955,17.596426416569283,17.492721456728574,17.375171983885256,17.27106929161981,17.184572055090207,17.087450707888422,17.002305362058397,16.93165152230265,16.853148011865162,16.785284815982408,16.729178617766554,16.66760323060262,16.61542849810376,16.572615454395855,16.526332492419844,16.48828516867706,16.457508429864344,16.424893961981343,16.39942753443569,16.37941390627546,16.358875011743123,16.344488233255703,16.33397598635844,16.323993290591513,16.319260647164082,16.317026212418092,16.31616426558778,16.319728137957405,16.324597158609595,16.33148439315973,16.34202837770838,16.352861516532826,16.366155371088713,16.38239986580467,16.398066209738552,16.41646122318409
T18000logg2.4,57.98704817585139,56.25506129811727,54.70530138072283,53.61737079313376,52.037482020707756,50.625145421717264,49.61721133231852,48.1893607372299,46.91302977329452,45.9886966839359,44.70625533038235,43.55909337018703,42.71722079406358,41.56936883156128,40.5412552839263,39.7775368769117,38.75143117570891,37.830817976953576,37.139221801695705,36.22170902173382,35.39702549682165,34.77094479567039,33.949684774551024,33.2102244477167,32.6432674693372,31.907328904815646,31.24368003229655,30.730103159095894,30.07012109449731,29.474224568476718,29.009047918621256,28.41703622523928,27.88197081526338,27.46085920921376,26.929896712337662,26.44962014508919,26.06872632553647,25.592739829324998,25.161949437612893,24.81784747622742,24.391531083028344,24.005585800616945,23.695237065524722,23.313938612135793,22.968752957047194,22.689446681849834,22.34908372461291,22.041078186569983,21.79041694199092,21.487450932900032,21.213528676813475,20.989430727626285,20.7208108680086,20.478288610858726,20.278943363998216,20.041981803329087,19.82847174065694,19.65225195322725,19.4444963953307,19.257795514542703,19.103171281458458,18.922301767821246,18.760306164370466,18.625777665536383,18.4695608558242,18.33024136748655,18.21432086602696,18.080632607623986,17.96205556644898,17.863292416030077,17.750147296440254,17.650494545741964,17.567502900070178,17.473061435942764,17.390632154001537,17.322099802600576,17.244642422220693,17.177820880362,17.12248168216727,17.06033879671375,17.007540246835703,16.964125681481068,16.91564173208309,16.875299587605443,16.842532037128457,16.806086691980646,16.776681677746048,16.753293856128387,16.727334489734332,16.70741726509364,16.69217692110283,16.675233977199575,16.663437180717487,16.65515105569395,16.64582949732344,16.640857973548325,16.638358554904784,16.63531223274372,16.635907825997094,16.638063153526353,16.640001477802933
T18000logg2.6,70.9512725421474,69.03654078380538,67.3142624251702,66.0984408554397,64.33070510162369,62.74226320090705,61.60202363174918,59.98502242647767,58.532212449789725,57.47364484853067,56.00365740087793,54.6821917630456,53.70623028368564,52.374822904171126,51.17666939070296,50.280788792789735,49.07702973865892,47.99229905313408,47.1719420398369,46.08412305463173,45.10249523542309,44.352212501745754,43.36904050989939,42.48066635930118,41.79489715245107,40.90602949065898,40.10189643235857,39.475347869738656,38.67152127890683,37.94355439009216,37.37135544865196,36.64435269337942,35.985365246816976,35.46308137673565,34.80559610329326,34.20916257809752,33.73274279737164,33.13825241454391,32.598637483572766,32.16439848007163,31.627111133814317,31.139212845271025,30.743824470980513,30.25857857556582,29.817829429109953,29.45826262264241,29.020444844471967,28.62277073682902,28.296289990870374,27.901846014618606,27.543689610430263,27.247895456768113,26.8933287924148,26.571614444152775,26.30443025546809,25.986678263202705,25.698671153766362,25.458234031591267,25.17447245244915,24.917621000838775,24.702158282219216,24.44968255416933,24.22152475726459,24.029280104176504,23.805469276911445,23.603620690266936,23.432846872732647,23.235195523888578,23.057383153761272,22.906377578677358,22.732542449105857,22.576630149009823,22.443767581723435,22.29158511858104,22.15558582730995,22.039333799154907,21.906794874653045,21.78883452788799,21.687719824966464,21.572893420384712,21.47114207459208,21.38369774612354,21.28467788577935,21.197333763368658,21.12207943711026,21.03699314719768,20.962302584607073,20.89776360676017,20.824803317899693,20.761102717377987,20.705813375721657,20.643258975458924,20.588992423230135,20.54152020740989,20.487747474474062,20.44143329781211,20.400416197236346,20.35388479366535,20.31409517921114,20.27824107211648,20.237485963641173
T18000logg2.8,67.7032079274193,65.90836786661815,64.29417218723228,63.15763251583221,61.50031798945332,60.01114475615342,58.94496473593192,57.42851686113338,56.065979178876866,55.07577599108088,53.69676013079368,52.456878381444746,51.54352731505447,50.29409609007628,49.16940034877567,48.330565111563836,47.20056159251749,46.18188969259908,45.41338283655454,44.39196856790718,43.469777768130555,42.76661244886117,41.84330899779352,41.00848461170183,40.36557576454245,39.53079596347142,38.775039290874446,38.187583561989356,37.432780657625024,36.74867523413327,36.21226567569394,35.529848173528634,34.91076727633124,34.42136685213972,33.80453000532289,33.24450445429238,32.798386179859754,32.24100085511215,31.73464881324567,31.328377792738394,30.824960098515277,30.367456552888147,29.997893586800757,29.54354057716192,29.130556004663966,28.79483431111489,28.385177213578896,28.012867156478027,27.708409635694828,27.33963631276166,27.0046560842351,26.72920671438211,26.398024528427747,26.09746681044048,25.849054029151695,25.552548083765522,25.283801125537657,25.06063086503063,24.796107626114242,24.55672893230696,24.357087805968032,24.12198316454434,23.909625627435567,23.73182366635995,23.52366606740167,23.336065856450222,23.178430975035802,22.994872677176843,22.82988147828572,22.690795538827814,22.529649182003052,22.38525833056097,22.263188512319967,22.122429138489917,21.99676253809379,21.890260184395334,21.767988713503552,21.659264651185516,21.566930983167474,21.461312353229737,21.36779367759508,21.28824093468473,21.197465826231237,21.117436269556844,21.049275692703773,20.97156827883951,20.903370682382462,20.845203460884882,20.778848116293695,20.720901135510644,20.671346118434286,20.61470758851128,20.56553340646133,20.523229838620544,20.474760847598397,20.43296285102957,20.396597952773927,20.3548276777353,20.319051932673602,20.287388982379415,20.25092493841383
T18000logg3.0,65.13512148777727,63.47942851283973,61.989126874012015,60.94244761079182,59.41099368519164,58.03360980451724,57.04991389509642,55.6462182164775,54.383692885702075,53.4684435110742,52.18987059692468,51.03904516956666,50.19340505854154,49.03323463702114,47.987686826524886,47.20984491427744,46.159119497112634,45.21076074287008,44.49713675492909,43.5461456127481,42.68643648063394,42.032647495110446,41.17191425691868,40.39262954484289,39.794143442064936,39.014963614875114,38.30859237686167,37.761107125469536,37.05573603823099,36.41557503433653,35.91514532816839,35.27671090025353,34.69677613503385,34.239790253447,33.66213253971462,33.137018721871954,32.720127974524424,32.19767978648363,31.722493296906663,31.34259391330682,30.870344223446274,30.44066997003148,30.094902672823995,29.66835206289239,29.280213035121836,28.965952832091062,28.58109320129796,28.230960607761286,27.945847829465635,27.599182258207243,27.283980471427235,27.025940652454725,26.71443329237176,26.43146623091168,26.198665540344457,25.91961103017039,25.666442341797854,25.457200310490308,25.208090791153495,24.982435657543366,24.7951448805737,24.573588611954918,24.37325762300715,24.206343947721006,24.01004769911121,23.83294059996193,23.684860488448304,23.511649689546637,23.355776668555812,23.225039539504216,23.072879604540592,22.93636760694696,22.821547569481684,22.688538930556632,22.569624842443584,22.469359220509844,22.353702029693213,22.250694104441664,22.16365174115067,22.063593694532322,21.97483712548228,21.899691750715743,21.813512819084025,21.737378607148926,21.672812678726345,21.598830028197746,21.533736575373176,21.478437426083243,21.415025228450357,21.359460069803013,21.312130869223513,21.257733495449294,21.21028371115536,21.169633815986735,21.122772856481895,21.082114591598774,21.046875183549005,21.006142347211533,20.97099659110463,20.939971176749225,20.904043363947622
T18000logg3.2,64.28933529002845,62.74905252326381,61.35999994671545,60.38374681610932,58.95310418304888,57.663831024411955,56.74228576987976,55.425386847204756,54.238514764742526,53.37727163549795,52.17264320116862,51.086157925107926,50.28693246010785,49.189329546466624,48.19820374523241,47.45999604023275,46.462092201671915,45.559721216750404,44.879888951225,43.97357015368987,43.15281957762495,42.52790769063581,41.70514257745123,40.959038296430556,40.38536107373746,39.63866417941281,38.96073582913837,38.43470213892635,37.75729410194455,37.14166405184277,36.659894149392876,36.045664019901196,35.486994368635955,35.04631882016999,34.48970428416287,33.98309902390486,33.58051770917015,33.07642301809569,32.61738182535628,32.250057647489264,31.793827106823166,31.3782316690404,31.043503452897557,30.63091622530641,30.255031891370948,29.95043638849678,29.577723398413198,29.23822321573698,28.961532351789142,28.62539173933446,28.319359655755573,28.068601644569057,27.766154581709824,27.491027375479938,27.264453383029498,26.993117019170906,26.746563116615448,26.542560244288584,26.299927058876904,26.07975464395762,25.89677987274192,25.68055840889953,25.484671165851026,25.321217549504247,25.12921060074646,24.95559834506618,24.810190050293308,24.64032059308444,24.487082124530506,24.3582957664195,24.208621776701605,24.073967943181266,23.96044116439916,23.829138944346845,23.711373417567604,23.61179283125504,23.497122915245996,23.39461308214314,23.307692051159982,23.20796269288382,23.119109968361002,23.04356700273251,22.95711445501756,22.880341728956587,22.814906023911874,22.740107655286696,22.673894574964965,22.617294113702417,22.552581404426803,22.4954784933993,22.446449094257407,22.390317825063978,22.34097410246006,22.298246364680686,22.249261598015593,22.206392663759097,22.168732092766493,22.12552930294939,22.087887106245415,22.05414301626927,22.015442806148005
T18000logg3.4,64.31193082891903,62.85551963147881,61.54144869918388,60.615892249400076,59.25763190013281,58.03303386445904,57.155744915754696,55.900181045579316,54.76819092038156,53.94485264021804,52.79144450051136,51.750931105685446,50.983661864943755,49.928364128697076,48.975386054326,48.26378609078615,47.300572393607226,46.42967193558447,45.77179409476561,44.893821669615775,44.098963411871274,43.49205388349232,42.692426101361725,41.96760842699565,41.4086249100785,40.68083020121999,40.02041165822985,39.50632408688422,38.84438033452932,38.24316390823634,37.771061808182786,37.169499216053794,36.62269399244714,36.18979049651636,35.643543866985006,35.14667854235225,34.750274011260345,34.25462561063421,33.803532153076944,33.441030413267036,32.991621734613055,32.58244159499469,32.25137301506297,31.844211569019087,31.47342120845643,31.171483514265095,30.80298547222385,30.46743306114788,30.192537998485765,29.859553068831946,29.556470771676693,29.30676753020854,29.006536983223302,28.733481330068926,28.507319900500462,28.23736017477028,27.992104075940055,27.787956293647564,27.545951374146405,27.326394075750674,27.14278642282605,26.926523998405308,26.730645275652574,26.566124496981296,26.373482498025552,26.199341360216764,26.052477284795064,25.881448650518387,25.727204362758407,25.596613328736765,25.445318890535315,25.30923601074013,25.19359171299163,25.06026088807283,24.940691252741146,24.838712642663094,24.721650723466652,24.617001892009643,24.527429306457492,24.424980100349863,24.333681983122833,24.25526134603842,24.16578927594555,24.086297662491738,24.017767601625494,23.939670191192427,23.87049235110983,23.81058310669295,23.742305311607797,23.68203711078246,23.62946011917223,23.569511849636562,23.516833047714208,23.470309664790207,23.417270605898096,23.370896591691416,23.329212484003918,23.281730986780396,23.24041045553465,23.202433585614415,23.15924211213303
T19000logg2.4,59.338484212458624,57.55629799761077,55.96146317423468,54.835796446389956,53.206851838637775,51.75081426952209,50.70586858336627,49.23128315850685,47.91351655445495,46.953672829911184,45.62740040575791,44.441519195082414,43.56608940176408,42.37757910512226,41.313684681282126,40.51863351852447,39.455149525681904,38.501790721892526,37.781240671947515,36.829609653142526,35.97519862096138,35.32258693293751,34.47034450917999,33.704047337667106,33.1129204432404,32.348896986646366,31.661073342291317,31.125533558949044,30.44006718087483,29.822381356046755,29.337247632807838,28.722074573183356,28.167353744037538,27.72810208610096,27.176064708634353,26.67805629568477,26.280674890979675,25.785520316019998,25.338756331122077,24.979680631507698,24.53598199356939,24.135695928738944,23.811773546122694,23.414789314202203,23.05678418943252,22.765195976873677,22.4107350645812,22.09130179341483,21.829527772219297,21.513935578988878,21.22985386770598,20.995698672990102,20.715838546104703,20.464340478190916,20.25591792427551,20.009070517076086,19.787730972297858,19.603381284513482,19.387075969477266,19.193655395186667,19.031820988508287,18.84368373316927,18.67601527746522,18.535149947752373,18.37285081486688,18.22881357298376,18.107360253684288,17.968645901078446,17.846195498462116,17.742621275108046,17.62535885431688,17.522561815328416,17.435401612120177,17.337613166810627,17.25266819195601,17.180547137211242,17.10039785720989,17.031603640249024,16.97319931138535,16.908910267598944,16.85459365350161,16.80857009247966,16.758359285978873,16.7168536785711,16.681841625007216,16.643952522028908,16.613628469574707,16.58826308781475,16.561015620779152,16.54033650122157,16.523281400406788,16.505108312294865,16.492634187169717,16.482616602761166,16.472051331989498,16.466414149826903,16.46221372930427,16.457852856537613,16.457735038751323,16.458168591040085,16.458670194302158
T19000logg2.6,61.87239292802229,60.09291117990679,58.49994828570628,57.37357306522313,55.74408868793522,54.28717796932908,53.239699034418706,51.76225265437895,50.441668455497556,49.47800463505183,48.147296436142895,46.957251943283154,46.07710771637096,44.88302953563615,43.81395456788233,43.01349207682915,41.943482665088304,40.984028661041876,40.25740384194666,39.29828323001458,38.43683383974596,37.777425556899885,36.91666564024673,36.14233766469086,35.54362531752384,34.77003557257562,34.07317874874059,33.529235075542346,32.833159954889396,32.205466030208115,31.71111833185519,31.084343584101646,30.51869995721143,30.069464166243247,29.50492385949599,28.995176540627824,28.587115529402112,28.07867994888194,27.619485502141593,27.24913645485792,26.791507853674247,26.37822297780149,26.042538264382095,25.631084047186008,25.259618916976404,24.95587336663886,24.586503556717282,24.25325090988281,23.979012103803434,23.648179706973163,23.35001939752184,23.103174251032502,22.80785080022448,22.542104217226246,22.320835143774346,22.05837953447724,21.822675206004206,21.625358542549165,21.393348721591344,21.185476476374046,21.01057015739877,20.80666808466632,20.624478407860245,20.470441930481176,20.292340842073884,20.133721983441617,19.99899998537369,19.84446522095345,19.707382842932084,19.590449332407417,19.45736542625869,19.33989316792749,19.23928892989918,19.12568850525667,19.02602687028573,18.940382411727413,18.844432293423413,18.7608756257713,18.688873315303997,18.608786163730336,18.539661258061372,18.479966156089418,18.413960009854176,18.357619138194615,18.308858359260718,18.25517437458598,18.21002278893475,18.170803581084968,18.127748197713327,18.092244977522736,18.06122357148638,18.027201479681167,17.999880212979996,17.97578546424127,17.949301678213747,17.928772670743466,17.91038470349293,17.89001345803456,17.874922776882098,17.861082863072376,17.84547057817723
T19000logg2.8,63.0689664871483,61.34540859474777,59.79930524676766,58.71118802439649,57.12758240570291,55.70857996614108,54.69334080600325,53.25244208157151,51.96163717316093,51.02451133423249,49.722250556048806,48.55501077628986,47.69633373918878,46.52391738467216,45.47182008854113,44.688446009425746,43.63447230350037,42.687150982151636,41.973859034747065,41.0261141061427,40.172775539221774,39.52348698945506,38.67026259584999,37.90073070090804,37.30940693661542,36.5402242658895,35.84545682220486,35.30659455910703,34.61241602297402,33.98462374851799,33.49341726180917,32.86653296838091,32.299037156388714,31.851316968085925,31.285079110590573,30.772079471033752,30.364174234973433,29.85277622395119,29.3891960868257,29.017848500527194,28.556204632136925,28.13757837066654,27.799885827972616,27.383508241647153,27.005885403370996,26.69924965546619,26.324191017351982,25.98410699910678,25.706232375059415,25.369067923978946,25.063528544960143,24.812426521950208,24.51020735051042,24.236614782170722,24.010554480483066,23.740659574480254,23.496672176738823,23.294074955652896,23.054063466927445,22.83747309428916,22.656817400751788,22.444335762330777,22.253003276413388,22.092776242345494,21.905539816388526,21.73738895506199,21.596081321326274,21.43191172292011,21.284963388037,21.161102789386277,21.017959547554497,20.89034873123675,20.782521991201424,20.658506370124783,20.548480747363037,20.45533868489356,20.34866427785104,20.254546457571074,20.174772948563344,20.08370111054858,20.003840967295716,19.93612059855264,19.858933495476304,19.79170578478964,19.73470717306527,19.669716552508756,19.61354335590521,19.565926852992565,19.511496702934064,19.464882929973285,19.425305663187743,19.37987297817987,19.34140635423195,19.30855658669993,19.270642262766074,19.23896425290424,19.211601635923444,19.17980246174397,19.15360566670262,19.130558320186402,19.103552881307124
T19000logg3.0,64.43537638256223,62.76613447869698,61.266477969364075,60.20919321824688,58.66927999224154,57.287275050979126,56.29659546042934,54.8895427815367,53.627050862594075,52.708544370699904,51.431351761816046,50.284762594997396,49.43934997197366,48.28450511973486,47.24659939632327,46.47191032643595,45.429419668394964,44.49111556447839,43.782813843668066,42.84184577715121,41.99356638874708,41.34644497071753,40.496486989962605,39.729084785926716,39.13785767632827,38.36938245628343,37.67464049899066,37.134412718525226,36.43911254904906,35.80985891392933,35.31627566856042,34.686966791822606,34.116960606900825,33.6661658854523,33.096570394872224,32.58030652254085,32.16883194744558,31.653390880137017,31.185983657561277,30.81069494817426,30.344484227069373,29.921589417416143,29.57965461629718,29.158294934526676,28.776041944430013,28.464903078068904,28.084520558663236,27.73949440894148,27.45687418100262,27.11410304295845,26.803347144489486,26.54726852949164,26.23920020596327,25.960139074532442,25.72887445303811,25.452908581644067,25.203210402740687,24.9951776738871,24.7488841768464,24.52634907212265,24.34002633835412,24.121070939587987,23.923572988554298,23.757453397642216,23.56356976267464,23.389048671868043,23.24163543564826,23.07066043734631,22.91715342598803,22.786991546071405,22.63689303316287,22.50255160520212,22.388250485622734,22.257133254149796,22.14021568817074,22.040444723026262,21.92651368212399,21.825347364387383,21.738808763773726,21.640320088445424,21.553261222329645,21.478654961054673,21.393886794170818,21.31932408981143,21.255326880526475,21.182594588244587,21.118977078647063,21.06424575392142,21.001922535697062,20.94778873816847,20.90096779301915,20.847504869377815,20.801457715185226,20.761236233507365,20.715167278368487,20.67585412569408,20.640999416924814,20.60093609502345,20.567057566782086,20.536410475268493,20.50104623820534
T19000logg3.2,64.17846421997044,62.599733624573844,61.179592280691274,60.17728182010893,58.71499376427681,57.40090289372972,56.45775618072395,55.116034592636055,53.91053623740132,53.03230309444733,51.809268940497425,50.709849508442176,49.898009951170444,48.787585383585935,47.7883525004833,47.0413323119165,46.035065681815695,45.128339930566085,44.442710990697044,43.53128748302837,42.70882765140605,42.080286563820366,41.254542574707266,40.50837523711982,39.932449907398514,39.183990859176,38.50686136015413,37.979329421739536,37.300735721677086,36.68622507516645,36.20326012077797,35.58802450233133,35.03045982955021,34.58860471415071,34.03095954233251,33.52527111403728,33.121366190608846,32.61613123176939,32.15774676184028,31.788880017814165,31.331386531332797,30.91617854697543,30.579671397784928,30.16572804562085,29.789994288868595,29.48340898883265,29.109291278954444,28.769752612533892,28.49090927504669,28.153367170902477,27.847168198305233,27.594160882554732,27.290374311884605,27.015018232573258,26.786172424067054,26.513608863622093,26.266824116973652,26.06059596409305,25.816882414895733,25.5965223794767,25.411423632362027,25.19428279004704,24.998274782852217,24.832832860783103,24.640057877328395,24.46639576809285,24.319151517626388,24.14864377893074,23.99542318044438,23.864964612394598,23.71475722456121,23.580182005625733,23.46515521429603,23.33340253897962,23.215771666332905,23.114875489268414,22.999825285588344,22.897496066254,22.80946095380409,22.70940759678337,22.62077834759049,22.54431593624413,22.457580032576892,22.381087019353313,22.31488667905928,22.239825644863824,22.17398462551026,22.11669937466378,22.051729852064977,21.995128331649134,21.945417703447653,21.889027167202645,21.840284559660454,21.79688076036993,21.747632988760902,21.705410792774146,21.66711843840097,21.623649328704325,21.586668759043135,21.552357535199008,21.51339197085465
T19000logg3.4,62.879713083150236,61.42720292582856,60.118334938711186,59.19321134849295,57.84055086800617,56.6228091182816,55.747350919781134,54.49928714994707,53.37594082104346,52.55602040274552,51.412005355996236,50.38185486330581,49.61959840945022,48.57533004912926,47.63414610799901,46.928968089251036,45.977974838825446,45.11986560153905,44.46949453614031,43.60440794411511,42.82285017317369,42.22414513454666,41.4375387215313,40.726061802452186,40.17559336882799,39.46051222320146,38.81309012784065,38.307500377492474,37.65765474865191,37.068823713051344,36.60496345282056,36.01469680928379,35.47950947360242,35.05443854056485,34.51860725573341,34.03252482946845,33.64345978838122,33.15734113390672,32.71619379789695,32.36050441416043,31.919798033505185,31.519773572895527,31.194993802538093,30.795788831060975,30.43341859422712,30.137258247050692,29.776053305891537,29.448245925746807,29.17863653643576,28.85237064230948,28.556425252089774,28.311546996474632,28.017554593022513,27.751097536067544,27.52933916270361,27.265223591270416,27.026090016386775,26.82596277700548,26.589472215243497,26.375612171243667,26.195680308278703,25.984648228583563,25.79408359668726,25.632931889019027,25.445261524661934,25.276081743898878,25.13231457853984,24.96600769738361,24.81639759708575,24.688665549217806,24.541847623211613,24.41009481407727,24.29710591656633,24.168010856141642,24.05249091541777,23.953003055506088,23.839945570835035,23.73908316554349,23.651883172566976,23.55321468512549,23.46547441714649,23.389332877652354,23.303426446364057,23.227307692156224,23.160971668861784,23.086230673051297,23.020308819846264,22.96248398575902,22.89736355566603,22.840275773816266,22.78967655164626,22.732702463641758,22.68311463115558,22.638521097760215,22.588293171318337,22.544909178399415,22.505166358879983,22.46036109665673,22.421942380636864,22.385955978685587,22.345337155033913
T19000logg3.6,71.24108411306088,69.7698720509817,68.43979869155736,67.4927523189555,66.10950005529666,64.86020698011802,63.955101557155416,62.666566625924546,61.503155203864594,60.64708005770741,59.454759544617396,58.377878528987026,57.57424797648319,56.47581604714054,55.4830016203515,54.73250723648066,53.72329655624152,52.81025413996873,52.11181552678053,51.18604476159859,50.3476274673015,49.69915502015223,48.850698435221304,48.08154637157117,47.48047849682546,46.7033848141743,45.9983155470003,45.441966625669124,44.73065422761411,44.084802556739845,43.57051433581387,42.91981784206498,42.32864425118838,41.85382145493836,41.25891981708314,40.718157548325216,40.28025705812153,39.73663794815544,39.24229456220634,38.83885392155976,38.34234360533355,37.89071083243904,37.519372898163354,37.06612231089352,36.65378330421869,36.312322948321494,35.898842605297105,35.522715219564425,35.20909220236807,34.83230876251233,34.48968371788095,34.202087253916105,33.85932174027299,33.547814587705126,33.28463672031958,32.973484292264445,32.69091969253589,32.45067021592767,32.16886629541833,31.913169704905954,31.694395830738785,31.43973442614617,31.208876272861392,31.010120428845347,30.780437099862926,30.572436063436776,30.3922439567669,30.185457440342887,29.998411240639193,29.835361617104994,29.649498108986528,29.481597580203594,29.334328900572647,29.167527223757737,29.017051979963387,28.884256839350837,28.7347337056259,28.600034946231,28.48040332415409,28.346403760426405,28.22589285352474,28.118061522680698,27.99784031164188,27.889981045953153,27.79252436916954,27.684356968880714,27.587610433926116,27.49912880628539,27.401339955668814,27.314174131169267,27.233338240666264,27.144336680425187,27.065280295312142,26.990823151879983,26.909109797147433,26.836752613896657,26.767487278631314,26.69165674170926,26.624673507865193,26.55947663804779,26.48822147649236
T20000logg2.4,50.26578797365084,48.703784272713875,47.31301106307623,46.32761648423612,44.91071482871726,43.65090837127855,42.74324541491348,41.471320915112486,40.340993821679845,39.51444111317416,38.380881987422285,37.3731610700136,36.62633265469992,35.62022002692338,34.72483414061156,34.05306350784196,33.16127504544174,32.366381027888075,31.763149283743374,30.972129129854743,30.265787565417185,29.72394707914906,29.020961317624742,28.39214024374723,27.90481101604549,27.278689358165927,26.717827624515323,26.278944333135748,25.720339238719284,25.219465116300494,24.82394099366138,24.325163874772645,23.877678991873115,23.521280351438612,23.07590522714243,22.676253396235417,22.355383115856277,21.95795416237497,21.601401252194375,21.312966112899467,20.958831327738235,20.64132049363645,20.38264565570259,20.067798273279315,19.78581347541497,19.554555613839987,19.275514609847917,19.02599573327001,18.82009732819853,18.57385683784255,18.354161549398473,18.171837297382762,17.955814991322967,17.76365898837605,17.60335642800063,17.41528810638769,17.24864812306765,17.108975530649985,16.946802598051903,16.803809850789822,16.68345560342634,16.54521655378163,16.4240741959485,16.321742188066096,16.20552277340369,16.10447940272635,16.01886985361755,15.922817432710715,15.840181826073218,15.770014565929955,15.692356269092365,15.626508318190194,15.570541710721209,15.509599035403285,15.459000053444209,15.41604225183321,15.370220137676004,15.333374765501352,15.302270841555394,15.269996598727873,15.24542481408616,15.224995761472309,15.204694877586979,15.19092765584304,15.179964978258475,15.170086695067557,15.165687807361593,15.162992183734872,15.162055559305182,15.165650936800919,15.170073649718233,15.176694334456377,15.187001165892385,15.19744489143691,15.210328299336634,15.22633265517473,15.241549882103085,15.259462273970462,15.280067903666446,15.298983680767808,15.320754672295887
T20000logg2.6,58.30298628677678,56.57187098089035,55.02736180682338,53.92688794615091,52.34634771562368,50.93822796009211,49.917742180720026,48.489630926947754,47.217955807542936,46.28228690835503,45.00098940908316,43.85963219254555,43.00823653084257,41.86318550492828,40.842127042539154,40.07078377930397,39.04887267560642,38.136262816584576,37.43866776708737,36.52616033676546,35.70988482247474,35.07894024577848,34.26278670633809,33.53152064492303,32.960272519789875,32.22886719709043,31.572629254696526,31.054814030098356,30.39826132605258,29.808582972000014,29.338838096308525,28.748873763172625,28.218648436878638,27.792440495139296,27.262083947288037,26.785270552398885,26.398706210569863,25.92200405312716,25.493433425533922,25.1431493100519,24.715002501746056,24.330225821584072,24.013298262037836,23.629287142504516,23.284418045610554,22.998259349306597,22.654507815434883,22.34613581167175,22.08845119784195,21.781601557497215,21.506780391815376,21.275581942070964,21.002765832911933,20.758964649724675,20.552542460570937,20.31126442604728,20.09624696549288,19.913074223757942,19.701048130460077,19.51273087174102,19.35135273112877,19.166365534442534,19.002710821982188,18.861656684551242,18.70151375169425,18.560507469263214,18.438278173580933,18.300832111315216,18.18051420386424,18.07562315641559,17.95883034022537,17.85733838951561,17.768362333068172,17.670317627981248,17.585909016705486,17.51149994855373,17.43041892835341,17.361458502349514,17.30029336741565,17.234431595136034,17.179301584949165,17.13003944542776,17.077642665196166,17.03470371874439,16.99599333340338,16.955326858410203,16.922929472693173,16.893462254509494,16.862861726397284,16.839494336405057,16.817942343295027,16.795855429266258,16.78036186576684,16.765211044271027,16.75018979829722,16.741251236721464,16.731290644368244,16.721961411267877,16.718223436060374,16.712384121741305,16.707448698072515
T20000logg2.8,59.95334478686772,58.25810839427358,56.744302948681714,55.667796677074875,54.117703122678414,52.735450008823165,51.735853578283184,50.33328835217888,49.08326876232428,48.16572655596625,46.90594766364015,45.78279655605499,44.94718834803448,43.82031562188044,42.8145288155571,42.05688718712533,41.050120299266304,40.150023757456275,39.464066656056914,38.56368655696834,37.75714804683,37.13568081674839,36.32860689191095,35.604293766110004,35.040298055691906,34.31500460835697,33.66304956163472,33.150307588916014,32.497100701666824,31.909243567828845,31.442522021425646,30.85341545706444,30.322816244251257,29.897766349277163,29.366106635627112,28.88702194071984,28.49996655881536,28.02011239227836,27.587642944717665,27.23541680138056,26.80252295174705,26.412436237159135,26.092278395189464,25.702137147411285,25.35074199336717,25.060221174927225,24.709172758972738,24.39325611132869,24.13024073921452,23.815132402365244,23.53192562706079,23.294572520919566,23.012696738275384,22.759801724209286,22.546505304424798,22.29546319989973,22.070721204084776,21.880013749183856,21.657568549502795,21.458935609664323,21.289393802440227,21.093371241050527,20.918850429060797,20.769043855415802,20.597310975523627,20.444949745208525,20.313445205555908,20.163943857985394,20.031858749045924,19.917254108515955,19.788028519057697,19.674430831079036,19.575373622353712,19.464582275531058,19.367780597275004,19.282970499978944,19.18886313299734,19.10726503011767,19.03539622908958,18.95625854732748,18.888311442845335,18.828050168575782,18.762179783444246,18.706312518956906,18.656344135063453,18.602068569576453,18.556705584280735,18.51575592905843,18.47145964240049,18.435066758458348,18.40190401007022,18.36605454675422,18.337430432524926,18.31061317979234,18.281769163570495,18.259647077600548,18.23792532636741,18.21472138611219,18.197774328131118,18.180077333980957,18.161234455287754
T20000logg3.0,61.345017843806176,59.70303771317628,58.23337856921555,57.190676277487164,55.68318214776875,54.33568483694289,53.36350215103623,51.993661980936054,50.76976985054114,49.87351522538209,48.637653276347514,47.533027663916414,46.71313811238656,45.60268876209499,44.6090410138474,43.8623293488162,42.865914594890086,41.97286159896595,41.29394505725777,40.39926139376152,39.59591527320083,38.97850366316125,38.17371656255755,37.44980281900604,36.88766283685359,36.162233475834064,35.508708455876565,34.99623691481034,34.341195227028635,33.7503858837329,33.28278716595113,32.69063794949079,32.15610723383081,31.729333309282737,31.1937593542524,30.710034200315462,30.32060972283547,29.836175611052603,29.398523008254685,29.04340621952554,28.60539908172197,28.20969288001091,27.886199351881707,27.490500089844563,27.133116935139736,26.838862140996582,26.481863453636628,26.15963456361924,25.89251590967747,25.57110775939777,25.28129994544269,25.039496268787623,24.75100388848074,24.491244823264445,24.273165561178477,24.015212724774507,23.78336057415215,23.587548608077736,23.357913084364547,23.151936155113816,22.976977151870997,22.77349919082726,22.59141308314015,22.435888472677302,22.256449246117448,22.096313312483908,21.95880097123915,21.801358141000613,21.661307776082207,21.540418153420674,21.40304020723825,21.281302780898415,21.17570798035697,21.05657699335129,20.951479674622007,20.859901876390403,20.757288898318837,20.667229183336403,20.58840782611677,20.50061673748497,20.424047526704925,20.356678230535838,20.282023412274675,20.217437613166442,20.160172382685907,20.096993730221826,20.04288098473838,19.994404907110553,19.94109629518438,19.895971789428728,19.855023428791487,19.810060185225133,19.772477330904383,19.737877057495346,19.69982523214673,19.668518988938278,19.639034471362958,19.606539606429855,19.58043513987497,19.554770572130455,19.52656879866138
T20000logg3.2,61.871230768999645,60.300924783627494,58.89224251374753,57.89321076483019,56.44444701303667,55.14637506865567,54.21014470312467,52.88680445316656,51.70156869437062,50.83380213573946,49.63344930924559,48.557929215826974,47.75973037804256,46.67539843476973,45.70280039495982,44.971938010281846,43.99403217196472,43.11559888587479,42.447809834686474,41.56579423634112,40.77219539394602,40.16230523537093,39.365905895082975,38.64820886723032,38.09096621137774,37.37090272823559,36.72112899482831,36.211718443268964,35.55998283214171,34.97125233975111,34.50546495356507,33.91522485868081,33.38164064226407,32.95582626066257,32.42119665499776,31.937633744653336,31.548571741759964,31.064390487243315,30.62632891563492,30.27113020601715,29.832837951735844,29.436269933265017,29.112330845278166,28.715889654020778,28.357258157751986,28.06223592996674,27.704093490366795,27.380275294723344,27.11209372140758,26.789178800273138,26.497472650202898,26.254326979855595,25.963988881676897,25.702039319379406,25.482343604903566,25.222218921735024,24.987888500979473,24.790182225103255,24.558053417865285,24.349315925361935,24.172183494744257,23.96589856911848,23.780775899415737,23.622799927335592,23.4402549441865,23.27682234267953,23.136593224978473,22.975769077355714,22.832182866152856,22.70832702632968,22.56731516774648,22.44182306500396,22.33302972543299,22.21003662949125,22.10098444409566,22.00599375939498,21.899308255843177,21.805109851895615,21.722675174692803,21.63061851823186,21.54974290164386,21.478574379145947,21.399483576051697,21.330456048224,21.269213446909298,21.201452097259928,21.142798233206914,21.090172751348717,21.032158710195297,20.982421554341208,20.937164059859857,20.88739191163811,20.845159498861204,20.80608944510372,20.76314070464379,20.727084261978845,20.693061101166922,20.65559501594538,20.62467264210312,20.59439662673472,20.561164942075337
T20000logg3.4,61.942503198836185,60.46948110858987,59.14499142353584,58.205408246540884,56.83867612173202,55.6111322401095,54.72540433053862,53.46954682006476,52.341969263631015,51.51595631664737,50.36987393239594,49.34046367682143,48.5759544240248,47.534450506285495,46.59808369241686,45.89387947490033,44.9493434049098,44.09905066038729,43.45208521417434,42.595907860130964,41.82406036832536,41.230348406562484,40.45398674045921,39.75314661961629,39.208505239880175,38.50410132500101,37.86748810815179,37.36796610477733,36.72858823785916,36.15022600545877,35.69226816877448,35.111877016511365,34.586518910084,34.166943940960294,33.640203093201045,33.16317942834232,32.77909381763543,32.30122746994137,31.868341187465965,31.51708686604799,31.0838087222982,30.691276711704404,30.37040875651028,29.97787056072829,29.62229350750436,29.32957748480544,28.974359980331286,28.65272739612557,28.386162042634368,28.065290832093126,27.774986302693627,27.532821105201748,27.243723591765608,26.982457513629953,26.763147518547452,26.503517489363237,26.269201960432046,26.07131559768638,25.838984892573983,25.62963596321874,25.451783170142182,25.24464903604489,25.058334795150095,24.89912873509861,24.715137323899743,24.549978977053,24.40804196556545,24.245226783340403,24.099430143717278,23.973426865643365,23.829935208808113,23.701796459267097,23.590453377545533,23.46453628650761,23.352441657672273,23.254528987126932,23.144518273839264,23.046924053460465,22.961221851785098,22.865480112100666,22.780903149718036,22.706144019406132,22.623049817028498,22.55005938902968,22.48492750388906,22.41288513269712,22.350044716247115,22.293261396303684,22.230727721844257,22.17661446682954,22.126960862196633,22.07246195512843,22.025694875604128,21.982014637139354,21.9341605266714,21.893427358622755,21.854614679651064,21.812092822683056,21.776373985172878,21.741157213832526,21.70274461560191
T20000logg3.6,60.69317249834556,59.34883785290491,58.137959792406626,57.27719515175686,56.02325221706131,54.894975632026785,54.079012013898996,52.92044150613999,51.878310926454255,51.11298771583613,50.04979958559743,49.0931391901353,48.38075188605435,47.40933774874219,46.53451361991386,45.8747208828145,44.98925042610138,44.190900581551304,43.58165104906942,42.7752954854698,42.04736238234641,41.48571463725538,40.75154706743119,40.087998521038735,39.570729265186756,38.90227124240847,38.297507819094506,37.821482158127,37.21291925730539,36.6619135565028,36.22423414800646,35.67039984500856,35.16865317649524,34.76665949332031,34.26290271830359,33.80632975599865,33.43753633658218,32.97962118049168,32.56448244805799,32.22655028978937,31.810602144543708,31.433472191911545,31.124205566486843,30.74671207343362,30.40448609470226,30.121856611966834,29.77967768170844,29.4695875818237,29.21176329915494,28.902148175430955,28.62177177980203,28.38713600295812,28.107691635514424,27.854896803435373,27.642012026729333,27.390581115981885,27.163413959129162,26.970939176162474,26.74548790769145,26.542085054984234,26.36871284203954,26.1672566927753,25.985796541681164,25.83021786621735,25.650825380878544,25.489541853615766,25.350461475211706,25.191280317538617,25.048479946312735,24.924636596147,24.783915832633415,24.65798504120116,24.54817580002257,24.424258944767793,24.313669746960304,24.216718345971593,24.108011169040793,24.011294307230273,23.926022353860546,23.830955942526952,23.74671182504835,23.671875820978578,23.58889013111236,23.51574246430336,23.450073532587318,23.37763355054209,23.314187305293828,23.256461218104747,23.193075975078838,23.13795037841347,23.086988877287055,23.03123112171858,22.983079445724947,22.93776635285509,22.88828576281951,22.845848560611124,22.80509322477476,22.760617417405996,22.722915969673497,22.68547341751024,22.644819057847517
T20000logg3.8,65.0397942308598,63.75445916841839,62.59236254451528,61.76299082475259,60.55141815183211,59.45718023649901,58.662456263493354,57.531180742791875,56.5098844675211,55.756451801012325,54.70752430051134,53.76039469697888,53.051711722972065,52.08375390108313,51.20917901997329,50.546242855245396,49.65565476233918,48.850260696007275,48.23240131715501,47.41439819153668,46.67390536380883,46.09945680660127,45.348838844988364,44.66870127367307,44.135528971281644,43.44720637294256,42.82300155338231,42.32884361613749,41.69805255307944,41.125636391238345,40.66825926738484,40.09060687845708,39.56613748908302,39.14337986540598,38.614794051723976,38.13467508873206,37.74442871644522,37.26109069160418,36.821941335813165,36.462148919093416,36.020497767831834,35.61915508086079,35.2878288466591,34.88456934147127,34.51811436775808,34.213375269902656,33.84552088916007,33.511317058828936,33.23143841593069,32.89634666644952,32.59206790938626,32.335510950292374,32.030872788311456,31.75446434275927,31.519854768131538,31.243588035414966,30.993156918455178,30.779203421853822,30.52931799581689,30.303039615523303,30.108465732080465,29.883012527154847,29.67909471018357,29.502614999405722,29.299677574621576,29.11636439094757,28.95669119634003,28.77441835751374,28.610016266268474,28.465887046648007,28.302517042026516,28.15540107778189,28.025598261724152,27.87945252983634,27.74807464093528,27.631401066981702,27.50085678479369,27.383733447739033,27.27896919034148,27.16241697117995,27.05812728167617,26.96397274389475,26.859803759956982,26.766916176649513,26.682065788828133,26.58868439850145,26.50573510851561,26.428919285561,26.344769631056433,26.27031418649183,26.2003087115856,26.123908050841912,26.056522297287696,25.992194224445463,25.922153056603285,25.8606474748256,25.80077852010709,25.735808637736664,25.679222191154977,25.622527563890547,25.561441876693937
T21000logg2.4,46.13000158589119,44.37496010337091,42.817412682648,41.70396661026015,40.113850281187844,38.703728690422416,37.67755942407905,36.24878425478346,34.981834055402565,34.04508360507932,32.768597671027635,31.636179500624408,30.786795506058652,29.650441202907896,28.64154239164632,27.874826734473416,26.86522157117161,25.968038209242998,25.277944559082663,24.3818733697472,23.58490536611104,22.96499892986753,22.170228597414763,21.462912854357892,20.906990023798315,20.2026531636843,19.575616133496105,19.07801062168624,18.45460711921931,17.899617949070517,17.4552331085233,16.904408127131624,16.41418028390501,16.018383193514044,15.532703255505979,15.100724874106087,14.74926141660534,14.322086580357443,13.942533700772731,13.631511230394814,13.25695227276572,12.924660599736695,12.650567837096439,12.32345919494754,12.03390404495158,11.79362791436904,11.509498409720976,11.258763137063683,11.049586161969831,10.804601459030579,10.58931755447475,10.40888409419141,10.199743058709794,10.01699115075316,9.86323637521327,9.687042156121484,9.534236794522965,9.405306117502715,9.259448469333508,9.134236304353145,9.028414917084497,8.910465741477115,8.8106426730522,8.726288205303332,8.633947844981842,8.557423169142131,8.492947881157093,8.424026568671541,8.36876035350236,8.322655171046943,8.275042048649286,8.239061375362693,8.209820919291163,8.181445717763738,8.162821595788852,8.14892167179299,8.137742945779918,8.134536477012363,8.134480526470139,8.13848478753629,8.148873771634857,8.161075364849335,8.178301582978133,8.2006090837844,8.22342250352248,8.252001440214023,8.284491006336639,8.316470460607148,8.35464731094888,8.39568658127587,8.43545611502594,8.481606213636672,8.529734392180735,8.575947827846,8.62857974951676,8.682400397869959,8.733852097602558,8.791599274858735,8.84982058710687,8.905403356047419,8.96702523810277
T21000logg2.6,49.35286686959537,47.79763104297565,46.41345247979925,45.42082906838161,44.002599510911665,42.74240787243375,41.82289897716936,40.54345643869283,39.40738914625115,38.56553590752387,37.41987329220717,36.40245593829174,35.63788091442209,34.616504642039274,33.7087474341708,33.017715959394835,32.108820030507054,31.300060525363605,30.676917456748235,29.86811222727284,29.147428275797463,28.585770755009015,27.865255727079802,27.222403070846568,26.715927554370136,26.073174442236567,25.49910539994506,25.042120235752122,24.468132632664073,23.955143702645103,23.542756576450387,23.02997827370242,22.571571919695266,22.199619627171813,21.74164918066831,21.33228638466925,20.997179241267734,20.588538302737035,20.223466108358288,19.922093553088587,19.558083550202003,19.23320572514471,18.962860466399214,18.63940458027775,18.351142109481998,18.109426667751578,17.822954645693713,17.568170256528383,17.352962042491562,17.100378501355426,16.87635430026414,16.685810603535842,16.464465354253576,16.268864829250575,16.101399979283237,15.908990407632913,15.739750980029726,15.593948961950096,15.428365759172674,15.283563144458437,15.158068491959483,15.017268877830583,14.895022622247197,14.788460597344084,14.670413367184606,14.568861484406966,14.479821217773848,14.382533878964846,14.299860406275862,14.226937693310242,14.148502356679925,14.082978619456204,14.024806234493457,13.963428038117238,13.913408103378188,13.868701962564158,13.82269219771668,13.786553601321046,13.754118656164254,13.721823474721251,13.698034586354007,13.676588313089876,13.656357074120715,13.643603656529695,13.631634058988254,13.621844654981313,13.618624976750407,13.614859837422316,13.613971935088689,13.61879469900428,13.622089327602207,13.628676741774091,13.64030515276413,13.649434687357383,13.662177294602587,13.679419869472994,13.693260109984502,13.71091121000428,13.732531053353727,13.750108682663157,13.771494047416773
T21000logg2.8,54.00013477848264,52.41099274874549,50.994879914885736,49.9831608001608,48.53306482402161,47.24293909209662,46.305428480849926,44.99661210194788,43.833001709135324,42.97455845700547,41.802291465115594,40.759881462582854,39.98025807029492,38.93491691597577,38.0044664935335,37.29973430472325,36.36892935833093,35.53914650967303,34.90316208775464,34.07365235907101,33.332835077949255,32.758593361626424,32.01775412858568,31.354956389188843,30.835611649098617,30.172286251910375,29.57795580111369,29.107427805844203,28.512231244790378,27.978368417104967,27.55153874103826,27.0167405846857,26.53673762331395,26.149367932242683,25.668565839688636,25.236916897305015,24.88545982472204,24.45326901152308,24.065320370865656,23.746759947823104,23.358615323683075,23.010393834781,22.7221364661832,22.37410601508677,22.0621584358981,21.801924728654292,21.49056813535327,21.21187529248867,20.977656285353863,20.700003119754456,20.45196006418241,20.24201906326887,19.99552587643278,19.775888809967412,19.588726023224233,19.37117167430516,19.177948700404905,19.01221634219014,18.821547141948436,18.65285695707778,18.50724695096042,18.341451486393822,18.195438873899285,18.06862118152125,17.925702433739893,17.800534777720756,17.691152535547374,17.569162818483314,17.46305811742965,17.36975905930965,17.266832006566055,17.178107434446684,17.099555989282642,17.013925960994616,16.94099931436981,16.87590002987648,16.805892886356418,16.747210092769706,16.694328269451695,16.638296045738795,16.592279095580096,16.550401485363196,16.50669679112599,16.471757976853738,16.43966524565167,16.406670946416398,16.381540905041273,16.357743569557307,16.333911499803236,16.317226099297613,16.300434898221635,16.284313784236673,16.27465914260918,16.26378544386482,16.254025624936293,16.250126682125714,16.244080502072602,16.239407417843935,16.240204908609563,16.2377946241253,16.237010799637726
T21000logg3.0,59.58192666339892,57.95885376350235,56.511049300018044,55.47206128001105,53.98483378334966,52.660319250612346,51.69324118209429,50.345118205875366,49.14533290163926,48.25572445714016,47.04286398487973,45.96324829008353,45.15145100980389,44.064940875590636,43.09685581442971,42.35941926257552,41.3874235347226,40.52004813039935,39.85120760636359,38.98088170159866,38.202847310482774,37.59587187437921,36.814860012686744,36.11545117778003,35.563690748285204,34.86101477142456,34.23082312826037,33.728325837908685,33.09470333905517,32.52581905293533,32.06755453767436,31.495314223197603,30.98118630957709,30.56297832222361,30.045756721451816,29.580913758370365,29.19925897618116,28.731695612698935,28.3114963029331,27.963401927618126,27.540911366630205,27.161362251112365,26.844232174194453,26.462844379024595,26.12046605263759,25.832014820133555,25.488263034650444,25.180014247726845,24.918228340474396,24.60911490948432,24.332368031933814,24.09550538435154,23.818461239043312,23.570946013466738,23.35749714553053,23.110262400819014,22.889943042112343,22.698533828463095,22.47900004605914,22.283945416177538,22.113236756909544,21.91933829125031,21.747640367082298,21.596269515562298,21.425958237182947,21.275740458712782,21.14231632277942,20.993597662273146,20.8630566409176,20.74618031026157,20.61714418710877,20.504605189543724,20.40286079099649,20.291701238451985,20.195542576699268,20.107604797704663,20.01260322347935,19.93119159428818,19.85583084023579,19.77529684556732,19.706959322195214,19.64298223092082,19.575231927143427,19.518641202623357,19.464504574413102,19.4078839978225,19.361656878544345,19.31591189970939,19.268829186250667,19.23139893226572,19.192877841931672,19.15383591499343,19.12373556419271,19.091316425960294,19.058919087245712,19.035012975590078,19.007385492514434,18.980319345206887,18.96133557085301,18.937455185143044,18.91449579166219
T21000logg3.2,59.64975097261109,58.08786098405601,56.69162005624368,55.696015186080686,54.261786816562264,52.98155244460463,52.05305906538571,50.75000101762301,49.587563676614835,48.731696790756004,47.55663801619944,46.50810332597948,45.7254770487439,44.67038365602226,43.727904107547424,43.01550652607911,42.06945452903164,41.223022027515114,40.575604198043195,39.726635808201,38.96565381010539,38.37701311680631,37.613571966809275,36.92801918797799,36.39200048935157,35.70380939450862,35.084878667742885,34.5959665471688,33.97432567088435,33.41459137705242,32.968106447062965,32.4058050714354,31.899103542842717,31.491152301627988,30.982187838270804,30.52334411554056,30.150639839245816,29.689909219443727,29.2744911442838,28.934193129087014,28.517291028759317,28.14145307806891,27.831071886290868,27.45416884921402,27.114549797905106,26.831887905925846,26.491635444453166,26.185294612966764,25.928414789869258,25.62191110293574,25.346304717633082,25.11352620491145,24.838280779319504,24.591201546067445,24.381057559443015,24.13485657594537,23.914307220167103,23.72544858486735,23.506219639925654,23.310304753061356,23.14141889662924,22.947137256999348,22.773991399326572,22.62374796608636,22.452410540935425,22.300192176419486,22.167254127172622,22.01692536124029,21.8838639995551,21.766909240570186,21.63574593692667,21.520154648610575,21.41789623416859,21.304152061990596,21.204471784504975,21.115622370995634,21.017629764265358,20.932381654530992,20.8556475597815,20.771763447799337,20.69942958903127,20.633551631713598,20.562137254367496,20.50115914459097,20.444911381758168,20.384354041281775,20.333179865061595,20.285358721905904,20.234101976745492,20.191530327242944,20.15066845108247,20.107239952569117,20.07201425738978,20.036827631341247,19.999850568047133,19.970621603721963,19.940055873778924,19.908238517989542,19.883710789330348,19.856795163358793,19.82893650168668
T21000logg3.4,60.949699730078166,59.449203311156836,58.10510035309518,57.14574570949291,55.760355807163265,54.52104456127201,53.62117283949261,52.355125484323224,51.223174850520856,50.3885863130518,49.23993662533312,48.21265247718844,47.4446455544681,46.406928176815434,45.477948025347295,44.77448673472128,43.83855371726321,42.999486216570126,42.3564587652789,41.512109974223385,40.75390958943478,40.16624405405225,39.40348505437285,38.71747323275168,38.180014405096074,37.48983058596948,36.86826227579726,36.37629203874734,35.750921196692175,35.18715359241805,34.736582811335815,34.169473782590146,33.65787300439904,33.24520542473851,32.7307722944035,32.266496781262575,31.88869367189357,31.422080379648886,31.000896530405136,30.655262163429775,30.232207546184164,29.850379419141355,29.53450021333441,29.151242236987915,28.805461773852976,28.517173910704244,28.170400718305167,27.857760338885388,27.595145735855557,27.281985144609592,26.999964260617876,26.761353409699648,26.47932724789684,26.225727179170725,26.009653712094366,25.75655082581076,25.529372299030847,25.334478337913893,25.10821546667008,24.905552375935777,24.730511005539398,24.529056570946622,24.34904060538219,24.1925154633411,24.01387363243937,23.854668080421124,23.715326921348492,23.557571298656743,23.417414442144953,23.293940764476332,23.15524478561854,23.03246786486176,22.923584797654474,22.802219518333953,22.695289829010825,22.599706861851317,22.494016027097988,22.401479558708722,22.317896172683138,22.226251466549346,22.146607573345023,22.073773595743564,21.99455377780636,21.926256959108095,21.862963343702894,21.79457840172789,21.736098119168187,21.681157291345038,21.62206859328632,21.572230936194273,21.524177014135162,21.472927524266623,21.43049230077445,21.388048618082138,21.34327036976731,21.306895995152587,21.269016774660336,21.229425563464012,21.197815237279915,21.16354478504317,21.127948490377573
T21000logg3.6,61.541766943991625,60.11867952398859,58.841354330825,57.929522731006486,56.60876370180017,55.424748721572854,54.564747439808436,53.35104215399491,52.26348665954561,51.461226750385464,50.35370708847021,49.36101290396246,48.61837169945465,47.61206953274193,46.70928497861542,46.025117275710585,45.11256402139075,44.29283248747774,43.66407517086523,42.83676402741582,42.092537519030714,41.51518781166253,40.76465436843813,40.08856824982583,39.558429882085456,38.87691723042203,38.262295068200345,37.77543859189489,37.15615544944317,36.59716218473919,36.150094621108735,35.587179995231715,35.078753806303396,34.66840064337573,34.156747769068616,33.6944392705315,33.318049505636544,32.85312007733689,32.4329506892747,32.08801194814469,31.665744225926815,31.284144044016152,30.96836027738155,30.585128247926924,30.238903618758904,29.95018891728504,29.602780792326612,29.289110285276024,29.025603514382944,28.711225786432927,28.427654653257374,28.187727665460855,27.903956952237053,27.648332552013006,27.43054550685554,27.175205492953122,26.945560291958056,26.748572510459162,26.51961251554789,26.314071804467122,26.136575107855787,25.931996880833285,25.748723981834292,25.589402188654645,25.40724886816193,25.244447194950265,25.101989775151807,24.940378821052057,24.796317329610723,24.669449054506643,24.526594943848046,24.399639550244622,24.28711139271467,24.161320461370618,24.049943570230194,23.950515353308692,23.840161424184686,23.74294497375391,23.655325167940966,23.558803776626043,23.474301821648748,23.39722654707984,23.312943115106712,23.239662419368166,23.171913574762694,23.09830007072899,23.034707523263044,22.97513603616831,22.910676851983602,22.855549729893,22.802775376725545,22.74602976650402,22.698228156937923,22.650897558645795,22.600510052874036,22.558748118122402,22.51578277807932,22.47048110756185,22.43346614096631,22.393930729320708,22.35253709214345
T21000logg3.8,62.11694383764238,60.789925677638315,59.596502874328536,58.74210701297608,57.503406243660805,56.3907254790407,55.58000663401826,54.434910610144264,53.40676590750496,52.645770505475504,51.59454798066127,50.65045170972536,49.94161521205454,48.98079857317917,48.117210662523945,47.46024295949863,46.58404272521922,45.795614311321366,45.188441366493265,44.3899937925927,43.67062869858481,43.110242826934346,42.38256772196885,41.72618758923308,41.20929638763759,40.545878034667865,39.946860868210024,39.470283684659364,38.86530631043669,38.318648385709,37.87948623078694,37.32785159475992,36.829135995469024,36.42477597161705,35.92195531709879,35.46721927817298,35.09525804420501,34.63715024302512,34.222788369352735,33.88098131626342,33.46385718418892,33.08658025514263,32.77283036979246,32.39331188126218,32.0501376710983,31.762506644112232,31.41757285934239,31.105845235269165,30.842587341063904,30.529596041121867,30.246988393662924,30.006562564130935,29.723205586162386,29.467666854434185,29.24870183969331,28.992903043606812,28.762552974044812,28.563766730646414,28.333554167956684,28.12658422811611,27.946711406988154,27.740154709783774,27.55478825228939,27.39255801325804,27.20776768202833,27.042263563557533,26.89641714944913,26.731579044028404,26.584281500887464,26.453574539773292,26.30696271720661,26.176312677487534,26.05951166179296,25.929482074540815,25.814071677087604,25.709895415874076,25.594865940391877,25.493287787264613,25.400503812258574,25.298911617930575,25.209700637581303,25.127130308685448,25.037419310355915,24.95904972183122,24.885567527545014,24.80620638824963,24.737295059487916,24.671659052787916,24.601164192490998,24.540644482407885,24.48136644523187,24.418324058574097,24.364935200204336,24.310825681075983,24.253906824397998,24.206321732440045,24.156389178186682,24.104350790337424,24.061341794082445,24.014635337371082,23.966328026001392
T21000logg4.0,66.6607583832208,65.39719781196777,64.25886553423298,63.435893088368175,62.244403775898995,61.172349877307255,60.38300301482087,59.27014341740761,58.26941429721302,57.52039599552528,56.488206650875966,55.559999000317816,54.8547994444953,53.90188874459584,53.044562122129214,52.38417588877107,51.50692406839093,50.717080384994446,50.100817412990764,49.29442790705339,48.567780983193686,47.99395422858969,47.25324087319832,46.58525587824843,46.05171938429218,45.37160519037143,44.75788324195964,44.26237460097352,43.63814962625115,43.07461238480022,42.61493228115535,42.04230426990472,41.525214726777286,41.09926994314138,40.5742941269157,40.10018835973901,39.705961002578235,39.22497450810335,38.79062245881445,38.42616002731,37.98575557346796,37.5881425477142,37.2515615389385,36.8485893426826,36.48493212585708,36.17444938538217,35.80604630969148,35.473822207548,35.18779382029619,34.85142312304035,34.5484016923914,34.28536317781432,33.97879326164291,33.70298677059913,33.46161594356788,33.182819789348336,32.932388775967354,32.7114354078041,32.45847508383397,32.231635326976004,32.02986128299682,31.80083364795304,31.595832272795594,31.41198086681549,31.205014308257077,31.02013488083223,30.852934737297687,30.66621439611668,30.499895576252776,30.347990626433166,30.179776386339444,30.03052784920588,29.892577412968862,29.741203164019513,29.607472528869476,29.482283433319537,29.3461322314891,29.226266019771288,29.112775570506045,28.990246114197557,28.88295562676998,28.779733156481974,28.669235481390324,28.573473038712763,28.478838247886518,28.378803027419515,28.293152357911104,28.20581859066307,28.114728712720172,28.037631599268877,27.956530007529498,27.87294304511725,27.80302134232963,27.727022615760298,27.64959042813518,27.585496338351366,27.513590632243133,27.441062305028545,27.38144304950225,27.312786943735034,27.244016300853673
T22000logg2.6,52.684985907943314,51.03188847818336,49.56376122596647,48.49978033429187,46.98997751601293,45.65147533138436,44.66378458683131,43.2996503459494,42.0912428004892,41.18499021942371,39.961451669867266,38.87753719601008,38.05254208566414,36.959785830036736,35.99112070660584,35.24368850684476,34.26960812782688,33.40530471095884,32.729781433635246,31.86169706274863,31.090597524021135,30.480520771890887,29.7062931994235,29.01784615103221,28.466757647732965,27.775439243226497,27.160212856767775,26.662185161761805,26.04429854202025,25.494180284783717,25.04405571395942,24.491582194979365,23.999672694423253,23.59301395608535,23.099100008295405,22.659470075142657,22.292408665425068,21.851155064528214,21.45869735754589,21.12786826529898,20.7342091574112,20.384514352001187,20.086983330831135,19.73652516216567,19.425745358199592,19.158915159718344,18.847808111573844,18.57256666602288,18.33413484189547,18.059045462305914,17.816425728282276,17.604405310084903,17.362492364162193,17.149990857568177,16.962679315973283,16.75147921127281,16.566892498816603,16.402772695878262,16.22003783835386,16.061321150449075,15.918935919018152,15.762483387852068,15.62762844340956,15.505497990412572,15.373151203678098,15.260184185324253,15.156760783809123,15.046373773286561,14.953312711016595,14.867097029509168,14.776617444697655,14.701531799236637,14.631114272509222,14.55862179653945,14.500091952384697,14.443746737080325,14.387439192059825,14.3439084282027,14.300178619761176,14.258295839950028,14.227920299990926,14.195631187347935,14.166405287260082,14.147623145769312,14.125282086130255,14.106968552352551,14.098122912726488,14.084381172229747,14.075323167631673,14.074779618986511,14.068418949749475,14.067090330252173,14.073352555133006,14.073224403108508,14.07822567614048,14.089939528521512,14.094933929152944,14.104957113608693,14.120863610693569,14.129908755105276,14.143725687693504
T22000logg2.8,52.061882027947284,50.48397792361861,49.079668838964395,48.06993676448917,46.62978930878679,45.350338066640504,44.41430771188682,43.114448472057255,41.96058113599671,41.1032905761978,39.939121233815456,38.905620291291754,38.12691350346371,37.08893058335089,36.16669697389645,35.46275796327881,34.53882041638727,33.716835491008716,33.08171986624674,32.2589218282765,31.525784364529496,30.952693244051066,30.218686956564312,29.563683024122167,29.045921860145803,28.389714658217926,27.80340901530934,27.334962506991232,26.74723444092001,26.221670030509667,25.79743317673779,25.27045571896329,24.79902035789774,24.414735494521274,23.942068020892503,23.51921916855249,23.171295581502992,22.74750810230269,22.368556896591855,22.053941507941094,21.67443208677693,21.335374128019232,21.051439305312726,20.712239356883636,20.40959384186012,20.154028588296413,19.851671466505493,19.582396593531506,19.353165985204235,19.084656322342845,18.846129433716413,18.64147941733162,18.404262174739696,18.194229899432166,18.01265340533229,17.804502008105384,17.620964787294138,17.461108053905452,17.27996616542366,17.121040164115463,16.981594490555576,16.82544799495288,16.689273476179924,16.568890564351392,16.435715591732993,16.320444480571595,16.217717043667218,16.105517546215975,16.009369019165405,15.922852642740054,15.829711595047126,15.750962887575337,15.679268599883503,15.60337801837938,15.540323832064669,15.482199288744104,15.421849010651313,15.372851353658138,15.327078998728613,15.280590473337167,15.244328628408862,15.209370276422128,15.175060141567453,15.14999487194073,15.12450428729103,15.100717205412536,15.08519054956076,15.067988603139614,15.05314749110648,15.045782419500963,15.035542072124281,15.028185875136618,15.027714114999405,15.023179022831116,15.021960640400593,15.027027903272046,15.027188539422458,15.030845768218438,15.040208728216435,15.044070577361559,15.051422253928598
T22000logg3.0,52.59647315574301,51.078487052778,49.728177535692055,48.75801938331421,47.372096727483296,46.141418311815144,45.2417974363835,43.99059971617374,42.8805058011662,42.0564671078485,40.93585997284234,39.94156394948443,39.193117140857794,38.19406927194093,37.30685577448288,36.63032687749381,35.74099894518573,34.950055247338426,34.33952533993691,33.54713562787213,32.84115848446284,32.28979920450567,31.582099301863437,30.950479510363238,30.451594439058482,29.817763434344158,29.25125374507782,28.79890902085309,28.22987624861522,27.720772897529073,27.310010371410776,26.79835920725837,26.340345339387074,25.967099220282098,25.506738645042905,25.09460081890987,24.755513127001404,24.341373002078775,23.970743893007356,23.662994411670613,23.29079695943013,22.95796078073954,22.67913705056401,22.345198149489967,22.04692647910154,21.794910524295666,21.49601063062304,21.22948329972644,21.002412778578126,20.735768928138906,20.498548171471093,20.294811623553404,20.05803749420336,19.84801822270719,19.66622199755316,19.457220059318995,19.272516559467178,19.11139718337643,18.928217822195933,18.767040284292058,18.625363375428318,18.466089329887236,18.326673758120695,18.203166542019076,18.065886995394493,17.946514743337183,17.83983890443723,17.722681117430277,17.621704548694467,17.530489662803554,17.431651438770913,17.34742229200327,17.27039219211077,17.188157729330772,17.119022704039164,17.055018501802813,16.987744840484694,16.932206085117834,16.879979720818625,16.826046694705333,16.78282110565886,16.740903486943886,16.69869778133934,16.666238726879968,16.633419791360325,16.601360003188947,16.578077261628366,16.553233444133046,16.529804848638197,16.51448026463754,16.49622709746691,16.48001628862459,16.471341723179773,16.45854072843681,16.448238320950967,16.444888114436555,16.436566028353077,16.430945939888545,16.43172020042375,16.42690814242868,16.42482804671209
T22000logg3.2,54.78165744057842,53.289494777739094,51.95989246188022,51.00567944055065,49.6402300408997,48.425568762326805,47.53871764104071,46.30297570475864,45.20459476758241,44.39029198371681,43.280720940113376,42.29439225412924,41.55295092068862,40.56117706999137,39.67873746925608,39.00681296312036,38.12156943764059,37.33268291524893,36.72465747203269,35.93364084063603,35.22740836810287,34.67672508741415,33.96810290855441,33.33427419089077,32.83448982909233,32.19780944962666,31.627457825738738,31.17286895219739,30.599395800411436,30.085105810625173,29.67096436868698,29.153574414034445,28.689280349761574,28.311706903884804,27.844561895595547,27.425262147198538,27.081056202642564,26.659283026741477,26.280769163342484,25.967226870580703,25.586683800687656,25.245351676158723,24.960142358012945,24.617249973747874,24.309964521473454,24.051043491361092,23.7426756748124,23.466698791912663,23.232269177717267,22.955726008331503,22.70869131862426,22.497195837223956,22.25015157181643,22.029999240923075,21.84007473953371,21.62046344660986,21.425331710892706,21.255726294723264,21.061613971588326,20.889726594188282,20.73921994591494,20.568711552398156,20.418325158711415,20.285671345928538,20.136894134264146,20.006293203978686,19.89022179001304,19.761347542889244,19.648909662597696,19.548105438633954,19.437380645451604,19.341570372061632,19.254726238415824,19.160475027324093,19.079747249150635,19.005660187607774,18.92626806443458,18.85904114046808,18.796598139645365,18.73047592503762,18.67531344900998,18.623257210420775,18.568824396805216,18.52449402772974,18.48135930705717,18.43706461907501,18.402098417485405,18.36669529142718,18.33104866868404,18.30394343635942,18.275210228657485,18.246806705030977,18.226387128927406,18.203063603654236,18.180591312110725,18.165688703604758,18.146641432326298,18.128870033645562,18.118226370242926,18.102544046559963,18.088333522836294
T22000logg3.4,58.8294335579531,57.347590711363495,56.02456139628509,55.07150659026024,53.70708280405069,52.490866743840826,51.599233792525645,50.35634768704697,49.24930268299368,48.42487477580553,47.30122297841255,46.30027426959785,45.54413385208386,44.53273328354084,43.63102421726549,42.94076910118976,42.03186989925961,41.220450868781256,40.591508581889606,39.77429382483005,39.043565917892934,38.47038004749576,37.73427081319462,37.07504396423977,36.55199744769273,35.887483225033534,35.291600366406186,34.813595790845156,34.212565492379156,33.67310578790307,33.23578786386458,32.69147872458572,32.202661352604736,31.802380726005836,31.309136868674358,30.86609373103763,30.499763094827454,30.052779861656703,29.651348918896865,29.316309169021995,28.911445194866573,28.548015575540514,28.241935990352815,27.875575949094923,27.546974558252924,27.267783288726843,26.936747505701785,26.640185485052548,26.386046138768087,26.08758015386602,25.820644300051697,25.589966152902115,25.3216950572064,25.08228193510163,24.873671465477635,24.63348684329369,24.41969585793365,24.231876147145574,24.017808226189416,23.82782768830931,23.659559998622598,23.469681277242515,23.301735349770816,23.151743065853726,22.984136226821537,22.836479856719343,22.70344603325618,22.556238580000603,22.427257974415394,22.30978440208883,22.181173600414652,22.069281207285243,21.966027924210888,21.854294587955586,21.757842756502434,21.667636515502558,21.57112765252766,21.488547969261838,21.41019048335723,21.32727404833605,21.257379137186156,21.1892866534482,21.118339891962087,21.05966026205389,21.00052784439861,20.93996148243419,20.890852841577097,20.83959641690124,20.787885741866774,20.746981895679895,20.702340549704537,20.658054410885754,20.624106344883508,20.58484819570464,20.546656731387504,20.518285679111766,20.483458784830148,20.450120028376872,20.42605474308924,20.394738655011064,20.365101623671755
T22000logg3.6,57.10966216482045,55.729116297702134,54.49412493699175,53.6086640890632,52.33443940387717,51.19619631907506,50.3657770440312,49.20189257892788,48.16287059489565,47.392988785707104,46.33777606222456,45.39558195472292,44.68753805288555,43.73504676305659,42.883788970528016,42.23569147568614,41.37735537366926,40.60914971170583,40.01708288957156,39.2432843090309,38.549592965527225,38.008709716485896,37.31001400431764,36.682651557771365,36.188039065436065,35.555966885775305,34.987671563769666,34.53487409123642,33.96219509731077,33.44680308540246,33.03201196233148,32.51268686992499,32.04502934752673,31.665037075709872,31.19396318168448,30.769631109147387,30.421677818771215,29.99445445375129,29.60961768459826,29.291274488547206,28.904044641328085,28.555332439569362,28.264433660238076,27.913801778108663,27.598232297743294,27.332837736193756,27.01581412176724,26.730765350545347,26.4891551463165,26.203150253815323,25.946347926760442,25.727023891651474,25.469791839040134,25.23924125056155,25.040878335298082,24.810405157312854,24.604286468676587,24.42565265000717,24.22003393667032,24.036601998956336,23.876483915807547,23.693856485360033,23.53138825742427,23.38856713914961,23.227101314515636,23.08391678100967,22.95715754544915,22.815080473057343,22.689563376837196,22.577639517001057,22.45325666046758,22.343916200338597,22.24557543164901,22.137273979479282,22.04270341837308,21.956708768151643,21.86293546931669,21.781696034107256,21.70689101941731,21.626110916303897,21.556690810157157,21.491984005646845,21.42266857272262,21.363703909910225,21.307849366694395,21.248493983624243,21.198867131199755,21.150399940705928,21.09954944027333,21.057917761706715,21.015669676098277,20.971942833793847,20.936909444230505,20.89988014625894,20.86198212448083,20.832354925592444,20.79946982917117,20.76618767908481,20.740902573217923,20.711092035704873,20.68130356689175
T22000logg3.8,57.04439146508839,55.76249540558736,54.61294652487301,53.79002059103246,52.600177936210834,51.534568248286874,50.758296321441506,49.664977646364534,48.68635289224076,47.96225511508177,46.96488886930227,46.07196300458799,45.40186218879147,44.49605548399015,43.68440498713686,43.06729486272171,42.24626690266912,41.50963412443293,40.94267995338051,40.19861506856382,39.53005730376259,39.00952515136724,38.33462328183987,37.72736681322958,37.24935502617678,36.63649435065804,36.084425000157154,35.64530745713428,35.08831355836237,34.58615459220591,34.18276736676049,33.6763837748109,33.219614052407394,32.849217617092584,32.38890269490333,31.973578875560477,31.633748260048378,31.215492979602395,30.838108075181225,30.526645403368832,30.146865843095455,29.804274092768974,29.51917068337193,29.174666168903137,28.864053724636417,28.603486313188707,28.29142051220871,28.01029819089565,27.772638529088997,27.490543655590777,27.2367443777869,27.020568283141245,26.76629734677203,26.53790941081295,26.341946056951958,26.11356075908666,25.90882902662999,25.731888169965007,25.52755167440152,25.344791191369062,25.185701001732724,25.003613787263923,24.84116094117727,24.698742694299366,24.537135053579323,24.3933613471107,24.26642939378101,24.12359218384706,23.996939210348778,23.884314545007292,23.758618458856095,23.64764376585548,23.548131345553905,23.438022565679578,23.341383808818595,23.25377450372836,23.157748847721884,23.07406604317202,22.99722462074389,22.913793907928884,22.84162624303442,22.77447258809288,22.70215624436556,22.64008932230161,22.581510674847937,22.51885027537225,22.46582254844467,22.414376964428715,22.35995773003975,22.314743088801702,22.269213163707054,22.221686389125296,22.18295418834389,22.142333775474896,22.10043419363933,22.066925694549244,22.03025831762524,21.99279961055207,21.963482936228203,21.92971863736664,21.895608780569056
T22000logg4.0,58.562046430203665,57.35453730256111,56.26965010237463,55.49000257875829,54.36112873687205,53.34819248026588,52.60717869193445,51.56218083746032,50.62503915234588,49.9284726453574,48.96802318461698,48.106594059799036,47.45697120720901,46.57824275111235,45.78958239408645,45.18684855209305,44.38480699741329,43.664235460273304,43.106639608272786,42.375175529404714,41.71724639923232,41.20211860170579,40.53493890924234,39.93416866325309,39.45854110074055,38.849748877391626,38.30106468622719,37.86207319263269,37.30642774365982,36.805330930826464,36.40038000520644,35.893306589885434,35.435847296636865,35.06261648772561,34.60006955131092,34.18271650169751,33.83908211055611,33.4174083016982,33.036953208247944,32.72093589378788,32.33680786098644,31.990318651457542,31.700063878461528,31.350458101428906,31.035271271718052,30.769061831811015,30.451272991125045,30.165011722153494,29.92129830971557,29.632955602989867,29.373533389739706,29.150945809096807,28.889974108446417,28.655545935028947,28.45286092166933,28.217384496274356,28.006251006042344,27.82231807078748,27.610549237098038,27.421066753641377,27.25474732807148,27.064930080175973,26.89547148865345,26.74561774356474,26.576026333245697,26.425011933877656,26.290454018378977,26.13941663075265,26.005359655949874,25.884899055693893,25.750813954721668,25.632353904881136,25.52475576829861,25.40609262804829,25.301851172187725,25.20597890559898,25.1012543900275,25.009793669342436,24.924600547486172,24.83234383573253,24.75221817992572,24.6766501264587,24.595393890863726,24.525557477656946,24.4581477924151,24.386443582908583,24.32571241184052,24.26515023040563,24.201590679366753,24.148584321120754,24.09381755760548,24.03706620858696,23.990440991579217,23.940489974056927,23.889292055431767,23.847933400455027,23.801716387355487,23.75490120768199,23.717619159626267,23.674270616797266,23.630760465770084
T23000logg2.6,39.54876035056614,38.274728074528475,37.14283156733551,36.33613574093786,35.18028592032192,34.15491491705321,33.411510885536536,32.37403616495224,31.454391659248678,30.777464670301285,29.853598383578998,29.0346851040903,28.42363558749495,27.605111908961756,26.879113649747865,26.330596119755132,25.607203167181545,24.96487277624134,24.473905036072065,23.834889013786345,23.266749641076828,22.82772247174809,22.26288897862484,21.76012588269964,21.367592791803993,20.867976107257864,20.422919950489668,20.07205929921611,19.630109984351076,19.23631745265527,18.923046305099188,18.53247336856439,18.184536687428107,17.905394553468774,17.560856207001763,17.254132469353017,17.00610312183083,16.702960168484257,16.433402898771064,16.213818563056982,15.948034487971123,15.712118545585561,15.518628612154153,15.286703348217003,15.081367350240363,14.911912591100268,14.710833035861889,14.533437191025177,14.386233386063898,14.2134172993253,14.061692102773986,13.935197565741522,13.788425060385805,13.66040768576242,13.553275009005871,13.430593430006896,13.324535701460778,13.235542829455492,13.135168429501423,13.049459368837928,12.977453285760896,12.897701223410856,12.830814161378685,12.774665996630192,12.71391490942291,12.66439152728329,12.6229757450658,12.579667706873995,12.546056156278777,12.518321430239059,12.490963698520506,12.471807102482911,12.456783842563562,12.443940947046073,12.43787865706668,12.434566533852886,12.434843930426076,12.440591348948429,12.447942870935313,12.459960210332502,12.476199385778406,12.493200040159904,12.515593756848023,12.541112854944467,12.566667219789766,12.598119430714462,12.631743079562954,12.664791333583125,12.704056824628227,12.744653103233517,12.784202727379952,12.830117623244504,12.876657975794917,12.92172764253628,12.973193663881384,13.024695465438644,13.074339883315009,13.130301912277194,13.185774857005526,13.239117046939814,13.298565461280806
T23000logg2.8,45.609698125005764,44.11038933160626,42.77824934753123,41.81677630362606,40.44835569463137,39.234663715312124,38.34309654692963,37.10795997260829,36.01347817669818,35.196744427769744,34.09073386792758,33.11074978023254,32.36894811060808,31.383368248008146,30.509564708125996,29.83936286538021,28.96303910516154,28.185288086238927,27.58133386344042,26.80234546318434,26.110133413115676,25.56624460936152,24.87315948890988,24.25657684844579,23.766631657931658,23.149241641843044,22.599533573450277,22.158008909185547,21.607600421604495,21.11732077634872,20.71947760805709,20.228735925159096,19.79160836567173,19.433418507860353,18.996150841395576,18.606828780858994,18.28482183964437,17.89573143584329,17.54962426961139,17.26079046745422,16.915320897241024,16.608460244770946,16.350172880739922,16.044372451577672,15.773299100133174,15.543242399158187,15.27366395082976,15.03535551653819,14.831489302152594,14.595150589944431,14.386993335857293,14.207552602417703,14.001899452077982,13.821635251687354,13.66509347773638,13.487883072181607,13.33349803169085,13.198470045921757,13.047627441136665,12.917229797267115,12.802368384703406,12.675864960269669,12.567605421474186,12.471515704114896,12.367328088670366,12.2793876363917,12.200620529506413,12.11676566591417,12.047313091676797,11.984478965993764,11.919046808369632,11.866271497466581,11.818060898178764,11.769239521020396,11.73160544944578,11.69657154630187,11.662637847548611,11.638580056176885,11.615398417611571,11.594665376915316,11.582479130590709,11.569971790485942,11.560765685086238,11.559006485807508,11.555743993833968,11.556431908561303,11.563576112635516,11.568274676005078,11.577308211568546,11.591869124382061,11.603349107034509,11.619299008763242,11.639930111010635,11.657061607497168,11.67861842341286,11.7040867063278,11.725797700908817,11.751743394793303,11.78090372086896,11.806176749267834,11.835385358953296
T23000logg3.0,49.37447158531955,47.8834020701302,46.557861465842514,45.60046876131575,44.237301767755326,43.02768727320422,42.138490558227765,40.90627737940307,39.8138945848656,38.99815706611633,37.893223243298785,36.913741690945514,36.171786323195434,35.185739411569536,34.31105253143207,33.639646854115995,32.7613967424533,31.98139156453284,31.37513800786803,30.592681507766557,29.89675205417499,29.349348116884485,28.651125788245732,28.029254796703835,27.534451285253017,26.91015630916283,26.353512185804433,25.905687863434228,25.346576151294613,24.84770790262513,24.44209214198607,23.94090732024714,23.493621353646578,23.12623524263862,22.676936020692136,22.276040136749625,21.943528683645415,21.541017571525767,21.182108907491347,20.881610416301683,20.521546076653152,20.200853548491253,19.929900521974172,19.608532472934915,19.322772102017364,19.079191560232676,18.79323986845282,18.53953848561407,18.321414854158764,18.068041408706996,17.843914946152495,17.649593354201425,17.42636555269801,17.229662478096976,17.05770879010924,16.86248827731582,16.69128134170827,16.540397071711354,16.37119659127327,16.22366796601395,16.092577462547794,15.947439418251939,15.82181114541996,15.709172875806154,15.586137105373084,15.480677110287136,15.385067605611194,15.282204205243808,15.195155008704354,15.1152057855853,15.030654972983573,14.960245343808168,14.894697270659229,14.826696235443883,14.771431959293128,14.718876615325648,14.665742031611824,14.624186816222565,14.583240123802934,14.543319232917796,14.513778206592365,14.483312219140814,14.454958074726838,14.435915358314869,14.414619032129124,14.396221139917095,14.386293855429464,14.372780655728285,14.36280707678262,14.360476051429991,14.353625284433635,14.350654412336468,14.354513194982248,14.353266221227175,14.35599001123655,14.364788151105532,14.368093449238467,14.3752923026815,14.38787600864548,14.394722308660803,14.40526625571142
T23000logg3.2,50.50864512932271,49.06596458112623,47.78292963769646,46.85739379315148,45.537816609157154,44.366372840940514,43.50640750806498,42.312971612147294,41.2545233294288,40.46531351424485,39.394687222856405,38.44522641420839,37.72719452925736,36.771355936599235,35.923064657669464,35.273064370027335,34.42118645115216,33.66414860444149,33.07681948539195,32.31706597884363,31.640800400600202,31.109843203619587,30.430796529477973,29.82541492810705,29.344609234823682,28.736148482039653,28.193001614168516,27.756811979199398,27.210428840023095,26.722284532164533,26.32606523382065,25.834771625927953,25.39568560733537,25.03562003158295,24.593673187668145,24.19872518976969,23.87165066393579,23.474252641887436,23.119303838690755,22.82255047525615,22.46562720056005,22.147140978725552,21.878415403243796,21.558451919044753,21.273353166247478,21.03064315838541,20.744573151332894,20.490177002195008,20.271713646460697,20.016885127008855,19.790869782916168,19.595122678808107,19.36925448990288,19.169600202075312,18.995236327456627,18.796306393619076,18.62118719179876,18.466987345773184,18.293105311324595,18.14079552504613,18.005555917069284,17.854867181226115,17.723695406976937,17.606143411828583,17.47679808615287,17.365153936208223,17.26393231842648,17.154110242680957,17.060328860624665,16.974162620821524,16.88210185836913,16.80448725748538,16.732200819544335,16.656211666298418,16.593271317224634,16.53357501414669,16.47202975522746,16.42244130031583,16.373923547754096,16.32521386508878,16.287366750194334,16.24890325952412,16.21143728307692,16.18377351896194,16.154195343827123,16.12641767246302,16.10769770982833,16.0855690355971,16.06599549945925,16.054735682015643,16.03897963186838,16.026225426295134,16.021060420351123,16.01063798968103,16.00342288023671,16.00311901205094,15.997012586410706,15.99414413694694,15.997557059243213,15.994801638367598,15.995181607718006
T23000logg3.4,52.24374959249643,50.84234489525949,49.594762792268625,48.69442097328127,47.40971764211613,46.26802922981548,45.4294850104774,44.26483768740728,43.23079853175336,42.45933251443034,41.41198054994438,40.482115521491274,39.778417754705565,38.8409990891121,38.00807834424011,37.36934559830238,36.53169333350754,35.786372128680405,35.20760176649732,34.45848118831087,33.79080252224601,33.266042080741975,32.594567436985834,31.99510783431343,31.5184548568691,30.91496423460781,30.375472262365047,29.94166880742811,29.398052645113257,28.91164402206369,28.516290986808364,28.025905351114574,27.586934099491515,27.226429425695738,26.783825151807974,26.38762573551007,26.058992122205133,25.659607679883084,25.302241193428856,25.002953953940143,24.642895606059636,24.32097834691873,24.04885469277225,23.72475125526442,23.435336524057675,23.18845919160328,22.897372662515917,22.637887997111577,22.414573381514316,22.153960300165984,21.9221757069353,21.72096049542958,21.488618398942265,21.28258389627051,21.10218371523262,20.896157799539942,20.71410396057738,20.553343445219877,20.371795159525917,20.212037577451326,20.06974578020415,19.910864469779796,19.77175346882815,19.646716929294946,19.508707840407688,19.38868872184692,19.279593801589165,19.16070141435612,19.058211739557063,18.96378940686798,18.86231332260958,18.77571516504178,18.694834816053817,18.609141177241664,18.5369489737814,18.468402041455487,18.39691106881024,18.337928284028763,18.28026180346178,18.221413235890964,18.174132973051695,18.126196038763617,18.078439088282806,18.04125687453602,18.001998446869003,17.96381618955556,17.935523264738883,17.903540910425413,17.873480097397902,17.852679790679097,17.82685638158633,17.80355058169189,17.788855706398813,17.768202199196118,17.750382944420867,17.740525969104244,17.7240786827199,17.710563866515326,17.70439744457841,17.691214267900683,17.68091617748017
T23000logg3.6,55.13750673437603,53.757635113581536,52.5283572990405,51.639501466249584,50.369976300561376,49.24092493764904,48.40989233958766,47.25457039029901,46.227993857435926,45.460306505056664,44.41711288577172,43.49017409346632,42.78690591598308,41.84925862871493,41.01544894364933,40.37427417530088,39.5328145888395,38.78351571336898,38.19993851078817,37.44419744285948,36.77012085925534,36.238670503431784,35.558429049387435,34.95072044529628,34.46591460333569,33.85206540828237,33.30296013716724,32.85990834337471,32.304796728997935,31.807804766668426,31.402410253280237,30.899760435615974,30.449549373012637,30.07845225342024,29.62308268429636,29.215204379126007,28.875595244592574,28.46311579007942,28.093777336552428,27.7832446646022,27.409871076838805,27.07577599203064,26.792202215371347,26.454624448463395,26.15287992459899,25.89439009178046,25.58971593963752,25.317794038691947,25.08274166274971,24.808468523792847,24.564172404238015,24.351123404756482,24.105077787065802,23.886478074495596,23.694167875168723,23.47439942838086,23.279727012112314,23.10698453910808,22.91165227027415,22.73922737815355,22.584880558468154,22.412177940146037,22.260380129169068,22.12319501147208,21.971330264034467,21.838639350550412,21.717275240127904,21.584502646449444,21.46934450862544,21.362568731400142,21.247211182861392,21.147940473080983,21.054670807379274,20.955119476386045,20.870381683259346,20.78932463015232,20.704024150892106,20.63260883321289,20.562368465396208,20.48978278394867,20.430126707311807,20.369651245891927,20.308256314428558,20.258832492449304,20.20703955062038,20.15534318248455,20.11495894244952,20.070466335235526,20.02702789832268,19.99420651808382,19.955994897888687,19.919455617799834,19.892820800442777,19.85989622621564,19.828985586618074,19.807272904533242,19.778660862347877,19.752191509768288,19.734251557169177,19.70900235104896,19.685880887210914
T23000logg3.8,54.45109154509167,53.178128391836985,52.04092008045836,51.22174385575363,50.04499663611563,48.9953567651354,48.22573165123134,47.14933180001017,46.189923605585314,45.47523684998976,44.498077303025184,43.62707583260876,42.96883235769382,42.08580778886619,41.29810216684611,40.69480382528018,39.89828781459926,39.18683643728286,38.635036909210186,37.9163333776128,37.27340919637502,36.76873707070077,36.119252776068876,35.53739933269786,35.07538276497124,34.48736545677122,33.95995064736339,33.536522149063224,33.0033492326601,32.52473778100303,32.136419587313924,31.65256733298551,31.218048273631773,30.861927638913187,30.42276022512955,30.028338236239648,29.70192978173112,29.303455251569428,28.94565899910755,28.646775766830487,28.28549069272998,27.961262182125946,27.68795309716853,27.360770358175756,27.06740426664397,26.81792315706656,26.52212125486836,26.25723176052059,26.03002572582311,25.763233990489454,25.5247413733332,25.318451639981674,25.078607804517095,24.86467970780587,24.67809941963512,24.463349422288964,24.272307917258175,24.10432146558733,23.912916230284768,23.743150045703345,23.592651957568542,23.422866587164652,23.272795110193613,23.13864501808088,22.988777926246264,22.856906606861067,22.737887294058485,22.606284391066726,22.491199022614204,22.386065152912316,22.271133392999065,22.17136838875247,22.078997488440372,21.97920688746326,21.893242637440594,21.812634070676197,21.726498682914553,21.653044706539706,21.58299945913193,21.509049434226846,21.447030514808198,21.38612275928335,21.322895460658987,21.2709165708816,21.218032920435622,21.164087178879587,21.12065545883878,21.0748063542573,21.028751822645088,20.992715097216017,20.952646925783185,20.913168024484634,20.88325607549971,20.84794618725793,20.813810948551115,20.788743258644296,20.757309667217683,20.727371049060917,20.705996415965416,20.677569132384583,20.650772176884082
T23000logg4.0,54.66880168484619,53.48868392809709,52.43134817076931,51.66916405862818,50.57161892672792,49.58967359822024,48.86910548596863,47.858751254593734,46.955448078464265,46.281948219973735,45.35875199186802,44.533326017692374,43.90890654872174,43.06923481465795,42.31796623693411,41.741971083098655,40.979898831621846,40.29728317131655,39.767288396083366,39.07582026070876,38.455630125138285,37.96831179396967,37.34039092067723,36.7764869979417,36.32831494487651,35.757456242904254,35.244281775160495,34.83196665606568,34.31254903585324,33.84530840427675,33.46598127199086,32.99324040518789,32.567845145570374,32.21904212842354,31.788872630829246,31.401762557939435,31.08130812669006,30.6900936251737,30.33810913213467,30.04403731433519,29.68853916255575,29.36883726509167,29.0993443395557,28.7766593983001,28.486689829773255,28.240132566191832,27.947682748456362,27.685185194641555,27.46009532219402,27.195632627135712,26.958631602409667,26.753718965445607,26.515281192568523,26.302029974975433,26.116143496056687,25.901955348648315,25.710843241264737,25.542901954314498,25.351279246219068,25.180748150248032,25.029690515055627,24.858973151276373,24.70749974892067,24.57222631083354,24.42077403672984,24.2868892220352,24.166251257618093,24.032465982478744,23.914812600619047,23.807601450497067,23.68995182708062,23.587152943737802,23.492254019585445,23.389266580580255,23.299881472742236,23.216308167687103,23.126551572328573,23.049242948892093,22.975928160655222,22.897980712555693,22.831764954190547,22.767270656273894,22.699714613688812,22.643332052472807,22.586484116088798,22.527919750535087,22.479932776661165,22.42975317462942,22.378824141825415,22.3379872523572,22.293368421753513,22.248785399962944,22.21392751142306,22.17379431980979,22.134350652626054,22.104203297556406,22.067702906380596,22.032272372491235,22.005685762670844,21.97198490921821,21.93953498923236
T23000logg4.2,56.6768327001713,55.58257813868966,54.60089785966619,53.88966752804811,52.86434797611525,51.94580115402312,51.268045521449324,50.31683422748849,49.465275708004654,48.8265750795659,47.95050189348781,47.16621775511559,46.569122778698954,45.765995141530254,45.04662343122261,44.49131574108146,43.756838275560376,43.09835003685015,42.58339051335277,41.91218392258282,41.30977889232589,40.8328352655024,40.21930539266791,39.668109035364196,39.22654946181587,38.66543217986411,38.16092411248733,37.75220301173667,37.23882804709865,36.77702187583547,36.39885629296863,35.92918908318849,35.506617641836684,35.15699377691744,34.7274921630412,34.341078938699866,34.01817490535498,33.6256542277263,33.272611335864205,32.97473268866915,32.61628894216459,32.29406441354294,32.01961961407714,31.692608860061362,31.39887880330063,31.14639010633062,30.848441413532612,30.581125667840837,30.349256022010792,30.07828275888854,29.83554731930223,29.623111770536603,29.377283410613124,29.157498806522884,28.963436489492835,28.741088275482024,28.542735750465212,28.366050762198388,28.165591081103557,27.98721152164582,27.82689271827921,27.64674714783541,27.486910802483372,27.34189825280732,27.180500314083854,27.037879674783028,26.90699794047533,26.762815397225346,26.636055625250904,26.518195862223617,26.389752069943615,26.277372270690382,26.17161101581921,26.057482972469455,25.958311825631693,25.863471466751346,25.762271218565843,25.67544586676683,25.590049913300007,25.500393019961685,25.42461051395227,25.34759459753736,25.268094622007872,25.201874361287338,25.132327942757872,25.061611035716666,25.003735881824074,24.940490519064397,24.877218601868037,24.82630655928019,24.76841592953124,24.711320601400704,24.666031946445628,24.612620323053136,24.560519396877062,24.519614616608326,24.469842749087878,24.42164055241111,24.384006065881348,24.337054283345815,24.29174714725047
T24000logg2.8,45.85516000008445,44.27942292039131,42.87859074963857,41.86064941133557,40.416017627592076,39.13402355853842,38.18549060721899,36.875549174373404,35.71423394747275,34.841046702660286,33.66275113700786,32.618387067406054,31.821563522327484,30.76714775328939,29.832235453510407,29.109223484260507,28.168241871563026,27.333281375393792,26.679351125130115,25.840425889936682,25.09537320562148,24.504831962340013,23.75690895395338,23.092170470265806,22.559253878303764,21.892332659262806,21.29930726067162,20.818708055798623,20.22410212107271,19.6953301628095,19.262376591338715,18.732630527508626,18.261676875309,17.87227260778453,17.400913204109894,16.982154059850266,16.632648454845437,16.213997052263394,15.842489914230896,15.529621226853482,15.158713658210623,14.830125902394967,14.550998454694405,14.223487483813305,13.934010768398204,13.68604816809619,13.398133628567635,13.144438762194497,12.925373530187853,12.673771235725445,12.452975486191939,12.260838679859713,12.042709133879718,11.852299596879275,11.685357535256102,11.498182039971091,11.335897599001193,11.192554011620901,11.033979358348503,10.897680489907216,10.776371255121088,10.644101609731784,10.531730214278843,10.430830070463971,10.322598213150442,10.232071040155628,10.149992802295309,10.063594048394307,9.992826093844437,9.928060818507925,9.861381454452378,9.80857660422308,9.759452809274052,9.710494917443091,9.67367455349537,9.638864588638976,9.605732699675634,9.583100550056313,9.561210636515735,9.54206352982544,9.53192102857654,9.521504273477182,9.514534608476914,9.515143390692325,9.514831029028503,9.518289413029196,9.52797630743266,9.536421088684087,9.548651332380096,9.565899599434292,9.581751759222936,9.601222563528639,9.624619927517427,9.646623023952783,9.671932685246333,9.7002020480801,9.727159636057536,9.757013494549156,9.788954441983291,9.819762651212127,9.852974919855837
T24000logg3.0,47.32485216038347,45.81667252676757,44.47426109137972,43.50377477206447,42.120300659620156,40.89113909169367,39.986644656980495,38.73170930575874,37.617798137177594,36.78504720474505,35.65575672793489,34.65348987157168,33.893362130638124,32.88215981963104,31.98423694348447,31.294157002404063,30.390909135019893,29.588109817560028,28.963426550225297,28.157100225146134,27.439671015995707,26.874804458157104,26.1546740450148,25.513285196708093,25.002579597767998,24.358913354724287,23.78518729675504,23.323427711664245,22.747780776795402,22.23447899666541,21.817103414276765,21.30229893174415,20.84325079403167,20.466329420216336,20.006238065946903,19.59614434595509,19.256260106168753,18.845603996065684,18.47988826638497,18.174059222120825,17.808284740801625,17.482977451304397,17.208590930994898,16.8837228623483,16.595335339627336,16.350062984163852,16.062602956926536,15.808066311073667,15.589841742855617,15.33675499790178,15.113405763459905,14.920435028744876,14.699110621197544,14.50463592572288,14.335363843051834,14.143501305068359,13.97582820759651,13.828837365035138,13.664290071110173,13.521458951220755,13.39534486571193,13.255996194490468,13.13610451147689,13.029375379042962,12.913102717988899,12.814249751766901,12.725364332904183,12.63007560340142,12.55032151254925,12.47781109097426,12.401490590538533,12.338921632043984,12.281404279019334,12.222146909367758,12.175182471156054,12.131098580160462,12.087097085276302,12.054101446118972,12.022051610798846,11.991543160077065,11.970711508939015,11.949486448609138,11.93072630713931,11.920535476747503,11.908654402150244,11.899941683153742,11.898789161838055,11.894926496167981,11.89465334123259,11.900978332495477,11.903927610633403,11.910618824876526,11.923028698582463,11.931628984793665,11.943945480528066,11.961175667447256,11.974340933570867,11.991049633276406,12.011935612485377,12.028645038240647,12.048616764363453
T24000logg3.2,46.27770874933451,44.891308795043756,43.658899699253595,42.77016346676585,41.503764751957654,40.38012997996923,39.555577353538645,38.41204333372256,37.39845098754881,36.64303287141045,35.61900935638207,34.71145788519129,34.025493132761916,33.11309631435935,32.30392191864974,31.684294273335617,30.872955441127303,30.152484431446005,29.593945380621825,28.87213782296908,28.230172624904085,27.726580976556352,27.083205476986603,26.51013850747694,26.055440617190055,25.480661150128746,24.96808314993588,24.556887538116342,24.042429639363046,23.58330516944327,23.21108407159235,22.750145372084063,22.338686158307176,22.001714153218366,21.588696589414436,21.22010586712917,20.915289328396774,20.545514554540855,20.215758443416135,19.94048609196891,19.609989164291402,19.315624127760756,19.06765523148035,18.773015034982663,18.511048030289295,18.288417582907186,18.02665128405452,17.79447081952562,17.595455040927575,17.363983691063375,17.159328915983444,16.98243441479254,16.77903282301314,16.599932146010943,16.443854220390012,16.26655209891017,16.111222833685872,15.974767687858424,15.821715894611518,15.688465467927834,15.570445007692253,15.43981635517649,15.326991389137595,15.226155256149053,15.116131652854424,15.02213351779992,14.937162232423155,14.84596040533734,14.769157592239305,14.698794937400125,14.624689613263772,14.563431540924647,14.50650756885588,14.447844592116631,14.400734370290458,14.35591307525326,14.311096232238189,14.276767715596527,14.242730982113514,14.210185642478903,14.18702706129477,14.162700860988224,14.140866230231468,14.127448886863954,14.111584040069813,14.098936446883805,14.093963385236941,14.085231000043937,14.08031389144768,14.082332189371149,14.079668580780108,14.081124083256574,14.088783777186018,14.09118080853618,14.097758973028249,14.109862848273686,14.116321059879482,14.126864612336181,14.142314819228895,14.15188124927144,14.165327333876538
T24000logg3.4,49.112776751194914,47.73162482430941,46.50418318596093,45.61561150728608,44.35239677185436,43.23190696146098,42.40633032312377,41.26420924390713,40.252210846598146,39.494783148714916,38.47073759720365,37.56349824215216,36.874717524940365,35.96106987777445,35.151067948804304,34.52788441887351,33.71414179764774,32.99173724009654,32.42887780395584,31.70347486146709,31.058417086850056,30.54965019326483,29.90139544808036,29.324000019105,28.863169798226103,28.282169316805007,27.76399956103198,27.3456614054222,26.823663091726267,26.357738010557576,25.977385615832787,25.507705653765328,25.08835626180342,24.74234412931645,24.319541999473543,23.942124740052133,23.6274746969272,23.24703976904552,22.90767299564461,22.6218933357421,22.280010224097914,21.97538359023474,21.716338562272647,21.409715290961895,21.136953015610793,20.902773109848155,20.628542869869364,20.385140555619376,20.174190948181298,19.929878616220222,19.71366515576561,19.5245284499912,19.307988736063347,19.11705588034145,18.948486692536,18.757799847407803,18.59041474042086,18.441251701100168,18.274611353594228,18.12913416212097,17.99821611091078,17.853843169777846,17.72872019084653,17.614778185393114,17.490893482043738,17.38454268593423,17.286306379864012,17.18116000362782,17.091907947022925,17.00822099590291,16.920120334892378,16.84646555951145,16.77606451349927,16.703382660028367,16.644074390111943,16.58551962578077,16.52668072388162,16.480122446617493,16.43235865403901,16.385803966643635,16.350432409882586,16.312357783112503,16.276537112454843,16.251130312484957,16.221302499540393,16.194699436925053,16.177718326290467,16.155056446443503,16.13621850375153,16.126175277445995,16.10964968287293,16.097218265911767,16.092785446590334,16.081355813285967,16.0740760473116,16.0740396473566,16.066708048142157,16.063419090526562,16.06663125965076,16.062489490949634,16.062129856665948
T24000logg3.6,50.763712374373654,49.46432660178673,48.30825645046474,47.47121378789533,46.27911115248655,45.22039025865501,44.44009929946409,43.35857734746767,42.39900715770226,41.68051662432434,40.70722616319183,39.843760063839156,39.18784645381343,38.3161119478495,37.54216264166845,36.94630174941088,36.166759169548754,35.47370256165914,34.933262032411236,34.23548570789136,33.61408009981352,33.12350761016292,32.49738150541333,31.938869665223173,31.49265676997276,30.929218427998542,30.425960563188777,30.01922600768453,29.51097972148403,29.056634451557976,28.68532495895417,28.226188812014893,27.815601870556684,27.476439102301452,27.06145125212637,26.690379267605763,26.38066902915999,26.005683219620682,25.67055104679997,25.38801525237932,25.049484728548368,24.74721007894562,24.489870802547514,24.184719508942468,23.91261667594932,23.67873830229459,23.40428492598415,23.16000798576253,22.948067112571113,22.701989069709814,22.483501764003528,22.292174000703668,22.072452420842822,21.87796016863676,21.706076700461214,21.510905127395755,21.338775327234046,21.18525336223215,21.012928151273815,20.86160453417749,20.72535648738288,20.574199219515258,20.442205683924474,20.322059011355933,20.19040558927768,20.076299259751615,19.97103596769722,19.8572540134385,19.759488516572635,19.668024312281993,19.570536891895912,19.487659683069168,19.408880531076317,19.326173387409458,19.25708929981412,19.18958855099212,19.120187439476492,19.063482715803534,19.006194435999728,18.948640390011565,18.902767055102267,18.85475136182565,18.80759301453041,18.77140940645189,18.73131415900547,18.693128120779654,18.665231280326946,18.631997005431003,18.601410207622283,18.580385040083964,18.55304425786434,18.528763964134665,18.513295267259167,18.49090650722674,18.47172876591117,18.460654933768787,18.442254467277888,18.4270579662364,18.41926395258576,18.40398245739856,18.391738508058157
T24000logg3.8,51.39244275921195,50.15402291493845,49.05045087736383,48.25158399027015,47.11076479083076,46.0959020531899,45.348023570191145,44.30852183308764,43.38465085998682,42.69290625408476,41.7532112264126,40.91810684895828,40.283693067936596,39.43824270051496,38.68636580711021,38.107415228748394,37.34809996865668,36.67195054081158,36.14459599186597,35.46221889031828,34.85362965241413,34.37308365312553,33.75861090048991,33.20975676710658,32.771188663809035,32.21654057662998,31.720525857460654,31.319600526273806,30.817968463881982,30.369024871846705,30.002110852926254,29.54791259463056,29.14129494419212,28.80541212833765,28.39402993186176,28.02578032529075,27.718440610316122,27.345967917060896,27.012707490131433,26.7317732897276,26.394831374282717,26.093618462612802,25.837211349794853,25.53283967195396,25.261085565181865,25.027535404575445,24.753140312904343,24.508574483402903,24.29640952044657,24.049736180917225,23.83037918552244,23.6383136757129,23.41739895973759,23.221500343333823,23.048399037333834,22.851478192298963,22.677443154476308,22.522240687683226,22.347645328549287,22.193955404946855,22.055583414927916,21.901672677755275,21.76691218458389,21.64419968496713,21.509353188897215,21.392110336005622,21.28388291044827,21.16651542461844,21.065261205035767,20.97049446600607,20.86907244012511,20.782407601699923,20.700001132481194,20.6130469503992,20.53993510144995,20.468481874126695,20.394554685205463,20.333618580622723,20.27207064830302,20.209741160162263,20.159452770779332,20.106898741003505,20.05474383864359,20.013979639720823,19.969097169762694,19.92571970353735,19.8930659081783,19.85485077606501,19.81890317019697,19.792967496249183,19.76046869208652,19.730676702165347,19.71016886847955,19.682449363553207,19.657624079100948,19.641387668416986,19.617507590711718,19.596543572661567,19.58346732984076,19.562581736266097,19.544466005334712
T24000logg4.0,52.404321491996804,51.22857664278252,50.17892732303433,49.418391015567764,48.32963304063611,47.35921967050244,46.64331122398956,45.6457381211127,44.75736376333634,44.09133829519783,43.18432398585834,42.376642579132785,41.762152943612385,40.94132411862008,40.20990715692019,39.645782854312166,38.90437504209298,38.24295665291787,37.72617929539376,37.05637144119538,36.45799567316422,35.9846470586155,35.37864328998493,34.8365491023734,34.4025795394271,33.853325463665016,33.36148514254582,32.96320412667439,32.46468058989719,32.017985039577894,31.65225177898247,31.199463131422554,30.793657573765174,30.457858386469475,30.046608305904392,29.678078309445965,29.369978515197246,28.99664224873886,28.662241307591717,28.37987312284367,28.041259241257148,27.738199369178705,27.47979283325253,27.173069934640147,26.898872314137424,26.662835247953545,26.385502302160127,26.13797448921235,25.92288751448254,25.67276169254356,25.449987290735553,25.254609237361425,25.029787076920314,24.830064430950156,24.653295928033387,24.452057282674364,24.273828718653895,24.11462983073034,23.935341722854393,23.777124784585165,23.634447050876567,23.47550375013647,23.335924042902104,23.208604215135693,23.068414461719424,22.946090538419085,22.83297373412983,22.70998558482292,22.60340741462353,22.503503859580157,22.396215915094366,22.304027299405995,22.21624396707331,22.123207563402186,22.04443391623603,21.967354506097703,21.887162773733582,21.82046422769415,21.753055613331874,21.6843083500517,21.628178339520094,21.56955629678803,21.510857401644675,21.46415821294932,21.413057137849812,21.363032446986775,21.3243517750656,21.27980011391746,21.237118672946643,21.20507494903132,21.16613859767064,21.129542798089965,21.102854495866538,21.068615736716293,21.03693093364776,21.01444571284963,20.983982981594323,20.95611456824637,20.93672991646104,20.90920779284937,20.884151978839725
T24000logg4.2,51.83968249291438,50.77671544916248,49.82531946672722,49.136610772106,48.146108881083244,47.2609000573496,46.60838361541371,45.69481457474867,44.879010355962315,44.267822754787666,43.43152819200018,42.68477684490333,42.11698964281103,41.35505828221316,40.674318463661706,40.149572581755265,39.45695820677323,38.837514953581994,38.35380674581586,37.72441861805157,37.16084627267336,36.71531713187381,36.142961547117956,35.62987426519673,35.21945221729171,34.69841778827508,34.2309259707695,33.85273907721522,33.37806828244692,32.95195392257866,32.60350131367716,32.17100017759639,31.782674937411702,31.461818056913266,31.06788646420715,30.714234847628596,30.419094190758337,30.060552509839503,29.73880128332509,29.467671158973584,29.14166561470804,28.849312728148277,28.60062241982424,28.304580409563762,28.03936752214633,27.811675841506702,27.543306189241918,27.303224973180196,27.095239009432994,26.852530640400886,26.6358122021992,26.44638810311782,26.227573863358252,26.032643870695384,25.86075644797362,25.664233589252973,25.489629419882487,25.33432110884516,25.15856434167854,25.002888549533484,24.86318410029084,24.706682159080692,24.568592699367237,24.44344875346266,24.304707986605145,24.182946399905017,24.07123482009125,23.948792882112837,23.842026355051754,23.742727635623837,23.635173183684074,23.54197907327582,23.45421474800623,23.360183536180706,23.279513855166215,23.202075865894155,23.12023567931587,23.05113634043188,22.982734448945116,22.911760069635505,22.85290722187889,22.79259749838472,22.73116170218144,22.68119024654188,22.628047583971917,22.574837496095597,22.532630809210538,22.48549352048637,22.439234558053684,22.403446299521306,22.36144049350824,22.320922829784745,22.29030513603086,22.252560181380144,22.216650548276757,22.190045831823227,22.155721831962683,22.123367205261513,22.099734309087772,22.068012146675756,22.038250118294748
T24000logg4.4,51.30042281765357,50.35438633013413,49.50616276703226,48.88757419429861,47.999272471534866,47.204015063319,46.61317486832277,45.7874284935107,45.04881640894219,44.49083855437158,43.72899709115106,43.0476923248568,42.52511241838482,41.825713843639086,41.200026060624076,40.71327281838583,40.072916616009806,39.499624428026,39.04765248045935,38.46190614944421,37.937033506345884,37.51795515254682,36.98211531786255,36.50156775353201,36.11319860732816,35.62281541445809,35.18277214815589,34.82297840811301,34.374099794640316,33.97119740025186,33.63807385078327,33.22730265433773,32.85863031135346,32.55051126196948,32.17487552496091,31.837852963610725,31.553232090235124,31.21004936420617,30.902329474894184,30.63979802795296,30.326613311698722,30.046038132418627,29.80426406997499,29.518827408174452,29.26341835614526,29.041155525810076,28.781435813887725,28.549410500199663,28.345523463839882,28.109728699466096,27.89950983321372,27.71299703410749,27.499553445840267,27.309725211762753,27.139692957025574,26.947162850249413,26.776424097763325,26.621999858337492,26.44900047321197,26.29616035125158,26.156388421497937,26.001541641579497,25.865440342183035,25.739296921699953,25.601224794683336,25.48054336235584,25.367145936759588,25.244495676162998,25.13790279071843,25.036396942680582,24.927850922281344,24.83455638178542,24.743576670307007,24.647857620348933,24.566857788575774,24.48528754039856,24.401142024711078,24.331051612772235,24.25815137049087,24.184323107902625,24.123986328738486,24.05875023612349,23.993975656164285,23.942082799716548,23.883626523291795,23.826647938836505,23.781843414337327,23.729323315920833,23.678913742743816,23.639903827539396,23.592464953206967,23.547461015001083,23.5130655922473,23.46984303905771,23.429161329091027,23.398262433119246,23.358458026022795,23.321098994439147,23.292718880924,23.255539758701996,23.220594248196214
T25000logg2.8,38.9078598536075,37.47670638458762,36.204188134358304,35.27824483555172,33.96424426873449,32.7976874634545,31.93306171513145,30.73890960853253,29.679673344467723,28.881545018791186,27.80456489764706,26.84951918046152,26.119053216940312,25.152857532815485,24.295914626469006,23.63141756542456,22.767573233401595,22.001131385133153,21.39919405653743,20.628586691026378,19.944632300844717,19.401051288886713,18.714793025145234,18.105602086468984,17.616013359942592,17.005902333089413,16.4643645437804,16.024576857527343,15.483242735406956,15.002965129073669,14.609091703127945,14.129953519475187,13.705190200394876,13.353624456967065,12.930737115248894,12.556270263332632,12.24363122468306,11.871594712985104,11.54268343621347,11.265819355261051,10.939785963445818,10.65217992267564,10.408212086914586,10.123888772953151,9.87382387322452,9.66016791424677,9.413802577538732,9.197994236285307,9.012376055240306,8.80073072096101,8.616342754894763,8.456777702080556,8.277065848527652,8.121652445352288,7.986398736622814,7.836179304186852,7.707509700861508,7.595044832697586,7.472071285951998,7.368103485646171,7.276927094275117,7.1790272299066515,7.09779523472847,7.026385494359196,6.951434737463814,6.890891837148379,6.8378643283076235,6.7838146542301105,6.742101933018292,6.705980010623004,6.670873254799881,6.6461488630762275,6.625554571282902,6.607527012758155,6.598018247139869,6.591633103787346,6.588903048359509,6.592913762328514,6.599428662280018,6.610249621403023,6.626135204895275,6.644205417956919,6.666856177547554,6.6930219492946215,6.721288090350282,6.754108324266815,6.789064388271956,6.826162063861569,6.867589171659998,6.909955854843648,6.9545659531821,7.003159361950582,7.051670469239175,7.10255156977873,7.156989980846116,7.210458490655967,7.266462031756496,7.325516516748753,7.382914774278766,7.442877950034566,7.505411630871237
T25000logg3.0,46.7597967897722,45.17098630869196,43.75751033301228,42.73293963375329,41.27533830780668,39.980843926836044,39.025615217109305,37.70295541203525,36.52939244965777,35.649499386664104,34.45878031488999,33.40244497574646,32.59891124836598,31.532340696329996,30.585695062912343,29.855931815239245,28.90299225483021,28.056468087767158,27.395689608592754,26.54491031875193,25.788375169739005,25.190819069104887,24.431040947272415,23.754806698872493,23.214635915731904,22.535784650753016,21.93120420214909,21.44308051372162,20.836450858694906,20.296064982183587,19.855323132282212,19.313500394514325,18.83092481784523,18.433520649650266,17.950115293455763,17.51980566599762,17.162165624066617,16.7315937278753,16.34869384154505,16.027638832945918,15.64502270128991,15.305276008722489,15.017983782481094,14.679054511948104,14.378723541933944,14.122687819769144,13.823712202903533,13.559520657336623,13.332528611791126,13.070257746696226,12.839348646210805,12.63946452567289,12.411081196265766,12.210950794893197,12.036468705341989,11.839451780958543,11.667827435620417,11.517162140931813,11.349149125520626,11.203883094508809,11.07546731589083,10.934142956981852,10.813153468857358,10.705355566348704,10.588426210472031,10.48963340405898,10.400822887455448,10.306060756266405,10.227379388831418,10.15601530739764,10.081286212677783,10.020793741314426,9.96529934231657,9.908581284482803,9.86457384699351,9.823307035692153,9.78267305201817,9.753208573180462,9.724870244911267,9.698445585089566,9.681757716020897,9.664908691237384,9.650850100058022,9.645236464683292,9.638409845418654,9.634930075335243,9.63865081378659,9.64050187592876,9.645903231175819,9.657339078196298,9.666549567157121,9.679260490663385,9.696955040090245,9.712246979855575,9.730830540442472,9.75345022454321,9.773629453446333,9.796769505005699,9.823109459099026,9.847052331019333,9.87355935308653
T25000logg3.2,43.37449328303268,41.99300372937395,40.76416841054815,39.87566994399688,38.610425690725506,37.48711491558823,36.66050489937586,35.51495936832001,34.49899040327276,33.739584303403454,32.71107146854448,31.799097090768974,31.10768767560924,30.18911790304746,29.374226483459548,28.748272199530028,27.929943084728308,27.203251956144204,26.638129297260008,25.90935384935377,25.261403855623662,24.751565875091714,24.10196562823321,23.52375632132874,23.063644547376313,22.483918641882724,21.967472795999846,21.552054781464022,21.03424810158245,20.57277907525164,20.19773920329617,19.73520278585233,19.32301701908223,18.984714983501746,18.571852014424707,18.20412943193841,17.899458084615322,17.53150691529885,17.20412614495971,16.93040792553534,16.60327522300376,16.312668104324803,16.067562238262017,15.777684708989714,15.520728925223537,15.302165467908862,15.046420221711518,14.820374413285432,14.626523600791533,14.402193055770443,14.204668653294481,14.033934633992809,13.838664495620264,13.66756612753398,13.518548817997324,13.350236593991017,13.203667889832655,13.075066034850835,12.931737906678382,12.807902802524353,12.698417762988196,12.578124573665875,12.475283572635707,12.383536475417586,12.28434143321265,12.200745940925842,12.125360514076286,12.04536829519282,11.979235080811417,11.918908241282235,11.856290986828885,11.806006170395658,11.75935392208161,11.712366239463663,11.676460562348511,11.642057150872908,11.6090201847561,11.585789719217264,11.562510520151978,11.541778419702009,11.529691289381091,11.516251790706507,11.506199693161191,11.503810562188635,11.498865048334821,11.49791978930597,11.503668874849842,11.50606290855687,11.512729103268573,11.525144527637874,11.533758686100224,11.546647372555439,11.564425866052519,11.578151074277988,11.595995660762,11.61794077845794,11.635745904535284,11.657386145278629,11.68240401201372,11.703329721811803,11.727712589313233
T25000logg3.4,46.324933931663864,45.001185292011016,43.82385440994063,42.971189699501544,41.758285757314525,40.681593549057446,39.88790686643429,38.789225619521304,37.81494046744432,37.08533780473534,36.09827930626267,35.22311664516427,34.55828006525519,33.67590257106558,32.89308258920629,32.29042820178574,31.50323531518216,30.804066129658807,30.258987580817333,29.556541008967525,28.931774582645083,28.438772124888658,27.810927224293934,27.251766010119603,26.805338326808283,26.24302740832004,25.741708028522986,25.336906072274665,24.83243792413404,24.382419499715443,24.015054845024327,23.562076177159867,23.15794822419928,22.824555464513097,22.41781101909409,22.055066975292547,21.75275224919681,21.387827903405952,21.06266158541321,20.78897263928761,20.462109621265334,20.171251028487447,19.924065704763315,19.632001563354006,19.372596613833046,19.150045848791315,18.889928084480033,18.659477579559773,18.45991536917169,18.22927105861307,18.025605428585774,17.847605967478977,17.64430170543156,17.46552212018978,17.307844608435627,17.129979646095354,16.97437521809372,16.83585935617983,16.68164535924647,16.54760294415667,16.427077096615303,16.29474105492978,16.180703466815288,16.076896472151677,15.964658334310897,15.869000012076572,15.780669812946236,15.686775481371114,15.60782169215225,15.533794908695427,15.45654761387703,15.392863692581091,15.33180023797676,15.26957712321623,15.21987491485037,15.170378764384115,15.121618717190007,15.084266613624706,15.045340880567244,15.008505644694612,14.982080552064513,14.952514205920469,14.926074608960274,14.909240833741832,14.887735458840037,14.87019525438649,14.86142057695977,14.846922143408971,14.836852305430593,14.83470149462608,14.826171439931391,14.82224556085588,14.82543515796398,14.821848483185683,14.82284728098477,14.830182771170858,14.830585385197654,14.835382631154209,14.845774867518225,14.849260638877793,14.856827719281958
T25000logg3.6,47.50135809501729,46.25140696068429,45.13939023498129,44.33401481980418,43.18743435304795,42.16927120825585,41.41865394767099,40.37871107917459,39.456189340662775,38.76522642176414,37.82969060744394,36.99991280654175,36.36938497255478,35.531908662202675,34.78862125846555,34.216178638898825,33.467879912409856,32.80290756498873,32.2842029063626,31.61518992893462,31.019761537711222,30.549559039009615,29.950205743472523,29.41598097713503,28.989054628399472,28.450776334680953,27.970419284246507,27.582087853184397,27.097647294599142,26.665022257979373,26.31136077548928,25.874840852418124,25.48492219195319,25.162725897668874,24.769271060022565,24.417906609774814,24.12453038479334,23.77008490068378,23.45377915444515,23.186989965618682,22.868095723738122,22.583844473937702,22.341710738412225,22.0553695486415,21.800553461504983,21.58137821343457,21.324974998075362,21.097305412022838,20.899598264697456,20.67086259014961,20.46834729116101,20.290810038579735,20.087772616277867,19.90865935341929,19.750155711005014,19.571060172630943,19.413765705121975,19.27323093775588,19.116417857555632,18.979441794599964,18.855799290556874,18.71962851552253,18.60154722451529,18.493622170697414,18.376456843026943,18.275789935838876,18.182438573656416,18.082668421592597,17.99786093033215,17.918032567253146,17.834095281945963,17.76378457330391,17.696287245452943,17.626676242572465,17.56975213345079,17.513201503488997,17.456452429871785,17.411440731197377,17.364840720609358,17.319500339661374,17.28494111120894,17.247266271798544,17.211890901444175,17.186636609075187,17.156549300633397,17.129723758943204,17.112315632141378,17.0888260275505,17.069193193490833,17.058235115519977,17.040384358157517,17.026672933995748,17.020919385139837,17.00773629582119,16.998772628004524,16.997064498395094,16.987639242430735,16.982337499768704,16.983588058620207,16.977084394589454,16.974453180232864
T25000logg3.8,48.317302102066705,47.12007067600756,46.05445396773865,45.28103081208121,44.1804399767373,43.202600233171765,42.4800532102886,41.47949312445577,40.59143427066006,39.92466116348198,39.02239167135603,38.22169675801941,37.61170026123487,36.802022250204814,36.08302744337481,35.527785243064805,34.80248758270069,34.157606539055706,33.6531231391745,33.00294690204987,32.423965582383964,31.965357416997712,31.381266042438895,30.86036314084452,30.442748175500814,29.91669173511901,29.44700157394776,29.066020726081923,28.59124391194691,28.167052928378805,27.819077994895927,27.39007846079366,27.00671560146248,26.68879128113541,26.301054322569335,25.954654777251385,25.664338440314328,25.314069109994154,25.001359821281635,24.73657582975433,24.420518988789613,24.138665978908648,23.897601380251604,23.61291429063444,23.35943281337839,23.140486286902647,22.884680040409016,22.65739204366248,22.45915160498763,22.230066092804794,22.027073950279608,21.848312400735544,21.644067387040238,21.463690079524703,21.303320632751067,21.122218045804104,20.962928597793812,20.81992029090624,20.660360037788905,20.52073798078808,20.394026936482227,20.254429127707823,20.13312515136368,20.021563713394478,19.90036333835141,19.79592716395129,19.698464863138994,19.594128568496437,19.505071224641416,19.42071972461627,19.331759586847102,19.256961095117145,19.18440749102639,19.10938310332321,19.04762757443947,18.985701764157007,18.923208669266284,18.872965043395435,18.82082849147729,18.769472550696648,18.72958466279693,18.686007880520194,18.644400416002284,18.6135479886061,18.577457653977078,18.544236897309585,18.520998393454907,18.491454734227446,18.465307705656556,18.448344899572064,18.424398266999695,18.404085486455255,18.392187508901333,18.372878194643658,18.357246083091876,18.349237751681777,18.333701927772402,18.321679134952216,18.31652175451529,18.303899534746154,18.29450859419938
T25000logg4.0,48.96657506946252,47.844958004314876,46.84518209430662,46.11775942298315,45.081644668605804,44.15968717609541,43.47657734631352,42.5297641969412,41.68809736469281,41.05425732324407,40.19587787440885,39.43294561667045,38.849804610060716,38.075340127016915,37.38658782608165,36.85280336119635,36.155402932249416,35.534482096430295,35.04689089164359,34.418681774844075,33.85859313844412,33.41316504234396,32.84633771797101,32.34031235388336,31.932920354801716,31.420440629304377,30.962474465428876,30.589384880179956,30.12528346418919,29.710315919883502,29.368372011193493,28.947732359213468,28.5715887113659,28.258196606798045,27.876938372539875,27.536115707363372,27.249093616161566,26.903733654195346,26.595215769874486,26.332669863585195,26.020171583454566,25.741312525703144,25.50156148948136,25.219248276676772,24.96770914988845,24.74925227583701,24.494769763672608,24.268486549195913,24.06999175135856,23.84127974705534,23.63843836254462,23.458739679581775,23.2539999633832,23.072997690221975,22.91105675480507,22.728668311382506,22.56805008456529,22.422875216638545,22.261298340110166,22.119744178992278,21.990269791602433,21.84799047515561,21.72418460278449,21.609329323951968,21.48484248950342,21.37732481001835,21.276142185820227,21.16797195698878,21.075420945695985,20.986845515607264,20.89355812725507,20.815023501884248,20.737659810302166,20.65786638260766,20.591980786722914,20.5248900162175,20.457235557921,20.40256756847203,20.344889998876297,20.28802705695058,20.24348368906595,20.19399771600464,20.146581407662282,20.110730665689996,20.068545366610962,20.02925585550917,20.000693477338753,19.964913868172044,19.932475328687964,19.909914802574903,19.879598920562387,19.852807227284025,19.83502970436751,19.80928029187,19.78701126396066,19.7728969219195,19.750842660473445,19.732052116598723,19.720576941044452,19.70138801944099,19.685122844597853
T25000logg4.2,50.302487942191,49.16977513365236,48.160625137588994,47.41390931556576,46.360834735321674,45.42441669477914,44.718091131943346,43.74950270454509,42.88922181239196,42.229004554607855,41.34512600262426,40.56041929727859,39.948540372645496,39.145983234341585,38.43332555905974,37.86926462066681,37.14228927600637,36.496333510875395,35.977720395956226,35.31946273777523,34.734101910685126,34.257613860127535,33.66111149664874,33.13029939010187,32.69238240376643,32.15121654373971,31.669463906604143,31.26679642297992,30.775409149687817,30.33799999742388,29.96770980457071,29.521428413182658,29.12438339583794,28.784041262523637,28.378900474703535,28.018813169798758,27.706323829753245,27.33888509938039,27.012776769527434,26.726281605608868,26.393502121571807,26.09872196576692,25.83654395013054,25.535710910102715,25.26987454391122,25.030497727122608,24.75919094675824,24.52019324675804,24.302233908037028,24.058326661511074,23.84442934278171,23.646549380433697,23.428172584065912,23.23787037610736,23.058823358266014,22.864276855299774,22.69588889596215,22.534785259003375,22.36244969167217,22.214819058029285,22.070289266552535,21.918553203066246,21.790522347809237,21.661157817235026,21.52840721755013,21.41798823826927,21.30316926980469,21.187804965657428,21.093688831602144,20.99211505000114,20.892574820112337,20.812777568067318,20.723853442003165,20.6386185731669,20.571282350182706,20.49431932876852,20.421901817163253,20.365293397951042,20.299484732579046,20.238406357565395,20.190957551788934,20.13530642041935,20.08409595728738,20.04462221348592,19.997740541529264,19.954956751389908,19.922529017667934,19.882807782628852,19.847066456268752,19.82054618209572,19.78667967266354,19.75668524533039,19.73492683141773,19.705765454341982,19.680327171410088,19.662245990856384,19.636747835833873,19.61477686042644,19.599358522127442,19.5765886755076,19.557103693519277
T26000logg2.8,35.32558228824323,34.21869829643254,33.235413341980916,32.52398118260892,31.51199686306052,30.614084748068933,29.952286449330668,29.03571887607375,28.223017101546414,27.61405315582252,26.789923957984822,26.059373319887193,25.503748842749395,24.766782852351,24.113486515251292,23.609826841777284,22.953502019814223,22.37162437766028,21.917402154506014,21.334783044608674,20.818232557845263,20.41035126405785,19.89469047001718,19.437593811821117,19.07281912786167,18.61783763030938,18.214726487127958,17.889885927265464,17.48983980238422,17.13571332128832,16.84778903171585,16.49748891305107,16.187796386392883,15.93394146703046,15.62864164520265,15.359188684144076,15.136682425759096,14.871986641549045,14.638885473507395,14.445122499041391,14.217006482932797,14.016715430641673,13.849266901505246,13.654144334731585,13.483515947626708,13.340192733174861,13.174939327143628,13.031242223856172,12.910122303256895,12.772053483484509,12.652946266996363,12.552343897588695,12.439163723311694,12.34266300947517,12.261109741383525,12.170865625984266,12.095153638873011,12.03150050270021,11.962497875857466,11.905959817645646,11.859198113817731,11.809903994082855,11.771202928529497,11.74025938480648,11.709248353411752,11.68696252473925,11.67098899015302,11.656902382822961,11.649697432419707,11.647825444543805,11.649334653535181,11.65603890120299,11.667259623516088,11.683062485318116,11.702484440254405,11.725830539524363,11.754631656825934,11.785532671374218,11.820045056239339,11.860505923204855,11.901650795234273,11.946263476335357,11.997013298299834,12.047173067576662,12.100774640447044,12.16046901404252,12.218451813983227,12.2799409738618,12.347301596542072,12.412009295308735,12.480298680409911,12.554137337861407,12.624557259185584,12.698608500101518,12.777820496625296,12.852960291713098,12.931824472815265,13.01535883180845,13.094267450688168,13.177026316090345,13.263879214920149
T26000logg3.0,45.8290530781045,44.28488748713611,42.910466822501014,41.89750675649848,40.4684881308595,39.198974619128066,38.24550335990568,36.93737174712828,35.77658957615495,34.88986247738905,33.70199343384932,32.648442850273156,31.831063377564913,30.758323001038995,29.806907024003973,29.058118139710654,28.092765058519277,27.236424836628146,26.553385430906093,25.686616620289424,24.917556541907498,24.296346323824867,23.51929750493579,22.829773215232983,22.266102717879402,21.57041149474896,20.953156617313756,20.44279211266216,19.820832133201552,19.26922622655775,18.808173515109818,18.25306714470775,17.761104060188593,17.345605773806057,16.851093193361404,16.41329267088635,16.039800903125126,15.600213129669239,15.21162018427014,14.876849483754953,14.487115821019298,14.143289291577577,13.844237633723926,13.49984052075192,13.196818149611662,12.930764940491503,12.627708045929321,12.361991762220757,12.126508224691255,11.861316190175838,11.629881121685964,11.422830936829676,11.192504425815592,10.992791955957156,10.812232639095045,10.6141165006311,10.443795680422303,10.287971796456109,10.1195789259464,9.97616720990214,9.843613676709406,9.702497095274364,9.583914145465933,9.472741112287622,9.356460778360802,9.260227213577895,9.16892518299351,9.07510739787041,8.99894037609024,8.925895541269309,8.852281805373103,8.79400798890023,8.737672919170057,8.682150058966835,8.639668636874019,8.598641728118722,8.559233176551498,8.530652162984355,8.503492036371762,8.478296802588567,8.461808130380618,8.447052972959034,8.434211173326338,8.428142985446616,8.424238014826244,8.42195122796474,8.424928780811296,8.430119288026038,8.436687751058097,8.44736160316209,8.460035953928806,8.47389870986576,8.490920990879069,8.509698196344475,8.529444977512732,8.551561491086405,8.575193585802355,8.599536408582336,8.625579515758023,8.652925399088042,8.680691706709442
T26000logg3.2,44.547694348166985,43.10266523220403,41.81952204016875,40.87430671093879,39.54544981059012,38.367837760898645,37.483971676446146,36.27560117554551,35.206065161949034,34.389717198437495,33.29993477815023,32.33580947540164,31.588526084734767,30.610944033099326,29.745956086120785,29.065861309826914,28.191428309891474,27.41729871198519,26.8003657452823,26.018992804000654,25.326792275938644,24.76798334746312,24.069740153883473,23.450850864170036,22.944984001929008,22.320833066545134,21.767487617222578,21.309756574083643,20.751824918651508,20.257277143023202,19.84344540106636,19.344995373686515,18.90345379210018,18.529837079936314,18.085062571570028,17.691504634403838,17.35485404805918,16.958691562551927,16.608722001830074,16.306149396581027,15.954169206543224,15.643926633193598,15.372857656407362,15.0611668376573,14.787242576613147,14.545379783057008,14.270555461939946,14.029952445424797,13.815252845893387,13.574311249065946,13.364439920151588,13.17509014903257,12.965439335973592,12.784117546411833,12.61842600895939,12.437749067338789,12.282953409505199,12.139397840526588,11.985520923082484,11.855105449114024,11.732405885544326,11.603197310432412,11.495436591741198,11.39188747473725,11.285235952310378,11.197890977041077,11.112299318529852,11.026145504308879,10.957319120363955,10.88820755571488,10.82057019491461,10.768320827562212,10.714358006620243,10.66335080940705,10.625678615761739,10.585723469589052,10.54954863553867,10.524640603913465,10.497459052896174,10.474365619023855,10.460495459769781,10.444800716443613,10.43307049298401,10.428640317644835,10.423052496520906,10.421023579139439,10.424730857635872,10.427658830847374,10.433758836603976,10.444414900168184,10.454302036601218,10.467080725475544,10.483449129709893,10.498983309539858,10.517115291087233,10.538021796202115,10.558021408285889,10.580291436724554,10.604640546613204,10.628027445234608,10.653333620039215
T26000logg3.4,46.46198120927832,45.10384688255234,43.898820995205554,43.01144990677759,41.76531637286955,40.661962235363426,39.834195478785034,38.70382008009543,37.70420024943212,36.941624592418684,35.924686696831934,35.025742592477286,34.329388601122176,33.41915341053617,32.614289443187786,31.98182261006766,31.168958258000018,30.449626579622944,29.876607312267403,29.15077141162252,28.507817579266302,27.98884196961128,27.339918637630085,26.76457442006205,26.29417135034114,25.71305136870216,25.197517885666905,24.770712418786268,24.249609545927576,23.78726292599882,23.399802956471525,22.932234644149133,22.517550782183946,22.165880079896315,21.74642960891182,21.374764027144835,21.055874284252578,20.679954194435666,20.347350589844414,20.058662110913673,19.72233845570783,19.425382977987287,19.164650765839504,18.86449791188699,18.600196785757625,18.365437111602894,18.098461948868362,17.864201994219634,17.653669005550686,17.417279950659477,17.210822387970513,17.02297907066425,16.814942831585643,16.63443939165207,16.46783791884194,16.28616592875816,16.129875543438377,15.983239517759515,15.826056595651599,15.692140874847642,15.564373877604114,15.429825101524978,15.316935007433493,15.206412794310395,15.092638806828438,14.998836316198938,14.904479576558677,14.809644107752924,14.733156885409846,14.65373509762401,14.57605713816373,14.515270702630188,14.44946328108362,14.387238356388442,14.340204547484468,14.287120390972815,14.238708450776638,14.203661891732228,14.162286186002117,14.126080651325355,14.101319718032517,14.070588847418636,14.045006099389438,14.028924781684864,14.007695422366536,13.99119482450432,13.982532038784502,13.969381386255801,13.960500752966938,13.958239898170877,13.95162667525371,13.949009895199147,13.952022681542022,13.950690962544853,13.953095672705981,13.960271610893436,13.963121021913167,13.969404925356757,13.979706733649586,13.98572608809583,13.994849232788527
T26000logg3.6,44.806562976915934,43.5713699101448,42.47363180570206,41.673183685448976,40.54004995791683,39.53496636994598,38.78867416531318,37.76090607106802,36.85030792419031,36.163129813063314,35.23860638384619,34.4197087429802,33.79252364210666,32.96508048832666,32.231831576606865,31.662444305082495,30.923484884686175,30.26798557232397,29.75225191881521,29.092204727069685,28.505972822066163,28.038864483084915,27.448395792068645,26.923344755255016,26.499816789395226,25.97057736440219,25.4995677970306,25.115078901052243,24.63998464629463,24.21700099451808,23.867709522084184,23.440914165206383,23.06097839264868,22.743704339342802,22.360360319623258,22.019319873466795,21.731405380554865,21.387432759280966,21.08176884583176,20.820950948746756,20.512856206378505,20.23953170750227,20.003841945166165,19.728584861485718,19.484943070302855,19.272644243857748,19.02756658014525,18.811280000258044,18.62084622327306,18.403644022985173,18.21268206442929,18.042791310722436,17.85146239254317,17.684056051390574,17.533527990320945,17.366279243396487,17.220864138436617,17.088549534938917,16.943685698216015,16.818804288970576,16.70351643659139,16.579364262868282,16.4734558120147,16.374090152340937,16.268980603358727,16.180445428796553,16.095912502923454,16.00820475739618,15.935834858070237,15.864675907930867,15.792775509116886,15.735070312669672,15.676165475777589,15.618531732975821,15.573855738829852,15.526278625967139,15.481414959436064,15.448563768725794,15.410982904636946,15.377409261763422,15.354832363860773,15.326254119691392,15.302500492438039,15.288644000215907,15.268077513991777,15.252709660995617,15.246146617888382,15.232523860406548,15.224171040722325,15.223524883193585,15.215832884522797,15.213219179915278,15.217239485250731,15.214493953087226,15.216446815121111,15.224012173277341,15.225260943222072,15.230704304724238,15.240898803920528,15.245143616383,15.253099164437131
T26000logg3.8,47.79092248464687,46.58815204062304,45.51998560631402,44.73066387740911,43.622343294070525,42.64004202256267,41.90029822556503,40.89035268153634,39.99635466501084,39.31155263027176,38.39872342396742,37.59103247841886,36.96258371016359,36.141639533576544,35.41502880110663,34.84129017648915,34.10451935688229,33.4518857523438,32.929245437713725,32.26790340612571,31.68149427186222,31.205412899578967,30.610876057289822,30.08322307912414,29.649071825534996,29.11357350622214,28.63805054981849,28.24163889148385,27.75857794043476,27.32959588862741,26.967378572251384,26.531305537312377,26.144237159333585,25.813282311924265,25.419668417563734,25.07063696599262,24.76848085928406,24.41348181594097,24.099173994852823,23.823697710638868,23.5039928499088,23.221521818149846,22.97086134613827,22.683531902851957,22.43034317704807,22.202843248819086,21.945322639274025,21.719186113609624,21.513364498085036,21.28341555738048,21.082480338161833,20.896935771752187,20.692602220195603,20.515288597632857,20.348723096255046,20.168248680124776,20.012868396575364,19.864313908711953,19.70603590076947,19.571348717263913,19.43945417890886,19.301730595631888,19.186253264251917,19.06988681789336,18.95108331408113,18.85297730896412,18.751344536464845,18.649857392788874,18.5678063925975,18.479614248626767,18.393887681208472,18.32597027919386,18.250579058018815,18.179110795823902,18.123571238668468,18.060233717246668,18.00156564950269,17.956751458531812,17.90464072598194,17.857328658805596,17.821789745031815,17.77986328275872,17.742476030565562,17.715144958176303,17.681975457445503,17.65311135666775,17.633011496845157,17.607119904856262,17.585437871213465,17.571413240042226,17.551597471012144,17.535841805852034,17.52676736120099,17.511928817080285,17.500934531035714,17.495749250723332,17.484867137776646,17.477556092743292,17.47525835872704,17.46739966251912,17.46278697254226
T26000logg4.0,46.95422100591787,45.82410449170483,44.81781649331529,44.081878554964376,43.038392933676846,42.11095854726322,41.420048666470535,40.46706064633277,39.620968223917515,38.98013279167361,38.11672825498195,37.350375721877185,36.76106848111214,35.98267440306651,35.291470239407396,34.75236242533907,34.05209430297946,33.42967361276431,32.93761662386278,32.30758479808222,31.746934161199693,31.297901300590965,30.73027655786579,30.224607080567964,29.814464252808925,29.30216798128323,28.8454326988498,28.470416989465257,28.007425057415567,27.594513562492065,27.25143398020988,26.832746975517587,26.45940801912421,26.145611938574937,25.76707227208551,25.4297432018614,25.143004942457022,24.801074856785096,24.496695712487163,24.23508790808844,23.92668728625342,23.652577045251093,23.414391613001857,23.136810731939338,22.890600949961712,22.674314308705096,22.425167538554906,22.204764177687164,22.009025711060158,21.786226205673763,21.589786589836496,21.413412950180394,21.215128883118236,21.041034886609637,20.88294796972836,20.707521118603154,20.554371974061787,20.413467133426117,20.25931908299051,20.125764646655877,20.00093829668785,19.866509998694838,19.751038992589645,19.641325250588878,19.525063431971475,19.42625536296873,19.33057879570748,19.230955137103145,19.14783114875525,19.064686046456757,18.980210676169904,18.911238991573768,18.839708709302244,18.768932322332233,18.712651533175215,18.651779762740723,18.5932823012807,18.548459763519368,18.497064188809883,18.449429201072853,18.414491444256015,18.371705544818994,18.333526735041698,18.306960449356918,18.271853601533273,18.24175055701634,18.22212462368509,18.19371677737597,18.170365490258682,18.156328734687612,18.133650651309054,18.115809663786532,18.106113515565696,18.088228500717953,18.07475220923865,18.068353308752155,18.054275202845318,18.044112739772196,18.04016862502297,18.02887091957738,18.02107178862269
T26000logg4.2,46.18412127319311,45.16296101474563,44.25307870020535,43.5843465253803,42.637616188309494,41.79558984911017,41.164981184683135,40.29664623509004,39.525191298555384,38.93759331389974,38.14745458581275,37.44571453091919,36.90287423186816,36.18749581057707,35.551942983474234,35.05312471041441,34.40692739247648,33.83237316573421,33.375159477304585,32.79157428473306,32.27217157318003,31.85330386562116,31.325725084130195,30.855746610262464,30.47181171684281,29.994223480724806,29.568531095438708,29.216391645882787,28.783636617746865,28.39785908563532,28.07483575405258,27.68261501449865,27.333092825472797,27.036943203082146,26.681644024939686,26.365273721670718,26.094088499745357,25.77258743241727,25.486658611910478,25.238747326331584,24.948283472393175,24.69038530058328,24.464219370570774,24.202327105434975,23.970299971354464,23.764495419618086,23.528986577600286,23.320900356612185,23.13422716744916,22.923177714899424,22.73734467676142,22.5687004452557,22.380417874983408,22.215402472129792,22.063729653391288,21.896676716491516,21.751230920044264,21.61545480243771,21.46817121939356,21.340893924836998,21.22014471562318,21.091186746392548,20.980832097432497,20.874057583669963,20.761987831383582,20.66764237147755,20.57344658775051,20.47685405723699,20.396916639732808,20.314604101139746,20.232112560345897,20.16533831674269,20.093888558638596,20.02416129342916,19.969207725006175,19.90773120589198,19.849460623793608,19.80477899360974,19.752600501322704,19.704487726289653,19.668641708038905,19.624952624633885,19.585704368749568,19.55731349359663,19.521242805615973,19.48959010440568,19.46734180971077,19.437974194766944,19.412690150729297,19.395472661976065,19.37175662637726,19.351682214526136,19.33868919975999,19.319379845290158,19.303437268809198,19.29384374037164,19.277843475109297,19.265033442430017,19.257929634379657,19.244361408837833,19.233774226400087
T26000logg4.4,46.378767943850164,45.45556105784293,44.63117271807631,44.025069462118076,43.16416657920894,42.396747500634525,41.821749270121096,41.02732008293754,40.31989973095094,39.780761809545155,39.05335994735988,38.405838454723366,37.90458922721666,37.241870859868854,36.651760220095404,36.18823756619634,35.58594745320297,35.04925895956531,34.62180703778896,34.07471459291787,33.586770372699306,33.19291658830358,32.69562964439292,32.2517474955874,31.888801458739582,31.43634480971798,31.032276798693843,30.69772756730069,30.28580056972406,29.917899763055292,29.609581032866735,29.234562256676572,28.89974490103389,28.615822241230237,28.27463203269025,27.970246883325693,27.70913129956758,27.399073413915943,27.122777485882757,26.883042416851104,26.60170186708427,26.35138064361351,26.13171007246759,25.876902553777555,25.65064019152377,25.449824751242183,25.219593729368242,25.015663331120653,24.832619258251736,24.625238604576438,24.442121176227264,24.275874596872903,24.08981523100681,23.92621894452678,23.77581641962727,23.609683731675837,23.464486932283442,23.32894762209529,23.181408797656335,23.053319824870464,22.931868892109932,22.801605716420585,22.68942680737928,22.581170604790014,22.466864927631715,22.36989498309481,22.273414656664606,22.173761478428275,22.090624421538706,22.005175068712205,21.91889864466812,21.848289461684452,21.773077876377542,21.69893565235228,21.63968260786571,21.5738047034406,21.510573678609,21.461208354766697,21.40404758270132,21.350505143954592,21.309642849514123,21.26046996948439,21.21539519696317,21.18169778879527,21.139717452214583,21.101903730392237,21.074122301845684,21.03846304280082,21.006742003175106,20.98371807163287,20.95347385156279,20.926736982799422,20.90762074864517,20.881675994160016,20.85888873620585,20.842976284091584,20.820189150602612,20.80039403464157,20.786853805276138,20.76634452273302,20.748669131911374
T27000logg3.0,31.73024077847784,30.55875821792192,29.428874920889548,28.34012983221567,27.291919864959933,26.283541461026346,25.314232477987684,24.383205240534096,23.4896954448204,22.633018989058634,21.81271424809174,21.028911926429696,20.284146477247187,19.5848023866089,18.90169723622278,18.210501461095017,17.548429035238616,16.914472377009126,16.307540165804866,15.726573367571635,15.170567320694303,14.638573518909388,14.12972067311464,13.64323918953224,13.178504018800327,12.735176194185716,12.313869299294483,11.915418109341278,11.539667880811116,11.158085915755574,10.79081863136682,10.440176191701664,10.105588082658088,9.786499427227918,9.482379267045278,9.192728510369662,8.917071631084541,8.654969502897385,8.406040927726721,8.170018154128448,7.94703087701103,7.73690162693237,7.539517191702801,7.348300681133211,7.161440319303604,6.9848648697114175,6.818315103851316,6.66148270870737,6.514072110577982,6.375795195206218,6.246379138828757,6.125563598729308,6.013113483236234,5.9088390444873315,5.812712853487321,5.7243007037230855,5.643597076942428,5.56889572912103,5.499187642174157,5.435207804111856,5.377809973049375,5.326818288686537,5.282049571447153,5.243322303382852,5.210457847225441,5.1832827289975745,5.161626296713893,5.14532911808937,5.134278354795314,5.128081154169528,5.126574735713914,5.129931355385797,5.137001470790234,5.14864116988884,5.164512029134491,5.184464260715308,5.20832090380726,5.23590106317776,5.267022009041432,5.301502475687001,5.3391591151719755,5.379803379424263,5.423256832578833,5.4692177379897196,5.517443306290151,5.5685697498535225,5.621425940797986,5.677272592978496,5.735357848252532,5.79535054169454,5.857107903093077,5.920494497013033,5.985377230495207,6.051623167932475,6.119098546991192,6.18765517084892,6.257174879097593,6.3274619480418535,6.398282651235387,6.470148240697742,6.542741443778756
T27000logg3.2,33.15521175325105,31.95839140263821,30.799783563248077,29.67923042934827,28.596450488096153,27.551063479725023,26.542636149489596,25.570710555062846,24.634880311104478,23.734875992604735,22.87080123271243,22.043877325279436,21.262432074084927,20.5305887938242,19.762448539776404,19.02179152166908,18.310417899469794,17.627321717970606,16.971505268010105,16.342003451993996,15.737895988556865,15.158325080414093,14.602522462818476,14.069840131315647,13.559856431331754,13.072706966819156,12.611208617858193,12.17443772771467,11.740287806907498,11.31141406940753,10.900479295993566,10.50692075416436,10.13017992234799,9.769733759617429,9.425089378677985,9.095786289413693,8.781403107004849,8.481578511841471,8.196052440972833,7.924834405157855,7.668758289019983,7.426712388964398,7.194683549332668,6.964580615318494,6.745815937641406,6.538471898562416,6.342214011609283,6.15671370093947,5.981652195283711,5.816725095953329,5.661635191025048,5.51610726317269,5.379897315450729,5.252896188921005,5.135015382185919,5.025929783659258,4.924931877266031,4.827216027702281,4.736221865654288,4.652590702602406,4.576086087082907,4.506490123433733,4.443593441360074,4.3871972614814485,4.3371092354546406,4.2931427640545134,4.25511342113953,4.222919883451483,4.196154884428848,4.175046415146817,4.159636211534835,4.1475125660421615,4.140114312075633,4.137319304770631,4.139018958237681,4.14500916629404,4.155085983318385,4.1690417199894805,4.186673435172656,4.207774375788529,4.232123010538803,4.2595387366424315,4.289743045046027,4.32287569912185,4.359317897210544,4.397651301678791,4.438524824587971,4.481745203208711,4.527079979178415,4.574374971983269,4.623485793216565,4.6742692386782,4.726583894817415,4.780282479270899,4.835194962591513,4.891188401919743,4.94811621984169,5.00604720607452,5.065463254752972,5.125215488620635,5.186447902416771
T27000logg3.4,42.64000229993526,41.343092158722406,40.1930627812409,39.34372434249481,38.15382488346484,37.10092748964589,36.30861159735645,35.229429361978745,34.275791218314076,33.546013266967734,32.5755891681093,31.71853124184285,31.052499036428657,30.18464226669163,29.4180487439245,28.81369015267029,28.039593241230996,27.355368129567758,26.808501224618894,26.118295223202026,25.50770501728023,25.013181891331836,24.39721193494166,23.85189276822162,23.40450406526317,22.854084133967547,22.366610499407066,21.9616318843364,21.469355407404123,21.03342969419587,20.666830597152863,20.226520754621813,19.83687289290568,19.505264970266836,19.111733982059143,18.763904411818064,18.4643944978338,18.113206057051933,17.803361610275708,17.533436353876247,17.22075831665185,16.945569778438696,16.70302483812351,16.42551218783932,16.18205348732123,15.964938933148943,15.719662393628756,15.505390267892533,15.311976745666467,15.096403870869427,14.90917411249619,14.737894746035598,14.549822084979905,14.387811010310216,14.23721083871082,14.074656451224575,13.936020793152856,13.804921547305439,13.666014373614086,13.549134802692441,13.436215319288904,13.319112438647306,13.222281246225004,13.126294640792562,13.029173553756253,12.950443680004366,12.870389774173129,12.791477702244862,12.729337474457402,12.663830525805693,12.601419954526149,12.553933387868106,12.502096623031553,12.45455625386486,12.41995083827346,12.38083490275281,12.34659186381944,12.323209189820009,12.295800928869786,12.273310095246808,12.2596535365034,12.242784493596968,12.230524065222216,12.225414194397478,12.217619876660748,12.21411112184729,12.216445622228376,12.216240693741584,12.220068424859896,12.228670187277741,12.234742092179097,12.24458203575406,12.25828197616479,12.269460248456713,12.28409228557925,12.301788754084997,12.316997978047258,12.335299438872493,12.355963268672076,12.374217970483524,12.395168519282068
T27000logg3.6,37.554596494014284,36.54233487464747,35.56527851566703,34.62370195261484,33.71724068867043,32.845443872915155,32.00778535465816,31.203675313542703,30.432490570046753,29.6935944860386,28.98640072991485,28.31050479687535,27.666069827474978,27.05620400543825,26.4831495994456,25.914447249278467,25.34921008696723,24.807901399194957,24.289662729250367,23.793364889193587,23.317932726108662,22.86234625586831,22.425670763688487,22.007054546859944,21.605763695656954,21.22120520601635,20.85304002867251,20.50159885531029,20.17010970349865,19.84968302747813,19.5304506854816,19.21879179948691,18.9194144895338,18.6320573189116,18.35631593505935,18.09181044493017,17.838186463579795,17.59511312816272,17.362294169423567,17.139478428475176,16.926497125880367,16.72336772042668,16.531529378797252,16.347691063718386,16.169856607289837,15.995448342683105,15.827601696653645,15.667455836381459,15.514899333535903,15.369724160576492,15.231727581858411,15.100720137610903,14.976522719360794,14.858974705405721,14.747945190201186,14.643352484490501,14.545605364673444,14.455037758549942,14.367444090820788,14.28334544164006,14.204720115621795,14.130832942438161,14.062036567679437,13.998273308651036,13.939404671031099,13.885295150893793,13.835813111786162,13.790830903381387,13.750228672291865,13.713889956205785,13.681892931925479,13.654608386711743,13.630261063650186,13.608116213430058,13.588798214934299,13.573786983303178,13.562050177099167,13.553414233443691,13.5478226521656,13.545132406818558,13.545203617953314,13.547900528258356,13.553088544727235,13.560628647203027,13.57046221728342,13.58287944413377,13.597254158211896,13.612082279952823,13.628249676782222,13.64615390573033,13.66632712294798,13.68794128337376,13.71076028955782,13.734722905244531,13.759724099096319,13.78565820828021,13.812422635772828,13.839911776035633,13.868046851130824,13.897049829964914,13.926683197943229
T27000logg3.8,44.30872715398617,43.13045080994928,42.084747571989766,41.30975149941561,40.22448136226828,39.26334237360673,38.53728383317308,37.54889047881218,36.674710020413734,36.00289218450494,35.11015890458043,34.32100653818034,33.704869374948146,32.90272760747909,32.19354644798257,31.631559823722704,30.912539781384712,30.276442883467848,29.76514461566726,29.12074826770928,28.550206419044084,28.085218101395434,27.507062672421284,26.99481808859902,26.571664676363106,26.052185133846265,25.591774783787358,25.20638112536654,24.73911148539752,24.325050404783894,23.973941255830656,23.553509081715575,23.18122525060317,22.861499516991643,22.483403826144276,22.1490392551748,21.858235031515022,21.518635153227653,21.218874195365238,20.954854232126568,20.650407555768787,20.38234391567589,20.14321927762726,19.870996945605757,19.632072880934427,19.41616107570398,19.17358214030918,18.961570282366743,18.76734794636981,18.552161089611165,18.365250097884207,18.19124481861556,18.001480221377577,17.83798662538257,17.682968691980733,17.516853974378137,17.375103848882784,17.238054947741134,17.09390712827466,16.97282118038673,16.852186724893784,16.72834972403154,16.625925153312227,16.521063506708536,16.415892716280617,16.330763331175113,16.240384150960523,16.15226936221921,16.08254437217837,16.005908790784456,15.933287002060197,15.877055183627496,15.813493154401314,15.754857524535037,15.71039053680361,15.659111646897461,15.613001609644382,15.578820634681167,15.538813065576223,15.503785161782552,15.478788232933123,15.448655596442013,15.423279725808829,15.406461664931506,15.384710604246003,15.367590797302594,15.357787347773904,15.343129994542865,15.332931480689236,15.328965982764023,15.320223150705836,15.315697549522909,15.316450248182392,15.312528746302846,15.31252456733181,15.3169332849501,15.316832216342668,15.320286854829146,15.327352112176051,15.33015836488966,15.336103573821852
T27000logg4.0,42.92190431530002,41.84590441386956,40.88807783523367,40.1866084030806,39.19325172388683,38.310674804918506,37.65224588897145,36.74531645057794,35.94045601067171,35.32996734404516,34.508711421368005,33.78014677808953,33.21907890060475,32.47924883693177,31.82270271507327,31.309876860599033,30.645010955430074,30.054506084591843,29.586999863442827,28.98966461473742,28.458591315110937,28.032633210236934,27.495428630080596,27.017367160105437,26.62906264612321,26.14528226269099,25.71450371155558,25.360300132356873,24.924219760247,24.535866197840114,24.212738129917152,23.819599341613007,23.469618771300915,23.17504276093707,22.820864940679186,22.50583936067428,22.23767985244455,21.919050179721065,21.636020952532853,21.392408159197792,21.106339508574614,20.85270466018474,20.631974429808153,20.37583358352699,20.149288064393595,19.94995085132782,19.721412843190926,19.519910815895194,19.340648041534887,19.137675467368037,18.959421722075724,18.79906069044661,18.61985578825701,18.46327845794242,18.32073262895606,18.16366136564377,18.027393305515737,17.901551516853626,17.765057668575366,17.64769110643532,17.53752993425003,17.420075473319464,17.320098427423947,17.224678295638185,17.124732403451482,17.041065909589463,16.95899733337771,16.875055738921915,16.80642805946246,16.73653152290923,16.66713222056025,16.611898959839543,16.55341270450707,16.49713936027725,16.45415179021186,16.405857628729947,16.361326007344886,16.329078004408366,16.290126360066456,16.255963245916195,16.232912678578018,16.20247500138167,16.177316150059557,16.162036005316967,16.13916310433516,16.121671666616997,16.112786757582136,16.096516606908608,16.08541342136433,16.081643407892553,16.071012342514187,16.065100707932896,16.06537706265827,16.059341708821876,16.057514526102914,16.06100711256788,16.05843224785647,16.05967409247332,16.065608849903505,16.065461029299865,16.068856374952
T27000logg4.2,44.180304998619796,43.189575199177575,42.30685646816407,41.65891837186739,40.74108554211252,39.92481578311515,39.31431830885806,38.47315848146659,37.72590777411486,37.15754582596432,36.392777693971276,35.713624450292826,35.189025992354445,34.497215737685764,33.88266091542653,33.40105836489512,32.77674075040337,32.22169928221916,31.780711191608184,31.21745282876291,30.716202181195612,30.31263295911691,29.8039795848347,29.350922733173242,28.981431579789053,28.521500703988412,28.11160904579161,27.77311848112322,27.356855012758395,26.985841601321372,26.675716473643902,26.29890784983015,25.96318686280285,25.679223521601084,25.338328471337512,25.034857548467908,24.77517834200947,24.467142410618074,24.193271973455612,23.95622183748928,23.678350990141052,23.431731904721254,23.21582157692861,22.965722660272,22.744259722456484,22.54814724082955,22.323699243249088,22.125524964999517,21.948020219411355,21.747362021697306,21.570844062079214,21.410879768440502,21.23236964763614,21.07610973637854,20.932665409651083,20.774814471574373,20.637580671199515,20.5096386088274,20.371031955747856,20.251473741648102,20.138179428790334,20.017413788613446,19.914238553053828,19.814658455255195,19.710339455430727,19.622737599734343,19.53543816667613,19.446192267958633,19.37272719412963,19.29691140753675,19.221396775369744,19.160730867857158,19.095524476991095,19.032435649947207,18.98336486969007,18.927791583443632,18.875848608630633,18.83685923134366,18.790252262901177,18.748181346295233,18.717857967207923,18.67943028551319,18.64596068160327,18.622924846668806,18.59183886996653,18.56572186173861,18.548687960036705,18.524039373187968,18.504071531843227,18.491857696750095,18.472709981359973,18.45775780447127,18.449473151510325,18.43471009814498,18.42371875965785,18.418636924764893,18.407105419912725,18.399101107663988,18.396383877737712,18.38718253770588,18.38128012853637
T27000logg4.4,43.77941190009767,42.85720162369252,42.03567367829907,41.424863954369926,40.56577514254803,39.80196716934008,39.222867459782414,38.43108517449168,37.72800550038871,37.18546054087232,36.46150292761356,35.819016700441026,35.315104378180656,34.656605403965244,34.07220107796968,33.60678831476974,33.00946269077263,32.479122567685216,32.05055304711094,31.509137383857166,31.028168705403168,30.633966077454936,30.143057222860556,29.70676703522664,29.344231092380813,28.89881548127476,28.502919440313228,28.16950540110113,27.765223824354592,27.406023307045853,27.099517597484155,26.732688134411745,26.407047824280696,26.125569524990144,25.793045795420483,25.49825893539596,25.240167355080153,24.939194837802958,24.672872103605933,24.43669348432499,24.164806641803942,23.924788863775355,23.709173294954866,23.464149032597348,23.248488906313277,23.052192154176474,22.83203770095298,22.639026617413528,22.460880348977007,22.26382820972791,22.092086223214167,21.930906087856535,21.755391155085945,21.60349646133588,21.458398832050477,21.302993112634322,21.16969690154411,21.039768914369787,20.903102679257763,20.787760125586146,20.671504762717895,20.5522167251673,20.453128474278955,20.35007305903225,20.24680294460181,20.16277868057721,20.071914229640907,19.98331960640254,19.91263833065898,19.83348867100149,19.758253495447022,19.69919476217972,19.631297786141616,19.56813850386701,19.51915089859061,19.46189940854677,19.40955671074144,19.369339137014293,19.321874970870176,19.27909714237959,19.246744163858278,19.20779134057989,19.17332930661846,19.148008085361827,19.116201298090584,19.08882814279718,19.069488406315532,19.043705679218426,19.022239083535496,19.00782561437121,18.987017987710388,18.970343881856788,18.95983518846163,18.94303532497785,18.93012097010602,18.922539944842327,18.90886970579418,18.898764562961965,18.893171831471335,18.881858148278358,18.873700930352623
T28000logg3.0,33.49636194496707,32.285997082434086,31.2098640717187,30.4165908866032,29.298859089014943,28.306835691876884,27.561265814373353,26.539792120204364,25.634245627912666,24.941708216383002,24.015660619321068,23.19524371325903,22.557775999738197,21.723241664670184,20.984160318055725,20.401456957927024,19.65277530318473,18.989896212506274,18.460175443503257,17.790946682482357,17.198614595592765,16.719297609055694,16.12305556333929,15.595604985908642,15.163771077322142,14.634299091370133,14.166288489233542,13.778910415106338,13.31038193420257,12.896718422925868,12.550807414093839,12.137846814363849,11.773814019543943,11.466473244435628,11.104119094778325,10.785333128119865,10.513751247472651,10.197372455465779,9.919734096143815,9.68116981517627,9.406467593207639,9.166211525194797,8.958059241733721,8.721166432027333,8.51492557564287,8.334807041217998,8.132323216842783,7.9570561573361065,7.802940261296396,7.631906519076889,7.485058903858148,7.355063861433151,7.212921164211529,7.092213979104768,6.984758062310903,6.869280303597443,6.772295280897885,6.686369736670714,6.595531955227791,6.520408043073877,6.454676451959039,6.386547866822396,6.33150705712621,6.284657762069995,6.237387181263315,6.200663366371693,6.171486891298315,6.143315484334685,6.123299344174734,6.110536614907684,6.099768649688499,6.095005757082005,6.097305221366152,6.102298305005319,6.11144244747463,6.127400949611186,6.146551883563523,6.168206438684497,6.196489734770775,6.228201537012162,6.260958893819796,6.300220686085303,6.342914658408187,6.3854177547308195,6.434300694736807,6.486469636607006,6.5374085919623575,6.594632217418999,6.654872715086655,6.712987085384998,6.777392356573562,6.844422535761652,6.908535431208989,6.979066207367555,7.051709655115731,7.120719382343821,7.19639311543871,7.273547779214181,7.346427236238064,7.426297832189125,7.5069298367308015
T28000logg3.2,39.67922822777039,38.26980783423066,37.016495645612075,36.09214057331064,34.79014501622132,33.63441447707704,32.76572678621818,31.575642570949327,30.52043120514724,29.713700556264932,28.634582736705738,27.67824366240736,26.935684146425057,25.962620361258068,25.100312068677773,24.42110795648073,23.546827467737884,22.77191662035822,22.153332492280942,21.369590246831024,20.67479967271646,20.11314019335348,19.41171942773276,18.789889801340358,18.28117979842222,17.65438893416217,17.098854947818943,16.639213108883908,16.08009066921132,15.58482162221472,15.170618064610046,14.672925770640246,14.23248474634303,13.860335415516438,13.41842846852236,13.027868096938889,12.694586104501152,12.303323770167449,11.958141959738477,11.660746100992656,11.315501424832503,11.01164789390554,10.747402517860966,10.444057445777522,10.177923769605055,9.944358021831082,9.679286469895723,9.447705466272474,9.242615108866847,9.012653790602762,8.81287242596454,8.634299821166778,8.436690421996227,8.266357412983508,8.112502439451918,7.944784654180795,7.8016567723724295,7.670966174491642,7.530829242675981,7.412662217144568,7.30370228119153,7.188876047225715,7.0935518185898685,7.004771229465276,6.913023700376964,6.838317321268058,6.768319900046821,6.697507321710837,6.641387766590245,6.588695186643861,6.536775227431847,6.497201698581582,6.460484851724506,6.4255283798308405,6.4006447529772945,6.3785471103816604,6.3587253749588,6.346821947568413,6.3379504459497324,6.331483045665761,6.330975747575575,6.333848996925989,6.338989900092637,6.348469076604463,6.361474416660146,6.376540765601904,6.3946668471353005,6.416216119235669,6.439616865344326,6.465035869658959,6.493705940756827,6.523974502862089,6.555405285514729,6.589907481882284,6.625714301578502,6.661969830938078,6.701131147695611,6.741262928735949,6.781231263708897,6.823989660539728,6.867346824731169
T28000logg3.4,42.852812268333174,41.46374945769597,40.23060654140951,39.31076934749704,38.02657146314028,36.88892312027018,36.0236797224999,34.849564852236455,33.81087514238901,33.00695066026855,31.942350206925752,31.001191599660547,30.260953175611345,29.301013095309955,28.452509842593223,27.77505217981325,26.912301195746405,26.14958147979313,25.531883067915363,24.757710949150397,24.073145139030615,23.511117036421002,22.816879493337314,22.202955174841023,21.692232051615257,21.0699201148341,20.519743100372935,20.05616904014463,19.49869881617262,19.006187662973772,18.586022158612007,18.087221020303392,17.647058987393653,17.26696401539952,16.821422432784907,16.428924173297418,16.08588799693679,15.688808128915998,15.339800184838886,15.03108004945446,14.678191698017049,14.368953933000375,14.092050381037934,13.779547528340089,13.506791668855318,13.259398414553257,12.983902162960026,12.744849685349385,12.524767670118957,12.283316690670285,12.07544320517281,11.880811554193155,11.67080866951149,11.491678301070543,11.321034407587021,11.140138065534885,10.987748514240256,10.839481886926027,10.685470622377482,10.557322186173952,10.430407958106727,10.301092804079683,10.19498484285021,10.08809156237465,9.98131938880713,9.89474169692005,9.806875012689847,9.720563861698048,9.651289675975677,9.581260664334229,9.513425415539292,9.459781670999394,9.405980743160386,9.354744283675274,9.315345642419622,9.276022101165896,9.239599584283098,9.213044784394535,9.186565695885077,9.163226178676434,9.148047832902634,9.132890248030215,9.120940408453755,9.115646885508605,9.11034763520544,9.108144743570174,9.111256927645915,9.114412562091472,9.120394802040032,9.130492736334727,9.140772855105453,9.153492040155276,9.169239021852416,9.185416785413777,9.203547675713004,9.223758851001667,9.244645690382903,9.266973229563236,9.29069234284908,9.315054106315426,9.34047429282108
T28000logg3.6,41.5382507737519,40.26547022113136,39.13371797856746,38.29873397949673,37.12328639012573,36.08019483020592,35.2960279223691,34.22260759700217,33.27125357822673,32.5438953125139,31.571794271205984,30.710688086280562,30.042105808767506,29.16659872774288,28.390994032176117,27.780100146338548,26.993976343041417,26.297224965046546,25.740949504984826,25.03591557062228,24.41065328205064,23.904938521623677,23.27269585267298,22.711715261443018,22.252295968223404,21.685233442852848,21.18199822689073,20.764887599844585,20.25636892460433,19.805204733905974,19.426896755715205,18.971250247900915,18.567290630996165,18.224744828602844,17.817089698982546,17.456114673130873,17.146653457845275,16.782720199885144,16.461019613249835,16.182249251904306,15.85827289572112,15.57255816843389,15.322323325772714,15.034957993186058,14.782288201377433,14.558643068165306,14.304918368466382,14.082685396106346,13.883877244926916,13.661174483154745,13.467103702398248,13.291537781068739,13.097536211886386,12.929668958698999,12.775818223582302,12.608398361094846,12.46485032707152,12.331335661917839,12.188474435961288,12.067312871292982,11.952871185478026,11.832583827469906,11.73235083283791,11.63525025563703,11.535588838309632,11.454196293844554,11.373369043018656,11.292457091389833,11.228133932559842,11.162282503718743,11.09832665776708,11.049245608502865,10.997235704754917,10.948529284461127,10.912790838745247,10.873670845572152,10.83857667816985,10.814474507044903,10.787163159452897,10.764075501169149,10.75000220109714,10.733334422508266,10.720674799612068,10.715159181468959,10.707858120411316,10.704089047993122,10.705992311459571,10.706502491055353,10.71015238144202,10.718370760248146,10.725207910406267,10.734901942876384,10.748256214099088,10.760173283192177,10.774650177919751,10.792028413746904,10.807894967578603,10.826005946153279,10.846371453533386,10.865172529807264,10.885887648248193
T28000logg3.8,40.97312670087177,39.84417859452016,38.84094072849321,38.10164733437989,37.06116180087077,36.138399502667205,35.44550442471206,34.497254205326875,33.65735132780766,33.01593794035132,32.158890921533214,31.40015074624585,30.8116861733726,30.041219833701014,29.359026272902376,28.822224917213784,28.13147784111736,27.519502653696833,27.031284998586518,26.412422918516107,25.86371617424414,25.42013206434889,24.865391137024012,24.37322268590407,23.970200658994294,23.47253092040141,23.03086322030931,22.6646570976211,22.217986582410642,21.8216438272185,21.489014122062105,21.08822068916666,20.7328268345886,20.431019994549878,20.07177076993578,19.753594484681777,19.48024092617054,19.15879177881253,18.87458533506265,18.62759329071159,18.340661673743448,18.087563592212994,17.865065024892683,17.609753932246118,17.385225279744205,17.185554339723808,16.959313455196074,16.761120052615045,16.582794227920118,16.383395439587993,16.209610845541526,16.051295022782014,15.876788666069247,15.725791420138897,15.586211051605527,15.434839988340073,15.305069814619083,15.183104240739738,15.053200691858287,14.943047468972756,14.837689937760477,14.727611544727957,14.635962029236326,14.545699222656268,14.453819627349716,14.379004960238543,14.302875831827173,14.227603149346663,14.168031586625307,14.10502805083933,14.044821708347408,13.999031292010011,13.94807508406663,13.901453346871769,13.867722255484335,13.828057996311472,13.793584221272031,13.770357967639917,13.74109323792268,13.717348445875146,13.70313197517918,13.683307239701882,13.668885977647088,13.66227273925089,13.650846331438455,13.644378790458617,13.64424778348857,13.63993993223091,13.640116357581618,13.64556202133728,13.646975395665866,13.652572995322757,13.662575739820054,13.668567527195098,13.678457710847614,13.69200738282489,13.701575405108718,13.714721289589473,13.73087453736233,13.743103490226828,13.758563036662848
T28000logg4.0,42.995052769652645,41.881445865553175,40.89291401931099,40.15374260095626,39.12312206804641,38.21024368968099,37.51405329535616,36.570791277168176,35.73649484257395,35.088793895429774,34.23258079424893,33.475814536252955,32.87855854791381,32.10550583705122,31.422313767992367,30.874703318540746,30.178673960826607,29.563381045267853,29.062813319448832,28.436647103920222,27.88288908616311,27.42583209733589,26.862312094564757,26.36383174821523,25.94654816687278,25.439050321373934,24.99018552550845,24.60919480121162,24.151983920359633,23.747854947033723,23.40012764872449,22.9883466159514,22.624813757702114,22.30776382620082,21.93728121587514,21.610795189818777,21.322179341597483,20.989406571381164,20.696860308600087,20.434692842014364,20.13646684899699,19.87511407075416,19.63759566136394,19.37110453240068,19.138553155309786,18.92400106974213,18.686749660301196,18.48103745154868,18.287783889732417,18.077583720313108,17.896738287083473,17.723554626558972,17.538473675798492,17.381061206491445,17.22650787492558,17.064788710811012,16.929318791922174,16.79220393125115,16.652170388674268,16.536715719964555,16.416333016704733,16.296332018359305,16.199038530864666,16.094589216834045,15.992977377385932,15.91155894055164,15.82265878117304,15.737823562628598,15.670348317672646,15.59628079204013,15.526655148812136,15.471847075093677,15.411284969240853,15.355355411302192,15.312167911141135,15.263611032141732,15.219909388464533,15.187206381153135,15.149271991354787,15.11635024133776,15.092867810404787,15.064298236234496,15.040728870647317,15.025191013861672,15.004754335405513,14.98914796813369,14.980277519479083,14.966793594857585,14.95782600509113,14.954384697654147,14.946743020039637,14.943183869673138,14.94403044537818,14.941176778602319,14.941894552868277,14.946098196032539,14.946927248951319,14.950885328327796,14.957670200407723,14.961087793283177,14.967351476156848
T28000logg4.2,41.54472310861139,40.56599031399503,39.69519881214105,39.05155640651392,38.14526321066704,37.3405046386509,36.73419532410295,35.90411791555883,35.16795075314199,34.603696313559155,33.849578190703966,33.181115810885856,32.660592937478626,31.979066821802917,31.37486966810989,30.89736160978042,30.283048468791876,29.738128783051515,29.301328483029483,28.74792358393005,28.256672026993567,27.857461464452946,27.35862045320482,26.915536119512645,26.550638512063813,26.100565123793125,25.700696780541186,25.367086944629264,24.960795952123554,24.59991104106435,24.294987802527537,23.928298725774404,23.602833463722767,23.324401830863955,22.993770860294326,22.700677080388946,22.446843507005944,22.1491986561257,21.88581424571828,21.65490342375342,21.387532263726676,21.151489563683473,20.941988813008518,20.702475546500033,20.49165262168515,20.30220176443047,20.088401603770794,19.900931052410726,19.73028752036098,19.54031182331942,19.374628170078317,19.22160996212552,19.053796914866382,18.908519325516984,18.772046354822535,18.624880969248508,18.498540661544382,18.377783325808814,18.24982346572934,18.14134914812945,18.035124628608763,17.924944801175993,17.833295639408465,17.740369114865604,17.646549762087403,17.570031403372756,17.489804396951158,17.410951638190934,17.348410953051307,17.27976056816066,17.214516771731965,17.16426791323585,17.10663524624757,17.053681661022612,17.0141470639509,16.96689636376663,16.924943295764827,16.894648029853474,16.857053641458513,16.82482511822909,16.802433129647415,16.773614683266196,16.74983995897581,16.734315555831184,16.71308333689739,16.696515364304176,16.687027521113365,16.672016100647454,16.661458333541788,16.6570355435173,16.647099792186594,16.641427587196766,16.64106189924897,16.63520997744442,16.633380774714947,16.636123110583675,16.63343758659458,16.63449041382782,16.63945417322539,16.639097427165343,16.64216149255133
T29000logg3.0,85.17121938340198,84.74617240679588,84.37102701523102,84.109061409803,83.7346448552971,83.40562966340721,83.17194110577903,82.84798510964194,82.56324752848549,82.35781182886288,82.0784910680391,81.83197993275974,81.65156127530118,81.40852769010222,81.19259537287492,81.03258846229551,80.81737671462648,80.62479414490248,80.48065786044822,80.28632801147371,80.11144012876531,79.97950662775462,79.80117641103202,79.6400558740132,79.51768725964537,79.35229058289369,79.20245293414783,79.08792715889706,78.93353394538443,78.79324833451939,78.68534422643943,78.54035235484868,78.4080795410047,78.30571100940985,78.16859753817839,78.0428714630041,77.94500311249848,77.81423988353696,77.69354392781614,77.59908319959825,77.47298716603555,77.35569745388935,77.263454002588,77.14038479166626,77.0251920831247,76.93421922494453,76.81329805440966,76.69977410637631,76.60978304611318,76.49091958047404,76.37915895800508,76.29024988670251,76.17347876838072,76.06357708088517,75.97585347621158,75.86123615297765,75.75338426922738,75.6670277932577,75.55496606699883,75.44961906246803,75.36502246321993,75.25613186108129,75.1537883305385,75.07139190104515,74.96615798791302,74.86715240409,74.78728503819296,74.68595771898391,74.59042275122276,74.51326529827197,74.41583965202383,74.32370463411448,74.24928008052144,74.15555641005432,74.06665327598874,73.99490320780694,73.90462003966974,73.81873832235225,73.7495971735301,73.66246207249013,73.57938554501908,73.51278211914472,73.42853095771423,73.34810380583475,73.28395877111207,73.2024204360308,73.12452129460235,73.06281078943225,72.98392256835666,72.90849696192201,72.84922330314006,72.77295977984103,72.69997388466106,72.64305615171438,72.56929817363228,72.4985745381445,72.44379391114843,72.37223152702148,72.30338509296828,72.25034847539096,72.18047067223364
T29000logg3.2,34.759225402277984,33.43987289019644,32.265578168996406,31.396938494421708,30.173507233953796,29.08659216214553,28.266951813458352,27.14451260988484,26.14854610150008,25.384378075216766,24.363028413826814,23.457371971208037,22.751446999937134,21.827640929910327,21.008727386298247,20.361071248935488,19.529085730078727,18.79167612433491,18.200553699992,17.453689108419898,16.79185490684076,16.254580463455454,15.586003812736182,14.993763906925906,14.507263146997138,13.910407393082794,13.382028109721626,12.943133370194072,12.411855529803894,11.941973533023402,11.54756099523049,11.076194150115871,10.659837502320476,10.306872144632992,9.890177140406633,9.522725479038888,9.208263148678464,8.841365767015631,8.518524196558644,8.239727060593516,7.918150462145026,7.635988849001011,7.390191801778496,7.109913456166447,6.864911617156506,6.649677857462457,6.407131170353508,6.196167067290304,6.009308103690144,5.80135788067759,5.621767807998235,5.461253634400043,5.285147807295766,5.1344413998776,4.99859943461865,4.8518858995429035,4.7275624148775135,4.615097146027313,4.495483218847058,4.395347619102427,4.304793819007699,4.210035108026194,4.131935803900393,4.06181633908574,3.989724684953507,3.9315893595260616,3.8804258504464775,3.828911936275833,3.7887630743987732,3.755109390229568,3.72218451464153,3.698214274709567,3.680587572811736,3.6643677643982406,3.6549655973214144,3.6518311894323996,3.6505234444164425,3.654180355098757,3.6639979644631095,3.6758538553335263,3.6910961865362193,3.7123214045290847,3.7356284207987924,3.761004544002992,3.792125733303795,3.82524298801517,3.8593171241571445,3.8989215242883124,3.9403074019846005,3.981700140085825,4.028484211436963,4.076726864584927,4.124153217849221,4.176930980372953,4.230750994906969,4.283020369152576,4.340709775161086,4.398932834282142,4.454961212681499,4.516540648845363,4.578093034863338
T29000logg3.4,39.73156566822151,38.38115502978748,37.179976005781555,36.29016998914672,35.03937515945897,33.92887810114918,33.090377543985454,31.944178998267926,30.927753763413257,30.1469962395267,29.105081289775306,28.181666517293927,27.461148326997513,26.519356214530216,25.684773387030646,25.024045764886125,24.175843981561165,23.424097425219937,22.82079800600832,22.058608021239454,21.382993413811004,20.833772439772535,20.149950729325635,19.54381190761115,19.045008933504832,18.4323781616443,17.889495685518007,17.437515763162242,16.889559961015966,16.404294388014254,15.995768819997522,15.506649082287502,15.073921591013077,14.705715929696185,14.270159815241563,13.885356034993237,13.554522924564896,13.167729867965468,12.826648029418063,12.530427297250734,12.188067320581277,11.886911748752121,11.622761795447865,11.32096016278642,11.05633588833927,10.821934991450599,10.557250027110157,10.326169816803937,10.11940711481801,9.888816326519354,9.688719874458426,9.507661285374184,9.308516501048544,9.137106353661448,8.980057283333727,8.809976521123513,8.664932114233359,8.530526119121498,8.387254441037003,8.266636835627477,8.153219091117839,8.034531635670827,7.935993395596851,7.84231039689293,7.746017085412305,7.667460813797745,7.592044774862938,7.51603644385808,7.455278416940086,7.39685220931223,7.33912165638987,7.294156886510594,7.251402889000925,7.210053063650141,7.179073435281753,7.1506317510854425,7.123863331259362,7.1053252593774925,7.089684114504221,7.075752581466581,7.068295410711922,7.063804525323255,7.061007959726617,7.063269751997857,7.068336341749684,7.075036762267667,7.085601353467739,7.098779764525913,7.11342789436663,7.13093204743728,7.150873338011396,7.17204319750659,7.195203335911534,7.220683696392054,7.247085288590955,7.274721145802083,7.304625150709402,7.335087639551336,7.366101785829024,7.399427536485836,7.432897442605205
T29000logg3.6,40.68947938347931,39.4081399728736,38.26891116078816,37.42225941054419,36.235171503879556,35.18186769254683,34.38384661140639,33.29608348524469,32.33216565867855,31.589090575833595,30.600493600871296,29.725005065993898,29.039287172143197,28.145823487092965,27.354681941193704,26.725791891169578,25.92103759991318,25.208320362686468,24.63380333196166,23.910261361937668,23.269322391303213,22.745737015564337,22.095837242064533,21.520083490047522,21.043695236419865,20.46036290607101,19.943691516693583,19.510895707176672,18.987815520717266,18.52479808420712,18.132312710815665,17.66394806380795,17.249796535478794,16.894658312774276,16.476101172936023,16.106551016103317,15.786052612575679,15.412915203548748,15.08413765450256,14.795787132650716,14.464132812044902,14.172679721944142,13.914195931303418,13.620506275670282,13.363306684962044,13.132597006314828,12.873738861243126,12.648113335411427,12.44323080230635,12.216440114768094,12.020090052512106,11.839232237026003,11.642066669269491,11.472765918151406,11.31447937462588,11.144718193691975,11.000567695416224,10.863326382919855,10.718861618708187,10.597921122202951,10.48031715392361,10.359072472802442,10.259123656492005,10.160019430531248,10.059954810462695,9.978959565760489,9.897074489241177,9.81622189344605,9.751943510475417,9.686281847349068,9.622762513909842,9.573212063639243,9.522654493365554,9.474689215123854,9.438188609792622,9.401433609053663,9.367323984633007,9.342551576180831,9.318027115014168,9.296121852655732,9.28186374917339,9.267928294335944,9.256612123944281,9.251521683906788,9.246705664042647,9.24441855949324,9.2471417297521,9.250061853840394,9.255320101365434,9.264540558336067,9.273897370454133,9.285322970247874,9.299783339510093,9.31439788125071,9.33073469853207,9.349269532388774,9.36806612675948,9.388173077297512,9.409732129994032,9.431714526178363,9.454568292434391
T29000logg3.8,41.040328380872985,39.84900185281113,38.79067536202389,38.003109346259045,36.901085786307384,35.92413812882234,35.18287503299077,34.174681201734515,33.28211568703675,32.59291209584994,31.67809495863588,30.868727980258328,30.23362602962556,29.40807370009512,28.67776110435714,28.096000258284047,27.353336720294454,26.696201580659903,26.165194911969373,25.49803245296583,24.907517202358502,24.423741530710274,23.824651604631935,23.29429811713966,22.85399614394203,22.31610074893427,21.839995765453672,21.43960180484636,20.95684272060796,20.52979828553017,20.16613004611871,19.733270569712925,19.350782893244578,19.021032391447672,18.63351935897535,18.291648576670475,17.993311996744062,17.647124028886257,17.342368934432038,17.0731727507464,16.764726514050498,16.493954976798367,16.251839351508174,15.977950717231089,15.738393292518202,15.521474983590444,15.279324025878607,15.068605691368148,14.875122546885372,14.662237448999987,14.478323195712935,14.306664686136534,14.12087043118735,13.96173324955529,13.810672452356268,13.650000759767032,13.514093122569744,13.382151197553888,13.244729169533192,13.130370822432859,13.0162690478445,12.90025495313191,12.805394137113858,12.70821636586641,12.611788235727197,12.534573868540193,12.45320809629711,12.374591584807767,12.312897659856672,12.246555740398144,12.184042125693658,12.135976461949177,12.083718358610046,12.035670200180423,11.999639344084052,11.960307381560458,11.925144600515067,11.899937942449096,11.87204117867391,11.848215488040108,11.832695307012632,11.814683959193339,11.800673611678508,11.793572683265666,11.784053830225382,11.778387147605796,11.778409842150905,11.77608968034388,11.77737046907284,11.78326533851972,11.7869312637571,11.793865332155823,11.804436017972868,11.812989051847573,11.824396398391313,11.838533379420928,11.850974074644848,11.865783265495022,11.882569297809697,11.89788844479968,11.915136761844819
T29000logg4.0,39.72898724558297,38.627714500334875,37.64762125358014,36.9190280440709,35.896099128211944,34.987589490316076,34.29897284622264,33.35915221603705,32.52554521266822,31.8825394667482,31.0260632543903,30.266856746143624,29.67174215891151,28.895463747249195,28.20741637250713,27.659915016224858,26.958566294358683,26.33679536705786,25.834932710186422,25.20224622781517,24.64117626164062,24.182079639048204,23.61165699325585,23.105719912365803,22.686241814317857,22.172109527310496,21.716167216352225,21.333282863899363,20.87014212035115,20.4596623597674,20.110655974690243,19.6939225633513,19.32496540868021,19.00743959921227,18.633111852522873,18.30221103923275,18.01401380748602,17.67853770581582,17.382600258987694,17.12177082546082,16.82196897153445,16.558209726651416,16.322954977077806,16.05596777727408,15.821884921446859,15.610544092003508,15.37380653155642,15.167212687145938,14.978215607907394,14.769442928031058,14.588455922146885,14.420309034690415,14.23745226107802,14.080181296910656,13.93170010941747,13.772876122470196,13.637948615853741,13.50760427918538,13.371008943253077,13.256842703799823,13.143364223139123,13.027219993297617,12.931785971105375,12.83433723339386,12.736888877340448,12.658361660385193,12.575908581280949,12.495447741444575,12.431689445986658,12.363561093479813,12.298443359887436,12.247601342924568,12.192916042073524,12.141564268117682,12.10210867100766,12.059744068795833,12.020637985724822,11.991429220742969,11.959920531726471,11.931571166276601,11.911573035587537,11.889369064599931,11.87031605358363,11.8583062467256,11.844070277919146,11.832900047546358,11.827638005933967,11.820121445290384,11.81549434247476,11.815777107400756,11.813818613539546,11.814495522384654,11.819182698382328,11.821722473749048,11.826574417010153,11.834605726252098,11.840690720325215,11.848698896216954,11.859136391512482,11.86787761409993,11.87813533713281
T29000logg4.2,39.91913751796936,38.94328179638546,38.07525747708355,37.43016421241992,36.524893285098536,35.72130407398024,35.11236182517252,34.28172607851745,33.54537284692331,32.97749320770096,32.22154512944175,31.551831615573615,31.026926303227086,30.34266603379267,29.736501624320155,29.25414262216279,28.636613231525278,28.08939503516745,27.647595458938497,27.090907478756858,26.59739639214688,26.193349978571973,25.69152851556173,25.246535058579664,24.877228180502815,24.424753276193282,24.02354846079949,23.686145144601774,23.278193370382482,22.916663785558143,22.60866594366673,22.241122227756424,21.915752975036916,21.635010165611646,21.30434729108046,21.0120941197357,20.756717984302902,20.45983577510205,20.198006439140233,19.966296086716376,19.700432977675966,19.466609771744814,19.257018990207037,19.019701633948067,18.811724957483293,18.622832522214495,18.4118545827696,18.22785147130152,18.058316497798288,17.871724951980905,17.71011694028185,17.558656993309953,17.394717633188012,17.2539050392035,17.11953651312201,16.976663696464314,16.855320386031664,16.73694454112973,16.613620250366548,16.510815369983295,16.406975395551587,16.301704763857344,16.215599221538078,16.12574091852573,16.037044780462008,15.966303516711799,15.889366293667255,15.815801462163535,15.758551597366129,15.69404448901863,15.63421138496481,15.588744476813067,15.536055428317383,15.488601409798086,15.453383022803305,15.411771601744494,15.375380315303925,15.349209192848884,15.317620036658337,15.290988105165205,15.27296787708555,15.250027050240945,15.23186194563839,15.221045708706598,15.205429231206281,15.194466564598113,15.189749070072828,15.18032525852693,15.175351472046785,15.175651605821741,15.171348200317478,15.171226003020273,15.17550456444481,15.175333905026616,15.17901305917037,15.186285229010728,15.189345041868304,15.195860653722564,15.20519220359422,15.21067994775963,15.219161453984816
T30000logg3.2,23.854929718526385,23.4743521726714,23.13767674249724,22.89360856395338,22.54427146787486,22.234153557821806,22.004121622227327,21.683066014713074,21.398012340063694,21.18246886869232,20.8891413225423,20.628865223095033,20.428717572490775,20.16244938996532,19.926289080009628,19.7419323438034,19.501543460164548,19.288506739647207,19.119946714328737,18.904236015890117,18.713379507400866,18.56053677984894,18.368476313464136,18.198958815451796,18.06171887530772,17.892333017200883,17.74330382523772,17.621446468374693,17.473680832136825,17.344173194073317,17.23730664405892,17.109951093816584,16.99885130051609,16.90640691284779,16.79816379960431,16.704317341933717,16.62565339174026,16.535314895910208,16.4577099743205,16.392265519237984,16.318922671252476,16.256850399846495,16.204278141039396,16.147376923265796,16.100395793178606,16.06052870502346,16.01964441244088,15.987338026689635,15.960000334547967,15.934575504715035,15.916373283641047,15.901257386588615,15.890541578664187,15.885695047001619,15.882365388462905,15.885439259460826,15.893035872766204,15.900880469686129,15.91661082926137,15.935548052821861,15.953761613903364,15.98083507450982,16.009844408917363,16.037526066172266,16.07457690410732,16.11239269712251,16.148566059257693,16.194279588362544,16.239755119258074,16.28340503043282,16.33656796855756,16.3886044024519,16.43881727980485,16.49833984943592,16.555964426275217,16.611903808242218,16.676857159134364,16.739294730252446,16.800205118576148,16.8698439405778,16.9363978617414,17.001740937865492,17.07547906690033,17.145577820761474,17.214929894314395,17.29228784127868,17.365469003833336,17.43845859332733,17.519021580761127,17.59491419256916,17.671170914281987,17.75454951056404,17.83282183393925,17.91195762877315,17.99774831801143,18.078075023994426,18.15966099159776,18.24742254387237,18.329440555667006,18.413014565461882,18.50226379724694
T30000logg3.4,41.29238059616435,39.87888238673652,38.621645067536456,37.676638006282175,36.35838806630507,35.18823887032474,34.290804577635264,33.074359774297,31.99611807546472,31.153994674892843,30.040647858248896,29.05467720818578,28.271665789291365,27.258773431821844,26.36224718773234,25.63915840214137,24.721598823333622,23.90976172592651,23.245410127900715,22.41684825331694,21.684059975903565,21.076129770046013,20.329897422784626,19.670309098926097,19.11595156082971,18.445511955888872,17.8534011686166,17.34955503376562,16.748697008934116,16.218619547854264,15.762169809344789,15.225064919341817,14.751912047987844,14.339772550398493,13.860975401271327,13.439951408701454,13.069076422733836,12.643502272755978,12.270150749081845,11.937576958860172,11.560552474586125,11.230849601240207,10.933723796687486,10.601022741549183,10.31146262894016,10.047030587198655,9.754878946292084,9.50196907671657,9.268099932506077,9.01315703134513,8.793703866394134,8.588587448928076,8.367906301592077,8.178988971388904,8.001077206019172,7.8120070515014355,7.651029093831387,7.4987985288121655,7.338835446414921,7.203275401753216,7.075234609400658,6.941908968707038,6.829552971846459,6.723890910570838,6.61477504065407,6.523688706478895,6.438365237248284,6.351125602114966,6.279392039981376,6.212467720265535,6.144880300485643,6.090573071461979,6.040269451196847,5.990233448549195,5.95144553338782,5.916140589706111,5.881671649689905,5.8565613949088835,5.834703653110287,5.813886282975566,5.8006949145963915,5.790720153530399,5.781696707894083,5.778700403920385,5.779096172114949,5.780099361303631,5.785857704843524,5.794969575881402,5.804350126566179,5.817750966115829,5.833798605970621,5.850064537021931,5.869789140897961,5.891471174624675,5.913297849947235,5.93808998924307,5.964311373811245,5.990516388171578,6.019214584965889,6.049027978663067,6.078551265953239
T30000logg3.6,37.901300553428186,36.657077401136874,35.551079749464876,34.727089658429186,33.573504509904886,32.55008836568436,31.77265625011195,30.71455935454557,29.777072332508922,29.052339216517456,28.089699576330425,27.237373187959907,26.567822798582846,25.697005055505173,24.92615885807413,24.311522690791524,23.52664937226499,22.83186512874213,22.270048899342484,21.5642167895374,20.939383249692504,20.427350276345614,19.793568471171973,19.232595792685977,18.7670002703531,18.198698104996065,17.69590590413048,17.27347125253655,16.76470959290429,16.314966475313316,15.93263604360111,15.478111631983104,15.0768141552543,14.73175972875378,14.326704666220856,13.969690737572039,13.659270526708395,13.299349158094536,12.982823406367455,12.704554191627258,12.385839055983817,12.106358933955525,11.857942989864156,11.576905665407999,11.331403039084938,11.110704796678855,10.864196221685326,10.65000544095781,10.455026158514016,10.24026555641699,10.05504416732665,9.883974925051579,9.698493118189866,9.539904119749535,9.391348981640778,9.232904804473607,9.099154671185904,8.97143653055732,8.837907340207796,8.726678517216001,8.618735685768316,8.508038865014807,8.41726319735073,8.327791623521009,8.23789125810697,8.165326827082204,8.093256710811882,8.022202189335426,7.965783354958173,7.909978148891165,7.855920034767809,7.813879812082999,7.773046343608513,7.734243517012288,7.70522049136062,7.677814538797405,7.652621942964779,7.635344830789553,7.6198345347904075,7.606653120831544,7.599827331716115,7.594741765835176,7.5920077709252265,7.594282745029054,7.598246996884872,7.604448188620181,7.614483284632364,7.626180726298037,7.6398747521681925,7.656353784173596,7.6745538267259805,7.694394536141976,7.716068596691623,7.739632309222032,7.7643841087971435,7.7901404882911,7.817966760116781,7.846494646505137,7.87544760353809,7.906376189386188,7.937651512254698
T30000logg3.8,41.81386514664746,40.559125756009685,39.44267633724371,38.60989164308438,37.44314483815779,36.40715384541528,35.61914769404757,34.54609210639571,33.59459723332205,32.858000550923194,31.879235806325894,31.01198710455885,30.329667403786825,29.442006627717433,28.655676068404535,28.027627448301683,27.225485766352815,26.514894830159413,25.93920531712076,25.21586307585352,24.575034545688965,24.048764581148063,23.397300882594074,22.820196756693395,22.34003525431947,21.75389686832673,21.23485316014586,20.797530084737247,20.270784904607297,19.804690512436736,19.407164936407238,18.934549635012687,18.51684621415804,18.156329966307304,17.733139915879036,17.359733100847304,17.033647799631577,16.655638213532235,16.322817663197,16.028764019117354,15.692098201142933,15.396504556645048,15.132258835412337,14.833484399195473,14.572134107288575,14.335613482172825,14.07164155956256,13.841966452441678,13.631178181213954,13.399267335431265,13.198911472291831,13.012134196270539,12.809841874554062,12.636666546387183,12.472350147579427,12.297441803834673,12.1496633570472,12.00612527961973,11.856465701408263,11.731601202663736,11.607928308766528,11.481419685222354,11.377265895648812,11.272268116145518,11.166851024670343,11.08095674445961,10.993728467735965,10.907421621655832,10.837664734917524,10.767071506887165,10.69798638166972,10.642768869377743,10.587271918048607,10.533616183770226,10.49160111036967,10.449529112264406,10.40959229693441,10.379458153531214,10.349210784731468,10.321329290591503,10.301663575829064,10.281766250418071,10.264312527152136,10.253681861609335,10.24272172115278,10.234123850824858,10.231105311174948,10.22773832037423,10.226503572399722,10.229736366696589,10.232687848385758,10.237436170953387,10.245639993075711,10.25374533063407,10.263225687986218,10.275289748518436,10.287423447971328,10.300507142005726,10.315557114071677,10.330570023237145,10.346258978080709
T30000logg4.0,38.36320595606522,37.30123584038213,36.35722497504258,35.65240256796605,34.66688708973925,33.792688574590095,33.12702135890184,32.22245596811953,31.421202999750953,30.80013689009136,29.976703092721078,29.247878467735532,28.673631288263877,27.928282297789167,27.26874695067464,26.74106772797491,26.068717373592683,25.473756868828822,24.990757311362913,24.385350915146564,23.849576884927465,23.40848913468608,22.8638294915866,22.381851018255297,21.9796316112512,21.48992318756503,21.05675048673853,20.69046060821775,20.250544503321752,19.86175284283739,19.52873009647925,19.13410271246447,18.78581401509589,18.48367948375453,18.130381814459547,17.819161841396188,17.545758207091716,17.23025204769729,16.953013979759668,16.706357341587264,16.42546190642753,16.179423636652576,15.957685733600272,15.708543736118731,15.491247331670333,15.292715736153406,15.07278361536239,14.882137011494992,14.705166055105376,14.512191545410207,14.346252856629855,14.189455686190797,14.021442078967315,13.878441174052295,13.740592160287434,13.595720724944528,13.474476948743074,13.353952082209105,13.230487222227158,13.128880478315192,13.025054736592097,12.921293491555403,12.837578972102143,12.749451051344408,12.66371201173278,12.595719753965241,12.522722318016287,12.45337031717727,12.399192454187176,12.340544407630754,12.286004101259591,12.24415586862742,12.198726621161885,12.157488907199642,12.126876865837808,12.093218979879437,12.063829144782527,12.043399844389688,12.020072498368648,12.001103782826736,11.989639146147058,11.975376217820184,11.965424998147082,11.961685239670413,11.955262340473228,11.95296821640712,11.955720153769127,11.955968155564722,11.960039069871558,11.968097490068562,11.973909606949181,11.983144023384085,11.995381399250276,12.005744274933896,12.019040820663088,12.034480393241388,12.048392463370615,12.064745999803524,12.082604883268802,12.099035125921429,12.117541482184816
T30000logg4.2,38.15936130174195,37.176690295128964,36.30360425693874,35.64829265699229,34.73513334797425,33.925574746505276,33.305627725335896,32.46630015770429,31.72331309418373,31.143906516852745,30.378777071725565,29.7020536101219,29.165386054480148,28.47181286276865,27.85859691575692,27.364554968273758,26.73796273259599,26.183997220940427,25.730908596845715,25.165786740542764,24.66616891572528,24.251529139323942,23.742219679913006,23.29202852338107,22.91306399321264,22.45426470143626,22.048950311682063,21.70298893013224,21.29000464303266,20.925549190579268,20.610183716120247,20.238929172960958,19.911828534586448,19.624923889789876,19.29182938554342,18.998994441044076,18.738626640782577,18.440505602142018,18.17915844629374,17.94356149056548,17.677545033158076,17.445202103207265,17.232719628482638,16.99622496715906,16.790746618959407,16.599757548088217,16.390469609205027,16.20994928272904,16.038968307250876,15.85483247529184,15.697366328670974,15.545267153429752,15.384453579179201,15.249086014700442,15.114082151746821,14.97491600133056,14.8596108903538,14.74116320162226,14.622048722170838,14.525144565599764,14.422395265639294,14.321761920936371,14.240974030275918,14.153677373687302,14.069975736532687,14.003323282407672,13.930939476701383,13.862662462736473,13.808841012763224,13.750191208595222,13.695878597366622,13.653890931324526,13.607542823284803,13.565790491126423,13.534582225768698,13.499217105801844,13.468660328502821,13.447069576810142,13.421500967404224,13.400798257869036,13.387630422402088,13.370708101072086,13.358537151437364,13.35257071178274,13.34318437514159,13.338260801420313,13.33829214995725,13.335364114740159,13.336462407368778,13.341366149091275,13.343836420955766,13.349813641900777,13.358670000075614,13.365407123090218,13.375207588029525,13.387195032309478,13.397114005114094,13.40977049088257,13.42401255969697,13.436239299229381,13.450878255116674
T30000logg4.4,37.26571686369716,36.373231644035165,35.57891234754984,34.98445635714952,34.15252942356675,33.41364142387656,32.849517074293004,32.082328044669346,31.401904496842413,30.87294085589202,30.171183405287408,29.549275362804003,29.057671783410385,28.419312144897823,27.853750530974423,27.399633101811695,26.820885902104003,26.30813551306838,25.89022916653102,25.366418885823652,24.90231048951497,24.51855991621621,24.044834875847023,23.62514815340523,23.273235929919018,22.84502484489248,22.46583354902193,22.14350467711368,21.756736718746712,21.414567483730977,21.119789352069567,20.770938201298385,20.462766014022638,20.193741715574724,19.879715830395185,19.602865070635165,19.357969739420483,19.07600026837646,18.828053215351584,18.60578393889639,18.353354894242223,18.13211454720733,17.931062004430636,17.705893915250098,17.5094077364926,17.32822495076907,17.12826429826415,16.954872095745852,16.792223989377757,16.61563443501729,16.463675727525263,16.318525372128224,16.163660919255605,16.03195341120719,15.903023036156196,15.768366741034036,15.655939413178846,15.54187145912121,15.425965256394367,15.330948358896581,15.231306945546379,15.132702282740023,15.053472021910991,14.967552522824208,14.884816888297298,14.819304372382959,14.746844086957264,14.678577681860013,14.625066939608882,14.565477334743273,14.510320035978271,14.467611668696875,14.419822362074445,14.376457221376768,14.343657440153853,14.306333977194434,14.27347649859289,14.24966380745579,14.221515463912194,14.197899334149641,14.181992145048838,14.161883187742674,14.146255600769654,14.137138973214984,14.123970600197072,14.115110267651438,14.111660098767848,14.104386044487029,14.101125801120542,14.102231429978202,14.099878877428097,14.101127282830534,14.10578147405837,14.10739974390772,14.112152436699777,14.119538779284378,14.124132878020797,14.131474426440695,14.14090736632862,14.14750917245812,14.156620567653794
T31000logg3.2,36.342218140883745,35.17962361941511,34.148285672038604,33.37496664306913,32.29862400293886,31.345963658174426,30.616911450579085,29.631938003993508,28.761843749843727,28.083669920193923,27.190917601827216,26.403239036889964,25.77885909089026,24.974975927290565,24.266053949101867,23.695184085435272,22.974085117631596,22.338281276100904,21.81868724713035,21.173366961959395,20.60455911248138,20.133260013620628,19.557006179139865,19.049439478482498,18.62341328851456,18.110218811566305,17.658724050942986,17.275123508464517,16.819617128520708,16.4195311002867,16.075664976410653,15.67297962192848,15.320060522392577,15.013364822156595,14.659094976345797,14.349525371796677,14.077618691356282,13.767868336967199,13.498242377857487,13.259034112093401,12.99044681452595,12.757866887890202,12.549531603781045,12.319272962104645,12.121128240846016,11.942255331188623,11.747885181223248,11.582579748603749,11.431201311384786,11.270457697551521,11.13560311832019,11.010648311615613,10.881272663394292,10.77422314210908,10.674816448988786,10.574546795609649,10.492801871056308,10.417906200143452,10.344540613457555,10.286188516178221,10.234248390304941,10.18565867755779,10.149157764045537,10.118293495750336,10.092394563754382,10.075941775878679,10.064536137891022,10.059262166835161,10.060963483853405,10.067462782498557,10.080760245029026,10.098727162129439,10.121542177826793,10.151381469146973,10.183820915160055,10.221289078152655,10.265713836145974,10.311039270495513,10.36142138108643,10.41860222559825,10.474836904279812,10.53699915826586,10.605261178208139,10.670580451230887,10.743489766106128,10.821301325888182,10.894362249560844,10.976708971980745,11.062639438529471,11.14224535417031,11.232718111091032,11.325413761665944,11.410459303239705,11.50777169505502,11.605945897477758,11.695408346620315,11.798284512845115,11.900703867974764,11.993706062239676,12.100807674217585,12.206301958968226
T31000logg3.4,40.54264212246061,39.175267069845795,37.95814049006725,37.03184859367049,35.7466279497551,34.60542365619525,33.71849175751013,32.523995486547214,31.465307541574617,30.62666463454145,29.52618899519515,28.552119572268033,27.76681011447929,26.759599939609043,25.868968241653597,25.139042244740928,24.221728125990996,23.41129467435682,22.736752248334525,21.904526843599022,21.169947168780972,20.54951299670909,19.796961491117052,19.133431560783293,18.56511035191155,17.886663002260164,17.289275243995295,16.77067806214191,16.160872387616724,15.62483177576319,15.153385396191833,14.606999530810947,14.127719866819914,13.700760259325936,13.21282658349747,12.785994824830132,12.40074501451416,11.966521295489146,11.588247179537424,11.241686993798307,10.856697168157579,10.522597807945848,10.212523906889166,9.872647903802676,9.578520027665764,9.303025754006669,9.004527117192739,8.747054753739896,8.503874712870957,8.24339772314757,8.01962257704086,7.806653175099917,7.581177469763068,7.38835827413672,7.203733169785846,7.010513246189986,6.846314499783704,6.688092146745736,6.524542141120792,6.3867315920747565,6.252994699663571,6.116585389157236,6.002910291510398,5.891786257458181,5.780050729663593,5.688223788619279,5.597951973088229,5.5085216518667695,5.436408788028964,5.3651930625887605,5.2958065293909975,5.241248688656113,5.187466273457045,5.1359884633533515,5.097031819774523,5.059040569810541,5.02345928870227,4.998702264507942,4.97445704464643,4.952840504345911,4.94073168506922,4.92843162700961,4.918922657270848,4.917694353733439,4.915874825918087,4.916721308333753,4.924666735586935,4.931980512050817,4.941558911934738,4.957162025140664,4.972300196350073,4.98913147222873,5.011128214062081,5.032803225035161,5.055601179812011,5.0828941966774925,5.109848124849629,5.137484404921941,5.169032583709819,5.2001298703009455,5.231561418441996
T31000logg3.6,40.902509108987914,39.57507775025026,38.39456905122103,37.50237475694963,36.26170008119833,35.160697420525324,34.31147258364933,33.16423774646365,32.14771618710866,31.349067459518828,30.296972899422748,29.365689442810606,28.621501251183275,27.662486774449658,26.814143008265546,26.125442935015087,25.255029225991684,24.4854338617702,23.851308646572278,23.063791513489942,22.367856897275963,21.786283251838398,21.075590517923747,20.44798755164793,19.916407456823247,19.27655612751722,18.71205356320143,18.22769866514812,17.653006149798408,17.146641107079116,16.706705707262376,16.191857976724975,15.738976474395661,15.340676359330034,14.880706537040979,14.476946733505839,14.117536879546517,13.707806338387616,13.349147039300348,13.025904913240243,12.662127768581982,12.345013404688961,12.055201336692997,11.733475237014616,11.454504897906201,11.195742124380281,10.912548109918616,10.668418295464347,10.438761326829933,10.19096213096473,9.97865439151392,9.776416141494598,9.5612166534494,9.377820434264233,9.201656346677986,9.016511035643939,8.85923820861975,8.70797162213564,8.550468427342178,8.417123703748132,8.289083722974699,8.156854840202355,8.045616818810737,7.938762333949533,7.829486750200479,7.738485964855877,7.650881996906703,7.562332203966077,7.489646803582138,7.41953225031018,7.349595073913381,7.293318172996724,7.23907648030703,7.185761230920608,7.144063942498929,7.104178515348214,7.065612060194453,7.036790955964264,7.009760907112698,6.9841414929817125,6.966503478517169,6.9508958375758585,6.936482550076701,6.92856211206634,6.9228011676739385,6.917934813346932,6.918594026226444,6.920900108023269,6.92402417852243,6.931957725755994,6.940890111903226,6.950579910642185,6.964458631285361,6.9788289446117435,6.993800885705385,7.012365115840336,7.03115066555695,7.050238245124315,7.072403746381993,7.094630924085353,7.1168324056348355
T31000logg3.8,39.87655964048137,38.64880441990056,37.55759454531442,36.73466046072807,35.590204606525404,34.5752553394162,33.79420454828087,32.738948994778454,31.804543342831245,31.072190851631234,30.10722854876157,29.25359970809476,28.5731794260142,27.69598895713517,26.920421933889433,26.292398909448437,25.498138574132803,24.796130788392933,24.219124340449042,23.501821609660446,22.868050718923172,22.339640965373757,21.693043147064866,21.12204745273951,20.639386343121313,20.057480632013274,19.544050326837706,19.104231780254082,18.581488800726426,18.12083738671289,17.72107498865997,17.25248406426668,16.840261609527403,16.477924355693794,16.058925150141246,15.691144032200052,15.363729336620832,14.990135499577033,14.663156932688773,14.368255275437738,14.036236957769276,13.746836003568397,13.482076844523121,13.188160020248255,12.933485009807116,12.696600073854341,12.437660019359882,12.21482593859773,12.004064341819678,11.777311848800094,11.584220036876502,11.397508373454297,11.200444961413211,11.034206395405285,10.870639618316368,10.700977577789192,10.558934184890134,10.417609378623668,10.273170579588191,10.152628748064629,10.032761480015317,9.911412618204265,9.810502871621061,9.710499888985517,9.610155794118612,9.527398121751414,9.445327356954882,9.363986867873487,9.29779045871473,9.231939974034777,9.167702733973062,9.1164771049644,9.065276709710137,9.016353057931804,8.978504121080565,8.940538189159046,8.905230148587851,8.87920156619379,8.853119106162856,8.829784799574117,8.814076587020082,8.798523000498548,8.785565731197932,8.778705928649831,8.772350524795518,8.768231727044064,8.768849471569983,8.7703437276786,8.77360423862401,8.780734478771508,8.788452536259014,8.79773880408036,8.810242869032978,8.822909337849893,8.836985693263893,8.853664222652622,8.870260092605955,8.888000685737586,8.907775886999358,8.927361222034337,8.947749863978242
T31000logg4.0,41.61930040031562,40.422356968389934,39.357905825911175,38.555866598214905,37.43899727168093,36.44788541097911,35.68584995926971,34.65483494357407,33.74125858025375,33.02584849454198,32.081770282286826,31.24596931876048,30.580317254513247,29.720761208338008,28.960150258266054,28.344736139105237,27.565071837663638,26.87533149749651,26.308838941056088,25.603307544670795,24.979306203013117,24.459401801367,23.821970777037226,23.258437694231386,22.78237041394781,22.2072337485833,21.69913951240448,21.26410473865775,20.74591862002038,20.288650073632336,19.89196914878182,19.425918809464108,19.01530096196683,18.65446063292137,18.23618215623937,17.868412140179895,17.5410481283297,17.16656730816934,16.83818341434349,16.542046597367346,16.207735714735694,15.915647277588107,15.648546706331985,15.351106444667078,15.092618489408192,14.852400490591744,14.58885637962342,14.36127097461652,14.146240185202572,13.913945140347977,13.715451120123532,13.523481352869986,13.320071361849712,13.148089857160361,12.978182002993387,12.801485080406614,12.653556308300177,12.504799731728568,12.35273819364588,12.22603455270171,12.09794096797603,11.968467734994848,11.860731073545724,11.752240953665455,11.643347971838399,11.553139087493102,11.462398543720097,11.372134396500744,11.29800923529605,11.223228877310655,11.149714244349072,11.090158296339899,11.029708736584643,10.971146023562985,10.924610194568997,10.876996971247365,10.831661578980228,10.796575931410658,10.760406162616052,10.726631721509422,10.701459125579781,10.675367331062668,10.651542671027922,10.634798353221502,10.617436495902211,10.602019131614217,10.592353368387698,10.582345249429448,10.573891043297747,10.570181010388179,10.566091701370746,10.563286265577448,10.56454604825503,10.565026266740894,10.56669436754381,10.571855869246168,10.575866493349611,10.580956014435383,10.589015879988583,10.595673003315268,10.603242104495711
T31000logg4.2,36.65807729739289,35.666711640912375,34.78625396379162,34.1209618900179,33.197700849901494,32.37957988640927,31.748613762983844,30.89812276451254,30.145698273090986,29.55452094620629,28.77754898326575,28.090865700539485,27.541994032695836,26.836309090111882,26.21298676584846,25.706646342754617,25.068102035079217,24.504280560916694,24.03915874873125,23.4626575667937,22.95379006535316,22.527704313986256,22.007933434910175,21.549394554488472,21.159844037508062,20.691760861546754,20.279203716340938,19.923706802534834,19.502755258902276,19.132271070145425,18.80853113087496,18.43068088310743,18.098795479542396,17.804714696381676,17.46637039856144,17.169957814902517,16.90359823762155,16.601504975245415,16.337751604722694,16.097267545666863,15.828461909138277,15.59490476482442,15.378461695414046,15.140254796759145,14.934677858652826,14.740554745495164,14.530526601019012,14.350751524992063,14.177564679320245,13.993560822081715,13.838344588552456,13.684140706691176,13.52423219984048,13.391165448243822,13.255443353635293,13.117853690775803,13.004692178063413,12.886949203451895,12.769982930055825,12.674257233783253,12.574269118886091,12.47626036581095,12.396419882561418,12.31304179809058,12.232353064002732,12.167322502917916,12.09895257944993,12.03399606836843,11.982548810065095,11.927789949836123,11.877036514395083,11.837897909564035,11.795469238480734,11.75745175018423,11.7293097142023,11.698039661573738,11.671343635260454,11.652878013921713,11.63164956538057,11.614893467455815,11.60481941826938,11.592498078157877,11.584327668975153,11.581401457706482,11.576836758733807,11.575942013168813,11.579102137147741,11.58102341122346,11.586160547442404,11.594377332887237,11.601591062925007,11.61160455750976,11.623867396573191,11.635308377331201,11.64913823824531,11.6644884063869,11.679200502789666,11.695875096299172,11.713408193179646,11.730552121717981,11.749193305611044
T31000logg4.4,37.73350678680896,36.78531548944647,35.944942556278754,35.29871547434201,34.41254770367715,33.62911173368212,33.01340387219211,32.194037034766225,31.471037408034015,30.89137081886781,30.139925183212327,29.477773734603364,28.936900352400865,28.251712496450025,27.64856696947983,27.147081277346157,26.52468149460513,25.97729535734117,25.51431273488801,24.950297859004742,24.4547485127625,24.028529667532084,23.518227147056148,23.07044599950082,22.678877012325728,22.217768880370926,21.813876817380528,21.454791661948523,21.038745274340958,20.6752111379876,20.346558711512678,19.971881386999616,19.645552948433824,19.345419992441656,19.008788559488607,18.716940816488197,18.44339580947585,18.14177190070173,17.882049588895477,17.63311123255175,17.363704240550945,17.133949888353158,16.907738315588343,16.66800113636988,16.466408323857426,16.26101021637967,16.048644559548052,15.871714159541309,15.687249897162882,15.500194691914611,15.344340398447569,15.181342437574168,15.017751523500259,14.88173260519691,14.738665104460546,14.596842272085357,14.479513598488943,14.354905210551737,14.233228950345648,14.13333409007355,14.025861443481874,13.922735100536954,13.838888963794268,13.747350871976087,13.661198958499238,13.591905121682037,13.515204603153602,13.444483465464465,13.388290518403224,13.325309101816032,13.268519020091372,13.223909127917505,13.173638135838248,13.129330556391498,13.095201011391666,13.0562692822992,13.023039936479188,12.998245942862496,12.96935360516861,12.945827885804524,12.929141049710978,12.909088798975093,12.893926877273685,12.884078217924127,12.871742791894917,12.863652132695726,12.859490143875572,12.853704690221713,12.851457068903953,12.851986205940866,12.85155885433414,12.854014483647237,12.85835586730821,12.862126534941323,12.86833046333593,12.875589785152771,12.882494273629248,12.891596168864398,12.90090954718683,12.91001945577857,12.921197914606859
T32000logg3.2,33.43932096549121,32.380293887338,31.44605685823694,30.74004639508725,29.769827148384003,28.915240396632484,28.254980352603535,27.373204499430674,26.597170692353842,25.985262794923464,25.188194128566955,24.487144762972015,23.923817496675085,23.20623389769109,22.57552807170544,22.05968714188448,21.41586978607079,20.85049437849114,20.38030134402624,19.804440109213584,19.299300199245074,18.87245181058669,18.358823173542127,17.908922453778196,17.52285955302113,17.066045488738112,16.666696165092883,16.31883773021552,15.913909259825072,15.56085633307828,15.24874502415889,14.891271433974973,14.580677892163845,14.301977959664924,13.98791406786889,13.71622194000265,13.468696828968287,13.194259922213742,12.958274857194915,12.73955825966213,12.501172560324067,12.297556800198919,12.105648648140583,11.899979915523133,11.725656087165738,11.5586266879238,11.382669570261893,11.234929518739632,11.090976001897674,10.942105168563582,10.818653114797872,10.696115553134254,10.572062106505232,10.470536373588265,10.368336762239183,10.267138965770553,10.185525834010956,10.1026973352915,10.02267687463278,9.959533685102075,9.894968921676819,9.834679514303412,9.788588812138139,9.741472175663834,9.69959744052261,9.66940893293394,9.638793061746894,9.61404635651202,9.598589137454262,9.583529021831948,9.574597460035283,9.572803870689624,9.572152298662825,9.577667249649702,9.588290843869931,9.600933750329423,9.619465330190247,9.6411724365542,9.665957537915201,9.69604816407284,9.72739302989258,9.763230549605462,9.8034410363378,9.843256756714416,9.888809107809855,9.9377618552483,9.984902277390118,10.038924092763947,10.095339433387165,10.148723926229433,10.210063781652403,10.272745678751322,10.331422325299027,10.39891686538195,10.466716262432062,10.529830883927486,10.602298834123058,10.674149977003847,10.740899415576717,10.817167270579485,10.892087876909983
T32000logg3.4,29.11733794578002,28.1891049902565,27.365351783125366,26.746550997237854,25.88586814083864,25.12354889685999,24.53883219295007,23.748892253602165,23.050261763425777,22.504193938651582,21.784941637083936,21.149413382591774,20.643967997455803,19.99272203583468,19.417569750077586,18.952690568194498,18.365195442050446,17.84654217207913,17.42094913608217,16.892426389423242,16.42610127676162,16.03799709387743,15.563814532897569,15.14582948868167,14.793309436754715,14.369230464558711,13.995929085374318,13.677131210396489,13.29930540167738,12.967343229440955,12.680467768442702,12.34539237110108,12.051722554843836,11.795058940757897,11.499583174478396,11.241482541717764,11.013450790331074,10.754799618953886,10.529914380214608,10.329047132004902,10.104785713164116,9.910984407786046,9.736014053794104,9.543960200125372,9.379168245888389,9.229026117446733,9.067124403172622,8.929557620308548,8.802952589599187,8.669180260553834,8.55691017998662,8.45266314313746,8.345004099291106,8.256127558008721,8.172991010640143,8.089458476547955,8.021808874218884,7.958810337844803,7.897467480425815,7.849273520623242,7.805083482555691,7.764053411772755,7.733679655256079,7.706900578933803,7.684386281894509,7.670246369886309,7.659521951952409,7.653798214023712,7.654321204930029,7.658349186673821,7.66774121837481,7.681430679424146,7.6988680702305015,7.721733548478502,7.747196568511365,7.776625770021063,7.811371845879885,7.8471990287500475,7.887294327122217,7.932406575278588,7.97695553070632,8.026757048144166,8.080823583693855,8.132803731144591,8.191163144821896,8.252866181149358,8.311160751873787,8.376894052471686,8.444988977743852,8.508530873256117,8.580516294293652,8.653823377155966,8.721621477777013,8.798763958468685,8.876163965515087,8.947326478555208,9.028549234889388,9.109013516575718,9.182772176797672,9.267007257246679,9.34963836400005
T32000logg3.6,40.97571066509488,39.697311089969496,38.553410014017786,37.69960924049785,36.493548207745604,35.416678433430505,34.596952830040244,33.471787445315854,32.468654728128406,31.691426676285904,30.650858396871676,29.72403091349421,28.994235783382287,28.03822066663048,27.187209635902462,26.507072225003746,25.633106612484852,24.85545916207548,24.225316450580983,23.42947399853322,22.721631310529432,22.140617607139703,21.41833878472762,20.776246435294638,20.242804846504637,19.5893111890653,19.00873714247594,18.520906249473303,17.931414736651927,17.408138746870822,16.963735554515672,16.43360152847819,15.963515459038762,15.560237908962739,15.08499306482216,14.66412444532844,14.29960062828984,13.874954737087982,13.49949009479787,13.171318653738972,12.793203133636883,12.459585486713308,12.165363783667335,11.830003509400004,11.53500786340963,11.272372101121723,10.976308765970447,10.716882909470433,10.483717348688447,10.223806021712473,9.99675596195781,9.791509449911585,9.564895266902731,9.367514277363727,9.18853665604944,8.992607122806458,8.822563288986814,8.668106776420714,8.500378575259235,8.35546031448621,8.223740424554816,8.081760356757306,7.959699275481249,7.848986840662457,7.7303586508049005,7.629005472266973,7.5375170711555155,7.4399352021350875,7.357249283668656,7.283209870508545,7.204484376113629,7.1386049973522026,7.08022514517641,7.0182979536166314,6.967401705684147,6.923050356909977,6.875990877640022,6.8383136301203304,6.806468518113776,6.772433328935555,6.746289089048345,6.725454514017939,6.702676924804598,6.686464256846343,6.675175668453341,6.661985911874206,6.654186329238036,6.65106301560273,6.645918294913037,6.645175661043136,6.64889281425707,6.6504070254771825,6.655729420543404,6.66486681656623,6.671814576557974,6.682370690802848,6.695601791591473,6.706890758640915,6.721669340336446,6.738076134634288,6.75273930751616
T32000logg3.8,37.21443525035488,36.02813321874592,34.97298030908352,34.176500598132016,33.068101528220126,32.084413265355735,31.326661567002745,30.302321946397715,29.394669154443765,28.682527408178508,27.743802371261395,26.912865336063145,26.24980351467661,25.3948125845586,24.63849669459194,24.025401927111776,23.250077311835167,22.56457267867364,22.000578773382454,21.299734820693235,20.680410467445455,20.163640023676734,19.531756358532025,18.973775408036463,18.50188326375954,17.933547628914376,17.432181403655854,17.002650803822565,16.492747040519106,16.043537304472846,15.653848525310531,15.197630977802355,14.796423570200595,14.44410160100111,14.037145553881711,13.680048700572495,13.36266472560553,13.0008481734149,12.68429062811219,12.399431345051777,12.07893875989883,11.799759082131107,11.544981976755187,11.262327519922287,11.017536136976764,10.790670220545802,10.542708516590825,10.329325570578504,10.128661577230723,9.912578904242562,9.728020647305843,9.55191835656687,9.365200390610603,9.20678280529958,9.0540968741727,8.894448788604056,8.759599426397163,8.629324543523413,8.494567695364115,8.381161331960755,8.271931314764606,8.159929058252295,8.066345718245296,7.976300281907067,7.884966216610364,7.8095435028845905,7.736921139589114,7.6642531400594,7.605304571034394,7.548479330712675,7.492575447112542,7.448401711816429,7.4059045152222325,7.36497621315405,7.333922151602995,7.304400293045475,7.2767610154536095,7.257286638764409,7.239397529952032,7.223427545396486,7.214029486564809,7.206459967781288,7.200587393241737,7.199835426856595,7.201261606077332,7.203979373580837,7.210873010020839,7.219638921134521,7.229527549904086,7.242911462503708,7.257662784070646,7.2734167646835495,7.292052663946301,7.311711591609078,7.33214514089347,7.354890906397214,7.3784835970533145,7.402508063805509,7.428357356419415,7.4549737721157046,7.481650257914483
T32000logg4.0,41.4765050576092,40.28311757048201,39.22122300198418,38.41734363268428,37.299426012767995,36.306759681035444,35.53969524282727,34.50333249936595,33.58441610885463,32.86098951815254,31.907779122209835,31.063363517355,30.38708038258175,29.515298680595563,28.743445468761117,28.115291650185455,27.32108223581043,26.618179684529707,26.03741907934941,25.315814978670662,24.677435763703393,24.14232978463241,23.48802994899268,22.909532777500505,22.417872732594475,21.825679823361924,21.30254607716416,20.851973655122475,20.317001766738688,19.844990307378687,19.433157501580297,18.95089193571216,18.52606412445322,18.150676877031703,17.716931166620178,17.335616596448762,16.994427010915143,16.605294371449443,16.26413851029779,15.954873010593468,15.606721915628924,15.302753950550223,15.023087887198429,14.712584978462683,14.442821502545568,14.190828526286882,13.914946839510474,13.676841118038269,13.45057434005322,13.206582697509281,12.997367831450013,12.795501356536885,12.580930597748488,12.397926027020612,12.219379949685969,12.031949207195789,11.872406828326836,11.716367576757612,11.553895070193049,11.41584889774647,11.280782218697414,11.141121435355888,11.022931126223906,10.906984020361616,10.78803920457011,10.687997137435694,10.5894358000296,10.48919132476758,10.405575763513204,10.322779622972522,10.239312206716988,10.17041009029509,10.10187022777218,10.033358084648828,9.977515313628098,9.921807935466473,9.866527537593688,9.822180598605136,9.77791172261557,9.734207820533316,9.699746068969361,9.665643331471031,9.631921366058265,9.60630885410079,9.580610023566305,9.555352924919788,9.537589462234477,9.518619129766455,9.500412037848792,9.48916880572948,9.47575791806942,9.463317847380264,9.45731824232938,9.448471471465016,9.44064813760567,9.438723715168177,9.433566835224775,9.429324290061926,9.430476735184829,9.42819004598544,9.426682244303931
T32000logg4.2,39.76306577852629,38.67662739719661,37.713780726334434,36.96908540191137,35.95099528505921,35.051074454600595,34.3395257594322,33.39570928451724,32.56311773230551,31.891346454992743,31.02355168848013,30.25918673623984,29.630692069526518,28.837523217057758,28.139739489686555,27.555600457097785,26.833624458067916,26.199185368275014,25.658815412108254,25.003512375613568,24.42837922331809,23.930195484009996,23.33667386030637,22.816575610030114,22.358514309963567,21.821950150280024,21.35272253595966,20.93255868185372,20.448430334357255,20.02617822014215,19.641703202679633,19.205854527166753,18.827072102963783,18.47608153007542,18.084695044399325,17.746441792862065,17.42649171569239,17.076011270669355,16.77515772187406,16.484264105711787,16.171391869837162,15.905970240776774,15.6412966913076,15.363001965284745,15.128678380883745,14.89009859372145,14.64362970079465,14.436095977080456,14.223839748969342,14.006719105365098,13.824173015202629,13.63633831800951,13.44633150261198,13.287288708285601,13.121964729656868,12.95701365086275,12.819755339206019,12.675458229238915,12.533599925716167,12.416476170566186,12.291714185658874,12.17102541332023,12.07225362155439,11.965678593483366,11.864276939670637,11.781983468061437,11.692364817409361,11.608427065082177,11.540871782688052,11.46691245167717,11.398689122896691,11.344620884945101,11.284626977993792,11.230449716092185,11.188560709766609,11.140998341485286,11.099273285548364,11.068069581514283,11.03167036640481,11.000855913340903,10.978846042715876,10.952389283005456,10.930991652217628,10.916873935655994,10.899010133788115,10.885588497939366,10.878206404923372,10.867550634173007,10.860755724282694,10.858969196231328,10.854262768553891,10.852940943226196,10.855594437958597,10.85568734473948,10.858802734279488,10.864785199812864,10.868661360770641,10.875203311966631,10.883627226063737,10.890317087064487,10.899384075492023
T33000logg3.2,68.02616918982253,67.23550437437014,66.54863040606455,66.04361383592405,65.35608379347616,64.76054705800702,64.31396738225327,63.72364193042077,63.21298758343618,62.8229763574577,62.319440763272624,61.883643543687384,61.544917916991444,61.115373867172295,60.74283724659845,60.44834290761342,60.07987039962346,59.75939827983853,59.50193935199169,59.183234606094985,58.90532369524865,58.678651319930765,58.400762758223365,58.15800267609057,57.9572052574901,57.71337385032359,57.500149053443096,57.32148350979661,57.10654543112343,56.91850111868103,56.75902980793004,56.56886861315689,56.40250472798378,56.259822326073895,56.091046832723634,55.94348416871439,55.815518114493294,55.66523489676844,55.533945111930905,55.418914834760216,55.28461438177483,55.16732615672306,55.0637289421639,54.943311891450314,54.83817098393603,54.744734626582776,54.63658559263178,54.542275070484365,54.457954551811234,54.36095445668933,54.2771241728399,54.20067234719849,54.114104681414084,54.03996706737199,53.97121726127059,53.89470789778218,53.82923783061897,53.7688768206053,53.702358324036695,53.64520675992581,53.59373230798642,53.537324610569904,53.48863743610854,53.44631484840161,53.40018046423775,53.36050449447837,53.327207509258336,53.29142121685173,53.260977225423126,53.23669122867683,53.2111340581045,53.18993932892,53.174466561130025,53.158782632774766,53.14647459248141,53.13957275493582,53.13320046593374,53.12922671748831,53.13050115455684,53.13274952802734,53.136503607727924,53.14540362373087,53.15552037274141,53.16624848440513,53.182255290931785,53.1994432068409,53.216309110992924,53.2388679046378,53.26226031968988,53.28440036506441,53.312830509001536,53.341477714892505,53.367632322274375,53.40147972282027,53.43434807532167,53.464096150899955,53.50190000112419,53.537880751083065,53.570447922914276,53.61093926066374,53.64886745165033
T33000logg3.4,34.15126346217956,33.036101781091425,32.04276010570547,31.289057350541555,30.24084350554653,29.309461092794947,28.58758535143103,27.613215278265073,26.7489932079419,26.066016285887795,25.167864782938544,24.372267387699328,23.73209197678286,22.909374031353803,22.18135326534452,21.58559950943505,20.83565347347092,20.17269857975376,19.62150271104338,18.94065424941711,18.339433202846198,17.831955325714638,17.215981374943226,16.672727759126712,16.207486942661962,15.651983158679261,15.162837708673935,14.738032620683274,14.238745533029634,13.799999735512035,13.413740911182426,12.96668413615252,12.574833576067263,12.225210802618411,11.826615827641149,11.47835069305997,11.16339071408877,10.809633420856807,10.501880008266895,10.219428893524888,9.90701235886661,9.63662215298126,9.384687240073816,9.110301052482125,8.874069483200428,8.650951971963663,8.411539139918428,8.206679003546105,8.010585891875797,7.803347972220823,7.627676270582723,7.456557107072836,7.278954563946225,7.130150690353773,6.982448673747299,6.832171532009033,6.707604794898781,6.582372101097125,6.457287314971884,6.354778431861092,6.2508229515507665,6.1489134876265314,6.066447070816698,5.982531775009528,5.901847425640761,5.8377524214962175,5.772332662548808,5.710956416219371,5.663529169245031,5.615108299862312,5.571166290896966,5.538806175859277,5.505826293560483,5.4775052829518165,5.458501375298561,5.439586308735115,5.425143492652935,5.418038847926286,5.4116551852571675,5.409427423333392,5.412941513660888,5.417493063479768,5.425903331441802,5.438596033683858,5.452785941682317,5.470363203686712,5.490878260157283,5.513516835894279,5.5389259125276595,5.566032166296589,5.596035682157476,5.6280664976957535,5.660731416082213,5.697014865232059,5.734543783273199,5.771897342652643,5.813357991107494,5.8553802501301195,5.8966096359968745,5.942169845743885,5.987775880909908
T33000logg3.6,41.18733008825672,39.94180000372221,38.830182921694664,37.984256152850215,36.80601796245018,35.75716099167815,34.942052804617795,33.84026715356986,32.86134161826859,32.08591129583711,31.0647923034644,30.158773193240457,29.428338669770444,28.48832210929127,27.655127686719904,26.97228617282883,26.111353758389047,25.348947015460997,24.714406853847812,23.929092351123607,23.234289807405673,22.64751264824458,21.93360650460677,21.302641140026196,20.762317281267244,20.115311698280046,19.54419520176006,19.04856895646035,18.463958206879678,17.94872222919167,17.495825336463945,16.969268860601634,16.50607666334989,16.093832451623797,15.621151172287373,15.206375598996386,14.832523260165376,14.409657787491096,14.039891261925641,13.701973976835696,13.325020000087598,12.9963929343132,12.692553958458479,12.357849216876456,12.066753923009847,11.795178571178043,11.499342735830126,11.243052550366432,11.001400943257085,10.741325058252551,10.517220393405218,10.303398269621898,10.076232576050698,9.881494733636437,9.693951992306964,9.497072455338282,9.329305789272942,9.166335452490829,8.997266712245246,8.854207244932866,8.71409539238339,8.570427898125386,8.449902415870818,8.33088236186158,8.210269865366095,8.110130365281622,8.010481638318412,7.9106681835376165,7.828926737401293,7.746880509080461,7.665716187458296,7.600182932267194,7.534323927890327,7.469786515271955,7.4189271802974375,7.367374917403184,7.317567760969874,7.280147991434597,7.240890619323869,7.204010605162697,7.178456149991635,7.1499424477474545,7.124269099285281,7.108789658611547,7.0898218643876945,7.073742516928304,7.06672089898682,7.056115571381645,7.04814453158875,7.048211169450247,7.044764484815946,7.043547981590512,7.049573276711344,7.052086884615246,7.0564604175932555,7.067388360510703,7.074753113821085,7.08369136820648,7.09854930083193,7.109769385561819,7.122332701375038
T33000logg3.8,45.04279807025534,43.821503737467566,42.727330522853066,41.9047951549598,40.74487469366993,39.70789365842688,38.9125154392216,37.82279247650023,36.850048708091634,36.09028439845594,35.07519731569305,34.16998898097931,33.451151626796666,32.51168452237106,31.674473395864553,30.9993753297315,30.13417705689886,29.363553043934214,28.733230776514773,27.93955256711488,27.232990653639472,26.647305268511154,25.921657549651876,25.27603257122078,24.734100817569463,24.072642990181418,23.484539745841712,22.985006792343754,22.38376666697542,21.849667454710627,21.39088224163323,20.845911563183908,20.362314089324606,19.94244782768685,19.449878329466536,19.013321955183965,18.63042093083241,18.186457011177293,17.79358951526382,17.445557769001354,17.0465292231817,16.69420776537059,16.378838660420705,16.021279150593127,15.70651645225231,15.421684931626034,15.102370409213039,14.82193981235752,14.566057689374299,14.28200902415814,14.03303620142843,13.804485055168552,13.552966623635186,13.33308383548863,13.13004844523698,12.908524151659538,12.715493547147249,12.536241424709814,12.342281624874351,12.173821933170348,12.016724374261376,11.847933134144316,11.701878507077911,11.56518780284799,11.419217899823153,11.293503400648545,11.175425642650948,11.050025334968538,10.94266663446777,10.84145280974499,10.734483772285882,10.643568528815916,10.557560642185802,10.46701798964345,10.390729391333732,10.318375323259634,10.242384047211537,10.179016304434882,10.11883037700192,10.055612343868114,10.003514807516064,9.954079064031815,9.90194001977952,9.85952384905977,9.819489632816525,9.776836361281644,9.74319983769158,9.71069763028495,9.676056650274539,9.650183622586152,9.623665785130179,9.595709596582589,9.57634911338069,9.554751913587342,9.532301742267734,9.51822678650616,9.500711955937991,9.482715367833498,9.472821506488852,9.45866326948232,9.4442040471175
T33000logg4.0,44.84511554036683,43.52988683862259,42.365822446470425,41.45032852319821,40.21133531445685,39.11806144574975,38.23803647961257,37.08371738495872,36.06767219401187,35.23206488288719,34.16578134743348,33.229140904347915,32.4431174500545,31.4643648628967,30.60617160912487,29.8719416935754,28.977657433471332,28.194962091592874,27.512683248264526,26.69839529237302,25.98717701007656,25.355712657686553,24.616323080694254,23.97211669650592,23.389589583890256,22.719871143993455,22.138176127533278,21.60230828095544,20.99717516956647,20.47402799002625,19.9819947597018,19.43661312881694,18.968000762673547,18.51717360024565,18.02696247579596,17.60873720135204,17.196792424974692,16.757411966036667,16.383966284551747,16.01025016845233,15.61761955925264,15.284654112404176,14.947486604401808,14.597813489191646,14.302462163287782,13.999093471878586,13.688901331460599,13.428255309731847,13.156392429308331,12.882509690487648,12.653854333188105,12.411414103005262,12.170946610802657,11.971669016647244,11.756823011305372,11.547093219819452,11.37442411301465,11.185735502068837,11.004197656558835,10.856532838198712,10.691507428610429,10.535690968087845,10.411645896923767,10.267620379674087,10.13513186336456,10.031637753439725,9.907720045554424,9.796270231259657,9.710563464962249,9.605692533832224,9.513111258299368,9.442970234359285,9.355715097387984,9.27996049983845,9.223324632105587,9.152278742439874,9.091417827369067,9.046446265759938,8.99014176776022,8.942310082319485,8.907794362184006,8.864248099088737,8.827764451398638,8.802569896017504,8.769716299513437,8.743044751228899,8.725726839683146,8.701874338479229,8.683414979577828,8.672737659696573,8.656318097976586,8.644673849223325,8.639388706445532,8.628975423870248,8.622810071422423,8.621826370959687,8.616138465656825,8.614168037290007,8.616573914676039,8.614485639400753,8.61564811715585
T33000logg4.2,36.8822610373704,35.84235358015385,34.91753453204406,34.21202408525215,33.23569133471133,32.36944788871726,31.69457306143557,30.787780458825615,29.98463643896835,29.34682504163096,28.511611162380433,27.77278202297271,27.175562839510384,26.41099965980785,25.735282046335747,25.17993127149004,24.483137808025255,23.86779738848953,23.35403695375162,22.72107839144786,22.162583814823787,21.689191445152737,21.115734302518046,20.610271317575535,20.175533634336837,19.657227252377535,19.201000986590852,18.802999057924016,18.33568534355124,17.92508022025011,17.56184828647644,17.14164284803212,16.773261448094146,16.442852815655236,16.066120678903655,15.736815823969488,15.437244509622056,15.100566074933244,14.807523605755636,14.536679743802916,14.236850351478608,13.977362484665798,13.733273417102911,13.467332385558203,13.238914636995466,13.019695401355797,12.784936738944648,12.585128241076028,12.389214161793038,12.183190774567601,12.008953199962088,11.835708847255544,11.656205400441724,11.504625921537066,11.35358952675898,11.198563593698827,11.06798972516235,10.93762453617034,10.8051237901022,10.694158543130728,10.582729475878597,10.470837476419604,10.377912237948458,10.283863156527659,10.190708344443458,10.114212629799974,10.036076933965642,9.95985913016124,9.898121400888513,9.83457939123058,9.773580199844886,9.725037260663347,9.674772476164549,9.627364228607288,9.590446082681044,9.552269839697448,9.51690618464443,9.490260501636396,9.462864779244548,9.438058357305453,9.420702774269072,9.402468598807305,9.386781719302501,9.377533552785062,9.367104768697063,9.359160727199853,9.356722229580921,9.352950138945921,9.351451307072969,9.35457316159384,9.356395122031403,9.360140509327595,9.367703469474833,9.37410725819248,9.382000854260575,9.393059955680052,9.403049077959096,9.414165902581427,9.427847077796175,9.44046947327507,9.453999098442347
T34000logg3.4,33.52611001125726,32.47010534080158,31.530332006563793,30.814401491688113,29.82202765601163,28.940913439137535,28.254836495385955,27.331735825347632,26.513481259762056,25.863429343334165,25.01131986111562,24.25696305594053,23.646391298192214,22.864427454210155,22.172962012032166,21.60341535715592,20.889216492895486,20.258408488374037,19.730143049841786,19.080424512008022,18.50729811827417,18.019670816938593,17.430635307391455,16.91181744421457,16.46358929077338,15.931278232284718,15.463307546488537,15.052931617257553,14.573509582475875,14.153047528131314,13.778874836582823,13.348732338485977,12.972614708245853,12.632962339295322,12.248673734390108,11.913955415593916,11.607017273728554,11.26529789528596,10.96924795162128,10.693068806532418,10.390749380338796,10.130243522936873,9.88332110507407,9.61736822088784,9.389575424648191,9.170254642750635,8.937830042912944,8.740348557182141,8.54679158484375,8.3452778870652,8.176512871096083,8.006352871353727,7.833335239154309,7.690398890325126,7.542818542170359,7.3960665211729495,7.276091630226062,7.150498553249147,7.0279575120494915,6.928687366812321,6.824120959803456,6.723890607097681,6.643636306658996,6.558743039308175,6.47900624337937,6.416235382039975,6.349552137740705,6.288514789102694,6.241738954360844,6.191747196296811,6.147635344461277,6.115263987556373,6.080537760992437,6.051599438520071,6.032003902452887,6.011163275197246,5.995690277296183,5.987511544679205,5.978972847210592,5.975337040646847,5.977242137376946,5.9795296533453355,5.986211116209093,5.996849068320739,6.008686086538242,6.024288767240779,6.042383418724986,6.062636737908468,6.085900120230521,6.110370437659016,6.137939487757757,6.167709640605096,6.1976705281146,6.231438711436537,6.266668255915772,6.301325703603565,6.340181433334597,6.379927087240141,6.418484038564687,6.461398033854579,6.504774637929142
T34000logg3.6,42.83604492409443,41.68361500144775,40.65497337145786,39.86743189917644,38.773392409598046,37.79915289529603,37.03684773275395,36.008975604910255,35.095244560232956,34.365899347422015,33.407829038625145,32.55726165343607,31.86567904555966,30.978029255997722,30.19085378240827,29.539648039289645,28.721135292123144,27.996061600080225,27.386346780927074,26.634542363642353,25.969334073976455,25.401175074611626,24.712946286330716,24.104790353206543,23.57751793925513,22.949373564960677,22.395190768682358,21.90768640634667,21.336080878209476,20.83274962837251,20.38367703424497,19.86514488766426,19.409662980099835,18.997468070227978,18.528615254225564,18.11812915444615,17.741004899474724,17.31845898894529,16.949828267567245,16.606113258382322,16.226536618077617,15.89652323541952,15.584597334142847,15.244767425718639,14.95072724074548,14.668485102024139,14.365362812762646,14.10529164060463,13.850193013638592,13.580940553199,13.351533573046389,13.122587581922888,12.8845759255528,12.682722887839587,12.479010263484287,12.269798225900367,12.093020565619975,11.913211027212757,11.730502327894957,11.576849726799674,11.41924177062648,11.260842248382666,11.128387749864622,10.991346654522745,10.855128042215991,10.742087348627688,10.623879748094406,10.507768686106658,10.412049546187163,10.311298265553747,10.213288802279614,10.133418582224413,10.048210726525555,9.966383948584125,9.9012385736852,9.829433052346252,9.761969738839998,9.709871195826635,9.650031001604818,9.595218385373936,9.554296306240936,9.505337426997867,9.46156840683663,9.430169599821312,9.390969276524356,9.356756722797778,9.333504367752246,9.302883032746923,9.276870713620976,9.260633756406563,9.237406132149216,9.218416359003056,9.208117459514135,9.19119126182825,9.178163931691756,9.172782150225371,9.161145768239065,9.153067988858927,9.151643312727511,9.144409313432417,9.140328389403683
T34000logg3.8,38.19588488444847,37.2057901531642,36.32792693800639,35.65112565960782,34.72386519901706,33.90339417109708,33.2564161324825,32.395750116644464,31.635257601175976,31.022961841851583,30.229147749302935,29.528482762930192,28.95328365007188,28.224514977589777,27.58189803742954,27.04458575774005,26.377875761706797,25.790594160888606,25.290885400851963,24.68262776007307,24.147483054775435,23.684400080427952,23.130734826678164,22.644360554968852,22.216524022144625,21.71364628087219,21.272750732376338,20.87863695026393,20.422984171167478,20.024524187988103,19.662549656816182,19.25082200965364,18.89209873103131,18.56055109630467,18.18966503651038,17.867861240941643,17.565312883232018,17.232349490976247,16.945027866574307,16.669779482208575,16.371949975159442,16.116781647454864,15.867118408510905,15.601758856667761,15.376395777985483,15.150726585617036,14.915319140654981,14.716565932548217,14.514300525613304,14.306473709527292,14.131657591551578,13.951834093232357,13.769340247612512,13.616401003870596,13.457576078217077,13.298292999807785,13.165460968132354,13.026065949785293,12.888019398943511,12.773717776645888,12.65220165585503,12.5335680140645,12.436058623857077,12.33121302563428,12.230270920962809,12.148236265564051,12.058526644038173,11.973611927399642,11.906093353837687,11.829668850203456,11.759159165168562,11.704390346301778,11.640242809818755,11.582560404702786,11.538748289677669,11.485945359494119,11.43956387896631,11.405174779861841,11.36260132443735,11.326068542984821,11.299833000494344,11.26623762916784,11.238189420086337,11.218949942594586,11.193148080337568,11.172351402687987,11.158976197588851,11.139938208534977,11.125339464119019,11.116731480264857,11.103530677116318,11.094160281337128,11.08955015431763,11.08111604549758,11.076035849712463,11.074763684956833,11.070130272871262,11.068533342692056,11.069898975821019,11.068284141114969,11.069451694532246
T34000logg4.0,36.22779291079428,35.14362959291416,34.180242782295394,33.43574785575168,32.41358365365412,31.507772140704702,30.79230783875335,29.839477720600083,28.99691859863761,28.318000357363584,27.43765721866212,26.66047677703685,26.022532917218676,25.214590667187696,24.502293717166484,23.907347406488846,23.169594102886307,22.519993770594347,21.968381434898564,21.29738612806443,20.70736040396941,20.198355634404642,19.590138144280782,19.056152186723857,18.588418249103494,18.038828505413637,17.557214477155977,17.129068340641183,16.633993743320804,16.20115641022083,15.810715121209112,15.366202748825161,14.978888673935266,14.623980497073855,14.226243526391366,13.881181504248326,13.55971697559395,13.205122174423746,12.898507419174235,12.609025283106405,12.294118715706023,12.022698536886356,11.763375136660645,11.484927818319093,11.24564580943903,11.014735918883428,10.76976857500811,10.560093828303682,10.355653344109829,10.141440592318276,9.959252817651407,9.77927099688198,9.593332798032044,9.436427896432685,9.279296606072062,9.119349611002987,8.985629735462657,8.8498582929126,8.713730764619635,8.601217790450402,8.485274018672708,8.3708432801089,8.277318419924681,8.17993613959251,8.085141420150853,8.008918893360608,7.928373318817041,7.8512448309803515,7.791321349838255,7.725327496830765,7.664002307952988,7.618546292796367,7.565807133086234,7.518543743780707,7.4855554941380475,7.445125775075725,7.410297639595183,7.388089167664454,7.358866436291898,7.334926115883942,7.322104523491143,7.302793958509122,7.2882430199270045,7.283485732357866,7.27282605817569,7.2662630890669835,7.268269321305967,7.265071482981127,7.265256114137623,7.272716298509321,7.275888844637991,7.281669390994424,7.293586213900085,7.3019387879920945,7.312211978750561,7.327870457040522,7.340183497271666,7.353961201281953,7.372550521419535,7.387868914876637,7.404264420962187
T34000logg4.2,35.57781151310028,34.55834194811653,33.6494612534149,32.95918600512659,31.998312001825322,31.143685013484138,30.48104655151011,29.58537104071028,28.790112142456348,28.161831829288367,27.334095145911828,26.60005422555165,26.01004697338997,25.25004378037135,24.576676535049707,24.026679843284647,23.332274885609877,22.7174932896493,22.207719545803748,21.575664739359596,21.01652648431091,20.546227009238265,19.972779707021793,19.46596747820639,19.03384481386913,18.515120849523758,18.057212520217487,17.661668960296335,17.193837840873503,16.781468982516458,16.420766171679535,16.00015602211189,15.630083200549176,15.30242531208368,14.925522860778866,14.594654502270128,14.29817324439077,13.961620012474233,13.667107636023415,13.399798315787361,13.100405477320832,12.839584465377353,12.599443992427691,12.33423789888939,12.104319348498471,11.889734319712227,11.65597866759475,11.454532874604931,11.26384223029686,11.059040917127504,10.883419615255345,10.715506815370086,10.537388359565169,10.385108919062617,10.238977518252938,10.085442081531038,9.954535877809626,9.828859957196482,9.697896852356969,9.586791933931655,9.479906723200356,9.36954283256859,9.276623264602506,9.186916338227858,9.095225410258315,9.018876998399861,8.944787529413938,8.86992015944561,8.808455844636358,8.748593783340574,8.688793348182294,8.640598706393932,8.593637087657164,8.54725413771408,8.510734526104407,8.475478851867736,8.440960713242063,8.414702589215414,8.38989894275638,8.365761083985062,8.348659734730244,8.332825515585311,8.317639600348372,8.308692867589631,8.300322891053282,8.292730214677267,8.290737220880017,8.288631685723743,8.287359087115231,8.2910775582846,8.294225835586666,8.298104935029356,8.306422903926082,8.31386917634678,8.321833074492817,8.333780769976626,8.344632149863422,8.355765668304777,8.370496647357534,8.383887694250632,8.397417050744284
T34000logg4.4,36.36738069690808,35.37902456585741,34.503282230342734,33.81730429083727,32.885586558519584,32.06244550714142,31.40270073690653,30.533999461630092,29.768356174040445,29.141570251162307,28.338526877267313,27.63214043238359,27.04226706230303,26.30467770907296,25.656995500273148,25.10581677610105,24.431572833348604,23.84054285220039,23.328304700697732,22.71421645642205,22.176963532275778,21.702941160971996,21.145335092234834,20.658631359229616,20.221539812588226,19.71662601628314,19.277179614598843,18.875451700555306,18.419531090868556,18.02428782169746,17.656089409364796,17.245641716752665,16.89190350316757,16.555143860787503,16.18682878593631,15.871955845976492,15.56458977761683,15.23522225787301,14.955736548820564,14.676674562837476,14.383242637648582,14.13449818814344,13.88399056917602,13.623672977167287,13.403548204763345,13.179543007833157,12.949727811465573,12.75639774135498,12.556820856445764,12.355111836046085,12.1866313425508,12.009801131546842,11.833994770784525,11.68829585779552,11.532901204914513,11.380948559577586,11.25606840500682,11.120848831107784,10.990786262217421,10.884713350437952,10.768510894832215,10.658422802498428,10.570345197926581,10.470828767561326,10.378856901140495,10.306989697211472,10.222865360247662,10.147230627334274,10.089393261602956,10.019862983218491,9.958875139440982,9.913273929899002,9.857278577748994,9.80934466664486,9.774521650245491,9.730805479963367,9.694418875300782,9.66896625339322,9.636336979948972,9.610039954119136,9.592611668092832,9.569901326405489,9.552321003596559,9.541945353005154,9.52763855039095,9.517538277984299,9.513284557557919,9.505836033178637,9.502012549188198,9.502827543472007,9.500987724231651,9.502232722464221,9.507210848448572,9.509836950230882,9.51527046071467,9.523340223949067,9.529400272234657,9.538031594123773,9.548407021966298,9.556981099170866,9.567890709205994
T35000logg3.4,27.965309245866788,27.058369808568038,26.2556582738094,25.647555919437163,24.808622046175298,24.067082249656515,23.492565279952327,22.72222222656007,22.041902799897077,21.503803977852968,20.80022266578868,20.179368921220885,19.678776382902665,19.038965893454332,18.474887425213115,18.011795353334996,17.432157456185852,16.921664440606733,16.49533747861742,15.971977357653488,15.51165523497303,15.120884249562259,14.649868180265365,14.236286244794826,13.879591585906267,13.45711830125424,13.086979899144797,12.76277489322515,12.385286452205552,12.055500706224173,11.762177119584202,11.426368474416371,11.134045316860535,10.869999912774526,10.572780889920704,10.315258976442498,10.078854876696019,9.81733261186833,9.592216608704888,9.38172897802123,9.153171963341975,8.957820097843179,8.771904554351813,8.573723428219544,8.405720021642958,8.24296049930195,8.072744279808704,7.929965809964431,7.788891276289875,7.6444314044773485,7.525546027994118,7.404139524703067,7.283403683646528,7.186272650055717,7.083556819489889,6.984679774716837,6.906707168941722,6.82240653818435,6.743709853091099,6.682932249583082,6.616409185402257,6.556380540907326,6.511335388526817,6.461665627938503,6.418902481249078,6.3884598976005345,6.354496807821908,6.327639341821333,6.31065437496122,6.29126676801328,6.278937719705363,6.2742992268289,6.2682327627987995,6.269010790475086,6.275433967018419,6.281502167401117,6.293943876089642,6.310002135211178,6.327123616729848,6.3498162307247155,6.374302138631899,6.401239960896344,6.4328521558422675,6.464625392593818,6.50022959823782,6.539544462409227,6.577578036557927,6.620770932684712,6.666675053801976,6.710041073476642,6.75980806987198,6.811265479996058,6.859183335931275,6.91450253379093,6.970557382194027,7.022344573894804,7.082190147620393,7.141985328056121,7.1969896859531435,7.260367914426726,7.323107063621886
T35000logg3.6,35.77002945607812,34.694251826027234,33.74008469449416,32.99987387787637,31.988423189793284,31.093711110027986,30.383619559440977,29.442592076261203,28.611849327891083,27.938484064246776,27.069770238988735,26.304095015943517,25.671091314432903,24.873763258930335,24.172046516356442,23.58096371876582,22.85247205011052,22.212327482620157,21.663366095432604,21.000255755864877,20.418565270945248,19.911006401884052,19.309321698509063,18.782584556523574,18.315100954373275,17.770736319752192,17.295366756043503,16.866324218188183,16.375312930337458,15.94795743139601,15.555536840293557,15.114149347484116,14.731794394804407,14.3739827339173,13.978680876822143,13.637791383308032,13.313189030580444,12.960568234915424,12.658141465175605,12.364859258257672,12.051632715179725,11.785370766496168,11.520891032625087,11.243939498482204,11.010396182804339,10.773541059476932,10.529960161729417,10.325624931008752,10.115545490364719,9.902661468434964,9.725028629659835,9.540175121574789,9.355529158120172,9.2024811574846,9.041183401825558,8.882506936567967,8.752201894807099,8.612761378894383,8.477954537107557,8.368365761670065,8.249488545953065,8.136588321375175,8.046111166844742,7.9462281057013975,7.853351340617029,7.780698468697496,7.6979754649190975,7.623278044352592,7.566323637774854,7.499783300537349,7.44146653033453,7.39825416284335,7.346789440428772,7.303105800518863,7.272077486054753,7.234238031427203,7.203498119753412,7.183229443486336,7.157518835129092,7.138110465364374,7.127155895352844,7.112237597379165,7.102643056846608,7.099675634725767,7.094264240898894,7.093144014663629,7.097153610657549,7.0997956918496525,7.105958485333678,7.116007858890037,7.125390598089197,7.137697873833569,7.152898103552526,7.167913057244467,7.185306388257226,7.204841949854401,7.224474062699315,7.245983601357159,7.269100213471778,7.292433031851084,7.317146153463537
T35000logg3.8,38.120072581836205,37.08352956083413,36.15549123442901,35.45939123193286,34.47768523197235,33.600593461132966,32.929239551832794,32.009407231335075,31.188789196997327,30.549029445965495,29.694236201897663,28.932353351702897,28.32830303139217,27.5388300592104,26.835625607640765,26.269346357548628,25.543669022009542,24.897652407248387,24.369817733584135,23.705378532763444,23.11421814101638,22.624582023696906,22.018240043447623,21.479127678934272,21.02683178937021,20.475191024871467,19.98513037305735,19.568963926924738,19.068624919637983,18.624627875075806,18.243208919045653,17.79087940404104,17.390030753453114,17.041876367952053,16.63435218263878,16.273772207367767,15.957296894781049,15.591406639234714,15.268289914645036,14.981732688269819,14.65435279004431,14.365998798047935,14.107494309141664,13.815640043465867,13.559406434952349,13.327183243947825,13.068064682697996,12.841281483568697,12.633830882653548,12.404862355463493,12.205152516132449,12.020942096235839,11.819745674534591,11.645221486387621,11.482498622382263,11.306884064789212,11.1556818970966,11.012890101442023,10.86079032141071,10.730724574110967,10.606742009176024,10.476154495741627,10.365202657955896,10.258793523829283,10.147769774101022,10.054115030353419,9.963881247159165,9.870529188191473,9.792384149120174,9.716963289787559,9.639470243506707,9.575227189202385,9.513186721378831,9.449837689647412,9.397976227411391,9.347944933727728,9.297131253507892,9.256230514821345,9.216894289328433,9.177102194274672,9.145778518982002,9.11592174177565,9.085725988328658,9.062635127762405,9.041143827391188,9.019216248981511,9.00356071813082,8.988942954027594,8.974068657449871,8.964969431790223,8.955998932585636,8.947074454156692,8.94349666025644,8.939273929148905,8.935287211289658,8.936218812539202,8.93596288882597,8.935973962544939,8.940480512693735,8.943479528926055,8.946652898818389
T35000logg4.0,38.09294416394607,37.11247458430224,36.245520376915024,35.56265527890726,34.64068111042532,33.82764017814635,33.17185893712556,32.313355022170825,31.55788916926698,30.93499019613346,30.14142025927074,29.444375224225148,28.857635684684503,28.128162883321014,27.48854928598427,26.939452533598,26.271798081810385,25.687457189154223,25.176205616795414,24.567195488092636,24.035271971149143,23.561188065447713,23.007224850306557,22.524568538205827,22.086460484686246,21.583888033670064,21.14746706214808,20.743766379602377,20.289077134436027,19.89587656455858,19.525053900253315,19.114952014516305,18.76195155528454,18.422626893341707,18.05400794709781,17.738500605668317,17.42910355257112,17.099009485904823,16.817908097060513,16.537316421463714,16.24289168667534,15.993478158074485,15.740232939561677,15.47871274788949,15.258466613197328,15.030951646869104,14.799687150446236,14.606475582563796,14.402786643381448,14.199260534726562,14.031104006858497,13.8493195037502,13.671140470052269,13.525941313300384,13.364385073868679,13.209292240701775,13.086198288782423,12.942120873458137,12.808014176396773,12.70378130446008,12.577063878073401,12.46201087455693,12.37374513048174,12.264135394700997,12.166330000400448,12.091660848054396,11.998522247014119,11.916239308096339,11.853406073467124,11.775583207554742,11.707168671970933,11.655130802854206,11.59083626844484,11.534687676710353,11.492425130537304,11.439948669551681,11.394556637769414,11.36096240019422,11.31878154044412,11.282818303981275,11.256745664726393,11.2234511447942,11.195646185920081,11.176061945027856,11.150366826693617,11.129510941798532,11.115509865932571,11.096252540294058,11.081238490240265,11.071995802224253,11.058121212027416,11.04791616884447,11.042684987981902,11.03322030841556,11.027042844835279,11.024948438098292,11.018998929252803,11.015923261919612,11.016361227342486,11.013122012526056,11.012310610563848
T35000logg4.2,50.332445861777174,49.36256596469162,48.50391993115271,47.82631749252656,46.910024963078065,46.10064328823869,45.44622829110498,44.587788033181646,43.830899736682134,43.204997255730504,42.40578325361109,41.70226754763436,41.10804532397939,40.36744903810519,39.716569230527,39.155579262173724,38.471675273490376,37.871633730699116,37.34425198228766,36.71431934841437,36.16269345425905,35.66850114750212,35.08943954418824,34.58354894851388,34.12162657124415,33.59024374931,33.12760971952184,32.69652304861477,32.20971219350542,31.787358445614363,31.38613857492421,30.94095038897653,30.556459212007464,30.18365592168527,29.777300104154524,29.428996951698807,29.082507875466185,28.712329846190364,28.396432442186907,28.076343795310986,27.739802296230916,27.453610265868825,27.158961178204446,26.853580897810026,26.595078194188705,26.324208935452567,26.047559306872536,25.814905002170462,25.56594348235692,25.315634357339942,25.106646631784848,24.878026585976013,24.65170533044978,24.466182894303337,24.25434344488139,24.049728708037073,23.886425173198546,23.688929938692546,23.50386759103539,23.3585272105288,23.176124311845495,23.008620895185302,22.87760854604853,22.710658123578643,22.5588886911021,22.43924300635041,22.287662564129338,22.149944470287533,22.040106182559963,21.9026067505968,21.77736997813302,21.676660364518128,21.55123725843338,21.43699709640122,21.344444372594005,21.229538699123875,21.124983796665607,21.039501561091427,20.933738295959046,20.837702255117783,20.758224865105994,20.660352891499024,20.57166779959423,20.497322509204995,20.4062124951768,20.323783563762557,20.25380776408322,20.168433893966903,20.091190226141283,20.024950134378727,19.94437023628472,19.87159631539766,19.808231162595785,19.731586709497368,19.662616435974208,19.601354985900706,19.527891208864624,19.461922684476203,19.402305252322545,19.33138937692703,19.26773926100121
T36000logg3.6,34.76978407918155,33.70963046237743,32.77230937351603,32.03714335623692,31.04271320461154,30.166042053289768,29.461798364257376,28.53851486930798,27.726395690658393,27.059279287722628,26.208442532799996,25.46150579267178,24.83483866609488,24.05515165346545,23.37198826079289,22.787114687082063,22.075757580583794,21.453760520191693,20.910694986528895,20.263995285202427,19.699886574869183,19.197740288342835,18.611593665118903,18.101787962067664,17.639106207768624,17.109336227142695,16.650336240656546,16.22530187375933,15.747926598206833,15.336668421591227,14.947147575422107,14.518454021170783,14.151141506889015,13.795943355171511,13.412444654866931,13.086276813384488,12.763365060844851,12.42174424340163,12.1349080213079,11.841361972633553,11.538444749193054,11.28552179009898,11.022128023484623,10.754896912881316,10.532619487415342,10.298179405817004,10.063811015984168,9.86972079745803,9.662458366913759,9.45833119716498,9.290281218221228,9.108348508985125,8.932022612851691,8.788278969489602,8.629634903889748,8.478838119757157,8.356823116858708,8.220493573148982,8.093130319596433,7.991525514885485,7.875526612620757,7.769666739275978,7.686448967782417,7.589700331244255,7.503520132584696,7.436632974659363,7.358182140990567,7.289910975148885,7.237758599729468,7.1762184089665535,7.124120438469483,7.085149183268435,7.039100986859939,7.001467346324213,6.974177454317987,6.94216366819668,6.917314450691674,6.900440203756164,6.880842486789158,6.867224047221278,6.859663502380043,6.850776611336422,6.846996600396335,6.847535126130501,6.847879996104005,6.852589967134041,6.860157888487047,6.868399794176703,6.880303208798358,6.893992076080387,6.908923759753324,6.926806737781796,6.945804848829965,6.966315859173756,6.989068065007409,7.012601294758083,7.037669253018535,7.0646468134913345,7.091612276569901,7.12030649964264,7.150608052631683
T36000logg3.8,40.54211094199614,39.53454409715113,38.64209805466593,37.939857449091555,36.98854130506005,36.148118118095454,35.470714732420795,34.58094246645687,33.79653446598482,33.149979183538086,32.323620520623585,31.596464787552954,30.984321704730664,30.220949083961518,29.55043312820735,28.97447610208464,28.272208218286007,27.656559736852138,27.11731092338855,26.473393969017582,25.910142086103495,25.407246760195342,24.818447714804982,24.3047499739232,23.83729980116188,23.300241386090796,22.833312970659605,22.399971545955495,21.911366145057464,21.48866810381181,21.087815738347103,20.644532332875603,20.262834018263614,19.893591562616585,19.492638471015685,19.149915139357468,18.810242334943407,18.448738302893638,18.143134386642597,17.830836187991785,17.505987279163847,17.232588782961653,16.9485424277579,16.65764751836679,16.413681153464587,16.156674144473655,15.897145921856247,15.680508069619734,15.448750772713602,15.218123117925462,15.026961105473465,14.818522957067124,14.614449460675518,14.44645493765776,14.25998117196812,14.080234231491875,13.934526630859846,13.767377489238271,13.609872383218864,13.484507951293184,13.335302057480117,13.198101589453666,13.09013434399402,12.958670497179053,12.839950244338333,12.747067361979287,12.632631845894956,12.530645802342114,12.450805128735576,12.352491984077584,12.265556490609368,12.197139038986064,12.113681862808278,12.04016910930725,11.982182018332564,11.911769842578288,11.850112792253785,11.801538893978833,11.74251235243478,11.691308063140603,11.651008680513096,11.601909691701973,11.559900275625868,11.526754007457592,11.486244062072034,11.45219202798977,11.425240820865875,11.392104366643299,11.364833932525514,11.343244790171642,11.316377419393849,11.294752433857926,11.277809604209995,11.256189946725849,11.239282371563078,11.226180254255723,11.20886380559422,11.19607160932305,11.185804389923865,11.171939162452606,11.162396640712346
T36000logg4.0,39.17387241635821,38.125220605737134,37.19209521185952,36.4698624023013,35.47695116389664,34.59586795826719,33.898623504228,32.968976496050864,32.145784694209425,31.480972216515998,30.618021660560593,29.855123719379723,29.22723642549087,28.43131549946357,27.72864114018658,27.13993419964547,26.409444794591067,25.765389306961552,25.21659619575467,24.548804444109322,23.9608526935771,23.45168514871068,22.84322462022336,22.308358530504485,21.837857192935523,21.28509186419702,20.800095118117685,20.366928848236242,19.8662275613336,19.42798396114263,19.03055956796416,18.57841944281903,18.184095514185884,17.820539897894317,17.413580462552595,17.05968891148585,16.72876809233757,16.36368652214125,16.04712775514694,15.747171046972868,15.420741249259962,15.139129698690827,14.867784915434203,14.57693247940791,14.327295661270094,14.082963359798548,13.824810449870881,13.604343286301452,13.385486466530132,13.157359352692636,12.9635823855036,12.768602257566185,12.568038220770038,12.398772577709442,12.226045232306681,12.050773395887452,11.90401126090315,11.751975030592472,11.599862424187956,11.473634346061319,11.34082791021393,11.209828062565817,11.102329930955397,10.987208599030964,10.875347927074756,10.785902633394077,10.68586256128126,10.591238543889169,10.51782134228731,10.431699804619612,10.352503494985127,10.292806547824156,10.219857789685491,10.154384946761189,10.106460051636821,10.04573209001166,9.992381567744678,9.95465387394557,9.904975458161386,9.862230482913732,9.833238089037106,9.793470422019597,9.759898910182336,9.738219514927561,9.70731913899419,9.681660204018913,9.666093859086468,9.642879533268522,9.623977237010246,9.613767474246316,9.596801735144977,9.583549597969089,9.577867506868419,9.566024747854447,9.557396148461503,9.555446444000038,9.547743955025318,9.542793279016133,9.543851735830001,9.539407933886165,9.537271978572422
T36000logg4.2,39.754030355509755,38.726788711138255,37.81377700697527,37.099839397243535,36.124886756588076,35.26088104597967,34.569676938179974,33.65463954922467,32.845622131127584,32.18469386932361,31.33329707233469,30.58195365173189,29.956003910873935,29.168972862349186,28.475562775984926,27.887085692036713,27.16315862628916,26.526360088572126,25.976289925031825,25.313020393034883,24.73057693334143,24.218813763733515,23.613133412428397,23.082291024211894,22.60808460365634,22.05664664249758,21.57445976789011,21.136638958395107,20.63604251550911,20.199776333596496,19.796709856384084,19.343631840047568,18.95018201424705,18.580535506544138,18.171737224740795,17.817586512817694,17.480376882092198,17.11268525860755,16.79566504397325,16.488510238373845,16.15883396025979,15.876080720328547,15.597325847730847,15.302713781940138,15.0513658663493,14.799485460840115,14.537154106735981,14.314687344262687,14.088014772250254,13.85536904033455,13.659537170999608,13.456366959018567,13.251003095098051,13.079750206718641,12.898421915680945,12.718099492112009,12.568887002437304,12.40840607063029,12.251001155599802,12.12318741691543,11.980764377631713,11.844224973571901,11.736398927950116,11.610072933331299,11.492417473705713,11.401750388221563,11.291057634690706,11.190391587213421,11.114366268681835,11.018645535212022,10.933173786277168,10.86967559184887,10.788008774713134,10.71604607243996,10.663144675161414,10.594603578334441,10.534566136913616,10.490849231075433,10.43416470267545,10.384566434662196,10.34915409296583,10.3026421647255,10.262161517186419,10.234095603370895,10.196177256264738,10.163560410768996,10.141766067618216,10.111128491988921,10.08513685050358,10.068669708527464,10.044110185997313,10.023586131910587,10.011590616024709,9.992019488151955,9.975889383290088,9.967595601806618,9.952028993544777,9.939353249540066,9.934021017818576,9.921582542968089,9.911654597371951
T37000logg3.6,25.650789616490908,24.7949383141199,24.03967053393131,23.458376231877434,22.6669374453224,21.970145577561,21.421660940837526,20.697006928968758,20.060132864346567,19.548321315020704,18.88968441419018,18.31164966399559,17.838054339322177,17.24272745002772,16.720920536974415,16.28552481607596,15.749691622246624,15.280643337975354,14.882420147521705,14.40178746674874,13.981731726268855,13.619132388757045,13.189471566592994,12.81476307639381,12.486091078962529,12.103492660831755,11.770760787642537,11.47432417721598,11.135232219006491,10.841429303720332,10.57557619516335,10.276784755160481,10.019244551251198,9.782327392655825,9.520950865976246,9.296959774794283,9.08774707119651,8.861181650635736,8.66867054131355,8.485595274315767,8.291434237012755,8.12814797057044,7.969993531522627,7.805944292635855,7.669383850853203,7.535260884648974,7.399131378699314,7.286999199157071,7.175932031319885,7.065671027885969,6.976186688840976,6.886839936993178,6.800515067044195,6.7318337702279365,6.663036973248543,6.598787926103475,6.549310091292492,6.499723069326317,6.455773854629445,6.4243303598273,6.392289855737695,6.366962894129652,6.351404969354906,6.336362689328594,6.32807273802344,6.326383620091782,6.3277558083804735,6.3349712937960945,6.345829442660833,6.362362967136507,6.383566320205225,6.40565986192748,6.4360630253200135,6.4697351088423005,6.5019799517225625,6.5446970599844665,6.589326897560424,6.630857664293874,6.684126147623319,6.738260153737475,6.788176605996257,6.850396178095221,6.912688435220231,6.970044300095989,7.0398759041262196,7.109133577998442,7.1729639531304485,7.249266754303317,7.324410411534599,7.3937326841205335,7.475495965677654,7.5554706339550055,7.629465737560288,7.715626653367736,7.799410550252211,7.877287815843136,7.966829959173518,8.053491128521593,8.134437744727284,8.226402026295542,8.315037551652516
T37000logg3.8,27.426066687784814,26.605619102278066,25.883516197144726,25.314189252399647,24.55067794114961,23.88019916757764,23.338514727184055,22.633905799283767,22.016335680606076,21.505965106928222,20.859832956634882,20.294502116486708,19.817217482650683,19.22753246397515,18.712487677341052,18.268693766560258,17.732479844049063,17.26504565088653,16.854253152651133,16.368126369745497,15.945360231525624,15.566595411261993,15.12718733703369,14.746234995309717,14.398325094640295,14.002488804800194,13.660886979084403,13.34240108141932,12.987218716006696,12.682175303947423,12.392175697544035,12.07494382963139,11.804174962199756,11.541403360431694,11.259634332939743,11.021225396443981,10.784277696568308,10.535691300698401,10.326663574955008,10.115415237150401,9.897898578328677,9.716183538708753,9.529742332590715,9.341279835766258,9.18512512402322,9.022305408859438,8.860910021322113,8.729027412125994,8.588108502512528,8.451789471909178,8.341813243126435,8.222063536376748,8.108832830557365,8.01884590399107,7.919028371806151,7.826930732248844,7.755241953135926,7.6739117334700815,7.6010682744904425,7.5455178026792735,7.4817977923080194,7.426435601422654,7.385260704661838,7.338025961115836,7.298491912719173,7.270326709036545,7.238214963896658,7.212955007318767,7.1964964981823165,7.178195124093512,7.165711892073773,7.159777417474897,7.153906105572092,7.152728155973827,7.156289360784447,7.161341906786168,7.170104870948478,7.182071370978631,7.196611454986622,7.214039546800325,7.233350866045725,7.2560617709019475,7.280907833417823,7.306662308885348,7.336359364281204,7.367497614782636,7.3988619104925455,7.434461627889171,7.470781425501755,7.507041550040404,7.547528168150398,7.588195205415849,7.628458763618138,7.67287378044546,7.717027585942505,7.760510997800907,7.807953918570034,7.854646380273655,7.900744078475463,7.950382864439103,7.998776876954367
T37000logg4.0,35.87619038275347,34.882693597293546,34.00481869924596,33.30851301236432,32.37261424644849,31.548345685395393,30.878619791544224,30.00670520736749,29.24081558235701,28.60440944957832,27.798816454060212,27.092775382559637,26.49352481397845,25.753775088003113,25.106822416951257,24.54645145176304,23.87035022454503,23.280388908658182,22.759209635755088,22.143603603148854,21.60778211755898,21.125173649400132,20.566404762514082,20.081533641925525,19.636234487597328,19.13050035254196,18.693630767612685,18.283778566529556,17.82740789124166,17.434790146357365,17.059355661781648,16.64890443963846,16.297739590391878,15.954902051400724,15.587113504783852,15.2746065426424,14.96262763483543,14.634367639385227,14.356981077411607,14.074904010505549,13.783144372355475,13.538135692393194,13.284249797455946,13.026088417212087,12.811015563380222,12.583426511394553,12.356127304981257,12.169024862850467,11.965553364497962,11.766563653904498,11.604667679609662,11.42415035311129,11.251089755683642,11.11367693082006,10.953119470324896,10.803768498198774,10.68759808129228,10.546732129930202,10.419025565811992,10.320896574234341,10.199617617023215,10.091627264005146,10.008909694765745,9.906700199798745,9.81658774077636,9.747634113315085,9.663074727760653,9.589064159364332,9.532690971973707,9.46397228518625,9.40434622803713,9.359507265261428,9.304779869625104,9.257907320293295,9.223450922975845,9.181062108519507,9.145482442566756,9.120188874426335,9.08857409098665,9.06288164717482,9.045603237176387,9.023300706005621,9.006099759215024,8.995825801436542,8.981477481516002,8.97142943626185,8.967253931143414,8.959625089019271,8.955539979626602,8.956601752690029,8.954582775927767,8.955583236416963,8.960883830727273,8.963456560458603,8.968510677362517,8.977341047879753,8.983575123457868,8.991737070284092,9.003446796857059,9.012511517588853,9.022998274784127
T37000logg4.2,40.105064696278575,39.164467641490695,38.335164580814315,37.66963912102467,36.7826223315644,36.00307076457375,35.36150200007277,34.533355260819846,33.80749206424979,33.19583294033511,32.42838405088251,31.757359091574916,31.179056457966624,30.471786677737814,29.854883515831474,29.31155574990995,28.662478412035668,28.097826765469563,27.589821202521065,26.996095553700606,26.481174341105277,26.00796909774769,25.466310799114744,24.99858206277885,24.558806318898668,24.06581870381761,23.641943674897107,23.23470547461141,22.787111255307792,22.404478931673136,22.028189676923294,21.622910412968967,21.27897498367843,20.93209956578194,20.566211280734674,20.257451205926806,19.939483942108378,19.61016466733807,19.334066929235096,19.043503876696086,18.748013643435055,18.502632551860984,18.23740095299021,17.973076407718143,17.75607416167857,17.514517356749863,17.278809758290816,17.089239731848085,16.868424367475306,16.658928002495653,16.494746349876422,16.292985262809236,16.10742538070864,15.963554561120644,15.782335357218223,15.618571387514724,15.490997657438164,15.330921222377764,15.186966012095962,15.073772260136575,14.93356365000343,14.80758767350287,14.707889199440249,14.585453081730787,14.475747252042286,14.38852586783904,14.282044138317776,14.186966925490948,14.111152432094244,14.018971759286341,13.93701055501308,13.871491997012654,13.792035959138882,13.721832345973882,13.665429487812725,13.597195245644555,13.537346627545464,13.489023961922971,13.43059893148694,13.379732612058305,13.338555841988319,13.288629849702861,13.245387475429457,13.210558909798351,13.167923931312707,13.131393582514301,13.101825590329735,13.065383468239254,13.034540718542244,13.009424799024874,12.978179073802245,12.95196766291863,12.93067002628941,12.90370065434911,12.88118030522465,12.863062729898115,12.839523823299505,12.819977107208599,12.804300892410382,12.783435994573795,12.766203610004528
T38000logg3.6,26.76280167480058,26.018783348646455,25.367890975737712,24.87437967604149,24.206461287805443,23.62392725235142,23.17278006792951,22.580741022365544,22.06551438176485,21.658645530184764,21.138555452439565,20.68649538511991,20.322908541642832,19.86832420191902,19.473384466336558,19.150151952840798,18.75357033603042,18.40909954407161,18.12245741549328,17.776603677457388,17.47637684709613,17.22260929405522,16.921208526124463,16.659935746267205,16.435825776600385,16.1737390742344,15.94708241571022,15.749962164940698,15.522989459612926,15.327381055333191,15.155028597684002,14.959700921142312,14.792178840452967,14.642736903107014,14.47617119337678,14.334274234029605,14.206173516683913,14.065957166616036,13.947601093247037,13.839526901429497,13.723596238399573,13.627129796828239,13.537767342246246,13.444291921926197,13.367628275114875,13.296369514859393,13.223694356705494,13.165031218432116,13.111223884063854,13.057878944408586,13.016131291036022,12.978671136517097,12.943351934604193,12.917510788723284,12.895414442618598,12.876886213941276,12.865786420031684,12.858271570887164,12.855317279000744,12.85784129578346,12.864112916403586,12.875575537655891,12.89093570943732,12.909976855305219,12.9347766862822,12.961931777091603,12.993061027613079,13.030144174069779,13.067014130389776,13.110555672447067,13.158833336678425,13.204207220899825,13.259503523837665,13.317833195470191,13.370962167585638,13.436774947499938,13.503982938051472,13.5640861850747,13.639162742943757,13.714104554557277,13.780658520614866,13.863562494264349,13.94517343649509,14.017731696142622,14.107087153192001,14.194378374443993,14.27230466882313,14.36703943405259,14.459072212296768,14.54168497154513,14.640804871643207,14.736659767836041,14.823198730829121,14.925771463985571,15.024508532745326,15.114268694416559,15.21930799480722,15.319991572841754,15.41225145866033,15.518776084876507,15.620539247277302
T38000logg3.8,29.077191321218482,28.150732214311983,27.33227603978213,26.69076532595731,25.823788900252975,25.059986941277344,24.447080412016685,23.643983568969567,22.937974193554055,22.35896663113749,21.620648137755726,20.972768001959178,20.43044486127765,19.755545755479872,19.164338793832314,18.65973108058083,18.045534307809028,17.508478014706974,17.041436346408055,16.484495147967518,15.998522212968565,15.568155685643733,15.06477790005394,14.62667499661216,14.231723587849205,13.778301914609765,13.385048125983445,13.024024280415263,12.617186814115493,12.266045658640932,11.937352446793174,11.573974185617992,11.261824436194011,10.964439079232449,10.641595105885418,10.366011151086738,10.098369325893218,9.813300751538382,9.571986162364167,9.332517479860622,9.08259831551472,8.87231598256859,8.660468346925535,8.443179662494789,8.26156550368795,8.07598736307597,7.888925461111787,7.733826973091741,7.573065307576068,7.413949307805268,7.283716007062424,7.145910344134123,7.0125397648136865,6.904950697025036,6.788863999460851,6.679119042534614,6.59199125854819,6.496450762932787,6.40833373242568,6.340060436501712,6.263487478311575,6.195133597444587,6.1435808606828815,6.085086544195875,6.034728412878462,5.998150421822704,5.95655331742085,5.922480438337354,5.899357012457739,5.873289564326564,5.85382975429655,5.842790311640638,5.830761375553511,5.824276386759996,5.8240278107339005,5.824511742289339,5.8294107790336795,5.838792519279701,5.850211542167157,5.865042787027905,5.882893234061148,5.903747141641199,5.927167134644829,5.952382773838396,5.981305921537064,6.012028986243735,6.043649433419138,6.079406776600899,6.116262832788697,6.153400866327663,6.194860428678883,6.2367300290979,6.278588362295039,6.32468814019489,6.370591900384179,6.41633033251348,6.466074476498827,6.515208689386131,6.563921421734406,6.616395734895063,6.667834722625552
T38000logg4.0,29.171062365026007,28.341187243358206,27.610478287282984,27.030191156543907,26.254699616841407,25.573899658224093,25.019743079752995,24.30213310439901,23.673643387842844,23.150097860957914,22.490744171793317,21.91451688424488,21.423836363633747,20.821219030755003,20.295737675608393,19.838691351841316,19.290242326539055,18.8131783798691,18.389575265691246,17.892194982045908,17.460795972536022,17.069831388484868,16.620181577901217,16.23161856493848,15.872017536660394,15.466773053214261,15.118334867646649,14.788581758536768,14.42458468558957,14.113351528802308,13.812238192942342,13.486535523183083,13.210631937807387,12.936051283067183,12.645849707727866,12.402478191958593,12.153317736902686,11.895928480652712,11.68124694652394,11.457469649676236,11.230306522341234,11.041963688430197,10.842110312777224,10.642717360255302,10.478810764254128,10.301123070660733,10.127222328577908,9.986112445306013,9.828800066247153,9.678294570559851,9.557884194892475,9.419834511147588,9.290787783040471,9.189535680698413,9.069286052201344,8.959908144195458,8.87509837509028,8.772554742646768,8.681195536064704,8.610782524771144,8.52536667620322,8.450494962075293,8.392928105881717,8.32369860244747,8.263851065660097,8.218108630233314,8.163642321961287,8.117388371586674,8.082498703423335,8.041336784053936,8.007263180478045,7.982274658878557,7.952967190630844,7.929740660347061,7.913649971339777,7.894795670109847,7.881166165413701,7.8729438086298105,7.863209347420092,7.857939234491173,7.856646921260855,7.854793942920775,7.856712678460795,7.8614915757838,7.866394254310588,7.8743793202195835,7.884498580857944,7.895146675166592,7.908330165917848,7.922978421870858,7.9384595373691855,7.956191041029751,7.974473875932432,7.993944060745372,8.015317295421834,8.036689625794923,8.059363981866756,8.083482704816355,8.107481723712189,8.132639638911906,8.15877247412467
T38000logg4.2,40.94802263457235,39.94842307397619,39.06717878980359,38.35373847634886,37.40673691733713,36.57502278277679,35.88412027237403,34.996885787467896,34.22021213263545,33.55922048215269,32.73497370221337,32.015584808713626,31.388976687376754,30.628021713297606,29.9658404031812,29.37588076844847,28.67666241412417,28.07016743081123,27.517615377137243,26.87750643073185,26.32440510966146,25.808917989829432,25.224683951194013,24.722524913995173,24.242792858363174,23.710974039801993,23.25592790787132,22.81151588153782,22.32868323784124,21.919186915438857,21.50726693907159,21.070134559107917,20.701891771656662,20.322398814393203,19.92780820817318,19.597783025633287,19.249382004375573,18.894248031429242,18.599900850245103,18.28071149975947,17.962028937412185,17.701167983382824,17.40897743383095,17.123869171144573,16.89490693528272,16.627013808568503,16.37276251878172,16.174051682533836,15.927986416603503,15.702046436981666,15.526865320070787,15.305441450497616,15.105443049372578,14.9490421628903,14.753316197326965,14.577049711241536,14.437776719899903,14.26589912762881,14.111291098936976,13.988238556439454,13.837768935338955,13.70285092738818,13.594804904555785,13.463721820656225,13.346597991055098,13.252353961765767,13.138733998950903,13.037610028683378,12.955950444739166,12.857963133037153,12.771256656179315,12.700863078765066,12.616779949590725,12.54293635121236,12.48259307614067,12.410792048256326,12.348185868251853,12.296886892467093,12.235849071142997,12.182850250770006,12.139734006779383,12.088032894447725,12.043550554057436,12.007344396126799,11.963645392013396,11.92651840350502,11.896162334289015,11.85924210659167,11.8282131187535,11.802917274112389,11.771669083450996,11.745633124675804,11.724625817752848,11.698042150396658,11.67613391860859,11.658548825720192,11.635714288634219,11.61707549620836,11.602195826861303,11.582305374189202,11.566138027711062
T38000logg4.4,39.34797173360724,38.44127996665387,37.641925703127306,36.992770593007116,36.13208615306224,35.37611114151353,34.74595899282704,33.937628728005706,33.229965204216874,32.62542817292585,31.872468567346065,31.215300781256083,30.640541432531126,29.943512193706802,29.33704964772627,28.7943389001935,28.152160275459824,27.595314991875426,27.08557595539842,26.496175225438268,25.98718195112943,25.510300814042857,24.9710410990381,24.507894779644154,24.062960413218807,23.570971662166162,23.150409028915725,22.737241446598368,22.289618947676466,21.91074133214154,21.526590082703798,21.120503361601656,20.779015968437438,20.42446647932146,20.057157722939547,19.75068441388655,19.42432376514719,19.093068745111275,18.81943327760956,18.519565000646374,18.221699640007763,17.978716233872294,17.703637120836493,17.436584688681542,17.22455523755243,16.97012533105773,16.73143096125559,16.54621540095828,16.31285891493184,16.100206869377818,15.935077396745905,15.72596145456601,15.537180850289515,15.388942234350804,15.203880075624024,15.036945371839922,14.904598845842951,14.741376824078795,14.594379578198017,14.47698279709536,14.333456356098548,14.204580745619953,14.101003398519886,13.975322562827103,13.862820557660093,13.771957952222895,13.662362369203217,13.564610492863105,13.485328718460796,13.390144934846461,13.305708735760499,13.236795409684634,13.154453656495713,13.081887862518128,13.022276187543177,12.951308012682533,12.88908363387882,12.837923344782375,12.776953298006225,12.723637255023595,12.680101704311921,12.627832396139501,12.582554987967349,12.545364380700278,12.50057864766782,12.462233012363988,12.430460235385343,12.392027676927793,12.359437461370812,12.332353994561103,12.299234103940178,12.271377941907025,12.248231666935798,12.21946690727052,12.19549951238839,12.17548225148405,12.15019289179395,12.129226564711011,12.11169804490542,12.08909461665073,12.07036763729965
T39000logg3.6,32.24972648881049,31.48329197606965,30.804357795223883,30.27225915571611,29.548744825816925,28.908834752427623,28.39456234353436,27.715914786883545,27.11664393340315,26.623688240420844,25.990570234286864,25.4324792186628,24.963237331826672,24.375399171874516,23.858239371675907,23.41423252574292,22.870724286142803,22.393652908136588,21.975688188821632,21.47509140607292,21.036880946010097,20.645236578578498,20.185841863030625,19.785030668909393,19.419586676956808,18.99952895969897,18.6345420066222,18.29488750464964,17.912226955478545,17.581659357588215,17.26693975319612,16.919712272781283,16.621940520473245,16.331362103615266,16.017629810960727,15.750370000075751,15.483731138810322,15.201603386505012,14.96405411276133,14.719640203095437,14.467276851113,14.258954394779895,14.034709825486168,13.810301168859885,13.626063379723602,13.424535130228914,13.226272451313635,13.063589483696678,12.884619447282233,12.710684304693597,12.568183896638564,12.410367564276932,12.258944012468202,12.135210771878267,11.997135121931468,11.866441902670687,11.760281278463872,11.640327025292487,11.528651682773418,11.437890691593852,11.335496031389685,11.241222628338868,11.164970072117082,11.078421004282019,11.000046119496968,10.93711452020572,10.865139048761634,10.801257240839412,10.750252468511928,10.691901675715803,10.641177278356443,10.60098901689984,10.55509332475124,10.516232725495177,10.48585421382528,10.451185833003295,10.42293801920952,10.401336304267824,10.3767634751451,10.357925910141775,10.344059051148278,10.328576049290348,10.31807271058993,10.311025267320344,10.303580990229475,10.300471935280356,10.299437372259055,10.298933288192142,10.302280096685728,10.30648105094951,10.311944385339014,10.320771904674269,10.329553653512217,10.340069513570022,10.35345039293383,10.366197335922966,10.380911574024257,10.397931842372524,10.414108479766018,10.432237541124188,10.452410546869558
T39000logg3.8,26.037508812814856,25.209629103703094,24.480323212362332,23.90670369322044,23.135592256330703,22.457961223285718,21.911928320777637,21.200101310479525,20.575805617025615,20.061299775300874,19.408552582980267,18.837090472705597,18.3560255799239,17.76045636023887,17.239974486987144,16.79285919049026,16.251566129570424,15.779437985949453,15.365849158112152,14.875466847263198,14.448762854484704,14.067761766248656,13.624928292977625,13.240788261470062,12.891255676880906,12.492839651921958,12.14874417889434,11.829361229953992,11.472470230367204,11.16586331564992,10.875527298247972,10.55749182195676,10.285957419899582,10.02361949635046,9.741974069653557,9.503846375234062,9.267898342263825,9.020356651156636,8.812502906118507,8.602958722284168,8.38736392356931,8.207476502012646,8.023609352076532,7.837884546584384,7.684062321206875,7.524746606220278,7.366862263768041,7.237515886983466,7.101297816715256,6.969265257316682,6.863129016588193,6.7482115494524795,6.640067498001951,6.55418153827119,6.460431109616751,6.3742452120647615,6.307088025400544,6.232944014754693,6.166854607202546,6.116400695038257,6.0608983646617345,6.013145338298534,5.977751796455509,5.93967870758909,5.9086032302274765,5.8870391153823345,5.864888079440634,5.8489049098414565,5.840063794398256,5.832268133078287,5.829829558479211,5.83238038810097,5.8376145408534565,5.847186480124307,5.859902963156321,5.876758688130026,5.896873477364197,5.918659626180377,5.945625322174331,5.974940926844219,6.004680170443342,6.040363513490133,6.077596185075144,6.114308088812848,6.157459793839035,6.201416642110126,6.244233648041792,6.293718870120756,6.343259443073077,6.391416894718693,6.446176620202067,6.5003589996935265,6.5529939920996405,6.612019998998772,6.6700255241922,6.726225163738515,6.788562026431184,6.849393614985745,6.908504475771998,6.9732603301069735,7.035990307788213
T39000logg4.0,39.94215104249037,38.97054519082327,38.10507586775646,37.43887103059734,36.518966054358415,35.701543048886414,35.05825743914327,34.19624749467254,33.431608152793295,32.817510587126975,32.0158989357896,31.30576923529345,30.724559265717904,29.98333239924448,29.32743952248238,28.780984448635813,28.098579322817795,27.49540773965696,26.984314479721856,26.358242684773355,25.805528396072454,25.329542361494017,24.756798060090482,24.251869157284673,23.810170749677667,23.28755379958586,22.82760142334245,22.419074151907544,21.943432366844476,21.525737866135724,21.14910458983115,20.71743780678336,20.339519607359247,19.993296933720835,19.602700536102002,19.261954330985425,18.94474414334916,18.592359883525354,18.285909020278737,17.996516905788596,17.679539930101484,17.405180807600193,17.14172029611061,16.85744334160123,16.61345287261321,16.373641405601294,16.119509762538513,15.902830733648804,15.68589328563333,15.459515067294777,15.267227945231681,15.072433667226502,14.871562926229858,14.70146873755749,14.527539390218147,14.350074022904762,14.200400674372112,14.045808466507191,13.889782383951452,13.758900851265107,13.622139578447493,13.48570028716493,13.371986659715398,13.251665218131503,13.133038366842563,13.034913816232429,12.92966410986762,12.827130109017876,12.743974011016487,12.651522621744899,12.563424698352613,12.493711219362575,12.412774136772649,12.337534910889945,12.27932850563124,12.20913957419519,12.14526178369165,12.09683157538765,12.036546224247566,11.982622125968955,11.942574723353944,11.891159734603217,11.845867423358037,11.813013106922966,11.769404196282077,11.731545320427612,11.70475134850934,11.667988944357607,11.636533298802531,11.6146679430288,11.583922300812258,11.55791943507544,11.540033949755033,11.51445119966045,11.492978854829484,11.478519698547366,11.457023402734018,11.43923290584572,11.42756574542208,11.409311308284844,11.394442163355752
T39000logg4.2,36.65271628545651,36.08680912111498,35.587924926091695,35.18546396509938,34.64906622887704,34.17695803990446,33.78563523264797,33.27971001941187,32.835254528429246,32.457421734005635,31.98231247298957,31.565840789710567,31.203194531568883,30.75873888623444,30.37014044109883,30.023816370246053,29.609449365981202,29.24826886916076,28.918942780480823,28.53382829933479,28.1994399371708,27.887405230647502,27.530543595163355,27.222460552308696,26.927481652123777,26.597778306319498,26.314627291653725,26.03707961904809,25.733373466259238,25.475257830014897,25.213817848192157,24.93490938301776,24.699805994817368,24.45513468352426,24.199828748220924,23.985287693565528,23.758396196182566,23.525506476010218,23.330795070044093,23.120903652849336,22.90924341164855,22.73393995861666,22.53986694417499,22.34821304121569,22.190243575628436,22.012297538957238,21.839353988546144,21.70056764597423,21.534924483459584,21.379313642106293,21.257113034824425,21.1041884889059,20.964473243127834,20.8549685592766,20.716328066677978,20.59106118584055,20.491543610092023,20.36751744364341,20.255283506865926,20.165093386798127,20.05399971521884,19.953463158002226,19.87195362076159,19.772220804355545,19.682146741539043,19.60848789763905,19.518903051374924,19.438176036759444,19.37158918555399,19.29106006353838,19.218771873220707,19.158432103632606,19.0859649733696,19.02127054222685,18.96642309700719,18.90110280492272,18.843104552479677,18.793157049037017,18.734140175024105,18.68191541686055,18.636412014053235,18.58292699369929,18.535837395043373,18.494143161344127,18.445474661900736,18.403184239201416,18.364436932153357,18.3199068216703,18.281640574785506,18.245464769963007,18.20441684323456,18.16932155557564,18.135446743876006,18.097254441453646,18.06462774669251,18.032684523705363,17.99676905151793,17.966036302516446,17.9356074836617,17.901457870300977,17.872044012125716
T40000logg3.6,30.81623506866736,30.177025576299194,29.610394426104794,29.162191361108423,28.554278771369454,28.016240231037145,27.57940312858011,27.00462257490197,26.496827970207164,26.074444022753493,25.53389870965549,25.057352209234413,24.651811004571215,24.145991249883995,23.701144082550638,23.314209899582064,22.843071893994427,22.429907677633498,22.06279079390312,21.625868930018044,21.244014198031643,20.89746097262975,20.493981302433877,20.14280928899432,19.817195446606206,19.446169745616757,19.125000570695935,18.820282063013067,18.4805693645162,18.188733436204323,17.904492033219558,17.59484337880809,17.33068256289764,17.067211811513193,16.786314153952567,16.548902311150037,16.305575562806748,16.052086536188664,15.842408125844837,15.61655215031965,15.389111422740811,15.202777005232868,14.996977182916313,14.794201986170025,14.628026489247464,14.443537752832786,14.264009260635294,14.116990041528869,13.952744068571109,13.794996310659892,13.666000810590639,13.520908020955234,13.383429364197454,13.27157446893796,13.144161324029644,13.025420143467564,12.92861204521406,12.818540487469912,12.717024791607965,12.634493892293992,12.540105240606477,12.454363021023754,12.3849510280372,12.305045560947962,12.23370265069235,12.176035147288825,12.109725734528062,12.051492953454366,12.004527503181237,11.950706503292285,11.904371964026163,11.86713953303869,11.82472108361678,11.789134202657047,11.760672691270315,11.728653141984916,11.702711435028213,11.6821359154097,11.659534669841292,11.64225730437959,11.62879518200914,11.614549367783102,11.60506194252483,11.59789488531801,11.591028581533521,11.588419331442383,11.586844489643061,11.5864314910895,11.58974675542328,11.593174232220422,11.598335384315568,11.606659751179688,11.614529311294902,11.624432185651926,11.636869237048945,11.648672795307665,11.662539514826252,11.678693633455396,11.693510989716266,11.71063487427912,11.730049096450438
T40000logg3.8,26.322100215722372,25.79546389359928,25.284545084077894,24.7890795862552,24.308802895942673,23.84349062441979,23.39300518767008,22.957407406711464,22.53727246966598,22.135369124463168,21.763011633326997,21.365778237267346,20.97565408399395,20.59740473184303,20.230714226955193,19.875300272622237,19.530907173887016,19.19731460307058,18.87434792364072,18.56189792813182,18.259972631591502,17.96884930807452,17.68990270721289,17.424556875651483,17.162044540010797,16.895974690613624,16.638728740506902,16.39011009688121,16.14993003663725,15.918010802630475,15.694189719152236,15.478323512504515,15.270305887418811,15.070090653602339,14.877769087587094,14.694010720110054,14.519321720781113,14.34982879588782,14.1790004542016,14.014209427910481,13.85593434899914,13.704038199264398,13.55839165237153,13.418868520767997,13.285350945357948,13.157734220961096,13.035941492729693,12.919942236538215,12.810093984155877,12.706919137223164,12.607057095671923,12.508873343546323,12.41461997607449,12.325111633754158,12.240210112855408,12.15978179031419,12.083697816910357,12.011837765131375,11.944091125696815,11.880365052360883,11.820583777266165,11.764940329056397,11.714161315252362,11.664259517766329,11.617427059812933,11.573368727689019,11.532332505608107,11.494431049568213,11.459565518565654,11.427638967695847,11.39855495091992,11.372220542609705,11.348547757158677,11.327462161883815,11.309055302245595,11.29390368889982,11.2785735689621,11.265881262716718,11.254948360801222,11.246000289504583,11.238940313326129,11.23368726831198,11.230163844388303,11.228296041315595,11.228013093420374,11.229247245981156,11.231962937029218,11.236226992662873,11.242330447267008,11.247847191370633,11.254919926155509,11.263132050096406,11.272513009800445,11.282886004419504,11.294173128319043,11.306316495100248,11.31926007816654,11.332950314830079,11.347331600320127,11.362414266215811,11.378239259641843
T40000logg4.0,25.878169752772507,25.363750447891196,24.8635038754774,24.377589624756524,23.906300890258816,23.450283022023466,23.011292116306706,22.59675291581466,22.18973820570862,21.76404017756166,21.351110684874197,20.950673869954443,20.562458056774716,20.18620183491221,19.821674154198096,19.468694073131267,19.12717145184392,18.797198907635064,18.479331618267032,18.177295066674702,17.891804981146812,17.590565817250294,17.297620746606007,17.014198717743962,16.74012122848527,16.4752215598289,16.219353112296847,15.972395514743573,15.734268868412315,15.504974883650046,15.284697419731623,15.074712005812165,14.87551320881884,14.679226715462326,14.481947256454747,14.292307812963747,14.110177064364311,13.93543157306005,13.767957149752593,13.607651850982162,13.45443282060571,13.308248026485238,13.169107177774663,13.037402100738184,12.913305459736556,12.795857274395637,12.678539401123972,12.566468179003603,12.460426760660894,12.36026409971833,12.265830813206144,12.176978254070821,12.09356360600676,12.015452702187925,11.942524094657909,11.874811959244743,11.81289223813051,11.754698685559255,11.699617850799694,11.647444181387305,11.599477299995979,11.55556483693807,11.51555975901672,11.479319463111462,11.446708066227451,11.417597021306381,11.391854757613483,11.36947289091936,11.350915621575512,11.334014114644841,11.320200185114464,11.30861600349545,11.299540293301817,11.293032045749245,11.288981633803676,11.287283028840871,11.287835120273076,11.290540329765983,11.295290902499769,11.302094110143626,11.311198047492777,11.321195726383062,11.332955116078434,11.346019413589314,11.361099156970317,11.37763679226185,11.395574504813636,11.414827978107073,11.435312121643973,11.456941625991902,11.479615293741963,11.503341188685901,11.528221095614764,11.553457633801798,11.579085215535887,11.605387142100408,11.632923534050867,11.661051394125092,11.689660437881141,11.718690609950102,11.748085743366662
T40000logg4.2,29.591303168122145,28.952178370221958,28.332682152540592,27.733080342472718,27.153866240862705,26.596259923790715,26.0648049025072,25.577558358910707,25.043685558528797,24.52734260678742,24.028118469403317,23.545598932314164,23.07938526884494,22.629102729805737,22.194425300355938,21.775110690537247,21.371083328448584,20.982661410002017,20.611708460956436,20.266935758039732,19.910574164894562,19.557257983919058,19.21632344279929,18.887440822475096,18.570302056376377,18.264627185606354,17.970168893000643,17.68673182616186,17.41420985122236,17.152693388681683,16.903071896857337,16.66715613247077,16.437220491019513,16.203778997290648,15.97941058413641,15.763892097042175,15.55701019031306,15.358570006900216,15.168395344603969,14.98633686056458,14.812289695080029,14.646230945227625,14.488635265394937,14.339582431875929,14.198989439149223,14.055915328392842,13.919377903137558,13.789412470132817,13.665822851488306,13.5484174069468,13.437010655832003,13.331429362904156,13.23152097699807,13.137154404673387,13.048585952343686,12.965528727297409,12.888706668828695,12.81156789904602,12.738344140587712,12.669500104546845,12.604875205570309,12.544320169723257,12.487695434046394,12.43487320054575,12.385736440642454,12.34015960188941,12.298387351277624,12.260095928914753,12.22518925305261,12.191995587423941,12.160614718465418,12.132062251418597,12.106218403866212,12.082964026633183,12.062182953685026,12.043763166579655,12.027595847005133,12.01357015558612,12.001899560430113,11.992181969478931,11.983900449889784,11.977793185843971,11.9720450181634,11.967993311044697,11.965429693648204,11.964269745844355,11.964430042561602,11.965828287259564,11.968378725408378,11.972027889376001,11.976935480421517,11.982625903644745,11.988680803048634,11.996194718507331,12.003887758278351,12.01198852224471,12.02064814206868,12.029802339468556,12.03939036853922,12.04935567333386,12.059638135569053
T41000logg3.6,30.33356013506618,29.84375576377983,29.36117608410162,28.88633017359557,28.419751016500072,27.96203227180226,27.513925779872196,27.076620616959858,26.653046872490194,26.25056381090454,25.838401521896323,25.416797492889764,25.00470275696032,24.602182201572184,24.209288952080467,23.826066765715865,23.452562737239226,23.088845442907854,22.73503761909581,22.391387285477578,22.058481481688734,21.73849812772945,21.43255064644011,21.125470146313816,20.81522115344133,20.51395423615101,20.22156588480973,19.937957381729515,19.66303671434219,19.39672665353603,19.138971053754098,18.889757178020947,18.649164344619038,18.417522202743953,18.196334349752707,17.984127222445295,17.77409615445352,17.56447665606231,17.362324979386166,17.167534848055563,16.97998810952074,16.79957137763776,16.626181049632667,16.459728295703748,16.30015022665748,16.147444356305428,16.001787389412566,15.864611828013532,15.732137650661961,15.602739779512577,15.47671479935357,15.356100735968855,15.241208364106528,15.131897567791572,15.028030823960671,14.929473587402498,14.836101290779421,14.747806042872764,14.664514473706186,14.58638360456078,14.514504744453582,14.444381356558605,14.377496514146435,14.313990378710074,14.254349621075256,14.198651325853234,14.146769254407968,14.098581811213197,14.053974471419197,14.012839921391862,13.975081985978457,13.940606829407796,13.90953573806584,13.88269448414357,13.85626904808812,13.832347769005604,13.811165682278382,13.79262399923548,13.776632389917074,13.763097028822736,13.751925778635062,13.74302849741778,13.736317956684935,13.73170877346188,13.729135040566696,13.72860511986553,13.730690107619882,13.732509856274628,13.73600011773786,13.741337082220266,13.748379421416292,13.756823492443896,13.766590677649358,13.777601614783224,13.78978169205682,13.803059994762402,13.817358016250616,13.832725933515562,13.849226934551844,13.86654387376229,13.883509934282934
T41000logg3.8,20.007354427224,19.558983911480656,19.124785987727545,18.704778043582767,18.298970056675824,17.907374154237324,17.530057062303666,17.167253200642648,16.819773254993322,16.492277326575014,16.1813060016076,15.853489279415019,15.537805864965431,15.233857281816475,14.941252903961544,14.659621370106777,14.388620262529734,14.127942624458823,13.87733173905292,13.636603124107177,13.405705967449189,13.18492560638645,12.976810090386593,12.778433223368811,12.57565375067771,12.378847606166458,12.190049474131953,12.009054213461944,11.835673163452807,11.669728289876817,11.511061089747773,11.359532799829637,11.215039438970386,11.077540551172076,10.947191025339047,10.825389178499968,10.709076731494678,10.595006370851545,10.484448139352748,10.379929729847401,10.281331947171273,10.188537121777372,10.10143145481383,10.019901677473833,9.9438404051422,9.873145737416216,9.807735802154255,9.74766125934406,9.693575568882537,9.642994612537652,9.59603098989712,9.552644892296469,9.513788529059472,9.479327388532651,9.449127006149364,9.423050340719309,9.400963630587064,9.382733095734464,9.368228946811989,9.357310810202996,9.349914526281408,9.34649636767206,9.345131836890289,9.345645947132724,9.350964096201333,9.35873272340167,9.369361600447524,9.382741196843208,9.398765072111457,9.417326340543926,9.438318539185003,9.461632573711523,9.487137741963544,9.5147740538621,9.544805243330286,9.575867346939246,9.607895745177798,9.643688233754915,9.68128135257603,9.72058079179888,9.76150480022238,9.803969793219474,9.847891737985266,9.893183638256222,9.939750181503657,9.987494696401614,10.03638754314201,10.086366025048065,10.136681638296452,10.187401172106473,10.240253993475475,10.294644594988021,10.349771627703511,10.405558405178226,10.461925689183692,10.518794468813494,10.576085895740174,10.633707349549061,10.691626395568946,10.749819836070493,10.808012280666263
T41000logg4.0,30.20268093735336,29.875688052682595,29.551218419349564,29.22979654313053,28.912007040625667,28.598581791582085,28.290633665163693,27.99094951412746,27.712100739127735,27.403462555453377,27.09714496361952,26.79559391910008,26.498957740328535,26.207367432655005,25.920944640567416,25.639825514640414,25.36417502926661,25.094227877706373,24.830381722786193,24.57351891631022,24.327157454184622,24.088190100530387,23.835292670663033,23.587819198781375,23.34584428072857,23.109409906398852,22.878562066350955,22.653356020204935,22.433858747081477,22.22016823602704,22.012446287968732,21.811010113518137,21.617143624845173,21.430915528485492,21.247169416551518,21.06035143529675,20.87908964271429,20.703367069971844,20.533168560367372,20.3684815151042,20.20929956146653,20.055626045541395,19.907488875227795,19.764965540546786,19.62841285943077,19.49879990356233,19.37502406900794,19.25004805787916,19.128768128287632,19.01246911837004,18.901059277358545,18.794440501027264,18.69251459872718,18.595183150141608,18.502354991668376,18.41395364724718,18.32998399379455,18.251245547113996,18.175343590475,18.104361278105383,18.033289836417772,17.965767464499866,17.901733343827175,17.841064935714353,17.783643291184422,17.729354576367804,17.67809139161575,17.62975518822387,17.58425122037963,17.541725257552113,17.502345340517575,17.464726030286283,17.428947974321,17.394422652727414,17.36205012265565,17.331785572055324,17.303545842487484,17.277252952920314,17.252833715118477,17.230219636664238,17.20932532696581,17.190220137378297,17.17332033337199,17.156781485312045,17.142612922693765,17.128566049184442,17.115797968962152,17.104282284320178,17.093952445108506,17.08474446835888,17.07659563612146,17.069444810144937,17.063217266714776,17.05797691205683,17.05384179410885,17.050174382315966,17.046894704763186,17.044524646496075,17.042340778345547,17.04063277211296,17.03943184279814
T41000logg4.2,28.521799896738838,27.894332987181304,27.286133566312305,26.69757435941073,26.12937814919017,25.583456094558965,25.068388502859825,24.570350859782067,24.044903777213747,23.536618549708635,23.045100441827095,22.56996065325133,22.110825982560307,21.667358003493923,21.23928273563398,20.826437318621046,20.42891030865637,20.047485737476833,19.686286613866777,19.342362353935048,18.981019846847403,18.632180332507865,18.295508801482498,17.970696246950205,17.657456443338507,17.355536557961017,17.06472734767946,16.784891670834778,16.5160408750149,16.25860907282187,16.014629767445957,15.784582633866444,15.544768249664752,15.313896846044024,15.092031191355918,14.878960832179057,14.674490052423533,14.478442122099386,14.290665117895747,14.111046809336822,13.939551847533874,13.77645052374912,13.622557255644377,13.478474651544275,13.331386088449797,13.190304417136222,13.056018800215174,12.928342081852499,12.807087902255276,12.692073970120951,12.583128237354677,12.48009716366988,12.38285230885452,12.291474391898584,12.206345863806304,12.12703439586101,12.048648047928172,11.973705205657572,11.90338279533469,11.837516007172656,11.775946256919909,11.718527050226148,11.665123036033167,11.615611379153574,11.569862079688168,11.528050171244915,11.490070399804702,11.455405230361892,11.422811519895543,11.392219742755564,11.364650090604076,11.3399794188616,11.31808452409394,11.298845381077207,11.28214460289869,11.267866884997943,11.255908683114122,11.246511796383663,11.239028536611606,11.233330576357645,11.229518868511812,11.226687942558655,11.225643408189818,11.226226299670657,11.228348961375218,11.231925254680315,11.23687009047402,11.24308966193704,11.250573792279045,11.259497426072272,11.269007580801347,11.279346284891389,11.290944784172211,11.302913480580207,11.315613628221293,11.328978494626323,11.342937424529705,11.357422216370761,11.3723668305615,11.387682205491014,11.403478575000564
T41000logg4.4,31.875360051966773,31.408476976093315,30.95523480537489,30.51597581713492,30.091579142980617,29.685017250945172,29.31586271445636,28.90647519627811,28.507648755859112,28.120539664288973,27.744896452647588,27.380486431360996,27.027095521318838,26.684555601562536,26.35277703018094,26.031832022595726,25.72219129156036,25.426464211821695,25.152325738894305,24.857064667241293,24.569675913336503,24.291079623916424,24.0210875978564,23.75953299662811,23.506271621278945,23.26119396946045,23.02424466287157,22.795478548348193,22.575224163439767,22.36584798215476,22.16876536115924,21.961071816965724,21.759712994854727,21.565150053206978,21.37724557301959,21.195875993512843,21.020932386670676,20.852327009814687,20.69000816562949,20.533998017214255,20.38457001806176,20.242765482492675,20.10939865003713,19.97073888422179,19.837332425186013,19.709208200344868,19.5862374293649,19.4682933293883,19.355253109094583,19.24700364742485,19.143450741123488,19.044529094625794,18.95053544151864,18.86132463763232,18.77799630405795,18.691957568027277,18.609729509724126,18.5310887781422,18.455895559861457,18.384016796165803,18.315331317733552,18.249730467197196,18.187124152492707,18.127454354606808,18.071449527200635,18.017046899994995,17.967229012056286,17.91549980028545,17.866119929099302,17.818934144877332,17.77385897163498,17.730814658492505,17.689729777781096,17.650540749878598,17.613184887227483,17.57772233394237,17.54476470717348,17.512012842011785,17.482577722154957,17.451687065084904,17.422258137408924,17.39414715977824,17.367296915686275,17.341650400949153,17.317155061961806,17.293760590640463,17.27140777948938,17.250290450235976,17.230499111340038,17.210587712864985,17.192517804990615,17.173397911581052,17.154893176411292,17.136970256609036,17.119576257312694,17.102661348753173,17.086182549145338,17.07009602949307,17.054457397928026,17.039504912008912,17.024585518047182
T42000logg3.8,27.32913067627714,26.99148617707989,26.658504343438555,26.330833708142045,26.009123438811045,25.694076200155685,25.38656872814542,25.088164681770117,24.80447805571541,24.52481428248032,24.230671966727485,23.943801821536468,23.66419197697418,23.391800802397267,23.12655453813728,22.86838297783649,22.617223817847965,22.3730615152855,22.13596912169707,21.906247842091567,21.68521006596902,21.473703844010377,21.263667184690288,21.04911947448774,20.84059334868832,20.6380165041809,20.441323022213737,20.250462641460505,20.06539381437873,19.88609812491603,19.71258749954467,19.544950518314938,19.383473935856593,19.230489453729888,19.08083671751708,18.933609812487177,18.78685988949395,18.645306691959494,18.508900978514358,18.377595198224416,18.25134921270172,18.130128936811452,18.013910356895146,17.902692179802923,17.796519236608642,17.69573589800812,17.60079919334794,17.509179774219042,17.41958033962711,17.33295096474473,17.250741703270172,17.17285675705101,17.099200249062488,17.029672825830346,16.96417854170631,16.90262527382774,16.84493375450144,16.79107932198493,16.741724747638568,16.694801984031336,16.65108741826035,16.609442991377072,16.57062914489385,16.534911036348678,16.502183824575194,16.472342245501917,16.445284225022075,16.420909979160417,16.399125052642578,16.37982065421492,16.363007395273005,16.34923689629108,16.336082347326368,16.325408010703125,16.316498315777395,16.309468117242815,16.304319330569857,16.300971982468297,16.299348739290227,16.29937384946384,16.300974235702803,16.30407039637344,16.308645949800713,16.314908529925916,16.322109506050538,16.329922592046763,16.339139312479023,16.3496744707244,16.361275083421674,16.373866675971936,16.387383965055356,16.401764179691682,16.416945176310858,16.43286318220948,16.449448709884216,16.466702008839153,16.484874086899712,16.502887629522746,16.52136538981463,16.54041249634916,16.56021797370469
T42000logg4.0,39.81267345492083,39.080608638445156,38.44034001310439,37.90933850161608,37.21876821092899,36.616505857316334,36.10183955818648,35.453868606349864,34.89045992781617,34.39493000945971,33.78932594687565,33.26462588791261,32.789922657382235,32.22576084297696,31.73909913907861,31.28616941362679,30.762113006662144,30.31268973186372,29.881717876966434,29.39615522990378,28.982907817908597,28.573702833986935,28.124881357858502,27.747067475988814,27.358738914784116,26.9448808511326,26.601858916135733,26.233208913077238,25.85254717449005,25.53837796611433,25.193362346847962,24.844145060464587,24.55800506804084,24.235350954729945,23.91584750989518,23.657012491049542,23.35525762007808,23.063757107239937,22.831774959550202,22.54910440360866,22.28392266157927,22.07700302813511,21.812885081532272,21.572359648493443,21.382851533391797,21.142540211687916,20.924999816442217,20.75055940281762,20.53387256836237,20.33761999883479,20.178047068181257,19.982534197738744,19.805869350557387,19.66024724928034,19.48410931832941,19.325372562138377,19.192738382347727,19.034264484299648,18.891872707866487,18.771283866174656,18.628890915296306,18.50144245179403,18.391926037753947,18.264162424699634,18.150494035585027,18.051002062173477,17.93653435690205,17.83540371465547,17.74510709725029,17.642693571952243,17.55270937300608,17.471028067614043,17.379483580684848,17.299611185643844,17.22566363121426,17.143850172318835,17.073834032622493,17.006016511368834,16.932849579500804,16.871371759559924,16.809225012449257,16.743695680649715,16.68913137261881,16.632623861611624,16.573810245913947,16.524882789983614,16.473761964544806,16.420813049390286,16.376436544038512,16.33035131426868,16.282464558761983,16.241949738336224,16.200214408851153,16.156628499899163,16.119498303066898,16.0812733193802,16.04127540208271,16.007033738392977,15.971576382909554,15.934519267644353,15.903082567136003
T42000logg4.2,33.02409358907014,32.63548980763137,32.292464233655636,32.00689831835761,31.630068084430864,31.29826683372593,31.013586726652342,30.64997095154367,30.330844748982404,30.049154273617816,29.700120472845317,29.394989891965317,29.118169452414385,28.784835870415975,28.49478160725942,28.22441270933,27.907601311567316,27.63354618079616,27.370799296960257,27.07106282368055,26.813752829745106,26.55950355173458,26.277201315395484,26.037106768053945,25.79212335375125,25.527428438853825,25.30575273194511,25.069691075249676,24.822600458981444,24.616519477933082,24.392727746806298,24.163109002651524,23.972910312905075,23.761371541309853,23.549001373312013,23.375299358641936,23.175473601606587,22.98004933144555,22.824099331823074,22.63462794562584,22.455770538980122,22.316177879548125,22.138146951899618,21.9753580134098,21.847046968053135,21.68493901746463,21.537565798958422,21.4197879871733,21.273416108840948,21.140640282388294,21.033151570345346,20.901481082802285,20.782344966146447,20.684687597912344,20.566617239330206,20.460065589224055,20.371652584177227,20.26601415153347,20.170929629294037,20.09109467826602,19.996702433240415,19.911993831892353,19.8399956938919,19.75569884347472,19.68042955128577,19.61541335745618,19.54014616215029,19.473354319861436,19.41461055139761,19.347411126952288,19.288095593025584,19.235102511150057,19.175114940076103,19.122392611905767,19.07466233901918,19.021120000336175,18.974869261148072,18.93128197657874,18.883494490021473,18.84299336112871,18.803147810467866,18.760491282728783,18.724734510658887,18.688602749467268,18.65049023427904,18.618702646878113,18.586068612841043,18.551926880988038,18.523381033173308,18.493988318048014,18.46324767281954,18.437387091671425,18.410805367798165,18.382906288606158,18.35936305526296,18.33498988778875,18.30940398216711,18.287849747217226,18.265098955372153,18.24135061077891,18.221889486262977
T43000logg3.8,34.79303551701383,34.27895800720895,33.81875112629555,33.45969601734079,32.961856958679824,32.51660763994792,32.16056809684441,31.68106304684433,31.25280020299375,30.902572935849317,30.44334213413158,30.03389311389428,29.69201815630062,29.25469672522075,28.86555087269439,28.534206789674325,28.119996367351483,27.75222814380717,27.43317484199296,27.042839530879867,26.6971246048424,26.391716743022727,26.025624344957535,25.702289787047683,25.411515761598086,25.069708176203864,24.768786769824384,24.49333507826633,24.175593047624346,23.89699399111367,23.637182135133692,23.343076253373344,23.08661923268795,22.842444426608324,22.571375672133172,22.33628735745999,22.108006101040967,21.859247090134595,21.644605596723153,21.432351080554373,21.205068299882583,21.011260345700475,20.813620451414852,20.606891141784775,20.43368472688291,20.249655711959733,20.06246880222393,19.906405904193775,19.73799285909452,19.569238447845898,19.42836157915384,19.27584183719624,19.1243131587228,18.997701519868663,18.860100706588284,18.72452008789875,18.61122909021104,18.48744499191774,18.366510460899008,18.265613562871156,18.154462788878153,18.046898790020464,17.957054484705175,17.857796389053682,17.762391459840227,17.68271227550669,17.594237471820957,17.509859520316137,17.440142793446814,17.36077460466286,17.28638461338676,17.22555976715025,17.15462484571406,17.089266459148504,17.036192057049487,16.973214772795814,16.916011146105145,16.86975498208561,16.814176094008893,16.76431383558052,16.724106356679105,16.67530451147393,16.632005757485793,16.597156901263038,16.554515000451616,16.517097732831598,16.486855981697495,16.449812293074466,16.417639245771422,16.391289196602074,16.359268377954,16.33169267212925,16.308777357631598,16.281020656649584,16.25736438822297,16.237463045531527,16.213289677736636,16.192922457239323,16.17559490416446,16.154424843812123,16.13677837816724
T43000logg4.0,38.82781413991636,38.309888217784035,37.802245313307495,37.306147795825616,36.824603308211955,36.369252005769106,35.903389615176984,35.41866184633422,34.943668755068295,34.47851923464852,34.02331296972367,33.57816254324939,33.14321528426088,32.718704998204224,32.30506341486064,31.90325992750978,31.51685551144107,31.156071171046243,30.7658263513955,30.382688204654503,30.008948813652474,29.644548772297263,29.289440818166565,28.943601021151313,28.607047033789975,28.279884813488636,27.962420336219623,27.655579403531878,27.363348374226135,27.080422141284036,26.78428363632976,26.496466792636785,26.21677143846064,25.94509803763441,25.68136315862149,25.425502267152776,25.177492703831284,24.93739158902229,24.70544940796052,24.483006095605006,24.26918220460308,24.060520716623508,23.84795504718638,23.64217090356513,23.443046412449476,23.250462563516038,23.064308097770315,22.884486753289075,22.710934311699056,22.54365684509744,22.382954431855552,22.230990015114305,22.081725160017736,21.93530086628614,21.789889409468362,21.649501988914988,21.51398595178327,21.383198678269434,21.257009667327818,21.135309759519778,21.018024964827976,20.90513091815284,20.79733767767339,20.693699765168724,20.594126380767136,20.493373913259898,20.395273848400745,20.300532944905576,20.209044611105462,20.120712182679085,20.03544955392063,19.95318928741331,19.873884442409654,19.797721846288074,19.72577438352696,19.65359780596983,19.586251688943026,19.517147166078445,19.450244741478798,19.385532773118193,19.322938844050544,19.26239687023814,19.20384892845435,19.14725073279658,19.092611829031608,19.04045861641584,18.989990139324636,18.93984067909295,18.892042497205587,18.843216259007725,18.79580807772832,18.749676602466195,18.704761534402316,18.661009363810948,18.618375629622207,18.576806042844993,18.536511365187454,18.49800244994238,18.4588228925811,18.421093949489425,18.383663214765914
T43000logg4.2,41.617157309732384,40.93478361273346,40.33957985144465,39.837430487527214,39.19135634770708,38.62976490996577,38.14068116601905,37.532216656435764,37.00535481414506,36.53215145613506,35.96149814274106,35.46966390254053,35.01418594907496,34.48089260715438,34.02393145286788,33.58723417198948,33.09038965014522,32.66812467519528,32.25033490133131,31.788700549848496,31.40036637620065,31.0014977450517,30.573638229421537,30.219260537795428,29.838073984822074,29.442477321059222,29.11705226167951,28.7570782759949,28.392208370990936,28.09554071408921,27.755314355876067,27.419629135079965,27.153063359555443,26.829442928445552,26.521397824384152,26.284651639317836,25.975990101226916,25.69403434419835,25.47442510152182,25.19136002879291,24.93393708808884,24.729938114219348,24.471827533738917,24.237361458905347,24.048582209851435,23.81350741352293,23.600396192985457,23.426122455127068,23.21234701095778,23.018964524445273,22.85837165009387,22.664140328086795,22.48885533429785,22.34103080539146,22.164617834837845,22.005825920238433,21.869830801781987,21.709594164747898,21.565889221712887,21.4406791051861,21.295103421542173,21.16528208497663,21.049779583777287,20.917495376751866,20.800179728396458,20.693663512943818,20.57342392586071,20.46722250581984,20.36914383829879,20.259803509538344,20.16450797127775,20.07324659266823,19.97371951855187,19.888318491911633,19.803125668131475,19.71237930613256,19.635091434720668,19.55605914173877,19.473121862415873,19.402508815762328,19.329477503099888,19.25345053924216,19.188461379256097,19.120999836236564,19.051062052783582,18.991117850450483,18.92843058867833,18.86381644566305,18.808345582212446,18.749700378861544,18.68968082081998,18.6389892190025,18.582817448770484,18.52669146418194,18.480170225889704,18.425859121396744,18.372949699742176,18.329583720376483,18.27700069472843,18.226733037674702,18.18560430822504
T44000logg3.8,34.706557945056204,34.26015880897877,33.85924109133637,33.54509993989716,33.108348970081344,32.71669290225067,32.40217638642202,31.97782388363368,31.598026355161185,31.28612666514073,30.87674026227584,30.511134100799644,30.20457796545658,29.81227809961087,29.462744934106606,29.16384631800772,28.790214776333734,28.458131874963893,28.168745335790206,27.81483088460821,27.501116359217605,27.22266897663325,26.889104622380923,26.594322428687303,26.32789441175581,26.014985257691343,25.739401139750974,25.485786983868234,25.193578811258973,24.93740037157027,24.696988218298877,24.425326724412173,24.1885446643282,23.961556923822997,23.710109872746504,23.492088967875763,23.279024623041174,23.047307831988793,22.847665680677597,22.648474203548815,22.435881833205077,22.2556900282829,22.068620201034353,21.874450278648848,21.712096337454845,21.537870666413333,21.36132686616172,21.21373022970532,21.054317656642045,20.894500405056974,20.76065344871988,20.6157195537209,20.471620896356026,20.350805144873895,20.219491880345227,20.090010576824504,19.981407080782553,19.862766109869256,19.74674986599108,19.649539974252676,19.542518141188353,19.438814365848337,19.3516036311528,19.25570479699792,19.16320166408689,19.08557871301505,18.99937454118677,18.917024516096376,18.84871622629069,18.770732293010184,18.697565980828934,18.637475981963515,18.56718251909516,18.502315994609447,18.44936630794994,18.386351048686898,18.32898224369493,18.28230118197371,18.226078831085157,18.175469499597416,18.13433482249796,18.084384744468764,18.039848164060864,18.003621529971642,17.95941118745432,17.920362658454337,17.88833774821376,17.849381628288857,17.815244940951438,17.786791944891807,17.752572199622378,17.722736260094962,17.697535679403437,17.667310761388553,17.64116022536256,17.618819031997706,17.592001824586816,17.568961771092077,17.549098943472174,17.52517352590874,17.50469363116237
T44000logg4.0,24.371204716041245,24.034023211428476,23.737720626319625,23.50562616414175,23.192868024909465,22.91848923294861,22.698068292810337,22.410104938647237,22.157962863524915,21.95068667149477,21.687306579227368,21.457119437073626,21.263771204452045,21.024064908304588,20.814908946985213,20.63554806747881,20.41792459250751,20.228267067853523,20.062275463451563,19.864639502315104,19.692598110171765,19.5389655976836,19.359167288001377,19.202925045646296,19.060590500017767,18.896763669643743,18.754876985063806,18.62285578347345,18.473509824336634,18.344683388621835,18.222399994086764,18.086451050771878,17.969856584726113,17.856892971688335,17.733687393726612,17.629485434857905,17.525133888889755,17.414462742105318,17.321606570208584,17.227064179256327,17.129033838317213,17.047200400687565,16.963325551895736,16.87809326482229,16.80739846069844,16.734533835029346,16.662072140022666,16.602554868302214,16.540726596349668,16.48074821680998,16.432163531059917,16.381199383990992,16.33316426518327,16.294762460927288,16.25453792480591,16.21770510026612,16.1886461353752,16.158780312998903,16.132282179409774,16.111588165919567,16.091607407457293,16.074502545929004,16.061611687581866,16.050492146620158,16.041811727159487,16.03629870583494,16.032816940229313,16.03159544177482,16.03274046830296,16.03595576457547,16.041258748718406,16.047954088331824,16.057388977642322,16.068356184657006,16.079954802271136,16.094830916241257,16.11075036303694,16.126661081025617,16.14627137937246,16.166514874367273,16.18622861462764,16.209964419815847,16.233952611476724,16.257060713164762,16.284387966836743,16.3115956979121,16.337736540623784,16.368158094409274,16.398066710256966,16.42691799031121,16.459944691018503,16.492118296104643,16.523271789689765,16.55840475318221,16.592523276392235,16.625433556004936,16.66217699960652,16.6977135767836,16.73205523160663,16.76994597693635,16.80637538592343
T44000logg4.2,25.729983979941675,25.26123189997987,24.85163810308537,24.517552009730817,24.080199534783866,23.698761540914223,23.378598968661965,22.972355541750293,22.618857765774322,22.3140203548294,21.938145449702063,21.611975357592556,21.32328280365077,20.976686536031842,20.676932616721587,20.404728320872422,20.0860722476132,19.811628631481287,19.555875810771294,19.2636898477393,19.013607494049293,18.773802642304112,18.506634626059252,18.279505876261616,18.055536623400407,17.812023112094856,17.607481727258204,17.39822252701743,17.177096035096998,16.993070808440628,16.79916256971928,16.59925066415007,16.433775271306704,16.255817110559757,16.07603284216644,15.928514376850572,15.765793171149122,15.605118698431692,15.47541633072699,15.32680945776059,15.18427578874672,15.07168551069985,14.93663168728954,14.811270221185536,14.713572758998012,14.592934516574179,14.483727563733847,14.398274076598277,14.293171994619259,14.199015518137397,14.124887765718295,14.034493213250387,13.95420405621086,13.890437835836222,13.813793382454145,13.746148330167308,13.692028659316591,13.62783189736435,13.571615851233005,13.526384024817702,13.473379411358795,13.427415852220225,13.390319060403296,13.347328475444357,13.3105559203024,13.28082397873992,13.246766867552767,13.218283906982691,13.195115859915196,13.169007735321827,13.147901991764023,13.130640880545734,13.111591105283456,13.096988989447384,13.085073376932442,13.072273097401949,13.063343563799254,13.056282990534696,13.048990872664774,13.045395799238884,13.042309603876987,13.039846558122719,13.040865967619089,13.041345744694794,13.043077551819163,13.047829192438245,13.051685939138835,13.05700330037606,13.064782477688535,13.071676914776674,13.079982026399115,13.090151633572802,13.099680938641825,13.110382848473016,13.12231921693948,13.134073505133843,13.146604876471386,13.159836330637388,13.17329805277761,13.187144719490824,13.20134104976595
T45000logg3.8,34.64846760212332,34.22223826786544,33.838842626140256,33.53989304705357,33.122223921824364,32.74703495030787,32.44732359919433,32.04088046507656,31.676477986488905,31.378942025222752,30.986371332561987,30.63518108324482,30.34257284699626,29.966133366871546,29.63013863031919,29.344802791760436,28.98615434112422,28.66678193165034,28.390570111298132,28.05078994918285,27.7489563555418,27.483260119498077,27.162957598857545,26.879188284234836,26.625031358275557,26.32448286977058,26.05902130234992,25.817148092574993,25.536393492080926,25.289304257916218,25.060211776177763,24.79910416494762,24.57042801450533,24.354279525552993,24.11251064878556,23.901918736765687,23.69892126294288,23.476033955218885,23.28279623844003,23.093277456900598,22.888707000887052,22.712760688490444,22.536167377184842,22.349273828903303,22.19136474362073,22.02616787170799,21.85624082068933,21.714243587486916,21.56160086087414,21.407827657786346,21.279318491669073,21.14044059250195,21.001882355281914,20.88591211415899,20.760271892488504,20.635873415990194,20.531656153437904,20.41833852916734,20.306981083757076,20.21368492991938,20.111707336211254,20.01227103313513,19.929029643521627,19.837421394732157,19.748817929477294,19.674617839421842,19.592583993729317,19.51377449859923,19.44837902142102,19.37441679188646,19.304432413525117,19.2470862577626,19.18032249209026,19.118280555200876,19.067891925851132,19.007937302564038,18.95305082912149,18.908678835072333,18.855150450508663,18.806712748358997,18.76761802965901,18.720057288625092,18.677412905192075,18.64300849733708,18.600897150709425,18.563432870812267,18.5331912133676,18.496001859592276,18.46318531269107,18.43651840621242,18.403761954048985,18.37506009082446,18.351447799683484,18.322613377255124,18.297476520217426,18.27656792557408,18.251046266098605,18.228939247823682,18.210388492979625,18.18765634164947,18.168103206776117
T45000logg4.0,23.954582621798103,23.630026388600108,23.341814852625514,23.117465877290122,22.809948756811995,22.537285749257265,22.319886959962897,22.030723926838448,21.774814306337362,21.56629148567456,21.29636942511555,21.05792754468189,20.85967599814889,20.609219606082412,20.388327065919874,20.20111172654602,19.96968828612195,19.765886896278175,19.58994135214648,19.376707358617768,19.18923818383215,19.024478037454305,18.8284606924435,18.656490648961025,18.502723976817737,18.32302125099009,18.165825856606123,18.022836732386196,17.858682897325938,17.71569984361946,17.583274857797726,17.43404284454452,17.30466037832094,17.182808062219237,17.04800640549378,16.93188904832744,16.82051191775935,16.69974565440075,16.597109902645347,16.495658091434176,16.388564951262563,16.29848905325425,16.20753922492844,16.113728370931625,16.035212110350265,15.955324675865306,15.87435303073408,15.80692136332986,15.737989192680468,15.669317589650651,15.612533936211006,15.554174908535218,15.497115219556838,15.450443572958848,15.402070563242496,15.355786311346627,15.318495548364421,15.279446334804064,15.243007994828302,15.214252181105262,15.183827097893671,15.15628184607819,15.13543541323717,15.112667712018451,15.093082724153973,15.078959529550447,15.06346609000743,15.050952379450612,15.042636416247529,15.033821947225828,15.027544738013514,15.024376229597335,15.021481848983285,15.020680833686432,15.022131698305888,15.024404728020539,15.028403718675115,15.033977980981078,15.040798775291389,15.04901644405035,15.058230961376994,15.06909071902625,15.0810370437242,15.093435800683807,15.107845379919592,15.123031757847349,15.138237830406897,15.15570028810593,15.17363579832437,15.191304846855987,15.211336632314662,15.231548483959552,15.251330012791781,15.273453358949407,15.295454460101023,15.317018344262083,15.340768287525016,15.36418028412083,15.387113032773799,15.412060279592573,15.436635229328422
T45000logg4.2,24.87364699872078,24.400795887621438,23.98737325083326,23.65333682172344,23.214065085178817,22.830703600154894,22.512354772802414,22.10644103106529,21.752948517175817,21.45177460776761,21.078416659757103,20.75407434139181,20.470860355221067,20.128759759567632,19.832415955762595,19.567351253752427,19.254845304642792,18.985048073322528,18.73788504663699,18.453130840150543,18.20845427219117,17.978546983209117,17.719728896521087,17.498612378516714,17.285408018114584,17.050844930795463,16.852279738814005,16.65479302645775,16.44297143817052,16.265761591834405,16.083352551843426,15.892902764804338,15.734310906347748,15.568013007643087,15.397676684682509,15.256646756378672,15.105913067037868,14.954534071860149,14.830701066835017,14.694394508957489,14.56089625187607,14.452160794592082,14.330932772788,14.214276803965486,14.120917439418662,14.013015936820755,13.912148430611698,13.833268721646473,13.73800199172241,13.651807536756642,13.585221811220482,13.50300968882162,13.430303773583322,13.373674084279129,13.30492576155845,13.24448665834664,13.19716865126793,13.140513898825178,13.091132925327639,13.052408024605702,13.006559740248871,12.967081009941257,12.93619201731374,12.89998735660338,12.869327777314442,12.845550110667004,12.817923271938918,12.795162167511673,12.777735179038215,12.757712716821935,12.742004587428704,12.730222419258213,12.716924370511862,12.7074305795025,12.700712760631664,12.693342112517941,12.689251027545412,12.687109092707075,12.684939427317005,12.685662516876704,12.68749051483816,12.689856834949467,12.694986916328734,12.700087910424735,12.706370996093089,12.715144495107314,12.723240538896238,12.732850179839948,12.744476092394088,12.755347151482805,12.76770406851368,12.78156524088032,12.794822602927093,12.809355064619922,12.824866866206373,12.840097453259173,12.856256837015328,12.87284875266783,12.889668564326879,12.906956965902214,12.924201106199195
T46000logg4.0,33.46143343459955,33.073187126410055,32.726419532642524,32.452763767122505,32.07650364952289,31.740706593202063,31.468849968363692,31.105791648929014,30.782204392980375,30.514028683239463,30.16537051969275,29.855160624278057,29.592398655628543,29.25917484527364,28.96330725769014,28.707447233501412,28.39041835508301,28.109598321731625,27.86184882586045,27.561515719404692,27.29622528067398,27.057555831001707,26.77422535126845,26.52476079051354,26.295961128668743,26.029781959349776,25.79642305933457,25.577982184559684,25.32895705359414,25.111834962463995,24.90408622272779,24.672068237250233,24.470788648484042,24.274280361400955,24.058971792463616,23.873874860574578,23.688131559486507,23.489108506267822,23.32094300916646,23.14482639402914,22.96156180691479,22.80742707791845,22.643238704274218,22.475121122046325,22.333618599331274,22.181963349252253,22.028292711460054,21.89893404989973,21.759304333175315,21.619285985507496,21.501553520765945,21.373256011037384,21.245996452630287,21.13919581425214,21.021501804725055,20.906024974467805,20.808754728935813,20.701477442592854,20.5967766099689,20.509604352795176,20.4105285120538,20.315620965403227,20.23792874217863,20.146058099534194,20.060027399318777,19.99037622279018,19.90563890619112,19.827651125935766,19.764784519515935,19.687052250587143,19.616356207429885,19.55926250013438,19.488292819480144,19.424213388059673,19.37199748709418,19.30755975579559,19.2494803571512,19.201550632714728,19.143233585436793,19.090654233859908,19.046812400227733,18.99382944701858,18.94627999646099,18.906115373798677,18.857929059948106,18.814909691049316,18.778043808260882,18.73412420440593,18.695096791434406,18.661186906463637,18.621007139303725,18.585417019125856,18.554135217396443,18.51717417870076,18.484478780093138,18.45549205696582,18.421250298621295,18.391315633147283,18.363920544977077,18.331945818064636,18.304435011654817
T46000logg4.2,25.173849612972145,24.79514758791394,24.463472084791366,24.193881320444905,23.838507950762157,23.52769133923007,23.267675469602132,22.9354595049464,22.645582904377736,22.39652929589769,22.087492727020127,21.818684492833682,21.581793396439696,21.29578166986591,21.047915200434407,20.82397092135069,20.56042562847009,20.33297767499944,20.122250359952307,19.880193821525978,19.672505391496273,19.474682768290943,19.25294699566812,19.063842030941306,18.878846338958827,18.676299369573798,18.505620022845978,18.332379527744017,18.14800425703175,17.994376867729386,17.83314619694897,17.666039474206986,17.52733314382104,17.379238492473768,17.2285953280723,17.10435350246894,16.968941410619834,16.834033404628457,16.724127433919268,16.600703284993376,16.480877137902166,16.38393099655459,16.273117291434875,16.167746094379794,16.08470972810945,15.984758446247577,15.893167071803411,15.821742526357925,15.733978228882172,15.655370044869253,15.593715692683528,15.518711238958982,15.452139150153162,15.399552680770569,15.336441862811476,15.280853219494443,15.236663008031663,15.184352702549498,15.138659240930721,15.102185241578281,15.059530881494293,15.022659855149369,14.993211496531014,14.95913326915963,14.930106074104492,14.906969792733381,14.880461600042368,14.858426404078749,14.840854294333095,14.820992945605893,14.80511228326425,14.79246901276714,14.778439984218446,14.767912696094681,14.759702329383385,14.750807828514,14.744897998604548,14.740732910878199,14.736368965750858,14.734844008086514,14.733970351595415,14.73359802834927,14.736012823266957,14.737980698045698,14.741098274550746,14.746706059220278,14.751411720686049,14.75752779308512,14.765684415453162,14.772925864406904,14.781544960348242,14.791712344623381,14.801161369136564,14.811779064173782,14.823389049618541,14.834727952906263,14.846848751736013,14.859471756156257,14.872265806073308,14.88543555437984,14.898765451540541
T47000logg4.0,36.91228794614208,36.52757118008943,36.18210105795267,35.90928317703325,35.53104630740366,35.191667900060224,34.91674745213591,34.54662918981395,34.215107231459214,33.94029272329034,33.58037524879316,33.25875441372901,32.98642040224336,32.638855749601674,32.329114657307876,32.061526124792444,31.728157944641485,31.431918249112314,31.170997896281946,30.853172790925704,30.571596688192383,30.318849188125483,30.017434532810885,29.75126541270424,29.5078272084542,29.223322415940036,28.973073304686118,28.739721500696078,28.47237067296991,28.238430410405755,28.015613690294998,27.765442981893646,27.547670314309713,27.335954337512128,27.102779169114005,26.900855501553785,26.70059233083431,26.48404714746092,26.299190479749676,26.1088689903374,25.90845557242795,25.739656825591616,25.5597463622718,25.37487989299764,25.2192456482856,25.051913542177846,24.881937297919894,24.73867034268214,24.58380649884654,24.42796770112694,24.296602576948594,24.153531183823258,24.01095261952948,23.890884513057415,23.7588074880239,23.628505329623216,23.518755361444832,23.39704974135346,23.277994051154764,23.178425026706623,23.065545070281303,22.956724172170574,22.86729996775239,22.761618827053535,22.66207412668349,22.581141396232674,22.482719574755965,22.39155559452562,22.317686728977495,22.226448037449018,22.142838198810196,22.07489655008303,21.990590109553697,21.913791103196957,21.850884894603258,21.773164797508194,21.702513529318942,21.643969791243883,21.57243579827475,21.507376555953304,21.4528418745304,21.38685592132773,21.326925102375604,21.27607388779462,21.214999033588093,21.159732480387277,21.112172657946672,21.055501923990683,21.00439331899308,20.959795055537647,20.9070311372481,20.85956549219707,20.817614052270994,20.76826345015866,20.723923312318423,20.684308141619773,20.637889311628008,20.596203562161925,20.55859004838633,20.514656645353806,20.475563333273694
T47000logg4.2,23.572384773853972,23.297523393069948,23.056873527543647,22.86016558132375,22.60128935507049,22.37491023123797,22.184258490043174,21.941135118529907,21.729085044050997,21.545509123839576,21.318310782751933,21.120856231187634,20.945369594485282,20.734216765800582,20.55146900342745,20.38480165031911,20.18947602543611,20.021240316262368,19.863696075426866,19.68363383437047,19.529609597929067,19.38101002364607,19.21546981553747,19.074793192806133,18.93526190490562,18.78351295400455,18.656709876240846,18.524998988350585,18.386408511441893,18.2713201964304,18.148972203621437,18.023001252644764,17.918845125696045,17.80612196939346,17.692310795536443,17.59901157483784,17.495577963823692,17.393552509680568,17.310697643616436,17.21666689757146,17.126111085236364,17.054463069517197,16.968821863882273,16.88942828057768,16.827147118510915,16.751439299703566,16.682849809315865,16.629087026995855,16.563695759883522,16.50542640848844,16.4595326569862,16.404349190971125,16.355749139099753,16.317169526295007,16.271654166972628,16.23193095957393,16.200227125059435,16.163472075240353,16.131762685319604,16.106404801994557,16.077488805306363,16.05292392163571,16.033359783710214,16.011402416140534,15.993214273267505,15.97882737493711,15.962996836677673,15.95046840285757,15.940646340494773,15.93017050071295,15.922557202741432,15.916808650699771,15.911004570830798,15.907566611266507,15.905543455262599,15.903836785079367,15.904235028820686,15.905359865326412,15.907272198211567,15.9112972477902,15.91500136581717,15.920112501989143,15.927163858125269,15.933347928856,15.94126390388734,15.950751238081459,15.959337899596939,15.969676146903005,15.981166941661272,15.99193068732745,16.00430446477643,16.01733351834737,16.03005907082415,16.0440689412236,16.0582649308867,16.0726164456548,16.087859389789088,16.102949837842203,16.118489317156325,16.134585251874118,16.150331056034133
T48000logg4.0,37.84545693200591,37.45330138877052,37.10377503863493,36.81973435375107,36.43508260857404,36.092745317689975,35.80652102231788,35.43088790080097,35.0974737200555,34.81134145709837,34.44685830660062,34.12450289096183,33.840985026436385,33.48988327655922,33.18064694644415,32.90211289768384,32.56622890675231,32.271733077812634,32.00009544309689,31.680658587166988,31.401984731947962,31.138635345634487,30.83632581930552,30.57436793007103,30.320016299283328,30.035143176185514,29.79016011140312,29.5455696486628,29.27820990371346,29.050809272949113,28.81597094101376,28.566004314218212,28.35782395256908,28.131320239277944,27.898449462593675,27.704706825564354,27.491207558809574,27.274997817057457,27.095130372265885,26.89482494887949,26.694749885380794,26.528587444175336,26.341096394201816,26.156583976124896,26.003836852224985,25.828776605686503,25.65920107946311,25.520786185182637,25.356397563678517,25.201031875601565,25.076388905727793,24.92213571558213,24.780118441474148,24.66607209801876,24.523740433627644,24.39408905818549,24.28853024012442,24.15861579350523,24.04030265643276,23.942668174872964,23.82404150856079,23.71605932864414,23.62588312346386,23.517337095009335,23.41872449495418,23.335358295684756,23.235921956457247,23.145757541738323,23.068587277732096,22.97733980677625,22.894799524381753,22.82320306332389,22.73930508939335,22.663728726514435,22.59705090989635,22.519767232689087,22.450541504525674,22.388243428527137,22.316938739555447,22.253401790129814,22.19513141500269,22.129238603802616,22.07067016656795,22.016231128641746,21.955227604624522,21.901451919995175,21.85016387698437,21.79355102561934,21.744506193190784,21.695604118432247,21.642895623464295,21.597874894122008,21.551246685540196,21.50195881241493,21.460153118014535,21.415784108002185,21.36944329561871,21.330201382111813,21.287935332242373,21.244099116572894,21.206886438616483
T49000logg4.0,34.98112967191667,34.614983012467974,34.28974297305037,34.02365523034413,33.66625847239624,33.349395427437095,33.082533005185425,32.735469795602185,32.42875535823953,32.1634467526618,31.828804636842733,31.534259805515585,31.272925774384696,30.952658575829005,30.672021805683062,30.416730099150485,30.11218982374006,29.84662267303155,29.598874632962172,29.31076660760226,29.061063575063514,28.821686915722974,28.550274528861316,28.316821053901915,28.08638199295207,27.831683990402162,27.614500277583712,27.393525466125226,27.155425882649975,26.956693150871832,26.743280183804927,26.521531232422284,26.337123525527506,26.135386759842344,25.92960725576057,25.758667114327036,25.569200059017483,25.37891898474118,25.221334495387012,25.043810708541947,24.868507397249427,24.72406483328235,24.55814707430617,24.397274577218976,24.266937561404074,24.11101903131005,23.96399266930705,23.846955354936867,23.701064173271547,23.567216406227992,23.460261083550947,23.326607088909043,23.205136917120647,23.106695233972644,22.985546788659217,22.8755319188299,22.785179472452842,22.67543383143418,22.57589795676055,22.49313944485719,22.393674427482463,22.30365797269286,22.227886226538217,22.137717384726713,22.056296849632716,21.986921715635436,21.905122503494006,21.831492506966967,21.76786817922647,21.69356975926513,21.627015345446797,21.568488270518486,21.50090044880705,21.440704559506372,21.386749435208895,21.32518423312138,21.27060340299069,21.220882670833944,21.164749894349757,21.11514141804534,21.06935527092014,21.018131229639764,20.97351880321449,20.930791207050035,20.88398674191472,20.84404795742986,20.803895916007274,20.761043361176938,20.72495828752898,20.687421618590626,20.648062790257654,20.61508737747952,20.580134263242567,20.543816014141616,20.51335852587329,20.480805909885344,20.447086052976413,20.418574907932896,20.388234938936563,20.35669822872955,20.329758958624833
T49000logg4.2,37.318429446684924,36.982015230613,36.682558797426076,36.4368845451798,36.10660232448055,35.813196906914875,35.56549887241241,35.242892940096716,34.95713565913398,34.709398243080805,34.396186493276026,34.11973244253521,33.8739200620508,33.571691595866376,33.30601215547799,33.063869964750644,32.77388546432154,32.52012451946866,32.28308230202954,32.00623929911724,31.765392519400468,31.53441707637701,31.27132228378803,31.044043883307484,30.81996306167144,30.57101382008696,30.35776320665894,30.141230520130016,29.90664282620066,29.70949567281306,29.499194474064833,29.278990547955495,29.094685310315896,28.89425297381232,28.688255171506427,28.51619494686015,28.326234211648273,28.134095970209724,27.974377832818845,27.79448835704949,27.61575079134247,27.46816144514318,27.29804568308759,27.13218483376576,26.99914495134148,26.83572500028494,26.682161596817703,26.560976805134317,26.40614134953901,26.264224238766133,26.151187456652966,26.007645919448542,25.876626280633207,25.770471234184765,25.638272026780957,25.5173131143961,25.418013041589973,25.295784497194674,25.18400830159661,25.091105276285187,24.977834267953586,24.874379621744698,24.787314260583255,24.682117365883343,24.586163913713783,24.504400836458395,24.40646868091936,24.31733761574988,24.240295664485917,24.1488931682388,24.065985788133794,23.99310531920366,23.907570821835435,23.830285659812446,23.761126978708873,23.68088408724831,23.608607332296337,23.54287627505398,23.467427236735027,23.39963084294515,23.337059594452256,23.265957334932637,23.20273304896738,23.142501779818957,23.075325636203434,23.01636536820481,22.958086708457714,22.894425822076716,22.838975762501487,22.78271727054698,22.722166152738705,22.66953480280076,22.615304090283445,22.557464588298917,22.507102477376932,22.45477111296335,22.399258746107098,22.35064411037174,22.3000782124931,22.246544003236508,22.199373865655122
T50000logg4.0,34.85823262627345,34.38578808648521,33.92560340470703,33.477778500498665,33.042607945256734,32.62072230148248,32.21369101264248,31.828425766686934,31.454435765534242,31.0588159053937,30.674876679499747,30.302488569306337,29.94150254028755,29.59174716401742,29.253036971845965,28.925205673483017,28.608131498236848,28.301834194831482,28.006711457889796,27.72569089425674,27.46190165808296,27.182931197894074,26.910302018767748,26.646059353931317,26.389941385178144,26.141728049870757,25.901221538233823,25.668265702139184,25.442752533091223,25.224654308600353,25.014122506258428,24.812029757302607,24.618742217600225,24.43016052472429,24.236936139719923,24.04968450274797,23.868240305524616,23.692463862448093,23.522251614466278,23.357531151485965,23.198271338564272,23.044490355554924,22.896293171607198,22.754107178294316,22.61931547073075,22.488755669127556,22.357029333886413,22.22907682320026,22.106024335715368,21.987769554678366,21.87419895608992,21.76519581842702,21.660646727297298,21.560453295102683,21.46455254974872,21.37305464129356,21.287450490331633,21.202577534404224,21.12202013930827,21.042003384016375,20.96532522544022,20.891982673576784,20.821871185928895,20.754885153660194,20.690920835715822,20.62988054761965,20.57167997316094,20.516321503564573,20.464631454770597,20.41402174149165,20.36613206376103,20.31830133087645,20.272455023838326,20.228625596666753,20.186739644089606,20.146730067533227,20.108537992374732,20.07211093219034,20.03740540531076,20.004430204516847,19.97355164732422,19.944235492731565,19.91536145114882,19.887466707424103,19.860273624387503,19.83443209025022,19.809805866650983,19.78634674651985,19.76400955164774,19.742751346601842,19.722530457383243,19.70333587002336,19.68529312641344,19.66861834586462,19.651301320794847,19.635359210006087,19.619306919990954,19.60386865197504,19.58901856931462,19.57471839468862,19.56093269207513
T50000logg4.2,7.045600137956129e+40,7.047613323766833e+40,7.04967931325814e+40,7.051789397308481e+40,7.053920059861249e+40,7.055956087179605e+40,7.058347958984855e+40,7.060809000439186e+40,7.063331784232012e+40,7.065915590587858e+40,7.068559547051079e+40,7.071262487184058e+40,7.074022670915631e+40,7.07683724794468e+40,7.079700906186595e+40,7.082601152700187e+40,7.085443916387095e+40,7.088399192891307e+40,7.091630903212431e+40,7.094930250662424e+40,7.098296951253269e+40,7.101730461660911e+40,7.105229890855456e+40,7.108793800426471e+40,7.11241983626073e+40,7.116103879035579e+40,7.119837628567705e+40,7.123596433637374e+40,7.127401698144239e+40,7.13122756895954e+40,7.135381194806518e+40,7.139607753468804e+40,7.143906409250939e+40,7.148276001038822e+40,7.152714889342033e+40,7.157220694707247e+40,7.161789738964039e+40,7.166415682264664e+40,7.171084796322641e+40,7.175716021053743e+40,7.180325574798333e+40,7.185372193648178e+40,7.190499614079241e+40,7.195699831137518e+40,7.200971394355998e+40,7.206312478664475e+40,7.2117206688837505e+40,7.217192651194198e+40,7.222722967283002e+40,7.228301695783995e+40,7.233903428664132e+40,7.239581435792239e+40,7.245082319944959e+40,7.251085349759534e+40,7.257149764610698e+40,7.263272342279463e+40,7.269449601997945e+40,7.275677688415668e+40,7.2819521520335205e+40,7.288267509562489e+40,7.294616216934793e+40,7.300985449578018e+40,7.307330178064834e+40,7.31355977730675e+40,7.320070263758088e+40,7.326781340425769e+40,7.333528104439797e+40,7.340307637180046e+40,7.347116821172092e+40,7.353952213124283e+40,7.36080980947815e+40,7.367684592578409e+40,7.374569550007456e+40,7.381453176447405e+40,7.388345631972166e+40,7.394897839872645e+40,7.402015388245655e+40,7.409161080951943e+40,7.416323264363989e+40,7.423499846984589e+40,7.43068855099321e+40,7.437886790216333e+40,7.445091479487192e+40,7.452298786001949e+40,7.459504525220291e+40,7.466720556209336e+40,7.473676357863986e+40,7.480745351470975e+40,7.488138034887665e+40,7.495538283601268e+40,7.502944830580248e+40,7.5103562942204215e+40,7.517771119945776e+40,7.52518751236499e+40,7.53260342298137e+40,7.540017174434153e+40,7.547437411237658e+40,7.554810952802087e+40,7.561804636993437e+40,7.569263563914244e+40,7.576832728826406e+40
T51000logg4.2,37.37966680971167,37.01756858334623,36.66319106512955,36.317624253823354,35.98504889072383,35.67340701438491,35.32637659825454,34.98583519951413,34.6519083087855,34.324757008645236,34.004528602349,33.6913975173902,33.385550887280104,33.087271422141725,32.79708702663944,32.51642928757463,32.249389663853954,31.982515028115895,31.705667137843932,31.43536558448921,31.171522068400233,30.914066138070044,30.662943618288633,30.418136257058045,30.179696916932564,29.94781387190229,29.723024498139754,29.509270042210936,29.303214644835407,29.085707501367565,28.873340812396027,28.666541896572316,28.465251391970384,28.269404208013032,28.078944837694543,27.893844328214648,27.71413702051667,27.540009097490127,27.372421457523288,27.21095924472771,27.05296690464233,26.891050841104185,26.733731210465443,26.580965838626163,26.43272188606876,26.288971731027534,26.149699068054144,26.014908351320706,25.884659479755584,25.75928191676778,25.6404123459324,25.524348748038065,25.406646972033037,25.29162198819919,25.18018541047222,25.072222768456093,24.967629353160355,24.866316726136482,24.76822074373758,24.673314578957665,24.581672887511296,24.49478002618763,24.408273637836064,24.326028997767782,24.241574178167948,24.159802069261197,24.08037731403698,24.003212644683327,23.928229039244755,23.855362949775746,23.784573809848222,23.71584701015531,23.649671144464154,23.585945037745986,23.522933422843526,23.45981684642447,23.397274464742928,23.336272131711826,23.2767720391584,23.21874061722928,23.16215021802856,23.106984850298645,23.053228404257286,23.001079123160363,22.951461327592888,22.900640527240924,22.85256128725018,22.802999118963267,22.75445355862328,22.706912887600918,22.660341670115375,22.61470617203228,22.56997998875376,22.526138135901,22.483320162145013,22.44208255399063,22.400686926238517,22.359764048746392,22.31897720924214,22.277658662472515,22.2368739062199
T52000logg4.2,30.995086872818348,30.62394238124944,30.26507320078539,29.91922536769953,29.589334505949658,29.28938261899565,28.955243502135758,28.631986890859483,28.31930944063263,28.01709677483205,27.725190020358852,27.44344249873186,27.171686277666126,26.90981666458757,26.65789113069056,26.41652602547375,26.188959313417723,25.967861245617733,25.737303337857,25.514238445133117,25.29835345405007,25.08937588278625,24.887062172819203,24.691209001377516,24.501685096842774,24.318457673440854,24.141725799887087,23.973344637983306,23.814346295244018,23.6486380452478,23.485168795707636,23.326656121446277,23.172964528139868,23.023966490010036,22.879559020189866,22.739673981384218,22.604302243641293,22.473535414980468,22.347769340870023,22.227918053825736,22.112366983686563,21.993531786029344,21.87830168034753,21.767167200789483,21.66013220798657,21.557196362072027,21.45836023219117,21.363625035662984,21.273008304112413,21.186611925544035,21.105842899144605,21.02740779996603,20.951264550771263,20.876248830584768,20.804661926394044,20.73638390527977,20.671300928024838,20.609312327892066,20.55033390660056,20.494299825367765,20.44116264770761,20.39137415016146,20.344111616226048,20.2993228011617,20.25486132653796,20.21251548160346,20.17242556657573,20.134488624909615,20.098605096626784,20.064682219692855,20.03263782874863,20.002393900293512,19.973964695725805,19.94818742590816,19.922539780153848,19.898115747610753,19.874499835982242,19.852245103964606,19.831320307064317,19.811678802389714,19.79327496391571,19.77606632206294,19.76001218425519,19.745144498607115,19.73196785743828,19.718852608798176,19.70684074837396,19.6949275001512,19.68399320654289,19.673880383690296,19.66454915051409,19.655956574792047,19.64806172354,19.64082187814473,19.634221125262258,19.62844736887576,19.623278705780983,19.617908252589547,19.612759372306662,19.607880521088173,19.603353916329763
T53000logg4.2,35.28171839216497,34.91183857953915,34.55220299545725,34.20318692501507,33.866298834796176,33.54862768123846,33.230760237117856,32.89757050784612,32.57281061381647,32.256442274352445,31.948410645189604,31.64869592487561,31.357272742380026,31.07416864927509,30.799516608998054,30.533752495021407,30.27861573976295,30.041962003770198,29.789084272050136,29.53921976011479,29.296149237551063,29.05971483461865,28.829775077059544,28.60620899289489,28.38894592168223,28.177980752127162,27.973444846354564,27.775805553949482,27.587997359969915,27.406964767213456,27.21745700957812,27.032740057886752,26.853324733403003,26.67909069920459,26.50992090382462,26.345712868070088,26.186397356877034,26.03196535080669,25.882532289656027,25.738717955076726,25.600822737256202,25.466761466636132,25.32902328676395,25.195470403845903,25.066127868177233,24.940968655446593,24.819966692906785,24.703094164998884,24.5903303203091,24.481682479376683,24.37728351980409,24.278854132300836,24.18186273544469,24.087480844303535,23.99325495215045,23.902275037363435,23.814427101242565,23.729609236941958,23.647736744477186,23.5687404096899,23.492576482522814,23.41922122844775,23.348975458593127,23.282189880009643,23.217275859935153,23.151539037572867,23.08762492811979,23.025804493835608,22.96598506002989,22.908081872904894,22.85202182964127,22.797749320099943,22.745232070014886,22.69455754462091,22.646645580398463,22.598475391896006,22.552914184441324,22.506085749643926,22.460703501356278,22.416639102308594,22.373856165856708,22.332320223789495,22.29200397757255,22.25288975147087,22.21498146941488,22.178510120974767,22.143735458647065,22.108715813921616,22.074649023277765,22.040262462047313,22.006859647032766,21.97429112917606,21.942520134959665,21.911509897963665,21.881228990318814,21.85163933703689,21.82286733101177,21.79535449765448,21.767589461063192,21.740341298606623,21.712893497033733
T54000logg4.2,39.214888755787456,38.69127607611624,38.186776565842635,37.70418008355647,37.266652285540154,36.78747962802671,36.31333042471705,35.85333796782316,35.40729306439336,34.975044753066754,34.55653015120663,34.15172763972732,33.76074841147665,33.38398458302833,33.02282547925721,32.68268057741583,32.34801240067131,32.00119278307037,31.665669544041002,31.34106404688604,31.027035685963547,30.72326634129672,30.42949898054587,30.145578999234647,29.871548469145395,29.60799053088789,29.358465675737246,29.118506592597726,28.8666606712492,28.622728518285374,28.386496838414583,28.157761888139845,27.936314750656905,27.721963432970586,27.514564775657874,27.31408393223415,27.120770615051875,26.93775957023081,26.761031024669514,26.578799713945116,26.400225933706565,26.227229326801474,26.059772511742317,25.897831852277022,25.74140079868837,25.590490996855717,25.445155625112957,25.305556730401655,25.1737884919139,25.044798302963763,24.919934809790334,24.794660299615806,24.673997918928052,24.55778134753609,24.445856131974214,24.338081423009267,24.234349117297363,24.134593070614127,24.038817269542626,23.948213598362873,23.859794231693567,23.775218128585863,23.689619638912443,23.607079032608286,23.527548760445335,23.45091100648812,23.377052169274922,23.30586926567163,23.23728465541539,23.1712554659287,23.10846672272835,23.047723719584408,22.988814113943562,22.92894166021874,22.87085201350946,22.814593646674414,22.76011570466847,22.70737225526177,22.65632638205345,22.606953096447043,22.5592501437654,22.513667342487818,22.470004245333364,22.426582832037738,22.383215185916974,22.340536918133406,22.299133541693575,22.25890632201193,22.21981927913496,22.181840752682838,22.14494667588521,22.1091276056433,22.074677520584558,22.0417344906175,22.008258079770364,21.97528143756802,21.94210807675617,21.909610778320527,21.877703053903303,21.846350031286182,21.815525387207085
T56000logg4.2,26.936769919261696,26.692196676950584,26.459587907450352,26.25168042746808,26.018391071378552,25.79034957541776,25.569212853900027,25.354754981088217,25.14685475506873,24.945476415306068,24.750667549522955,24.56256822745027,24.38153941952669,24.20894415977527,24.051612987856185,23.879753130670885,23.712263720783298,23.55016335595173,23.393247585867286,23.241333178011562,23.094266975872472,22.95193767052681,22.814321112355543,22.68157885795383,22.55509755120519,22.43665856436181,22.310615235653582,22.186937564977047,22.06688962079986,21.95039089759258,21.83737321859989,21.727778519870377,21.62157402783878,21.518780842085445,21.41955581308085,21.32514745230731,21.235063250339035,21.141554567223654,21.049569711395748,20.960504103358144,20.874386905900522,20.791262041191246,20.711182980292854,20.634219651372288,20.56046551651997,20.490145261281327,20.423893032492817,20.36097228024005,20.29755072507453,20.236351715657428,20.178128976826862,20.122800186119143,20.070276734858155,20.0204672113158,19.973290404036565,19.928681569103947,19.886806914592622,19.847523301589913,19.810519422863756,19.77367940214359,19.73860465518886,19.705540428007282,19.674417449940872,19.64516606352239,19.61771712088012,19.592005939041563,19.567965063794542,19.545949254325517,19.524957145248358,19.505610238637484,19.486414425956173,19.468376042496477,19.451519598437805,19.435794616910748,19.42116227996546,19.40759290668246,19.395064237197733,19.38361927180612,19.373573778391155,19.36360586393841,19.354990315158982,19.346534752737103,19.338971608661133,19.332248862863302,19.326346267886088,19.321243273254485,19.31692279729641,19.31335177171908,19.31066216908355,19.308883854511112,19.307036545329595,19.306296497014646,19.305777771913,19.30593432085074,19.30665784071518,19.307910909417625,19.309656240361868,19.311856298606845,19.31446568876448,19.317572774093016,19.321159204518985
