id,M_HRD,M_opt,M_opt_err,M_exp,M_exp_err,M_opt/M_exp,R_true,R_true_err,R_expected,R_expected_err,ST,R_expected/R_true,L_true,L_true_err,logL_true/L_sun,logL_true/L_sun_err,Teff,Teff_err,logTeff,logTeff_err,M_opt/M_exp_err,R_expected/R_true_err
SMC X-1,33,18.0,2.0,31.2,2.0,0.576923076923077,15.0,1.0,21.4164283825713,2.53951524844753,B0Ib,1.42776189217142,315419.070772052,42260.2921078379,5.498887947967775,0.0581873874053649,29558.0,1446,4.470675044798936,0.02124601870329867,0.1171040807059824,0.152055048741570
Vela X-1,36,26.0,1.0,35.4,2.6,0.7344632768361582,29.0,1.0,25.5599607980095,2.98509289611713,B0.5Ib,0.881377958552053,396729.453662231,46619.7854461197,5.598494444205274,0.0510340620789931,28653.0,1446,4.457170099784619,0.02191707049286644,0.06625107706727865,0.120677656194918
LMC X-4,21,18.0,1.0,20.4,1.5,0.8823529411764707,7.4,0.4,8.51468489012221,0.951463643518607,O8III,1.15063309325976,79156.0307734173,11069.6247228796,4.898484008672038,0.0607341839517917,33179.0,1446,4.520863292447035,0.018927328154317552,0.08541481414496976,0.127886971180776
4U1700-37,45,46.0,5.0,44.0,4.0,1.0454545454545454,22.0,2.0,17.4195866514551,1.78000633272188,O6Iaf+,0.791799393247960,501427.154383974,65501.3150321475,5.700207849127171,0.0567317893080928,36801.0,1446,4.5658596199936605,0.01706447707486487,0.1443869722264282,0.124991930404654
4U1538-52,19,16.0,2.0,19.8,1.0,0.8080808080808081,13.0,1.0,10.8588861484444,1.42220999156369,B0Ia,0.835298934495723,81089.4616054329,14120.4656889956,4.9089644169239275,0.0756256140961246,29558.0,1446,4.470675044798936,0.02124601870329867,0.13149384992879457,0.145884234616446
Cen X-3,48,24.0,1.0,46.4,5.3,0.5172413793103449,11.4,0.7,19.7719494330861,2.49596683535631,O6.5III,1.73438152921808,584693.8032751073,113645.706370556,5.766928491104792,0.0844129061951204,35895.0,1446,4.555033957669119,0.017495189325312775,0.07229611969179384,0.165159346414719
XTE J1855-026,23,21.0,2.0,21.6,1.8,0.9722222222222222,22.0,2.0,13.4209601267453,2.07093029795373,B0Iaep,0.610043642124785,123868.543112800,29560.0028943152,5.092961029644154,0.103640083425819,29558.0,1446,4.470675044798936,0.02124601870329867,0.12503717498214692,0.163969166860517
