,vsini75,vsini80,vsini85,vsini90,vsini95,vsini100,vsini105,vsini110,vsini115,vsini120,vsini125,vsini130,vsini135,vsini140,vsini145,vsini150,vsini155,vsini160,vsini165,vsini170,vsini175,vsini180,vsini185,vsini190,vsini195,vsini200,vsini205,vsini210,vsini215,vsini220,vsini225,vsini230,vsini235,vsini240,vsini245,vsini250,vsini255,vsini260,vsini265,vsini270,vsini275,vsini280,vsini285,vsini290,vsini295,vsini300,vsini305,vsini310,vsini315,vsini320,vsini325
T15000logg2.0,8125.058305804196,7472.235838118464,6841.486415989643,6296.1844614234715,5799.325919032647,5322.6000332345275,4912.1000641419205,4544.90838027521,4196.5071951982545,3899.765160977767,3640.616727341444,3399.3639997457926,3198.2984676709857,3028.758271468595,2875.9636198315557,2754.0290617898727,2657.5768461101916,2576.518504635382,2518.7823232690166,2480.8844945108935,2457.013804584428,2450.5023369429587,2458.8786948106576,2479.9906876252703,2513.652739760823,2557.9038747963946,2613.2789164621504,2677.163589731362,2747.8638379125155,2827.759195811515,2913.006033130649,3001.9954945675954,3098.5923348544966,3198.233443886048,3299.3813294242905,3406.8821895614533,3515.9481083220694,3625.0411743678874,3739.6000939954492,3854.806013575548,3968.982138611403,4087.9682490377945,4206.87410330758,4323.904826158431,4445.096170044642,4565.663799773203,4683.748794840746,4805.458883644834,4926.265452166872,5044.243498974019,5165.38942950312
T15000logg2.2,8820.524542815612,8210.62288211589,7617.16596222576,7100.595811835628,6627.39512528599,6168.9225562469965,5770.255601068762,5410.442349661804,5064.3942964511225,4765.388059474196,4500.4215151070985,4248.817513018025,4034.3217699556258,3848.831959672969,3676.130757061881,3532.4746927557803,3412.790695143826,3305.1077157530212,3219.897945545328,3153.8726450669906,3098.9292675121915,3061.160813614637,3038.3006994036914,3025.559015538419,3025.66504376426,3036.8734083808727,3056.9196915836683,3086.106626992321,3123.0514093695647,3167.246338536963,3217.697259209044,3273.182995240098,3334.6631448619087,3400.281408275277,3468.9806302276515,3542.6641598163033,3619.108411175482,3697.311391006942,3779.77591852245,3864.095891655953,3949.1784093317024,4038.017285228102,4127.9549234028955,4217.843004793315,4310.928829042918,4404.517090955533,4497.49581836087,4593.065582906306,4688.845719010168,4783.733107432091,4880.572067146045
T15000logg2.4,11709.041457974774,11147.43927736545,10598.909301267584,10119.78384866067,9680.06747844171,9251.68670665367,8877.189260287774,8537.7952081166,8208.761169018264,7922.097445244898,7666.127969251833,7420.15069692289,7207.689469109191,7021.456920160545,6844.765284974028,6694.462305678172,6565.998446674192,6446.469640665307,6347.545304876349,6266.311478632585,6193.289460575544,6136.2032799402305,6093.116426916573,6057.430983292609,6033.8621141805625,6020.998968287007,6014.472498247452,6016.77682072681,6026.922933271228,6042.044405330239,6063.456844880279,6090.398670798233,6121.274456602031,6156.5873550777405,6195.8328616489825,6238.168725628597,6283.762655998713,6332.241550466113,6383.208134001799,6436.652340579904,6492.182902193104,6549.7808644562665,6609.188167397429,6670.050690886712,6732.446341014624,6796.133431550845,6860.902097149552,6926.492880266668,6993.183474352696,7060.850982456683,7128.527003481388
T15000logg2.6,15754.179909653401,15269.503474644038,14794.900882633734,14379.474792270017,13998.07266665743,13625.279894199013,13298.43045652557,13001.80221663708,12712.92741196847,12460.16407002966,12233.75778518502,12014.75802969799,11824.322323243368,11656.389424541469,11495.469586396237,11357.056839086834,11237.392231038646,11124.202389149705,11028.606558538162,10948.237060807613,10873.691584835502,10812.773631614538,10763.977811248367,10720.255502792197,10686.927912788045,10662.977003113609,10643.146291499515,10630.92854734678,10625.74362987464,10623.445385645562,10626.63768720394,10635.007990449676,10645.344898461406,10659.651519648127,10677.940914850753,10697.433201621116,10719.978380751647,10745.796219000154,10772.246567546666,10801.1768110326,10832.872422502805,10864.77086583756,10898.658762768215,10934.954919005333,10970.857571740127,11008.404520358032,11048.25927009296,11086.866740781186,11127.095757145275,11169.76876324511,11210.211832920271
T15000logg2.8,22578.69040845652,22104.38493235094,21639.27401543114,21231.57147672578,20857.08435506971,20490.10242104718,20167.48209502875,19874.169769497283,19587.236729481712,19334.953997294007,19108.048539103303,18886.92435328365,18693.074886800187,18520.8196252134,18353.80801098686,18208.22852430887,18080.640173390726,17957.684494187335,17851.466997945234,17759.921344973467,17672.312573537994,17597.6602299032,17534.782861411673,17475.035415629263,17425.180037274058,17384.577847337026,17346.147956911944,17314.991331835325,17290.9809566972,17267.882776374598,17250.0598864503,17237.729527358282,17225.35561389328,17216.83676780264,17212.825067045243,17207.97024170846,17206.168376335092,17208.376453117173,17209.115681901494,17212.44124857174,17219.47285893902,17224.5309435918,17231.787430841643,17242.60273005331,17250.744560147592,17260.86614976852,17274.683286258307,17284.816242012632,17297.057500430157,17313.36472172738,17324.827397146037
T16000logg2.0,9877.140813227274,9181.026356675486,8515.633334989152,7946.744055689579,7434.939522584469,6949.953889226864,6537.979165428343,6175.363667841441,5836.659868030033,5553.458323258817,5311.749039827948,5091.8398812015985,4913.88213003909,4769.55256190949,4644.794714630073,4551.181853448458,4483.734713925449,4433.632441498762,4406.224487666432,4398.395836861569,4405.967836161854,4429.774924732456,4467.584781885002,4519.16919694412,4581.9257979016775,4654.0574199979565,4738.069938609301,4829.118424858054,4925.528976833594,5031.607870322394,5141.485431777529,5253.508220986732,5373.384043974635,5494.79931921119,5616.073195425421,5743.873007039476,5871.832155573103,5998.221822129574,6130.2584967695475,6261.692440374629,6390.625218573354,6524.509920177073,6657.209104043527,6786.684538495802,6920.414353582154,7052.58087629162,7181.0209556939635,7313.24301793907,7443.753820498345,7570.260230573096,7700.266398780886
T16000logg2.2,9256.225726620918,8510.196893746883,7787.392971476712,7161.284542954525,6592.3842909843,6043.388897534814,5568.352488996255,5143.343495695345,4736.225024646578,4386.384652243058,4079.501313068646,3789.4191386734956,3543.782442094992,3334.040919464563,3139.87158125152,2979.8550883674634,2848.9358676370193,2732.212948220371,2641.418931413234,2573.4965050327714,2518.3979857638005,2482.754291382983,2464.5877816577313,2457.945259802095,2465.56443257396,2485.9385735071073,2516.278507440648,2556.462485971587,2605.299371704548,2662.2536427564983,2725.6696174724384,2794.4856860827736,2870.0088841308384,2949.5652939116962,3032.203236141044,3120.442968075127,3211.1476227453695,3303.355425302795,3400.4423998752254,3498.96085731833,3597.80044966632,3701.0360626975325,3804.833141713004,3907.984403510092,4014.9880997071464,4121.876410010837,4227.425816633331,4336.3008525230325,4444.712013049942,4551.387296462268,4660.878398311616
T16000logg2.4,10773.06278276059,10101.70075205006,9447.894459895944,8878.820267491043,8359.982520192372,7855.971168709723,7417.000741760143,7022.069412805186,6640.375056719626,6309.31275976871,6016.255081716678,5735.711351033542,5494.780286486872,5285.894030497663,5088.739794503463,4922.394654956452,4782.379443733179,4653.168613976809,4547.6846112762205,4463.236258883683,4388.57263955,4332.003160114586,4291.859746751656,4260.460975572902,4242.611636484993,4237.096291727511,4239.07644976452,4250.70079607734,4271.133915074521,4297.546379932061,4330.637254145231,4369.754572420079,4413.734851455552,4462.252324367871,4514.854838656243,4571.419098629,4631.146129745758,4693.638484583725,4759.497669203184,4827.591004332287,4897.433698566211,4970.279979336991,5044.556151635654,5119.754444225192,5197.48265544598,5276.002714315148,5354.891834857589,5435.710767058494,5517.0309123924,5598.457343125655,5681.141397883544
T16000logg2.6,14291.064038123828,13673.132526030398,13069.507541063393,12542.654488719072,12061.71454211088,11592.658599536675,11182.586227479744,10812.747040079274,10453.304120016395,10139.771003898368,9860.922594244483,9591.775392920968,9358.577036229353,9154.654669388687,8959.72242332038,8792.809570967695,8650.037054468461,8515.439294665717,8402.5122887067,8309.004884655511,8222.773386082205,8153.152987459397,8098.858615255229,8050.878720535424,8015.442686527735,7991.710172829215,7973.1951220556,7963.726818631823,7962.888935130349,7965.912360543392,7975.342660199534,7990.999111525206,8009.541016966655,8032.597628802712,8060.271888036403,8090.025699952739,8123.1146336699785,8159.77228810562,8197.973421466433,8238.725218535143,8282.249227951164,8326.994874645672,8373.60443902323,8422.368901712116,8471.876008158737,8522.722285617203,8575.386273783168,8628.088256732366,8681.96417815631,8737.594903975125,8792.436458259746
T16000logg2.8,18925.487756419265,18376.53453980127,17839.06069942656,17369.099195225746,16940.191159929902,16520.72345687179,16153.174399883972,15821.609151267594,15498.21362739054,15215.224260793339,14963.218482911281,14718.74209065028,14505.870230923212,14319.117825790663,14139.228598782614,13983.943671061374,13850.178682564501,13722.499819273053,13613.82477330509,13522.484215287326,13436.393263045802,13364.8408583512,13307.012462299486,13253.489052234157,13210.925597156058,13178.918139204174,13150.205034610271,13129.380212192495,13116.47075861867,13105.568125630374,13100.253691515758,13100.824320621861,13102.481694285305,13108.10885699406,13118.353456796156,13128.905295499015,13142.471995738191,13159.906035079031,13177.10098728728,13196.71316241049,13219.657559304113,13241.993820776115,13266.220584216351,13293.41444826345,13319.440132830996,13346.999132870995,13377.44409525734,13405.879161830664,13435.838953936089,13468.844809093891,13498.858956506523
T16000logg3.0,24716.94883217287,24232.241425072098,23756.916555187647,23340.832282964762,22961.45282177066,22589.711042317103,22263.52463948658,21969.49866429148,21681.994174126143,21429.900319102522,21205.452162273985,20986.91446151394,20796.00173990335,20628.33506076161,20465.908540102668,20324.90098136731,20203.00393576004,20085.59447102769,19984.664425289182,19899.113776122416,19817.23149247074,19747.8872040138,19690.737989570745,19636.317854101922,19591.287880690325,19555.67674443517,19521.820549072552,19494.65607666832,19474.647664636388,19455.139497180164,19440.316836754155,19430.936652816126,19421.133716174438,19414.624170245515,19412.575584708844,19409.281656290597,19408.528306253225,19411.75622114162,19413.119357894295,19416.596688417372,19423.76458565667,19428.593596730265,19435.166536071727,19445.30083834716,19452.40758241752,19461.06134253791,19473.43068676884,19481.786702634796,19491.835304100783,19505.97137854816,19514.977487194134
T17000logg2.2,8989.369788320751,8242.47052619294,7522.968048484517,6903.465897685817,6344.184126556426,5808.434390551223,5348.57211556747,4940.835309224288,4554.187182511603,4225.78797113117,3941.6498676575548,3677.0953485525843,3457.1671147079683,3273.6409356373065,3107.9539133320814,2975.939219250074,2872.804825212627,2785.611494364268,2723.4007387107413,2683.3112873667283,2657.3753486754877,2649.695461095652,2658.3891139177194,2679.68224644426,2713.9402670394993,2759.688146672529,2816.268813699522,2881.392865843318,2953.7920963533147,3034.9764932013686,3121.335076084456,3211.6711401164916,3309.2277070448445,3409.609487292198,3511.6458270758676,3619.731689910462,3729.1712413184828,3838.7362911570667,3953.626480609714,4068.9620579712464,4183.337343536309,4302.522163658382,4421.398975902516,4538.436362789224,4659.717617485619,4780.137641529836,4898.09172850815,5019.818315985589,5140.421486473022,5258.19476334983,5379.346180845367
T17000logg2.4,10159.766109594295,9403.202890630275,8668.85942737328,8031.85127245165,7453.484514454872,6893.653899402634,6407.955221910996,5973.172836121929,5554.736370844777,5193.58792630765,4876.019152421345,4573.6958219750195,4315.817480457269,4094.331483810694,3886.898354043826,3713.651294735929,3569.9647477404906,3439.0046369412767,3334.0477139289424,3252.4255935752926,3182.185021696977,3131.520104903847,3098.8440850726065,3076.282332093195,3068.1725180041412,3073.358137952692,3087.2192500535134,3111.1529542724447,3144.3433334781994,3184.504747125376,3231.428435070577,3284.4511299735964,3343.1962423388254,3406.338840630631,3473.3589736758054,3545.119384766318,3619.7596617313698,3696.7559323653636,3777.895535946311,3860.894674407045,3945.093211629104,4033.0825493527814,4122.052788511436,4211.273657025327,4303.8382030362745,4396.6944611370345,4489.138366569401,4584.4165226307405,4679.650498764963,4774.109327380241,4870.856464045983
T17000logg2.6,13129.57946039579,12404.289785707755,11697.293683059432,11081.625520404217,10521.655873556721,9976.623059655132,9501.24316964934,9074.233782660978,8660.089254463886,8299.816460527247,7980.95453848166,7673.947209942959,7408.856858353913,7178.489832153903,6958.999624756442,6771.955106629733,6613.34586602729,6464.524182377892,6340.597488269409,6239.387589739082,6146.837377684522,6073.225481071844,6017.426551537744,5969.1504140523375,5935.059617240008,5914.438130273474,5900.1100338532315,5895.876703113462,5901.42686549961,5911.802738305454,5929.211998461012,5953.547967020833,5981.675838521883,6014.647328472208,6052.590678506469,6093.479042827604,6137.812704722601,6185.784966986776,6236.197013125467,6289.101730045021,6344.616857862655,6402.321233846301,6461.679855691886,6522.821586461987,6585.749194434411,6649.673367826399,6714.852625782286,6781.229531950197,6848.327847418325,6916.455328450559,6985.089203927721
T17000logg2.8,16824.832974133402,16179.76943713918,15548.910852107574,14998.084612265222,14496.934294665443,14007.401810906982,13579.14299088821,13194.194862771827,12819.216441857774,12491.729034880878,12201.37488026351,11920.170420618382,11675.96206332939,11462.923675782387,11258.199289382721,11082.13779858613,10931.65220777557,10788.537488526597,10667.43824775759,10566.83398944526,10472.591130808472,10395.104224103354,10333.775406179759,10277.733342988857,10234.263403090827,10203.114812790503,10176.164645570152,10158.181465621134,10149.320099023827,10143.338784878268,10143.653149490954,10150.650687315607,10159.622726429001,10173.000920990498,10191.473445627222,10211.142988901682,10234.061920359973,10261.044254245367,10288.737590606515,10318.908789231318,10352.361908181465,10386.277444994072,10421.985416895326,10460.387098058614,10498.816682512677,10538.524259615988,10580.62731566378,10622.061415163425,10664.633466962985,10709.576222014777,10753.0227134935
T17000logg3.0,21937.71421045362,21360.966961893228,20795.37262700695,20300.401148440764,19849.915241763538,19408.592532156494,19021.559153871356,18673.503666576697,18333.28335037676,18035.226867417423,17770.671124424567,17513.26030719559,17288.709902761133,17092.319894896573,16902.33180629374,16737.796174515508,16596.394286584662,16460.51780801928,16344.169613783166,16246.400417418788,16153.210715925234,16074.85026925233,16011.198723683257,15951.07362869933,15902.0538686419,15864.33112376118,15829.118883642614,15801.79806065614,15782.977588012074,15765.408285394049,15753.365966653548,15747.715312462178,15742.431533187153,15741.010209103075,15744.678114091048,15747.914629668343,15754.044400714998,15764.490210467473,15773.967589416121,15785.724705130573,15801.249934396083,15815.488187052644,15831.464477531701,15850.846508465518,15868.40984923519,15887.346719635869,15909.622817811312,15929.248924836324,15950.249993157888,15974.770226643173,15995.675185573547
T17000logg3.2,27550.17711662184,27056.58928499431,26571.667053621513,26146.735557904794,25760.19654193081,25380.906104174028,25047.939795397742,24748.83534217313,24456.029791765675,24199.269275083494,23971.684427675304,23749.83654139765,23556.063947475268,23386.829113076903,23222.653552348213,23080.165039131833,22957.825324601064,22839.740594207542,22738.233517642828,22652.911030879877,22570.97012450406,22501.538444829348,22444.924309507227,22390.65375670612,22345.653913776434,22310.508447182878,22276.72030263858,22249.412569856744,22229.574459390173,22209.83112053214,22194.51980752315,22184.89565414266,22174.43842441767,22166.992758120556,22164.221272811337,22159.742648361287,22157.51023616733,22159.438328869503,22159.01347943455,22160.39947196881,22165.6329910316,22168.06259337884,22171.922218442738,22179.49017289362,22183.59294405721,22188.91884273354,22198.103546947408,22202.854961697878,22208.967523421252,22219.308270052625,22224.12515511946
T18000logg2.2,9000.549151438656,8332.303088979676,7694.218680352401,7149.780628308838,6662.289489051118,6200.934667655614,5810.0686598640195,5468.01018912743,5149.398539910268,4884.318576242958,4660.145325596329,4457.548887649593,4295.310334404677,4166.0448127675945,4056.114722694673,3975.8575949823025,3920.946555507045,3882.9429264553664,3866.221367533127,3868.1661055007667,3884.896202978022,3916.5788033266745,3961.376503312262,4019.224796850623,4087.140317937347,4163.62333006568,4251.255390499855,4345.003045682715,4443.436183730618,4550.872772217158,4661.412632958473,4773.623029009424,4893.137750344938,5013.727052308815,5133.899422725678,5260.176851087294,5386.357273401787,5510.858483345928,5640.776843062076,5769.973747983224,5896.673082595398,6028.236867089403,6158.571456406424,6285.764171560294,6417.230109225832,6547.152562270756,6673.501581492476,6803.7026640116255,6932.26992631502,7057.029618674312,7185.356483205552
T18000logg2.4,8625.188667219687,7911.367271241691,7222.399198689773,6628.332151831765,6092.466360806379,5577.343605105928,5133.868061695934,4740.339638094342,4365.1787006463355,4045.0005359137676,3767.2100288387783,3506.5854775320076,3288.2460132165834,3104.9004417080882,2937.3039366483645,2801.775026687988,2694.1754609909253,2600.681663998181,2531.106743441071,2483.083768970367,2447.5613934348285,2429.6308189351685,2427.840188262233,2437.114807519909,2458.9962470942924,2492.354922893415,2535.183498420162,2586.4135504697306,2645.124353380864,2711.46675277385,2783.0641695004497,2859.0830149850194,2941.401496791969,3026.814635753275,3114.5413694914982,3207.570449961149,3302.3664889207685,3398.074579398274,3498.528172615246,3599.8955371464785,3701.1425024980513,3806.7795910060677,3912.579061664012,4017.399128862494,4126.153994605874,4234.493658544401,4341.249354500762,4451.480067121544,4561.035400711295,4668.671400731335,4779.330941891955
T18000logg2.6,11313.132740387284,10565.62431974906,9839.265718017248,9208.721963614647,8636.89324426258,8082.351538633115,7600.525745044849,7169.4003909388875,6753.249679908661,6393.15642145803,6076.323110826851,5773.348984120351,5513.813035198842,5290.360128070089,5079.601065352388,4902.230659206424,4754.164961463837,4617.477731850072,4506.167191104941,4418.019373467969,4339.924244846735,4280.933930967698,4239.878907845581,4207.621711263591,4189.50409607524,4184.7289124598365,4187.399789749561,4199.947750760698,4221.92214193261,4249.753100347959,4284.2737628598115,4325.203170016054,4370.861834712978,4420.960659048062,4475.390597618411,4533.6536109748395,4594.933044085293,4659.124170782179,4726.647802450843,4796.224272057965,4867.625535980256,4942.109064356807,5017.798654429567,5094.427210538444,5173.760406210495,5253.635781919696,5333.855009142733,5416.275360621362,5498.947455978507,5581.668715659931,5666.014592981787
T18000logg2.8,14801.211752117522,14091.944120907447,13399.851631838805,12796.88649354757,12249.553629727105,11716.147132554257,11250.60861638881,10833.255355668436,10427.765540170329,10074.659784233183,9762.700179431939,9461.598113832733,9201.157008991635,8975.122358371325,8758.943021402534,8574.1346257021,8417.433830432512,8269.470739514472,8145.481028423125,8043.899186974384,7949.899216906188,7874.060443850743,7815.793762412429,7763.939081675362,7725.643261815278,7700.6379059560495,7680.870197223793,7670.689840091858,7670.208586245054,7673.578961641761,7683.60448903784,7700.600149598408,7720.502570266707,7744.98501470805,7774.612089533262,7806.346984002827,7841.371477302236,7880.310238340138,7920.90580389824,7963.90901728176,8009.879728452821,8057.321909863621,8106.386987120938,8157.673624372679,8210.071015879548,8263.483045499448,8318.667776647651,8374.374585673542,8430.873580516714,8488.987482296068,8546.915570702955
T18000logg3.0,19346.849486801555,18692.25716507128,18051.37535392574,17491.44079072631,16982.867709971237,16485.455049098375,16049.986278745917,15659.282709998259,15278.034625728882,14944.704171109399,14649.696005209375,14363.266497268936,14114.063007087689,13896.96666648542,13687.544080863121,13506.8555482112,13352.461402910856,13204.72258484732,13078.959487680027,12974.247634538055,12875.120241389346,12792.641690484495,12726.776459108118,12665.351688256384,12616.36951798119,12580.070116371104,12547.137737700848,12523.00940693511,12508.32372270984,12495.719804500639,12489.252186518923,12489.786957120345,12491.52534228029,12497.519324027888,12508.947752108012,12520.79361895502,12535.76203475334,12555.155913925639,12574.50057997184,12596.210698421744,12621.589988880829,12646.721312956703,12673.546675156345,12703.487333301726,12732.775362796447,12763.261162710165,12796.609375807464,12828.616241759964,12861.710550165786,12897.684270484602,12931.48884299565
T18000logg3.2,24693.403875049724,24097.728293118747,23513.036485743003,23001.130795509693,22536.147218492526,22080.178452617012,21680.16517293426,21321.33773940465,20970.189787327763,20662.43683659579,20390.070789654827,20124.65806806717,19892.98251642307,19691.023540730315,19495.198644533968,19325.397081105835,19179.97156261514,19039.72466251573,18919.348434705804,18818.538722858506,18721.903362364785,18640.27409363633,18574.142926459863,18511.037724225476,18459.089669634388,18419.02796623996,18380.968760195738,18350.736778263366,18329.45890705709,18308.915607545554,18293.761269783383,18285.368602608647,18276.81630722699,18271.95021339935,18272.508195306655,18272.06765709805,18274.328880884157,18281.207438639693,18286.545682197677,18293.956765440205,18305.412030398507,18315.04316402029,18326.18568460337,18340.997698179028,18353.487530509174,18367.11125696645,18384.338634541335,18398.440218259362,18413.67993765086,18432.709307124882,18447.67077059485
T19000logg2.4,7811.892170645296,7148.851103463059,6513.106993041296,5968.545468103438,5479.930382644263,5014.35033402071,4617.253514756761,4267.916264477021,3939.177041880813,3662.707566691923,3426.5079563060694,3209.5321870798934,3032.37944249289,2888.0724108109744,2761.2502513966656,2664.105211868254,2592.609310398555,2536.520211236822,2502.013822467761,2486.73028405548,2484.920663539895,2498.514809821845,2525.9648259821633,2565.2617143155926,2615.183698657228,2674.482649735912,2743.8801098817466,2819.9825693465937,2901.6565081233807,2991.4606202586356,3085.0332552045943,3181.272900635242,3284.163271934901,3388.8634511983764,3494.256611204664,3605.256484371098,3716.9333663228995,3828.06137473394,3944.2462453843873,4060.444247245497,4175.233391687009,4294.690102067011,4413.580390160039,4530.354514271222,4651.329818184447,4771.330389000748,4888.731040351269,5009.929125314033,5130.005815290472,5247.220199678475,5367.876943076611
T19000logg2.6,9498.015408633853,8780.488470799644,8086.426072086327,7486.647011623045,6944.778284582484,6422.163635721474,5970.666245345601,5568.792304120443,5183.721148741784,4853.244170755798,4564.914707720549,4292.223211625187,4061.6295781593553,3865.959895363343,3684.6063938758325,3535.3163349458364,3414.0704657869123,3305.591221710941,3221.168673597505,3158.5803355722105,3107.239911156541,3073.7330337620074,3056.803341263847,3049.742398374828,3055.6243460535793,3073.527658764417,3099.8287660984843,3134.9229134649677,3178.145383719018,3228.0487899678824,3283.646281596592,3344.3976775524898,3410.5965125724106,3480.35425572695,3553.2351588394404,3630.630081166333,3710.2745295429163,3791.678431788348,3877.1099457698115,3963.929722707045,4051.488790675997,4142.80828037649,4234.7505821404275,4326.589195949421,4421.805408068999,4517.055234238498,4611.630936865289,4709.132686080445,4806.416792818092,4902.732180417193,5001.478697743473
T19000logg2.8,12283.871979294567,11582.144525021331,10899.97345675944,10307.852897149505,9772.10694485073,9252.143561920433,8800.290612886365,8396.863807594607,8006.964440185935,7669.434704715515,7373.079262144533,7089.191657966673,6845.805214104512,6636.679089977527,6438.923481127841,6272.221321478052,6133.280874229464,6004.44462364815,5899.1372616071285,5815.734921588008,5741.162795683387,5684.246677700838,5644.2826021793635,5611.917255663987,5592.568742849303,5585.820652790816,5585.410631278038,5594.03888302364,5611.59983531552,5634.015675014914,5662.53387151974,5697.210567918776,5735.725463563304,5778.30798444414,5825.190581502379,5875.096393862852,5927.814710004831,5983.580071577159,6041.947894473568,6102.284390797403,6164.712556213115,6229.562150276945,6295.616017182684,6362.983187810489,6432.427757772128,6502.480565782472,6573.352325808278,6645.783346397583,6718.597030113058,6792.019395502554,6866.385361376718
T19000logg3.0,16512.982941719347,15830.448869560953,15164.028196410934,14583.332011786744,14057.173980486406,13544.013212356662,13096.044846818522,12695.236094964952,12305.414573574844,11965.823429989858,11666.43345374587,11377.053891955213,11126.592513846503,10909.692683127025,10701.801928930703,10523.84367851002,10373.241719020452,10230.513683456224,10110.566414302577,10012.389303465616,9920.923972258452,9846.63622949161,9789.40511237,9737.690670824451,9698.737882447722,9672.673042102855,9650.998417911622,9638.2751808625,9634.981367499693,9634.739136229346,9640.655881875979,9653.40579252204,9668.304849393831,9687.412047691607,9711.656976013086,9737.27013588131,9765.905758666111,9798.553543430187,9832.150110848761,9867.968992549362,9906.945917926354,9946.721380667108,9987.995348402897,10031.76583483025,10075.988957306834,10121.162662120592,10168.470723088865,10215.633044015403,10263.581451992439,10313.580621699719,10362.708572924326
T19000logg3.2,21253.207127757836,20615.65617266334,19991.06279328104,19445.249200305792,18950.360824391835,18466.04987297921,18042.0307880475,17662.44179286654,17291.824586562434,16967.829911251338,16681.891669361532,16404.10340207157,16162.487839595715,15952.743054960985,15750.251330915831,15575.601589742826,15427.019697484544,15284.661143169677,15163.513673959751,15063.210094319516,14968.046418568621,14888.86483540263,14826.115376062613,14767.31303089388,14720.371582893227,14685.941973767029,14654.412341824269,14631.173606406295,14617.237036516628,14604.920132959662,14598.286671986854,14598.56094190761,14599.574032413977,14604.450020300388,14614.720447302998,14624.908763123425,14637.878965681031,14655.277770838495,14672.127036085447,14691.046863008416,14713.681067187312,14735.573915946705,14758.891690465292,14785.410044756483,14810.788582023633,14837.131810819075,14866.47206238087,14893.98514859586,14922.387396469387,14953.846870028163,14982.650943345832
T19000logg3.4,27654.46927418731,27062.207010653576,26479.73158777915,25968.986193045872,25505.335146837166,25049.726729538168,24649.382612336984,24290.533458886905,23938.498317748687,23629.370944561662,23355.990681631094,23088.75589931067,22854.88076032521,22651.073192799973,22452.61111071504,22279.86042813324,22131.82430038466,21988.20097985703,21864.19098545509,21760.071562792487,21659.361036841216,21573.43029922667,21503.325130079662,21435.457021393253,21378.57286693724,21333.886154263197,21290.473682593234,21254.733358707483,21228.26465058192,21201.865292396746,21180.72490063223,21166.681021998418,21151.84326957877,21140.577354673253,21135.094474240144,21127.964574392034,21123.437834072978,21123.894911991836,21122.179676179014,21122.441888912097,21127.117948663392,21129.384417350462,21133.061495104423,21140.78480557982,21145.645969054207,21151.537024376066,21161.41405380596,21167.668505705635,21174.950185567996,21186.40716474668,21193.346731580994
T20000logg2.4,7293.979261359321,6733.146677066217,6200.076841339866,5747.729362079121,5345.609430422833,4966.860389260105,4648.053105519866,4371.532381062994,4115.899938649129,3905.5828592378703,3730.5631092628973,3575.1014610775665,3453.8666367394644,3361.121127404544,3286.267777108012,3236.487917114038,3208.4953716838254,3196.2034877848782,3201.6202357609754,3222.8173817026473,3257.6583249023915,3304.634358856882,3362.4007479655884,3432.092405353395,3509.6542424449203,3593.9261594735285,3688.3159159924694,3787.1793542163887,3889.3437773489945,3999.685030153319,4111.987657859842,4225.015563794345,4344.721248629298,4464.764561022063,4583.821131947681,4708.520443058876,4832.713116719676,4954.922618860704,5082.255518502604,5208.668290901989,5332.461852516209,5460.980630012528,5588.210946273406,5712.306833226934,5840.654705922104,5967.4808828219875,6090.825101742361,6218.040572944225,6343.696731909003,6465.691332582154,6591.255643630811
T20000logg2.6,7655.705061439301,7017.381097379893,6404.209157431741,5878.106585982297,5405.956722418691,4954.417016146865,4567.951595700947,4227.241208002739,3904.724883998755,3631.8794874201676,3397.633972614023,3180.437994336929,3001.2645174571267,2853.767000569002,2721.915185838631,2618.5973454636296,2540.225177869042,2475.6624689543446,2431.986277466164,2407.1807655710613,2394.4182885223877,2396.6807638942623,2412.7360662535707,2439.317981748697,2476.395388804517,2522.9966716882695,2578.541589398554,2640.8420215650312,2709.061057939138,2784.434941683708,2863.7868261879134,2946.3293956828043,3034.717294669047,3125.2493038667844,3217.155976233602,3313.992821939058,3411.9284375828734,3510.088056111785,3612.738642003663,3715.8581192095357,3818.380152811268,3925.118018746441,4031.749055916573,4137.094065699658,4246.269216960425,4354.913105532549,4461.809525329229,4572.1305407133605,4681.776639164193,4789.440734063224,4900.114549610875
T20000logg2.8,10125.834276922596,9460.804526836297,8817.356412880828,8261.396132117849,7760.088656901617,7276.151212589093,6857.911186687952,6486.216890705733,6129.511740683497,5823.125849638429,5556.162443528879,5303.123256286367,5088.86389372827,4907.25498887969,4738.410290860268,4599.081840739753,4485.94964617064,4384.1264414819325,4304.389536947649,4245.018248177338,4195.514962419694,4162.337617469134,4144.62138248182,4135.453831949795,4138.11570402184,4152.0106243886585,4173.108710789844,4202.230597786448,4239.017598186676,4281.43634538235,4329.062325524462,4381.653616909004,4438.767156417834,4499.1773939185905,4562.760453553382,4630.03630614947,4699.476784637519,4770.913766712998,4845.646988698082,4921.808555800636,4999.083270102133,5079.460154993727,5160.587757029657,5242.096144046722,5326.367494928487,5410.870036844307,5495.284322226584,5581.995739411582,5668.753436456963,5755.213025723114,5843.426112066637
T20000logg3.0,13496.394057448097,12843.871953570115,12209.373237112553,11658.727947238294,11161.458993637609,10678.632014935942,10259.08227723166,9885.238191504217,9523.673622628796,9210.667367790846,8936.450861504489,8673.53588818172,8448.126524678473,8254.961009458848,8072.08059856,7917.9006275558595,7789.8112145543455,7670.787278830712,7573.430067726478,7496.6150907597375,7427.626841508521,7374.81504140723,7337.870458821396,7307.53086135636,7289.058558661714,7282.362693703332,7281.084710160627,7287.981827463645,7303.242927381187,7322.51472136367,7347.259143115023,7377.816477604324,7411.4257747949505,7448.659869927589,7490.043058606857,7533.699947452512,7579.883445456105,7629.123995721382,7680.259090369329,7733.193386909815,7788.357875776167,7845.268038913785,7903.302370310431,7962.902707613451,8023.915257767468,8085.537526350335,8148.342557069443,8212.021012029987,8276.153107491957,8341.347405434344,8406.763779758841
T20000logg3.2,17534.600407750913,16909.383565071526,16298.967982230468,15767.35075427894,15286.718736782386,14818.101511052753,14409.380919560996,14044.730837108062,13690.301591346168,13381.997412087716,13111.257509643954,12849.880120286263,12624.189204173023,12429.827826491033,12243.91248049476,12085.367485440582,11952.301190255193,11826.594260190659,11721.625840613691,11636.86997992794,11558.354267450552,11495.370570501724,11448.155298393956,11405.994958771054,11375.270837519669,11356.39108300325,11341.47832798841,11334.467885695956,11336.071948908748,11340.325226297335,11349.907006173506,11365.693664064276,11383.224046024483,11404.306963701274,11430.057910675569,11456.756792189013,11485.960566651214,11518.841501883911,11552.247519833198,11587.468477407834,11625.626428376167,11664.141493605077,11703.838950534175,11745.91600794574,11787.984300260228,11830.771839874402,11875.675217784958,11919.94797801054,11964.845714535206,12011.853639196908,12057.479356034906
T20000logg3.4,23370.33150937832,22778.9560742016,22199.004045316608,21691.89944197652,21232.66080656959,20782.807075491073,20388.78115438041,20036.610207268746,19692.414439311753,19391.402071015902,19126.279750886944,18868.41752921216,18644.051277314393,18449.76643339251,18261.92838964979,18099.83974969941,17962.358971999176,17830.34974083405,17717.900192549987,17625.122489869744,17536.784996605864,17463.128851726993,17404.99080785091,17350.13147639623,17306.121739703434,17273.936984964086,17244.044742796763,17221.672420927975,17208.129289336426,17195.64692647784,17188.264920867336,17187.483953262035,17186.889119469313,17189.70929326762,17197.75068990239,17205.14147893438,17214.969185403283,17229.15591979732,17242.217065945963,17257.084707789425,17275.688968382885,17292.97390220863,17311.490042379417,17333.311793380963,17353.412424303508,17374.343838383116,17398.451377205936,17420.151972536416,17442.655525221522,17468.454236521553,17491.025682495838
T20000logg3.6,27845.34194740342,27292.738661618612,26749.499320163053,26273.529914357994,25842.337351453432,25418.973015306405,25047.46218183134,24715.467562109894,24390.259791097993,24105.342722936886,23854.53223192876,23609.975900613008,23396.74679870514,23212.239968501068,23033.287578850162,22878.451067903672,22747.217289490476,22620.66707093882,22512.453016193253,22423.205767061234,22337.69404446886,22265.926298443923,22209.199963620755,22155.046681694446,22111.01737540581,22078.509735479354,22047.6349294409,22023.71437491512,22008.47401291781,21993.651896112347,21983.477717277143,21979.87538440315,21975.800823763926,21974.76460205846,21979.025215968668,21981.901736526517,21986.907711826287,21996.43323628127,22004.01783973109,22013.14623294165,22026.236353814358,22037.126570306806,22049.015138611525,22064.500090898124,22077.325518900645,22090.793323793627,22107.806529315178,22121.40570082505,22135.657467422512,22153.641806564923,22167.31951937603
T21000logg2.6,6650.774249858519,6079.003978443601,5533.289245935498,5068.154537939632,4653.055988400414,4259.30234608483,3925.2634358797027,3633.2287415349747,3359.9966475462234,3132.0215364520045,2939.2461754044853,2764.1106773275988,2623.4209558523967,2511.4212329529596,2415.6833521754425,2345.517325859624,2297.668510298502,2264.1556418080622,2249.0334711752653,2250.456811702842,2264.355228436856,2291.169094393026,2329.71054915938,2379.157816949646,2437.3245225435753,2503.22239691582,2578.394534957191,2658.876219113603,2743.723539167994,2836.045338007669,2931.1545818800273,3028.09078679314,3131.1584865350233,3235.3885960160037,3339.780264475879,3449.3846743487584,3559.2864857401473,3668.335681690531,3782.165224977461,3895.815680511105,4007.9187249577444,4124.50888771909,4240.476816713442,4354.317397917694,4472.252665475956,4589.253669085917,4703.73903256063,4821.94422736,4939.1392731359465,5053.626456773589,5171.472446575022
T21000logg2.8,8231.940486377807,7627.259688324532,7045.699457596895,6546.2299738900765,6098.211505953815,5668.672944647882,5300.183481416542,4975.031562724076,4665.882645854909,4403.216034606312,4177.037874236992,3965.820736915084,3790.258105113925,3644.737275295092,3512.999870733858,3408.1245219562347,3327.049024349529,3258.13092355221,3208.9630657093526,3177.932300654321,3157.4551756187066,3151.2636267586063,3158.4804576683196,3174.8483579688695,3201.284111603353,3237.1306314210074,3280.710995155437,3330.8566811463206,3387.0521256695747,3449.3599245374867,3515.650883218468,3585.466583223674,3660.2284994878473,3737.2789442439957,3816.2089721552666,3899.26199566181,3983.6597091469357,4068.897731036668,4157.897348556303,4247.670652425838,4337.533098149851,4430.96267285394,4524.6211660652825,4617.735845366592,4714.088704936891,4810.262858488492,4905.488331271725,5003.533129896652,5101.281453152679,5197.902570716463,5296.866817359426
T21000logg3.0,11191.277792582285,10579.001644353713,9986.366611689033,9474.273959389124,9013.099924737924,8567.579205602533,8182.4085315299435,7840.49315412638,7511.9916714584815,7229.669050476172,6983.962583311672,6750.732878014803,6553.103941154565,6385.833278383134,6230.028021359648,6101.315131680886,5996.973899578421,5902.739051370384,5828.736557746732,5773.679700778288,5727.364567133998,5695.961937740473,5678.952699118183,5669.412792855616,5670.6461369132385,5682.349323368174,5700.270190605835,5725.458804395682,5757.83015519984,5794.935122094568,5836.728821417851,5883.240974106323,5933.440445236383,5986.603904093265,6042.893107874485,6102.080722970146,6163.248980017125,6226.52348205506,6292.331586582831,6359.492510657147,6428.005016559833,6498.888762028915,6570.538397404564,6642.925026301977,6717.360675196163,6792.120451167297,6867.259954041376,6943.958720915064,7020.869025430138,7098.048143882395,7176.1968784415885
T21000logg3.2,14465.37681906051,13877.671935793674,13306.31910262449,12810.77296023379,12364.18974843957,11930.690845979741,11554.314266764353,11219.804516975822,10896.439646769753,10616.878080939645,10372.838338790227,10139.116656795932,9939.21622976999,9768.845876499023,9607.909568058907,9472.803563612037,9361.555025017782,9258.595592196325,9175.053593855564,9110.241909806851,9052.54632732155,9009.260178032111,8980.39205717161,8957.455330973025,8945.004773300885,8943.203548266698,8946.209043912675,8956.342535878752,8974.005622518313,8995.11465602132,9020.903912642647,9051.901667984219,9085.396267131744,9121.916850989413,9162.173684267018,9204.15097344498,9248.212881820105,9295.07904813983,9343.289324310677,9392.984241696002,9444.795647277188,9497.7960276177,9551.712058454137,9607.20376524761,9663.539077090623,9720.370337831908,9778.505296446247,9836.918715232354,9895.748079851812,9955.852824932206,10015.553244041635
T21000logg3.4,19371.76534284756,18806.691265359295,18254.80505581159,17774.14581570902,17340.13509809857,16916.82823186838,16547.657291428746,16218.846596932664,15899.1401961184,15621.116878594235,15377.523321398652,15142.296547665712,14939.321301649115,14765.093785602425,14598.426452006579,14456.461128817898,14337.870899806883,14225.832074330718,14132.453970411663,14057.607112518474,13988.259076554212,13932.824613181117,13891.839925692197,13855.211511986474,13828.76917822135,13813.175660908459,13800.915369980488,13795.622792833497,13798.234519527716,13802.900067595558,13812.187964456572,13827.188074791724,13843.324901873091,13862.478661328947,13885.98584461548,13909.808500110552,13935.73918162456,13965.178920139253,13994.494153642683,14025.34474067082,14059.09854297244,14092.545829183993,14126.991036563873,14163.89703080927,14200.121547858924,14236.969947287042,14276.122250137272,14313.959821481465,14352.396166940965,14393.221549020784,14431.968208975184
T21000logg3.6,23081.349060989494,22543.624248179345,22016.72141522895,21556.551323774078,21140.759148416793,20733.98609343537,20378.345927792496,20061.53945802705,19752.583634678514,19483.228538072337,19247.24255115396,19018.56235334109,18820.609507428344,18650.65606069086,18487.32651436373,18347.586871615196,18230.72999900773,18119.602666912324,18026.33605139278,17951.31991569279,17881.072343752134,17824.141808314856,17781.529634200404,17742.54774035596,17713.30175100002,17694.871964077654,17679.10238447655,17669.953749416418,17668.780464740015,17669.020894800353,17673.61707368441,17684.075200698982,17695.035376341002,17708.782562292196,17727.093323318506,17745.022842747043,17764.85726254871,17788.457255137237,17811.167215566176,17835.221304466093,17862.466649521695,17888.59398701541,17915.539034125984,17945.277132739637,17973.474330970315,18002.13799095215,18033.497350823713,18062.62001733577,18092.2079597595,18124.628422801183,18153.978833741647
T22000logg2.6,6470.222318422993,5946.797517125085,5449.365630135578,5027.229045113624,4651.223393636908,4296.575566414351,3997.546260004553,3737.1541623994776,3495.5934254242393,3296.085074653621,3128.9518166879357,2979.57739531809,2862.206326383033,2771.2075688904156,2696.891530740963,2646.2724084812266,2616.180415854872,2601.0370454231065,2602.8911767544632,2619.903978685195,2650.0856856335276,2692.0731608464957,2744.6041930064216,2808.7047746779485,2880.563029831375,2959.091798423921,3047.482615996678,3140.35737379497,3236.6359410789046,3340.952439111429,3447.3616315291956,3554.7264289200434,3668.7849144987917,3783.4014478434324,3897.3579724807023,4017.058058893068,4136.510360610738,4254.326491452615,4377.383811392511,4499.798915826799,4619.924117107276,4744.912717012482,4868.884978299209,4990.015230216083,5115.538127657394,5239.782275384657,5360.794154126074,5485.77691467761,5609.406152451047,5729.59570728379,5853.385394629887
T22000logg2.8,6888.294554425558,6336.292482023282,5808.130977285875,5356.9600667347995,4954.16830413086,4570.455894169303,4243.575168155046,3957.071476660632,3687.073019388367,3460.0838891020653,3266.895097379664,3089.168890860458,2944.2871468206877,2827.0963206422157,2724.263835094401,2645.9984540566074,2589.5122591163467,2545.7417915773776,2519.819845974951,2510.2701520741075,2511.7799188943545,2525.9675987016876,2551.980837615187,2587.613397162198,2631.9441637101827,2684.285056502688,2744.7754827302265,2810.697395644306,2881.433252048441,2958.685077746749,3038.984338974703,3121.7135053098887,3209.7872471609826,3299.3812750770544,3389.871413523835,3484.9041694587263,3580.652858615953,3676.355442337868,3776.2468797168235,3876.398372143048,3975.835861965296,4079.2508702480973,4182.480942756245,4284.428784847357,4390.008445760699,4495.073445203564,4598.486070871454,4705.1225119268465,4811.1646954926955,4915.385577271416,5022.386744058215
T22000logg3.0,9292.570488148163,8727.437477377267,8183.3078190751285,7715.636738959809,7296.565627897628,6894.042439824549,6548.217610569536,6243.170645584652,5952.252357658215,5704.421864638984,5490.880341874954,5290.531416306844,5123.260183305199,4984.275992075863,4857.488729277814,4755.67567460874,4676.364588983374,4607.794626075358,4557.625441360647,4524.689189195907,4501.025584185199,4490.686879041628,4493.169343535301,4503.607697845396,4523.456395602623,4552.376285660296,4587.952279740125,4629.674474634742,4677.342875539537,4730.166247890094,4786.753880738908,4846.964057205906,4911.269041523351,4977.790441159243,5046.4557089309465,5118.459888426407,5191.845415786328,5266.4589782720295,5344.094103433497,5422.607402042728,5501.680835892163,5583.620957452864,5665.945904501349,5748.275165388828,5833.156324640834,5918.052388640195,6002.622898536152,6089.2905944715985,6175.897027163549,6262.0700654542425,6349.805500405015
T22000logg3.2,12229.55661349927,11679.17727426968,11146.692878864753,10687.012511196766,10274.248101246852,9875.641424565023,9531.400349440582,9226.850024276584,8934.34655902029,8683.310785455316,8465.776185153383,8259.456426266017,8085.054370029758,7938.390499432463,7802.046553979005,7689.927472811323,7600.038917370712,7519.217983545311,7456.409715071904,7410.8370510792765,7373.062889918467,7348.478430473667,7336.945207638449,7332.000534894003,7336.504431518334,7350.456841286524,7369.829838060852,7395.4843297385005,7427.603083524657,7463.740926982915,7503.850975439709,7548.206484171735,7595.591188664876,7645.4252544115825,7698.112255918972,7753.070191716891,7809.651150327235,7868.227629546416,7928.726621831027,7990.340663670442,8053.326600185324,8118.075579136664,8183.447474010881,8249.691489104742,8317.364310337582,8385.300746486757,8453.85629913791,8523.31370952404,8592.989055568789,8663.25987103182,8733.802888301889
T22000logg3.4,16244.98596555268,15710.775663230153,15191.428355303313,14741.126194603139,14335.922735013823,13942.693264097079,13601.51360028388,13298.957123560924,13006.617605506668,12754.159920811493,12534.482783491841,12324.281606041926,12144.853233970054,11992.690138195005,11849.190497917018,11729.13527288595,11631.086009000039,11540.604979799828,11467.67390341741,11411.992356830802,11362.75669442402,11326.464818126271,11303.425428126151,11285.680425005157,11277.27773232314,11278.642515804942,11284.231948047658,11296.088554329894,11314.850720600174,11336.49283703216,11362.156947993679,11392.594583799268,11424.942549971534,11459.805084741956,11498.118850219853,11537.534802518576,11578.639605836124,11622.390491296912,11666.827936059697,11712.450193042587,11760.144115179743,11808.33154591757,11857.225071319093,11907.76259236948,11958.42832356656,12009.47126477808,12062.00127492983,12114.063536374872,12166.501362814277,12220.498573026018,12273.30779656395
T22000logg3.6,19244.963104188686,18741.943844402984,18251.002067398338,17823.94475910928,17439.436452812177,17064.881064659286,16738.89190202021,16449.73672351664,16169.243121837835,15926.183095786373,15714.59088702692,15511.12732873336,15336.636380738233,15188.432306935065,15047.692665558976,14929.102233555046,14831.850822288754,14741.159061137156,14667.127309545638,14609.94737209944,14558.35504626481,14519.084738356752,14492.86254568957,14471.12279672242,14458.290642249924,14455.149786312802,14455.500767035797,14461.810065474434,14475.078392213036,14490.56877410439,14509.879283104487,14534.121650867144,14559.661748396677,14587.57161849247,14619.176428947507,14651.24162803408,14684.889175976048,14721.483868937723,14758.077901888248,14795.768091207972,14835.868948077747,14875.747542901001,14916.24746544409,14958.769409880708,15000.656773162087,15042.84781736464,15086.94821620309,15129.753865163157,15172.87193055624,15218.010082512743,15261.075804415734
T22000logg3.8,25162.79719442438,24694.683553997133,24235.951172482168,23835.497452834865,23474.505853931627,23121.518205042208,22813.283131877306,22539.713147369825,22273.254716444713,22041.483021686774,21839.555540728215,21644.322300616175,21475.985279900127,21332.70726245636,21195.539391184735,21078.956469151064,20982.825753138834,20891.98311255633,20816.634532897227,20757.55347808389,20702.86317453732,20659.61992516985,20629.09802871753,20601.869747496552,20582.897306090053,20573.476794336748,20566.41656568441,20564.834772660517,20570.264923968505,20576.822386590346,20586.847376024514,20601.997828471794,20617.33236634431,20634.757737961372,20656.190360002205,20676.882827507114,20698.930373883,20724.328697806264,20748.434935213507,20773.44928096304,20801.355521664533,20827.697265538238,20854.514785943145,20883.924847255275,20911.334888958965,20938.94909563643,20969.140689132717,20996.635963953577,21024.386357559237,21054.91340644278,21081.91910068529
T23000logg2.6,7439.242177363705,6855.46396121684,6299.092761519197,5824.783235980719,5397.310896017094,4993.394898995422,4651.329164538572,4349.745669764543,4069.267425438795,3836.0348604055453,3637.226481502845,3458.159331772177,3315.191334364332,3200.3873280141884,3104.12406710352,3034.6842338352167,2987.347044735564,2956.674538883202,2945.4550815140096,2950.766055326549,2970.808543620413,3004.5676147351946,3050.003708050149,3108.4285965313316,3176.093049965906,3251.3748844261886,3337.8148425448303,3429.8767278063824,3526.060033014962,3631.38677615645,3739.5720743225893,3849.132842958168,3966.2455760548282,4084.347346755126,4201.929514247632,4325.867142366543,4449.732464320459,4571.899090185407,4699.687960852288,4826.879823856888,4951.595874757739,5081.381170142669,5210.142891122013,5335.805247750374,5465.9496634635225,5594.799274671958,5720.120823113959,5849.468124877777,5977.433519389227,6101.646980792095,6229.523083379388
T23000logg2.8,6406.1997510217525,5868.991200949419,5356.119817671477,4918.808500667699,4527.851790919998,4156.613967987303,3841.2603162834166,3564.747718953516,3305.3811857810783,3088.330388613115,2903.876701847164,2735.503205393731,2599.4542629203575,2490.1146107003296,2395.853396249707,2325.735316809031,2276.661412522116,2241.0662769543933,2223.018119585961,2220.7966096322943,2230.395749879453,2252.4154872198474,2285.7813593819333,2329.4814766248846,2381.6252778491175,2441.3410288106684,2509.8538197498237,2583.556473342009,2661.643485006169,2746.8326469575463,2834.828398615551,2924.8183144112177,3020.6931513626323,3117.8430956741795,3215.4317385805593,3318.051817144254,3421.135783197675,3523.6977869714847,3630.8729679484604,3738.078004036423,3844.0876919114467,3954.4356123492194,4064.396548638742,4172.590880599255,4284.728766040453,4396.177307099787,4505.478958267416,4618.300803388464,4730.355471930909,4840.081770029219,4952.891616755881
T23000logg3.0,7922.616328157052,7394.277940070582,6887.546172939511,6453.713197893178,6066.002635210259,5695.41026346907,5378.6383044072845,5100.365995796074,4836.725910419023,4613.815027705993,4423.156123272556,4246.167240116876,4100.350998059791,3981.0617696185923,3874.5063909557693,3791.376792738601,3729.2687999990494,3678.431115281663,3644.7245453607766,3626.9836656894695,3619.0083244148823,3623.2905350790156,3639.26785711244,3663.6660797565983,3696.5656492225717,3737.553251665286,3785.6232346034008,3839.0925745142035,3897.6397981322766,3961.7538781253097,4029.013819800944,4099.119600245022,4173.7259863750005,4250.038973613379,4327.78524755982,4409.281010514292,4491.732093639714,4574.752615605915,4661.201106462474,4748.180888513271,4835.1134113187945,4925.302885904162,5015.60020087511,5105.333357595198,5197.999784974614,5290.461078326867,5382.045478329719,5476.120790568245,5569.940130638321,5662.776705731211,5757.597696201584
T23000logg3.2,10790.02151567022,10264.085524225526,9757.075691463333,9320.922107114384,8930.298077047992,8554.573836980378,8231.41978074998,7946.492585047202,7674.207438774532,7441.844751111412,7241.619808928206,7053.166580354277,6895.366760366907,6764.12258122782,6643.777254978552,6546.598293115904,6470.612774010268,6404.199512044293,6354.871741689969,6321.840304649635,6297.029312949304,6284.590365112331,6284.335535313069,6291.052881500645,6306.507296829584,6330.643879002098,6360.545503356807,6396.144850263428,6437.528493193904,6483.253334953418,6532.468172113545,6585.315854442831,6641.492306680812,6699.723115604983,6760.244328195679,6823.352197564017,6887.762472748589,6953.649035328769,7021.798653620356,7090.811335631283,7160.718605529383,7232.737137094418,7305.182013826759,7378.04964124394,7452.706284156018,7527.476633341725,7602.430362420472,7678.675342734554,7755.008231439226,7831.496925865063,7908.683224204617
T23000logg3.4,13611.803307750635,13116.817498778324,12637.908746549265,12224.693306464333,11854.54363228244,11497.244844752604,11189.018461042257,10917.259020171794,10656.472532188007,10433.083517289375,10240.477444991167,10058.11584544493,9904.503379631362,9776.385605110707,9657.732352275596,9560.844698786279,9484.37620465907,9416.209907539273,9364.155487733773,9327.908526238478,9298.777411086414,9281.351990189656,9275.853904305448,9276.289015480417,9285.00403292356,9302.30129042554,9324.413752817163,9351.913919692712,9385.256264196176,9422.050251321245,9462.136848888957,9506.03691007921,9552.411700862898,9600.712770965603,9651.588939484725,9704.168384623596,9757.962313604688,9813.597232063996,9870.560847111621,9928.328654057672,9987.418284817113,10047.645225095079,10108.265506913425,10169.80701660673,10232.123139381598,10294.55349871692,10357.752691614745,10421.163335286568,10484.707576928426,10549.07924895185,10612.992853611413
T23000logg3.6,17247.654496994342,16759.661944547388,16285.054870730994,15873.510408214383,15503.545392690594,15144.45830322706,14832.997388233029,14557.254892939016,14290.917383729324,14061.151856595903,13861.802020863537,13671.288069957358,13509.04253583541,13372.166367492327,13243.45644058409,13136.299907230052,13049.653454294283,12970.182447369627,12906.832325539348,12859.576987091334,12818.467621842708,12789.212083519495,12772.318732151005,12760.464547823405,12757.121284958717,12762.87509429689,12772.644611356594,12788.058119907979,12809.89370141107,12834.42933701336,12862.515577094555,12895.029795986356,12929.276102407188,12965.675905865266,13005.287640267785,13045.804395893554,13087.733022584851,13132.147454876524,13177.027831412212,13222.873020555087,13270.686641717157,13318.738822771784,13367.313723683214,13417.474400855172,13467.469373771337,13517.698790103248,13569.405354235236,13620.311206480652,13671.480610733952,13724.239171148176,13775.444086851303
T23000logg3.8,21146.778560566607,20709.194332010524,20282.3491268033,19911.43388443807,19578.367363235273,19254.36462531162,18972.958136455785,18724.424357107007,18483.904995655463,18276.222904949238,18096.66665311963,17924.694752371048,17778.097650099015,17654.99510876985,17538.902494896098,17442.141562915334,17364.414959589365,17292.846515866575,17235.717636991263,17193.566633869206,17156.65768635381,17130.31022631681,17115.499883051867,17104.860087982997,17101.733501947565,17107.106648722696,17115.69507173532,17129.17066809693,17148.705179363547,17170.193641478345,17194.66550016846,17223.377188130737,17253.081406931404,17284.4914541449,17319.065026710454,17353.742112017542,17389.46473814138,17427.732268456308,17465.5845195079,17504.099462616225,17544.731577592567,17584.6709108613,17624.893216005195,17666.943937743847,17707.865608197633,17748.839024681234,17791.622332014897,17832.60374975367,17873.708602434832,17916.810362992102,17957.31903511767
T23000logg4.0,25899.316116115115,25491.850435786928,25092.793511149597,24744.82704280217,24432.059361866028,24126.60609667695,23860.42384069055,23625.21484315158,23396.63896893153,23198.52522884456,23027.128155989107,22862.10410988219,22720.714239859506,22601.78654245358,22488.771317683175,22393.812600013327,22317.173407777627,22245.72550848079,22187.812465997104,22144.44436980717,22105.467939282276,22076.408033463606,22058.6714301636,22044.290150337012,22036.96872247675,22038.090791828483,22041.68603728079,22049.848587088803,22064.160619745766,22079.72958565563,22098.07044211368,22120.857032636504,22143.943490953578,22168.58176110326,22196.676783098446,22224.12401562203,22252.49862746909,22283.763251175318,22313.808337375773,22344.41310395477,22377.512486604617,22409.08724251824,22440.842650990493,22474.83833723112,22506.852193449602,22538.823154470625,22573.054786657354,22604.606166932143,22636.191099842377,22670.254886403385,22700.820638746947
T24000logg2.8,6261.236356799748,5736.223359067451,5236.0444745293735,4810.2444458059745,4428.714329032744,4067.4473323252882,3761.308564278711,3492.4732890491973,3241.3403342693614,3032.0052502255744,2854.083326822647,2692.773337060436,2563.421312212481,2459.772917485278,2371.9345271072616,2307.9385889794107,2264.23832352213,2234.893400027088,2222.929648853414,2226.2500291888314,2242.318358330613,2270.68605937581,2309.9373950173635,2360.4232225148085,2419.2123184582133,2485.1478326647657,2560.7120306274383,2641.3120583512264,2725.8775444630814,2818.3157028632886,2913.3866250105084,3010.016818918371,3113.251234283372,3217.5595567012374,3321.8390256220737,3431.8023556536778,3541.9967808035667,3651.1731158009093,3765.518504142193,3879.672366715865,3992.116945109598,4109.358180163928,4226.01084604893,4340.359765584092,4459.0246891842935,4576.807990386491,4691.872075478023,4810.788132540088,4928.7267435805425,5043.735946094886,5162.157566313266
T24000logg3.0,6885.693551651403,6382.347462466098,5901.210100886156,5490.629041735607,5124.074390489388,4775.188505739011,4478.252933682512,4217.98074890736,3972.8115130535043,3766.8402522796205,3591.527513840386,3430.315809523236,3299.0483829610976,3192.9275928716247,3100.0931189638177,3029.685710404817,2979.1936546928,2940.5972096006753,2918.3590820428376,2911.191832827216,2914.4251692909615,2929.276582941637,2955.036698109649,2989.8310189471376,3032.5683549482706,3082.690259054785,3140.4604463999035,3203.151817748253,3270.2787030961963,3343.512419734441,3419.484352143424,3497.7064214881707,3580.9650812442383,3665.5765460859034,3751.052061314619,3840.8112783324796,3931.2127070189663,4021.631609554139,4115.987637903705,4210.6121595736595,4304.651928971197,4402.422601902173,4500.080124793711,4596.639036893747,4696.569987611511,4796.103349313137,4894.210341504369,4995.235533470801,5095.809207454561,5194.827791058226,5296.268398057185
T24000logg3.2,9038.434582712589,8552.860063160972,8086.783631036098,7687.617656102055,7331.351680423273,6990.5308198651865,6699.104524298836,6443.500586100756,6201.035883152252,5995.900345288248,5820.750133256135,5657.84704618677,5523.492034319296,5413.803901743377,5315.54688521403,5238.730521034329,5181.501212116958,5134.383290208129,5102.94348490299,5086.421251428951,5078.634076000385,5082.04056897126,5096.403578231234,5118.229316393711,5147.786937005524,5184.945257262703,5228.322470491765,5276.565074798587,5329.632497148056,5387.48409780219,5448.137146772521,5511.565265324041,5578.771613395802,5647.46568745321,5717.66738079621,5790.922885085268,5865.007021427666,5939.847238604485,6017.421645376761,6095.475181345361,6173.759168320216,6254.606648049833,6335.572064737551,6416.337367346461,6499.331907295738,6582.191361946765,6664.627111496366,6748.8048170563015,6832.849038158915,6916.442823571479,7001.215962830695
T24000logg3.4,12113.31772087626,11641.42735748328,11186.791882574307,10796.074532532784,10447.055093971725,10111.577154650091,9823.439477694594,9570.312131640654,9328.718217289104,9123.055525192525,8946.855648402696,8781.464402414733,8643.64568350823,8530.179034253148,8426.76823674874,8344.123409630485,8280.878823884339,8226.434453926833,8187.197495110557,8162.81350737938,8145.925926867375,8139.927151571393,8144.967227244691,8156.273738599715,8175.155346960701,8201.847690321247,8233.660340435734,8270.28808702749,8312.081324269018,8357.618809254855,8405.979366846144,8457.555358988528,8511.893130068347,8567.783355683161,8625.717394818063,8685.685627275934,8746.5880898748,8808.86362158844,8872.840200013929,8937.420385661408,9002.907482601064,9069.917959565633,9137.181610918311,9204.977217394166,9273.940325881473,9342.915464841182,9412.270531842629,9482.250514832607,9552.282564520006,9622.747743772357,9693.20742265069
T24000logg3.6,14616.1534185139,14171.295391905474,13740.705559556016,13369.203826605692,13036.98691129384,12716.292179671233,12439.818003376035,12196.70397524479,11963.54319479982,11764.123969354556,11592.91397524722,11431.091043051283,11295.23311932917,11182.776816992022,11079.073753103734,10995.03426416358,10929.765102614581,10872.230036467792,10829.238842822027,10800.785984372162,10778.995212618902,10767.728589008702,10767.419732608787,10772.66168719571,10785.292892218236,10805.784781424734,10830.783043394977,10860.515261344019,10895.581732826413,10933.842116351798,10974.922567097146,11019.47032751817,11066.257899439302,11114.622032705543,11165.336052244786,11217.51314208844,11270.64493777699,11325.484311807477,11381.388525445956,11437.903462202697,11495.675083659346,11554.287303163308,11613.148109185742,11672.924277609261,11733.142589428091,11793.375563516503,11854.423315616867,11915.306967849392,11976.252657712364,12038.110042164784,12099.09682848414
T24000logg3.8,23081.349060989494,22543.624248179345,22016.72141522895,21556.551323774078,21140.759148416793,20733.98609343537,20378.345927792496,20061.53945802705,19752.583634678514,19483.228538072337,19247.24255115396,19018.56235334109,18820.609507428344,18650.65606069086,18487.32651436373,18347.586871615196,18230.72999900773,18119.602666912324,18026.33605139278,17951.31991569279,17881.072343752134,17824.141808314856,17781.529634200404,17742.54774035596,17713.30175100002,17694.871964077654,17679.10238447655,17669.953749416418,17668.780464740015,17669.020894800353,17673.61707368441,17684.075200698982,17695.035376341002,17708.782562292196,17727.093323318506,17745.022842747043,17764.85726254871,17788.457255137237,17811.167215566176,17835.221304466093,17862.466649521695,17888.59398701541,17915.539034125984,17945.277132739637,17973.474330970315,18002.13799095215,18033.497350823713,18062.62001733577,18092.2079597595,18124.628422801183,18153.978833741647
T24000logg4.0,22897.962176592024,22505.465973348353,22122.347645228223,21789.3574513156,21490.802125423794,21200.23593417169,20947.917517185535,20725.610871552763,20510.474187033746,20324.882892928275,20165.060731071673,20012.130595791292,19882.081592141214,19773.641418874704,19671.648975248434,19587.096868873916,19520.092796010467,19458.792450551846,19410.50632651456,19376.05530555754,19346.488243865613,19326.407002679738,19316.997386110957,19311.45925294543,19312.61992939479,19321.645091310842,19333.64397059958,19349.92770968391,19371.829625134866,19395.4680296227,19421.65041084741,19451.78094412284,19482.682258342076,19514.963814981376,19550.226290360773,19585.35603658247,19621.293079834115,19659.67083710881,19697.38426978503,19735.577621946828,19775.832710148632,19815.121594514614,19854.538627760856,19895.765350249232,19935.57015077484,19975.30008309048,20016.851223570862,20056.293376238824,20095.74499988469,20137.220390498507,20175.789407820263
T24000logg4.2,27916.350383450914,27546.994891423135,27184.982802196017,26869.188365223825,26585.611148217202,26308.513205722666,26067.025570677022,25853.995959355903,25646.93872536959,25467.5675789128,25312.832474563744,25163.912326230973,25036.506790881478,24929.87968779801,24828.696493077165,24743.958288975893,24676.20352377765,24613.24507508392,24562.595126942513,24525.4525598147,24492.372647552453,24468.28811391962,24454.74746729235,24444.28683032194,24440.1950833983,24443.980945896194,24450.004620448195,24460.098170506826,24475.9652290685,24492.87215703658,24512.196709327935,24535.727583500997,24559.33134571052,24584.238020056768,24612.465275010585,24639.806018996966,24667.905438244587,24698.831092241137,24728.294109098068,24758.192365138868,24790.56377548359,24821.158811755842,24851.835235720868,24884.76307137733,24915.458209736185,24946.029615982516,24978.894400306897,25008.831515697922,25038.727410834847,25071.145841854966,25099.82525549846
T25000logg2.8,7182.444482397069,6597.078910419826,6037.266065374857,5558.23370512617,5124.166811220772,4711.726824830655,4360.333287146587,4048.031348978302,3755.0547905885387,3508.9633766215293,3296.379328843356,3101.9609524426173,2943.658047764764,2812.935951398804,2699.6693340189786,2613.4700318465925,2549.224063462304,2500.9430511055816,2472.61282411593,2461.0176353768206,2463.68842170482,2480.6907148675195,2509.7789434041106,2551.481894840992,2603.055045890462,2662.7507393328005,2733.3036319561643,2810.0888182720046,2891.592119043149,2982.0346006683626,3075.973114554074,3171.9769526960476,3275.4720043621974,3380.5986418966468,3485.9531399766115,3597.689159499454,3709.9676118121347,3821.2995236553584,3938.312804572602,4055.3301069552413,4170.589910373429,4291.00845506756,4410.96630984606,4528.475013529043,4650.545448498575,4771.818920890378,4890.1454429245605,5012.512925421069,5133.936613664313,5252.149514074132,5373.942663176843
T25000logg3.0,6557.0680542133805,6048.646672544042,5563.385502398411,5149.621915411313,4778.914727896068,4426.722890200604,4127.299915115185,3863.9263307575275,3616.392794853005,3408.723723272753,3231.2944696230875,3068.602235240338,2936.38532990005,2828.931894739817,2735.545839685902,2664.9608980514895,2614.038880953385,2575.8659523297897,2554.389715882902,2547.845936028571,2552.5732689395227,2569.1990851095293,2596.6178206518966,2633.911538608982,2679.340694258126,2732.0326246565473,2793.1430201832654,2859.2909510025047,2929.7194934398703,3006.966965510618,3087.0088230508322,3169.1058849195315,3256.910856417961,3346.0654035126013,3435.8347931351045,3530.5084920027166,3625.7688543102254,3720.750606850339,3820.214977474813,3919.8853036691144,4018.639557996533,4121.599217446553,4224.386898990842,4325.703316580466,4430.799168039295,4535.436827349951,4638.230906801247,4744.318292334468,4849.872696601714,4953.421698370552,5059.759556973175
T25000logg3.2,8110.799717862511,7636.195287385932,7181.585959427435,6792.937086624299,6445.860083203678,6114.660096789225,5832.108461273518,5584.265908489511,5349.931387924638,5152.333432782474,4983.802718599399,4827.87089782812,4700.036837499436,4596.101801405437,4504.07913261439,4433.141411923375,4381.214424222296,4339.941449979028,4314.091130086247,4302.714416317792,4300.6117267605405,4309.486714789501,4328.924538887661,4356.342635683792,4391.289091806666,4433.47780436428,4482.360130444138,4535.922374985639,4593.969419779464,4657.255492223338,4723.177903250326,4791.551376756563,4864.157741174067,4938.106676911599,5013.241714290136,5091.887038683477,5171.228341838537,5251.001036020782,5333.947878262728,5417.264297215546,5500.4800755097,5586.676866246186,5672.901228709326,5758.580125434429,5846.875637953966,5934.954443617532,6022.2370771332435,6111.634643710591,6200.8068746954505,6289.129752602024,6379.00709912939
T25000logg3.4,10725.412840887262,10270.150311636276,9832.24526890231,9456.54639624124,9121.115357279385,8799.503488322116,8523.97028053262,8282.231441079346,8052.276143717536,7857.22555475737,7690.566090100668,7534.946913516175,7406.090013719897,7300.682125450417,7205.658775833014,7130.792519948512,7074.652803201563,7027.7219805653285,6995.576262199486,6977.7808032357325,6967.926139585007,6968.633907591602,6979.949503711478,6997.979644338081,7023.297449205694,7056.031179375989,7094.3035709381475,7137.142953013076,7184.774721765102,7236.554653626603,7290.946037701332,7348.200611951264,7408.635482206906,7470.446452405835,7533.95433785524,7599.917603708563,7666.655405311337,7734.414737591365,7804.290759383306,7874.632226075306,7945.522336296167,8018.339753489404,8091.291241970124,8164.413764676652,8239.095557371145,8313.69112460166,8388.293175008232,8463.90893708122,8539.47181996842,8615.069274896376,8691.051018942764
T25000logg3.6,13405.721476815927,12984.94501197391,12578.905917839676,12229.668922128358,11918.148160639717,11618.519195686242,11361.198102902496,11135.735128278222,10920.51190362016,10737.4416847947,10581.219586220266,10434.644547888087,10312.742097843906,10213.05596951524,10122.41407805718,10050.380728409878,9996.117721155206,9949.854728285329,9917.259319639907,9898.3375767884,9886.30101540319,9884.045133040694,9891.980279871586,9905.674030080596,9926.131073073173,9953.78947797296,9986.139198845467,10022.716291778695,10064.060173704098,10108.782716650372,10155.916293347998,10206.024929008716,10258.569428692988,10312.366871365532,10368.081561886116,10425.484437731122,10483.587605576782,10543.015164918808,10603.749959520905,10664.904919280536,10726.976728765776,10790.13390880695,10853.408047519742,10917.291566892292,10981.862870855342,11046.360560896534,11111.380510832987,11176.495221222736,11241.606627270148,11307.339548182761,11372.484163416555
T25000logg3.8,15807.175701418706,15418.205863518866,15041.966672979,14717.800523529784,14428.902218649322,14150.571986081628,13911.333601379944,13702.191366660974,13502.35809856137,13332.371933199942,13187.885815852365,13052.265264161997,12939.582279787057,12848.060376055624,12764.88429850142,12699.025870659963,12650.13250072171,12608.667661630489,12579.936869965226,12564.309473034391,12555.123709379855,12555.036173907207,12564.749651704456,12579.82305703208,12601.146164706224,12629.411004151405,12662.017931896815,12698.465488251488,12739.54654000935,12783.667647905999,12829.900701220615,12879.055210691931,12930.278454324793,12982.49924570557,13036.643741786633,13092.047513016421,13147.931171785396,13205.190316379874,13263.25822604269,13321.540932324568,13380.819818439159,13440.632604353485,13500.367476167821,13560.824283151283,13621.379778491751,13681.689569505703,13742.685318326001,13803.139500246489,13863.443378781782,13924.580062191568,13984.437383980434
T25000logg4.0,19940.28016205247,19581.067294205455,19232.00260436179,18930.033796214124,18660.61713601286,18399.76580522945,18174.551864918307,17977.40687607429,17787.9121911846,17625.784635536005,17487.598344039132,17356.767718461517,17247.04156788402,17157.287870263324,17074.46863712634,17007.64398894873,16956.93308289195,16912.39622917938,16879.682989780817,16859.540332241697,16844.737166409323,16838.439095004833,16841.693487555272,16849.301523185284,16862.801807905234,16883.201212348533,16907.051267645424,16934.5512934633,16966.829706685145,17001.33080539906,17037.87869729009,17077.63432770453,17118.667698019726,17160.69781332718,17205.03892486429,17249.81383897052,17295.103339424524,17342.221100343842,17389.284841317087,17436.609446516188,17485.427185042452,17533.895598443367,17582.333347161602,17632.034897640937,17680.935191138822,17729.643485330478,17779.624294669502,17828.139128192826,17876.561793096746,17926.443163980497,17974.099208062908
T25000logg4.2,23295.953730934078,22963.117785994047,22638.718072316737,22357.397419504945,22106.345115258144,21862.67714335656,21651.911288502248,21467.5609449338,21289.98608034401,21137.81980916769,21008.339638417492,20885.463005587233,20782.230092536654,20697.99988330324,20620.021045655514,20556.954689762708,20509.274221770396,20467.188739278365,20436.147082564356,20417.171654323472,20403.054556377316,20396.880238234287,20399.935999890316,20406.904112998374,20419.366265958073,20438.539526521436,20460.776503436686,20486.38591203551,20516.716580210123,20548.918250705115,20582.97355685525,20620.26168263197,20658.465030310585,20697.517937441615,20738.970930321666,20780.43375081,20822.285928692574,20866.090844881248,20909.357053042637,20952.764802401798,20997.80962937779,21041.986747019324,21086.01629626278,21131.47707506271,21175.596331303514,21219.40781053791,21264.688555163368,21307.94129650803,21350.988555968244,21395.71749869272,21437.634921461857
T25000logg4.4,27984.852204837764,27669.507807158963,27360.81569913373,27092.048415988495,26851.657047737477,26617.31281715465,26413.775639606312,26235.35296985557,26062.657960318036,25913.9372894012,25786.988259278874,25665.715115822743,25563.068439721304,25478.793924429545,25399.922448517387,25335.262418456023,25285.605995332284,25240.809842668063,25206.597663109154,25184.272556742566,25166.152109412895,25155.680701362646,25154.423885395903,25156.449539374844,25163.791331477558,25177.93850610008,25194.56146667769,25214.45469618389,25239.2702237532,25265.38115366974,25293.31150685547,25324.762694096946,25356.538290855526,25389.163672824594,25424.542265231263,25459.288172723307,25494.441839420528,25531.928966385818,25568.197087174172,25604.609678189092,25643.04511633189,25679.922380337895,25716.629350241255,25755.16518609896,25791.66765123318,25827.826835148484,25865.87157965196,25901.18257818616,25936.236519900332,25973.40064867065,26007.028663688994
T26000logg3.0,6860.793243570796,6318.8854791719905,5800.44312475799,5356.9271210736915,4956.279215538534,4574.823948953036,4249.403443964827,3960.6104256126164,3688.535332835757,3459.2135663998524,3261.013572900724,3078.4244394364846,2928.7125213428635,2804.5547481804138,2695.482255728417,2611.060115508011,2547.0265461080107,2496.7839800755546,2464.737180868035,2448.297781687199,2444.142644539613,2453.0953209767104,2473.417791037823,2504.553270200635,2544.769043605215,2592.7295486309336,2649.9570856365667,2712.9613412629374,2780.634969342565,2855.8983679614294,2934.519175456993,3015.4700469140794,3102.8148771906,3191.900256979455,3281.7451455469068,3377.0755994418337,3473.237754972253,3569.164764200455,3670.0513857316064,3771.3358631567685,3871.680915860322,3976.6229414050435,4081.5545531054377,4184.920317454628,4292.378749324018,4399.508512221828,4504.630361729951,4613.3164692174405,4721.55752981574,4827.579089699757,4936.634420733333
T26000logg3.2,7683.734302382312,7202.210984540608,6741.2188896289945,6347.095875759239,5993.795537169788,5656.9897709146535,5369.735298472267,5116.81218363485,4877.991260025682,4676.665354045554,4504.178390420819,4344.7939920678555,4214.103291652684,4107.073874955883,4012.5234255606624,3939.468938551343,3885.254959214873,3842.2782822126383,3815.0661518540564,3802.2252208895225,3799.2283140414715,3807.4908219478207,3826.236804026866,3853.505811524177,3888.52088396385,3930.7208257590787,3980.115557369005,4034.3633340117344,4093.040651168455,4157.426195154239,4224.580586701822,4294.11544289273,4368.335887471054,4443.986570318005,4520.7222276731345,4601.387739812274,4682.796501924578,4764.509349311414,4849.773902208342,4935.456423287128,5020.895183677231,5109.657446037977,5198.505495188424,5286.640850264996,5377.697985955631,5468.596798304845,5558.5012671632785,5650.8093068655335,5742.937957304156,5833.99580975471,5926.888223612736
T26000logg3.4,9557.33330763176,9118.007433337296,8696.391104344533,8335.390755064262,8012.926041022473,7704.649919104737,7441.269689556418,7210.260924817602,6991.376976775245,6806.470497183952,6648.758544211228,6502.392336559877,6382.046614256327,6284.100473040007,6196.933783593864,6129.317933394135,6079.586387359721,6039.511127939117,6013.768953969545,6001.709494515803,5998.054188619391,6004.607099976639,6021.200949323011,6044.976430119298,6075.74525409478,6113.446553299359,6157.127928029866,6205.130502849458,6257.493977968511,6314.438957310327,6373.79451449552,6435.621948590014,6501.072516051582,6567.729529327172,6635.710718844176,6706.59441193936,6778.100704498674,6850.267429686644,6924.977166765304,7000.034509375458,7075.289171325771,7152.86968912434,7230.498846499152,7307.950764077726,7387.330603567108,7466.562122818266,7545.441678368873,7625.692327394938,7705.8307324839,7785.632466235676,7866.180634825087
T26000logg3.6,11909.20126956884,11506.095865981359,11118.107093447721,10785.223142984565,10488.635528649404,10204.246424752373,9960.798674020296,9747.94812563232,9545.619507658772,9374.344738509586,9228.828545473489,9093.258585494306,8981.507336539114,8891.044540751287,8810.011098809946,8746.905936623984,8700.823740944157,8663.155846083111,8638.615049195987,8627.119160107713,8622.903711379555,8628.011808703692,8642.743276333189,8663.608483501108,8690.831878098194,8724.747072800405,8763.695793397776,8806.52671642898,8853.6582036172,8904.499360955448,8957.464533401737,9012.980583562927,9071.278587239382,9130.594856658463,9191.43327077554,9254.335700882515,9317.746425384328,9382.109192485897,9448.169760617944,9514.500659686837,9581.390998197516,9649.757001979311,9718.122507028429,9786.744789645174,9856.43326617147,9925.954872136052,9995.634960020776,10065.788243173347,10135.84682233633,10206.145132202173,10276.24944342232
T26000logg3.8,14241.3736071153,13874.199254577732,13519.878209484552,13215.378045903086,12944.664867179514,12684.617227560804,12461.842174946243,12267.780000575776,12083.112450929455,11926.832122849344,11794.815666308588,11671.78068648777,11570.536041189365,11489.387425808663,11416.7754977071,11360.577231256055,11320.46334075423,11287.999472688512,11267.557056656384,11259.475853644286,11258.061684904627,11265.173931487565,11281.447155571923,11303.328467113479,11330.992582620258,11365.044442967885,11403.686088252518,11445.7960213556,11492.05581266356,11541.619999368637,11593.005085836501,11646.887126402344,11703.134014380254,11760.150719128402,11818.705514475878,11878.844978881767,11939.27912727842,12000.734392799031,12063.337976613919,12126.01974826122,12189.37041598099,12253.594246441127,12317.642863302131,12382.106189561753,12446.999256705245,12511.579181522064,12576.535395482913,12641.285779093792,12705.823924128796,12770.8717084181,12834.997999780624
T26000logg4.0,17260.612726715626,16924.156430034218,16598.59590295608,16318.201222474378,16069.014296898089,15829.068584724952,15623.147454605976,15444.000037367183,15273.15345512044,15128.341846115323,15006.283612241146,14892.243363303482,14798.233484819539,14723.14248573527,14655.677890548275,14603.323450677995,14566.151420335042,14535.823105818674,14516.565348969829,14509.022657016723,14507.444003974178,14513.707369735012,14528.707960190393,14548.671960218297,14573.94028894271,14605.357698421893,14640.798129411824,14679.390519494815,14722.062954954248,14767.514355548341,14814.58310900781,14864.195706545654,14915.636688994557,14967.713853160962,15021.46678716091,15076.226737890385,15131.192438896784,15187.378183104884,15244.085923717334,15300.799849363151,15358.42333077985,15416.256021414876,15473.859466599813,15532.16251487514,15590.213001262682,15647.9132408884,15706.325116655687,15763.822889354582,15821.089799101588,15879.24617653039,15935.74166321254
T26000logg4.2,21947.994460696038,21622.37126493858,21305.726584001775,21031.71733488661,20787.4551606123,20551.018257274638,20347.04337946839,20168.94451965999,19998.005761360873,19852.096254465123,19728.383205678132,19611.6460969188,19514.252589400985,19435.44707083195,19363.276816850575,19305.772386888537,19263.30948653011,19226.802414686306,19201.12621787609,19187.208679705476,19178.47605476024,19177.498718521132,19185.468650563143,19197.675813352856,19215.20713264353,19239.197894496345,19266.554231345628,19297.135097651117,19332.1972940745,19369.398410899743,19408.315610178965,19450.22652667125,19493.297969058887,19537.093756744147,19583.047207610387,19629.268830038323,19675.772833153944,19723.990055579598,19771.93168541147,19819.926892167907,19869.323951622304,19918.10818745373,19966.679301772918,20016.45363324031,20065.137766192234,20113.474506772174,20163.06007309682,20210.860589181986,20258.43174854818,20307.46812912509,20353.924989581406
T26000logg4.4,24066.417800186424,23779.77479735757,23500.73372980191,23259.214598505965,23044.497096856645,22836.755745200244,22657.83300419156,22502.466596654376,22353.690640172023,22227.20518091431,22120.988255078923,22021.256879012733,21938.73648105365,21873.187979570597,21813.834188146786,21767.497965639122,21734.87031283887,21707.837516232506,21690.363283432667,21683.575716007526,21681.69159593473,21686.588327048343,21699.59525842902,21716.603145958008,21738.188778675867,21765.587617157427,21796.160425154838,21829.40273466761,21866.662775703193,21905.905361204586,21946.469958965008,21989.70848350645,22033.947625992645,22078.61131731524,22125.203837836398,22171.85743882918,22218.551229904555,22266.790053648223,22314.495462353272,22362.04148993874,22410.86182587979,22458.782294146986,22506.304510117596,22554.93798255532,22602.195591764033,22648.935154804625,22696.858711946006,22742.724728180216,22788.196925153396,22835.08848237915,22879.146327289993
T27000logg3.0,7007.74059062585,6452.82610847386,5922.222602932849,5468.2170647698185,5056.21637150254,4664.0983930630755,4329.528034008552,4031.289402102429,3750.5929770689527,3514.0717889352545,3308.7129475724146,3119.8206759828095,2965.011202563446,2835.7454113976028,2722.6416045690275,2635.0391901108633,2567.8079922685724,2515.536828495578,2482.144194950888,2464.372494911231,2460.080754326355,2469.4317012741935,2490.126725662541,2522.7584114282595,2564.8221122127366,2614.537916620675,2674.5224207508677,2740.489233643233,2810.9604787264216,2889.9005288382996,2972.2814419318756,3056.758902112783,3148.4261707191954,3241.833333531439,3335.7051384382567,3435.789035406392,3536.634232689463,3636.9073363695825,3742.764477933975,3848.9438674717453,3953.814286204566,4063.802028122167,4173.704330693499,4281.620752433565,4394.0628186160975,4506.098721954829,4615.654255691709,4729.176619979242,4842.150789454024,4952.389794702879,5066.058720678914
T27000logg3.2,7519.558803315958,7012.962251337379,6527.7544877814835,6112.4456008248,5738.157341035359,5381.19988588491,5076.34663563987,4806.331992689233,4551.212437419541,4335.688326466637,4149.60367499813,3977.317263657865,3835.4023808862485,3717.611994785273,3613.113488396296,3531.3579678184738,3468.8497634526343,3418.419302061161,3384.756973156052,3365.849747888632,3357.621267976843,3361.462427939893,3376.108755780989,3400.0659166069904,3432.3870077841966,3472.143106951405,3519.7981376299454,3572.7736766807316,3630.3588711750026,3694.2946210317123,3761.3525711802486,3830.9020232706025,3905.734401013861,3982.24398651034,4059.868049730645,4141.965599537679,4224.962995664399,4308.224611865901,4395.518838768133,4483.358211421369,4570.86523982236,4662.12470424945,4753.580180908273,4844.173142787901,4938.06205088492,5031.88045609877,5124.4938866509765,5219.857753409158,5315.097534153988,5409.010410807038,5505.090068124637
T27000logg3.4,9092.010778993039,8644.028563746931,8214.503295366687,7846.876002400705,7517.494427797474,7203.025320217383,6934.546235773532,6698.365494743437,6474.945284885179,6286.340760030233,6124.887447705694,5975.276758496814,5852.301332455115,5751.608091030372,5662.221298996166,5592.777739310512,5541.10739477687,5499.601333694201,5472.717729339546,5459.425821437656,5455.0051678705895,5461.009909263068,5476.9647819004,5500.528600751204,5531.234088980732,5568.79070387517,5612.699435695856,5661.038915162221,5713.667729364638,5771.224028531442,5831.274010142021,5893.716506843337,5960.1051001280175,6027.747419860607,6096.6135255929075,6168.680154050519,6241.386046824507,6314.635589784464,6390.695853811536,6467.131243293008,6543.646133401819,6622.732134326673,6701.91739917127,6780.799617814335,6861.832286283141,6942.779871750622,7023.234000339466,7105.273743426489,7187.266915803933,7268.772503602837,7351.236095043019
T27000logg3.6,11293.655218719621,10890.50718760485,10503.20401314489,10171.38265595436,9875.275449796125,9592.093240511993,9350.186580635427,9138.469069685507,8937.87192541534,8768.52993086612,8624.580242115268,8491.037044592282,8381.408487983166,8292.696572622386,8213.875170842495,8152.98513305042,8108.803556677767,8073.458842201392,8051.216882910632,8041.754718393008,8039.947259924201,8047.419096242508,8064.273649123555,8087.606785374684,8117.23554820048,8153.347101296221,8194.796402040622,8240.065213373586,8289.445890827103,8342.812714146174,8398.237845072304,8456.027325619603,8516.848796643693,8578.605471754585,8641.683416277621,8707.050362927701,8772.83507708734,8839.36779541048,8907.790473643132,8976.415055778016,9045.404823399842,9116.034277568746,9186.631599153687,9257.3044235385,9329.191339300685,9400.910834350185,9472.615713558844,9544.93473191548,9617.177240973602,9689.495735652008,9761.756911799113
T27000logg3.8,13484.639130480537,13115.014288667217,12759.014646898831,12453.50020353729,12181.537853358204,11920.856961847336,11697.90670836611,11503.476722238944,11318.935617559608,11163.087010343086,11031.337127371075,10908.987992118211,10808.649898883024,10728.25453591169,10656.81476784703,10601.916654768784,10562.981933047206,10532.062730572114,10513.234698270784,10506.653908209859,10507.036111014519,10515.962708156889,10533.921897336248,10557.73800224147,10587.31594345233,10623.162799918462,10663.80347467694,10707.87861760845,10755.983286915294,10807.565979138424,10860.926727360264,10916.66302127839,10974.922716863963,11033.911400990615,11094.31692827935,11156.475566823732,11218.89945220363,11282.227083645625,11346.879712532262,11411.599299193062,11476.875798084477,11543.198777959873,11609.35900808117,11675.82269022308,11742.883466637333,11809.660856114155,11876.699693428416,11943.698781371533,12010.527118725195,12077.74910228391,12144.216435957283
T27000logg4.0,16195.143059964956,15871.816475259659,15559.72260021969,15291.57251745622,15053.67270588679,14825.26753773627,14629.860753060884,14460.326350219879,14299.280330514941,14163.410659220835,14049.485329721832,13943.748567794886,13857.348925267197,13789.162383853483,13728.805684044097,13682.986070982888,13651.766073104991,13627.579164261138,13613.99009791214,13611.617544438943,13615.371131832802,13626.566794885714,13646.059380862336,13670.664242632653,13700.230053319652,13735.565207157895,13775.052898138807,13817.40664015137,13863.504547261147,13912.511424546374,13962.902270927081,14015.546927966532,14070.163649697495,14125.22645998234,14181.70984555375,14239.366414400944,14297.083997451708,14355.799058463224,14415.21658507454,14474.538837497821,14534.570846178152,14594.992073417932,14655.118646172814,14715.759853479733,14776.325067061853,14836.504195236135,14897.211054009167,14957.188436671293,15016.909256065674,15077.328443316945,15136.291879587216
T27000logg4.2,19170.21492475261,18866.69199089364,18572.852309384063,18319.78510129009,18095.33478093217,17879.25028140993,17693.990632067187,17533.409836435538,17380.449132390873,17251.116269137317,17142.825345423706,17041.9614735728,16959.289644210872,16894.158950988567,16836.159177054535,16791.878266708944,16761.71009971868,16737.97392751164,16724.271808966445,16721.482601959655,16724.327477779312,16734.24231649412,16752.31513303328,16775.074704782466,16802.56531183677,16835.801872247357,16872.83210337704,16912.59704539641,16956.192334412317,17002.36093881105,17049.848551629337,17099.74220057204,17151.263975604867,17203.197681986985,17256.74767174729,17311.088532056467,17365.467764857396,17421.058394096744,17476.93661181647,17532.685282103444,17589.359940394526,17645.991028729353,17702.273460205874,17759.293130233396,17815.788096242723,17871.833508867854,17928.64658107818,17984.25684200743,18039.544536086276,18095.788524454907,18150.06891993831
T27000logg4.4,23263.154454411837,22988.625239213194,22721.91793159733,22491.563277869,22287.31639702595,22090.044426556873,21920.489508274717,21773.704379667528,21633.433035126236,21514.527739794834,21415.168677546826,21322.235231594437,21245.79765629527,21185.74045771055,21131.8751803891,21090.475362119923,21062.319093420032,21039.769427477135,21026.35145689802,21023.24654364993,21025.05709757324,21033.301550322252,21049.338943240567,21069.399660826486,21093.75424373491,21123.66628879711,21156.77392686949,21192.326714548526,21231.68899592329,21273.058489923613,21315.57408868408,21360.59888076241,21406.671561832,21453.05091884818,21501.23909444697,21549.5846468325,21597.90290247729,21647.67570263023,21697.055891150427,21746.248293884662,21796.637560871302,21846.2908840674,21895.534394937436,21945.8098494591,21994.875455073165,22043.424774614556,22093.062712900362,22140.818911933944,22188.177808223183,22236.834087631527,22282.855150401723
T28000logg3.0,7001.773282738002,6473.109181810642,5967.782451117157,5535.296346011294,5141.116131138843,4766.323447718162,4446.725052670855,4160.872791182413,3892.568365186076,3667.0337833200256,3470.8645023568797,3291.436625328666,3145.2205894601725,3023.198196376893,2917.82509376175,2837.3537527863946,2776.224996158973,2730.6945426766415,2703.6825545262764,2691.54887491497,2693.6399729792793,2709.1529473945247,2735.4214006338493,2774.368304791669,2822.5574577600114,2877.90265033525,2944.204572974447,3016.3386389178363,3092.5363332959123,3177.8368960504736,3266.4276584317304,3356.6916432967364,3454.719654402635,3554.3244376236516,3653.9556598996373,3760.319866011432,3867.2484999719504,3973.167389491247,4085.094056010302,4197.1565136634845,4307.477140325488,4423.231607454577,4538.725817889519,4651.80132076484,4769.651097956296,4886.9371759865635,5001.3061942521,5119.881887764925,5237.744632906896,5352.4225717184045,5470.776623732412
T28000logg3.2,6679.961249426468,6191.966991213732,5726.672313799437,5330.032289035906,4972.648529532515,4633.376213478646,4345.034620757586,4090.0009551292596,3850.6036571797326,3649.8761600933544,3477.3033294328975,3319.2527759207983,3190.785196886297,3085.154860070211,2993.6964724311974,2924.1790180549165,2872.700533196508,2834.2450998564545,2811.863206644576,2803.1626340636963,2806.0977736606965,2820.494384070782,2844.7064180853727,2879.1376530030566,2921.357607204028,2970.0804115250503,3027.5213721617906,3089.7435787016548,3155.6964522306016,3228.7578775062234,3304.4580044543923,3381.8356918815643,3465.2441042219857,3549.911401148519,3634.9416756247883,3725.202514311478,3815.9989124780254,3906.369482766361,4001.495161341797,4096.878515472353,4191.273326175879,4290.085823486976,4388.8611613653065,4486.119110337354,4587.28815085105,4688.182834667675,4787.193477107724,4889.56104159037,4991.591260490296,5091.582158859368,5194.361722440548
T28000logg3.4,8210.875082733892,7761.186597542344,7330.931851438313,6963.316518815688,6633.473113038347,6319.327742508877,6051.712548108824,5816.052251048121,5593.850893343518,5406.865363911358,5246.751173920346,5099.0893805686765,4978.322372832655,4879.461655839784,4792.600486501982,4725.756086508364,4676.295539715829,4637.706392089177,4613.756957615928,4603.037455062836,4601.878094770381,4611.123872992984,4629.962081287472,4657.054824089705,4691.218439359794,4731.881709285643,4779.474652055013,4831.408507840076,4887.29430937808,4948.644638495252,5012.3992989859225,5078.225410334651,5148.524849785656,5219.989196116463,5292.35929227152,5368.453499440229,5445.096100688401,5521.966385341144,5602.152003233953,5682.650983555916,5762.918113567354,5846.240024292221,5929.624787405927,6012.376548012503,6097.732277986393,6182.972741146126,6267.3536657481445,6353.763566086406,6440.080074572385,6525.5085158069705,6612.345493291306
T28000logg3.6,10241.289936987538,9846.744899627225,9468.78208306585,9145.811134836125,8857.583333732624,8582.927721065906,8349.155324566445,8144.789258238851,7952.140048856122,7790.393350446703,7653.345401275956,7527.208346047269,7424.6327482831675,7342.253083933894,7270.31973409284,7215.909206654748,7177.533235666846,7148.535942327794,7132.265312962774,7128.169675751471,7132.233884969529,7145.223104907941,7167.021063845176,7195.752646745354,7230.435044329808,7271.072485819361,7317.437997781014,7367.308534829465,7420.813364354646,7478.6656687121695,7538.304847918554,7599.881119418324,7664.849723054385,7730.522696162103,7797.127422648131,7866.385323884058,7935.864757473826,8005.735093557694,8077.854974709434,8150.036756894445,8222.259264644987,8296.47208720917,8370.56384969429,8444.416679740341,8519.81278741754,8594.983539295914,8669.81401947632,8745.583620106654,8821.227324231771,8896.608234243962,8972.269988575317
T28000logg3.8,12219.84968204985,11860.886298299953,11515.968966561426,11220.631770219197,10957.867518593694,10706.757906166376,10492.653598314157,10306.227307745914,10130.024665616382,9981.909849265448,9857.138732948366,9742.052777380202,9648.459181846987,9574.094458720458,9509.019629509594,9460.022476387716,9426.36376960399,9401.053982954198,9387.443085150597,9385.530500074898,9390.88773587089,9404.4484558097,9426.543025113766,9454.786717386074,9488.489262802505,9528.01815796304,9572.602156812192,9620.3682202793,9671.774482683712,9726.921418011409,9783.646311030356,9842.405542925992,9903.975369085012,9966.116372208531,10029.365436117947,10094.678137574896,10160.127222913165,10226.198947154644,10293.912029162793,10361.60893291729,10429.60840453427,10498.966602149034,10568.119725771476,10637.336404746342,10707.450926515245,10777.268219735808,10847.10146055213,10917.198937220242,10987.116486896179,11057.167482311692,11126.785610451763
T28000logg4.0,15129.796244588408,14811.259653437619,14504.428171135982,14241.284837529947,14007.795515671274,13784.250249593391,13593.508250182573,13428.158224907616,13271.695300678135,13140.22337916205,13030.267718924055,12928.836274874968,12846.561348950818,12782.104753693311,12725.83933174307,12683.930858516904,12656.281049740634,12635.994853147839,12626.142174458975,12627.204528378496,12634.68403984231,12649.447303500076,12672.224202836456,12700.389332414714,12733.36229845375,12771.848893814553,12814.731977849839,12860.345397936702,12909.469011374083,12961.727344279194,13015.248946865679,13070.802115015696,13128.554817578448,13186.646918572262,13245.938328047318,13306.635488533204,13367.290939740446,13428.723931995648,13491.085404928417,13553.275522478078,13615.970865603385,13679.273423494871,13742.234171528618,13805.513017447807,13868.920299237845,13931.918918248875,13995.249776341594,14058.049568147802,14120.585313085956,14183.62564021958,14245.409147854954
T28000logg4.2,18452.50031212072,18161.97534810426,17881.30536370536,17640.081319924077,17426.38366418309,17221.232285992846,17045.871176300192,16894.258932040164,16750.426745490746,16629.386663769026,16528.578953214368,16435.324627554968,16359.575721332665,16300.656707865075,16249.013804892367,16210.519938678663,16185.555223576459,16167.14638948676,16158.300878934104,16159.872545414953,16167.160288616225,16181.114272106432,16202.790095159018,16229.214401015732,16260.016107865746,16296.190809586025,16336.195040501192,16378.640723882307,16424.60391481648,16473.16295918272,16522.802608137652,16574.585225471026,16628.021027390325,16681.678241883325,16736.72711503188,16792.60928829769,16848.378414000737,16905.165737012267,16962.284405277664,17019.16474474672,17076.8072332957,17134.445655516625,17191.670460049314,17249.49052240422,17306.825437333686,17363.677528866298,17421.164096398184,17477.4946156441,17533.485023664434,17590.30093379796,17645.21881312446
T28000logg4.4,22226.109967156714,21964.488982251394,21710.949847330656,21492.521857419644,21299.274734932573,21113.25522195122,20953.95960894111,20816.596324348586,20685.9589863447,20575.86142725866,20484.548884313797,20399.845862802482,20330.953160132918,20277.75704421,20230.938071201897,20196.011830024116,20173.750002895285,20157.25016777874,20149.409176067486,20151.38324975032,20158.39909408749,20171.44683837233,20191.846794364792,20216.389975736776,20244.879781949945,20278.550153817818,20315.519843845148,20354.65048716554,20397.26857547681,20441.99600754104,20487.639877323163,20535.515307165395,20584.552388478845,20633.71248847374,20684.435957870694,20735.45542239007,20786.302473172036,20838.387493788105,20890.232105266263,20941.78747304295,20994.34598121965,21046.315449997663,21097.814969521256,21150.17124145468,21201.463394189715,21252.211927724773,21303.879120439095,21353.81981996919,21403.35250967018,21454.011686480717,21502.207049311317
T29000logg3.2,6704.122416748315,6205.506481311898,5728.947233554412,5321.47445049954,4952.106499425976,4600.523311564954,4300.686243868909,4033.6937700835197,3782.379138058868,3570.782123733163,3387.340152609898,3218.6652112108645,3080.624539652497,2965.5887542803302,2865.1276350473886,2787.5426272171976,2728.265612283916,2682.5375379345405,2653.7645190469425,2639.039190825409,2636.575370526714,2646.378096479125,2666.373777189251,2697.223674083406,2736.537607619641,2782.70693852595,2838.1934750492564,2899.0321764380465,2963.904742088179,3036.4400959430873,3112.0716219190385,3189.609872580406,3273.681212428177,3359.359329036917,3445.5377500134596,3537.3917485496504,3630.0198738880767,3722.284596253126,3819.6709767161506,3917.4918316321664,4014.326844657951,4115.869017281869,4217.499320021111,4317.554373754996,4421.760594064713,4525.78073722538,4627.808153073587,4733.421644386747,4838.744657893106,4941.876725139074,5048.0147244951895
T29000logg3.4,8027.6512853232525,7550.544444848235,7093.844899802589,6703.179320958654,6351.021747384989,6015.284719892193,5728.7583286069275,5475.025438632679,5235.422248651304,5033.220745167098,4858.748723615631,4697.341822483976,4564.574141071315,4454.386505146439,4356.889377905955,4280.699942294038,4222.435388638588,4175.7359464440615,4144.695622079167,4127.350742299749,4120.242909748515,4124.351042602423,4138.422457309933,4161.372352984354,4192.008704195601,4229.426049311064,4274.311573391695,4324.000340522981,4377.84394903689,4437.634355479712,4500.185405560768,4564.950757685682,4634.644004477014,4705.773423190417,4777.892250353753,4854.167903552257,4931.194717324859,5008.485616527626,5089.498372345947,5171.002851448865,5252.270424782947,5336.972804661039,5421.8943823890795,5506.122136583982,5593.301755814249,5680.494638940726,5766.708649839922,5855.284492624989,5943.859803937175,6031.380659262417,6120.632969093709
T29000logg3.6,9456.606539612272,9048.540119118068,8657.998975186247,8324.417755290146,8025.8432574195795,7741.616940736153,7499.805012881186,7287.7314939640955,7088.072477654792,6920.524263267165,6778.008288864674,6647.028839095704,6540.534815890975,6454.425586533374,6379.423730963416,6322.570561299507,6281.850990132294,6251.152621772198,6233.6465446759385,6228.3722430838525,6231.873223377383,6244.652332090089,6266.249965583162,6295.35381658259,6330.6494602449975,6371.870066571196,6419.323809420738,6470.448621693176,6525.142500109411,6584.643047577806,6646.046561634431,6709.297365655746,6776.381139457533,6844.246139530006,6912.924854635716,6984.681738175438,7056.703250152476,7128.973743673943,7203.900715236934,7278.932275088348,7353.846914831011,7431.138094996128,7508.35156053767,7585.139924529303,7663.832821716492,7742.338448641254,7820.283515783871,7899.51536180037,7978.644284602037,8057.261575736888,8136.500697786594
T29000logg3.8,11444.859775395258,11079.694177794881,10729.207563267468,10429.302496384007,10161.883575582351,9906.670592813845,9689.261084725436,9499.537383851535,9320.518146649574,9170.198245145468,9043.243374747999,8926.377472233735,8831.44960500495,8755.689094014315,8689.648709441304,8639.960399036445,8605.526290258127,8579.852701037289,8566.073269343706,8563.90682938136,8569.39205766471,8583.217680625701,8605.477237531744,8634.23808801846,8668.53780139004,8708.557520999624,8753.932315283684,8802.533360437594,8854.662743610463,8910.806423356491,8968.557073747224,9028.230436558004,9090.982344961167,9154.319659295017,9218.645127189217,9285.299807156312,9352.09276087559,9419.382301404095,9488.57281350466,9557.761859213013,9627.129216625415,9698.107186083273,9768.91308472552,9839.652281998908,9911.524615109593,9983.141925351636,10054.629769751775,10126.609807378765,10198.45235696057,10270.271336635004,10341.88554513719
T29000logg4.0,14142.493256259584,13829.901560572702,13529.522299998953,13272.46022539736,13044.32779483844,12826.55333693435,12641.261698640148,12480.749900777568,12329.470721059686,12202.89002568201,12097.284892958118,12000.492040928932,11922.58349718961,11861.95971000457,11809.837170146955,11771.783328407379,11747.511383036539,11730.889011921176,11724.43882588092,11728.479792282882,11739.180874668678,11756.923491850579,11782.290794390452,11813.262175915781,11848.812773070418,11889.532049066225,11934.825639934783,11982.649240350505,12033.680584572696,12088.017267363139,12143.455336243402,12200.663833630051,12260.255837240033,12320.054707572526,12380.820872365613,12443.198824844552,12505.43271185879,12568.239883474409,12632.192364386041,12695.914719310977,12759.965262057647,12824.842301719736,12889.363083049435,12954.04064712089,13019.058100600614,13083.679298145222,13148.467459294525,13212.937477436877,13277.16475522279,13341.722580846737,13405.251837179076
T29000logg4.2,16917.159581392083,16637.871226399162,16368.870555719466,16138.349403761262,15934.392667781702,15739.369467466762,15573.36167640479,15430.269798427757,15295.317468807069,15182.528955882892,15089.251643407071,15003.87783753355,14935.50490750199,14883.314855388,14838.797575190587,14806.983240311123,14788.132944571256,14776.22224286047,14773.49747397211,14780.68950152296,14793.951077581933,14813.539334408231,14840.37812862363,14872.296107128732,14908.281293586753,14949.215787266841,14994.27396189378,15041.499779153184,15091.851600537173,15145.084892783356,15199.164280693074,15255.03104377554,15312.846411151691,15370.684054896856,15429.581005531463,15489.617217713077,15549.368759016874,15609.829208940477,15670.92593802731,15731.657649019502,15792.865601933823,15854.361654220822,15915.361516677103,15976.684867957429,16037.800793183094,16098.386253008513,16159.334711854319,16219.404836069078,16279.104171455254,16339.352870665163,16397.99456395261
T29000logg4.4,19634.145685093485,19381.33787853027,19137.14474046417,18927.46826370813,18742.389396915765,18564.977711124913,18413.744232779783,18283.853433745215,18161.102845851685,18058.441426712645,17974.028676719947,17896.652767788193,17834.72271381426,17787.99417321224,17748.108151824785,17719.80016138676,17703.7073122394,17693.833242638204,17692.348841683703,17700.258071549622,17713.645764994555,17732.826897380128,17758.949101144975,17789.655366122395,17824.09188778262,17863.32491048482,17906.282322545616,17951.217014877806,17999.266240091285,18049.85033301935,18101.187875857577,18154.393056143632,18209.20092138487,18263.99108648904,18319.986621659926,18376.752377511253,18433.23064620976,18490.603075555973,18548.221803580975,18605.470380581264,18663.395632406664,18721.207691642758,18778.50494697615,18836.34278040719,18893.569323252603,18950.2383669739,19007.506465862683,19063.488183350888,19119.06225000638,19175.432367025503,19229.7799305948
T30000logg3.2,6013.033998511785,5598.019035488723,5200.9968218233125,4861.144763622256,4551.945857908426,4257.721151576537,4006.917435799039,3783.184605511643,3573.3385439248523,3397.388126533112,3245.1708882345865,3106.560368461303,2994.463037282099,2902.09779273351,2823.359588946494,2764.6629463383674,2721.84000542366,2691.8999745797782,2676.9903454399573,2674.3829019618165,2683.674334844468,2703.968217640864,2733.2380311841566,2773.2342932837214,2820.8802500705374,2874.543369354816,2937.556822003651,3005.4358664269535,3076.762467041621,3155.906043964765,3237.8457858887505,3321.2529063381953,3411.4062458704207,3502.9685185435674,3594.6560685276872,3692.258805812675,3790.4681213989516,3887.9886098017437,3990.8188426386782,4093.9175224728833,4195.722444997663,4302.352752913302,4408.887685920451,4513.560718561712,4622.500217778501,4731.073599740556,4837.389772744517,4947.440059201773,5057.010479926358,5164.125357799031,5274.423881724632
T30000logg3.4,7220.402548420673,6760.591796965554,6321.050370414473,5945.466760136314,5606.436356522411,5283.706250225022,5008.699089605133,4764.944392423999,4535.410125241386,4342.288184572112,4175.712236432128,4022.4080834455913,3897.0329042829885,3793.226278113057,3702.4102628634805,3632.3487888662758,3579.3661732695095,3538.3390921846676,3512.593934446906,3499.881706076954,3497.8787044137407,3506.8468690546806,3525.241996756495,3553.0185260121334,3588.2990253187104,3629.9167549376525,3679.491280361483,3733.740674443999,3791.7610881319074,3856.201902635459,3923.309438602718,3992.291314439417,4066.6787975985294,4142.432277508215,4218.855119730065,4299.915604490504,4381.664253462975,4463.3782752150855,4549.260099954406,4635.584916610653,4721.379581170079,4811.004296100748,4900.802371237646,4989.602778656867,5081.720718412141,5173.808002069669,5264.595428059648,5358.112771447283,5451.571731473292,5543.631415538739,5637.795296174628
T30000logg3.6,8890.86492114616,8463.131889588294,8053.8984097724615,7704.253537088364,7390.2370579979515,7091.26053556283,6836.70216513308,6612.501393113908,6401.324687555857,6223.848766600042,6071.985189475861,5932.191770968272,5818.117407721565,5724.835014159393,5643.243652523799,5580.686798286788,5534.554828208154,5499.023043859859,5477.368311702979,5468.174309475969,5468.312018140267,5478.2665262357805,5497.2016533443075,5524.161095577159,5557.713147684309,5597.293731211899,5643.5543040153825,5693.78367277521,5747.637251019281,5806.704124241083,5867.906119700203,5930.977275234254,5998.2811658222,6066.551124794916,6135.627046076544,6208.181422333918,6281.145194005474,6354.326026769737,6430.5557697626045,6507.024860654131,6583.319864719121,6662.370885954925,6741.465766653509,6820.039080716646,6900.875146011184,6981.628020357236,7061.679915470703,7143.371001371352,7225.03651540894,7306.011125700692,7387.957961057677
T30000logg3.8,10871.1118754214,10495.000798055069,10134.103141059988,9825.261122385535,9549.232578989138,9285.885117037149,9061.524908542138,8865.22924996277,8680.071115808129,8524.535688905064,8392.69576589158,8271.299352470445,8172.527739783392,8093.106066484229,8023.772791548599,7971.23892967311,7934.052549975475,7905.97456548028,7890.117140290224,7885.924713176016,7889.703393912936,7902.06136607908,7922.860414524484,7950.444000344662,7983.727460433872,8022.713717651112,8067.286835122078,8115.201231448432,8166.6149797383105,8222.248138090348,8279.579960668854,8338.803547782327,8401.307042339473,8464.468574520295,8528.579813416292,8595.220487439403,8662.057343572951,8729.34367387972,8798.728367719126,8868.176031304403,8937.756029506594,9009.146418854585,9080.440995944089,9151.614088951781,9224.111954636648,9296.43141614616,9368.545886203558,9441.34074270906,9514.06770398927,9586.67882405625,9659.278209492011
T30000logg4.0,13108.14728887017,12798.89486722762,12502.554308442612,12249.572938487545,12024.90395657534,11811.205663420735,11630.014422739196,11473.126944467296,11326.036993067572,11203.645262166025,11101.830458245755,11009.337991258306,10935.692431076854,10878.90658001085,10831.175444529074,10797.380981442175,10776.956061610317,10764.710917175857,10762.485260574083,10770.363256155537,10785.389521656118,10807.289811553546,10836.429151543492,10871.613769927219,10911.186067038525,10955.562890486832,11004.892157850583,11056.560672393782,11111.09092171244,11169.259573672556,11228.35337817766,11288.895090880767,11352.133514898751,11415.418192879562,11479.362990030479,11545.224594259947,11610.794295779106,11676.64662659418,11743.935409633008,11810.88205557506,11877.88424386931,11945.98337991937,12013.653724573287,12081.217061932028,12149.368961312239,12217.082672909859,12284.695740082223,12352.231046061475,12419.494394935695,12486.813768439188,12553.345022952832
T30000logg4.2,16406.799607074587,16122.082384703906,15848.117492276398,15613.44754315428,15405.343241763961,15206.523350251626,15037.331687875243,14891.100002487461,14753.276042989173,14638.066096510223,14542.409037560332,14454.857390759187,14384.633543025306,14330.579019662413,14284.414913649316,14251.15651083499,14230.837826942028,14217.646526790559,14213.782381484478,14219.807801977739,14232.057069265564,14250.729390023498,14276.614123045689,14307.709405486958,14342.9218614527,14383.042120598855,14427.379471601827,14473.910919846303,14523.530812097742,14576.107334594699,14629.548599556956,14684.747365512858,14741.96918313755,14799.228317961612,14857.52120159883,14917.036118327716,14976.284276586657,15036.222480611992,15096.885660847247,15157.220664848763,15218.02378569907,15279.203770673328,15339.94535643784,15401.006267641158,15461.937221976514,15522.41199672077,15583.240062263196,15643.263611073968,15702.99664831698,15763.263501309642,15822.001717936178
T30000logg4.4,18470.959639912784,18221.13332222559,17980.33525585748,17773.965972667815,17591.82428757479,17417.686391997944,17269.630778254785,17142.606385856892,17023.01658882049,16923.41247169515,16841.777830432846,16767.447665831598,16708.462451326774,16664.403330655743,16627.483581841272,16602.02439209488,16588.53571691573,16581.53654267809,16582.808942533764,16593.245472649647,16609.396161901124,16631.21343791394,16659.73831933369,16693.061384682427,16729.97643892644,16771.467552946775,16816.860809899692,16864.100138440346,16914.24824559278,16967.095110086953,17020.580530793708,17075.745772117334,17132.688106234593,17189.519883112283,17247.383148949404,17306.2121977598,17364.677206316308,17423.873708628395,17483.523913676607,17542.7566901017,17602.515729413954,17662.368143253127,17721.688721804843,17781.4055755767,17840.711606038156,17899.465066975354,17958.665755056812,18016.779542464577,18074.49833709518,18132.8486001305,18189.38429781344
T31000logg3.2,6129.990565923536,5804.260929674242,5490.291329643633,5219.634659031771,4972.3387487711425,4735.545766865246,4532.530428311997,4350.927466577036,4179.844753170655,4035.808195831182,3911.142038481083,3797.4065484243324,3705.33719803974,3629.9786154950757,3565.76804405158,3518.4103680692056,3484.862654710367,3462.07090942444,3452.2447723983587,3453.4490637170516,3464.8824820815107,3486.104106731789,3515.693661537797,3554.7925827299237,3600.9588998781524,3653.006793894347,3713.5674681121113,3778.837105946391,3847.71771988935,3923.8781958551203,4002.898535595187,4083.6898870235955,4170.846390804697,4259.572345589772,4348.764393726635,4443.585692752748,4539.183628795235,4634.417848783578,4734.716413350331,4835.36376642036,4934.972870211217,5039.182476404507,5143.2818286616775,5245.744460184618,5352.358889093121,5458.543747176677,5562.682708258332,5670.5558089173155,5777.831952664491,5882.822041774096,5991.092420697959
T31000logg3.4,5959.336775364892,5581.387760086963,5220.398507889993,4912.271375988141,4634.228461182904,4370.153256282318,4145.830383867167,3947.5277369543223,3761.9605495253327,3607.097045933468,3474.6305233818725,3354.4878080707417,3258.103807755996,3180.0821750673053,3114.2196515530504,3066.142242369594,3032.642656779466,3010.5008798962226,3001.546609691024,3003.7300653862058,3016.2919708170375,3038.381188335028,3068.4915925955706,3107.8770735433554,3153.7880953874865,3205.0040759217472,3264.227482835287,3327.499916192886,3393.7760106289393,3466.646008707647,3541.777610978285,3618.182276858055,3700.2316723028202,3783.3745603525276,3866.6802314636075,3954.905791542196,4043.6103396248286,4131.849822947905,4224.503927728968,4317.411254385538,4409.394778597985,4505.39812727145,4601.385226151846,4696.017714149268,4794.159258911606,4892.091345938137,4988.3982807883685,5087.657199735531,5186.675869338685,5283.973407371954,5383.620651784965
T31000logg3.6,8054.532525341596,7638.378746886421,7240.5197049151475,6900.795408093803,6595.422512030644,6304.9012225562265,6057.7499739526,5839.922695673197,5635.098105318892,5463.283251895608,5316.272114305262,5181.400680702461,5071.749681985319,4982.181624133183,4904.402689952494,4845.277106312242,4801.971302134278,4769.430626021714,4750.527360615608,4743.61876267068,4746.28506202508,4758.641889946311,4779.615527843885,4808.902719909359,4844.714495555284,4886.267283782638,4934.791198752973,4987.264899973735,5043.12850274142,5104.502879741799,5168.02704339403,5233.226546314288,5302.979321230988,5373.736721178662,5445.128462493951,5520.3405014720265,5596.004806627453,5671.734854625718,5750.842310145194,5830.23563894188,5909.306191636195,5991.431604833862,6073.640171604229,6155.169798765735,6239.244196839365,6323.269201777419,6406.423389675416,6491.504456486734,6576.578831158103,6660.771158917588,6746.227289737372
T31000logg3.8,9802.812896082067,9424.219584381599,9061.335832045099,8751.040748989073,8473.307308882611,8208.677687277768,7983.480427150239,7786.203105749498,7600.521528400899,7444.860349994481,7312.80268723504,7191.635781382564,7093.395571197884,7014.3523895796825,6945.8693648609105,6894.363682529149,6858.016920359807,6831.249832330463,6816.831800422079,6813.897334073515,6819.40979799683,6833.607265891363,6856.061436454026,6885.761082383211,6921.222515809313,6962.200442006028,7009.17968627055,7059.538366458766,7113.207608325307,7171.4873287090595,7231.4963321592295,7293.208893301951,7358.5928442360555,7424.660917128527,7491.486328824526,7561.241770933554,7631.208338259989,7701.4306538898345,7774.144064727903,7846.941526258788,7919.675208162887,7994.595807483499,8069.443823609935,8143.959467200146,8220.157110779346,8296.198469603401,8371.804194168344,8448.44501560234,8525.027553585587,8601.239425811142,8677.793753216485
T31000logg4.0,11553.224968940676,11233.741991636325,10927.791324476832,10666.736731762043,10434.69697975443,10214.241284620653,10027.52514417442,9865.768638850222,9714.447691393136,9588.804626869078,9484.283539333874,9389.692090166312,9314.672888417379,9256.867118728518,9208.704378606886,9174.981226430275,9154.833157178922,9143.441818780508,9142.44498293144,9151.66620134003,9168.609036411695,9192.705843416621,9224.06688898506,9262.02849104146,9304.558213543538,9351.847092167724,9404.583719728573,9459.777846361223,9517.735739791227,9579.798495326606,9642.861459127058,9707.232133718762,9774.759572287057,9842.375700095994,9910.473641605287,9980.942385337796,10051.132260579327,10121.3989647266,10193.543099872515,10265.34606944657,10336.980428869083,10410.130876767653,10482.84320474175,10555.200255784865,10628.538003566564,10701.420077023407,10773.929806099415,10846.738720945472,10919.25187125781,10991.531228445592,11063.391006286396
T31000logg4.2,14572.955971513195,14296.888505959612,14031.912766771115,13805.503230349359,13604.841224391848,13413.84208081941,13251.965684416551,13112.408836070581,12981.702637750072,12873.249315659035,12783.802966648886,12702.909877373035,12639.0418316416,12590.790478054647,12550.916820023976,12523.639935559358,12508.764762493063,12501.49751427268,12503.277648125146,12514.440837178454,12532.293866444645,12556.322712887282,12587.079905887225,12623.505415161024,12663.816814830274,12708.586171856046,12757.997277109253,12809.400064166804,12863.46980971591,12920.90892222236,12979.04224319459,13038.538733558016,13100.483688560465,13162.318090820256,13224.806159550788,13288.95228203948,13352.697166366619,13416.77141731583,13481.996193594527,13546.794933454586,13611.725001978506,13677.435047532164,13742.6464383226,13807.85360555886,13873.311457194557,13938.27881494394,14003.270772019087,14067.83300257875,14132.080339602588,14196.523394107475,14259.821134172114
T31000logg4.4,17880.709673281795,17628.151946714926,17385.123173005628,17177.089634039625,16993.198433456877,16817.72579987003,16668.759811934353,16540.802368849425,16420.64099770294,16320.779439328004,16238.878269940331,16164.588284703466,16105.86350991182,16062.008085910735,16025.614543862082,16000.792011438909,15987.869242861354,15981.721895346589,15983.89814761722,15995.151553438878,16012.354599402179,16035.228510872099,16064.699015607359,16099.163532409526,16137.178752361351,16179.650116215747,16226.173549635427,16274.481432257626,16325.576678236983,16379.495533942174,16433.986987026932,16490.04241207895,16547.99328973632,16605.76623351685,16664.45763305595,16724.230490517,16783.57704176578,16843.54929414059,16904.087845239734,16964.172386766204,17024.688786821444,17085.401220661337,17145.573507876463,17206.052500073205,17266.209025523098,17325.827598950567,17385.801834466794,17444.77039663858,17503.37190387718,17562.512672551526,17619.921088968847
T32000logg3.4,5477.971719748243,5181.574107546292,4897.332536568622,4653.90365506647,4434.0077524525805,4224.586216077246,4046.397633394458,3889.027579870777,3741.857645087592,3619.322502574049,3515.120797931375,3421.3120473822473,3346.923298191141,3287.949326479681,3239.37608249911,3205.6472839383814,3184.3568859545967,3172.9594230201315,3172.7729308731095,3182.2588841587803,3201.0194020565555,3228.059169983064,3262.2160882750186,3304.8841715459735,3353.365631937028,3406.6596153899136,3467.4761952296594,3532.013025096579,3599.3400917515955,3673.0058448738314,3748.8206868848506,3825.850545120093,3908.397943829202,3992.0428648967472,4075.8614727158892,4164.556211297655,4253.766769668046,4342.548663447026,4435.716244744572,4529.136259597992,4621.649222891094,4718.146056805363,4814.572494802439,4909.65479602837,5008.272279271838,5106.603963560486,5203.326681723517,5303.0991312802835,5402.524880973804,5500.222869863893,5600.42077143491
T32000logg3.6,6401.677571827343,6068.676995086442,5751.050600264724,5480.665907394041,5238.530732095462,5009.2132113134985,4815.3259256808715,4645.695515974042,4487.784793878167,4357.083033887542,4247.040606616463,4148.303392123708,4070.4562226517965,4009.3855356592117,3959.354437158823,3924.814203973705,3903.430546821283,3892.262252761861,3892.4285054757875,3902.496385717282,3921.825022480406,3949.199261521837,3983.578442969736,4026.175524068181,4074.1433193555977,4126.627904396748,4186.141243164094,4248.830955227224,4313.974587063078,4384.81563313709,4457.288407044899,4530.693963993671,4608.917239251276,4687.787219272274,4766.664448572823,4849.680756262668,4932.876022508559,5015.603285011813,5101.999321921429,5188.448169796097,5274.098028713,5363.043322735876,5451.859134243879,5539.573316615253,5630.076057526595,5720.34280212499,5809.358409701377,5900.570806924742,5991.598462389442,6081.37590919646,6172.707193589346
T32000logg3.8,8675.797985434136,8321.948797597952,7983.464181793017,7694.614601165789,7436.231897614538,7190.71255234236,6982.427388533226,6800.291990249782,6629.69192123874,6487.498978558983,6367.432184659285,6258.282754476586,6170.819742952201,6101.27401303301,6042.326573012691,5999.389357821317,5970.510492973712,5951.2981485773535,5943.71169271145,5946.703884261076,5958.294034562245,5978.051585270869,6005.332799267255,6040.072312698858,6080.201200216738,6125.26106273484,6176.553973004118,6230.975995944579,6288.233460951657,6350.35645750456,6414.049235600351,6479.055944415439,6548.020850717588,6617.569041952226,6687.537870395507,6760.750209665875,6834.105945342312,6907.432959412597,6983.550050923157,7059.71252698677,7135.559758309979,7213.858852143032,7292.066215421424,7369.711709299891,7449.287761862737,7528.707197349353,7607.4744674364465,7687.531502983028,7767.536902020008,7846.955951455443,7926.977187793376
T32000logg4.0,10247.888637510183,9932.106834250702,9630.188848472722,9372.969865593921,9144.364118759211,8927.654664287655,8744.556177651251,8586.093123939714,8438.439616750122,8316.392588798477,8215.17398256985,8124.257948266651,8052.832627584452,7998.284090298217,7953.737103799499,7923.513046991051,7906.505770262022,7898.6081176274465,7900.998210888078,7913.267713928324,7933.61503099844,7961.031572325717,7995.391227151771,8036.711849518141,8082.521264772252,8132.791304053855,8188.838281292662,8247.280250938496,8308.207736813194,8373.559300169507,8439.870452394152,8507.231119672731,8578.077667970456,8648.984451813441,8720.124653686593,8793.985324447065,8867.544517617865,8940.947908638336,9016.578011132975,9091.856311267753,9166.744261828791,9243.483067056424,9319.78365699875,9395.51122732994,9472.540184478814,9549.120555460006,9625.105475964489,9701.709627668633,9778.021996723659,9853.864531143936,9929.611545475358
T32000logg4.2,13238.29314031165,12954.98916342475,12683.31371360885,12451.345240193248,12245.607778820777,12050.03569962682,11884.478903794006,11741.674040176576,11608.204108870375,11497.668760297449,11406.477697775865,11324.282393665388,11259.60070160166,11210.72608026655,11170.639239748085,11143.466619693952,11128.778357537338,11122.0874898488,11124.673420994337,11136.665560880187,11155.72509749945,11181.125868600378,11213.219978922238,11251.344194688529,11293.455036037794,11339.947211987304,11391.392647128192,11444.893123011005,11500.954993990634,11560.67533007186,11621.133616511595,11682.830876961136,11747.263512091711,11811.613932107814,11876.47723495173,11943.294481047142,12009.729298651822,12076.34352695569,12144.4101313131,12212.06965221618,12279.708989704564,12348.429332257614,12416.675636648508,12484.760589952839,12553.383500515974,12621.541052118493,12689.554925544697,12757.416888242336,12824.987046746846,12892.571788165436,12959.281877436119
T32000logg4.4,15699.915343932931,15451.517800548841,15213.135626026931,15009.638928277904,14829.980878198809,14659.247944792027,14514.96360471295,14391.442412710232,14276.250643596333,14181.313663559644,14104.103108073596,14035.038033553223,13981.471107052237,13942.484800398732,13911.506150458052,13891.982043226277,13884.036259200408,13883.4034384872,13890.972041285153,13907.289028961479,13930.084069441058,13958.426081633665,13993.016755359062,14033.11993592624,14076.634624780592,14124.253722706075,14176.400273424053,14230.194316061537,14286.418387124962,14345.92472511151,14405.880009015193,14467.04415325674,14530.56870279474,14593.800188299963,14657.591222160365,14722.94329707053,14787.759873194325,14852.846746849793,14918.973350726223,14984.555362106456,15050.222372175916,15116.542399597574,15182.258589958054,15247.938780068698,15313.731430225778,15378.93990159294,15444.153797767109,15508.783874148348,15573.008056920997,15637.409422408347,15700.497549478216
T33000logg3.4,5618.329150853689,5370.634016086932,5131.353378439472,4925.056755431208,4737.993336597484,4558.614480335887,4404.998696710237,4268.792784588593,4140.555394153301,4033.038127113639,3941.170101831794,3857.8257557004295,3791.158685826732,3738.011383913046,3693.6061504993154,3662.276176633067,3642.096991048649,3630.428507045372,3628.87887986059,3636.230299801905,3651.802792337277,3675.0787199949605,3705.1287254775107,3742.948354410136,3786.3876557994226,3834.6174655103123,3889.8906814641055,3948.95789303129,4011.0081575456757,4079.138985663325,4149.630637524651,4221.639758860769,4299.031080790642,4377.791208641818,4457.057704872476,4541.1385269040875,4626.000624423589,4710.747253200618,4799.857535111186,4889.422802043555,4978.33871217075,5071.235095095905,5164.2068225943,5256.053168315107,5351.496942187955,5446.760798366378,5540.5985813569805,5637.611356537867,5734.33063904382,5829.453647460837,5927.256126388661
T33000logg3.6,5607.502758091077,5347.986625725078,5100.1888788094675,4889.262898547073,4700.987689914883,4522.84587304282,4372.651442098616,4242.106627442142,4121.324270049698,4022.3264285567607,3940.281073233612,3868.044527771568,3812.730810031554,3771.377673050955,3739.6824144642396,3720.7038679444727,3712.739848952098,3713.844150579528,3724.354228426523,3743.2068320385347,3770.4704404194918,3804.5003012982406,3844.4715394135424,3892.0936891262004,3944.295628210622,4000.334250306698,4063.0661616345087,4128.546739589967,4196.074112072164,4269.159687478228,4343.665144032645,4418.858595712614,4498.83911096826,4579.380326077736,4659.770401157555,4744.341799149806,4829.05821003918,4913.196998044971,5001.055126860291,5088.920219258902,5175.883235831559,5266.178485285786,5356.275229697436,5445.180212139368,5536.954339175457,5628.418422029848,5718.5595796673615,5811.032153288443,5903.232548225571,5994.102731331864,6086.697597417196
T33000logg3.8,7084.605783673012,6808.555076142629,6545.786980171172,6322.926029830063,6125.148750233559,5938.740055603053,5782.2794133321095,5647.310541080602,5522.879974633577,5421.3691689690495,5338.028252799074,5264.891314462271,5209.227654322875,5168.1982972833675,5137.068312744817,5118.767975413802,5111.796400448888,5113.927542890598,5125.294288868491,5145.035905586396,5173.000511410321,5207.373551995244,5247.533183921058,5294.9674683111825,5346.517670434214,5401.655829098305,5462.982664415743,5526.557490587134,5591.934101082279,5662.260939369513,5733.550131432753,5805.34068105853,5881.258096785996,5957.333416782537,6033.163921472634,6112.470590173593,6191.605029422439,6270.166485185569,6351.734522657416,6433.098704163588,6513.685205454809,6596.894877593082,6679.8093550488065,6761.7714570823555,6845.840319243697,6929.598122464258,7012.372705399043,7096.640162041072,7180.728036494962,7263.924724866293,7347.950523590745
T33000logg4.0,8553.322176194277,8273.636212530999,8007.223683200565,7781.233573480087,7581.243041045355,7392.7956290244365,7234.764754190579,7099.106202123495,6974.1466483126105,6872.401910356987,6789.545213568313,6717.002853663564,6662.100609368402,6622.4057869026665,6592.732874987437,6575.961890723888,6570.973610200845,6575.174198554889,6588.577682219106,6610.660594657497,6640.979169771757,6677.563031497304,6720.099812752527,6769.833606823335,6823.460489961536,6880.740460036775,6944.071264695196,7009.376847286607,7076.49923563301,7148.365809727451,7220.898545344261,7293.9147663189815,7370.781096481288,7447.499284008694,7523.950265754246,7603.524189433176,7682.6351652551575,7761.149850210973,7842.275347939911,7922.923858973576,8002.783835049784,8084.841958493026,8166.366100028388,8246.955688018741,8329.183180248905,8410.894095087719,8491.672805567863,8573.415835539969,8654.811625148657,8735.407928653896,8816.262781850217
T33000logg4.2,11578.734049584922,11307.046409666316,11047.096173196865,10825.702345871714,10629.759510709473,10444.174011171328,10287.761563549391,10153.42720399635,10028.73207371581,9926.351470122117,9842.705856705525,9768.386668380039,9711.066848300135,9668.951085856059,9635.935271744667,9615.39138698136,9606.742760725394,9606.404504829248,9614.977888511585,9632.41406185371,9657.245409652538,9688.132463385278,9725.216178534187,9768.67693188453,9815.890802501643,9867.043087773145,9923.483043532997,9981.802885920139,10042.284189774215,10106.764207402128,10171.853446468012,10237.81441287936,10306.869608931118,10375.745229222917,10444.786386588943,10516.161011194885,10587.068160607092,10657.831451548158,10730.415739717784,10802.529179057505,10874.322121363984,10947.536771788775,11020.234381464441,11092.48896037056,11165.603536690627,11238.22796215671,11310.436025057637,11382.810022404388,11454.877442355299,11526.686818328693,11597.938871991928
T33000logg4.4,13535.5516532508,13297.078408192378,13068.842765908486,12874.582305999202,12703.438315863616,12541.508632842131,12405.368934963772,12289.379549893094,12182.087995033464,12094.565703835904,12024.216668451701,11962.395751776905,11915.665771785667,11882.957398845756,11858.64040911668,11845.410439199019,11843.20682902121,11848.704578352903,11862.097266267727,11883.726349526376,11912.2346485383,11946.044616424559,11985.624318846041,12031.137453141228,12079.853368719609,12132.231879597543,12189.536624267206,12248.322380074957,12309.126108596507,12373.615974825738,12438.42446706318,12504.052372478489,12572.465969252065,12640.481983588159,12708.677522007674,12778.877353190892,12848.446160691181,12917.92300357788,12988.876929150067,13059.215843520458,13129.304929730597,13200.4632724395,13270.975277012956,13341.133366435439,13411.797000223487,13481.856357719378,13551.608257711143,13621.167743794318,13690.312828462094,13759.319331723265,13827.41106325417
T34000logg3.4,5590.481468802473,5398.29884063378,5212.073184920456,5051.109922002198,4904.833755045735,4764.336019620248,4643.874449063504,4536.923595990834,4436.194754015671,4351.750303746486,4279.581683413464,4214.2541174801545,4162.24970571142,4121.074377395708,4087.1507428037435,4063.9247695448603,4049.818629576641,4043.002571644117,4044.6729418708724,4053.809442701964,4070.2543306080706,4093.3706572793412,4122.338659968856,4158.462271633889,4199.615170431997,4245.036706852476,4297.133118246802,4352.768211628984,4411.162146797717,4475.50507288444,4542.167266739029,4610.313120211144,4683.848426792022,4758.829081697615,4834.374493260041,4914.832963099617,4996.190446652501,5077.506901273223,5163.329809762108,5249.710066917717,5335.504529998383,5425.454415181952,5515.588670224093,5604.6568661010415,5697.556133710105,5790.377307260045,5881.803870036037,5976.6949274864,6071.360361273946,6164.420174144274,6260.517161896321
T34000logg3.6,5422.465870346303,5208.471143738459,5003.653556102135,4829.036045474954,4673.3199114109375,4525.746225137254,4401.270200245803,4293.3291806201905,4193.537957537788,4111.968524533607,4044.8219187415098,3986.128259241936,3941.777573804419,3909.4914327916745,3885.642191612229,3872.734756017527,3869.4490260897855,3874.215716381276,3887.199014962443,3907.5738019961655,3935.586201553624,3969.6312864329375,4009.0424227570697,4055.564340434609,4106.271631731143,4160.525663452508,4221.132490058633,4284.347617893482,4349.521653226196,4420.090025311918,4492.083565320365,4564.800851483184,4642.249924087392,4720.348192370563,4798.388737775663,4880.630380898434,4963.130014825021,5045.1571970184805,5130.958185481661,5216.85237785952,5301.92505222479,5390.3977551237795,5478.727366773977,5565.927501555151,5656.117722942792,5746.034205750179,5834.6732168239405,5925.8182783095335,6016.695995820181,6106.256929999374,6197.762161936308
T34000logg3.8,6147.43339422686,5929.7163202736865,5722.815845406133,5547.907413041331,5393.850816087904,5249.33976405342,5128.969158734497,5026.502954487246,4933.242626858725,4858.622148260771,4799.205641115555,4748.968541624362,4713.023504526146,4689.390812099871,4674.700466368375,4670.570532085901,4675.951779302947,4689.657103427674,4710.98637462511,4739.318867937982,4775.315552138696,4816.617386793162,4862.718141664112,4915.749410928777,4972.1810414589745,5031.51805597959,5096.871615956704,5164.05412684693,5232.577945729773,5306.035491324443,5380.2170817494325,5454.579581758849,5533.140895274089,5611.731958662855,5689.83426177195,5771.542972676814,5853.00136996765,5933.687694489387,6017.510827523291,6101.047905883346,6183.617827092544,6268.92275206627,6353.840533333601,6437.631047960155,6523.669757474891,6609.308089581606,6693.807180077951,6779.980504230305,6865.879858854203,6950.729282156465,7036.615925727548
T34000logg4.0,6995.81072336761,6770.686666637337,6557.203825734465,6377.21941629349,6219.463746584897,6072.098606630177,5949.997111727066,5847.002570525744,5753.950310525353,5680.264325566517,5622.69756548222,5574.921700791942,5541.855182628411,5521.719207904418,5511.102953615425,5511.2139535076785,5521.223770354482,5540.037145478012,5566.445918359307,5600.025113687647,5641.613287558973,5688.311446212682,5739.786785954591,5798.394802008891,5860.085916876823,5924.52465710605,5995.064065828233,6067.042801440261,6140.139693598776,6218.143188637387,6296.4632100894,6374.711751163834,6457.047452643577,6539.003485443026,6620.222282953168,6704.856567563202,6788.858424770932,6871.859164293413,6957.753671850907,7043.025072861278,7127.14169942621,7213.709276921361,7299.612317401289,7384.252088243457,7470.792511204679,7556.709043716069,7641.39806481316,7727.344298562234,7812.846336387188,7897.262936246452,7982.254103955487
T34000logg4.2,9424.701923147477,9198.13480411853,8982.553956744952,8800.230778093413,8640.3789160268,8490.466675129099,8365.741790804323,8260.463679843948,8164.681729520068,8088.188741724468,8028.129431646105,7977.387083833906,7941.283832460318,7918.397360303034,7904.5980509788915,7901.449140113403,7908.4711815040255,7923.855695151137,7946.748188013651,7977.04678259043,8014.883457570086,8057.715690807976,8105.530161927697,8159.968292477629,8217.366652913011,8277.702839939226,8343.628658663003,8410.865386032809,8479.430516130093,8552.36347194973,8625.497901474771,8698.792482013509,8775.60416029231,8851.935277178824,8927.797901485603,9006.458682616205,9084.411381003794,9161.655652094445,9241.161392708687,9319.997842251809,9398.004692839988,9477.82996467098,9556.978513537895,9635.222554867973,9714.708715354294,9793.58409686328,9871.619107133674,9950.211172538291,10028.397046206372,10105.914919738167,10183.277898604727
T34000logg4.4,11932.799828647538,11724.80368909395,11526.632603185999,11358.92165205352,11212.263073407137,11074.657735720515,10960.23385579056,10864.179386732236,10776.867385483454,10707.347244577039,10653.4352536382,10608.170243061439,10576.434725180987,10557.328143323919,10546.72479231667,10545.966484333638,10554.991263173886,10571.854478220223,10595.625800000866,10626.551232405494,10664.532222331018,10707.047751228421,10754.403745786603,10807.924009125018,10864.049761482525,10923.057175355983,10987.24001047045,11052.461449835277,11119.042007308095,11189.593979538491,11260.143325629482,11330.94878810453,11404.855510887395,11478.118211387125,11551.057209951789,11626.334222691718,11700.777941395107,11774.685168659267,11850.367793428435,11925.275528719038,11999.539769823696,12075.120319945994,12149.939156468974,12224.057418490152,12298.90067027371,12373.065202591732,12446.612147710097,12520.178840891193,12593.283932338925,12665.959230553399,12737.930234482841
T35000logg3.4,5901.933975503735,5726.043473700211,5554.194170531317,5404.310294081371,5266.402828484912,5132.855136576969,5017.197766789112,4913.008536754844,4813.833061145726,4729.49570553807,4655.891768401753,4588.056883979141,4532.651364719166,4487.039536642855,4447.813525474544,4418.863761522609,4398.440108100851,4384.65661065222,4379.250130988598,4381.041460632424,4389.672222878924,4405.088330890203,4426.347236129698,4454.465758829061,4487.882032100212,4525.751839791437,4570.15809235526,4618.482071283754,4669.878639221957,4727.2388526689365,4787.340883187556,4849.296170076816,4916.726274496597,4986.006566767681,5056.212545125547,5131.448100356213,5207.9401814306575,5284.705705496375,5366.101304789547,5448.355410487483,5530.297328833009,5616.52888726331,5703.216491711706,5789.07465627008,5878.91298664029,5968.903531128985,6057.685898277723,6150.093333495295,6242.458052043228,6333.355684843084,6427.46702337061
T35000logg3.6,5445.061826808258,5260.10001024434,5082.514137148043,4930.67971656684,4794.951975883806,4665.952637541323,4556.848573424423,4461.973740162847,4374.027528053836,4301.933987647312,4242.372610158405,4190.166708885313,4150.605842668677,4121.694878850841,4100.26763657425,4088.6582389328114,4085.665239890889,4089.9472445851525,4101.739245855342,4120.272611616705,4145.864847888304,4177.108161239399,4213.3591324148465,4256.322245074294,4303.325293345273,4353.743638441652,4410.270739189292,4469.436947573298,4530.591032251677,4597.038212576998,4665.035521420385,4733.87797586472,4807.432375578026,4881.810270252456,4956.291403608077,5035.010040323984,5114.165819454685,5193.008057612459,5275.690138410023,5358.617731549201,5440.860443157387,5526.5882315602175,5612.30679892586,5697.0137379430425,5784.83489994649,5872.496711602575,5958.973895856877,6048.116211066795,6137.072434647551,6224.771249260807,6314.606000018105
T35000logg3.8,5846.211078728417,5662.094380398753,5486.995739299053,5338.991440213445,5208.971807886762,5087.093261252475,4985.797667021562,4900.015262068602,4822.316844008588,4760.655861841501,4712.249560227791,4672.084457430918,4644.331905744746,4627.418629845921,4618.602759414697,4619.062837831523,4627.947424831621,4644.475265282775,4667.780801561997,4697.343205937491,4734.076179628897,4775.603722373058,4821.467644373774,4873.9401162730555,4929.548268904628,4987.814882549022,5051.918953336147,5117.773578628926,5184.873755708178,5256.8578791992595,5329.584796845678,5402.481468587912,5479.596908240249,5556.815871755717,5633.573931394226,5714.006876744568,5794.273804256631,5873.801600124848,5956.550863930169,6039.075018973738,6120.646813129751,6205.038047490526,6289.08050111983,6371.99820467089,6457.282726215615,6542.1919785354,6625.956512346643,6711.549275768712,6796.872878389737,6881.122991110646,6966.591946806137
T35000logg4.0,6308.820325755589,6123.295759879207,5947.671343885337,5800.116412448978,5671.844589724523,5552.639329507319,5454.694395801003,5373.324494673427,5300.890997308126,5244.863077500665,5202.841319487894,5169.8065024972375,5149.286027505043,5140.034222454755,5139.54733000474,5148.223714038697,5165.491519016433,5190.941160963196,5222.8848865743175,5261.0174771386155,5306.705493738098,5356.77123915279,5410.922602318204,5471.92228751691,5535.55578961378,5601.474952119853,5673.346614324683,5746.424605931756,5820.327126043591,5899.115504593918,5978.119598213203,6056.864281044391,6139.751931890502,6222.239461845574,6303.861907751719,6389.011604270819,6473.538010374001,6556.965602709173,6643.407298710818,6729.2267344675965,6813.797475078155,6900.928058754283,6987.38302185042,7072.488907537771,7159.626763227139,7246.127163130804,7331.325931491226,7417.9414951365725,7504.091758022728,7589.077186512634,7674.813389443372
T35000logg4.2,8301.31273332016,8120.155106941367,7948.57346242769,7804.4680843714705,7679.739779176276,7563.973089418952,7469.097362656771,7390.966632177888,7321.667560758743,7268.42598787212,7229.291311474316,7198.9725090510865,7180.810168944546,7173.926677310359,7175.620187445504,7186.1153519435,7205.161637769077,7232.1550124591995,7265.276838807542,7304.492604630962,7350.960717656843,7401.429970341792,7455.854777659268,7516.756860382657,7579.921381800506,7645.2384569191745,7716.098875108655,7787.8142643117835,7860.260580416572,7937.131357264003,8013.910459532382,8090.382753289679,8170.486994353443,8249.916237058045,8328.487608529704,8410.008367546088,8490.676754321401,8570.310844316791,8652.329135259688,8733.549796869993,8813.655413424654,8895.655035499833,8976.869782789083,9056.942342442406,9138.33080009226,9219.030030246266,9298.700845428742,9379.018364153877,9458.87543350301,9537.906233616079,9616.882769015327
T35000logg4.4,9764.514931050164,9594.831820160945,9434.362087634676,9299.900132413512,9184.1347063778,9077.108820772655,8989.907135210675,8918.95999869557,8856.663976745203,8809.58642410721,8776.225997778434,8751.51561013856,8738.304654888001,8736.068218667546,8742.306319800387,8756.820646523072,8779.662558624746,8810.373163237244,8846.78209111713,8889.105179608689,8938.60328163731,8991.726720024331,9048.651612437621,9111.960844104782,9177.197316081258,9244.452899697639,9317.158278004488,9390.420672925273,9464.318421136746,9542.531370896715,9620.395688048618,9697.88682389623,9778.870620475833,9858.949877887426,9938.131328142068,10020.07807813638,10100.974401599919,10180.809231928093,10262.819530670267,10343.861096057999,10423.77431216416,10505.358207783936,10586.013247824032,10665.523948724187,10746.102919762256,10825.86899667575,10904.611631215474,10983.729011069543,11062.273781519443,11140.003844010544,11217.397809725155
T36000logg3.6,5522.065753318944,5365.621754026386,5214.712810005141,5085.054465695878,4968.331452613265,4856.9168494438545,4762.213644933334,4679.171234945219,4601.807414427396,4537.952662040563,4484.540482866222,4437.339716666601,4401.126429368019,4373.995604101012,4353.383729302597,4341.517965964655,4337.1752627175065,4339.342406895389,4348.375597876328,4363.448539717266,4385.008940398338,4411.903199511494,4443.425301697408,4481.273370810818,4523.08125630454,4568.1751014344,4619.15065298887,4672.862928042848,4728.612523656454,4789.584674470674,4852.308629221571,4916.03662805915,4984.499514083425,5054.0336148144,5123.872930969967,5198.0312443222665,5272.872804805839,5347.5963669573575,5426.266169823435,5505.4007435008725,5584.030583904285,5666.273569446146,5748.7188788549465,5830.317524766281,5915.188331014487,6000.088179159608,6083.936105307548,6170.6272351947855,6257.284818383147,6342.781767010194,6430.618338644105
T36000logg3.8,5635.105741133721,5477.651499057455,5327.9260555939945,5201.472418793276,5090.604849803966,4986.8424690774855,4900.847674167922,4828.328496109039,4762.999071869138,4711.5989654734,4671.761435441079,4639.372531188172,4617.856840136377,4605.872792106093,4601.3027718744615,4604.947404463792,4616.040981888172,4634.225330289783,4658.474531972383,4688.293459265749,4724.875057617724,4765.811553477907,4810.636984186076,4861.799721359039,4915.8678081725775,4972.345148424962,5034.508790692809,5098.350024820146,5163.327683426111,5233.153761356834,5303.745521719119,5374.490248727546,5449.491475708249,5524.676992974712,5599.431402712671,5677.951498473921,5756.403507195571,5834.156412103591,5915.249655939449,5996.204243564443,6076.239454932442,6159.229071092558,6241.949478540839,6323.568809981736,6407.719751458872,6491.56324951057,6574.268144734579,6658.990810861464,6743.486679406854,6826.888107311666,6911.721547604917
T36000logg4.0,5911.007198145404,5752.704232733306,5603.090154248954,5477.740945996873,5369.373039371753,5269.122601480787,5187.325522249963,5120.133400931702,5061.09252991409,5016.362554168771,4983.994263114827,4959.933881199683,4946.843145871619,4943.734344849719,4948.7822634682725,4961.914887657803,4982.658039726733,5011.099759871067,5045.305143195616,5084.993320522917,5131.892565592442,5182.709373728653,5237.137957071827,5298.203705869802,5361.646307177151,5427.086376748572,5498.380613848366,5570.7820014117515,5643.851723685656,5721.815179965014,5799.982813318674,5877.815815736927,5959.857936498272,6041.539766932983,6122.32074285646,6206.7365029103385,6290.584143072717,6373.3078666265565,6459.165660587975,6544.443456289576,6628.442244194666,6715.120988544249,6801.15546800905,6885.804887844682,6972.630463841401,7058.844053792045,7143.716495079351,7230.176886530732,7316.184046149804,7400.974543882875,7486.708937957915
T36000logg4.2,7026.302590919737,6874.041529025894,6730.549504318098,6610.87448862913,6508.460035314184,6414.422857337875,6338.526466672542,6277.502810709349,6224.895729172192,6186.270103172166,6160.143194960527,6142.518455407825,6135.484536664035,6138.4208772289085,6149.655587471297,6168.561651776651,6194.967427583537,6229.147923058463,6268.6525162341695,6313.433225122589,6365.4142508941695,6420.848994470892,6479.621779376436,6544.937127402613,6612.16215129935,6681.0835557599985,6755.703391892637,6830.981170288326,6906.647579103679,6986.9847253134685,7067.123065381476,7146.678163394094,7230.164278119717,7312.922912161757,7394.578388065785,7479.526961858587,7563.588040874535,7646.377787269566,7731.906851658004,7816.596071649823,7899.92865698129,7985.503926097854,8070.245016062255,8153.598677124852,8238.633129585183,8322.925177034278,8405.940539550247,8489.989607490857,8573.513262669581,8655.94821003983,8738.730930390337
T36000logg4.4,8405.990086537373,8266.838109405477,8136.168885002672,8027.77129191445,7936.049060334831,7852.585696446936,7786.1290030026075,7734.106664196901,7690.417571086412,7659.791697693728,7641.274514804549,7631.174363734564,7630.906953693893,7640.255948082942,7657.844593384573,7682.4633857189765,7714.259831282017,7753.76069708562,7798.028749783796,7847.268898552278,7903.616584246522,7962.917794351169,8025.269948522324,8094.042706206356,8164.274996148754,8235.939084853351,8313.164172789311,8390.646865724215,8468.301508689756,8550.466045913781,8632.09110606656,8712.960827699735,8797.56805844889,8881.144736975473,8963.48531354547,9048.871447254865,9133.10696151265,9215.972037834747,9301.279456245766,9385.521920457053,9468.346281732136,9553.079442360551,9636.796702616371,9719.10352640595,9802.71635488369,9885.44328855721,9966.906601792303,10048.995679862184,10130.449537587168,10210.861034370093,10291.197187943966
T37000logg3.6,5502.284866580042,5379.619204132974,5260.981072057125,5158.800542445245,5066.410101442181,4978.148587784854,4903.072244359979,4837.024198033642,4775.575193523665,4724.9466733616355,4682.55652189685,4645.346374329093,4617.112512355875,4596.225210969903,4580.969320301285,4573.045555231315,4571.360001826566,4575.463846061464,4585.459948920363,4600.582830943686,4621.627985440748,4647.379047364811,4677.163461422216,4712.871569104408,4752.181375661609,4794.43868708983,4842.334480102774,4892.819241922573,4945.1996284530405,5002.740930198005,5062.029905924563,5122.313223907518,5187.37290135234,5253.569659113249,5320.123246037406,5391.105366307801,5462.861817409414,5534.558312174576,5610.3476499712915,5686.686643700621,5762.578485024041,5842.2700744626145,5922.260976737853,6001.457039175594,6084.149324132279,6166.955227438195,6248.73377670827,6333.614057595776,6418.52165570815,6502.263663112447,6588.645578103066
T37000logg3.8,5551.200026387352,5418.42315872628,5292.175898799104,5185.590018877365,5092.068998664498,5004.677011379915,4932.405886545932,4871.504005875399,4816.909767851676,4774.257292245326,4741.427863954085,4715.2348264437505,4698.476872601996,4689.918499595233,4688.087712857944,4693.496036754841,4705.388936222764,4723.831301362888,4747.717101531168,4776.526429313655,4811.705310505492,4850.884678559786,4893.563140429523,4942.322906078133,4993.8279369111715,5047.550411006564,5106.821897989468,5167.76145682284,5229.787389037806,5296.643004756929,5364.337348078527,5432.221176678205,5504.4101091380435,5576.90196044617,5649.038336209933,5725.037023749937,5801.094940836555,5876.530669219617,5955.427214601007,6034.297428407836,6112.313245113928,6193.417509987292,6274.360243634959,6354.257306571441,6436.8445474879245,6519.220311788465,6600.493627972936,6683.965533412545,6767.285132876555,6849.523887458079,6933.400737293437
T37000logg4.0,5806.522336277991,5670.454215898479,5542.032269787603,5434.666470877046,5342.087842546297,5256.764634600337,5187.519377863707,5131.012252640722,5081.881044195784,5045.273294329319,5019.469024557543,5001.257844127463,4992.711878246968,4992.935664385376,5000.68285569817,5015.614672117031,5037.258827137774,5066.091292321878,5100.100649953574,5138.971457797124,5184.667549143164,5233.934278071924,5286.418306422748,5345.272245968453,5406.3380277044525,5469.193435923885,5537.738130504025,5607.362244625537,5677.577461648787,5752.621087737202,5827.919577422253,5902.891285978521,5982.0666003389,6060.9791473469995,6139.042689960726,6220.777854340615,6302.056527994231,6382.277269459276,6465.690309679572,6548.626952071031,6630.350606776491,6714.821360395714,6798.75017230399,6881.359264471182,6966.232861441726,7050.591500891545,7133.668327751926,7218.44139268621,7302.845132607345,7386.080219469088,7470.386558584641
T37000logg4.2,6320.401786394609,6194.91140022287,6077.553736882383,5980.660357869063,5898.989068422278,5825.128137242816,5766.800972361737,5721.490386178921,5684.083263056548,5658.630960038155,5644.05965463992,5637.528410994477,5640.034088165995,5651.175006673879,5670.188303196754,5695.712203607806,5727.650355091006,5767.016098764561,5810.855113602598,5859.124979340418,5914.344821945549,5972.419340886585,6033.196303721158,6100.366787580719,6169.047791571181,6238.9690132232245,6314.528394412196,6390.509316822634,6466.557087174792,6547.316759113665,6627.744481596658,6707.364544818681,6791.024706965049,6873.899427059635,6955.507337147006,7040.568812540452,7124.722085627133,7207.4726991971265,7293.148984597577,7377.975457511262,7461.326508999725,7547.115341389259,7632.065796287265,7715.514934467115,7800.865743598752,7885.473934208228,7968.689689712603,8053.193542735957,8137.163714653677,8219.916307612579,8303.305764487955
T37000logg4.4,7477.057362032952,7363.272293618977,7257.450482338373,7170.818802635381,7099.1139841060385,7035.227510930121,6985.941851244013,6949.459690476753,6920.935364839607,6903.591149747647,6896.895260242838,6898.278299753288,6908.024957806566,6926.144796811466,6952.17801849634,6984.135279579018,7022.231261685901,7067.773018524151,7117.253811424164,7170.867901012726,7231.417390521212,7294.325071171733,7359.627996728218,7431.27079706661,7503.96303937626,7577.590947993373,7656.778415158848,7735.970353068011,7814.961023997409,7898.553530358748,7981.455258989383,8063.317586812425,8149.071585216912,8233.71327978727,8316.88934558159,8403.311860194452,8488.534953315606,8572.189991034911,8658.501309774121,8743.709540366477,8827.319956128136,8913.05030438292,8997.736450170161,9080.846631621915,9165.48879436839,9249.225793357531,9331.542345027457,9414.737844136118,9497.277560238977,9578.6135062784,9660.15418326934
T38000logg3.6,5985.634218330532,5888.499981372498,5793.198674663696,5709.771100188148,5632.448655596254,5557.529595505979,5492.649167030364,5433.953230602546,5378.309515366773,5331.249613237044,5290.2245778998185,5252.929933256013,5223.081417510393,5198.995012794383,5179.286312151958,5166.00045784367,5157.963856023857,5154.726619508663,5156.930496540714,5163.72892549098,5175.653398462426,5192.148789963425,5212.505604748767,5238.179141580025,5267.556284954879,5299.980256542078,5337.644883629361,5378.186753773386,5420.927673597947,5468.668125770433,5518.541578679543,5569.81720754838,5625.820581246709,5683.35445793817,5741.66466807752,5804.407058218266,5868.278266161881,5932.459779198046,6000.765792624321,6069.922608049386,6138.968295138658,6211.8881241871995,6285.392294386996,6358.409905206764,6435.043581033863,6512.041626073846,6588.280333794708,6667.786221062725,6747.53780128417,6826.356305097669,6908.020124963269
T38000logg3.8,5427.751920186048,5328.365407732589,5234.230814768385,5155.174573292017,5086.217222333354,5022.341971690385,4970.154081249308,4926.80650139597,4888.78904033714,4860.066719819719,4839.024517996832,4823.679866825846,4815.773801856791,4814.3645034651245,4818.869378512963,4829.175917287387,4844.677222422022,4866.055772376955,4891.8602577878255,4921.64846725211,4957.268392103608,4996.204898662439,5038.0001459990135,5085.480124549322,5135.28559791965,5186.916862033126,5243.845218003445,5302.229712004561,5361.498743705345,5425.507391255278,5490.284521204449,5555.18266429017,5624.39817718811,5693.929691548117,5763.106616858485,5836.225568555124,5909.449367357142,5982.069099081952,6058.270901760545,6134.497857605609,6209.897472068303,6288.546830298164,6367.102273237327,6444.641652316358,6525.07262294563,6605.355512253783,6684.547299965495,6766.174142551025,6847.693006200203,6928.117597840839,7010.457236346537
T38000logg4.0,5670.697591851291,5559.780991433845,5455.613605262498,5369.081259866003,5295.07164167574,5227.519095975211,5173.433528669803,5130.108270570726,5093.402306696232,5067.206780447525,5050.132695456585,5039.931362709846,5037.880163129178,5043.251698806713,5055.504450026413,5073.851493208423,5097.884952629152,5128.570879716691,5163.672245895977,5202.891730659299,5248.517990325198,5297.218117078591,5348.63280606441,5406.110169650638,5465.503778429456,5526.3810038142865,5592.747965927521,5660.058373462223,5727.80014120562,5800.2838391879395,5872.98757309171,5945.3082726993,6021.8199966658185,6098.10287194646,6173.543174173735,6252.698358125923,6331.459247432934,6409.190462388946,6490.190203882537,6570.7815515877655,6650.196900112688,6732.458690879473,6814.255365706959,6894.773282080426,6977.683917980274,7060.15497299524,7141.376734578599,7224.45017325081,7307.216091209766,7388.829586394627,7471.698690214088
T38000logg4.2,6252.322970804079,6146.717458946028,6048.652655959583,5968.446451615074,5901.809949742002,5842.461901976807,5796.642007698149,5762.357753221844,5735.470630183158,5718.96308063864,5712.03514199548,5712.6501677686665,5721.097010333595,5737.111420193568,5760.54654361358,5789.616845541331,5824.2641324499555,5865.968631414077,5911.524516213431,5960.885218395597,6016.917295632044,6075.387014252009,6136.116522342146,6203.051181864985,6271.238731680781,6340.377238363143,6415.047430725415,6490.0085073484215,6564.85910474359,6644.403784720894,6723.56042089099,6801.807382241781,6884.121976926531,6965.640675432291,7045.832145049719,7129.534467831184,7212.335305958455,7293.688759884526,7378.030359081432,7461.527652180486,7543.512204772667,7627.992370257585,7711.647396414299,7793.774000037852,7877.868552721246,7961.240536900917,8043.202001652179,8126.530987112415,8209.348836772122,8290.934727437269,8373.251279038297
T38000logg4.4,6907.212943004666,6812.483446755845,6725.306063489982,6654.959986159579,6598.071652991232,6548.657767979137,6512.0111377227495,6486.82076037477,6469.265275447586,6461.451068949584,6463.092806720561,6472.5021763906625,6489.157659613295,6513.184078348885,6544.828227952974,6581.55856771757,6623.609899182194,6672.875968689436,6725.467695967987,6781.551002296146,6844.405817118442,6909.187648205572,6975.880031504117,7048.8245269490535,7122.534286165194,7196.830978961191,7276.668377580202,7356.346160596517,7435.574214823321,7519.462049715137,7602.569253178395,7684.458426734279,7770.344259064684,7855.076923196276,7938.204975669438,8024.720818233496,8110.01754388642,8193.625247774935,8280.045010690226,8365.345571132815,8448.936739156188,8534.806069244725,8619.622461470235,8702.759086880922,8787.602253035964,8871.535375339148,8953.946002450006,9037.431830273032,9120.254518915768,9201.767378487673,9283.704650280799
T39000logg3.6,6553.675060095056,6473.231911028974,6392.782254023918,6320.848935104452,6252.220416366181,6184.483492071573,6124.501341056631,6068.594683071562,6014.399143588995,5967.232407351703,5924.552921317373,5884.374021512224,5850.612735243653,5821.545436047132,5795.760195584414,5775.813621431283,5760.506489249132,5749.111533304041,5742.921493018351,5741.075832823195,5743.6230422868475,5750.722189816183,5761.697162692454,5777.395888032997,5796.959154077842,5819.794787122264,5847.4727225561755,5878.332543777377,5911.774280370193,5950.033958526173,5990.803947208157,6033.437243159572,6080.734360944775,6129.940369423513,6180.380301236536,6235.25328327935,6291.58873867113,6348.6349863402465,6409.860744208403,6472.211808539599,6534.80258027926,6601.372009193764,6668.766195179783,6735.982760941054,6806.965155993861,6878.512879664763,6949.561792524384,7024.070674057204,7098.986634413049,7173.184695436785,7250.456014255477
T39000logg3.8,5725.411393502278,5644.119851270039,5566.548214239101,5500.824022947126,5442.570840067507,5388.203453890066,5343.312819202555,5305.236284113745,5271.427324628088,5245.348141627854,5225.38580468009,5210.129931224893,5201.248141435079,5197.7445264991475,5199.305723848207,5206.042848360604,5217.275231409197,5233.707983622936,5254.255193217002,5278.410756733851,5307.866164531909,5340.555919609771,5375.987550567596,5416.708453576895,5459.834530891839,5504.854543685175,5554.910564855605,5606.6212040835,5659.415654531188,5716.837125922245,5775.287628557536,5834.130256738068,5897.251963104846,5960.957687533906,6024.589740661377,6092.16238874298,6160.080952556266,6227.643421955758,6298.80342115066,6370.192027567071,6440.976288962443,6515.053083172827,6589.226102612814,6662.58725285866,6738.915644786072,6815.263844086544,6890.7002526183,6968.677261100912,7046.693111831946,7123.774505723002,7202.903930847863
T39000logg4.0,5619.7000695598035,5537.056402467806,5460.027084494399,5396.667218809797,5343.120804415603,5295.072347944814,5257.525414483166,5228.442183441241,5205.068294895984,5189.928208498731,5181.985604908779,5180.042237277093,5184.546567467412,5194.957442483496,5211.481803809106,5232.885569834693,5258.841914292622,5290.804512488006,5326.342546893982,5365.195648267153,5409.930364467148,5457.190846740092,5506.640722638956,5561.757001619058,5618.473711066836,5676.375515993001,5739.501190560986,5803.435871597861,5867.673376720802,5936.533627701193,6005.597124050195,6074.268031646555,6147.1033802007205,6219.761144891927,6291.624645908258,6367.23478836375,6442.52517220753,6516.847213954026,6594.506723312789,6671.833036272085,6748.0503853041755,6827.21895045991,6906.009426656779,6983.591858972018,7063.711595107666,7143.475823533128,7222.04733621881,7302.649162841556,7383.011830412882,7462.2606096801865,7542.981437804311
T39000logg4.2,6106.1582201298515,6023.707115937085,5947.974795992675,5886.921705551148,5837.220890354331,5794.05420589438,5761.980645510781,5739.506973496861,5723.693129162855,5716.380662635643,5717.0114705382575,5724.46919111658,5738.346386727428,5758.4886690630365,5785.410126285716,5816.951022277856,5853.0846384432125,5895.732477509067,5941.532649685188,5990.438145920011,6045.57515718865,6102.6998092165195,6161.625194710829,6226.422496198254,6292.218375193467,6358.703505378001,6430.493733133452,6502.471781370857,6574.221395908436,6650.549441045784,6726.484415946079,6801.496220188215,6880.537178290009,6958.838665635489,7035.856604769782,7116.403816265784,7196.1332914632385,7274.479982053523,7355.871426498233,7436.508189361728,7515.707544251709,7597.490941708012,7678.547335672615,7758.154749836811,7839.851276118821,7920.921466126022,8000.650782055602,8081.898682131384,8162.71616813621,8242.354271534814,8322.905186316815
T39000logg4.4,6442.527864501828,6363.130277901429,6290.770652182732,6233.143757547254,6187.4086502615755,6148.702826690036,6121.177994431534,6103.754350313285,6093.541002798756,6091.860777213267,6098.499734168413,6112.506572609079,6132.868849560278,6159.70511881091,6193.811223158828,6232.379886816326,6275.597768519742,6325.762259760467,6378.841894608211,6434.940659747711,6497.620768180284,6561.982223213001,6627.945391217801,6700.052030534498,6772.804683225653,6845.966413880074,6924.629808045198,7003.110268620546,7081.05218388081,7163.690832989144,7245.575689651388,7326.2082965458185,7410.919291253739,7494.536034409607,7576.540329964479,7662.052360283903,7746.411176554784,7829.077282279624,7914.6998814419985,7999.26386253436,8082.113474316552,8167.39929957488,8251.693489130663,8334.301263615398,8418.794113724203,8502.433813277154,8584.536529544643,8667.912803964633,8750.673856283776,8832.100535946138,8914.16899681346
T40000logg3.8,5984.900056182143,5924.556550431074,5866.627657486822,5817.219011684894,5772.896127138508,5731.365350607628,5696.894331530895,5667.317305796629,5640.980899182904,5620.575345321848,5604.761887003987,5592.67438130215,5585.647985463528,5582.851927806331,5584.231842671671,5589.895151715772,5599.276834009713,5613.11701321571,5630.504081143664,5651.017737006725,5676.198571683869,5704.280031514024,5734.8618996396435,5770.218251648201,5807.84035453988,5847.30788626478,5891.455751620019,5937.2790645789455,5984.290329837304,6035.7626810546435,6088.385141582548,6141.596366282941,6199.028402184689,6257.200621238724,6315.520231964963,6377.786411584072,6440.5533400291115,6503.161711480373,6569.426144303481,6636.047729642262,6702.238095886833,6771.838664811133,6841.6569049489835,6910.8138898242305,6983.1109629773355,7055.524176792364,7127.1406279369785,7201.522881727839,7276.014985098175,7349.655788913088,7425.62046482827
T40000logg4.0,5792.502143570479,5732.766053331686,5677.476189641902,5632.4241169826955,5594.732729509454,5561.543786965165,5536.323053571888,5517.535542014837,5503.511833045967,5495.803122117696,5493.628528550371,5496.531057921739,5504.462245384387,5517.023783868668,5534.872868545268,5556.616465565579,5582.003946949457,5612.694815156571,5646.305595417,5682.627822282665,5724.24149701473,5767.982738348565,5813.568589678929,5864.349786946367,5916.534627047076,5969.761614481023,6027.874005543885,6086.754589459712,6145.946745693154,6209.576042001893,6273.468433873631,6337.080395292974,6404.763455509609,6472.377425978301,6539.352463956759,6610.039041657385,6680.525673107897,6750.197880622516,6823.212612402826,6896.00411935372,6967.836673778192,7042.670221391198,7117.239374006371,7190.745343659096,7266.881893688018,7342.766119496841,7417.5844897681745,7494.565177458309,7571.392879192799,7647.214373479588,7724.679385799566
T40000logg4.2,6099.829676927669,6039.885315964906,5985.782665129216,5943.199022760275,5909.737859920368,5882.03378145722,5863.036191047334,5851.741037476978,5846.358307355841,5847.6458975168225,5855.295219569525,5869.045487025655,5887.84573697416,5911.668424404992,5941.614733905552,5975.196887912244,6012.447155248977,6055.650163112551,6101.325574823411,6149.460776230833,6203.366611954641,6258.823741291955,6315.671954217116,6378.035310840784,6441.149555945414,6504.7304280585195,6573.365900959067,6642.08577104142,6710.491392175792,6783.346568144895,6855.795390798921,6927.329659938342,7002.841170713984,7077.658843406085,7151.2532626182765,7228.377538938744,7304.746030220003,7379.799310634912,7457.931378856085,7535.369137387909,7611.439172229715,7690.157343461313,7768.216082212774,7844.897185053579,7923.767765587398,8002.078159279627,8079.110051023087,8157.796410101351,8236.107638695612,8313.288183364413,8391.552070810905
T41000logg3.8,6490.66205197793,6437.28972087513,6385.181124540455,6339.801372958726,6297.757197878972,6257.508099948055,6223.13788040178,6192.386793963663,6163.967426692513,6140.706205395014,6121.12941684306,6104.411134565921,6092.269467394571,6083.753618255315,6078.618861015814,6077.54099082327,6079.870317431281,6085.99271223423,6095.638480450435,6108.332752384621,6125.134662039332,6144.9475090228825,6167.361895325218,6194.095366865304,6223.3139017510275,6254.614438684671,6290.279402600023,6327.923685974608,6367.09106595496,6410.5579740179755,6455.514517490745,6501.437770782097,6551.501774123567,6602.635599606239,6654.281614184933,6709.84190383794,6766.189714298053,6822.690275390441,6882.859635161431,6943.6189736544475,7004.212578280908,7068.276539883943,7132.756764085852,7196.803276371647,7264.096805998501,7331.673047514706,7398.647287208743,7468.544495668886,7538.691994694004,7608.1572414603925,7680.147367393336
T41000logg4.0,6098.844139561058,6057.149430564288,6018.715973910778,5987.586637119661,5961.648628758231,5939.19120203155,5922.561395248549,5910.609661902884,5902.449658081032,5899.013281220491,5899.721312202105,5904.568004450677,5913.286402362214,5925.598819470176,5942.346058792309,5962.2128866461035,5985.033438529282,6012.429660690141,6042.260816408503,6074.390303645543,6111.185817585248,6149.839434396948,6190.152951689431,6235.146629761278,6281.450227185397,6328.791494818748,6380.642265779939,6433.306548079156,6486.416361905312,6543.756313807128,6601.491150790169,6659.163997078378,6720.795840819003,6782.522916305294,6843.854868179309,6908.844112796606,6973.793166471817,7038.151683066249,7105.846346035833,7173.453301868601,7240.3054965094325,7310.205423332123,7379.969372154368,7448.857894485277,7520.474208202945,7591.946499908332,7662.51387717908,7735.385203740576,7808.190314206043,7880.125210330332,7953.885235979867
T41000logg4.2,6141.052067150402,6100.124565099694,6064.163814510673,6036.932957264446,6016.82577423459,6001.697934805433,5993.187712508784,5990.709883454365,5993.391922754693,6001.1485908335135,6013.895474915734,6032.005750114485,6053.979529734239,6079.920202381568,6111.320065693135,6145.525912812931,6182.648666827511,6225.159059300395,6269.583066701801,6315.965934402829,6367.6426442017555,6420.522845027884,6474.507108796947,6533.630366384521,6593.327752984657,6653.373075018676,6718.210548436373,6783.085882503108,6847.65052168662,6916.536010514909,6985.051874674352,7052.73950729232,7124.357047219452,7195.358596325537,7265.2548895572445,7338.6862774113,7411.446280965078,7483.001541626385,7557.68086004675,7631.738243991851,7704.528844753361,7780.0547990208415,7854.993819161148,7928.646853439392,8004.619010403376,8080.090794206882,8154.35363623785,8230.437359595187,8306.187192525,8380.854096807054,8456.808505892925
T41000logg4.4,6433.150586374083,6394.544638220772,6361.791932888342,6338.348559845612,6323.070514443306,6313.692134834792,6311.297757862095,6315.7423797015,6326.257528900014,6342.018571342595,6363.315639997253,6390.833822317781,6422.187082585313,6457.766238255481,6499.5564873685025,6543.949505730142,6591.265601482009,6644.6067653394275,6699.527908661441,6756.209314666129,6818.701941368562,6881.96174971653,6945.964216547034,7015.501214564524,7085.108567724181,7154.596602878696,7229.158424742081,7303.227828687134,7376.472385636621,7454.19909349324,7531.032524506857,7606.50458960706,7685.973013622719,7764.317679445604,7841.035850213559,7921.265051326145,8000.352259215181,8077.758201985685,8158.173985462601,8237.549649382428,8315.239409213262,8395.461955426186,8474.734682516033,8552.364297972717,8632.033116930079,8710.900408453077,8788.270593691424,8867.130683893969,8945.41665532178,9022.394804576426,9100.298479654903
T42000logg3.8,7015.050503268611,6968.329184630518,6921.56044482045,6879.670089608189,6839.414872364585,6799.836087860183,6764.9320588628025,6732.4410872961125,6701.301694139825,6674.578882604254,6650.746090542526,6628.893296787951,6611.186116712022,6596.62238895971,6584.641068266214,6576.521194978722,6571.603030914049,6569.801471965995,6571.520906623048,6576.30755647767,6584.622276302476,6596.060995976312,6610.275933905754,6628.312246470926,6649.041417244011,6672.149725902615,6699.252197267663,6728.617316782317,6759.893671745308,6795.239904856433,6832.399220025053,6870.959351685633,6913.531134666975,6957.494903244236,7002.387882156225,7051.14130762129,7100.961498479922,7151.299029562109,7205.320900438877,7260.158363736947,7315.146339707456,7373.670737358033,7432.796565380307,7491.765829185491,7554.087007339482,7616.844667211147,7679.240806588798,7744.697659110164,7810.529086940405,7875.885585675387,7943.93073006618
T42000logg4.0,6478.286775813933,6446.327233370978,6416.467283824257,6391.868828368715,6370.739327387508,6352.103986681591,6337.9009848230335,6327.0936716309425,6319.193180990565,6315.069662939256,6314.170958832841,6316.588088792232,6322.253885918843,6330.902607814564,6343.246956436137,6358.360921104494,6376.104693112822,6397.80542635882,6421.7977125671205,6447.985096557223,6478.310038320059,6510.48439156646,6544.380677726993,6582.513567496879,6622.056141687631,6662.824066345144,6707.782411628524,6753.744346119203,6800.434134833536,6851.179237182176,6902.553888942894,6954.196317535782,7009.705214419348,7065.545065483705,7121.311875256343,7180.694170361306,7240.243293959534,7299.481397254075,7362.061741765362,7424.719707635288,7486.865212030881,7552.113911513155,7617.366369625828,7681.952683858986,7749.365587712091,7816.744770664414,7883.3937986347455,7952.482360563378,8021.588470481828,8089.970635307005,8160.343526075373
T42000logg4.2,6356.366584764074,6329.2414617874265,6306.163003028496,6289.535224594397,6278.296666168136,6271.222385607819,6269.099397753629,6271.608688428813,6278.487455973453,6289.197957527655,6303.793194607912,6322.9816021900315,6345.133494032673,6370.438046801518,6400.498692106098,6432.766012978047,6467.4161161095935,6506.848550602855,6547.828578059165,6590.464800506199,6637.878480701416,6686.30471931823,6735.720379709,6789.851172437147,6844.504919124555,6899.536530536201,6959.052909542947,7018.664515761794,7078.101017995868,7141.6877776240735,7205.026239269612,7267.738019577892,7334.290241007769,7400.3707861789135,7465.5613994164,7534.245796474308,7602.394273310483,7669.530507799826,7739.793167100444,7809.544717620965,7878.199386637149,7949.63948779104,8020.593042774857,8090.412011716109,8162.647069281773,8234.464140847173,8305.1989003664,8377.893589871437,8450.316857116028,8521.762202339729,8594.673534704429
T42000logg4.4,6219.583783029512,6192.752452937511,6171.82422881104,6158.95417509193,6153.492712408846,6153.947693420172,6160.341638282744,6172.829255226343,6191.3207781097035,6214.15120456152,6241.79397272806,6275.524292914443,6312.328058091156,6352.710621402199,6399.152952707587,6447.584330399131,6498.390481830905,6555.082459455452,6612.872283736608,6671.972223267482,6736.763517381316,6801.947329825889,6867.511238732091,6938.5149539020995,7009.302453422902,7079.684377361764,7155.07366352771,7229.755949707672,7303.3841504266,7381.465434724152,7458.485916744465,7533.963773692879,7613.431864434046,7691.65171121049,7768.102667671324,7848.077057973727,7926.816370445086,8003.756660037733,8083.733616427532,8162.602036966606,8239.69106899333,8319.353956664561,8398.026145173604,8474.982966194102,8554.040368523141,8632.273612005263,8708.945405700906,8787.193929531872,8864.85140245563,8941.135786884975,9018.462530730283
T43000logg4.0,6761.258337418854,6737.090606394828,6714.990978146731,6694.688449305435,6677.851384955419,6663.73845658487,6651.3691821999355,6642.187660049047,6635.737129830734,6631.649678291618,6630.3750228698955,6631.742110805578,6636.078845408243,6642.549924980591,6651.891754481145,6663.743947070613,6678.774957973641,6696.237286947711,6716.011526290379,6738.760936628064,6764.136013364797,6791.495469575349,6821.221216475474,6854.043903536968,6888.525793555083,6924.772379499945,6963.998021166712,7005.214525559915,7047.669586306285,7092.536462841199,7139.395617653364,7187.307882570264,7236.520177832759,7288.325570002336,7341.022808637872,7394.395528795,7449.939617790272,7506.646950129876,7563.7761484632765,7622.263800046382,7682.30076145019,7742.764440488342,7803.695068549052,7866.563989137052,7929.851572297313,7993.238935130497,8058.0246177358495,8123.5993159008685,8189.224003909576,8255.489678750218,8322.839302211367
T43000logg4.2,6544.70261236249,6528.543951507898,6516.232479575289,6507.5718749437165,6503.193111087665,6502.422631287899,6505.2426396008395,6511.514187645507,6520.892631785414,6533.6848758399965,6549.783302558285,6568.391890879434,6590.005505452401,6615.037112351468,6642.196956687194,6671.604266511183,6704.783242322184,6739.938889614892,6776.84297988165,6816.722960524461,6859.063385355279,6902.669544385513,6948.021331323689,6996.818221474918,7046.383672890812,7097.011834974147,7150.402362882717,7205.249675867881,7260.533163617977,7317.6361047458,7376.457681234675,7435.512948930948,7495.108575135461,7556.977087664753,7619.176119872863,7681.318484422672,7745.1534773599815,7809.694185904729,7874.081927174511,7939.234835909617,8005.599383147367,8071.974706061564,8138.218429180589,8206.05520628412,8273.894144587197,8341.418208593317,8409.887542894003,8478.816340807683,8547.548350972149,8616.441245683489,8686.19891091565
T43000logg4.4,6806.918093612904,6792.254955595859,6782.107344830568,6777.5021295557835,6778.195062740547,6783.51576561295,6792.976973442912,6806.887715408593,6825.578775747898,6847.344255427443,6872.711409240019,6903.004806497398,6935.526243238067,6970.815345763259,7011.105591717703,7052.891268103679,7096.607194725751,7145.281950222558,7194.822991164254,7245.523457078988,7301.1089119577155,7357.059835656812,7413.485323111065,7474.674022624862,7535.782599285447,7596.762743211796,7662.237360659661,7727.259275480561,7791.63156113488,7860.132471696628,7927.892530843664,7994.588309713787,8065.065786560557,8134.624949352881,8202.894076918961,8274.549973863017,8345.26614795414,8414.611456633971,8486.921780168195,8558.3627357939,8628.402203128304,8701.012889375354,8772.833437524665,8843.275547111354,8915.88216137367,8987.825349468474,9058.503506058241,9130.875441024527,9202.782712655973,9273.582089416826,9345.585598090074
T44000logg4.0,7125.233436394892,7101.81322774476,7079.0268596890055,7059.284835995612,7041.032964141862,7023.944740169925,7009.780530989868,6997.5703962498965,6987.043953578898,6979.295516054164,6973.774313773301,6970.417983472752,6969.672275412085,6971.267860118698,6975.479872215596,6982.112929168815,6991.062406853092,7003.026385655934,7017.178318047806,7033.487146677327,7053.1100554106315,7074.639470559705,7098.0545955069765,7124.990977659037,7153.531814275654,7183.627158782244,7217.373040798802,7252.430613359251,7288.6715063452575,7328.623240175971,7369.578846617146,7411.3255831690185,7456.7356099069675,7502.862518298565,7549.42587217688,7599.515237035822,7650.1107117171805,7700.840315977762,7754.935615888652,7809.3830725638245,7863.701334058245,7921.232963383664,7978.991993280257,8036.418068357335,8096.851819859105,8157.435939453624,8217.57711880958,8280.402949600382,8343.393428919253,8405.90488055011,8470.706843816039
T44000logg4.2,7088.655244099498,7078.106591623157,7069.87802768349,7064.827357811494,7062.540513784286,7062.869545962937,7065.822353047243,7071.391798979736,7079.871107210314,7090.528690575137,7103.587802048131,7119.845134379006,7137.920901311046,7158.136563561644,7181.817294729253,7206.994672051775,7233.989519269844,7264.645057432348,7296.475690893974,7329.751004410991,7366.813910939946,7404.74659790737,7443.726528614933,7486.560133140991,7529.967275163966,7574.023458423546,7621.9039819101,7670.087910997205,7718.527964863399,7770.696423099416,7822.913924228887,7875.026601867147,7930.7009442996405,7986.220940747984,8041.3718751446095,8099.835590543228,8158.044065035738,8215.700082271655,8276.399014537626,8336.807888982588,8396.524823539765,8459.035463375429,8521.243314534417,8582.676727852835,8646.616431286957,8710.284129905749,8773.183863938948,8838.203429679817,8903.06078055847,8967.213426913944,9033.050647843233
T44000logg4.4,7079.58576278851,7073.76236995171,7071.573384610297,7073.215795724119,7078.797349040074,7088.204309790901,7100.522485473969,7116.232783450252,7135.960519684647,7157.88066119312,7182.620140927147,7211.557935671369,7242.116067382272,7274.916342449044,7312.053244639736,7350.311654668592,7390.2139841562175,7434.498832636624,7479.456091091729,7525.477311300474,7575.8829000790365,7626.58684793539,7677.816377721643,7733.383256587778,7788.905102327561,7844.460141027544,7904.189021322916,7963.579970997291,8022.561076049454,8085.476742728597,8147.809054304436,8209.361223644672,8274.579145414324,8339.047287465643,8402.509506379954,8469.296852223528,8535.295381945298,8600.173359135882,8668.00881004221,8735.093271505239,8800.992393462051,8869.508891461204,8937.330491738907,9003.957825258232,9072.84114319236,9141.128693660992,9208.300115604177,9277.293604040384,9345.862028103089,9413.439698293174,9482.378977379067
T45000logg4.0,7290.131445355552,7266.408618825369,7242.862576939776,7221.9965671639,7202.198377046942,7183.164873777729,7166.860996008826,7152.252230440172,7138.9851611932,7128.425792894623,7119.9696950599855,7113.384506745753,7109.419446919769,7107.7663763119945,7108.47198932864,7111.65782674563,7117.202416566498,7125.54093502178,7136.165564909744,7149.048985021415,7165.061468655949,7183.101849620519,7203.169102119156,7226.603495205544,7251.780173270803,7278.6796044753355,7309.115361807541,7341.0092998234295,7374.27278342162,7411.1738436544165,7449.230505743889,7488.269017574806,7530.93916053405,7574.471548395373,7618.612590921738,7666.2917099334245,7714.596240361262,7763.176478357849,7815.173736893346,7867.612007956906,7920.03430711982,7975.745082848976,8031.747830574351,8087.507412428277,8146.3644344542,8205.420723189023,8264.104502194417,8325.573927623942,8387.241410387549,8448.482844871445,8512.126325294284
T45000logg4.2,7143.304146489068,7135.4794877999275,7129.433911531168,7125.79914614473,7124.251369292929,7124.819680499607,7127.487054700119,7132.277383774502,7139.518418964511,7148.594656807545,7159.739460725402,7173.657383484464,7189.185162984967,7206.654027598046,7227.202148172366,7249.145996949539,7272.829133089076,7299.844454799042,7328.024767908688,7357.671455782185,7390.829051662175,7424.9060559960335,7460.125282425482,7498.970582028234,7538.489485160182,7578.809453811111,7622.799143289354,7667.233502070613,7712.118046097018,7760.65806333521,7809.411200350748,7858.27337399264,7910.688723276284,7963.116221493152,8015.377674934433,8071.0038344474215,8126.5248669475395,8181.665579023068,8239.957999242852,8298.08009215046,8355.649649191018,8416.169603815866,8476.481232100288,8536.12649543631,8598.46867036612,8660.60637157029,8722.049566421285,8785.832152858049,8849.494520366907,8912.49363913309,8977.420546724072
T45000logg4.4,7339.76828451903,7338.581658660518,7340.414398805224,7345.036216546419,7352.733496659884,7363.66058948275,7376.739979502695,7392.543508368549,7411.781867491235,7432.669980410691,7455.8916768236995,7482.744989823259,7510.8468899397485,7540.8725300548385,7574.701006472468,7609.425933921194,7645.635776102446,7685.755760361166,7726.444955838157,7768.170593793182,7813.859950241751,7859.82776725034,7906.394255087679,7956.930424691682,8007.473688184592,8058.202228938122,8112.820247495774,8167.209534227132,8221.399052554658,8279.336820147304,8336.833627864065,8393.793627356179,8454.297903064366,8514.202780523208,8573.341303046449,8635.734992090142,8697.474441943054,8758.305009964619,8822.07786250673,8885.207936715859,8947.337006375605,9012.117711474177,9076.291664668108,9139.432502027825,9204.906784434881,9269.853345367863,9333.818973876805,9399.72021237671,9465.244334302583,9529.889271980917,9596.041198730118
T46000logg4.0,7451.866670618283,7426.507336763215,7400.972563522111,7377.986567471477,7355.806167530242,7334.072547242116,7315.0319984587195,7297.5359431653005,7281.106615177673,7267.419631171734,7255.777764594791,7245.766338923903,7238.45655015491,7233.471401463404,7230.63644811677,7230.393786291665,7232.576749090339,7237.373085555348,7244.584063366976,7254.158948306279,7266.708467790646,7281.427539683794,7298.309628054198,7318.4309820955505,7340.443579147462,7364.335703558619,7391.665562596217,7420.6028984993345,7451.078184245985,7485.118596782221,7520.46616178109,7556.96955222318,7597.064976117975,7638.169235396635,7680.046510416644,7725.459171317179,7771.624970824928,7818.211099104761,7868.2413657215775,7918.818834981027,7969.506887188606,8023.529886603318,8077.932031962465,8132.201141018029,8189.621518627818,8247.312558073147,8304.725666436976,8364.98340107684,8425.499081907257,8485.66970168044,8548.30279615448
T46000logg4.2,7311.818168761639,7307.2174118237535,7304.0551133655335,7302.656821778483,7302.866514634347,7304.848524004414,7308.4514581374115,7313.809547422246,7321.295970114477,7330.278744407714,7341.068864756592,7354.332175415757,7368.966839809447,7385.363584043605,7404.552753431023,7424.9719653426655,7447.020933568957,7472.137334084217,7498.312454614888,7525.902469624295,7556.755217064643,7588.463293891024,7621.307978575211,7657.548443178352,7694.438702131473,7732.167232008289,7773.376628717116,7815.043160149723,7857.234274714965,7902.941247194376,7948.902087041604,7995.071162360725,8044.700139954486,8094.396775360833,8144.027110519488,8196.976193427608,8249.867485860808,8302.464458726668,8358.213559561513,8413.82616937054,8468.96031186338,8527.075570637597,8585.004580829112,8642.331625518884,8702.407595766254,8762.295042978832,8821.542451621617,8883.20060397332,8944.745575708888,9005.669666666061,9068.612712352413
T46000logg4.4,7498.564505038463,7498.43139741169,7500.815917012472,7505.430600579835,7512.533536304232,7522.391892554019,7534.036798115308,7547.9857985211775,7564.9369402384345,7583.318078775532,7603.756523111688,7627.421476066664,7652.221450597324,7678.790166791306,7708.788906507557,7739.6561265698265,7771.961179547006,7807.851139259388,7844.352400580316,7881.9320231462225,7923.191088652633,7964.813073689642,8007.137719255187,8053.182389275508,8099.352251897589,8145.858688052387,8196.056654079257,8246.171857462286,8296.274118317522,8349.986988640789,8403.420463045339,8456.525221742655,8513.085542080766,8569.21202333761,8624.780572231164,8683.56221080465,8741.84341877062,8799.408914778005,8859.921112614611,8919.924219232846,8979.102040266063,9040.97210278754,9102.35133239412,9162.856331403616,9225.759683767978,9288.234082912388,9349.868105175443,9413.518608487173,9476.872717911874,9539.468714007351,9603.664080093282
T47000logg4.2,7391.739882529118,7386.53339901414,7382.538892054422,7380.168121688965,7379.193174750058,7379.795159741663,7381.958093816488,7385.755387454169,7391.512837591581,7398.763450293594,7407.771662552336,7419.101424381388,7431.831465835624,7446.32309328104,7463.4712255332915,7481.8981692691805,7501.989184616404,7525.027953320277,7549.1909323493155,7574.833736922416,7603.6388463608755,7633.37499438248,7664.332215102416,7698.600881894674,7733.600671891829,7769.5349764976345,7808.886933241553,7848.781116326804,7889.305116216591,7933.302344644558,7977.639501402943,8022.291196573619,8070.382762890079,8118.622943621109,8166.889190370894,8218.480160706249,8270.079280697684,8321.458436588195,8376.019795407388,8430.4928502286,8484.54605337291,8541.627143735002,8598.557480617963,8654.932127345839,8714.111608925043,8773.129541750252,8831.544615726314,8892.434695423042,8953.233673630439,9013.44330620002,9075.743917887121
T47000logg4.4,7698.237954105864,7699.989617482722,7704.093383422924,7710.035033555214,7718.1090180658675,7728.737242104134,7740.847798211967,7754.998121175867,7771.926013092347,7790.053087226183,7810.052395616253,7833.038607188087,7856.980737357024,7882.560338076914,7911.319537803571,7940.81664158448,7971.67465219194,8005.880758993534,8040.616165347587,8076.405303948934,8115.654881888581,8155.223737413556,8195.513525662442,8239.32466129501,8283.252945483126,8327.572022445878,8375.425146094938,8423.21691688004,8471.079498328942,8522.444868397075,8573.569791464746,8624.461285086954,8678.731033597513,8732.60627285603,8786.004469650414,8842.56533986281,8898.648382675437,8954.071527801925,9012.423424376673,9070.270392660144,9127.330780799863,9187.094082302823,9246.361073039006,9304.783697844687,9365.642828765676,9426.063645913498,9485.670124799335,9547.365841230123,9608.757090030611,9669.415521721321,9731.780307921648
T48000logg4.2,7422.576932756872,7414.596864647152,7407.518669599308,7402.102816495871,7397.925619054583,7395.099969539175,7393.962023975509,7394.426930366314,7396.684116303639,7400.60916791556,7406.350134624717,7414.292023764487,7423.833199896258,7435.2515006692165,7449.236123930824,7464.702828315471,7481.986405392311,7502.161179219038,7523.66139515837,7546.815362060219,7573.098890788458,7600.504596464947,7629.311864987716,7661.415752249096,7694.428605216975,7728.553725161099,7766.097710530425,7804.343864386335,7843.388080318837,7885.920908231861,7928.93878986893,7972.424523795034,8019.382171066763,8066.614058886007,8113.9982410738385,8164.760605446311,8215.628816452623,8266.373935616812,8320.375471181163,8374.360346704254,8427.996353533019,8484.747231773621,8541.397681112174,8597.541942533646,8656.584052424967,8715.497751164416,8773.8396808365,8834.748933721115,8895.587222622595,8955.853307282332,9018.298928422402
T48000logg4.4,7718.673828934114,7722.5213812791835,7728.217627074237,7735.132035021252,7743.724797087642,7754.430991971351,7766.20326632713,7779.678955446331,7795.550005579238,7812.3637655926905,7830.83767693418,7851.981103297581,7873.947640384371,7897.451329022349,7923.876471333843,7950.992514036554,7979.455700604554,8011.056601239815,8043.19742838461,8076.441047683301,8112.972971192408,8149.871865468555,8187.585040931743,8228.683421362328,8269.977123179562,8311.789326845808,8357.04369734574,8402.335529453254,8447.849276861278,8496.820098894099,8545.666411548938,8594.445082154733,8646.610997032798,8698.505709562625,8750.083931537774,8804.895910598598,8859.341951705197,8913.270492795036,8970.252188956068,9026.819141827767,9082.71836631775,9141.474783714302,9199.80052344519,9257.373578462391,9317.545803766729,9377.324084182239,9436.348601154408,9497.6207095457,9558.605728814899,9618.885337342794,9681.022008242242
T49000logg4.2,7562.422026778437,7557.365824817839,7553.316800871589,7550.683092096982,7549.204225899712,7549.086814165297,7550.387776279773,7553.155386334711,7557.679867162102,7563.615061639243,7571.206696982088,7580.931548271078,7592.01428495785,7604.798869429022,7620.053431431472,7636.56593958777,7654.714311917476,7675.632466576668,7697.674199711095,7721.198527306401,7747.718694189268,7775.187036686204,7803.903947307306,7835.777208827276,7868.41324146982,7902.032007173564,7938.93018175035,7976.412723807917,8014.594294130214,8056.134992338039,8098.075808646321,8140.418571781685,8186.120933296117,8232.041993475237,8278.07624227211,8327.398271608341,8376.788260103118,8426.03713555291,8478.471731734804,8530.866971476911,8582.915619043586,8638.017584842997,8693.009610419445,8747.516777538252,8804.864104400122,8862.089360717126,8918.780853295335,8977.989572552418,9037.145228622567,9095.777642964373,9156.551775382679
T49000logg4.4,7372.395662418601,7377.407855355459,7384.198461451126,7392.013087585617,7401.355933313097,7412.7325342731165,7425.021138886027,7438.8891351004595,7455.0677826419915,7472.068420975109,7490.6253233722455,7511.76081786478,7533.619496252423,7556.921012961385,7583.045525098829,7609.78582079391,7637.800062991176,7668.866228377054,7700.428034958001,7733.044425022696,7768.882075710963,7805.067352428753,7842.037565918668,7882.343043448932,7922.8462690142715,7963.856142462518,8008.284905113406,8052.771862962562,8097.483283129492,8145.65877502132,8193.748958324248,8241.785249207778,8293.255332876803,8344.504794180546,8395.448721351542,8449.72173685321,8503.679701030165,8557.120348572242,8613.757164565912,8670.021247083982,8725.602762874356,8784.224810834841,8842.44884885134,8899.88898392742,8960.145400992913,9020.028549701827,9079.105305106179,9140.683808388634,9201.9822092906,9262.500492197903,9325.167693883846
T50000logg4.2,7347.765842503889,7341.2189585279,7335.4664776197205,7331.140726080824,7327.940775922629,7325.9738269560285,7325.507868684725,7326.547136037516,7329.277666833458,7333.540543209337,7339.545744767007,7347.665223513824,7357.285869307669,7368.731858959186,7382.674135794548,7398.028656393701,7415.165267722151,7435.129785054966,7456.368831100597,7479.24011192564,7505.187290086832,7532.225305906867,7560.658416516949,7592.3481841725925,7624.930053746411,7658.62708984407,7695.716246102371,7733.5037818874935,7772.104300321166,7814.185495236874,7856.764432953007,7899.837045164591,7946.40679738604,7993.276738205208,8040.3250448733925,8090.816834266728,8141.437676433382,8191.953091171607,8245.824738229996,8299.694928647197,8353.223523758717,8409.98683412934,8466.65541423908,8522.81290830017,8581.997536316727,8641.050913963229,8699.51181763026,8760.677012894836,8821.75548528613,8882.222062272747,8945.012909229672
T50000logg4.4,7679.536636457316,7682.412374841631,7686.853209437891,7692.384371108512,7699.394353015463,7708.292375595728,7718.219083656464,7729.7463031158695,7743.473346608252,7758.158484483988,7774.4660775307975,7793.257439987456,7812.909720885961,7834.101213609122,7858.036480322833,7882.720336009121,7908.79078680085,7937.835837161467,7967.493729144006,7998.326234914337,8032.30499991715,8066.738239074113,8102.082574762067,8140.689063953338,8179.58466518895,8219.108620582652,8261.971139994155,8304.967713244367,8348.306295740816,8395.02035781458,8441.71049085123,8488.45600337067,8538.535562315767,8588.439828097902,8638.13504487921,8691.049816942977,8743.678620748104,8795.877455853006,8851.153938454274,8906.075990616122,8960.39982546925,9017.634943689973,9074.486212403694,9130.639706723716,9189.467688391813,9247.937209084746,9305.694608032965,9365.79501619646,9425.637372413428,9484.80686193093,9545.946869864305
