,vsini60,vsini85,vsini110,vsini135,vsini160,vsini185,vsini210,vsini235,vsini260
T15000logg2.0,"{'Ha': 46.96189234078826, 'Hb': 16.891051918056135, 'Hd': 7.438524839688999, 'HeII_4199.83': 2.5953559922888094, 'HeII_4686': 14.374608468877586, 'HeII_5411.53': 15.917709387698416, 'HeI_4471.50': 15.450390071371904, 'HeI_4713.17': 8.667043962874583, 'HeI_4921.93': 19.74738335289588, 'HeI_5015.68': 11.645689397292193, 'HeI_5047.74': 2.717258127190002, 'HeI_5875.66': 51.55011078964781, 'Hg': 5.66713429759536}","{'Ha': 33.13372910157612, 'Hb': 9.207206251544193, 'Hd': 5.279137516597492, 'HeII_4199.83': 2.593190441764993, 'HeII_4686': 14.380764997451784, 'HeII_5411.53': 15.917521879837295, 'HeI_4471.50': 8.113502533274088, 'HeI_4713.17': 4.601073875539215, 'HeI_4921.93': 10.57252399583007, 'HeI_5015.68': 6.646358787312836, 'HeI_5047.74': 1.940711003079253, 'HeI_5875.66': 29.953456782056016, 'Hg': 3.6994675244167627}","{'Ha': 25.92762555521584, 'Hb': 4.561530794335596, 'Hd': 3.6912916415025805, 'HeII_4199.83': 2.5917639649754642, 'HeII_4686': 14.388981646420374, 'HeII_5411.53': 15.917187545792903, 'HeI_4471.50': 4.328180103210723, 'HeI_4713.17': 2.4799498653779244, 'HeI_4921.93': 5.563712243101917, 'HeI_5015.68': 4.0341031371552445, 'HeI_5047.74': 1.5388858438083266, 'HeI_5875.66': 17.83059143018166, 'Hg': 2.3823927032652663}","{'Ha': 22.935394676236072, 'Hb': 2.5480309253415325, 'Hd': 2.7090331158075953, 'HeII_4199.83': 2.5915477514873735, 'HeII_4686': 14.3988058785415, 'HeII_5411.53': 15.916767087465226, 'HeI_4471.50': 2.696548569339116, 'HeI_4713.17': 1.524474086498381, 'HeI_4921.93': 2.9912817397667077, 'HeI_5015.68': 2.7589494742457976, 'HeI_5047.74': 1.3269369746666466, 'HeI_5875.66': 11.702879816468501, 'Hg': 1.7009628788416669}","{'Ha': 22.751178659590046, 'Hb': 2.64880734873502, 'Hd': 2.2779858857780706, 'HeII_4199.83': 2.5916344301642322, 'HeII_4686': 14.408828735490756, 'HeII_5411.53': 15.91626071598748, 'HeI_4471.50': 2.4147594896724693, 'HeI_4713.17': 1.3417310546604342, 'HeI_4921.93': 1.9687214274639508, 'HeI_5015.68': 2.246401994626731, 'HeI_5047.74': 1.2189486048192408, 'HeI_5875.66': 9.452450793551245, 'Hg': 1.571539517459998}","{'Ha': 24.364679265576562, 'Hb': 4.2646691525073015, 'Hd': 2.274634289937982, 'HeII_4199.83': 2.5917986167941702, 'HeII_4686': 14.417863665001397, 'HeII_5411.53': 15.915710772247591, 'HeI_4471.50': 2.9040715817632354, 'HeI_4713.17': 1.5958791522141096, 'HeI_4921.93': 1.8731513936324504, 'HeI_5015.68': 2.134486149888079, 'HeI_5047.74': 1.176068796442988, 'HeI_5875.66': 9.491863304142814, 'Hg': 1.8537311620824835}","{'Ha': 27.074806973958975, 'Hb': 6.928473421959241, 'Hd': 2.582781850091207, 'HeII_4199.83': 2.592474343261401, 'HeII_4686': 14.425046194639094, 'HeII_5411.53': 15.915114102216354, 'HeI_4471.50': 3.833157793043831, 'HeI_4713.17': 2.064194870679932, 'HeI_4921.93': 2.273389495849367, 'HeI_5015.68': 2.2380584283322076, 'HeI_5047.74': 1.1813263665961322, 'HeI_5875.66': 10.770704088993734, 'Hg': 2.4241675553465254}","{'Ha': 30.27611512965064, 'Hb': 10.205266318993772, 'Hd': 3.1017689198950253, 'HeII_4199.83': 2.59324527403577, 'HeII_4686': 14.429825957274831, 'HeII_5411.53': 15.914513696067917, 'HeI_4471.50': 4.924577264262927, 'HeI_4713.17': 2.5922066160230126, 'HeI_4921.93': 2.861533258200667, 'HeI_5015.68': 2.435118590868633, 'HeI_5047.74': 1.2182086903159477, 'HeI_5875.66': 12.53765303090293, 'Hg': 3.1768553728050324}","{'Ha': 33.5649626966456, 'Hb': 13.780179646837091, 'Hd': 3.753474186174857, 'HeII_4199.83': 2.5939183027937425, 'HeII_4686': 14.432386846106972, 'HeII_5411.53': 15.91394726824567, 'HeI_4471.50': 6.023840312355856, 'HeI_4713.17': 3.1083843931332997, 'HeI_4921.93': 3.482269499702367, 'HeI_5015.68': 2.6491943867944516, 'HeI_5047.74': 1.2661730888710452, 'HeI_5875.66': 14.304115958733576, 'Hg': 4.029735532150787}"
T15000logg2.2,"{'Ha': 58.41197068429111, 'Hb': 15.719924881654299, 'Hd': 7.8248739587026455, 'HeII_4199.83': 2.5862747931040952, 'HeII_4686': 14.571580879135139, 'HeII_5411.53': 15.918990442475208, 'HeI_4471.50': 15.351595180375726, 'HeI_4713.17': 9.947590910241622, 'HeI_4921.93': 18.833030743229784, 'HeI_5015.68': 12.292171712190077, 'HeI_5047.74': 2.737052431277892, 'HeI_5875.66': 54.07249879554011, 'Hg': 5.532548200530211}","{'Ha': 45.62362206606585, 'Hb': 9.207173390427126, 'Hd': 6.106729328670499, 'HeII_4199.83': 2.584261506089475, 'HeII_4686': 14.575053602275151, 'HeII_5411.53': 15.918839097599953, 'HeI_4471.50': 8.144177256876247, 'HeI_4713.17': 5.389818368863971, 'HeI_4921.93': 10.215511598489224, 'HeI_5015.68': 7.168502053926818, 'HeI_5047.74': 1.9008730000134677, 'HeI_5875.66': 32.49830273606624, 'Hg': 3.9605784456147957}","{'Ha': 38.56786604734411, 'Hb': 5.097800438887635, 'Hd': 4.739371290677357, 'HeII_4199.83': 2.582919475419318, 'HeII_4686': 14.57978605371001, 'HeII_5411.53': 15.918576911266483, 'HeI_4471.50': 4.291755760095996, 'HeI_4713.17': 2.9549086132108164, 'HeI_4921.93': 5.4357343706181505, 'HeI_5015.68': 4.463095253495617, 'HeI_5047.74': 1.4614091090617074, 'HeI_5875.66': 20.21498137029301, 'Hg': 2.846684410437539}","{'Ha': 35.39460198627992, 'Hb': 3.1354394553663707, 'Hd': 3.779562781555332, 'HeII_4199.83': 2.582740428405227, 'HeII_4686': 14.58556007775379, 'HeII_5411.53': 15.91824806711821, 'HeI_4471.50': 2.544748852184467, 'HeI_4713.17': 1.8015717580695827, 'HeI_4921.93': 2.9555222419374925, 'HeI_5015.68': 3.116616742327631, 'HeI_5047.74': 1.224774707479134, 'HeI_5875.66': 13.908088988459033, 'Hg': 2.202848292430101}","{'Ha': 34.92978426324055, 'Hb': 2.9654871824241833, 'Hd': 3.2315993983838114, 'HeII_4199.83': 2.5828434956243194, 'HeII_4686': 14.591501168709927, 'HeII_5411.53': 15.917853050184798, 'HeI_4471.50': 2.1515621773700095, 'HeI_4713.17': 1.5012660949053793, 'HeI_4921.93': 1.9643793843024975, 'HeI_5015.68': 2.549442822032678, 'HeI_5047.74': 1.100237630518226, 'HeI_5875.66': 11.50621302539173, 'Hg': 1.9934398868713143}","{'Ha': 36.26323070298028, 'Hb': 4.134169536351482, 'Hd': 3.033310319694365, 'HeII_4199.83': 2.5830105672771513, 'HeII_4686': 14.596833765228551, 'HeII_5411.53': 15.917425292493236, 'HeI_4471.50': 2.5487872064159527, 'HeI_4713.17': 1.6878227391393483, 'HeI_4921.93': 1.8713521555876098, 'HeI_5015.68': 2.396979451754337, 'HeI_5047.74': 1.046099087254637, 'HeI_5875.66': 11.422612095343522, 'Hg': 2.1291208973714397}","{'Ha': 38.73946966406704, 'Hb': 6.270659744316226, 'Hd': 3.108866347337283, 'HeII_4199.83': 2.583657433509137, 'HeII_4686': 14.600957027250177, 'HeII_5411.53': 15.916962511328908, 'HeI_4471.50': 3.4047712661303557, 'HeI_4713.17': 2.1175696321890376, 'HeI_4921.93': 2.2624222178782456, 'HeI_5015.68': 2.467683365528831, 'HeI_5047.74': 1.0448850233240747, 'HeI_5875.66': 12.598499114698003, 'Hg': 2.521675289276894}","{'Ha': 41.77067142303179, 'Hb': 9.01885467287703, 'Hd': 3.39067592032454, 'HeII_4199.83': 2.584374711502341, 'HeII_4686': 14.60352054313473, 'HeII_5411.53': 15.91649739478637, 'HeI_4471.50': 4.4447715108804315, 'HeI_4713.17': 2.6246015602274615, 'HeI_4921.93': 2.8406320082972814, 'HeI_5015.68': 2.6389982353600576, 'HeI_5047.74': 1.080362142716529, 'HeI_5875.66': 14.284811253483504, 'Hg': 3.093298950593083}","{'Ha': 44.93927576455556, 'Hb': 12.103742796360153, 'Hd': 3.817825573502417, 'HeII_4199.83': 2.5849950708656966, 'HeII_4686': 14.604632089706675, 'HeII_5411.53': 15.916058281588208, 'HeI_4471.50': 5.510743472763817, 'HeI_4713.17': 3.1260594576440974, 'HeI_4921.93': 3.45462584390535, 'HeI_5015.68': 2.8330826934553643, 'HeI_5047.74': 1.1306662914332382, 'HeI_5875.66': 15.974308278358285, 'Hg': 3.77737680922134}"
T15000logg2.4,"{'Ha': 71.74748489258683, 'Hb': 24.08070281759899, 'Hd': 11.820819184044442, 'HeII_4199.83': 2.586530104848448, 'HeII_4686': 14.622390749198997, 'HeII_5411.53': 15.920051515600237, 'HeI_4471.50': 15.317650143174696, 'HeI_4713.17': 10.602162446546101, 'HeI_4921.93': 17.67687712074024, 'HeI_5015.68': 12.115818250894662, 'HeI_5047.74': 2.679343751585674, 'HeI_5875.66': 55.27046598433005, 'Hg': 8.284234995536258}","{'Ha': 60.073917125110974, 'Hb': 18.367455202035146, 'Hd': 10.414470505440407, 'HeII_4199.83': 2.5844861967507833, 'HeII_4686': 14.624218093927, 'HeII_5411.53': 15.91994510917249, 'HeI_4471.50': 8.319785609515321, 'HeI_4713.17': 5.830473497678194, 'HeI_4921.93': 9.681882135269687, 'HeI_5015.68': 7.102624698988246, 'HeI_5047.74': 1.8524622885671362, 'HeI_5875.66': 33.7435943760987, 'Hg': 6.979490672881267}","{'Ha': 53.33333728519222, 'Hb': 14.682447364216051, 'Hd': 9.237712101471121, 'HeII_4199.83': 2.58310793564896, 'HeII_4686': 14.626782558370644, 'HeII_5411.53': 15.919764338082429, 'HeI_4471.50': 4.476927394927731, 'HeI_4713.17': 3.255106081214615, 'HeI_4921.93': 5.203230179428495, 'HeI_5015.68': 4.460600966863063, 'HeI_5047.74': 1.4168326679004546, 'HeI_5875.66': 21.417380034821946, 'Hg': 6.02383670024264}","{'Ha': 50.12460485825749, 'Hb': 12.806180539225254, 'Hd': 8.33930640371933, 'HeII_4199.83': 2.5828813338042167, 'HeII_4686': 14.630004081841298, 'HeII_5411.53': 15.919537402596335, 'HeI_4471.50': 2.6662558499569577, 'HeI_4713.17': 2.010571906187417, 'HeI_4921.93': 2.8688260643751913, 'HeI_5015.68': 3.149670114736811, 'HeI_5047.74': 1.1811242097171248, 'HeI_5875.66': 15.045549381826213, 'Hg': 5.427719723409389}","{'Ha': 49.46557960175739, 'Hb': 12.458710260666175, 'Hd': 7.7425702598591775, 'HeII_4199.83': 2.582950240835004, 'HeII_4686': 14.633301724216379, 'HeII_5411.53': 15.919263681699167, 'HeI_4471.50': 2.19088127626912, 'HeI_4713.17': 1.6543537455356325, 'HeI_4921.93': 1.9414907195042899, 'HeI_5015.68': 2.599607226318382, 'HeI_5047.74': 1.0560099943975747, 'HeI_5875.66': 12.581190728689869, 'Hg': 5.172882027240593}","{'Ha': 50.53696185878817, 'Hb': 13.272911623637182, 'Hd': 7.416919953116813, 'HeII_4199.83': 2.5830834377681375, 'HeII_4686': 14.636135227280379, 'HeII_5411.53': 15.918966544799039, 'HeI_4471.50': 2.5117233964518686, 'HeI_4713.17': 1.8073074810229786, 'HeI_4921.93': 1.8704837885783636, 'HeI_5015.68': 2.45509499586323, 'HeI_5047.74': 1.0006369839511688, 'HeI_5875.66': 12.44248469421263, 'Hg': 5.197589668552256}","{'Ha': 52.73814443901503, 'Hb': 14.939739734369457, 'Hd': 7.312673554344107, 'HeII_4199.83': 2.583711007796435, 'HeII_4686': 14.638073114096189, 'HeII_5411.53': 15.918645538978033, 'HeI_4471.50': 3.3031801359952073, 'HeI_4713.17': 2.2165873211552034, 'HeI_4921.93': 2.2640613237925518, 'HeI_5015.68': 2.5284814930734565, 'HeI_5047.74': 0.998630971679312, 'HeI_5875.66': 13.569610215975745, 'Hg': 5.436282644770787}","{'Ha': 55.52720434793195, 'Hb': 17.167235656695226, 'Hd': 7.389035936723423, 'HeII_4199.83': 2.584428145099692, 'HeII_4686': 14.638912383235345, 'HeII_5411.53': 15.918323002509542, 'HeI_4471.50': 4.295319754080244, 'HeI_4713.17': 2.711518946926139, 'HeI_4921.93': 2.838761317886606, 'HeI_5015.68': 2.699758092968038, 'HeI_5047.74': 1.034898229317128, 'HeI_5875.66': 15.21592051601167, 'Hg': 5.833852780147748}","{'Ha': 58.49509200726357, 'Hb': 19.71994009491134, 'Hd': 7.602318797634006, 'HeII_4199.83': 2.585052670514757, 'HeII_4686': 14.638735902442555, 'HeII_5411.53': 15.918018036544947, 'HeI_4471.50': 5.328308299987965, 'HeI_4713.17': 3.203768009037264, 'HeI_4921.93': 3.4493195830389456, 'HeI_5015.68': 2.8928993927230886, 'HeI_5047.74': 1.0876595411999508, 'HeI_5875.66': 16.866445989022594, 'Hg': 6.338974726411709}"
T15000logg2.6,"{'Ha': 80.38503810542969, 'Hb': 36.29742711643765, 'Hd': 18.0579456790255, 'HeII_4199.83': 2.5979174687907403, 'HeII_4686': 14.603839467047006, 'HeII_5411.53': 15.927634582810787, 'HeI_4471.50': 13.922994429001388, 'HeI_4713.17': 10.185980757252223, 'HeI_4921.93': 15.040494931208142, 'HeI_5015.68': 10.674547534083898, 'HeI_5047.74': 2.6626415886950565, 'HeI_5875.66': 49.909560436752784, 'Hg': 12.72963823228211}","{'Ha': 69.90063077893312, 'Hb': 31.569742959406092, 'Hd': 16.948065411469955, 'HeII_4199.83': 2.596614983296593, 'HeII_4686': 14.604012908371812, 'HeII_5411.53': 15.92752757424887, 'HeI_4471.50': 7.728811655590715, 'HeI_4713.17': 5.623198718787276, 'HeI_4921.93': 8.22979944777504, 'HeI_5015.68': 6.190515021577749, 'HeI_5047.74': 1.8497103940048976, 'HeI_5875.66': 30.266639055787223, 'Hg': 11.693667744145413}","{'Ha': 63.757259924606835, 'Hb': 28.544178950457646, 'Hd': 15.98997114761519, 'HeII_4199.83': 2.595706169035445, 'HeII_4686': 14.604399363517027, 'HeII_5411.53': 15.927362500670098, 'HeI_4471.50': 4.279822504844248, 'HeI_4713.17': 3.1570925443351605, 'HeI_4921.93': 4.3978184827585505, 'HeI_5015.68': 3.8632018096077734, 'HeI_5047.74': 1.4174396338286632, 'HeI_5875.66': 19.12624520986226, 'Hg': 10.928566792851672}","{'Ha': 60.791016304054885, 'Hb': 27.01518085977908, 'Hd': 15.21873654597204, 'HeII_4199.83': 2.5956434169652414, 'HeII_4686': 14.604979303167587, 'HeII_5411.53': 15.927165010657102, 'HeI_4471.50': 2.6502659846611984, 'HeI_4713.17': 1.9730690226767698, 'HeI_4921.93': 2.428107115230139, 'HeI_5015.68': 2.7444340667930467, 'HeI_5047.74': 1.1794092851474896, 'HeI_5875.66': 13.502393114290536, 'Hg': 10.436063173900985}","{'Ha': 60.15553202998813, 'Hb': 26.74318546565381, 'Hd': 14.65977714948428, 'HeII_4199.83': 2.5957820689845783, 'HeII_4686': 14.605562122457039, 'HeII_5411.53': 15.926937608789753, 'HeI_4471.50': 2.2410302342820194, 'HeI_4713.17': 1.6477174589606793, 'HeI_4921.93': 1.702093478795522, 'HeI_5015.68': 2.308988949816427, 'HeI_5047.74': 1.0499753552143687, 'HeI_5875.66': 11.492460336140153, 'Hg': 10.202823961509448}","{'Ha': 61.120443057891734, 'Hb': 27.42545656298112, 'Hd': 14.298167620130345, 'HeII_4199.83': 2.595951688467722, 'HeII_4686': 14.605971806174091, 'HeII_5411.53': 15.926697471937853, 'HeI_4471.50': 2.5716955303382623, 'HeI_4713.17': 1.8156233225331486, 'HeI_4921.93': 1.7393508713010624, 'HeI_5015.68': 2.2344172531950344, 'HeI_5047.74': 0.9897267367961704, 'HeI_5875.66': 11.630300548721713, 'Hg': 10.183630722558124}","{'Ha': 63.14554333863017, 'Hb': 28.81024676221334, 'Hd': 14.100173891987973, 'HeII_4199.83': 2.5965093640729084, 'HeII_4686': 14.60602311487385, 'HeII_5411.53': 15.926444802585344, 'HeI_4471.50': 3.3460271520247553, 'HeI_4713.17': 2.231978256912751, 'HeI_4921.93': 2.191564492378179, 'HeI_5015.68': 2.3531364920162035, 'HeI_5047.74': 0.9839685381697296, 'HeI_5875.66': 12.930806531734532, 'Hg': 10.329433184562756}","{'Ha': 65.74252760665364, 'Hb': 30.662632857436215, 'Hd': 14.042768890593143, 'HeII_4199.83': 2.597132450617589, 'HeII_4686': 14.60566172268715, 'HeII_5411.53': 15.926197589367451, 'HeI_4471.50': 4.313083547827248, 'HeI_4713.17': 2.7298866135518263, 'HeI_4921.93': 2.8000955312667983, 'HeI_5015.68': 2.5554631748340055, 'HeI_5047.74': 1.0194569288154622, 'HeI_5875.66': 14.684975025050196, 'Hg': 10.601666489605227}","{'Ha': 68.53272199293299, 'Hb': 32.789754110385005, 'Hd': 14.096602739934717, 'HeII_4199.83': 2.597672879035026, 'HeII_4686': 14.604922835607558, 'HeII_5411.53': 15.925970257318516, 'HeI_4471.50': 5.323028835345129, 'HeI_4713.17': 3.2229944420652856, 'HeI_4921.93': 3.4341923288413563, 'HeI_5015.68': 2.772251211423678, 'HeI_5047.74': 1.0744467192428977, 'HeI_5875.66': 16.4110365076499, 'Hg': 10.961746185050535}"
T15000logg2.8,"{'Ha': 115.3507414755198, 'Hb': 62.29363893102218, 'Hd': 28.20945832996383, 'HeII_4199.83': 2.6047183194236676, 'HeII_4686': 14.608390014758616, 'HeII_5411.53': 15.92727845275354, 'HeI_4471.50': 15.484098487176544, 'HeI_4713.17': 10.243729891706176, 'HeI_4921.93': 14.949129360909776, 'HeI_5015.68': 10.718269812174993, 'HeI_5047.74': 2.64574322511432, 'HeI_5875.66': 59.04562868597362, 'Hg': 20.780051578229802}","{'Ha': 103.10580580880278, 'Hb': 56.80170502677713, 'Hd': 27.11753528505596, 'HeII_4199.83': 2.6039685523665366, 'HeII_4686': 14.609256106352671, 'HeII_5411.53': 15.927182049484202, 'HeI_4471.50': 8.926055091439379, 'HeI_4713.17': 5.668781165008974, 'HeI_4921.93': 8.280399687261811, 'HeI_5015.68': 6.238773135927892, 'HeI_5047.74': 1.859725571490631, 'HeI_5875.66': 36.655268502238876, 'Hg': 19.682006419350152}","{'Ha': 95.33648900366617, 'Hb': 53.166143045366645, 'Hd': 26.1722042488, 'HeII_4199.83': 2.6034231348050074, 'HeII_4686': 14.610481873914361, 'HeII_5411.53': 15.927041760634687, 'HeI_4471.50': 5.1910222265658685, 'HeI_4713.17': 3.1943064282280984, 'HeI_4921.93': 4.5001412876843485, 'HeI_5015.68': 3.920245152848871, 'HeI_5047.74': 1.4393661171915633, 'HeI_5875.66': 23.77553349856431, 'Hg': 18.866181303494674}","{'Ha': 91.05116102551249, 'Hb': 51.11622888752849, 'Hd': 25.388028051182207, 'HeII_4199.83': 2.6034594459502465, 'HeII_4686': 14.612019389305399, 'HeII_5411.53': 15.926878788132225, 'HeI_4471.50': 3.325447436016156, 'HeI_4713.17': 2.003116656996463, 'HeI_4921.93': 2.5294835016048114, 'HeI_5015.68': 2.8079770818787426, 'HeI_5047.74': 1.2055874049644093, 'HeI_5875.66': 17.01316788511255, 'Hg': 18.312913224908304}","{'Ha': 89.38566607960175, 'Hb': 50.36672234125616, 'Hd': 24.781894136293232, 'HeII_4199.83': 2.603623732050963, 'HeII_4686': 14.613576594533953, 'HeII_5411.53': 15.926696349494922, 'HeI_4471.50': 2.7291764933730858, 'HeI_4713.17': 1.6725968822169794, 'HeI_4921.93': 1.7794206273971749, 'HeI_5015.68': 2.3723983698648006, 'HeI_5047.74': 1.0769530430689913, 'HeI_5875.66': 14.276246396010713, 'Hg': 17.99837133222875}","{'Ha': 89.5241799477024, 'Hb': 50.58087251281874, 'Hd': 24.338041734937356, 'HeII_4199.83': 2.6037957455080036, 'HeII_4686': 14.614894937407415, 'HeII_5411.53': 15.926507001633928, 'HeI_4471.50': 2.91819654493501, 'HeI_4713.17': 1.836791072052791, 'HeI_4921.93': 1.790460244707626, 'HeI_5015.68': 2.292845914935856, 'HeI_5047.74': 1.0157783975581292, 'HeI_5875.66': 13.946159243815947, 'Hg': 17.87554489389327}","{'Ha': 90.85105148707733, 'Hb': 51.478331609201675, 'Hd': 24.02359383725618, 'HeII_4199.83': 2.604252322388558, 'HeII_4686': 14.615760946899501, 'HeII_5411.53': 15.926312084881685, 'HeI_4471.50': 3.585378691771373, 'HeI_4713.17': 2.2501253416711724, 'HeI_4921.93': 2.2197870700986386, 'HeI_5015.68': 2.405450955914779, 'HeI_5047.74': 1.008448110377745, 'HeI_5875.66': 14.934033944870505, 'Hg': 17.8947371124837}","{'Ha': 92.86508047250446, 'Hb': 52.83210038637227, 'Hd': 23.8232490777134, 'HeII_4199.83': 2.6047533071003652, 'HeII_4686': 14.616081454636555, 'HeII_5411.53': 15.926126032690073, 'HeI_4471.50': 4.475207212382607, 'HeI_4713.17': 2.746129936595557, 'HeI_4921.93': 2.810619671363433, 'HeI_5015.68': 2.6010283980003375, 'HeI_5047.74': 1.042811474951911, 'HeI_5875.66': 16.478732559263182, 'Hg': 18.02319484214139}","{'Ha': 95.1597411473698, 'Hb': 54.45116676039611, 'Hd': 23.713428059814806, 'HeII_4199.83': 2.605185817072084, 'HeII_4686': 14.615903053330824, 'HeII_5411.53': 15.92595959504891, 'HeI_4471.50': 5.427923357732023, 'HeI_4713.17': 3.237471216461916, 'HeI_4921.93': 3.4319190014760066, 'HeI_5015.68': 2.8113899568758396, 'HeI_5047.74': 1.0975449154664454, 'HeI_5875.66': 18.04429232659586, 'Hg': 18.22688721242637}"
T16000logg2.0,"{'Ha': 36.73334162174205, 'Hb': 24.85420330517211, 'Hd': 9.25847529350068, 'HeII_4199.83': 2.6543196706745675, 'HeII_4686': 13.531476764148739, 'HeII_5411.53': 15.980474934221602, 'HeI_4471.50': 16.61755505216406, 'HeI_4713.17': 8.4042301073409, 'HeI_4921.93': 23.994954527315347, 'HeI_5015.68': 11.224247507659031, 'HeI_5047.74': 3.2426139599703143, 'HeI_5875.66': 47.52187408903005, 'Hg': 7.873525847329446}","{'Ha': 22.535953400063676, 'Hb': 16.719940027548436, 'Hd': 6.958261963644093, 'HeII_4199.83': 2.650717677919364, 'HeII_4686': 13.547532889494729, 'HeII_5411.53': 15.980746881802073, 'HeI_4471.50': 8.98943097820441, 'HeI_4713.17': 4.561760952755749, 'HeI_4921.93': 13.01895031589981, 'HeI_5015.68': 6.306558371062824, 'HeI_5047.74': 2.383686742942734, 'HeI_5875.66': 26.03568908583284, 'Hg': 5.744346349504696}","{'Ha': 15.7271894154269, 'Hb': 12.150810864867225, 'Hd': 5.439345446594911, 'HeII_4199.83': 2.6484243275341486, 'HeII_4686': 13.568589597432338, 'HeII_5411.53': 15.980891546296268, 'HeI_4471.50': 5.128045309020796, 'HeI_4713.17': 2.5968799369750055, 'HeI_4921.93': 7.037366340941671, 'HeI_5015.68': 3.771518525953219, 'HeI_5047.74': 1.9380748497119935, 'HeI_5875.66': 14.228389453971447, 'Hg': 4.440031082910941}","{'Ha': 13.22264140425315, 'Hb': 10.510623896464226, 'Hd': 4.669076999331746, 'HeII_4199.83': 2.6479111532624167, 'HeII_4686': 13.59326549575188, 'HeII_5411.53': 15.980910249384273, 'HeI_4471.50': 3.4984546811241164, 'HeI_4713.17': 1.7445903384585424, 'HeI_4921.93': 3.889422378935758, 'HeI_5015.68': 2.5576441888299635, 'HeI_5047.74': 1.6994088516543613, 'HeI_5875.66': 8.391445054300265, 'Hg': 3.8732080020150588}","{'Ha': 13.414609924247117, 'Hb': 11.090987662612585, 'Hd': 4.505495198430217, 'HeII_4199.83': 2.6478940166869123, 'HeII_4686': 13.618236742104836, 'HeII_5411.53': 15.980745628837907, 'HeI_4471.50': 3.246246870871742, 'HeI_4713.17': 1.6261089587989708, 'HeI_4921.93': 2.515436574916332, 'HeI_5015.68': 2.0892549815321106, 'HeI_5047.74': 1.5750778740507587, 'HeI_5875.66': 6.3662157869684535, 'Hg': 3.905755510479622}","{'Ha': 15.246869767869654, 'Hb': 13.17605690298673, 'Hd': 4.764373300719139, 'HeII_4199.83': 2.6480682808000866, 'HeII_4686': 13.6408955936666, 'HeII_5411.53': 15.980447334997157, 'HeI_4471.50': 3.7683640642803207, 'HeI_4713.17': 1.9184724019488053, 'HeI_4921.93': 2.202527177690084, 'HeI_5015.68': 2.009208467388777, 'HeI_5047.74': 1.5221321767263702, 'HeI_5875.66': 6.5797709412029075, 'Hg': 4.354555012766328}","{'Ha': 18.035681085849546, 'Hb': 16.250817830483808, 'Hd': 5.304758534906237, 'HeII_4199.83': 2.649000490108436, 'HeII_4686': 13.659502012481383, 'HeII_5411.53': 15.980018349313722, 'HeI_4471.50': 4.72880218999298, 'HeI_4713.17': 2.409397566489513, 'HeI_4921.93': 2.4635948980409097, 'HeI_5015.68': 2.1391293916689507, 'HeI_5047.74': 1.5193075056722996, 'HeI_5875.66': 8.001442671607238, 'Hg': 5.076719200443581}","{'Ha': 21.22660018119308, 'Hb': 19.850884943103143, 'Hd': 6.0102552907266675, 'HeII_4199.83': 2.650093380168564, 'HeII_4686': 13.672782446657097, 'HeII_5411.53': 15.9795081458573, 'HeI_4471.50': 5.843557926729647, 'HeI_4713.17': 2.9498783249778286, 'HeI_4921.93': 2.960291562086274, 'HeI_5015.68': 2.356847247688511, 'HeI_5047.74': 1.5469343575942511, 'HeI_5875.66': 9.878480555600065, 'Hg': 5.952105819273007}","{'Ha': 24.47016402827631, 'Hb': 23.66063585579541, 'Hd': 6.803379719484448, 'HeII_4199.83': 2.651079654644666, 'HeII_4686': 13.681135401394222, 'HeII_5411.53': 15.978965412142333, 'HeI_4471.50': 6.958109060256907, 'HeI_4713.17': 3.4794598810749457, 'HeI_4921.93': 3.5161951390099513, 'HeI_5015.68': 2.5871968184930703, 'HeI_5047.74': 1.583791013675112, 'HeI_5875.66': 11.759425541869945, 'Hg': 6.894558799346487}"
T16000logg2.2,"{'Ha': 50.76437459565577, 'Hb': 13.151710744513512, 'Hd': 6.2641543382453, 'HeII_4199.83': 2.5698904643955016, 'HeII_4686': 14.42375365887556, 'HeII_5411.53': 15.906579765952037, 'HeI_4471.50': 19.258825657372327, 'HeI_4713.17': 13.675583105136987, 'HeI_4921.93': 28.53690765614244, 'HeI_5015.68': 16.442398737921355, 'HeI_5047.74': 3.780834658759255, 'HeI_5875.66': 61.77088611698495, 'Hg': 4.640380357664397}","{'Ha': 38.94430323739495, 'Hb': 6.929538180311511, 'Hd': 4.5559852385455, 'HeII_4199.83': 2.5657689054107, 'HeII_4686': 14.434868186431348, 'HeII_5411.53': 15.906198551788197, 'HeI_4471.50': 10.392100463015664, 'HeI_4713.17': 7.567671356206435, 'HeI_4921.93': 16.315587143515454, 'HeI_5015.68': 9.824415410339482, 'HeI_5047.74': 2.529875991042937, 'HeI_5875.66': 37.62151116807499, 'Hg': 3.0792953147903237}","{'Ha': 32.58255093820014, 'Hb': 3.0790623720184884, 'Hd': 3.258513878905754, 'HeII_4199.83': 2.563135692433164, 'HeII_4686': 14.449559952915076, 'HeII_5411.53': 15.905542308412807, 'HeI_4471.50': 5.513236299018044, 'HeI_4713.17': 4.2116975455069205, 'HeI_4921.93': 9.359100527786678, 'HeI_5015.68': 6.222611128951396, 'HeI_5047.74': 1.8502447942515086, 'HeI_5875.66': 23.529702776215213, 'Hg': 2.007535081297523}","{'Ha': 29.86099086567452, 'Hb': 1.3911374632252915, 'Hd': 2.429901641629022, 'HeII_4199.83': 2.562435076533205, 'HeII_4686': 14.467024739655876, 'HeII_5411.53': 15.904732912859416, 'HeI_4471.50': 3.144108719333419, 'HeI_4713.17': 2.4956859834474634, 'HeI_4921.93': 5.501112278034298, 'HeI_5015.68': 4.316413709394947, 'HeI_5047.74': 1.4638170813940137, 'HeI_5875.66': 16.020993136958342, 'Hg': 1.440832719467898}","{'Ha': 29.65956498694652, 'Hb': 1.5148111776591966, 'Hd': 2.0496370581678685, 'HeII_4199.83': 2.562262841295239, 'HeII_4686': 14.48498603690165, 'HeII_5411.53': 15.903775516586855, 'HeI_4471.50': 2.4009812994345285, 'HeI_4713.17': 1.8699466410911496, 'HeI_4921.93': 3.6409375470277947, 'HeI_5015.68': 3.400291411993149, 'HeI_5047.74': 1.2436431982096374, 'HeI_5875.66': 12.864200916921815, 'Hg': 1.33810120391611}","{'Ha': 31.112979150708018, 'Hb': 2.9823319401439936, 'Hd': 2.0307863079900867, 'HeII_4199.83': 2.562260723585829, 'HeII_4686': 14.501542722349473, 'HeII_5411.53': 15.902746581862068, 'HeI_4471.50': 2.6034314208617206, 'HeI_4713.17': 1.8712588047282355, 'HeI_4921.93': 2.9926450608052044, 'HeI_5015.68': 3.022999736293984, 'HeI_5047.74': 1.127673402384412, 'HeI_5875.66': 12.301636809404828, 'Hg': 1.5940981034923902}","{'Ha': 33.6141485080012, 'Hb': 5.41433330242026, 'Hd': 2.284645102780576, 'HeII_4199.83': 2.563001381992448, 'HeII_4686': 14.515381861105652, 'HeII_5411.53': 15.901641389059431, 'HeI_4471.50': 3.3540519519389225, 'HeI_4713.17': 2.194158753414281, 'HeI_4921.93': 3.0141218632360967, 'HeI_5015.68': 2.940867675444227, 'HeI_5047.74': 1.0857850272421172, 'HeI_5875.66': 13.16159295513194, 'Hg': 2.1108779578535826}","{'Ha': 36.628127272912955, 'Hb': 8.437662679716166, 'Hd': 2.7304530066010773, 'HeII_4199.83': 2.563903017104138, 'HeII_4686': 14.52551651899102, 'HeII_5411.53': 15.900542243081716, 'HeI_4471.50': 4.338935914169168, 'HeI_4713.17': 2.641266542588106, 'HeI_4921.93': 3.3421356737177, 'HeI_5015.68': 3.0076641384555853, 'HeI_5047.74': 1.0942220481287737, 'HeI_5875.66': 14.645004138847577, 'Hg': 2.799658170693634}","{'Ha': 39.77740383897404, 'Hb': 11.772537664906903, 'Hd': 3.3035313429451145, 'HeII_4199.83': 2.5647238649150816, 'HeII_4686': 14.532175913898504, 'HeII_5411.53': 15.89951997443126, 'HeI_4471.50': 5.374603639247515, 'HeI_4713.17': 3.1085408712815834, 'HeI_4921.93': 3.7748338012637617, 'HeI_5015.68': 3.125353848758887, 'HeI_5047.74': 1.1242487301001707, 'HeI_5875.66': 16.197800742447093, 'Hg': 3.5883750864201733}"
T16000logg2.4,"{'Ha': 61.77862606471857, 'Hb': 16.26384776253826, 'Hd': 8.354926891976989, 'HeII_4199.83': 2.563820258408919, 'HeII_4686': 14.608698321435993, 'HeII_5411.53': 15.914547300090435, 'HeI_4471.50': 18.505859620365616, 'HeI_4713.17': 14.456629993236625, 'HeI_4921.93': 25.547958387598115, 'HeI_5015.68': 16.41360939841713, 'HeI_5047.74': 3.6006025532344053, 'HeI_5875.66': 62.46947794641659, 'Hg': 5.841713865594081}","{'Ha': 51.21764833560768, 'Hb': 11.07752938653134, 'Hd': 7.020796393873024, 'HeII_4199.83': 2.5584643464479044, 'HeII_4686': 14.61579297008979, 'HeII_5411.53': 15.914270481425493, 'HeI_4471.50': 10.278465981154993, 'HeI_4713.17': 8.195454992901274, 'HeI_4921.93': 14.734998866777957, 'HeI_5015.68': 9.943898659430285, 'HeI_5047.74': 2.3950484783724746, 'HeI_5875.66': 38.96913907511296, 'Hg': 4.620766027512775}","{'Ha': 45.359796014976084, 'Hb': 7.824604333564124, 'Hd': 5.936434163502907, 'HeII_4199.83': 2.5550544784813995, 'HeII_4686': 14.625358809512397, 'HeII_5411.53': 15.9138020266788, 'HeI_4471.50': 5.6261048726116165, 'HeI_4713.17': 4.7166164008869425, 'HeI_4921.93': 8.495789761377068, 'HeI_5015.68': 6.402950182177002, 'HeI_5047.74': 1.7440450800894667, 'HeI_5875.66': 25.13186674815559, 'Hg': 3.7522107067616703}","{'Ha': 42.76848298006923, 'Hb': 6.328535250469323, 'Hd': 5.157041485550096, 'HeII_4199.83': 2.553971768387584, 'HeII_4686': 14.636900195394617, 'HeII_5411.53': 15.913224422669359, 'HeI_4471.50': 3.298597882587028, 'HeI_4713.17': 2.9124509890828136, 'HeI_4921.93': 5.028099820404726, 'HeI_5015.68': 4.5205387041130525, 'HeI_5047.74': 1.3748054602803836, 'HeI_5875.66': 17.716742437237283, 'Hg': 3.25440333998189}","{'Ha': 42.49643499072566, 'Hb': 6.327970238182314, 'Hd': 4.698053628204711, 'HeII_4199.83': 2.553580691392834, 'HeII_4686': 14.648709178587348, 'HeII_5411.53': 15.912539148069577, 'HeI_4471.50': 2.515571539063205, 'HeI_4713.17': 2.2265311328839186, 'HeI_4921.93': 3.3823173153674637, 'HeI_5015.68': 3.612771658449714, 'HeI_5047.74': 1.1640362355011453, 'HeI_5875.66': 14.57934649901076, 'Hg': 3.1118449938429826}","{'Ha': 43.77234775937385, 'Hb': 7.465554275021581, 'Hd': 4.5198499355516795, 'HeII_4199.83': 2.553429586648901, 'HeII_4686': 14.659327247880805, 'HeII_5411.53': 15.911800290594142, 'HeI_4471.50': 2.651807143786883, 'HeI_4713.17': 2.1874032149231266, 'HeI_4921.93': 2.8516059996873766, 'HeI_5015.68': 3.2399703449673014, 'HeI_5047.74': 1.0531151530515925, 'HeI_5875.66': 14.000474241538456, 'Hg': 3.256605763436123}","{'Ha': 46.04613467089393, 'Hb': 9.443162723950675, 'Hd': 4.568310109059115, 'HeII_4199.83': 2.5541234264435264, 'HeII_4686': 14.667667938409272, 'HeII_5411.53': 15.911005419463143, 'HeI_4471.50': 3.329780256549639, 'HeI_4713.17': 2.482525570460689, 'HeI_4921.93': 2.9397557788035535, 'HeI_5015.68': 3.15801903558721, 'HeI_5047.74': 1.014234318465291, 'HeI_5875.66': 14.826085251648792, 'Hg': 3.620728251031962}","{'Ha': 48.83040568850122, 'Hb': 11.96285738704746, 'Hd': 4.793562256003343, 'HeII_4199.83': 2.5549969553299032, 'HeII_4686': 14.673065751580493, 'HeII_5411.53': 15.910212203374622, 'HeI_4471.50': 4.251812974778569, 'HeI_4713.17': 2.9105892211168687, 'HeI_4921.93': 3.3089702384049744, 'HeI_5015.68': 3.2222268223394743, 'HeI_5047.74': 1.0251458298607194, 'HeI_5875.66': 16.271826189919942, 'Hg': 4.1423963726193485}","{'Ha': 51.76940163501715, 'Hb': 14.791343516191219, 'Hd': 5.148722874060498, 'HeII_4199.83': 2.5557707013027597, 'HeII_4686': 14.67572857158698, 'HeII_5411.53': 15.909469690397735, 'HeI_4471.50': 5.238619188416031, 'HeI_4713.17': 3.36050884350628, 'HeI_4921.93': 3.7718552381163484, 'HeI_5015.68': 3.3361767736566614, 'HeI_5047.74': 1.058112850367037, 'HeI_5875.66': 17.77750970449982, 'Hg': 4.766320505346711}"
T16000logg2.6,"{'Ha': 78.92518460972956, 'Hb': 27.665346069641718, 'Hd': 13.48606780366267, 'HeII_4199.83': 2.5716493765716155, 'HeII_4686': 14.627012075602332, 'HeII_5411.53': 15.919243106022087, 'HeI_4471.50': 18.407285504271627, 'HeI_4713.17': 14.712815933469612, 'HeI_4921.93': 23.8148621629197, 'HeI_5015.68': 15.95467752626371, 'HeI_5047.74': 3.3885438009112883, 'HeI_5875.66': 63.58661421384663, 'Hg': 9.564538236485113}","{'Ha': 68.29718376388827, 'Hb': 22.848593187247214, 'Hd': 12.364098958789317, 'HeII_4199.83': 2.567588750092708, 'HeII_4686': 14.631089743432335, 'HeII_5411.53': 15.919019256664148, 'HeI_4471.50': 10.604705969008421, 'HeI_4713.17': 8.4263014936744, 'HeI_4921.93': 13.883578412007813, 'HeI_5015.68': 9.70058043785857, 'HeI_5047.74': 2.256552761896161, 'HeI_5875.66': 40.228071481186134, 'Hg': 8.511689774703475}","{'Ha': 62.10314260292183, 'Hb': 19.810120617677917, 'Hd': 11.422380759450942, 'HeII_4199.83': 2.5649597771139185, 'HeII_4686': 14.636708877384207, 'HeII_5411.53': 15.91865662902373, 'HeI_4471.50': 6.077035722191584, 'HeI_4713.17': 4.9194824915884885, 'HeI_4921.93': 8.086536961847706, 'HeI_5015.68': 6.281399637456238, 'HeI_5047.74': 1.6435163944679645, 'HeI_5875.66': 26.403497607789934, 'Hg': 7.753814701101327}","{'Ha': 59.12183395444246, 'Hb': 18.345224684198346, 'Hd': 10.69857911587854, 'HeII_4199.83': 2.5642002903060654, 'HeII_4686': 14.643586983305108, 'HeII_5411.53': 15.91821557899081, 'HeI_4471.50': 3.73608393875945, 'HeI_4713.17': 3.091648065219133, 'HeI_4921.93': 4.850487075730798, 'HeI_5015.68': 4.470211762222578, 'HeI_5047.74': 1.296797533443499, 'HeI_5875.66': 18.946844672054286, 'Hg': 7.295430263529111}","{'Ha': 58.473320803231694, 'Hb': 18.202974572173538, 'Hd': 10.213540406178808, 'HeII_4199.83': 2.563979746930332, 'HeII_4686': 14.650644758970232, 'HeII_5411.53': 15.917699659813938, 'HeI_4471.50': 2.882543334497307, 'HeI_4713.17': 2.387603903553879, 'HeI_4921.93': 3.3227778418891467, 'HeI_5015.68': 3.602481408474453, 'HeI_5047.74': 1.1004075669360542, 'HeI_5875.66': 15.752309159775317, 'Hg': 7.122679556031034}","{'Ha': 59.39681045655685, 'Hb': 19.064122422037013, 'Hd': 9.945506487031771, 'HeII_4199.83': 2.563930476994446, 'HeII_4686': 14.65694440219371, 'HeII_5411.53': 15.917148648174438, 'HeI_4471.50': 2.934795318596931, 'HeI_4713.17': 2.3350952842535087, 'HeI_4921.93': 2.848917955466059, 'HeI_5015.68': 3.2516556130071885, 'HeI_5047.74': 0.9988331423138755, 'HeI_5875.66': 15.115925779771459, 'Hg': 7.183255873828379}","{'Ha': 61.339004557167506, 'Hb': 20.664894558192593, 'Hd': 9.856530853815212, 'HeII_4199.83': 2.5646020729614163, 'HeII_4686': 14.661742706874378, 'HeII_5411.53': 15.916561135362812, 'HeI_4471.50': 3.5322026329128815, 'HeI_4713.17': 2.620063212825472, 'HeI_4921.93': 2.962466333425731, 'HeI_5015.68': 3.182046868084493, 'HeI_5047.74': 0.9669263336091808, 'HeI_5875.66': 15.887551198311721, 'Hg': 7.423447862771883}","{'Ha': 63.830168284681044, 'Hb': 22.752981062854946, 'Hd': 9.91591211670029, 'HeII_4199.83': 2.5654230781293936, 'HeII_4686': 14.664623281004088, 'HeII_5411.53': 15.915978475457225, 'HeI_4471.50': 4.388524133174677, 'HeI_4713.17': 3.0407884801044327, 'HeI_4921.93': 3.3428589390642505, 'HeI_5015.68': 3.253541933950093, 'HeI_5047.74': 0.9844576854597353, 'HeI_5875.66': 17.286789998824226, 'Hg': 7.798011475894717}","{'Ha': 66.51715813212357, 'Hb': 25.125830976468023, 'Hd': 10.09019494086467, 'HeII_4199.83': 2.566142796334361, 'HeII_4686': 14.665728550571679, 'HeII_5411.53': 15.915435428386852, 'HeI_4471.50': 5.3255245515221254, 'HeI_4713.17': 3.483680228162261, 'HeI_4921.93': 3.812024937051412, 'HeI_5015.68': 3.372566386923259, 'HeI_5047.74': 1.024567813293753, 'HeI_5875.66': 18.74707854608429, 'Hg': 8.264003652981785}"
T16000logg2.8,"{'Ha': 92.71671802515785, 'Hb': 41.64346598578245, 'Hd': 20.480586203504444, 'HeII_4199.83': 2.584021823874674, 'HeII_4686': 14.615665710189166, 'HeII_5411.53': 15.926277906527918, 'HeI_4471.50': 17.688226514545295, 'HeI_4713.17': 14.449624318295664, 'HeI_4921.93': 21.343604521575056, 'HeI_5015.68': 14.795624621881393, 'HeI_5047.74': 3.197022462692057, 'HeI_5875.66': 60.954238514701224, 'Hg': 14.657702276091834}","{'Ha': 82.90058777366134, 'Hb': 37.5352430859523, 'Hd': 19.589274771459714, 'HeII_4199.83': 2.581494967012917, 'HeII_4686': 14.617854903472935, 'HeII_5411.53': 15.926090360904704, 'HeI_4471.50': 10.581402660998894, 'HeI_4713.17': 8.321047746506787, 'HeI_4921.93': 12.530877690119505, 'HeI_5015.68': 8.95301015482213, 'HeI_5047.74': 2.1368786657723304, 'HeI_5875.66': 38.67228759853605, 'Hg': 13.8126518915909}","{'Ha': 77.11795610035546, 'Hb': 35.00187180335644, 'Hd': 18.824516532229573, 'HeII_4199.83': 2.5798247796749147, 'HeII_4686': 14.621206726973254, 'HeII_5411.53': 15.925800150808685, 'HeI_4471.50': 6.375219520826274, 'HeI_4713.17': 4.890858555051738, 'HeI_4921.93': 7.329894853786646, 'HeI_5015.68': 5.7813168868288, 'HeI_5047.74': 1.5636045307917745, 'HeI_5875.66': 25.508374194811235, 'Hg': 13.207292674977731}","{'Ha': 74.27846355402336, 'Hb': 33.8204114490531, 'Hd': 18.210266787886084, 'HeII_4199.83': 2.579484716662361, 'HeII_4686': 14.625517634666346, 'HeII_5411.53': 15.92545520245522, 'HeI_4471.50': 4.149534074670167, 'HeI_4713.17': 3.102444285697649, 'HeI_4921.93': 4.423634662927705, 'HeI_5015.68': 4.124327687635466, 'HeI_5047.74': 1.241693976206275, 'HeI_5875.66': 18.455108505613204, 'Hg': 12.83598705926244}","{'Ha': 73.58533192469976, 'Hb': 33.75372519515191, 'Hd': 17.765686253194296, 'HeII_4199.83': 2.57950044507377, 'HeII_4686': 14.629923706619985, 'HeII_5411.53': 15.92506135555156, 'HeI_4471.50': 3.3047754219294943, 'HeI_4713.17': 2.4169383677742085, 'HeI_4921.93': 3.076550533079652, 'HeI_5015.68': 3.3512524317822057, 'HeI_5047.74': 1.0613742990166488, 'HeI_5875.66': 15.496784354835258, 'Hg': 12.684896303415758}","{'Ha': 74.34238140370633, 'Hb': 34.521014544246206, 'Hd': 17.47823235996768, 'HeII_4199.83': 2.5796095772025462, 'HeII_4686': 14.633620984566194, 'HeII_5411.53': 15.924647071420654, 'HeI_4471.50': 3.322158939664967, 'HeI_4713.17': 2.3724214163939696, 'HeI_4921.93': 2.7004788719058794, 'HeI_5015.68': 3.0588370753170513, 'HeI_5047.74': 0.9702673530739437, 'HeI_5875.66': 14.99840029290744, 'Hg': 12.712360657342945}","{'Ha': 76.03344517378788, 'Hb': 35.89642507549917, 'Hd': 17.32082704577249, 'HeII_4199.83': 2.5802733545578613, 'HeII_4686': 14.635969031106853, 'HeII_5411.53': 15.924211473070036, 'HeI_4471.50': 3.8693256388425725, 'HeI_4713.17': 2.6604989401529036, 'HeI_4921.93': 2.867983788735777, 'HeI_5015.68': 3.0275225229147686, 'HeI_5047.74': 0.9458252231945146, 'HeI_5875.66': 15.852110409405586, 'Hg': 12.87640850260679}","{'Ha': 78.22860468503882, 'Hb': 37.67033676302633, 'Hd': 17.275625340379857, 'HeII_4199.83': 2.5810432360961957, 'HeII_4686': 14.636754253201989, 'HeII_5411.53': 15.92378506520819, 'HeI_4471.50': 4.676765280043098, 'HeI_4713.17': 3.082182896551692, 'HeI_4921.93': 3.2801886636863, 'HeI_5015.68': 3.125293218711836, 'HeI_5047.74': 0.9698564391761222, 'HeI_5875.66': 17.29932359052389, 'Hg': 13.144683910835214}","{'Ha': 80.60815166527074, 'Hb': 39.67431810132246, 'Hd': 17.319758330299837, 'HeII_4199.83': 2.5817148474882528, 'HeII_4686': 14.63619635575928, 'HeII_5411.53': 15.923392938233858, 'HeI_4471.50': 5.572760445945523, 'HeI_4713.17': 3.5246036253642994, 'HeI_4921.93': 3.7717694439891556, 'HeI_5015.68': 3.2641064199992385, 'HeI_5047.74': 1.016794961875082, 'HeI_5875.66': 18.789603539977104, 'Hg': 13.484478262566773}"
T16000logg3.0,"{'Ha': 110.32943450898584, 'Hb': 59.34838656366232, 'Hd': 29.35335043301502, 'HeII_4199.83': 2.59117815833148, 'HeII_4686': 14.616396352512645, 'HeII_5411.53': 15.926596209608423, 'HeI_4471.50': 16.939799300367785, 'HeI_4713.17': 13.776718542752702, 'HeI_4921.93': 18.990848667489455, 'HeI_5015.68': 13.508036538458985, 'HeI_5047.74': 3.0438356447494637, 'HeI_5875.66': 58.59158974260294, 'Hg': 21.186096164260295}","{'Ha': 100.84800371558944, 'Hb': 55.727232936271, 'Hd': 28.640295714784823, 'HeII_4199.83': 2.5896475822543312, 'HeII_4686': 14.618282762894012, 'HeII_5411.53': 15.926445329230411, 'HeI_4471.50': 10.49611396537407, 'HeI_4713.17': 7.930729442739299, 'HeI_4921.93': 11.227826117671375, 'HeI_5015.68': 8.14916452011289, 'HeI_5047.74': 2.0561511862902075, 'HeI_5875.66': 37.190538356891366, 'Hg': 20.499141528856157}","{'Ha': 95.17454851783141, 'Hb': 53.571058825314466, 'Hd': 28.023179181483577, 'HeII_4199.83': 2.588604778978834, 'HeII_4686': 14.62089801848959, 'HeII_5411.53': 15.926218918027681, 'HeI_4471.50': 6.628168931859241, 'HeI_4713.17': 4.6617563386041, 'HeI_4921.93': 6.609918013874769, 'HeI_5015.68': 5.2564409344498015, 'HeI_5047.74': 1.5189465770817947, 'HeI_5875.66': 24.608654018632652, 'Hg': 20.018165774581696}","{'Ha': 92.3105081469904, 'Hb': 52.62515737152239, 'Hd': 27.512954647259292, 'HeII_4199.83': 2.5884989112634313, 'HeII_4686': 14.624105256619346, 'HeII_5411.53': 15.925954297252627, 'HeI_4471.50': 4.552884576122817, 'HeI_4713.17': 2.968806067526392, 'HeI_4921.93': 4.028957206077201, 'HeI_5015.68': 3.766957548851033, 'HeI_5047.74': 1.2148176325977302, 'HeI_5875.66': 17.915033687229656, 'Hg': 19.72638333878114}","{'Ha': 91.49539082583473, 'Hb': 52.64522792419872, 'Hd': 27.122755500445628, 'HeII_4199.83': 2.588625415799696, 'HeII_4686': 14.627390924961523, 'HeII_5411.53': 15.92565740246463, 'HeI_4471.50': 3.7494948614210153, 'HeI_4713.17': 2.3370329839627715, 'HeI_4921.93': 2.855247426175435, 'HeI_5015.68': 3.093455051431532, 'HeI_5047.74': 1.0433607881082072, 'HeI_5875.66': 15.16392056490174, 'Hg': 19.606380253100895}","{'Ha': 92.0488242458236, 'Hb': 53.36697043263855, 'Hd': 26.842833939776522, 'HeII_4199.83': 2.588796053214185, 'HeII_4686': 14.630302450125987, 'HeII_5411.53': 15.925348673920746, 'HeI_4471.50': 3.7522174072915675, 'HeI_4713.17': 2.322439003206981, 'HeI_4921.93': 2.5683416858536683, 'HeI_5015.68': 2.861993382709265, 'HeI_5047.74': 0.9564099786424679, 'HeI_5875.66': 14.784171377032585, 'Hg': 19.621363325779}","{'Ha': 93.46343347277282, 'Hb': 54.584290332031664, 'Hd': 26.651878172889834, 'HeII_4199.83': 2.5893865176964055, 'HeII_4686': 14.632475108942442, 'HeII_5411.53': 15.925027854262666, 'HeI_4471.50': 4.257692401048708, 'HeI_4713.17': 2.6276457071257697, 'HeI_4921.93': 2.7812543819336315, 'HeI_5015.68': 2.8704009598095674, 'HeI_5047.74': 0.9343822560113161, 'HeI_5875.66': 15.707794972389932, 'Hg': 19.736336295627023}","{'Ha': 95.33211430722494, 'Hb': 56.11507714271558, 'Hd': 26.539827650127986, 'HeII_4199.83': 2.5900505460840155, 'HeII_4686': 14.633715670147609, 'HeII_5411.53': 15.924717591797554, 'HeI_4471.50': 5.017575563655816, 'HeI_4713.17': 3.059090308027744, 'HeI_4921.93': 3.21758265410313, 'HeI_5015.68': 2.9946713614601084, 'HeI_5047.74': 0.9613868803723246, 'HeI_5875.66': 17.19497740937082, 'Hg': 19.927441242021878}","{'Ha': 97.35653219478016, 'Hb': 57.81673042693817, 'Hd': 26.49082647340342, 'HeII_4199.83': 2.590626689068329, 'HeII_4686': 14.634096875624683, 'HeII_5411.53': 15.92443603634214, 'HeI_4471.50': 5.870051353161939, 'HeI_4713.17': 3.507446600461761, 'HeI_4921.93': 3.724892964405561, 'HeI_5015.68': 3.15302912956018, 'HeI_5047.74': 1.0124067837328623, 'HeI_5875.66': 18.710541790972034, 'Hg': 20.169301257427257}"
T17000logg2.2,"{'Ha': 41.34595002310167, 'Hb': 13.337152302901915, 'Hd': 6.084634720190366, 'HeII_4199.83': 2.579490339674564, 'HeII_4686': 14.00728004533393, 'HeII_5411.53': 15.919308426295158, 'HeI_4471.50': 18.58503122413185, 'HeI_4713.17': 12.721688751979057, 'HeI_4921.93': 29.532956988006575, 'HeI_5015.68': 14.59974946456472, 'HeI_5047.74': 3.987174051273767, 'HeI_5875.66': 59.3020430115432, 'Hg': 4.989804294089419}","{'Ha': 31.54024871140628, 'Hb': 7.493786424434655, 'Hd': 4.299400259365401, 'HeII_4199.83': 2.5705311072321586, 'HeII_4686': 14.030358946051802, 'HeII_5411.53': 15.919163630944015, 'HeI_4471.50': 9.916599640171166, 'HeI_4713.17': 6.9004153663015915, 'HeI_4921.93': 16.76322211841267, 'HeI_5015.68': 8.515035790623898, 'HeI_5047.74': 2.709128973065121, 'HeI_5875.66': 35.40073174444988, 'Hg': 3.352263312947304}","{'Ha': 26.414256404289983, 'Hb': 3.959481756966837, 'Hd': 3.0373564619396167, 'HeII_4199.83': 2.564990040457488, 'HeII_4686': 14.061097209406983, 'HeII_5411.53': 15.918654693124772, 'HeI_4471.50': 5.2523851764288825, 'HeI_4713.17': 3.736879135204065, 'HeI_4921.93': 9.608420757835331, 'HeI_5015.68': 5.251407813178161, 'HeI_5047.74': 2.017500732057022, 'HeI_5875.66': 21.535338137448065, 'Hg': 2.2769515889400216}","{'Ha': 24.4330368902989, 'Hb': 2.6095674762133796, 'Hd': 2.3417552938792365, 'HeII_4199.83': 2.562964794052736, 'HeII_4686': 14.097353617143105, 'HeII_5411.53': 15.917914300324382, 'HeI_4471.50': 3.0628880868343287, 'HeI_4713.17': 2.1483982184003, 'HeI_4921.93': 5.662284365362639, 'HeI_5015.68': 3.56641999883244, 'HeI_5047.74': 1.6236266323655253, 'HeI_5875.66': 14.205842318016053, 'Hg': 1.7684049642222188}","{'Ha': 24.643005538280697, 'Hb': 3.085970647565486, 'Hd': 2.145468961417987, 'HeII_4199.83': 2.562052878698233, 'HeII_4686': 14.134344920102455, 'HeII_5411.53': 15.916902462851104, 'HeI_4471.50': 2.4569540171199775, 'HeI_4713.17': 1.6031817824340064, 'HeI_4921.93': 3.7420627747024593, 'HeI_5015.68': 2.7958971130638393, 'HeI_5047.74': 1.3987525708297726, 'HeI_5875.66': 11.180351347083425, 'Hg': 1.77065537932988}","{'Ha': 26.281147071959726, 'Hb': 4.896924317481048, 'Hd': 2.3204896392792502, 'HeII_4199.83': 2.561607872104868, 'HeII_4686': 14.168304785091594, 'HeII_5411.53': 15.915724168123663, 'HeI_4471.50': 2.7547172135334432, 'HeI_4713.17': 1.654845518018802, 'HeI_4921.93': 3.046431388538913, 'HeI_5015.68': 2.5182719769926063, 'HeI_5047.74': 1.2797897221223613, 'HeI_5875.66': 10.714083460867474, 'Hg': 2.1508511262259637}","{'Ha': 28.8079981226, 'Hb': 7.650046237574343, 'Hd': 2.7564030236307255, 'HeII_4199.83': 2.562352863156434, 'HeII_4686': 14.196708346753633, 'HeII_5411.53': 15.914377021910765, 'HeI_4471.50': 3.5683438321124648, 'HeI_4713.17': 2.010516812596235, 'HeI_4921.93': 3.0294058952874114, 'HeI_5015.68': 2.5085757823241375, 'HeI_5047.74': 1.2341701145691897, 'HeI_5875.66': 11.649051066340519, 'Hg': 2.793876486422333}","{'Ha': 31.749412274767177, 'Hb': 10.953517799884807, 'Hd': 3.3569130728544248, 'HeII_4199.83': 2.563371904889694, 'HeII_4686': 14.217611489906297, 'HeII_5411.53': 15.912981328690334, 'HeI_4471.50': 4.590722235946535, 'HeI_4713.17': 2.478445395143263, 'HeI_4921.93': 3.3266080322034974, 'HeI_5015.68': 2.6278113852389917, 'HeI_5047.74': 1.2360672120082916, 'HeI_5875.66': 13.190294768420177, 'Hg': 3.5965528277345125}","{'Ha': 34.785329487615684, 'Hb': 14.525056844649875, 'Hd': 4.055164366120531, 'HeII_4199.83': 2.5643036549387603, 'HeII_4686': 14.231575048953221, 'HeII_5411.53': 15.91164449217696, 'HeI_4471.50': 5.64797719985017, 'HeI_4713.17': 2.96404920580352, 'HeI_4921.93': 3.7348335216458475, 'HeI_5015.68': 2.7854940433197943, 'HeI_5047.74': 1.256951427183063, 'HeI_5875.66': 14.801315814272957, 'Hg': 4.4795657171505665}"
T17000logg2.4,"{'Ha': 62.16704397564536, 'Hb': 13.579534198261305, 'Hd': 6.4694906936310295, 'HeII_4199.83': 2.5576143060436576, 'HeII_4686': 14.46898145941846, 'HeII_5411.53': 15.909875843719457, 'HeI_4471.50': 20.12390237174579, 'HeI_4713.17': 16.29501097917399, 'HeI_4921.93': 31.471592099118013, 'HeI_5015.68': 17.911187926845532, 'HeI_5047.74': 4.401475950037774, 'HeI_5875.66': 65.77511492016977, 'Hg': 4.843266600895372}","{'Ha': 51.43509500964928, 'Hb': 8.05015193103323, 'Hd': 5.025664195525732, 'HeII_4199.83': 2.548171148587857, 'HeII_4686': 14.485770641568267, 'HeII_5411.53': 15.909519407391436, 'HeI_4471.50': 11.167042948285195, 'HeI_4713.17': 9.273097788556292, 'HeI_4921.93': 18.501785761597006, 'HeI_5015.68': 10.88075730693698, 'HeI_5047.74': 2.91629126601075, 'HeI_5875.66': 41.17347768570682, 'Hg': 3.4833645161924056}","{'Ha': 45.355146302971775, 'Hb': 4.554635726855511, 'Hd': 3.9084024092896974, 'HeII_4199.83': 2.5422822430309475, 'HeII_4686': 14.508256616792185, 'HeII_5411.53': 15.908810157567418, 'HeI_4471.50': 6.090449131259527, 'HeI_4713.17': 5.3435365685459875, 'HeI_4921.93': 11.016794609182979, 'HeI_5015.68': 7.002502056735289, 'HeI_5047.74': 2.0993764549115492, 'HeI_5875.66': 26.518797832254233, 'Hg': 2.5398802756438927}","{'Ha': 42.56074372072348, 'Hb': 2.960694873731896, 'Hd': 3.173741872659544, 'HeII_4199.83': 2.540011266651451, 'HeII_4686': 14.53498875712828, 'HeII_5411.53': 15.907893163406081, 'HeI_4471.50': 3.5217972788026515, 'HeI_4713.17': 3.262260037137496, 'HeI_4921.93': 6.77439882017678, 'HeI_5015.68': 4.908483478248262, 'HeI_5047.74': 1.6248772655790291, 'HeI_5875.66': 18.544994866415394, 'Hg': 2.0286982229707173}","{'Ha': 42.12598529137299, 'Hb': 2.9947961675290835, 'Hd': 2.8150455221163337, 'HeII_4199.83': 2.538887280164835, 'HeII_4686': 14.562444592839114, 'HeII_5411.53': 15.906754353712907, 'HeI_4471.50': 2.616223015052252, 'HeI_4713.17': 2.412980460343269, 'HeI_4921.93': 4.630543533546181, 'HeI_5015.68': 3.8685241630953406, 'HeI_5047.74': 1.3464945520135576, 'HeI_5875.66': 15.049672346054772, 'Hg': 1.9289535342617077}","{'Ha': 43.26523332506301, 'Hb': 4.2638212636958865, 'Hd': 2.7666754056119762, 'HeII_4199.83': 2.53822567181471, 'HeII_4686': 14.587755127738316, 'HeII_5411.53': 15.905493879810033, 'HeI_4471.50': 2.6898847149882483, 'HeI_4713.17': 2.2773599056471747, 'HeI_4921.93': 3.768691458806873, 'HeI_5015.68': 3.4094232414984464, 'HeI_5047.74': 1.1912968172077893, 'HeI_5875.66': 14.238664274001989, 'Hg': 2.152915044815138}","{'Ha': 45.40910429900381, 'Hb': 6.439110968899098, 'Hd': 2.9569320157487864, 'HeII_4199.83': 2.538742686987642, 'HeII_4686': 14.608889377569799, 'HeII_5411.53': 15.904107848674753, 'HeI_4471.50': 3.33608863061286, 'HeI_4713.17': 2.5136141031410855, 'HeI_4921.93': 3.625223738435604, 'HeI_5015.68': 3.2679308363518595, 'HeI_5047.74': 1.1217040763554227, 'HeI_5875.66': 14.90785588791188, 'Hg': 2.617203008711783}","{'Ha': 48.073726739329565, 'Hb': 9.190873266782134, 'Hd': 3.3197170167421217, 'HeII_4199.83': 2.5395322575858637, 'HeII_4686': 14.624339376259634, 'HeII_5411.53': 15.902706296365471, 'HeI_4471.50': 4.241384548723455, 'HeI_4713.17': 2.905850238053327, 'HeI_4921.93': 3.8295790275232515, 'HeI_5015.68': 3.2915176658274654, 'HeI_5047.74': 1.1096366664289978, 'HeI_5875.66': 16.25152174137734, 'Hg': 3.244940255071418}","{'Ha': 50.91158435859564, 'Hb': 12.265013330067955, 'Hd': 3.8016524873935738, 'HeII_4199.83': 2.5402439405978408, 'HeII_4686': 14.634462904216663, 'HeII_5411.53': 15.901385375389959, 'HeI_4471.50': 5.2180274846747885, 'HeI_4713.17': 3.334164547071825, 'HeI_4921.93': 4.168132109041907, 'HeI_5015.68': 3.3764238010586167, 'HeI_5047.74': 1.1231144157028596, 'HeI_5875.66': 17.68959562737253, 'Hg': 3.9712550113108374}"
T17000logg2.6,"{'Ha': 77.49896952825837, 'Hb': 20.69997183450368, 'Hd': 9.957344714826009, 'HeII_4199.83': 2.552399235353885, 'HeII_4686': 14.609001673013639, 'HeII_5411.53': 15.910074002319076, 'HeI_4471.50': 21.073340180974665, 'HeI_4713.17': 18.24808929503957, 'HeI_4921.93': 31.619174907037493, 'HeI_5015.68': 19.443575978332987, 'HeI_5047.74': 4.455070212893325, 'HeI_5875.66': 68.92923174467153, 'Hg': 7.248941263044771}","{'Ha': 67.19885935352785, 'Hb': 15.920110829416096, 'Hd': 8.817057941519073, 'HeII_4199.83': 2.542754320870317, 'HeII_4686': 14.6166241847049, 'HeII_5411.53': 15.909667132768831, 'HeI_4471.50': 12.261450902749852, 'HeI_4713.17': 10.675415073997176, 'HeI_4921.93': 19.056943048355496, 'HeI_5015.68': 12.048367779870595, 'HeI_5047.74': 2.9279238098572753, 'HeI_5875.66': 44.11917922925423, 'Hg': 6.166587137575587}","{'Ha': 61.14335570576576, 'Hb': 12.896488125705996, 'Hd': 7.887092983381126, 'HeII_4199.83': 2.536741972515968, 'HeII_4686': 14.627363648412414, 'HeII_5411.53': 15.908969835621875, 'HeI_4471.50': 7.079587870715316, 'HeI_4713.17': 6.379910645956341, 'HeI_4921.93': 11.629666814395597, 'HeI_5015.68': 7.917459054682613, 'HeI_5047.74': 2.087047687638688, 'HeI_5875.66': 29.165915219928696, 'Hg': 5.401405251668171}","{'Ha': 58.192836983961186, 'Hb': 11.479070904079247, 'Hd': 7.211694840335169, 'HeII_4199.83': 2.5343664514790207, 'HeII_4686': 14.640649130005214, 'HeII_5411.53': 15.9081081267285, 'HeI_4471.50': 4.326341992501397, 'HeI_4713.17': 4.0555961065771315, 'HeI_4921.93': 7.333149226128195, 'HeI_5015.68': 5.647934626449194, 'HeI_5047.74': 1.5964246271583222, 'HeI_5875.66': 20.92299776666957, 'Hg': 4.963853205863964}","{'Ha': 57.51336111355956, 'Hb': 11.435357082106336, 'Hd': 6.805251128312031, 'HeII_4199.83': 2.5331775393410356, 'HeII_4686': 14.654359312311966, 'HeII_5411.53': 15.907082262796022, 'HeI_4471.50': 3.231130585271651, 'HeI_4713.17': 3.0509931129412178, 'HeI_4921.93': 5.11522805700804, 'HeI_5015.68': 4.488496114915363, 'HeI_5047.74': 1.3057984687409745, 'HeI_5875.66': 17.216816459624894, 'Hg': 4.8434504356379655}","{'Ha': 58.35792191297486, 'Hb': 12.441576546587594, 'Hd': 6.6363715900154885, 'HeII_4199.83': 2.5324768907105164, 'HeII_4686': 14.666703750061245, 'HeII_5411.53': 15.905973404367025, 'HeI_4471.50': 3.139678698170548, 'HeI_4713.17': 2.8156715701106205, 'HeI_4921.93': 4.185586941024935, 'HeI_5015.68': 3.947771484689541, 'HeI_5047.74': 1.1412974615597702, 'HeI_5875.66': 16.24200612460129, 'Hg': 4.979197849959773}","{'Ha': 60.177732154646314, 'Hb': 14.226345831581604, 'Hd': 6.660659561558598, 'HeII_4199.83': 2.532956518129074, 'HeII_4686': 14.676304646101189, 'HeII_5411.53': 15.904778607247838, 'HeI_4471.50': 3.647791803697049, 'HeI_4713.17': 2.985161117572555, 'HeI_4921.93': 3.9854950996871827, 'HeI_5015.68': 3.7458311102053665, 'HeI_5047.74': 1.065638352676842, 'HeI_5875.66': 16.778915204713613, 'Hg': 5.311499912737472}","{'Ha': 62.520162674949475, 'Hb': 16.521317013744248, 'Hd': 6.837822495639017, 'HeII_4199.83': 2.5337232231956146, 'HeII_4686': 14.682355699529332, 'HeII_5411.53': 15.90358627379964, 'HeI_4471.50': 4.44651928715159, 'HeI_4713.17': 3.33284224919773, 'HeI_4921.93': 4.147452875423636, 'HeI_5015.68': 3.7240287099239646, 'HeI_5047.74': 1.0513619077179501, 'HeI_5875.66': 18.01992510236498, 'Hg': 5.786716048353492}","{'Ha': 65.05314644341694, 'Hb': 19.114328347101065, 'Hd': 7.1298627876344, 'HeII_4199.83': 2.534418180595059, 'HeII_4686': 14.685258990087007, 'HeII_5411.53': 15.902471459104518, 'HeI_4471.50': 5.34275220812613, 'HeI_4713.17': 3.725751426224198, 'HeI_4921.93': 4.455095169409921, 'HeI_5015.68': 3.773174511665967, 'HeI_5047.74': 1.0656523229248003, 'HeI_5875.66': 19.365631005766318, 'Hg': 6.355802675408589}"
T17000logg2.8,"{'Ha': 85.81166067284661, 'Hb': 30.479433044576613, 'Hd': 15.303040780260467, 'HeII_4199.83': 2.561755092540647, 'HeII_4686': 14.63310281602151, 'HeII_5411.53': 15.921024859068842, 'HeI_4471.50': 20.355488195105796, 'HeI_4713.17': 18.471889634229047, 'HeI_4921.93': 28.60985727021747, 'HeI_5015.68': 18.723902523849887, 'HeI_5047.74': 4.188412604528626, 'HeI_5875.66': 67.42017410139206, 'Hg': 10.932470762889444}","{'Ha': 77.08108962335115, 'Hb': 26.849894712323884, 'Hd': 14.462379704473234, 'HeII_4199.83': 2.5548378485569407, 'HeII_4686': 14.64077002845437, 'HeII_5411.53': 15.92066056115745, 'HeI_4471.50': 12.388484046559585, 'HeI_4713.17': 10.93519921852891, 'HeI_4921.93': 17.50452246775894, 'HeI_5015.68': 11.650214940278817, 'HeI_5047.74': 2.7541918769693416, 'HeI_5875.66': 43.5941919121147, 'Hg': 10.153817449812417}","{'Ha': 71.99480026992116, 'Hb': 24.657245381932835, 'Hd': 13.753463737920345, 'HeII_4199.83': 2.550472247735339, 'HeII_4686': 14.651170791583292, 'HeII_5411.53': 15.92007570027501, 'HeI_4471.50': 7.567468928979479, 'HeI_4713.17': 6.631914122183467, 'HeI_4921.93': 10.826759512953645, 'HeI_5015.68': 7.6955758645793235, 'HeI_5047.74': 1.9615688956168758, 'HeI_5875.66': 29.17077299370601, 'Hg': 9.60817223651867}","{'Ha': 69.56723826905744, 'Hb': 23.7460308057309, 'Hd': 13.207763145152494, 'HeII_4199.83': 2.5489103895124665, 'HeII_4686': 14.663705463755345, 'HeII_5411.53': 15.919370730893016, 'HeI_4471.50': 4.927517971635253, 'HeI_4713.17': 4.2902882052685545, 'HeI_4921.93': 6.939740739119228, 'HeI_5015.68': 5.527939565183351, 'HeI_5047.74': 1.5001840409137068, 'HeI_5875.66': 21.20774086795051, 'Hg': 9.300438860133783}","{'Ha': 69.09076174328555, 'Hb': 23.914752789265396, 'Hd': 12.844465159357673, 'HeII_4199.83': 2.54822026801216, 'HeII_4686': 14.676602146065035, 'HeII_5411.53': 15.91855326096451, 'HeI_4471.50': 3.8234246209371303, 'HeI_4713.17': 3.2675055978602727, 'HeI_4921.93': 4.944551812201356, 'HeI_5015.68': 4.4272091144892425, 'HeI_5047.74': 1.2287654379996515, 'HeI_5875.66': 17.638719065986393, 'Hg': 9.22364752728865}","{'Ha': 69.92865899341915, 'Hb': 24.904781664880513, 'Hd': 12.649305282441865, 'HeII_4199.83': 2.5478646996035588, 'HeII_4686': 14.688353829016858, 'HeII_5411.53': 15.917684122371625, 'HeI_4471.50': 3.674173076756386, 'HeI_4713.17': 3.0164116021131457, 'HeI_4921.93': 4.131380693561522, 'HeI_5015.68': 3.9205963839852256, 'HeI_5047.74': 1.0772564469809756, 'HeI_5875.66': 16.7261951805307, 'Hg': 9.334747736180312}","{'Ha': 71.60315719853253, 'Hb': 26.505784899262014, 'Hd': 12.594606106644889, 'HeII_4199.83': 2.548488473806063, 'HeII_4686': 14.697819874108996, 'HeII_5411.53': 15.916760645140908, 'HeI_4471.50': 4.107868557828025, 'HeI_4713.17': 3.1730513271672836, 'HeI_4921.93': 3.990719118072105, 'HeI_5015.68': 3.7392297139623163, 'HeI_5047.74': 1.0113197660408444, 'HeI_5875.66': 17.288151751954697, 'Hg': 9.591782299628985}","{'Ha': 73.7172569160426, 'Hb': 28.506499361453894, 'Hd': 12.65735507732797, 'HeII_4199.83': 2.549337140332983, 'HeII_4686': 14.704263726687401, 'HeII_5411.53': 15.915848914993875, 'HeI_4471.50': 4.836983788158678, 'HeI_4713.17': 3.5108087419526735, 'HeI_4921.93': 4.183828179451863, 'HeI_5015.68': 3.730756460152216, 'HeI_5047.74': 1.0055981949235642, 'HeI_5875.66': 18.53652951921748, 'Hg': 9.958549535180863}","{'Ha': 75.98591840914644, 'Hb': 30.740449751128175, 'Hd': 12.812576055854993, 'HeII_4199.83': 2.5500957170445235, 'HeII_4686': 14.707888888247714, 'HeII_5411.53': 15.915003850159728, 'HeI_4471.50': 5.675656417933419, 'HeI_4713.17': 3.8944858373832396, 'HeI_4921.93': 4.510888060457597, 'HeI_5015.68': 3.78974362601734, 'HeI_5047.74': 1.0285140597504883, 'HeI_5875.66': 19.880326424439886, 'Hg': 10.39969098577656}"
T17000logg3.0,"{'Ha': 104.1843510960838, 'Hb': 46.22036135122501, 'Hd': 23.023513325515193, 'HeII_4199.83': 2.570912965612632, 'HeII_4686': 14.624618860848766, 'HeII_5411.53': 15.923006555389465, 'HeI_4471.50': 19.90998300216558, 'HeI_4713.17': 17.856885058506744, 'HeI_4921.93': 25.97185601364457, 'HeI_5015.68': 17.491232416762863, 'HeI_5047.74': 3.8746851709665306, 'HeI_5875.66': 65.85605436209258, 'Hg': 16.568236327894365}","{'Ha': 95.63960283956344, 'Hb': 42.99259196814452, 'Hd': 22.344723191772545, 'HeII_4199.83': 2.5664967761331203, 'HeII_4686': 14.62868799834141, 'HeII_5411.53': 15.922719813678256, 'HeI_4471.50': 12.67763835277968, 'HeI_4713.17': 10.609684312762427, 'HeI_4921.93': 16.114075924646627, 'HeI_5015.68': 10.847995360727426, 'HeI_5047.74': 2.5554573447047764, 'HeI_5875.66': 42.86767123373302, 'Hg': 15.934562298537134}","{'Ha': 90.55334313094887, 'Hb': 41.109849168559414, 'Hd': 21.76589326808628, 'HeII_4199.83': 2.5636624858057235, 'HeII_4686': 14.634351450461196, 'HeII_5411.53': 15.922274809780994, 'HeI_4471.50': 8.205344798342287, 'HeI_4713.17': 6.462497961820619, 'HeI_4921.93': 10.087379411099926, 'HeI_5015.68': 7.1397946241690455, 'HeI_5047.74': 1.824671258700633, 'HeI_5875.66': 28.9596439249941, 'Hg': 15.500223420224113}","{'Ha': 88.02203846316324, 'Hb': 40.38092180298633, 'Hd': 21.30386386544116, 'HeII_4199.83': 2.562818651295803, 'HeII_4686': 14.641241108013539, 'HeII_5411.53': 15.921747063071901, 'HeI_4471.50': 5.694741157354652, 'HeI_4713.17': 4.2097573715560115, 'HeI_4921.93': 6.5476286983845835, 'HeI_5015.68': 5.123220787595041, 'HeI_5047.74': 1.4006737052469092, 'HeI_5875.66': 21.29695216519828, 'Hg': 15.258755627724259}","{'Ha': 87.3641232853844, 'Hb': 40.59336687459039, 'Hd': 20.973139099526588, 'HeII_4199.83': 2.562557672322307, 'HeII_4686': 14.648356526591709, 'HeII_5411.53': 15.921145658281738, 'HeI_4471.50': 4.600509376438097, 'HeI_4713.17': 3.235346391226951, 'HeI_4921.93': 4.73640666198576, 'HeI_5015.68': 4.115416269413978, 'HeI_5047.74': 1.1533060507121127, 'HeI_5875.66': 17.89302358125528, 'Hg': 15.197849176243519}","{'Ha': 87.95808688663865, 'Hb': 41.501102762954936, 'Hd': 20.763836457215948, 'HeII_4199.83': 2.5624963314202946, 'HeII_4686': 14.654837877420366, 'HeII_5411.53': 15.920513234919397, 'HeI_4471.50': 4.409122227515673, 'HeI_4713.17': 3.0104730670216377, 'HeI_4921.93': 4.02114938578615, 'HeI_5015.68': 3.6662634154858664, 'HeI_5047.74': 1.0176968609404293, 'HeI_5875.66': 17.069859314176348, 'Hg': 15.280532016740098}","{'Ha': 89.33173482612546, 'Hb': 42.912738982095746, 'Hd': 20.654919077752947, 'HeII_4199.83': 2.5631900295168855, 'HeII_4686': 14.659994518729505, 'HeII_5411.53': 15.91984802094727, 'HeI_4471.50': 4.779831083129447, 'HeI_4713.17': 3.1818501750132424, 'HeI_4921.93': 3.9342727166082905, 'HeI_5015.68': 3.5230676350852037, 'HeI_5047.74': 0.9633291023456007, 'HeI_5875.66': 17.678468336032203, 'Hg': 15.472481205409808}","{'Ha': 91.10354228291453, 'Hb': 44.64550669085094, 'Hd': 20.63274210912627, 'HeII_4199.83': 2.5640458562043222, 'HeII_4686': 14.66340170201283, 'HeII_5411.53': 15.919196933348736, 'HeI_4471.50': 5.4457118737533685, 'HeI_4713.17': 3.527995755636637, 'HeI_4921.93': 4.159288477957817, 'HeI_5015.68': 3.5415494689180123, 'HeI_5047.74': 0.9674267093462243, 'HeI_5875.66': 18.94730272806963, 'Hg': 15.74716522578455}","{'Ha': 93.00123232193167, 'Hb': 46.55785702644153, 'Hd': 20.679909618697575, 'HeII_4199.83': 2.5648007191774145, 'HeII_4686': 14.665204576286884, 'HeII_5411.53': 15.918598552305546, 'HeI_4471.50': 6.228614345975095, 'HeI_4713.17': 3.916366383575459, 'HeI_4921.93': 4.509166157444655, 'HeI_5015.68': 3.6214279714972726, 'HeI_5047.74': 0.9998459112637436, 'HeI_5875.66': 20.295934336913625, 'Hg': 16.07728365653449}"
T17000logg3.2,"{'Ha': 123.59700289375303, 'Hb': 63.56646147232115, 'Hd': 32.15378620574688, 'HeII_4199.83': 2.5781289083891497, 'HeII_4686': 14.62524816111875, 'HeII_5411.53': 15.923601563484189, 'HeI_4471.50': 18.934684405654004, 'HeI_4713.17': 15.959930208302124, 'HeI_4921.93': 22.330020377813998, 'HeI_5015.68': 15.209856104981125, 'HeI_5047.74': 3.3545791458497867, 'HeI_5875.66': 62.19990845596695, 'Hg': 23.279618268262247}","{'Ha': 115.02018222290872, 'Hb': 60.58720937553684, 'Hd': 31.60009133405926, 'HeII_4199.83': 2.575467587893336, 'HeII_4686': 14.62804047841051, 'HeII_5411.53': 15.92335119280223, 'HeI_4471.50': 12.570881461777784, 'HeI_4713.17': 9.400436785827184, 'HeI_4921.93': 13.947127144005176, 'HeI_5015.68': 9.356440232651968, 'HeI_5047.74': 2.241611660028738, 'HeI_5875.66': 40.373934952797384, 'Hg': 22.747776697686152}","{'Ha': 109.7744980294829, 'Hb': 58.91338556179048, 'Hd': 31.13249230934276, 'HeII_4199.83': 2.573717940046425, 'HeII_4686': 14.631838657862271, 'HeII_5411.53': 15.922969881559046, 'HeI_4471.50': 8.600575297093325, 'HeI_4713.17': 5.664395348841348, 'HeI_4921.93': 8.78147362984434, 'HeI_5015.68': 6.126873528825628, 'HeI_5047.74': 1.6281835268048959, 'HeI_5875.66': 27.276595461934065, 'Hg': 22.39948151018409}","{'Ha': 107.0343801576667, 'Hb': 58.33099828302432, 'Hd': 30.759047750847976, 'HeII_4199.83': 2.573342540253708, 'HeII_4686': 14.636443318154098, 'HeII_5411.53': 15.922523568318258, 'HeI_4471.50': 6.344857201797434, 'HeI_4713.17': 3.6675613178478583, 'HeI_4921.93': 5.760316002560226, 'HeI_5015.68': 4.409452861829852, 'HeI_5047.74': 1.2773852674807682, 'HeI_5875.66': 20.133022909899644, 'Hg': 22.220314410400732}","{'Ha': 106.14331374630436, 'Hb': 58.61267698929413, 'Hd': 30.486551572587537, 'HeII_4199.83': 2.5733390410482353, 'HeII_4686': 14.641197162804838, 'HeII_5411.53': 15.922022522025571, 'HeI_4471.50': 5.345345045974512, 'HeI_4713.17': 2.846999159073194, 'HeI_4921.93': 4.251017764492187, 'HeI_5015.68': 3.5875872419307817, 'HeI_5047.74': 1.0776762244660092, 'HeI_5875.66': 17.039422676296454, 'Hg': 22.19203192019976}","{'Ha': 106.48160166068642, 'Hb': 59.51208157602424, 'Hd': 30.302953756101246, 'HeII_4199.83': 2.5734386475959394, 'HeII_4686': 14.6455240869307, 'HeII_5411.53': 15.921501112700806, 'HeI_4471.50': 5.163042856983829, 'HeI_4713.17': 2.715173086245788, 'HeI_4921.93': 3.708845886389277, 'HeI_5015.68': 3.2578859090305947, 'HeI_5047.74': 0.9737212864567761, 'HeI_5875.66': 16.403352759571078, 'Hg': 22.277605099718098}","{'Ha': 107.56808081571191, 'Hb': 60.841445092492435, 'Hd': 30.188815312656644, 'HeII_4199.83': 2.574102353836107, 'HeII_4686': 14.648961930420032, 'HeII_5411.53': 15.920957268224827, 'HeI_4471.50': 5.500147323200662, 'HeI_4713.17': 2.945258955877176, 'HeI_4921.93': 3.723306137154915, 'HeI_5015.68': 3.1968340119451373, 'HeI_5047.74': 0.9406440787793263, 'HeI_5875.66': 17.13017783635477, 'Hg': 22.444969224432896}","{'Ha': 109.02512441264749, 'Hb': 62.42721245385969, 'Hd': 30.13358531634648, 'HeII_4199.83': 2.5748760145802505, 'HeII_4686': 14.651232227641472, 'HeII_5411.53': 15.920429396005678, 'HeI_4471.50': 6.116993278459907, 'HeI_4713.17': 3.3289011915516156, 'HeI_4921.93': 4.009466902408055, 'HeI_5015.68': 3.2722699959382724, 'HeI_5047.74': 0.9589195598033781, 'HeI_5875.66': 18.472670107759313, 'Hg': 22.671643361344756}","{'Ha': 110.58078800318923, 'Hb': 64.13967709769074, 'Hd': 30.12336826509297, 'HeII_4199.83': 2.5755500928721893, 'HeII_4686': 14.652402272008883, 'HeII_5411.53': 15.919949105971881, 'HeI_4471.50': 6.849611839457688, 'HeI_4713.17': 3.743529971976628, 'HeI_4921.93': 4.400971239530588, 'HeI_5015.68': 3.3945435588078845, 'HeI_5047.74': 1.001727465431748, 'HeI_5875.66': 19.874022969484013, 'Hg': 22.93446023840738}"
T18000logg2.2,"{'Ha': 42.272801067318184, 'Hb': 17.86670149133694, 'Hd': 7.109932277189829, 'HeII_4199.83': 2.640824906147873, 'HeII_4686': 12.956999115962399, 'HeII_5411.53': 16.036057666821115, 'HeI_4471.50': 16.719934842988845, 'HeI_4713.17': 10.117965669519371, 'HeI_4921.93': 25.12714790243814, 'HeI_5015.68': 10.208880786424569, 'HeI_5047.74': 3.3930703767799675, 'HeI_5875.66': 54.03188402069873, 'Hg': 6.851232083255858}","{'Ha': 32.24874030588614, 'Hb': 11.750744425839468, 'Hd': 5.189801780432044, 'HeII_4199.83': 2.626794423093446, 'HeII_4686': 13.006368213297769, 'HeII_5411.53': 16.036244741970464, 'HeI_4471.50': 8.922387286530517, 'HeI_4713.17': 5.410997269290193, 'HeI_4921.93': 13.671728046932824, 'HeI_5015.68': 5.698440122438957, 'HeI_5047.74': 2.4495853623083463, 'HeI_5875.66': 31.13085535177224, 'Hg': 4.982115263169513}","{'Ha': 26.978403130482636, 'Hb': 8.148194342917398, 'Hd': 3.947645183705804, 'HeII_4199.83': 2.618347153049519, 'HeII_4686': 13.072035397382072, 'HeII_5411.53': 16.03603624599372, 'HeI_4471.50': 4.905213094916518, 'HeI_4713.17': 2.931908054349054, 'HeI_4921.93': 7.554115133233735, 'HeI_5015.68': 3.4000968242018286, 'HeI_5047.74': 1.9548645294021167, 'HeI_5875.66': 18.068479256257774, 'Hg': 3.817520559812365}","{'Ha': 24.894259803245237, 'Hb': 6.913764799953109, 'Hd': 3.3863820940940914, 'HeII_4199.83': 2.6150765525843505, 'HeII_4686': 13.149110989262894, 'HeII_5411.53': 16.035523140533687, 'HeI_4471.50': 3.166043354569514, 'HeI_4713.17': 1.768849042933974, 'HeI_4921.93': 4.328578841796085, 'HeI_5015.68': 2.3274621287309802, 'HeI_5047.74': 1.6839883041571144, 'HeI_5875.66': 11.315644973695255, 'Hg': 3.313974785665171}","{'Ha': 25.035586081559067, 'Hb': 7.610573150732843, 'Hd': 3.373418245283145, 'HeII_4199.83': 2.6135980022536405, 'HeII_4686': 13.227569278607369, 'HeII_5411.53': 16.034630689299078, 'HeI_4471.50': 2.856342067983615, 'HeI_4713.17': 1.474086599324599, 'HeI_4921.93': 2.85442142731025, 'HeI_5015.68': 1.942178804740266, 'HeI_5047.74': 1.5383786414954306, 'HeI_5875.66': 8.676220795593245, 'Hg': 3.386162234902499}","{'Ha': 26.614607516198895, 'Hb': 9.673925618533154, 'Hd': 3.7310905521517794, 'HeII_4199.83': 2.612960700504267, 'HeII_4686': 13.299835740344044, 'HeII_5411.53': 16.033481654940548, 'HeI_4471.50': 3.342818587370989, 'HeI_4713.17': 1.6702710729893118, 'HeI_4921.93': 2.4314592495928884, 'HeI_5015.68': 1.912866399272863, 'HeI_5047.74': 1.4713671938187969, 'HeI_5875.66': 8.471088217230568, 'Hg': 3.859715561054837}","{'Ha': 29.06630967855962, 'Hb': 12.671674370765018, 'Hd': 4.325668296218807, 'HeII_4199.83': 2.614048358226195, 'HeII_4686': 13.361299195381914, 'HeII_5411.53': 16.032072549408092, 'HeI_4471.50': 4.275544083369103, 'HeI_4713.17': 2.1103843568178475, 'HeI_4921.93': 2.5865939239268037, 'HeI_5015.68': 2.07406370930123, 'HeI_5047.74': 1.4587200904033655, 'HeI_5875.66': 9.592806327512214, 'Hg': 4.5944902706066655}","{'Ha': 31.907829943417635, 'Hb': 16.180149889733226, 'Hd': 5.048867436072737, 'HeII_4199.83': 2.6155522041405463, 'HeII_4686': 13.407988967797992, 'HeII_5411.53': 16.03055507715448, 'HeI_4471.50': 5.368670780614317, 'HeI_4713.17': 2.626293327693719, 'HeI_4921.93': 2.9931490124651465, 'HeI_5015.68': 2.310723496924708, 'HeI_5047.74': 1.4789940925261102, 'HeI_5875.66': 11.265451973879872, 'Hg': 5.47129149846188}","{'Ha': 34.829236406555765, 'Hb': 19.90856663984501, 'Hd': 5.8351148575500185, 'HeII_4199.83': 2.616981800480609, 'HeII_4686': 13.440855719300489, 'HeII_5411.53': 16.02905999207614, 'HeI_4471.50': 6.467784765005601, 'HeI_4713.17': 3.1449820811853484, 'HeI_4921.93': 3.4773974844674407, 'HeI_5015.68': 2.554015728493125, 'HeI_5047.74': 1.5095298271375415, 'HeI_5875.66': 12.99089698958604, 'Hg': 6.403575011191421}"
T18000logg2.4,"{'Ha': 55.48814631063869, 'Hb': 9.884382157242085, 'Hd': 4.852710990219722, 'HeII_4199.83': 2.530804492227761, 'HeII_4686': 14.335973799488002, 'HeII_5411.53': 15.853431028240474, 'HeI_4471.50': 18.634599637557045, 'HeI_4713.17': 14.86843148127832, 'HeI_4921.93': 30.392468349296067, 'HeI_5015.68': 15.394421212047344, 'HeI_5047.74': 4.275692405624706, 'HeI_5875.66': 61.57954310964947, 'Hg': 4.090209047374996}","{'Ha': 46.42125625884317, 'Hb': 5.1822458542803265, 'Hd': 3.4940890608067154, 'HeII_4199.83': 2.5070183911381037, 'HeII_4686': 14.395738552835207, 'HeII_5411.53': 15.854263840191145, 'HeI_4471.50': 10.096204214129768, 'HeI_4713.17': 8.302028640919511, 'HeI_4921.93': 17.595801726479596, 'HeI_5015.68': 9.121072449269954, 'HeI_5047.74': 2.8660824169052517, 'HeI_5875.66': 37.84169651449658, 'Hg': 2.808085964712464}","{'Ha': 41.4501583906535, 'Hb': 2.3028325591688357, 'Hd': 2.5200588800838686, 'HeII_4199.83': 2.4927452525039206, 'HeII_4686': 14.476717877188038, 'HeII_5411.53': 15.854683137307978, 'HeI_4471.50': 5.363609666831267, 'HeI_4713.17': 4.66488646397854, 'HeI_4921.93': 10.437046217945529, 'HeI_5015.68': 5.717862667212826, 'HeI_5047.74': 2.0998456247092188, 'HeI_5875.66': 23.813008504587295, 'Hg': 1.9625539648008277}","{'Ha': 39.31896908327903, 'Hb': 1.2040905348608495, 'Hd': 1.979516010295843, 'HeII_4199.83': 2.4863175228401153, 'HeII_4686': 14.572276124219721, 'HeII_5411.53': 15.854844898110034, 'HeI_4471.50': 3.0611421328347346, 'HeI_4713.17': 2.7734277671750003, 'HeI_4921.93': 6.453411597520184, 'HeI_5015.68': 3.9324194893705675, 'HeI_5047.74': 1.6575456959604162, 'HeI_5875.66': 16.284403052259215, 'Hg': 1.558303839019211}","{'Ha': 39.240259674135885, 'Hb': 1.6531538808862691, 'Hd': 1.8365114619958747, 'HeII_4199.83': 2.4827477705166645, 'HeII_4686': 14.670069311958063, 'HeII_5411.53': 15.854599257469232, 'HeI_4471.50': 2.3538835562492415, 'HeI_4713.17': 2.042178542207905, 'HeI_4921.93': 4.450908218906125, 'HeI_5015.68': 3.094391913857788, 'HeI_5047.74': 1.3994740081618193, 'HeI_5875.66': 13.09131521653865, 'Hg': 1.5826820627711273}","{'Ha': 40.53664197433121, 'Hb': 3.277456376781995, 'Hd': 1.9988595025752436, 'HeII_4199.83': 2.4804759322073884, 'HeII_4686': 14.760871315327986, 'HeII_5411.53': 15.854058323540697, 'HeI_4471.50': 2.5709401133805794, 'HeI_4713.17': 1.9799821300911056, 'HeI_4921.93': 3.6540284675224086, 'HeI_5015.68': 2.7728757832861426, 'HeI_5047.74': 1.2574064056087173, 'HeI_5875.66': 12.48710189262559, 'Hg': 1.9341721163722876}","{'Ha': 42.70444825214325, 'Hb': 5.766527204375408, 'Hd': 2.3803038616858454, 'HeII_4199.83': 2.4802856186783497, 'HeII_4686': 14.838886622570453, 'HeII_5411.53': 15.853202876679601, 'HeI_4471.50': 3.3230547830458437, 'HeI_4713.17': 2.2638858874021746, 'HeI_4921.93': 3.535146323098385, 'HeI_5015.68': 2.730821973688477, 'HeI_5047.74': 1.1950904259654336, 'HeI_5875.66': 13.305091227326766, 'Hg': 2.521065690364819}","{'Ha': 45.303238548501575, 'Hb': 8.787984252916443, 'Hd': 2.9031997899816164, 'HeII_4199.83': 2.4806315219882515, 'HeII_4686': 14.899066680137317, 'HeII_5411.53': 15.852180325032002, 'HeI_4471.50': 4.30537399345736, 'HeI_4713.17': 2.686724122857045, 'HeI_4921.93': 3.7442794985003025, 'HeI_5015.68': 2.8258463355950476, 'HeI_5047.74': 1.1845678120348764, 'HeI_5875.66': 14.755682479687469, 'Hg': 3.2577417578278087}","{'Ha': 48.03327290210132, 'Hb': 12.09390488416081, 'Hd': 3.5149446518500396, 'HeII_4199.83': 2.4810523714487642, 'HeII_4686': 14.942555440112681, 'HeII_5411.53': 15.851158577885647, 'HeI_4471.50': 5.33978629039048, 'HeI_4713.17': 3.1384026277810593, 'HeI_4921.93': 4.081087525053929, 'HeI_5015.68': 2.9648573733439743, 'HeI_5047.74': 1.195468702431038, 'HeI_5875.66': 16.28491604587701, 'Hg': 4.074920483179579}"
T18000logg2.6,"{'Ha': 80.33498345341896, 'Hb': 16.43401520548083, 'Hd': 7.45779360592972, 'HeII_4199.83': 2.5468142841685366, 'HeII_4686': 14.544225544622792, 'HeII_5411.53': 15.891545334966674, 'HeI_4471.50': 20.627595966790757, 'HeI_4713.17': 18.25849545506171, 'HeI_4921.93': 33.316950866934285, 'HeI_5015.68': 18.73483790377108, 'HeI_5047.74': 4.827940559212968, 'HeI_5875.66': 68.28694917401009, 'Hg': 5.869038858408155}","{'Ha': 69.96703897520734, 'Hb': 11.400108475290919, 'Hd': 6.234507753072924, 'HeII_4199.83': 2.52841648888774, 'HeII_4686': 14.57014757295618, 'HeII_5411.53': 15.891219870680082, 'HeI_4471.50': 11.78705544079583, 'HeI_4713.17': 10.610218461911998, 'HeI_4921.93': 20.062599549939538, 'HeI_5015.68': 11.50985730407963, 'HeI_5047.74': 3.186855863797508, 'HeI_5875.66': 43.578280652564146, 'Hg': 4.672487599375527}","{'Ha': 63.72869165597099, 'Hb': 8.175238472864388, 'Hd': 5.281653401954336, 'HeII_4199.83': 2.5171437941771195, 'HeII_4686': 14.604962400133429, 'HeII_5411.53': 15.890442476269016, 'HeI_4471.50': 6.648732954758697, 'HeI_4713.17': 6.279715591153605, 'HeI_4921.93': 12.338582485175031, 'HeI_5015.68': 7.4873429629312716, 'HeI_5047.74': 2.2803877503571535, 'HeI_5875.66': 28.645444631682363, 'Hg': 3.847877029416774}","{'Ha': 60.55801678398227, 'Hb': 6.659756755852838, 'Hd': 4.646241012824654, 'HeII_4199.83': 2.512073169917178, 'HeII_4686': 14.646383459111412, 'HeII_5411.53': 15.889391170391875, 'HeI_4471.50': 3.9685703667176377, 'HeI_4713.17': 3.9386739984778574, 'HeI_4921.93': 7.885430302307908, 'HeI_5015.68': 5.289651174691412, 'HeI_5047.74': 1.74768240933437, 'HeI_5875.66': 20.408307637601414, 'Hg': 3.3988768168375256}","{'Ha': 59.66885766431361, 'Hb': 6.62618760378178, 'Hd': 4.325856229405398, 'HeII_4199.83': 2.5091786913521923, 'HeII_4686': 14.68892569872494, 'HeII_5411.53': 15.888028953867547, 'HeI_4471.50': 2.952317943176537, 'HeI_4713.17': 2.926944263898437, 'HeI_4921.93': 5.555185474663123, 'HeI_5015.68': 4.1798111231439945, 'HeI_5047.74': 1.429479222737392, 'HeI_5875.66': 16.706989841523555, 'Hg': 3.317364844878048}","{'Ha': 60.329694044977444, 'Hb': 7.7295594859889345, 'Hd': 4.268730823307038, 'HeII_4199.83': 2.507271768110172, 'HeII_4686': 14.728160419142082, 'HeII_5411.53': 15.886483416218725, 'HeI_4471.50': 2.927340524913157, 'HeI_4713.17': 2.6890077519343305, 'HeI_4921.93': 4.534688176006246, 'HeI_5015.68': 3.6749339549884796, 'HeI_5047.74': 1.2465242675146175, 'HeI_5875.66': 15.736118238154264, 'Hg': 3.525920500097759}","{'Ha': 61.98495646332745, 'Hb': 9.677400200799433, 'Hd': 4.416138458324493, 'HeII_4199.83': 2.5071429547547623, 'HeII_4686': 14.76107359001753, 'HeII_5411.53': 15.884750980602446, 'HeI_4471.50': 3.4856502542832266, 'HeI_4713.17': 2.85822512133429, 'HeI_4921.93': 4.2584059207530265, 'HeI_5015.68': 3.4999966779466463, 'HeI_5047.74': 1.156716362623629, 'HeI_5875.66': 16.27671256322366, 'Hg': 3.951847836025045}","{'Ha': 64.1778726676038, 'Hb': 12.176507628439118, 'Hd': 4.7142468664524015, 'HeII_4199.83': 2.507483088310596, 'HeII_4686': 14.78534399114505, 'HeII_5411.53': 15.882977831991196, 'HeI_4471.50': 4.317909054192147, 'HeI_4713.17': 3.206375853348026, 'HeI_4921.93': 4.358218947604622, 'HeI_5015.68': 3.4987132872470004, 'HeI_5047.74': 1.1293755417757916, 'HeI_5875.66': 17.522629386906594, 'Hg': 4.528423300318928}","{'Ha': 66.57333450953752, 'Hb': 14.99642053910474, 'Hd': 5.119926103852249, 'HeII_4199.83': 2.507852893562305, 'HeII_4686': 14.801513938278383, 'HeII_5411.53': 15.88129331256447, 'HeI_4471.50': 5.236044092134867, 'HeI_4713.17': 3.6017482913123224, 'HeI_4921.93': 4.61520906106093, 'HeI_5015.68': 3.564526431117894, 'HeI_5047.74': 1.1303664987179036, 'HeI_5875.66': 18.877832067698446, 'Hg': 5.197807342593271}"
T18000logg2.8,"{'Ha': 92.52570843874194, 'Hb': 24.420012599725975, 'Hd': 11.555743390318046, 'HeII_4199.83': 2.545510522023612, 'HeII_4686': 14.629068613771619, 'HeII_5411.53': 15.901387182682528, 'HeI_4471.50': 21.515912392835087, 'HeI_4713.17': 20.180376725711216, 'HeI_4921.93': 33.473214166698604, 'HeI_5015.68': 20.162183726923093, 'HeI_5047.74': 4.923145711943785, 'HeI_5875.66': 70.36833222224945, 'Hg': 8.555781170599092}","{'Ha': 83.30849074915777, 'Hb': 20.47632805017827, 'Hd': 10.65750774635962, 'HeII_4199.83': 2.5309905283902396, 'HeII_4686': 14.645322479779123, 'HeII_5411.53': 15.9008336351083, 'HeI_4471.50': 12.9967313719717, 'HeI_4713.17': 12.015174479031568, 'HeI_4921.93': 20.743753084888397, 'HeI_5015.68': 12.60724522853336, 'HeI_5047.74': 3.240036047270282, 'HeI_5875.66': 45.731203269846695, 'Hg': 7.6942772242702375}","{'Ha': 77.71857704211884, 'Hb': 18.032052385535035, 'Hd': 9.925834151997805, 'HeII_4199.83': 2.522044406837499, 'HeII_4686': 14.667037206598193, 'HeII_5411.53': 15.899885112403025, 'HeI_4471.50': 7.843230859860286, 'HeI_4713.17': 7.331121298914565, 'HeI_4921.93': 13.119931190288758, 'HeI_5015.68': 8.351397277018462, 'HeI_5047.74': 2.301390308433561, 'HeI_5875.66': 30.67324381203648, 'Hg': 7.101623150044885}","{'Ha': 74.84353771637277, 'Hb': 16.96800661210387, 'Hd': 9.396496062142047, 'HeII_4199.83': 2.518136382176335, 'HeII_4686': 14.693020085385347, 'HeII_5411.53': 15.898711670857411, 'HeI_4471.50': 5.014480145343082, 'HeI_4713.17': 4.750856523310985, 'HeI_4921.93': 8.633278772322782, 'HeI_5015.68': 5.9893345165309615, 'HeI_5047.74': 1.746591117090071, 'HeI_5875.66': 22.267909267139427, 'Hg': 6.782052389859736}","{'Ha': 74.00059492213026, 'Hb': 17.08832967821381, 'Hd': 9.082695319150567, 'HeII_4199.83': 2.515969008846935, 'HeII_4686': 14.719806117097399, 'HeII_5411.53': 15.897312756575072, 'HeI_4471.50': 3.816149372229297, 'HeI_4713.17': 3.583329032992572, 'HeI_4921.93': 6.238131957190151, 'HeI_5015.68': 4.765400485829186, 'HeI_5047.74': 1.4138392614395854, 'HeI_5875.66': 18.411133784235933, 'Hg': 6.731395679132862}","{'Ha': 74.53970307544516, 'Hb': 18.11775382179764, 'Hd': 8.960721747173947, 'HeII_4199.83': 2.5145848241512616, 'HeII_4686': 14.74449317375421, 'HeII_5411.53': 15.895798076667111, 'HeI_4471.50': 3.6216993026426616, 'HeI_4713.17': 3.2433741956456252, 'HeI_4921.93': 5.147717369795599, 'HeI_5015.68': 4.179000331664166, 'HeI_5047.74': 1.2211412946559956, 'HeI_5875.66': 17.306651115804254, 'Hg': 6.896784186114268}","{'Ha': 75.95660943523285, 'Hb': 19.826841902384594, 'Hd': 8.995420852530133, 'HeII_4199.83': 2.5147064175882874, 'HeII_4686': 14.765073590829271, 'HeII_5411.53': 15.894165259597814, 'HeI_4471.50': 4.034111886531591, 'HeI_4713.17': 3.342983958430163, 'HeI_4921.93': 4.805181329017872, 'HeI_5015.68': 3.9420518424138127, 'HeI_5047.74': 1.1254014282663445, 'HeI_5875.66': 17.73231502597313, 'Hg': 7.228656317944429}","{'Ha': 77.8419511636475, 'Hb': 21.98235481554252, 'Hd': 9.15466843160072, 'HeII_4199.83': 2.515229080907678, 'HeII_4686': 14.780048221299571, 'HeII_5411.53': 15.892536006193025, 'HeI_4471.50': 4.7528074519111945, 'HeI_4713.17': 3.6437883662483315, 'HeI_4921.93': 4.849788983999929, 'HeI_5015.68': 3.894595296919613, 'HeI_5047.74': 1.0958787727647084, 'HeI_5875.66': 18.88551768009845, 'Hg': 7.6820767392709}","{'Ha': 79.89810567418128, 'Hb': 24.400899352075182, 'Hd': 9.409138584697157, 'HeII_4199.83': 2.5157347516585022, 'HeII_4686': 14.789756933847903, 'HeII_5411.53': 15.891012668049727, 'HeI_4471.50': 5.5851183701338085, 'HeI_4713.17': 4.00198776822653, 'HeI_4921.93': 5.062312015423466, 'HeI_5015.68': 3.9248190758181076, 'HeI_5047.74': 1.0975422138362287, 'HeI_5875.66': 20.15821674984606, 'Hg': 8.215196263297875}"
T18000logg3.0,"{'Ha': 108.3532243492897, 'Hb': 37.477210204238595, 'Hd': 17.844021655885975, 'HeII_4199.83': 2.5540740009160974, 'HeII_4686': 14.631411162864811, 'HeII_5411.53': 15.912479063388595, 'HeI_4471.50': 21.793346705898397, 'HeI_4713.17': 20.53150231995155, 'HeI_4921.93': 32.21337787360223, 'HeI_5015.68': 20.18440974206201, 'HeI_5047.74': 4.75279553590709, 'HeI_5875.66': 70.21230346691264, 'Hg': 13.06250294715595}","{'Ha': 99.43644898801246, 'Hb': 34.10367514555233, 'Hd': 17.15092886870006, 'HeII_4199.83': 2.54409843579248, 'HeII_4686': 14.644257956754434, 'HeII_5411.53': 15.911994172428194, 'HeI_4471.50': 13.897985933060037, 'HeI_4713.17': 12.345459358382458, 'HeI_4921.93': 20.44327638958063, 'HeI_5015.68': 12.71319711884425, 'HeI_5047.74': 3.1278731187576216, 'HeI_5875.66': 46.20298489347957, 'Hg': 12.39928517484147}","{'Ha': 93.96213299298563, 'Hb': 32.1092119873659, 'Hd': 16.577283328028596, 'HeII_4199.83': 2.537884885300619, 'HeII_4686': 14.661376335958758, 'HeII_5411.53': 15.911208516907886, 'HeI_4471.50': 8.97502232757731, 'HeI_4713.17': 7.623632552479711, 'HeI_4921.93': 13.214442653723015, 'HeI_5015.68': 8.486217034497507, 'HeI_5047.74': 2.216915560545775, 'HeI_5875.66': 31.465453215462986, 'Hg': 11.955250946108075}","{'Ha': 91.08280439003168, 'Hb': 31.329172410360666, 'Hd': 16.142868872685245, 'HeII_4199.83': 2.535382577422077, 'HeII_4686': 14.681761638380431, 'HeII_5411.53': 15.910259269638818, 'HeI_4471.50': 6.172049263632533, 'HeI_4713.17': 5.007983851184132, 'HeI_4921.93': 8.885303457395803, 'HeI_5015.68': 6.131145861040194, 'HeI_5047.74': 1.6785622195846917, 'HeI_5875.66': 23.210632587665938, 'Hg': 11.726315724630206}","{'Ha': 90.13733576423586, 'Hb': 31.556430580650385, 'Hd': 15.860085940871123, 'HeII_4199.83': 2.534105461328537, 'HeII_4686': 14.70272119277304, 'HeII_5411.53': 15.90915497371021, 'HeI_4471.50': 4.900211012021868, 'HeI_4713.17': 3.8118225963150203, 'HeI_4921.93': 6.546372282748354, 'HeI_5015.68': 4.904686923110967, 'HeI_5047.74': 1.3569333178116962, 'HeI_5875.66': 19.411296707757376, 'Hg': 11.702550952665147}","{'Ha': 90.49236352334914, 'Hb': 32.53670125969911, 'Hd': 15.715246291280982, 'HeII_4199.83': 2.533350695493552, 'HeII_4686': 14.722012208619246, 'HeII_5411.53': 15.90797741629593, 'HeI_4471.50': 4.597824724731209, 'HeI_4713.17': 3.449854376870431, 'HeI_4921.93': 5.466116932380815, 'HeI_5015.68': 4.311632459070168, 'HeI_5047.74': 1.1720301337970043, 'HeI_5875.66': 18.317508947739217, 'Hg': 11.841180326821775}","{'Ha': 91.6519702508983, 'Hb': 34.06934358957576, 'Hd': 15.684580093393748, 'HeII_4199.83': 2.5337976916161433, 'HeII_4686': 14.738054271780825, 'HeII_5411.53': 15.906723876314107, 'HeI_4471.50': 4.895823957924895, 'HeI_4713.17': 3.532512803080336, 'HeI_4921.93': 5.11362003707174, 'HeI_5015.68': 4.066605981013367, 'HeI_5047.74': 1.082502376087742, 'HeI_5875.66': 18.73084292246875, 'Hg': 12.104312737158295}","{'Ha': 93.22574885735366, 'Hb': 35.9564360191232, 'Hd': 15.748796366366548, 'HeII_4199.83': 2.5345470948290965, 'HeII_4686': 14.749691918263524, 'HeII_5411.53': 15.905485244044009, 'HeI_4471.50': 5.513013716307259, 'HeI_4713.17': 3.8207186487509444, 'HeI_4921.93': 5.143280548077752, 'HeI_5015.68': 4.011965928775893, 'HeI_5047.74': 1.0589283859910552, 'HeI_5875.66': 19.86238333736421, 'Hg': 12.460027221606913}","{'Ha': 94.93342870920591, 'Hb': 38.04534160669191, 'Hd': 15.888054846625861, 'HeII_4199.83': 2.535230349025565, 'HeII_4686': 14.757210366556523, 'HeII_5411.53': 15.904336962124757, 'HeI_4471.50': 6.261012682861564, 'HeI_4713.17': 4.167964428102341, 'HeI_4921.93': 5.3421431048718135, 'HeI_5015.68': 4.036329310161207, 'HeI_5047.74': 1.0669364841797673, 'HeI_5875.66': 21.106109022472168, 'Hg': 12.877023923698612}"
T18000logg3.2,"{'Ha': 124.92583450617516, 'Hb': 52.515316799371824, 'Hd': 25.7532729223342, 'HeII_4199.83': 2.5587352068721363, 'HeII_4686': 14.640051666462737, 'HeII_5411.53': 15.915479971364498, 'HeI_4471.50': 22.098443406183538, 'HeI_4713.17': 20.33060624329582, 'HeI_4921.93': 30.375869755052335, 'HeI_5015.68': 19.468710672663605, 'HeI_5047.74': 4.3398162926352395, 'HeI_5875.66': 70.08009857262708, 'Hg': 18.815862744755908}","{'Ha': 116.43075800662021, 'Hb': 49.53270851025259, 'Hd': 25.195273376913445, 'HeII_4199.83': 2.5514307302762504, 'HeII_4686': 14.648752221977194, 'HeII_5411.53': 15.915055568646855, 'HeI_4471.50': 14.826189645679818, 'HeI_4713.17': 12.303928421828711, 'HeI_4921.93': 19.651306535792223, 'HeI_5015.68': 12.28471929281295, 'HeI_5047.74': 2.8649411930087827, 'HeI_5875.66': 46.501863680839094, 'Hg': 18.27359017712017}","{'Ha': 111.11255376976615, 'Hb': 47.84039516749191, 'Hd': 24.7353090672439, 'HeII_4199.83': 2.546838368988556, 'HeII_4686': 14.660427305419772, 'HeII_5411.53': 15.914387023503048, 'HeI_4471.50': 10.197125145183966, 'HeI_4713.17': 7.654839449959574, 'HeI_4921.93': 12.949396884668841, 'HeI_5015.68': 8.220094372091621, 'HeI_5047.74': 2.038656556882498, 'HeI_5875.66': 31.986200938109395, 'Hg': 17.92505207970553}","{'Ha': 108.22300390917357, 'Hb': 47.259449911349975, 'Hd': 24.38419500577028, 'HeII_4199.83': 2.5451501373652903, 'HeII_4686': 14.674405400030267, 'HeII_5411.53': 15.913591344120324, 'HeI_4471.50': 7.479387383315791, 'HeI_4713.17': 5.072974513888387, 'HeI_4921.93': 8.887821932270628, 'HeI_5015.68': 5.961586632377769, 'HeI_5047.74': 1.5532167587392192, 'HeI_5875.66': 23.830752736561546, 'Hg': 17.76010266301218}","{'Ha': 107.15404932103831, 'Hb': 47.57653913872186, 'Hd': 24.149128245765255, 'HeII_4199.83': 2.544385029909965, 'HeII_4686': 14.688839375209096, 'HeII_5411.53': 15.912680258265144, 'HeI_4471.50': 6.175390894584103, 'HeI_4713.17': 3.890383922853954, 'HeI_4921.93': 6.678587309831803, 'HeI_5015.68': 4.791959491551915, 'HeI_5047.74': 1.2661700828432496, 'HeI_5875.66': 20.064917021099017, 'Hg': 17.763474652565765}","{'Ha': 107.3058672815532, 'Hb': 48.5467689131527, 'Hd': 24.01691002269918, 'HeII_4199.83': 2.54399063563248, 'HeII_4686': 14.702166444320085, 'HeII_5411.53': 15.911719158230435, 'HeI_4471.50': 5.789359259839148, 'HeI_4713.17': 3.5324283199748616, 'HeI_4921.93': 5.656203251197267, 'HeI_5015.68': 4.232648542301182, 'HeI_5047.74': 1.1044906013156777, 'HeI_5875.66': 18.9726369623974, 'Hg': 17.895143664796677}","{'Ha': 108.20114362781062, 'Hb': 49.98146302218764, 'Hd': 23.967233433439674, 'HeII_4199.83': 2.544598081473349, 'HeII_4686': 14.713232845858236, 'HeII_5411.53': 15.910704662617924, 'HeI_4471.50': 5.985451315094966, 'HeI_4713.17': 3.6148632062846877, 'HeI_4921.93': 5.325462955418201, 'HeI_5015.68': 4.009469318234367, 'HeI_5047.74': 1.031371885099236, 'HeI_5875.66': 19.37204294944304, 'Hg': 18.12154433435529}","{'Ha': 109.46783504225161, 'Hb': 51.69949051244732, 'Hd': 23.985667870609767, 'HeII_4199.83': 2.545445573053015, 'HeII_4686': 14.721216339426892, 'HeII_5411.53': 15.9097093845139, 'HeI_4471.50': 6.504620155336026, 'HeI_4713.17': 3.9016264140068855, 'HeI_4921.93': 5.360564345860814, 'HeI_5015.68': 3.9693406818031676, 'HeI_5047.74': 1.0200423949476973, 'HeI_5875.66': 20.48378177780145, 'Hg': 18.416670553871267}","{'Ha': 110.83416062813964, 'Hb': 53.56483137642876, 'Hd': 24.05665915509528, 'HeII_4199.83': 2.5462038580620607, 'HeII_4686': 14.726300692379233, 'HeII_5411.53': 15.908793532788332, 'HeI_4471.50': 7.166034928117654, 'HeI_4713.17': 4.2461919791923854, 'HeI_4921.93': 5.559287686669967, 'HeI_5015.68': 4.004246745262887, 'HeI_5047.74': 1.038172780491842, 'HeI_5875.66': 21.70400743852098, 'Hg': 18.754771111485137}"
T19000logg2.4,"{'Ha': 59.76395305476463, 'Hb': 11.036476683793122, 'Hd': 4.929310343169047, 'HeII_4199.83': 2.6040771912760987, 'HeII_4686': 13.64813366995099, 'HeII_5411.53': 15.90627878576408, 'HeI_4471.50': 17.021988392119674, 'HeI_4713.17': 12.411813209367336, 'HeI_4921.93': 26.749451043769355, 'HeI_5015.68': 11.771001827308849, 'HeI_5047.74': 3.6219965573097963, 'HeI_5875.66': 59.55827650272825, 'Hg': 4.9700086177532405}","{'Ha': 50.97625107691749, 'Hb': 6.034575900430352, 'Hd': 3.3632685817012615, 'HeII_4199.83': 2.5711618376416925, 'HeII_4686': 13.718983819745226, 'HeII_5411.53': 15.909257002988456, 'HeI_4471.50': 9.014084016450285, 'HeI_4713.17': 6.731866934783717, 'HeI_4921.93': 14.918269837786855, 'HeI_5015.68': 6.709930747103753, 'HeI_5047.74': 2.5021383927805756, 'HeI_5875.66': 36.12051343129256, 'Hg': 3.4079154245348033}","{'Ha': 45.97643343100855, 'Hb': 2.9484596736848117, 'Hd': 2.320670291607028, 'HeII_4199.83': 2.551479984802866, 'HeII_4686': 13.816876708780306, 'HeII_5411.53': 15.912049436101963, 'HeI_4471.50': 4.734668456654682, 'HeI_4713.17': 3.649799738596083, 'HeI_4921.93': 8.573522121041009, 'HeI_5015.68': 4.058542638041568, 'HeI_5047.74': 1.9060398930752642, 'HeI_5875.66': 22.35601545540851, 'Hg': 2.4181814414170204}","{'Ha': 43.71622971817428, 'Hb': 1.8026340846164612, 'Hd': 1.8236694649500191, 'HeII_4199.83': 2.5420786036585103, 'HeII_4686': 13.933394292617029, 'HeII_5411.53': 15.91467377064988, 'HeI_4471.50': 2.7767100218892677, 'HeI_4713.17': 2.109789636744229, 'HeI_4921.93': 5.173200651325451, 'HeI_5015.68': 2.7547153605316357, 'HeI_5047.74': 1.5706923322130701, 'HeI_5875.66': 15.02523865351975, 'Hg': 1.9608499304372733}","{'Ha': 43.497054406859014, 'Hb': 2.3393047765986164, 'Hd': 1.78905420820313, 'HeII_4199.83': 2.5365508102817946, 'HeII_4686': 14.05290163978897, 'HeII_5411.53': 15.91672591148985, 'HeI_4471.50': 2.3124770290929644, 'HeI_4713.17': 1.591021963047873, 'HeI_4921.93': 3.539274601806493, 'HeI_5015.68': 2.2228236805915103, 'HeI_5047.74': 1.3823348983110029, 'HeI_5875.66': 11.968613410699922, 'Hg': 2.010365266517713}","{'Ha': 44.660161744336875, 'Hb': 4.130682949416128, 'Hd': 2.082455256352457, 'HeII_4199.83': 2.532934318922885, 'HeII_4686': 14.16369001551624, 'HeII_5411.53': 15.918178286881142, 'HeI_4471.50': 2.6913298131554884, 'HeI_4713.17': 1.6564281766002833, 'HeI_4921.93': 2.9725373628060456, 'HeI_5015.68': 2.1007690236167296, 'HeI_5047.74': 1.2868073799671156, 'HeI_5875.66': 11.459510831460154, 'Hg': 2.4277160834832414}","{'Ha': 46.69300426066293, 'Hb': 6.8241288805199245, 'Hd': 2.5912678699577945, 'HeII_4199.83': 2.5320411640526346, 'HeII_4686': 14.258502821281184, 'HeII_5411.53': 15.918986633714722, 'HeI_4471.50': 3.546614404377938, 'HeI_4713.17': 2.0191613735020133, 'HeI_4921.93': 3.002400657708925, 'HeI_5015.68': 2.19758875294373, 'HeI_5047.74': 1.2552248311182481, 'HeI_5875.66': 12.347495732570552, 'Hg': 3.093461885050001}","{'Ha': 49.14366440854636, 'Hb': 10.050601154174077, 'Hd': 3.2226027510668667, 'HeII_4199.83': 2.5319192077434773, 'HeII_4686': 14.331034631396623, 'HeII_5411.53': 15.919247871208569, 'HeI_4471.50': 4.587616121209077, 'HeI_4713.17': 2.4903687454524897, 'HeI_4921.93': 3.3081485011808134, 'HeI_5015.68': 2.3894624564207945, 'HeI_5047.74': 1.2633637420476207, 'HeI_5875.66': 13.849035464775838, 'Hg': 3.904093533752438}","{'Ha': 51.70741062430661, 'Hb': 13.544345259914179, 'Hd': 3.920880393033443, 'HeII_4199.83': 2.5320156262261344, 'HeII_4686': 14.382708464564722, 'HeII_5411.53': 15.919143310517605, 'HeI_4471.50': 5.653237957077382, 'HeI_4713.17': 2.977067104994555, 'HeI_4921.93': 3.7130941366179866, 'HeI_5015.68': 2.5999338531080274, 'HeI_5047.74': 1.285763674983727, 'HeI_5875.66': 15.424102278634473, 'Hg': 4.779917758161169}"
T19000logg2.6,"{'Ha': 87.04992063196454, 'Hb': 13.598124691983191, 'Hd': 5.958567922739371, 'HeII_4199.83': 2.5439787898076243, 'HeII_4686': 14.393217094281257, 'HeII_5411.53': 15.83321140095636, 'HeI_4471.50': 19.259704614716064, 'HeI_4713.17': 16.845363936355785, 'HeI_4921.93': 31.32256718562155, 'HeI_5015.68': 16.19241679898563, 'HeI_5047.74': 4.453490848545016, 'HeI_5875.66': 67.11865298665217, 'Hg': 5.160869991253772}","{'Ha': 77.08396829783237, 'Hb': 8.561730590557223, 'Hd': 4.6354815893606025, 'HeII_4199.83': 2.508858317730136, 'HeII_4686': 14.44860136959126, 'HeII_5411.53': 15.833626492664132, 'HeI_4471.50': 10.697714267086091, 'HeI_4713.17': 9.640467544347148, 'HeI_4921.93': 18.480243203907943, 'HeI_5015.68': 9.731812162649872, 'HeI_5047.74': 2.962898083396492, 'HeI_5875.66': 42.57831572568447, 'Hg': 3.840483678143166}","{'Ha': 70.89835408109178, 'Hb': 5.287984954264864, 'Hd': 3.669823312341804, 'HeII_4199.83': 2.487730168427651, 'HeII_4686': 14.52298827000344, 'HeII_5411.53': 15.833387924609303, 'HeI_4471.50': 5.830748317654027, 'HeI_4713.17': 5.597024277529072, 'HeI_4921.93': 11.270375515928759, 'HeI_5015.68': 6.193761795180447, 'HeI_5047.74': 2.151420363258146, 'HeI_5875.66': 27.739282902952084, 'Hg': 2.953836967479924}","{'Ha': 67.60322556597662, 'Hb': 3.764979786718577, 'Hd': 3.099497512345113, 'HeII_4199.83': 2.4773850315647907, 'HeII_4686': 14.610757316805644, 'HeII_5411.53': 15.832765739073375, 'HeI_4471.50': 3.379826945094638, 'HeI_4713.17': 3.443411397562714, 'HeI_4921.93': 7.2180185726228725, 'HeI_5015.68': 4.312591432952102, 'HeI_5047.74': 1.6802794873025624, 'HeI_5875.66': 19.56887597280725, 'Hg': 2.4875227802741033}","{'Ha': 66.52679811118018, 'Hb': 3.790290022061015, 'Hd': 2.894339686209086, 'HeII_4199.83': 2.4711296483534286, 'HeII_4686': 14.700661961757579, 'HeII_5411.53': 15.831616735932103, 'HeI_4471.50': 2.546711836233632, 'HeI_4713.17': 2.549191823165027, 'HeI_4921.93': 5.127671801778763, 'HeI_5015.68': 3.4102150033167087, 'HeI_5047.74': 1.4025346148573414, 'HeI_5875.66': 15.91893294339422, 'Hg': 2.438153064697115}","{'Ha': 66.98095062756248, 'Hb': 5.010153045626301, 'Hd': 2.9734833154197466, 'HeII_4199.83': 2.4668659362236913, 'HeII_4686': 14.784170921775093, 'HeII_5411.53': 15.83011296768111, 'HeI_4471.50': 2.663719475043082, 'HeI_4713.17': 2.385240856969532, 'HeI_4921.93': 4.238759396298877, 'HeI_5015.68': 3.0465520667175237, 'HeI_5047.74': 1.2467509152626686, 'HeI_5875.66': 14.989273766850323, 'Hg': 2.70977124236404}","{'Ha': 68.4140143960009, 'Hb': 7.116561090918334, 'Hd': 3.2575547550040795, 'HeII_4199.83': 2.4652721571903307, 'HeII_4686': 14.856061583019212, 'HeII_5411.53': 15.828238762681845, 'HeI_4471.50': 3.3367564169759003, 'HeI_4713.17': 2.6030554041998126, 'HeI_4921.93': 4.0328969224075815, 'HeI_5015.68': 2.9735384676937575, 'HeI_5047.74': 1.1744982929362007, 'HeI_5875.66': 15.564937956180762, 'Hg': 3.2145435964058766}","{'Ha': 70.3727299833453, 'Hb': 9.793108419307616, 'Hd': 3.677812618828202, 'HeII_4199.83': 2.464459421582849, 'HeII_4686': 14.911709230391093, 'HeII_5411.53': 15.826214411650714, 'HeI_4471.50': 4.26129996080323, 'HeI_4713.17': 2.9829866957284437, 'HeI_4921.93': 4.168529270207178, 'HeI_5015.68': 3.045375426774438, 'HeI_5047.74': 1.1566260784571567, 'HeI_5875.66': 16.841273322417344, 'Hg': 3.8727216145698566}","{'Ha': 72.52528466342437, 'Hb': 12.795064240489152, 'Hd': 4.187776237645854, 'HeII_4199.83': 2.463925593918372, 'HeII_4686': 14.952156435687732, 'HeII_5411.53': 15.824267636015609, 'HeI_4471.50': 5.254979622110672, 'HeI_4713.17': 3.402141792227236, 'HeI_4921.93': 4.445623900428704, 'HeI_5015.68': 3.1663357077685985, 'HeI_5047.74': 1.1618683221383763, 'HeI_5875.66': 18.228409157333388, 'Hg': 4.617813408905636}"
T19000logg2.8,"{'Ha': 96.30556807905253, 'Hb': 18.533224510388397, 'Hd': 8.628711722208395, 'HeII_4199.83': 2.5477701620343343, 'HeII_4686': 14.561078312425865, 'HeII_5411.53': 15.868616026427674, 'HeI_4471.50': 20.36550619847085, 'HeI_4713.17': 19.198402990781883, 'HeI_4921.93': 33.31766791539667, 'HeI_5015.68': 18.670076628675776, 'HeI_5047.74': 4.914835436399286, 'HeI_5875.66': 68.58601737410132, 'Hg': 6.851570692204599}","{'Ha': 87.27266120545872, 'Hb': 14.599373839901096, 'Hd': 7.689156276880996, 'HeII_4199.83': 2.520205723745706, 'HeII_4686': 14.598208673048779, 'HeII_5411.53': 15.868121849143341, 'HeI_4471.50': 11.965342680286913, 'HeI_4713.17': 11.29154469923755, 'HeI_4921.93': 20.424807725212386, 'HeI_5015.68': 11.527186101356158, 'HeI_5047.74': 3.2496722474392388, 'HeI_5875.66': 44.37483124466668, 'Hg': 5.917835856635279}","{'Ha': 81.66410639620746, 'Hb': 12.137434519380852, 'Hd': 6.961504843983405, 'HeII_4199.83': 2.5035438526361316, 'HeII_4686': 14.648264992387626, 'HeII_5411.53': 15.867014897302333, 'HeI_4471.50': 6.980688930710896, 'HeI_4713.17': 6.785029552436462, 'HeI_4921.93': 12.886236387458162, 'HeI_5015.68': 7.5366954739551275, 'HeI_5047.74': 2.3279096823246777, 'HeI_5875.66': 29.59631102061682, 'Hg': 5.296339510835898}","{'Ha': 78.6669452653369, 'Hb': 11.087216404718843, 'Hd': 6.482187639191296, 'HeII_4199.83': 2.495557110608349, 'HeII_4686': 14.707823065708197, 'HeII_5411.53': 15.865545959487472, 'HeI_4471.50': 4.325642868848245, 'HeI_4713.17': 4.325411869044889, 'HeI_4921.93': 8.505438578000412, 'HeI_5015.68': 5.350628061455649, 'HeI_5047.74': 1.7842680192918283, 'HeI_5875.66': 21.388476836712645, 'Hg': 4.98071352086291}","{'Ha': 77.66342658917942, 'Hb': 11.274552875835138, 'Hd': 6.251765907400469, 'HeII_4199.83': 2.4907841463117153, 'HeII_4686': 14.769084230230934, 'HeII_5411.53': 15.863667161741743, 'HeI_4471.50': 3.281095567698472, 'HeI_4713.17': 3.236477514189562, 'HeI_4921.93': 6.168488282042897, 'HeI_5015.68': 4.245162252980277, 'HeI_5047.74': 1.458334186646989, 'HeI_5875.66': 17.669229232366796, 'Hg': 4.973299307637288}","{'Ha': 78.0299680734426, 'Hb': 12.420601390655685, 'Hd': 6.231802179357607, 'HeII_4199.83': 2.4876228307390167, 'HeII_4686': 14.825882717646387, 'HeII_5411.53': 15.861547326462007, 'HeI_4471.50': 3.208595854569663, 'HeI_4713.17': 2.9479395811990177, 'HeI_4921.93': 5.100433625201925, 'HeI_5015.68': 3.7425172631229033, 'HeI_5047.74': 1.2698720572925726, 'HeI_5875.66': 16.661179707912442, 'Hg': 5.2080361989119455}","{'Ha': 79.26648225586753, 'Hb': 14.287760009510373, 'Hd': 6.376600008926297, 'HeII_4199.83': 2.4868194036234814, 'HeII_4686': 14.874172782335732, 'HeII_5411.53': 15.859183855083518, 'HeI_4471.50': 3.713667434415228, 'HeI_4713.17': 3.0827497082721234, 'HeI_4921.93': 4.761124617050027, 'HeI_5015.68': 3.5677170786004053, 'HeI_5047.74': 1.1754761430794054, 'HeI_5875.66': 17.15737319228261, 'Hg': 5.6258810263502115}","{'Ha': 80.96755678304802, 'Hb': 16.6263222711896, 'Hd': 6.643567628408282, 'HeII_4199.83': 2.4867128655563744, 'HeII_4686': 14.910608281716392, 'HeII_5411.53': 15.856774717950985, 'HeI_4471.50': 4.498057533506093, 'HeI_4713.17': 3.407452468388041, 'HeI_4921.93': 4.80006233530546, 'HeI_5015.68': 3.5657061259034815, 'HeI_5047.74': 1.1435846837172707, 'HeI_5875.66': 18.362403253600345, 'Hg': 6.172310301590457}","{'Ha': 82.83658336040446, 'Hb': 19.242736184859172, 'Hd': 7.000014067148943, 'HeII_4199.83': 2.4867563567783337, 'HeII_4686': 14.935936840292765, 'HeII_5411.53': 15.854495186996418, 'HeI_4471.50': 5.377260053399861, 'HeI_4713.17': 3.7846525345509243, 'HeI_4921.93': 5.004627863195873, 'HeI_5015.68': 3.630903359269713, 'HeI_5047.74': 1.1399009179510673, 'HeI_5875.66': 19.677938498977316, 'Hg': 6.7984214163998375}"
T19000logg3.0,"{'Ha': 113.41999703384116, 'Hb': 29.847386004365905, 'Hd': 13.742746341495794, 'HeII_4199.83': 2.5469520002479507, 'HeII_4686': 14.623381466952377, 'HeII_5411.53': 15.891055673131063, 'HeI_4471.50': 21.70278326314129, 'HeI_4713.17': 21.237685357156455, 'HeI_4921.93': 34.45592138111251, 'HeI_5015.68': 20.300938604268797, 'HeI_5047.74': 5.1257502100940675, 'HeI_5875.66': 71.21168447413909, 'Hg': 10.401330315017232}","{'Ha': 104.50919141097631, 'Hb': 26.41348575057538, 'Hd': 13.017680151692835, 'HeII_4199.83': 2.5265850391186957, 'HeII_4686': 14.649431512620406, 'HeII_5411.53': 15.890383276635383, 'HeI_4471.50': 13.574382839670292, 'HeI_4713.17': 12.762963840985455, 'HeI_4921.93': 21.851089841198384, 'HeI_5015.68': 12.736547614878836, 'HeI_5047.74': 3.3794580960396257, 'HeI_5875.66': 46.88650046477326, 'Hg': 9.683386646072492}","{'Ha': 98.88426696273334, 'Hb': 24.342868279026405, 'Hd': 12.437933835736896, 'HeII_4199.83': 2.5141178998066325, 'HeII_4686': 14.684249685952015, 'HeII_5411.53': 15.889201742784518, 'HeI_4471.50': 8.548219128814194, 'HeI_4713.17': 7.873219949948386, 'HeI_4921.93': 14.221071014637479, 'HeI_5015.68': 8.462727387386622, 'HeI_5047.74': 2.401937744484572, 'HeI_5875.66': 31.877924490137897, 'Hg': 9.211886156865356}","{'Ha': 95.77866496960728, 'Hb': 23.518749548102075, 'Hd': 12.027438383764984, 'HeII_4199.83': 2.508316500806255, 'HeII_4686': 14.725601467405314, 'HeII_5411.53': 15.8877292064151, 'HeI_4471.50': 5.720545726707319, 'HeI_4713.17': 5.15657903168774, 'HeI_4921.93': 9.661869168945605, 'HeI_5015.68': 6.084190273919301, 'HeI_5047.74': 1.8214997696566755, 'HeI_5875.66': 23.441976595121243, 'Hg': 8.980439527120618}","{'Ha': 94.58950405394023, 'Hb': 23.75459365338895, 'Hd': 11.794389183423146, 'HeII_4199.83': 2.504915590140024, 'HeII_4686': 14.768173821560692, 'HeII_5411.53': 15.885959010551264, 'HeI_4471.50': 4.469477277478058, 'HeI_4713.17': 3.9013627407680063, 'HeI_4921.93': 7.163056687021428, 'HeI_5015.68': 4.848196204929514, 'HeI_5047.74': 1.4720995809987993, 'HeI_5875.66': 19.53348976247306, 'Hg': 8.985520790062244}","{'Ha': 94.70825755738242, 'Hb': 24.79694795218119, 'Hd': 11.7180026123198, 'HeII_4199.83': 2.502656385650708, 'HeII_4686': 14.8076880117976, 'HeII_5411.53': 15.88403203403023, 'HeI_4471.50': 4.203958935332575, 'HeI_4713.17': 3.5042630342707666, 'HeI_4921.93': 5.962641140258226, 'HeI_5015.68': 4.253438036097337, 'HeI_5047.74': 1.268472249511172, 'HeI_5875.66': 18.37233365331203, 'Hg': 9.17647919994648}","{'Ha': 95.64332333931073, 'Hb': 26.43977681299101, 'Hd': 11.768670726271072, 'HeII_4199.83': 2.502266107784013, 'HeII_4686': 14.841265229701087, 'HeII_5411.53': 15.881944955120261, 'HeI_4471.50': 4.5416391540273615, 'HeI_4713.17': 3.565062916901945, 'HeI_4921.93': 5.515735476742973, 'HeI_5015.68': 4.009610145049627, 'HeI_5047.74': 1.164478946239909, 'HeI_5875.66': 18.74157863829234, 'Hg': 9.509646392035435}","{'Ha': 97.00867394339683, 'Hb': 28.472404457371347, 'Hd': 11.91959442551743, 'HeII_4199.83': 2.50240723624067, 'HeII_4686': 14.86657845000017, 'HeII_5411.53': 15.879857609115527, 'HeI_4471.50': 5.193508569066917, 'HeI_4713.17': 3.8394248564460356, 'HeI_4921.93': 5.471665997250016, 'HeI_5015.68': 3.9568366849609293, 'HeI_5047.74': 1.1274555376433952, 'HeI_5875.66': 19.845861793146103, 'Hg': 9.946228569199384}","{'Ha': 98.5187351097222, 'Hb': 30.73188533640937, 'Hd': 12.147747711916912, 'HeII_4199.83': 2.502612723100871, 'HeII_4686': 14.884125738801743, 'HeII_5411.53': 15.877904290831934, 'HeI_4471.50': 5.970183991203459, 'HeI_4713.17': 4.177572168638933, 'HeI_4921.93': 5.611582678519146, 'HeI_5015.68': 3.9831529217547623, 'HeI_5047.74': 1.1218789640045541, 'HeI_5875.66': 21.072517861369718, 'Hg': 10.44941690940715}"
T19000logg3.2,"{'Ha': 125.59453693142319, 'Hb': 42.85158489876611, 'Hd': 20.080631745420092, 'HeII_4199.83': 2.5473687914317473, 'HeII_4686': 14.61568176088399, 'HeII_5411.53': 15.902323387129721, 'HeI_4471.50': 22.28854663245406, 'HeI_4713.17': 21.802771989154934, 'HeI_4921.93': 33.89600495388729, 'HeI_5015.68': 20.50700114637707, 'HeI_5047.74': 4.999137837679144, 'HeI_5875.66': 71.21102882131828, 'Hg': 15.084587006986762}","{'Ha': 117.10335193695236, 'Hb': 39.78625374744477, 'Hd': 19.508569492094164, 'HeII_4199.83': 2.5318070234323766, 'HeII_4686': 14.635243740414928, 'HeII_5411.53': 15.901707263127115, 'HeI_4471.50': 14.777509698630098, 'HeI_4713.17': 13.268459521508428, 'HeI_4921.93': 22.101204266506727, 'HeI_5015.68': 12.997270747078074, 'HeI_5047.74': 3.3019906923567612, 'HeI_5875.66': 47.44710880520608, 'Hg': 14.518320171813233}","{'Ha': 111.67059531773401, 'Hb': 38.024841053338214, 'Hd': 19.051253839939047, 'HeII_4199.83': 2.522215629411738, 'HeII_4686': 14.66217619059846, 'HeII_5411.53': 15.900697769704816, 'HeI_4471.50': 9.995728320538332, 'HeI_4713.17': 8.305210447005935, 'HeI_4921.93': 14.76835732533581, 'HeI_5015.68': 8.721151586789828, 'HeI_5047.74': 2.3470376605131054, 'HeI_5875.66': 32.7093169573984, 'Hg': 14.163397915607948}","{'Ha': 108.61551984222524, 'Hb': 37.413654004780284, 'Hd': 18.7220035593155, 'HeII_4199.83': 2.5179395724999187, 'HeII_4686': 14.694781605372773, 'HeII_5411.53': 15.899469432575973, 'HeI_4471.50': 7.198970156453306, 'HeI_4713.17': 5.5238111582202825, 'HeI_4921.93': 10.294713814633633, 'HeI_5015.68': 6.322782582967848, 'HeI_5047.74': 1.7790708854905486, 'HeI_5875.66': 24.377418247390878, 'Hg': 14.00980557353983}","{'Ha': 107.37011058268205, 'Hb': 37.7486604208484, 'Hd': 18.526558184577425, 'HeII_4199.83': 2.5155309799932417, 'HeII_4686': 14.728444553758315, 'HeII_5411.53': 15.898028785115656, 'HeI_4471.50': 5.871253676408019, 'HeI_4713.17': 4.218140714223051, 'HeI_4921.93': 7.797686719656197, 'HeI_5015.68': 5.064169646000644, 'HeI_5047.74': 1.437078521534098, 'HeI_5875.66': 20.486712874507454, 'Hg': 14.046214773625538}","{'Ha': 107.34953127005728, 'Hb': 38.782948116580606, 'Hd': 18.448786202343946, 'HeII_4199.83': 2.513981785834535, 'HeII_4686': 14.759379939409033, 'HeII_5411.53': 15.896483974287543, 'HeI_4471.50': 5.490601670679948, 'HeI_4713.17': 3.7831282651160825, 'HeI_4921.93': 6.565390866463899, 'HeI_5015.68': 4.448520314028654, 'HeI_5047.74': 1.2379353235495016, 'HeI_5875.66': 19.304680592828472, 'Hg': 14.227968357894612}","{'Ha': 108.07598585095471, 'Hb': 40.32331459103472, 'Hd': 18.465880426687114, 'HeII_4199.83': 2.5140139192142885, 'HeII_4686': 14.784939590760224, 'HeII_5411.53': 15.894833028012512, 'HeI_4471.50': 5.705546242255475, 'HeI_4713.17': 3.815073315820052, 'HeI_4921.93': 6.074733009935517, 'HeI_5015.68': 4.186166094560221, 'HeI_5047.74': 1.137232280142143, 'HeI_5875.66': 19.636826581077035, 'Hg': 14.518566935026996}","{'Ha': 109.18045837160805, 'Hb': 42.17791398889933, 'Hd': 18.55869305420266, 'HeII_4199.83': 2.5144782115090294, 'HeII_4686': 14.803315665919149, 'HeII_5411.53': 15.893196571442198, 'HeI_4471.50': 6.247432133089175, 'HeI_4713.17': 4.068309414768752, 'HeI_4921.93': 5.988530570275832, 'HeI_5015.68': 4.118278736980296, 'HeI_5047.74': 1.1035169074855378, 'HeI_5875.66': 20.70102272123975, 'Hg': 14.887581141206812}","{'Ha': 110.3888305263712, 'Hb': 44.202254900219764, 'Hd': 18.70967315603176, 'HeII_4199.83': 2.5149415044693, 'HeII_4686': 14.815009851379694, 'HeII_5411.53': 15.891674231494942, 'HeI_4471.50': 6.93130570236421, 'HeI_4713.17': 4.388907493617826, 'HeI_4921.93': 6.092030839676386, 'HeI_5015.68': 4.132499311134499, 'HeI_5047.74': 1.1015859909641237, 'HeI_5875.66': 21.886095267382508, 'Hg': 15.305658425139352}"
T19000logg3.4,"{'Ha': 134.0935760409565, 'Hb': 60.303084621119204, 'Hd': 28.98471838520846, 'HeII_4199.83': 2.551575204833543, 'HeII_4686': 14.631424261303723, 'HeII_5411.53': 15.91001792055931, 'HeI_4471.50': 23.258443324680677, 'HeI_4713.17': 22.070556706394495, 'HeI_4921.93': 33.497355379802784, 'HeI_5015.68': 20.525632193075563, 'HeI_5047.74': 4.895542333325171, 'HeI_5875.66': 70.49289643135384, 'Hg': 21.569563500152487}","{'Ha': 126.30568368739208, 'Hb': 57.7567278272471, 'Hd': 28.55316049261499, 'HeII_4199.83': 2.541729747632872, 'HeII_4686': 14.648582729799195, 'HeII_5411.53': 15.909529265804395, 'HeI_4471.50': 16.416772294175104, 'HeI_4713.17': 13.559261787355512, 'HeI_4921.93': 22.52976228123531, 'HeI_5015.68': 13.09916382442774, 'HeI_5047.74': 3.236747462699121, 'HeI_5875.66': 47.64709498882833, 'Hg': 21.145120294883043}","{'Ha': 121.38451629505887, 'Hb': 56.4189587818105, 'Hd': 28.206753943980154, 'HeII_4199.83': 2.5355940554972727, 'HeII_4686': 14.67107067663171, 'HeII_5411.53': 15.908748574234867, 'HeI_4471.50': 11.917822324684707, 'HeI_4713.17': 8.577431549304386, 'HeI_4921.93': 15.494419989696913, 'HeI_5015.68': 8.850109163592377, 'HeI_5047.74': 2.299234152860651, 'HeI_5875.66': 33.386645592620006, 'Hg': 20.897822623995967}","{'Ha': 118.66471512427458, 'Hb': 56.08975826389592, 'Hd': 27.947417445537035, 'HeII_4199.83': 2.53312453845432, 'HeII_4686': 14.697557423886302, 'HeII_5411.53': 15.907810968114525, 'HeI_4471.50': 9.181871097198341, 'HeI_4713.17': 5.768930081769606, 'HeI_4921.93': 11.101340953544728, 'HeI_5015.68': 6.45641392568389, 'HeI_5047.74': 1.7415325287888055, 'HeI_5875.66': 25.269688655569617, 'Hg': 20.809849840347834}","{'Ha': 117.5820967082608, 'Hb': 56.55172580618995, 'Hd': 27.778444564737057, 'HeII_4199.83': 2.5318726023770033, 'HeII_4686': 14.724739491228643, 'HeII_5411.53': 15.906726958841439, 'HeI_4471.50': 7.7927837807660545, 'HeI_4713.17': 4.437370822373267, 'HeI_4921.93': 8.60098437834693, 'HeI_5015.68': 5.193594062050722, 'HeI_5047.74': 1.4066269920346677, 'HeI_5875.66': 21.450027886005973, 'Hg': 20.864568604941912}","{'Ha': 117.58015018939726, 'Hb': 57.57361169200611, 'Hd': 27.6882934900643, 'HeII_4199.83': 2.5311463505921203, 'HeII_4686': 14.749942745987317, 'HeII_5411.53': 15.905575293375964, 'HeI_4471.50': 7.297458345981886, 'HeI_4713.17': 3.9805403249998688, 'HeI_4921.93': 7.3316202417723995, 'HeI_5015.68': 4.570552231878918, 'HeI_5047.74': 1.2125168333178353, 'HeI_5875.66': 20.269433795993116, 'Hg': 21.023912709616564}","{'Ha': 118.21026877521271, 'Hb': 58.98377373418647, 'Hd': 27.660329163209926, 'HeII_4199.83': 2.5316121981050723, 'HeII_4686': 14.77138754152754, 'HeII_5411.53': 15.90435383691428, 'HeI_4471.50': 7.3773547673373985, 'HeI_4713.17': 3.994785900946052, 'HeI_4921.93': 6.791901977943532, 'HeI_5015.68': 4.29971287137295, 'HeI_5047.74': 1.1156858549183613, 'HeI_5875.66': 20.571321913081626, 'Hg': 21.25870581829575}","{'Ha': 119.13107927071084, 'Hb': 60.61859959642355, 'Hd': 27.683393161540312, 'HeII_4199.83': 2.53238127376586, 'HeII_4686': 14.787622600353913, 'HeII_5411.53': 15.903150875029374, 'HeI_4471.50': 7.789620892434164, 'HeI_4713.17': 4.234405546343145, 'HeI_4921.93': 6.658853526274856, 'HeI_5015.68': 4.2242331585622255, 'HeI_5047.74': 1.0852530985523412, 'HeI_5875.66': 21.594378819591316, 'Hg': 21.54721087707937}","{'Ha': 120.09404391228415, 'Hb': 62.359160506802716, 'Hd': 27.745983465807097, 'HeII_4199.83': 2.5330852717058585, 'HeII_4686': 14.798954037636506, 'HeII_5411.53': 15.90203932175005, 'HeI_4471.50': 8.357661692429, 'HeI_4713.17': 4.54333631214556, 'HeI_4921.93': 6.7220322112335325, 'HeI_5015.68': 4.232159397073069, 'HeI_5047.74': 1.0865349876506007, 'HeI_5875.66': 22.734522709898098, 'Hg': 21.867571818459794}"
T20000logg2.4,"{'Ha': 47.72107533745656, 'Hb': 10.728927991998665, 'Hd': 5.059053841739467, 'HeII_4199.83': 2.5914763770674405, 'HeII_4686': 13.018908048195971, 'HeII_5411.53': 15.817049222772496, 'HeI_4471.50': 15.116426573529157, 'HeI_4713.17': 9.88030746600475, 'HeI_4921.93': 22.14776296950173, 'HeI_5015.68': 8.464865026498732, 'HeI_5047.74': 2.9495288183834862, 'HeI_5875.66': 53.15197968351153, 'Hg': 5.690681200762034}","{'Ha': 41.939134828838455, 'Hb': 7.333426610604643, 'Hd': 3.5751764520644125, 'HeII_4199.83': 2.559477769970887, 'HeII_4686': 13.1365657451969, 'HeII_5411.53': 15.826498075474582, 'HeI_4471.50': 7.928681777156199, 'HeI_4713.17': 5.257318404739469, 'HeI_4921.93': 11.786672150075143, 'HeI_5015.68': 4.6743176359744405, 'HeI_5047.74': 2.13034332601175, 'HeI_5875.66': 31.229365868095865, 'Hg': 4.265819698989971}","{'Ha': 39.17054568798948, 'Hb': 5.500002493555654, 'Hd': 2.6888513937744984, 'HeII_4199.83': 2.541001823697095, 'HeII_4686': 13.309649716205838, 'HeII_5411.53': 15.836726420041414, 'HeI_4471.50': 4.235140451731132, 'HeI_4713.17': 2.817544946746426, 'HeI_4921.93': 6.521979078667608, 'HeI_5015.68': 2.7820696957844877, 'HeI_5047.74': 1.7051115227456022, 'HeI_5875.66': 18.6101520342532, 'Hg': 3.4227107272592128}","{'Ha': 38.37659197173061, 'Hb': 5.294770276161003, 'Hd': 2.3701034307202824, 'HeII_4199.83': 2.5330460966490986, 'HeII_4686': 13.520698115699858, 'HeII_5411.53': 15.847301412307802, 'HeI_4471.50': 2.6747301782588098, 'HeI_4713.17': 1.6737503754577534, 'HeI_4921.93': 3.85090448085372, 'HeI_5015.68': 1.9481940658790948, 'HeI_5047.74': 1.477181715979999, 'HeI_5875.66': 12.076603482684565, 'Hg': 3.100076047022156}","{'Ha': 39.00858580026521, 'Hb': 6.496204982467231, 'Hd': 2.5134999869225636, 'HeII_4199.83': 2.529139918763607, 'HeII_4686': 13.739708578555051, 'HeII_5411.53': 15.85723342546146, 'HeI_4471.50': 2.46594957589829, 'HeI_4713.17': 1.3864171021223701, 'HeI_4921.93': 2.6637231026205237, 'HeI_5015.68': 1.7038627174795011, 'HeI_5047.74': 1.3590851600822411, 'HeI_5875.66': 9.54146705853862, 'Hg': 3.2726795271514857}","{'Ha': 40.58533484815102, 'Hb': 8.731069593005424, 'Hd': 2.972435195006161, 'HeII_4199.83': 2.52722281234962, 'HeII_4686': 13.944322393223171, 'HeII_5411.53': 15.866080115666847, 'HeI_4471.50': 3.005502414436519, 'HeI_4713.17': 1.5843247907361004, 'HeI_4921.93': 2.3672594525425033, 'HeI_5015.68': 1.7603854754514263, 'HeI_5047.74': 1.3099400433606043, 'HeI_5875.66': 9.377641587699028, 'Hg': 3.7917122711337927}","{'Ha': 42.724827333982994, 'Hb': 11.70768442481465, 'Hd': 3.6223490627889485, 'HeII_4199.83': 2.5281478497144265, 'HeII_4686': 14.121693716889057, 'HeII_5411.53': 15.873818078010459, 'HeI_4471.50': 3.9621223767847047, 'HeI_4713.17': 2.023399030833378, 'HeI_4921.93': 2.5657661422786204, 'HeI_5015.68': 1.9749931328786012, 'HeI_5047.74': 1.309090385543861, 'HeI_5875.66': 10.506350931836332, 'Hg': 4.5329822203301156}","{'Ha': 45.066851449661996, 'Hb': 15.088736675756712, 'Hd': 4.364278209812789, 'HeII_4199.83': 2.5297846796287584, 'HeII_4686': 14.260153048962673, 'HeII_5411.53': 15.880325493773945, 'HeI_4471.50': 5.0645857373094465, 'HeI_4713.17': 2.5373486718941405, 'HeI_4921.93': 2.9779617333830606, 'HeI_5015.68': 2.2453851807933116, 'HeI_5047.74': 1.3373088771691843, 'HeI_5875.66': 12.172788301051744, 'Hg': 5.392373500126468}","{'Ha': 47.40553944338513, 'Hb': 18.645114783766214, 'Hd': 5.14448879923589, 'HeII_4199.83': 2.5315157120440914, 'HeII_4686': 14.361694635722035, 'HeII_5411.53': 15.885812177754836, 'HeI_4471.50': 6.167833274902442, 'HeI_4713.17': 3.0502102774861237, 'HeI_4921.93': 3.456950987527551, 'HeI_5015.68': 2.5120457685628907, 'HeI_5047.74': 1.3739450434134117, 'HeI_5875.66': 13.87913464380956, 'Hg': 6.291499318736138}"
T20000logg2.6,"{'Ha': 78.96890357641935, 'Hb': 8.900087711258193, 'Hd': 4.601515422002275, 'HeII_4199.83': 2.575992672979839, 'HeII_4686': 13.88641587522078, 'HeII_5411.53': 15.824879988027357, 'HeI_4471.50': 17.11971159015501, 'HeI_4713.17': 13.769243081370526, 'HeI_4921.93': 27.215720438048006, 'HeI_5015.68': 12.499527992921315, 'HeI_5047.74': 3.7111859570527317, 'HeI_5875.66': 62.30676362057283, 'Hg': 4.713564177168009}","{'Ha': 71.46600711200558, 'Hb': 4.843990421460528, 'Hd': 3.2932023489893867, 'HeII_4199.83': 2.528702310701573, 'HeII_4686': 13.979334919787028, 'HeII_5411.53': 15.826401446939034, 'HeI_4471.50': 9.205484266376072, 'HeI_4713.17': 7.615106953666511, 'HeI_4921.93': 15.496101422146197, 'HeI_5015.68': 7.243595238116161, 'HeI_5047.74': 2.5275829516043533, 'HeI_5875.66': 38.81306954151971, 'Hg': 3.3707059119808425}","{'Ha': 66.94050001545133, 'Hb': 2.312467626154455, 'Hd': 2.417378914773091, 'HeII_4199.83': 2.5008105357256163, 'HeII_4686': 14.112030979941132, 'HeII_5411.53': 15.827486982532978, 'HeI_4471.50': 4.86719411258614, 'HeI_4713.17': 4.231326563673443, 'HeI_4921.93': 9.1763044895531, 'HeI_5015.68': 4.45369054153782, 'HeI_5047.74': 1.8938991699113352, 'HeI_5875.66': 24.803423839829065, 'Hg': 2.5320398541912805}","{'Ha': 64.70233118446747, 'Hb': 1.3876324130022077, 'Hd': 1.9869263179867964, 'HeII_4199.83': 2.4871523583710577, 'HeII_4686': 14.272162720566094, 'HeII_5411.53': 15.828320472692173, 'HeI_4471.50': 2.8158786732715475, 'HeI_4713.17': 2.4981387819124117, 'HeI_4921.93': 5.749818412015837, 'HeI_5015.68': 3.053020062889425, 'HeI_5047.74': 1.5347148228144842, 'HeI_5875.66': 17.232830840384057, 'Hg': 2.1365557352344564}","{'Ha': 64.25271298441878, 'Hb': 1.9040116866306216, 'Hd': 1.9452295656017689, 'HeII_4199.83': 2.4791361943164296, 'HeII_4686': 14.437531476058302, 'HeII_5411.53': 15.828602490776735, 'HeI_4471.50': 2.2647252326917364, 'HeI_4713.17': 1.8608957941805497, 'HeI_4921.93': 4.055451131242735, 'HeI_5015.68': 2.456979764676308, 'HeI_5047.74': 1.3305965717796415, 'HeI_5875.66': 13.986478972998645, 'Hg': 2.188244922612539}","{'Ha': 65.05239863687142, 'Hb': 3.5306539981338294, 'Hd': 2.189078164519913, 'HeII_4199.83': 2.474016043592759, 'HeII_4686': 14.591471254847566, 'HeII_5411.53': 15.828464949091224, 'HeI_4471.50': 2.5683767814407736, 'HeI_4713.17': 1.8540570209879947, 'HeI_4921.93': 3.4153535516366853, 'HeI_5015.68': 2.2929664864579027, 'HeI_5047.74': 1.2243607204198979, 'HeI_5875.66': 13.328932737806873, 'Hg': 2.5702220605518615}","{'Ha': 66.6499592962128, 'Hb': 5.983186702370879, 'Hd': 2.623170652844899, 'HeII_4199.83': 2.4723238789886683, 'HeII_4686': 14.723842602052963, 'HeII_5411.53': 15.827849805783773, 'HeI_4471.50': 3.356174015404557, 'HeI_4713.17': 2.171469006115843, 'HeI_4921.93': 3.372118633760149, 'HeI_5015.68': 2.359321862428156, 'HeI_5047.74': 1.1854411465694485, 'HeI_5875.66': 14.095982838194534, 'Hg': 3.1793936113230634}","{'Ha': 68.6396020137027, 'Hb': 8.946363744209846, 'Hd': 3.1689894184514347, 'HeII_4199.83': 2.4716751702430693, 'HeII_4686': 14.825671572805316, 'HeII_5411.53': 15.826973889316756, 'HeI_4471.50': 4.340637773573649, 'HeI_4713.17': 2.6144801358556706, 'HeI_4921.93': 3.615388784650515, 'HeI_5015.68': 2.5292056148431725, 'HeI_5047.74': 1.1887855270592251, 'HeI_5875.66': 15.504522993303041, 'Hg': 3.9277396763335983}","{'Ha': 70.734396520831, 'Hb': 12.186080403496435, 'Hd': 3.780553496737634, 'HeII_4199.83': 2.4714490588070306, 'HeII_4686': 14.898638581866491, 'HeII_5411.53': 15.826053211535479, 'HeI_4471.50': 5.361282021835989, 'HeI_4713.17': 3.080012662887156, 'HeI_4921.93': 3.9699658889090714, 'HeI_5015.68': 2.723327125593046, 'HeI_5047.74': 1.2079141557874695, 'HeI_5875.66': 16.99519598650695, 'Hg': 4.744289518139563}"
T20000logg2.8,"{'Ha': 101.6404412470929, 'Hb': 14.759234783708203, 'Hd': 7.017882099371454, 'HeII_4199.83': 2.5661548464549213, 'HeII_4686': 14.398033326601984, 'HeII_5411.53': 15.800450881808024, 'HeI_4471.50': 18.962494407964822, 'HeI_4713.17': 17.158738149767032, 'HeI_4921.93': 30.55943212115047, 'HeI_5015.68': 15.92781615417541, 'HeI_5047.74': 4.359141248612156, 'HeI_5875.66': 67.96687879113769, 'Hg': 6.128152196215149}","{'Ha': 93.65604076112888, 'Hb': 10.851701503743444, 'Hd': 5.958222213435164, 'HeII_4199.83': 2.520740716551418, 'HeII_4686': 14.468868413243818, 'HeII_5411.53': 15.801357408349432, 'HeI_4471.50': 10.784731235422257, 'HeI_4713.17': 9.893069838505332, 'HeI_4921.93': 18.279601024272566, 'HeI_5015.68': 9.617810393456374, 'HeI_5047.74': 2.9091745878385447, 'HeI_5875.66': 43.74543895214381, 'Hg': 5.02970181037678}","{'Ha': 88.52502269368017, 'Hb': 8.34402785721702, 'Hd': 5.191346314539681, 'HeII_4199.83': 2.4935306261909385, 'HeII_4686': 14.565941828511745, 'HeII_5411.53': 15.801613834403108, 'HeI_4471.50': 6.0534723600888745, 'HeI_4713.17': 5.800027306801966, 'HeI_4921.93': 11.36152562188608, 'HeI_5015.68': 6.1538170734323545, 'HeI_5047.74': 2.118648871432228, 'HeI_5875.66': 28.99533610304781, 'Hg': 4.321640614351831}","{'Ha': 85.68154725489708, 'Hb': 7.272515905755289, 'Hd': 4.741484152372459, 'HeII_4199.83': 2.479756527259082, 'HeII_4686': 14.681806006043786, 'HeII_5411.53': 15.801488180708501, 'HeI_4471.50': 3.626679231110084, 'HeI_4713.17': 3.6095690636395545, 'HeI_4921.93': 7.445601319019309, 'HeI_5015.68': 4.3113582647856, 'HeI_5047.74': 1.6588608701943097, 'HeI_5875.66': 20.83298224179717, 'Hg': 3.9655829413663644}","{'Ha': 84.65709525282064, 'Hb': 7.494794564551219, 'Hd': 4.587323598062533, 'HeII_4199.83': 2.4712724901150995, 'HeII_4686': 14.801146758106302, 'HeII_5411.53': 15.80075275122305, 'HeI_4471.50': 2.7684286483467475, 'HeI_4713.17': 2.689336075115145, 'HeI_4921.93': 5.394837076265371, 'HeI_5015.68': 3.430272914291862, 'HeI_5047.74': 1.3876881311659695, 'HeI_5875.66': 17.158934103531248, 'Hg': 3.971289956548939}","{'Ha': 84.91215868049345, 'Hb': 8.72992409882684, 'Hd': 4.666940647341209, 'HeII_4199.83': 2.465492181177777, 'HeII_4686': 14.912128076830625, 'HeII_5411.53': 15.799566930030528, 'HeI_4471.50': 2.838430808382293, 'HeI_4713.17': 2.5071510053131543, 'HeI_4921.93': 4.495920483049633, 'HeI_5015.68': 3.0793587807334912, 'HeI_5047.74': 1.2358998465402622, 'HeI_5875.66': 16.189731650350982, 'Hg': 4.253681824850602}","{'Ha': 85.98720874688993, 'Hb': 10.729336732788507, 'Hd': 4.915851373994312, 'HeII_4199.83': 2.462923162448566, 'HeII_4686': 15.007480080793462, 'HeII_5411.53': 15.797915288016657, 'HeI_4471.50': 3.4507622310067196, 'HeI_4713.17': 2.7118476727461247, 'HeI_4921.93': 4.258801712398214, 'HeI_5015.68': 3.013735859823502, 'HeI_5047.74': 1.1657960634347508, 'HeI_5875.66': 16.71844590789802, 'Hg': 4.737239783089803}","{'Ha': 87.49411041711258, 'Hb': 13.225125004644928, 'Hd': 5.278854742775999, 'HeII_4199.83': 2.4613676327316316, 'HeII_4686': 15.080737167380638, 'HeII_5411.53': 15.796037170159929, 'HeI_4471.50': 4.311478313742004, 'HeI_4713.17': 3.0825700259209623, 'HeI_4921.93': 4.359928671453932, 'HeI_5015.68': 3.0899049066371767, 'HeI_5047.74': 1.1485043128719568, 'HeI_5875.66': 17.950008242135592, 'Hg': 5.35557075717357}","{'Ha': 89.14063774411802, 'Hb': 16.00995518734341, 'Hd': 5.720029797494014, 'HeII_4199.83': 2.4602615148099973, 'HeII_4686': 15.13300483503428, 'HeII_5411.53': 15.794185801473542, 'HeI_4471.50': 5.2456743636199255, 'HeI_4713.17': 3.4940841797043545, 'HeI_4921.93': 4.606726863189131, 'HeI_5015.68': 3.2140256535676826, 'HeI_5047.74': 1.1533491924592392, 'HeI_5875.66': 19.289716137694235, 'Hg': 6.051347457587874}"
T20000logg3.0,"{'Ha': 118.0747709723196, 'Hb': 23.121442428735765, 'Hd': 10.754577406324021, 'HeII_4199.83': 2.5563537136275243, 'HeII_4686': 14.568159300830509, 'HeII_5411.53': 15.98357523437793, 'HeI_4471.50': 19.94839810905171, 'HeI_4713.17': 19.450386434862597, 'HeI_4921.93': 32.53544024405532, 'HeI_5015.68': 18.13840581438452, 'HeI_5047.74': 4.786745526844517, 'HeI_5875.66': 68.96421746392208, 'Hg': 8.560151137009779}","{'Ha': 109.69548902743936, 'Hb': 19.780992865990672, 'Hd': 9.993034416751327, 'HeII_4199.83': 2.5186410652902333, 'HeII_4686': 14.621964889042832, 'HeII_5411.53': 15.980187048488881, 'HeI_4471.50': 12.069279534992381, 'HeI_4713.17': 11.519669041734565, 'HeI_4921.93': 20.260138091703222, 'HeI_5015.68': 11.224259836579389, 'HeI_5047.74': 3.175713433341859, 'HeI_5875.66': 45.14261465807392, 'Hg': 7.7742160959448645}","{'Ha': 104.2617035247249, 'Hb': 17.736749656484047, 'Hd': 9.418254952909052, 'HeII_4199.83': 2.49585030222753, 'HeII_4686': 14.695070323510683, 'HeII_5411.53': 15.975676845098047, 'HeI_4471.50': 7.309029691078222, 'HeI_4713.17': 6.983302328017924, 'HeI_4921.93': 13.065810633002666, 'HeI_5015.68': 7.355973522257573, 'HeI_5047.74': 2.285308669794535, 'HeI_5875.66': 30.48927690679216, 'Hg': 7.276987608429043}","{'Ha': 101.14773453121303, 'Hb': 16.93954372950103, 'Hd': 9.052217541086627, 'HeII_4199.83': 2.4843922438404387, 'HeII_4686': 14.781932194357516, 'HeII_5411.53': 15.970415954801306, 'HeI_4471.50': 4.7242764917694595, 'HeI_4713.17': 4.497943260182533, 'HeI_4921.93': 8.856090588600491, 'HeI_5015.68': 5.239502528675557, 'HeI_5047.74': 1.7604621773515288, 'HeI_5875.66': 22.302332051362104, 'Hg': 7.04588876903174}","{'Ha': 99.84908821059567, 'Hb': 17.233936694473268, 'Hd': 8.892553801356248, 'HeII_4199.83': 2.4773126785775843, 'HeII_4686': 14.871252641580636, 'HeII_5411.53': 15.964617196666241, 'HeI_4471.50': 3.6748189011289227, 'HeI_4713.17': 3.388838201407943, 'HeI_4921.93': 6.575690017607066, 'HeI_5015.68': 4.175607911955503, 'HeI_5047.74': 1.446047915458138, 'HeI_5875.66': 18.56259285426861, 'Hg': 7.086389536512361}","{'Ha': 99.81074081570085, 'Hb': 18.373329923078533, 'Hd': 8.906059715062632, 'HeII_4199.83': 2.472441725496728, 'HeII_4686': 14.954316504622165, 'HeII_5411.53': 15.958704029539371, 'HeI_4471.50': 3.566739380188066, 'HeI_4713.17': 3.085004302189558, 'HeI_4921.93': 5.504176920753573, 'HeI_5015.68': 3.699974288480071, 'HeI_5047.74': 1.2648862889606287, 'HeI_5875.66': 17.517382187099823, 'Hg': 7.336718882996469}","{'Ha': 100.56379819750822, 'Hb': 20.149426124137033, 'Hd': 9.053219290619527, 'HeII_4199.83': 2.470372280022658, 'HeII_4686': 15.025517543084698, 'HeII_5411.53': 15.952811534105688, 'HeI_4471.50': 4.0256906899221985, 'HeI_4713.17': 3.2081451280297415, 'HeI_4921.93': 5.134768761749814, 'HeI_5015.68': 3.5432302032268304, 'HeI_5047.74': 1.1747141473372253, 'HeI_5875.66': 17.970475915261922, 'Hg': 7.7445211844744595}","{'Ha': 101.73476603469572, 'Hb': 22.339787302851096, 'Hd': 9.298166614206636, 'HeII_4199.83': 2.4691765244726893, 'HeII_4686': 15.080025728683735, 'HeII_5411.53': 15.94730507580147, 'HeI_4471.50': 4.766835947047616, 'HeI_4713.17': 3.5242169459231003, 'HeI_4921.93': 5.137710946427354, 'HeI_5015.68': 3.553241795968205, 'HeI_5047.74': 1.1444268096481058, 'HeI_5875.66': 19.135795361395193, 'Hg': 8.262993375389879}","{'Ha': 103.04065393204215, 'Hb': 24.772616767749124, 'Hd': 9.615276727942076, 'HeII_4199.83': 2.4683154498819735, 'HeII_4686': 15.118786206536257, 'HeII_5411.53': 15.942307322613557, 'HeI_4471.50': 5.610602384721852, 'HeI_4713.17': 3.8938477061926364, 'HeI_4921.93': 5.309476281057532, 'HeI_5015.68': 3.6272321296161296, 'HeI_5047.74': 1.1407466031459847, 'HeI_5875.66': 20.413046453934115, 'Hg': 8.849364892168857}"
T20000logg3.2,"{'Ha': 127.99682594157736, 'Hb': 34.08703196496654, 'Hd': 15.696422094640795, 'HeII_4199.83': 2.55212617904349, 'HeII_4686': 14.615084547974934, 'HeII_5411.53': 15.909292560523172, 'HeI_4471.50': 20.813635427340106, 'HeI_4713.17': 20.588931457128563, 'HeI_4921.93': 33.09863708934379, 'HeI_5015.68': 19.13859839792642, 'HeI_5047.74': 4.926332696632621, 'HeI_5875.66': 69.81172610310188, 'Hg': 12.129446962528903}","{'Ha': 119.90875104421087, 'Hb': 31.120746139534546, 'Hd': 15.111103159324895, 'HeII_4199.83': 2.5230054899142518, 'HeII_4686': 14.653677466252391, 'HeII_5411.53': 15.907029525896203, 'HeI_4471.50': 13.392288423856911, 'HeI_4713.17': 12.37131326855625, 'HeI_4921.93': 21.28173741954035, 'HeI_5015.68': 11.988522430763162, 'HeI_5047.74': 3.265516524057079, 'HeI_5875.66': 46.33258467168667, 'Hg': 11.534230614961878}","{'Ha': 114.63094296988606, 'Hb': 29.39731312813347, 'Hd': 14.662407054559655, 'HeII_4199.83': 2.5053148559494893, 'HeII_4686': 14.70564231334605, 'HeII_5411.53': 15.90409130012379, 'HeI_4471.50': 8.75097752390232, 'HeI_4713.17': 7.631865473226026, 'HeI_4921.93': 14.1081022865325, 'HeI_5015.68': 7.95349469002414, 'HeI_5047.74': 2.3378639999914594, 'HeI_5875.66': 31.78101611708805, 'Hg': 11.171078417853241}","{'Ha': 111.57581909971336, 'Hb': 28.81624005867634, 'Hd': 14.365430682281977, 'HeII_4199.83': 2.496705243019171, 'HeII_4686': 14.767246535238531, 'HeII_5411.53': 15.900787506675487, 'HeI_4471.50': 6.113352931040543, 'HeI_4713.17': 5.006006924904027, 'HeI_4921.93': 9.79745529390953, 'HeI_5015.68': 5.719559917475941, 'HeI_5047.74': 1.7880789806444848, 'HeI_5875.66': 23.585511739827922, 'Hg': 11.02618395414801}","{'Ha': 110.24663442989775, 'Hb': 29.20132773466925, 'Hd': 14.222718130211332, 'HeII_4199.83': 2.491559500165449, 'HeII_4686': 14.83049714994894, 'HeII_5411.53': 15.897208559989965, 'HeI_4471.50': 4.936898315342232, 'HeI_4713.17': 3.8035570934969933, 'HeI_4921.93': 7.408439096836172, 'HeI_5015.68': 4.573619561774361, 'HeI_5047.74': 1.4582408178777742, 'HeI_5875.66': 19.794027149468572, 'Hg': 11.095609622506243}","{'Ha': 110.09915240093957, 'Hb': 30.31562202839766, 'Hd': 14.212747875824103, 'HeII_4199.83': 2.488193953646953, 'HeII_4686': 14.88919638586734, 'HeII_5411.53': 15.893466560324228, 'HeI_4471.50': 4.6858419528487145, 'HeI_4713.17': 3.4374569058995945, 'HeI_4921.93': 6.241586424376302, 'HeI_5015.68': 4.038194869930175, 'HeI_5047.74': 1.267496356438059, 'HeI_5875.66': 18.684023773647453, 'Hg': 11.328732659836577}","{'Ha': 110.6753902251411, 'Hb': 31.96826421077393, 'Hd': 14.307830980683672, 'HeII_4199.83': 2.4872864320941996, 'HeII_4686': 14.939315040061993, 'HeII_5411.53': 15.88963350930103, 'HeI_4471.50': 5.008289453344499, 'HeI_4713.17': 3.5174556859339803, 'HeI_4921.93': 5.791833227660939, 'HeI_5015.68': 3.8355206722459187, 'HeI_5047.74': 1.1713591009676274, 'HeI_5875.66': 19.070471123132013, 'Hg': 11.684931070324298}","{'Ha': 111.62285530342388, 'Hb': 33.96038527295687, 'Hd': 14.48263635997862, 'HeII_4199.83': 2.4871285143091626, 'HeII_4686': 14.97746516405618, 'HeII_5411.53': 15.885910633204617, 'HeI_4471.50': 5.634685048049962, 'HeI_4713.17': 3.8037808514138782, 'HeI_4921.93': 5.731886031409815, 'HeI_5015.68': 3.8116074179171773, 'HeI_5047.74': 1.1377026260417584, 'HeI_5875.66': 20.175776278282445, 'Hg': 12.128507484088317}","{'Ha': 112.67361398848848, 'Hb': 36.141715787198876, 'Hd': 14.717440885737895, 'HeII_4199.83': 2.487150856692072, 'HeII_4686': 15.004486943225176, 'HeII_5411.53': 15.882437807787827, 'HeI_4471.50': 6.3858375025661775, 'HeI_4713.17': 4.149918407873086, 'HeI_4921.93': 5.854384915376275, 'HeI_5015.68': 3.859765681484602, 'HeI_5047.74': 1.1325179105496153, 'HeI_5875.66': 21.3961099447732, 'Hg': 12.625868261559338}"
T20000logg3.4,"{'Ha': 134.3972883986609, 'Hb': 50.35507827102718, 'Hd': 23.515309384815723, 'HeII_4199.83': 2.5465192034551767, 'HeII_4686': 14.640799822867363, 'HeII_5411.53': 15.884950881771433, 'HeI_4471.50': 22.069282563243735, 'HeI_4713.17': 21.339476028256353, 'HeI_4921.93': 33.5892032901373, 'HeI_5015.68': 19.69336241478772, 'HeI_5047.74': 4.981118123249572, 'HeI_5875.66': 69.52857667405586, 'Hg': 17.881519879580175}","{'Ha': 126.63055041088344, 'Hb': 47.717254215174826, 'Hd': 23.065934041594485, 'HeII_4199.83': 2.526425603850227, 'HeII_4686': 14.668726857121985, 'HeII_5411.53': 15.88427045637629, 'HeI_4471.50': 15.23285139048882, 'HeI_4713.17': 13.005558920773977, 'HeI_4921.93': 22.43587454795559, 'HeI_5015.68': 12.462923215102693, 'HeI_5047.74': 3.307980071920985, 'HeI_5875.66': 46.719748439049276, 'Hg': 17.423741576924883}","{'Ha': 121.61630988993015, 'Hb': 46.309414134018375, 'Hd': 22.72268161895296, 'HeII_4199.83': 2.514099474155492, 'HeII_4686': 14.705733097815864, 'HeII_5411.53': 15.883095270962185, 'HeI_4471.50': 10.790306642281196, 'HeI_4713.17': 8.151773230805592, 'HeI_4921.93': 15.403733058270012, 'HeI_5015.68': 8.338544524686997, 'HeI_5047.74': 2.3654862423936556, 'HeI_5875.66': 32.48419868121658, 'Hg': 17.166816483267763}","{'Ha': 118.75604306668318, 'Hb': 45.95547677396132, 'Hd': 22.4872654433762, 'HeII_4199.83': 2.508364681614133, 'HeII_4686': 14.7495088422114, 'HeII_5411.53': 15.881649400127847, 'HeI_4471.50': 8.139630560174204, 'HeI_4713.17': 5.433791330195347, 'HeI_4921.93': 11.045365187995552, 'HeI_5015.68': 6.032003502935071, 'HeI_5047.74': 1.8037619329108123, 'HeI_5875.66': 24.411729448699536, 'Hg': 17.08925098961506}","{'Ha': 117.5251735838476, 'Hb': 46.44308055262989, 'Hd': 22.359783753084805, 'HeII_4199.83': 2.5050124038053014, 'HeII_4686': 14.794493691216141, 'HeII_5411.53': 15.879927339909898, 'HeI_4471.50': 6.845745463334697, 'HeI_4713.17': 4.163297002991687, 'HeI_4921.93': 8.559278611331779, 'HeI_5015.68': 4.832752710150493, 'HeI_5047.74': 1.4650394246660117, 'HeI_5875.66': 20.649128206095757, 'Hg': 17.176990705899037}","{'Ha': 117.38021769215565, 'Hb': 47.535284739261655, 'Hd': 22.3248375951773, 'HeII_4199.83': 2.5028040006445273, 'HeII_4686': 14.83624800206291, 'HeII_5411.53': 15.878064994442735, 'HeI_4471.50': 6.442476867116788, 'HeI_4713.17': 3.7479142007334394, 'HeI_4921.93': 7.288410457699697, 'HeI_5015.68': 4.257626884436326, 'HeI_5047.74': 1.2676435030813777, 'HeI_5875.66': 19.525636769773072, 'Hg': 17.385831749158605}","{'Ha': 117.87380789473193, 'Hb': 49.05567200330554, 'Hd': 22.36271054055237, 'HeII_4199.83': 2.5024777146187005, 'HeII_4686': 14.871875025847404, 'HeII_5411.53': 15.876057916755963, 'HeI_4471.50': 6.606940437948472, 'HeI_4713.17': 3.7915431684997984, 'HeI_4921.93': 6.740557452661343, 'HeI_5015.68': 4.024245417947612, 'HeI_5047.74': 1.166785843376042, 'HeI_5875.66': 19.88034173030246, 'Hg': 17.683325409068757}","{'Ha': 118.66977089652418, 'Hb': 50.83004984297958, 'Hd': 22.457434389445485, 'HeII_4199.83': 2.5026699636020733, 'HeII_4686': 14.898946671203912, 'HeII_5411.53': 15.874059889290395, 'HeI_4471.50': 7.091699932479415, 'HeI_4713.17': 4.051697227482901, 'HeI_4921.93': 6.597966127067077, 'HeI_5015.68': 3.9777236734091517, 'HeI_5047.74': 1.1304180395474412, 'HeI_5875.66': 20.94880923224076, 'Hg': 18.043551567953944}","{'Ha': 119.51642481086327, 'Hb': 52.73092432632379, 'Hd': 22.59567433954438, 'HeII_4199.83': 2.502924166093095, 'HeII_4686': 14.917993643350233, 'HeII_5411.53': 15.872200847314565, 'HeI_4471.50': 7.721472861937689, 'HeI_4713.17': 4.37680454801589, 'HeI_4921.93': 6.652746777622894, 'HeI_5015.68': 4.008824621044398, 'HeI_5047.74': 1.1240161376753595, 'HeI_5875.66': 22.130655938625413, 'Hg': 18.44103359024776}"
T20000logg3.6,"{'Ha': 135.11905660993932, 'Hb': 61.556916288288626, 'Hd': 29.839468624329722, 'HeII_4199.83': 2.5454322463553933, 'HeII_4686': 14.616327955916429, 'HeII_5411.53': 15.898960558296023, 'HeI_4471.50': 22.796611892955067, 'HeI_4713.17': 21.693698915377947, 'HeI_4921.93': 32.95683040409348, 'HeI_5015.68': 19.701630072021743, 'HeI_5047.74': 4.761062700520232, 'HeI_5875.66': 69.83244193435958, 'Hg': 22.084063280188555}","{'Ha': 127.74818183006202, 'Hb': 59.295675074048084, 'Hd': 29.474068373848937, 'HeII_4199.83': 2.531210211424958, 'HeII_4686': 14.648047000917593, 'HeII_5411.53': 15.898504411186066, 'HeI_4471.50': 16.450800628955147, 'HeI_4713.17': 13.346431954723162, 'HeI_4921.93': 22.533005837667375, 'HeI_5015.68': 12.57814904298166, 'HeI_5047.74': 3.17061599221739, 'HeI_5875.66': 47.4648074118367, 'Hg': 21.712032065296956}","{'Ha': 122.90993060902363, 'Hb': 58.14564689148117, 'Hd': 29.200095608129804, 'HeII_4199.83': 2.5224215300360022, 'HeII_4686': 14.690044898670367, 'HeII_5411.53': 15.897713737066335, 'HeI_4471.50': 12.269891186055798, 'HeI_4713.17': 8.44894564809304, 'HeI_4921.93': 15.82355803660545, 'HeI_5015.68': 8.49797278378109, 'HeI_5047.74': 2.271520417770998, 'HeI_5875.66': 33.42702638981701, 'Hg': 21.515691701885608}","{'Ha': 120.10792078190268, 'Hb': 57.96115841027652, 'Hd': 29.02046329297741, 'HeII_4199.83': 2.51856228778611, 'HeII_4686': 14.739299318816924, 'HeII_5411.53': 15.896739821172753, 'HeI_4471.50': 9.716941373109325, 'HeI_4713.17': 5.68665628089961, 'HeI_4921.93': 11.601023834035475, 'HeI_5015.68': 6.204045581087375, 'HeI_5047.74': 1.7366656418701534, 'HeI_5875.66': 25.418356588948086, 'Hg': 21.481322595364542}","{'Ha': 118.86716276235892, 'Hb': 58.54769599320672, 'Hd': 28.935589805715395, 'HeII_4199.83': 2.5164391507095085, 'HeII_4686': 14.789590316040307, 'HeII_5411.53': 15.895579389791457, 'HeI_4471.50': 8.415671454262915, 'HeI_4713.17': 4.380537404194321, 'HeI_4921.93': 9.164995899365712, 'HeI_5015.68': 5.001882237954707, 'HeI_5047.74': 1.416160123721415, 'HeI_5875.66': 21.650709728347657, 'Hg': 21.592291019936017}","{'Ha': 118.6718919118845, 'Hb': 59.68276235238469, 'Hd': 28.930064619794617, 'HeII_4199.83': 2.5151096313713515, 'HeII_4686': 14.836199792210078, 'HeII_5411.53': 15.894324288611616, 'HeI_4471.50': 7.951278293285256, 'HeI_4713.17': 3.9383288705311417, 'HeI_4921.93': 7.901515636620237, 'HeI_5015.68': 4.41770829298108, 'HeI_5047.74': 1.2314634825766722, 'HeI_5875.66': 20.49147396385248, 'Hg': 21.807653810484258}","{'Ha': 119.08828603963293, 'Hb': 61.198392074131895, 'Hd': 28.98534905326397, 'HeII_4199.83': 2.5152795230675036, 'HeII_4686': 14.876082015607826, 'HeII_5411.53': 15.892972450187925, 'HeI_4471.50': 8.031687996235844, 'HeI_4713.17': 3.961743136431075, 'HeI_4921.93': 7.3394384964412405, 'HeI_5015.68': 4.173573697047994, 'HeI_5047.74': 1.139710579148454, 'HeI_5875.66': 20.79795633350703, 'Hg': 22.09715681742131}","{'Ha': 119.78283810233344, 'Hb': 62.92588705167323, 'Hd': 29.086031024019945, 'HeII_4199.83': 2.5158556937430387, 'HeII_4686': 14.906671593793746, 'HeII_5411.53': 15.891627884409877, 'HeI_4471.50': 8.43017033374291, 'HeI_4713.17': 4.207478496170669, 'HeI_4921.93': 7.174277169325036, 'HeI_5015.68': 4.116719809485065, 'HeI_5047.74': 1.109978446059055, 'HeI_5875.66': 21.81826228432419, 'Hg': 22.436533087095704}","{'Ha': 120.5004511580817, 'Hb': 64.7444320041155, 'Hd': 29.218453074835026, 'HeII_4199.83': 2.5164201183480985, 'HeII_4686': 14.928669749386954, 'HeII_5411.53': 15.890378477993469, 'HeI_4471.50': 8.97975373990504, 'HeI_4713.17': 4.520757912923319, 'HeI_4921.93': 7.204882507632065, 'HeI_5015.68': 4.138719954115792, 'HeI_5047.74': 1.108895012268945, 'HeI_5875.66': 22.95260439525464, 'Hg': 22.80221707236007}"
T21000logg2.6,"{'Ha': 68.44063671182069, 'Hb': 7.685368647597113, 'Hd': 4.282774071939769, 'HeII_4199.83': 2.5629795985042425, 'HeII_4686': 13.803174660706716, 'HeII_5411.53': 15.596385890715494, 'HeI_4471.50': 15.284432630033903, 'HeI_4713.17': 11.47343001643508, 'HeI_4921.93': 23.459976243337326, 'HeI_5015.68': 9.825678765104197, 'HeI_5047.74': 3.1888347454979566, 'HeI_5875.66': 55.77748351255919, 'Hg': 4.461452386187609}","{'Ha': 62.2188673927545, 'Hb': 4.025283841763523, 'Hd': 2.8733390511548493, 'HeII_4199.83': 2.5058540265067353, 'HeII_4686': 13.93603816961063, 'HeII_5411.53': 15.60821858566928, 'HeI_4471.50': 8.062489314427124, 'HeI_4713.17': 6.21770561335199, 'HeI_4921.93': 12.873180346932282, 'HeI_5015.68': 5.5311383150853395, 'HeI_5047.74': 2.227748279791475, 'HeI_5875.66': 33.97005582067843, 'Hg': 3.1490425956148935}","{'Ha': 58.63091379063361, 'Hb': 1.8577625663422805, 'Hd': 2.0037944600895448, 'HeII_4199.83': 2.4731093497617134, 'HeII_4686': 14.145687938317195, 'HeII_5411.53': 15.621366628185491, 'HeI_4471.50': 4.218956017235529, 'HeI_4713.17': 3.3819964117408756, 'HeI_4921.93': 7.404754745654141, 'HeI_5015.68': 3.3229009877834192, 'HeI_5047.74': 1.720580131715925, 'HeI_5875.66': 21.155492289001547, 'Hg': 2.3662276102976576}","{'Ha': 57.03166780858065, 'Hb': 1.2617855473300155, 'Hd': 1.6375356996752615, 'HeII_4199.83': 2.4576541317051666, 'HeII_4686': 14.4075151738385, 'HeII_5411.53': 15.63541369616207, 'HeI_4471.50': 2.506399254843491, 'HeI_4713.17': 1.9905307792378697, 'HeI_4921.93': 4.563790489572278, 'HeI_5015.68': 2.2862652195271123, 'HeI_5047.74': 1.441020198374292, 'HeI_5875.66': 14.395874744395892, 'Hg': 2.027898792192371}","{'Ha': 56.98640542054857, 'Hb': 2.062967134205043, 'Hd': 1.6930545752511468, 'HeII_4199.83': 2.449269728632783, 'HeII_4686': 14.682176462725213, 'HeII_5411.53': 15.649211230152067, 'HeI_4471.50': 2.1755316662137005, 'HeI_4713.17': 1.5562226508455739, 'HeI_4921.93': 3.2325875797716335, 'HeI_5015.68': 1.915984365162459, 'HeI_5047.74': 1.2893073144441303, 'HeI_5875.66': 11.670534160811172, 'Hg': 2.1380902887489595}","{'Ha': 58.02630793780119, 'Hb': 3.927773562367862, 'Hd': 2.0480554632311128, 'HeII_4199.83': 2.444532522747123, 'HeII_4686': 14.940396194813495, 'HeII_5411.53': 15.662231453823782, 'HeI_4471.50': 2.622428018097391, 'HeI_4713.17': 1.6687557063142842, 'HeI_4921.93': 2.8140800715025467, 'HeI_5015.68': 1.894408155351512, 'HeI_5047.74': 1.2181060208552938, 'HeI_5875.66': 11.350469072509865, 'Hg': 2.5750228110616775}","{'Ha': 59.74433294793513, 'Hb': 6.5769037985000915, 'Hd': 2.5891743087381665, 'HeII_4199.83': 2.4439058977790964, 'HeII_4686': 15.165066700055926, 'HeII_5411.53': 15.67431970328077, 'HeI_4471.50': 3.5080143320946817, 'HeI_4713.17': 2.0578420412074343, 'HeI_4921.93': 2.910569988066309, 'HeI_5015.68': 2.056182471527401, 'HeI_5047.74': 1.202831925857258, 'HeI_5875.66': 12.348480674296171, 'Hg': 3.2330948062299467}","{'Ha': 61.75327424100461, 'Hb': 9.691769691415411, 'Hd': 3.2276265727641675, 'HeII_4199.83': 2.444499167829247, 'HeII_4686': 15.340840109667145, 'HeII_5411.53': 15.685209527354129, 'HeI_4471.50': 4.560443382212126, 'HeI_4713.17': 2.5432539540632355, 'HeI_4921.93': 3.243597017969087, 'HeI_5015.68': 2.291009445919942, 'HeI_5047.74': 1.2219513820695542, 'HeI_5875.66': 13.91467429529286, 'Hg': 4.022071704103232}","{'Ha': 63.79063482708103, 'Hb': 13.042483729132616, 'Hd': 3.915276202080652, 'HeII_4199.83': 2.4456300927561645, 'HeII_4686': 15.469943965295137, 'HeII_5411.53': 15.695048966696941, 'HeI_4471.50': 5.630797338155041, 'HeI_4713.17': 3.0357406987978988, 'HeI_4921.93': 3.661814607990374, 'HeI_5015.68': 2.5325557445185307, 'HeI_5047.74': 1.2524848340070494, 'HeI_5875.66': 15.53122973033978, 'Hg': 4.869139795381407}"
T21000logg2.8,"{'Ha': 94.33717930155169, 'Hb': 10.568622452625288, 'Hd': 5.578848680023228, 'HeII_4199.83': 2.599610124582287, 'HeII_4686': 14.204162593869606, 'HeII_5411.53': 15.717084640752512, 'HeI_4471.50': 16.97691625163805, 'HeI_4713.17': 14.656957169140894, 'HeI_4921.93': 27.152390339207727, 'HeI_5015.68': 12.972753321445943, 'HeI_5047.74': 3.7659941972783817, 'HeI_5875.66': 63.27078293214641, 'Hg': 5.30846755252111}","{'Ha': 87.61163622764587, 'Hb': 7.121218614009446, 'Hd': 4.470770870776403, 'HeII_4199.83': 2.5316766131346764, 'HeII_4686': 14.320362834837477, 'HeII_5411.53': 15.720947648716958, 'HeI_4471.50': 9.361753443848103, 'HeI_4713.17': 8.249471760693677, 'HeI_4921.93': 15.792545511736863, 'HeI_5015.68': 7.6188259775627705, 'HeI_5047.74': 2.5526801853719934, 'HeI_5875.66': 40.17841463766122, 'Hg': 4.175546617020174}","{'Ha': 83.28711252677587, 'Hb': 4.979745291686465, 'Hd': 3.7373844597471813, 'HeII_4199.83': 2.4914500956785215, 'HeII_4686': 14.491315335669178, 'HeII_5411.53': 15.724609183308692, 'HeI_4471.50': 5.075915221109211, 'HeI_4713.17': 4.693522338704902, 'HeI_4921.93': 9.641517709955925, 'HeI_5015.68': 4.749811027471304, 'HeI_5047.74': 1.8995307233107885, 'HeI_5875.66': 26.239556518489078, 'Hg': 3.49120004299051}","{'Ha': 80.9295350726365, 'Hb': 4.219176256916119, 'Hd': 3.371537710110716, 'HeII_4199.83': 2.4706030900779297, 'HeII_4686': 14.700414762604469, 'HeII_5411.53': 15.728240528926085, 'HeI_4471.50': 2.9837266975199386, 'HeI_4713.17': 2.84593862946158, 'HeI_4921.93': 6.275036093330768, 'HeI_5015.68': 3.28960619723645, 'HeI_5047.74': 1.5269040097632012, 'HeI_5875.66': 18.640263497018836, 'Hg': 3.1727521159637653}","{'Ha': 80.18007274492169, 'Hb': 4.712422223233014, 'Hd': 3.331286149718329, 'HeII_4199.83': 2.4576930498293303, 'HeII_4686': 14.91793070320295, 'HeII_5411.53': 15.73128283097666, 'HeI_4471.50': 2.3642127892562863, 'HeI_4713.17': 2.135641842220613, 'HeI_4921.93': 4.568933492464514, 'HeI_5015.68': 2.6525086405095513, 'HeI_5047.74': 1.3135324899881882, 'HeI_5875.66': 15.336865829340384, 'Hg': 3.2381563752520464}","{'Ha': 80.58391383855609, 'Hb': 6.18653661152296, 'Hd': 3.535994314782134, 'HeII_4199.83': 2.448954044896104, 'HeII_4686': 15.121515323857908, 'HeII_5411.53': 15.733723228380509, 'HeI_4471.50': 2.5991209905373007, 'HeI_4713.17': 2.0822813756301337, 'HeI_4921.93': 3.8816683611010254, 'HeI_5015.68': 2.460878876808246, 'HeI_5047.74': 1.2009001801503458, 'HeI_5875.66': 14.613863484764986, 'Hg': 3.58978943948803}","{'Ha': 81.72580655507622, 'Hb': 8.402217770165276, 'Hd': 3.903958248525146, 'HeII_4199.83': 2.4445445731472786, 'HeII_4686': 15.297897845383625, 'HeII_5411.53': 15.735509134221534, 'HeI_4471.50': 3.326101970350647, 'HeI_4713.17': 2.369046429268257, 'HeI_4921.93': 3.7789599859372762, 'HeI_5015.68': 2.506237041563033, 'HeI_5047.74': 1.1574074819775808, 'HeI_5875.66': 15.315356398320617, 'Hg': 4.14267354680136}","{'Ha': 83.22608010826377, 'Hb': 11.086828874657792, 'Hd': 4.369474768991635, 'HeII_4199.83': 2.4415863615471816, 'HeII_4686': 15.434924465427688, 'HeII_5411.53': 15.736788551203347, 'HeI_4471.50': 4.26491509453236, 'HeI_4713.17': 2.7919911177543515, 'HeI_4921.93': 3.9667798317779943, 'HeI_5015.68': 2.660568994854879, 'HeI_5047.74': 1.1574619126813888, 'HeI_5875.66': 16.668109884801407, 'Hg': 4.824722773276818}","{'Ha': 84.79830724287834, 'Hb': 14.034398563076854, 'Hd': 4.895457217306892, 'HeII_4199.83': 2.439473606280631, 'HeII_4686': 15.534265677318045, 'HeII_5411.53': 15.737823295180926, 'HeI_4471.50': 5.254394714581336, 'HeI_4713.17': 3.241106586144573, 'HeI_4921.93': 4.274913175496439, 'HeI_5015.68': 2.8430647446292063, 'HeI_5047.74': 1.1741336809821492, 'HeI_5875.66': 18.106377570449546, 'Hg': 5.574510482063024}"
T21000logg3.0,"{'Ha': 118.7990268197919, 'Hb': 20.42084694379173, 'Hd': 9.108839224928449, 'HeII_4199.83': 2.5923762716627827, 'HeII_4686': 14.462775781737715, 'HeII_5411.53': 15.765298042423451, 'HeI_4471.50': 18.251815338665743, 'HeI_4713.17': 17.20585126395891, 'HeI_4921.93': 29.129393889138306, 'HeI_5015.68': 15.160166317872445, 'HeI_5047.74': 4.159196500461624, 'HeI_5875.66': 67.12257722161426, 'Hg': 7.857239851397329}","{'Ha': 111.56440016791278, 'Hb': 16.875450169343946, 'Hd': 8.191717170648555, 'HeII_4199.83': 2.528210953081768, 'HeII_4686': 14.552736181433854, 'HeII_5411.53': 15.766493224874644, 'HeI_4471.50': 10.683949095319985, 'HeI_4713.17': 9.996301970915598, 'HeI_4921.93': 17.670669111143557, 'HeI_5015.68': 9.155644499761959, 'HeI_5047.74': 2.7909865705682027, 'HeI_5875.66': 43.69304799561772, 'Hg': 6.874180343782976}","{'Ha': 106.59480767601909, 'Hb': 14.60188853265963, 'Hd': 7.542293561893286, 'HeII_4199.83': 2.4898913588321827, 'HeII_4686': 14.681445907783257, 'HeII_5411.53': 15.76697686125155, 'HeI_4471.50': 6.220323012661727, 'HeI_4713.17': 5.920775715228963, 'HeI_4921.93': 11.217145583649302, 'HeI_5015.68': 5.863756773676582, 'HeI_5047.74': 2.0460864918721344, 'HeI_5875.66': 29.31643809937488, 'Hg': 6.264832623335932}","{'Ha': 103.59910966241146, 'Hb': 13.633966463596433, 'Hd': 7.167265158341879, 'HeII_4199.83': 2.46979464021227, 'HeII_4686': 14.836729732237055, 'HeII_5411.53': 15.767069940416196, 'HeI_4471.50': 3.88838426568532, 'HeI_4713.17': 3.7344268552831132, 'HeI_4921.93': 7.556925756189705, 'HeI_5015.68': 4.123333737565022, 'HeI_5047.74': 1.6140839104928724, 'HeI_5875.66': 21.326089425692828, 'Hg': 5.966740563745165}","{'Ha': 102.25226448870134, 'Hb': 13.843293221204522, 'Hd': 7.0468613795634925, 'HeII_4199.83': 2.4571032482041475, 'HeII_4686': 14.997225998404492, 'HeII_5411.53': 15.766488186162201, 'HeI_4471.50': 3.0412129557800607, 'HeI_4713.17': 2.81213859798884, 'HeI_4921.93': 5.624331313382625, 'HeI_5015.68': 3.304129259313168, 'HeI_5047.74': 1.360864716865198, 'HeI_5875.66': 17.718012322018158, 'Hg': 5.994031242233473}","{'Ha': 102.09722876574034, 'Hb': 14.976076136778532, 'Hd': 7.127507765975794, 'HeII_4199.83': 2.4483007212604626, 'HeII_4686': 15.147008333860276, 'HeII_5411.53': 15.765398543895706, 'HeI_4471.50': 3.087415761508383, 'HeI_4713.17': 2.625834490385798, 'HeI_4921.93': 4.766419058785444, 'HeI_5015.68': 2.9926029521865223, 'HeI_5047.74': 1.2210228992469372, 'HeI_5875.66': 16.760342830745852, 'Hg': 6.2679474888526245}","{'Ha': 102.70689899689647, 'Hb': 16.806445283030882, 'Hd': 7.35073327301067, 'HeII_4199.83': 2.4435732360540596, 'HeII_4686': 15.276084235078732, 'HeII_5411.53': 15.763778226475818, 'HeI_4471.50': 3.6634978278544144, 'HeI_4713.17': 2.8260782271198, 'HeI_4921.93': 4.5323735787801365, 'HeI_5015.68': 2.9529145625087954, 'HeI_5047.74': 1.1585711128706158, 'HeI_5875.66': 17.275083617695703, 'Hg': 6.720773782844607}","{'Ha': 103.71433312511255, 'Hb': 19.091271166682425, 'Hd': 7.668458160833152, 'HeII_4199.83': 2.440228365229221, 'HeII_4686': 15.375605533231953, 'HeII_5411.53': 15.761895188321795, 'HeI_4471.50': 4.489997627733268, 'HeI_4713.17': 3.192876040363612, 'HeI_4921.93': 4.62226692505981, 'HeI_5015.68': 3.0465884552745433, 'HeI_5047.74': 1.1454830060507366, 'HeI_5875.66': 18.484895839771507, 'Hg': 7.294679992839046}","{'Ha': 104.82320352744429, 'Hb': 21.640937263010596, 'Hd': 8.051225686091994, 'HeII_4199.83': 2.4376935390657595, 'HeII_4686': 15.447238415429258, 'HeII_5411.53': 15.760040762975914, 'HeI_4471.50': 5.397181657067357, 'HeI_4713.17': 3.599825670946476, 'HeI_4921.93': 4.855353417375783, 'HeI_5015.68': 3.183666602394169, 'HeI_5047.74': 1.1524701463527705, 'HeI_5875.66': 19.800593370602666, 'Hg': 7.938119689632449}"
T21000logg3.2,"{'Ha': 125.4025104870366, 'Hb': 28.62312694484958, 'Hd': 12.897629724832886, 'HeII_4199.83': 2.5785507578442535, 'HeII_4686': 14.575554010443978, 'HeII_5411.53': 15.797623829004799, 'HeI_4471.50': 18.912983337747065, 'HeI_4713.17': 18.5353006186321, 'HeI_4921.93': 30.53197489829941, 'HeI_5015.68': 16.758471554111424, 'HeI_5047.74': 4.4370179637339815, 'HeI_5875.66': 67.29967498368084, 'Hg': 10.353856263392894}","{'Ha': 118.76336971133581, 'Hb': 25.74528028993799, 'Hd': 12.267780743389283, 'HeII_4199.83': 2.5253705052919053, 'HeII_4686': 14.651953480839977, 'HeII_5411.53': 15.79794708758161, 'HeI_4471.50': 11.75255206066215, 'HeI_4713.17': 10.972091864257685, 'HeI_4921.93': 19.24145470397749, 'HeI_5015.68': 10.321650315809865, 'HeI_5047.74': 2.9694023228922193, 'HeI_5875.66': 44.40661736776348, 'Hg': 9.685648268561405}","{'Ha': 114.29052660213867, 'Hb': 24.036812083663783, 'Hd': 11.812199875514843, 'HeII_4199.83': 2.4933962897077495, 'HeII_4686': 14.75783605570612, 'HeII_5411.53': 15.79754204810344, 'HeI_4471.50': 7.3748576418945175, 'HeI_4713.17': 6.647919453648139, 'HeI_4921.93': 12.629713995073802, 'HeI_5015.68': 6.73714973136306, 'HeI_5047.74': 2.161831295506048, 'HeI_5875.66': 30.26080934176276, 'Hg': 9.291990112011868}","{'Ha': 111.63666446481037, 'Hb': 23.450144992937176, 'Hd': 11.539441057164918, 'HeII_4199.83': 2.4767182543861743, 'HeII_4686': 14.88431760744721, 'HeII_5411.53': 15.79673523454675, 'HeI_4471.50': 4.97579999521413, 'HeI_4713.17': 4.291099131813728, 'HeI_4921.93': 8.753700178221557, 'HeI_5015.68': 4.796965179107687, 'HeI_5047.74': 1.688446222011224, 'HeI_5875.66': 22.349763953413397, 'Hg': 9.135015431181671}","{'Ha': 110.45906636059769, 'Hb': 23.840486357520312, 'Hd': 11.44474278891524, 'HeII_4199.83': 2.4661782643377705, 'HeII_4686': 15.014665853965138, 'HeII_5411.53': 15.795346936945318, 'HeI_4471.50': 3.9983062294236014, 'HeI_4713.17': 3.2569473106779543, 'HeI_4921.93': 6.639560143710747, 'HeI_5015.68': 3.843968915858029, 'HeI_5047.74': 1.40759711151547, 'HeI_5875.66': 18.74897520660082, 'Hg': 9.221751119018007}","{'Ha': 110.32483360053645, 'Hb': 24.98445092589195, 'Hd': 11.497584193726304, 'HeII_4199.83': 2.4588309642976185, 'HeII_4686': 15.136204707421044, 'HeII_5411.53': 15.793564218467814, 'HeI_4471.50': 3.904895215905328, 'HeI_4713.17': 2.9971269136604017, 'HeI_4921.93': 5.6386039144046665, 'HeI_5015.68': 3.441073967723164, 'HeI_5047.74': 1.2489550392472029, 'HeI_5875.66': 17.767198506935483, 'Hg': 9.492620221879955}","{'Ha': 110.84125675088409, 'Hb': 26.694216962355632, 'Hd': 11.661257416991914, 'HeII_4199.83': 2.4550308138791976, 'HeII_4686': 15.241051990269813, 'HeII_5411.53': 15.791371015403813, 'HeI_4471.50': 4.351442527504872, 'HeI_4713.17': 3.14736439108924, 'HeI_4921.93': 5.290855967823064, 'HeI_5015.68': 3.334659298455844, 'HeI_5047.74': 1.1733284621899953, 'HeI_5875.66': 18.24494827431602, 'Hg': 9.900467104236327}","{'Ha': 111.68184365240509, 'Hb': 28.765438816651965, 'Hd': 11.903254547499639, 'HeII_4199.83': 2.4524188250432144, 'HeII_4686': 15.322166707417757, 'HeII_5411.53': 15.789021398771233, 'HeI_4471.50': 5.0719546476107755, 'HeI_4713.17': 3.4802798625757982, 'HeI_4921.93': 5.2940483557923255, 'HeI_5015.68': 3.3799176749553204, 'HeI_5047.74': 1.1509574920065766, 'HeI_5875.66': 19.416225767726576, 'Hg': 10.403913001474468}","{'Ha': 112.58563335891245, 'Hb': 31.041541016578623, 'Hd': 12.202170620549913, 'HeII_4199.83': 2.450425177341023, 'HeII_4686': 15.380840455709142, 'HeII_5411.53': 15.786771087010484, 'HeI_4471.50': 5.8959978257207375, 'HeI_4713.17': 3.8610322826149956, 'HeI_4921.93': 5.459625120535858, 'HeI_5015.68': 3.480406944351139, 'HeI_5047.74': 1.15100687357815, 'HeI_5875.66': 20.692156052451192, 'Hg': 10.964225837923339}"
T21000logg3.4,"{'Ha': 139.28413926996086, 'Hb': 42.829989142554965, 'Hd': 19.41954058531842, 'HeII_4199.83': 2.5633756272972974, 'HeII_4686': 14.645119073351113, 'HeII_5411.53': 15.848774920818292, 'HeI_4471.50': 20.0397472332944, 'HeI_4713.17': 19.4412741245924, 'HeI_4921.93': 31.37999064452262, 'HeI_5015.68': 17.637170351945166, 'HeI_5047.74': 4.605425724403322, 'HeI_5875.66': 67.51600767211713, 'Hg': 15.032113113701762}","{'Ha': 132.45545301697658, 'Hb': 40.059166963500566, 'Hd': 18.91267538495751, 'HeII_4199.83': 2.5215122031659325, 'HeII_4686': 14.696825689141559, 'HeII_5411.53': 15.84795770313891, 'HeI_4471.50': 13.355760836732005, 'HeI_4713.17': 11.666691650889867, 'HeI_4921.93': 20.603344744311247, 'HeI_5015.68': 11.023568934984624, 'HeI_5047.74': 3.085448192799105, 'HeI_5875.66': 45.185215257002056, 'Hg': 14.478606425602065}","{'Ha': 127.82030418017504, 'Hb': 38.5048422375722, 'Hd': 18.544882699936448, 'HeII_4199.83': 2.496176139461717, 'HeII_4686': 14.765353798005076, 'HeII_5411.53': 15.846396657634024, 'HeI_4471.50': 9.10465601679555, 'HeI_4713.17': 7.185109633371756, 'HeI_4921.93': 14.031737693564834, 'HeI_5015.68': 7.29623841648158, 'HeI_5047.74': 2.239211192630945, 'HeI_5875.66': 31.297497834209594, 'Hg': 14.169010320928951}","{'Ha': 125.06055793210297, 'Hb': 38.04636707177907, 'Hd': 18.315832252375944, 'HeII_4199.83': 2.4831790034726198, 'HeII_4686': 14.846239472687536, 'HeII_5411.53': 15.844414324356382, 'HeI_4471.50': 6.649213969264851, 'HeI_4713.17': 4.716050438192705, 'HeI_4921.93': 10.049229907875116, 'HeI_5015.68': 5.2484408974739285, 'HeI_5047.74': 1.7391309115188882, 'HeI_5875.66': 23.47020818997275, 'Hg': 14.067387340519845}","{'Ha': 123.79600408617146, 'Hb': 38.49136737542225, 'Hd': 18.220299806347434, 'HeII_4199.83': 2.475037303632124, 'HeII_4686': 14.929322094386624, 'HeII_5411.53': 15.841968924790208, 'HeI_4471.50': 5.533940361438247, 'HeI_4713.17': 3.605596033627226, 'HeI_4921.93': 7.808497679433853, 'HeI_5015.68': 4.217989252922934, 'HeI_5047.74': 1.440681480449772, 'HeI_5875.66': 19.865705087746882, 'Hg': 14.165076173040399}","{'Ha': 123.56739766949092, 'Hb': 39.601766060363495, 'Hd': 18.23554749096889, 'HeII_4199.83': 2.4693857039587623, 'HeII_4686': 15.00659456200946, 'HeII_5411.53': 15.83926681218529, 'HeI_4471.50': 5.283502860439175, 'HeI_4713.17': 3.2940201331816663, 'HeI_4921.93': 6.68941103737668, 'HeI_5015.68': 3.7585492517825814, 'HeI_5047.74': 1.2702686669137733, 'HeI_5875.66': 18.84274032770039, 'Hg': 14.408788853430563}","{'Ha': 123.97026895458612, 'Hb': 41.190543845374975, 'Hd': 18.33505177558504, 'HeII_4199.83': 2.466750559675079, 'HeII_4686': 15.073164936711892, 'HeII_5411.53': 15.836303697134252, 'HeI_4471.50': 5.577313819632971, 'HeI_4713.17': 3.4079398211515155, 'HeI_4921.93': 6.237023211159147, 'HeI_5015.68': 3.608643063375429, 'HeI_5047.74': 1.186374052337201, 'HeI_5875.66': 19.26517416421474, 'Hg': 14.759427985767525}","{'Ha': 124.67702078049028, 'Hb': 43.07003778328119, 'Hd': 18.495970719918304, 'HeII_4199.83': 2.4650966912083105, 'HeII_4686': 15.124614539938783, 'HeII_5411.53': 15.833320538285447, 'HeI_4471.50': 6.166733284219401, 'HeI_4713.17': 3.7156637302593403, 'HeI_4921.93': 6.154689576437294, 'HeI_5015.68': 3.6215326189667043, 'HeI_5047.74': 1.1580375210199279, 'HeI_5875.66': 20.381085849188498, 'Hg': 15.184314270952408}","{'Ha': 125.42623754337578, 'Hb': 45.10158362703411, 'Hd': 18.702331792630872, 'HeII_4199.83': 2.463866416839402, 'HeII_4686': 15.161646702966818, 'HeII_5411.53': 15.830523175135957, 'HeI_4471.50': 6.882362687003519, 'HeI_4713.17': 4.076427698986059, 'HeI_4921.93': 6.2509677292306876, 'HeI_5015.68': 3.697459246092645, 'HeI_5047.74': 1.1535901314972354, 'HeI_5875.66': 21.60272694362314, 'Hg': 15.65249796370837}"
T21000logg3.6,"{'Ha': 147.3876662023638, 'Hb': 50.86700528779469, 'Hd': 24.166236827372263, 'HeII_4199.83': 2.548770143714961, 'HeII_4686': 14.605506244517988, 'HeII_5411.53': 15.86659493159859, 'HeI_4471.50': 21.093633850339405, 'HeI_4713.17': 20.399663742744483, 'HeI_4921.93': 31.65795317790672, 'HeI_5015.68': 18.267306297024625, 'HeI_5047.74': 4.582296245609464, 'HeI_5875.66': 68.31018384891688, 'Hg': 18.103608212666668}","{'Ha': 140.88360931121903, 'Hb': 48.609279036321816, 'Hd': 23.77727559731926, 'HeII_4199.83': 2.5209015821135212, 'HeII_4686': 14.659780148970862, 'HeII_5411.53': 15.866207509290955, 'HeI_4471.50': 14.789790145226496, 'HeI_4713.17': 12.418371055713113, 'HeI_4921.93': 21.347092688365294, 'HeI_5015.68': 11.533859207207396, 'HeI_5047.74': 3.073902325719168, 'HeI_5875.66': 46.29496002214733, 'Hg': 17.700850814918347}","{'Ha': 136.39699800189132, 'Hb': 47.421639714781854, 'Hd': 23.497654390168464, 'HeII_4199.83': 2.5039232431585563, 'HeII_4686': 14.732777086194021, 'HeII_5411.53': 15.865331461319363, 'HeI_4471.50': 10.70413788841672, 'HeI_4713.17': 7.773067666858305, 'HeI_4921.93': 14.864725017929247, 'HeI_5015.68': 7.710668058072818, 'HeI_5047.74': 2.2280441530142774, 'HeI_5875.66': 32.49044959853397, 'Hg': 17.49079726914008}","{'Ha': 133.67457978915448, 'Hb': 47.21147277171173, 'Hd': 23.331653109889707, 'HeII_4199.83': 2.4956122717758764, 'HeII_4686': 14.818700961627112, 'HeII_5411.53': 15.864187261503929, 'HeI_4471.50': 8.272637014473764, 'HeI_4713.17': 5.182591100330499, 'HeI_4921.93': 10.847398168782425, 'HeI_5015.68': 5.590034969384376, 'HeI_5047.74': 1.727060002576336, 'HeI_5875.66': 24.64658817461268, 'Hg': 17.459467712691037}","{'Ha': 132.38402250650586, 'Hb': 47.807316483973274, 'Hd': 23.27796789274565, 'HeII_4199.83': 2.4905934007301895, 'HeII_4686': 14.906641981466505, 'HeII_5411.53': 15.862731244912974, 'HeI_4471.50': 7.098269413051716, 'HeI_4713.17': 3.987358809065419, 'HeI_4921.93': 8.551298268961752, 'HeI_5015.68': 4.505406809597196, 'HeI_5047.74': 1.4283841725589876, 'HeI_5875.66': 20.988369695196813, 'Hg': 17.59467200448974}","{'Ha': 132.09366904740807, 'Hb': 48.99102399746051, 'Hd': 23.317800887253213, 'HeII_4199.83': 2.487210891062055, 'HeII_4686': 14.988443489442904, 'HeII_5411.53': 15.861097671304393, 'HeI_4471.50': 6.753200245006519, 'HeI_4713.17': 3.6167225115917745, 'HeI_4921.93': 7.378275552235505, 'HeI_5015.68': 4.004363372360925, 'HeI_5047.74': 1.2580944629302808, 'HeI_5875.66': 19.90054423526795, 'Hg': 17.850367759512924}","{'Ha': 132.41087666185675, 'Hb': 50.59346600708852, 'Hd': 23.429386049702256, 'HeII_4199.83': 2.4861278023965276, 'HeII_4686': 15.059008857905122, 'HeII_5411.53': 15.859281795528817, 'HeI_4471.50': 6.941562240880222, 'HeI_4713.17': 3.688170655863015, 'HeI_4921.93': 6.876869008361409, 'HeI_5015.68': 3.8218714542605414, 'HeI_5047.74': 1.1746099578639522, 'HeI_5875.66': 20.25643286084389, 'Hg': 18.19342912625114}","{'Ha': 133.01579438333508, 'Hb': 52.43790143779453, 'Hd': 23.592739642770088, 'HeII_4199.83': 2.4857481155510905, 'HeII_4686': 15.11382139619571, 'HeII_5411.53': 15.85744232792884, 'HeI_4471.50': 7.431619920391764, 'HeI_4713.17': 3.966029293359695, 'HeI_4921.93': 6.7531454925, 'HeI_5015.68': 3.810161941670741, 'HeI_5047.74': 1.1470908629987762, 'HeI_5875.66': 21.313059747412435, 'Hg': 18.595709104798964}","{'Ha': 133.65038294176142, 'Hb': 54.39615429265385, 'Hd': 23.79217425342462, 'HeII_4199.83': 2.4855590661460067, 'HeII_4686': 15.153903950457872, 'HeII_5411.53': 15.855721280600214, 'HeI_4471.50': 8.058839320169664, 'HeI_4713.17': 4.303267037680055, 'HeI_4921.93': 6.814552661811768, 'HeI_5015.68': 3.866908766740915, 'HeI_5047.74': 1.1439251159868102, 'HeI_5875.66': 22.479860520513512, 'Hg': 19.03001280934018}"
T22000logg2.6,"{'Ha': 58.17620139417674, 'Hb': 6.574632933545596, 'Hd': 5.40083740249385, 'HeII_4199.83': 2.469281647491622, 'HeII_4686': 13.953279768170779, 'HeII_5411.53': 15.047438045787391, 'HeI_4471.50': 14.468854750671873, 'HeI_4713.17': 10.276952872782246, 'HeI_4921.93': 20.56826805462891, 'HeI_5015.68': 8.331550825653897, 'HeI_5047.74': 2.8221386913739614, 'HeI_5875.66': 52.96601827066965, 'Hg': 3.997882874485701}","{'Ha': 53.84713895502619, 'Hb': 3.90298398582832, 'Hd': 3.6759396846128056, 'HeII_4199.83': 2.4338171667270996, 'HeII_4686': 14.088508054997295, 'HeII_5411.53': 15.082482412765795, 'HeI_4471.50': 7.579095649821469, 'HeI_4713.17': 5.50949588597522, 'HeI_4921.93': 10.951032209367279, 'HeI_5015.68': 4.615942454806014, 'HeI_5047.74': 2.0281505454813313, 'HeI_5875.66': 31.856466545583974, 'Hg': 2.9468611167311316}","{'Ha': 51.65828544138168, 'Hb': 2.481370721725195, 'Hd': 2.6787551226918964, 'HeII_4199.83': 2.4158212928256497, 'HeII_4686': 14.368890705558444, 'HeII_5411.53': 15.123321436510688, 'HeI_4471.50': 3.9881594326732004, 'HeI_4713.17': 2.9718987387180116, 'HeI_4921.93': 6.062233224864213, 'HeI_5015.68': 2.754249558633022, 'HeI_5047.74': 1.6143217504544862, 'HeI_5875.66': 19.547062707857403, 'Hg': 2.334863638988902}","{'Ha': 51.01150217521714, 'Hb': 2.427387115464548, 'Hd': 2.2687364413325115, 'HeII_4199.83': 2.4109884056791815, 'HeII_4686': 14.748127768152735, 'HeII_5411.53': 15.167838162474922, 'HeI_4471.50': 2.4507449081716355, 'HeI_4713.17': 1.7647430623002056, 'HeI_4921.93': 3.599572380117362, 'HeI_5015.68': 1.93127054384779, 'HeI_5047.74': 1.3933157147599677, 'HeI_5875.66': 13.137308656297275, 'Hg': 2.1246270814942987}","{'Ha': 51.54970636832074, 'Hb': 3.603436474994557, 'Hd': 2.332527388829778, 'HeII_4199.83': 2.41139349562083, 'HeII_4686': 15.159157754246415, 'HeII_5411.53': 15.21278856519751, 'HeI_4471.50': 2.22947631796414, 'HeI_4713.17': 1.438296913672024, 'HeI_4921.93': 2.527553899831448, 'HeI_5015.68': 1.690358456174976, 'HeI_5047.74': 1.2800977141030487, 'HeI_5875.66': 10.641848454030868, 'Hg': 2.3191817452778003}","{'Ha': 52.909078666788304, 'Hb': 5.718479094171668, 'Hd': 2.7357341868052, 'HeII_4199.83': 2.4141744012170174, 'HeII_4686': 15.551421991364313, 'HeII_5411.53': 15.256184215491981, 'HeI_4471.50': 2.747027204527477, 'HeI_4713.17': 1.6126277795781692, 'HeI_4921.93': 2.2911387714992504, 'HeI_5015.68': 1.7472641657378174, 'HeI_5047.74': 1.2343803013431156, 'HeI_5875.66': 10.474019074965186, 'Hg': 2.811835864849472}","{'Ha': 54.76817781240151, 'Hb': 8.5329814894734, 'Hd': 3.3435237455816704, 'HeII_4199.83': 2.4200319382083775, 'HeII_4686': 15.895473520708409, 'HeII_5411.53': 15.297563659492669, 'HeI_4471.50': 3.6842006519537653, 'HeI_4713.17': 2.0372446221229303, 'HeI_4921.93': 2.5205425564388424, 'HeI_5015.68': 1.9594689429809065, 'HeI_5047.74': 1.23613318744603, 'HeI_5875.66': 11.577323377476826, 'Hg': 3.509780019054018}","{'Ha': 56.804610381212655, 'Hb': 11.748782378352681, 'Hd': 4.05129548684067, 'HeII_4199.83': 2.4263411826266172, 'HeII_4686': 16.165833552298313, 'HeII_5411.53': 15.335555501872326, 'HeI_4471.50': 4.77591432185949, 'HeI_4713.17': 2.5424250842459357, 'HeI_4921.93': 2.9502436620481687, 'HeI_5015.68': 2.2275476381411323, 'HeI_5047.74': 1.2666477620442218, 'HeI_5875.66': 13.215789673274362, 'Hg': 4.328274795672342}","{'Ha': 58.824712639040314, 'Hb': 15.156614884344863, 'Hd': 4.803138609800055, 'HeII_4199.83': 2.432379033364712, 'HeII_4686': 16.364578461838537, 'HeII_5411.53': 15.370108645655069, 'HeI_4471.50': 5.877208382959781, 'HeI_4713.17': 3.04639699303842, 'HeI_4921.93': 3.4416728352924726, 'HeI_5015.68': 2.492901139025953, 'HeI_5047.74': 1.305577814215122, 'HeI_5875.66': 14.88945598099612, 'Hg': 5.1983725893540065}"
T22000logg2.8,"{'Ha': 89.03778620717337, 'Hb': 7.298749227196114, 'Hd': 4.743459004247944, 'HeII_4199.83': 2.5512252117243293, 'HeII_4686': 14.213708966672039, 'HeII_5411.53': 15.441688256692254, 'HeI_4471.50': 15.436747925071533, 'HeI_4713.17': 12.785187285414285, 'HeI_4921.93': 24.39689345944016, 'HeI_5015.68': 10.959985030655782, 'HeI_5047.74': 3.3592807404005445, 'HeI_5875.66': 58.381319572812345, 'Hg': 4.158899529834895}","{'Ha': 83.38714458409328, 'Hb': 4.416531211096483, 'Hd': 3.558117727602294, 'HeII_4199.83': 2.484193646278895, 'HeII_4686': 14.358826240701257, 'HeII_5411.53': 15.45636471530379, 'HeI_4471.50': 8.328153768239655, 'HeI_4713.17': 7.065266991845079, 'HeI_4921.93': 13.796162990989401, 'HeI_5015.68': 6.298902919411835, 'HeI_5047.74': 2.312032306681669, 'HeI_5875.66': 36.49074782295373, 'Hg': 3.1498350609391874}","{'Ha': 79.92633571332945, 'Hb': 2.747958251404885, 'Hd': 2.841390882420651, 'HeII_4199.83': 2.4456898020375832, 'HeII_4686': 14.607523165337799, 'HeII_5411.53': 15.472730379198307, 'HeI_4471.50': 4.418393070413058, 'HeI_4713.17': 3.9316183394147197, 'HeI_4921.93': 8.210105148845809, 'HeI_5015.68': 3.8537657421135787, 'HeI_5047.74': 1.7524460912976312, 'HeI_5875.66': 23.4325331652742, 'Hg': 2.569092069358306}","{'Ha': 78.19526457996086, 'Hb': 2.3704780057357238, 'Hd': 2.534878396074701, 'HeII_4199.83': 2.4271417219051354, 'HeII_4686': 14.92726584391256, 'HeII_5411.53': 15.49030898205152, 'HeI_4471.50': 2.5939612985035447, 'HeI_4713.17': 2.3493017531944975, 'HeI_4921.93': 5.238296437736154, 'HeI_5015.68': 2.6614551946844367, 'HeI_5047.74': 1.439117737203072, 'HeI_5875.66': 16.442982268565736, 'Hg': 2.337312487317013}","{'Ha': 77.86426592565164, 'Hb': 3.1638654489868228, 'Hd': 2.579469988726478, 'HeII_4199.83': 2.4168231334454533, 'HeII_4686': 15.267170074111265, 'HeII_5411.53': 15.507647448199045, 'HeI_4471.50': 2.156753856072044, 'HeI_4713.17': 1.7984272524128526, 'HeI_4921.93': 3.789988826726449, 'HeI_5015.68': 2.191879072156879, 'HeI_5047.74': 1.2653812309166492, 'HeI_5875.66': 13.539588792018119, 'Hg': 2.4736463729669755}","{'Ha': 78.53487513620081, 'Hb': 4.871422445523959, 'Hd': 2.883670532716654, 'HeII_4199.83': 2.410704464614817, 'HeII_4686': 15.58909961358276, 'HeII_5411.53': 15.524088399444611, 'HeI_4471.50': 2.5160674448446967, 'HeI_4713.17': 1.8405879469934796, 'HeI_4921.93': 3.272061512105136, 'HeI_5015.68': 2.106399198361011, 'HeI_5047.74': 1.1796314268020789, 'HeI_5875.66': 13.08234153424015, 'Hg': 2.8834932969929787}","{'Ha': 79.84104248594161, 'Hb': 7.273631608638029, 'Hd': 3.3507154527163525, 'HeII_4199.83': 2.4089197769789266, 'HeII_4686': 15.870661674621536, 'HeII_5411.53': 15.539453798626464, 'HeI_4471.50': 3.3310479942985496, 'HeI_4713.17': 2.1864400973319635, 'HeI_4921.93': 3.28566624780162, 'HeI_5015.68': 2.223602096491349, 'HeI_5047.74': 1.1546902108585506, 'HeI_5875.66': 13.969427732689699, 'Hg': 3.4852601858716636}","{'Ha': 81.43681073636489, 'Hb': 10.104812232518515, 'Hd': 3.905244614824442, 'HeII_4199.83': 2.408436176567912, 'HeII_4686': 16.09177089091096, 'HeII_5411.53': 15.55338721564506, 'HeI_4471.50': 4.331969856517558, 'HeI_4713.17': 2.6456383643179184, 'HeI_4921.93': 3.5545853907132203, 'HeI_5015.68': 2.4276650207174497, 'HeI_5047.74': 1.1675852887557465, 'HeI_5875.66': 15.450492719197834, 'Hg': 4.208022186587733}","{'Ha': 83.07278940506656, 'Hb': 13.169012057219565, 'Hd': 4.507730882722536, 'HeII_4199.83': 2.408607813204925, 'HeII_4686': 16.25426465055418, 'HeII_5411.53': 15.566066833769128, 'HeI_4471.50': 5.366996898099504, 'HeI_4713.17': 3.1197251736386806, 'HeI_4921.93': 3.923555797920033, 'HeI_5015.68': 2.6469328744663674, 'HeI_5047.74': 1.193929602141411, 'HeI_5875.66': 16.98956307473333, 'Hg': 4.991333871206939}"
T22000logg3.0,"{'Ha': 117.85493264795149, 'Hb': 14.353951342957082, 'Hd': 7.334991198776726, 'HeII_4199.83': 2.6312534935388285, 'HeII_4686': 14.429576644033654, 'HeII_5411.53': 15.657400510043972, 'HeI_4471.50': 16.69485346402787, 'HeI_4713.17': 15.239707658509934, 'HeI_4921.93': 26.80518531217481, 'HeI_5015.68': 13.177218214287075, 'HeI_5047.74': 3.7325313261742203, 'HeI_5875.66': 63.03390833240992, 'Hg': 6.487368858405456}","{'Ha': 111.5318528239524, 'Hb': 11.476182363030635, 'Hd': 6.410388603641546, 'HeII_4199.83': 2.5466566008679243, 'HeII_4686': 14.55673130801024, 'HeII_5411.53': 15.662440470884995, 'HeI_4471.50': 9.50424790034675, 'HeI_4713.17': 8.692932040130401, 'HeI_4921.93': 15.9204969687003, 'HeI_5015.68': 7.810041386951173, 'HeI_5047.74': 2.5282010651106526, 'HeI_5875.66': 40.58041511588196, 'Hg': 5.582013635672924}","{'Ha': 107.30241352289339, 'Hb': 9.740139967959337, 'Hd': 5.815198281937964, 'HeII_4199.83': 2.4967741296190806, 'HeII_4686': 14.755423381530179, 'HeII_5411.53': 15.667253119499813, 'HeI_4471.50': 5.354194054694316, 'HeI_4713.17': 5.034468256978696, 'HeI_4921.93': 9.97252525590364, 'HeI_5015.68': 4.9160322997340185, 'HeI_5047.74': 1.8773237610658513, 'HeI_5875.66': 26.919243700982676, 'Hg': 5.063741356468089}","{'Ha': 104.8379781142494, 'Hb': 9.19876630268822, 'Hd': 5.524034258592062, 'HeII_4199.83': 2.4704909259036927, 'HeII_4686': 15.002923285266444, 'HeII_5411.53': 15.671986524798193, 'HeI_4471.50': 3.2683536691933948, 'HeI_4713.17': 3.1153254135257007, 'HeI_4921.93': 6.675098112466228, 'HeI_5015.68': 3.4318589270789395, 'HeI_5047.74': 1.5052304701027672, 'HeI_5875.66': 19.433717386014482, 'Hg': 4.842537907282407}","{'Ha': 103.84474453792687, 'Hb': 9.742015622209342, 'Hd': 5.504337927398246, 'HeII_4199.83': 2.4540488575030888, 'HeII_4686': 15.262337716458822, 'HeII_5411.53': 15.676038730349918, 'HeI_4471.50': 2.6037335181740047, 'HeI_4713.17': 2.3575740993722127, 'HeI_4921.93': 4.965168884911099, 'HeI_5015.68': 2.7761238525053376, 'HeI_5047.74': 1.2920513241622986, 'HeI_5875.66': 16.165565253985566, 'Hg': 4.942950170996446}","{'Ha': 103.91753645919881, 'Hb': 11.139795156253806, 'Hd': 5.6925807302559, 'HeII_4199.83': 2.44280481667106, 'HeII_4686': 15.50621023546493, 'HeII_5411.53': 15.679401532861494, 'HeI_4471.50': 2.781157229412717, 'HeI_4713.17': 2.2729724461386445, 'HeI_4921.93': 4.241241589578865, 'HeI_5015.68': 2.5707582271171328, 'HeI_5047.74': 1.1794802611470503, 'HeI_5875.66': 15.439928347160674, 'Hg': 5.284653046354115}","{'Ha': 104.67235472508636, 'Hb': 13.1914892241201, 'Hd': 6.017849693204854, 'HeII_4199.83': 2.436524116107427, 'HeII_4686': 15.718158187903793, 'HeII_5411.53': 15.682023344836301, 'HeI_4471.50': 3.453062170283772, 'HeI_4713.17': 2.5385719866688894, 'HeI_4921.93': 4.0923182334837405, 'HeI_5015.68': 2.6050072760412384, 'HeI_5047.74': 1.1359869781361094, 'HeI_5875.66': 16.120521793015197, 'Hg': 5.799090581335139}","{'Ha': 105.76934785069427, 'Hb': 15.661896558391424, 'Hd': 6.424526042671767, 'HeII_4199.83': 2.431935072778579, 'HeII_4686': 15.88330602621472, 'HeII_5411.53': 15.684045373626324, 'HeI_4471.50': 4.348326138533569, 'HeI_4713.17': 2.947349625563288, 'HeI_4921.93': 4.2387028219254805, 'HeI_5015.68': 2.750892706818399, 'HeI_5047.74': 1.136087582646133, 'HeI_5875.66': 17.44788359948065, 'Hg': 6.427840689927812}","{'Ha': 106.94076007791506, 'Hb': 18.372519210254726, 'Hd': 6.882864109199896, 'HeII_4199.83': 2.428438234355162, 'HeII_4686': 16.003847381437946, 'HeII_5411.53': 15.685783896425777, 'HeI_4471.50': 5.306780991921723, 'HeI_4713.17': 3.3845848461339663, 'HeI_4921.93': 4.5140382616179675, 'HeI_5015.68': 2.9269773847854723, 'HeI_5047.74': 1.1529925285875708, 'HeI_5875.66': 18.857077998627524, 'Hg': 7.118934424400042}"
T22000logg3.2,"{'Ha': 136.75760828962007, 'Hb': 24.430022386092276, 'Hd': 11.143612907972582, 'HeII_4199.83': 2.6262277111993546, 'HeII_4686': 14.51663917590987, 'HeII_5411.53': 15.721781136753293, 'HeI_4471.50': 17.364978814066873, 'HeI_4713.17': 16.49289791243038, 'HeI_4921.93': 27.738128259757254, 'HeI_5015.68': 14.42095689993299, 'HeI_5047.74': 3.926562111857372, 'HeI_5875.66': 65.3193887060891, 'Hg': 9.329692624437595}","{'Ha': 130.15407551487306, 'Hb': 21.510456765536773, 'Hd': 10.427093615444116, 'HeII_4199.83': 2.5441055444054945, 'HeII_4686': 14.630222409134413, 'HeII_5411.53': 15.723421834824812, 'HeI_4471.50': 10.466874423841382, 'HeI_4713.17': 9.588194250804985, 'HeI_4921.93': 17.075968352202924, 'HeI_5015.68': 8.697061860057063, 'HeI_5047.74': 2.6491534148485236, 'HeI_5875.66': 42.8249688726795, 'Hg': 8.567650633795797}","{'Ha': 125.60146858337558, 'Hb': 19.76083990066703, 'Hd': 9.948746329771858, 'HeII_4199.83': 2.495240887506096, 'HeII_4686': 14.79643146068465, 'HeII_5411.53': 15.724447502517567, 'HeI_4471.50': 6.341383388998389, 'HeI_4713.17': 5.685943093580788, 'HeI_4921.93': 11.047108270737203, 'HeI_5015.68': 5.567667872249186, 'HeI_5047.74': 1.9547664294648401, 'HeI_5875.66': 28.992745880385783, 'Hg': 8.137501193318439}","{'Ha': 122.8134741175538, 'Hb': 19.164365561335302, 'Hd': 9.696765016632119, 'HeII_4199.83': 2.469089663008379, 'HeII_4686': 14.999090685412137, 'HeII_5411.53': 15.72523198960726, 'HeI_4471.50': 4.161974480860667, 'HeI_4713.17': 3.6030743845333357, 'HeI_4921.93': 7.610787461832992, 'HeI_5015.68': 3.9252831456177506, 'HeI_5047.74': 1.554688855769803, 'HeI_5875.66': 21.312743167575892, 'Hg': 7.964631278624124}","{'Ha': 121.48931499210386, 'Hb': 19.58448854614079, 'Hd': 9.652733746186367, 'HeII_4199.83': 2.4524037527420233, 'HeII_4686': 15.209820015140702, 'HeII_5411.53': 15.72539900038546, 'HeI_4471.50': 3.3622588893728635, 'HeI_4713.17': 2.740027159654192, 'HeI_4921.93': 5.780495821388086, 'HeI_5015.68': 3.1655416378737686, 'HeI_5047.74': 1.3230182651198177, 'HeI_5875.66': 17.872752614612626, 'Hg': 8.064066668079654}","{'Ha': 121.21565000797216, 'Hb': 20.794197015217943, 'Hd': 9.772799750961896, 'HeII_4199.83': 2.4407734300249913, 'HeII_4686': 15.407352214351485, 'HeII_5411.53': 15.725053926122214, 'HeI_4471.50': 3.406347213738343, 'HeI_4713.17': 2.587737682871006, 'HeI_4921.93': 4.9581642538806, 'HeI_5015.68': 2.8909151749169517, 'HeI_5047.74': 1.1979556425208215, 'HeI_5875.66': 17.003782178866444, 'Hg': 8.366927032170793}","{'Ha': 121.60495584648062, 'Hb': 22.600131532950297, 'Hd': 10.00653524365216, 'HeII_4199.83': 2.4339915974113815, 'HeII_4686': 15.578872989031776, 'HeII_5411.53': 15.724181984712331, 'HeI_4471.50': 3.95957172463494, 'HeI_4713.17': 2.808351308813424, 'HeI_4921.93': 4.726894582284118, 'HeI_5015.68': 2.875334474796193, 'HeI_5047.74': 1.145526010113241, 'HeI_5875.66': 17.56417613428155, 'Hg': 8.817816732202116}","{'Ha': 122.33422747136532, 'Hb': 24.7880119655518, 'Hd': 10.312845942065232, 'HeII_4199.83': 2.428946245758837, 'HeII_4686': 15.712594084961221, 'HeII_5411.53': 15.72301994427882, 'HeI_4471.50': 4.760428018743251, 'HeI_4713.17': 3.187365002756502, 'HeI_4921.93': 4.807344679204291, 'HeI_5015.68': 2.9854985373775156, 'HeI_5047.74': 1.1387997157406853, 'HeI_5875.66': 18.795481507341215, 'Hg': 9.36932203630215}","{'Ha': 123.13829396722896, 'Hb': 27.19432979543974, 'Hd': 10.668701947219386, 'HeII_4199.83': 2.4250603686712897, 'HeII_4686': 15.810188301635185, 'HeII_5411.53': 15.72186414043706, 'HeI_4471.50': 5.646406520389392, 'HeI_4713.17': 3.601804427856606, 'HeI_4921.93': 5.029025653383157, 'HeI_5015.68': 3.1348737803485407, 'HeI_5047.74': 1.1501344568723848, 'HeI_5875.66': 20.120174229240664, 'Hg': 9.978068912635797}"
T22000logg3.4,"{'Ha': 152.4212355958923, 'Hb': 36.78097694843794, 'Hd': 16.404627621160117, 'HeII_4199.83': 2.611462550488428, 'HeII_4686': 14.570499405610851, 'HeII_5411.53': 15.784170364147624, 'HeI_4471.50': 18.422021657406212, 'HeI_4713.17': 17.607992047786542, 'HeI_4921.93': 28.702836628808253, 'HeI_5015.68': 15.496849259527394, 'HeI_5047.74': 4.08243075584511, 'HeI_5875.66': 66.91194984119417, 'Hg': 13.322802998333614}","{'Ha': 145.65956700823233, 'Hb': 33.863017885701254, 'Hd': 15.813305891319724, 'HeII_4199.83': 2.5392908329333195, 'HeII_4686': 14.660136446200397, 'HeII_5411.53': 15.784171456301495, 'HeI_4471.50': 11.876950104149078, 'HeI_4713.17': 10.394012133251485, 'HeI_4921.93': 18.411360200599248, 'HeI_5015.68': 9.513173832545899, 'HeI_5047.74': 2.7541262286045627, 'HeI_5875.66': 44.60659345580225, 'Hg': 12.667179950100218}","{'Ha': 140.87230614351614, 'Hb': 32.15089900976599, 'Hd': 15.412669395678023, 'HeII_4199.83': 2.496073347753764, 'HeII_4686': 14.785901476743003, 'HeII_5411.53': 15.783336807878362, 'HeI_4471.50': 7.81371824702751, 'HeI_4713.17': 6.271159094353235, 'HeI_4921.93': 12.360371514990943, 'HeI_5015.68': 6.191706871588274, 'HeI_5047.74': 2.0247053705065183, 'HeI_5875.66': 30.76168386575539, 'Hg': 12.304978707695874}","{'Ha': 137.8621020095172, 'Hb': 31.582166782088795, 'Hd': 15.193584059832904, 'HeII_4199.83': 2.472909259474167, 'HeII_4686': 14.936700509503439, 'HeII_5411.53': 15.782050071417647, 'HeI_4471.50': 5.551380040935814, 'HeI_4713.17': 4.0364421908260155, 'HeI_4921.93': 8.783986564820284, 'HeI_5015.68': 4.41231295538284, 'HeI_5047.74': 1.5998154587203355, 'HeI_5875.66': 22.98342153238125, 'Hg': 12.17796971634358}","{'Ha': 136.32710719129784, 'Hb': 31.984898003840385, 'Hd': 15.140917139555624, 'HeII_4199.83': 2.4580370265236002, 'HeII_4686': 15.092220880737102, 'HeII_5411.53': 15.78013630429126, 'HeI_4471.50': 4.610122813659937, 'HeI_4713.17': 3.0751369883437984, 'HeI_4921.93': 6.805356691991671, 'HeI_5015.68': 3.558581632766859, 'HeI_5047.74': 1.3507105015406327, 'HeI_5875.66': 19.424877581541686, 'Hg': 12.2850341330163}","{'Ha': 135.84026173226553, 'Hb': 33.118303668234894, 'Hd': 15.219662713111708, 'HeII_4199.83': 2.447579545544585, 'HeII_4686': 15.237316939077372, 'HeII_5411.53': 15.777813053595608, 'HeI_4471.50': 4.505405302100997, 'HeI_4713.17': 2.859519335446585, 'HeI_4921.93': 5.852025420077605, 'HeI_5015.68': 3.219171674278201, 'HeI_5047.74': 1.2134034658633404, 'HeI_5875.66': 18.441719496535104, 'Hg': 12.563007008259019}","{'Ha': 136.005287873454, 'Hb': 34.78580579280256, 'Hd': 15.391151909616287, 'HeII_4199.83': 2.4415153012013087, 'HeII_4686': 15.362776787134397, 'HeII_5411.53': 15.775070760517035, 'HeI_4471.50': 4.920833751473956, 'HeI_4713.17': 3.037929925539783, 'HeI_4921.93': 5.510240672231256, 'HeI_5015.68': 3.1560418536720647, 'HeI_5047.74': 1.152128845116354, 'HeI_5875.66': 18.89793542443292, 'Hg': 12.964521754128423}","{'Ha': 136.5053658046689, 'Hb': 36.78392036662627, 'Hd': 15.623591781950683, 'HeII_4199.83': 2.437020382436818, 'HeII_4686': 15.460266732911581, 'HeII_5411.53': 15.77220005128189, 'HeI_4471.50': 5.607497936017151, 'HeI_4713.17': 3.3890966265830893, 'HeI_4921.93': 5.503761544954509, 'HeI_5015.68': 3.2313298372511596, 'HeI_5047.74': 1.1389898838338617, 'HeI_5875.66': 20.04144137822259, 'Hg': 13.449774533642135}","{'Ha': 137.0741752894227, 'Hb': 38.96026800747235, 'Hd': 15.898072398053555, 'HeII_4199.83': 2.43352038823374, 'HeII_4686': 15.531212539034263, 'HeII_5411.53': 15.769480628468326, 'HeI_4471.50': 6.401897503513334, 'HeI_4713.17': 3.7824319808157614, 'HeI_4921.93': 5.657151884069951, 'HeI_5015.68': 3.3543054937611885, 'HeI_5047.74': 1.1453974783311571, 'HeI_5875.66': 21.287088426480516, 'Hg': 13.981850722635055}"
T22000logg3.6,"{'Ha': 157.3318999786128, 'Hb': 43.018402053030755, 'Hd': 20.138200223370458, 'HeII_4199.83': 2.5742980704340135, 'HeII_4686': 14.610227241920978, 'HeII_5411.53': 15.806309874079833, 'HeI_4471.50': 18.87779207480675, 'HeI_4713.17': 18.37643042925671, 'HeI_4921.93': 29.11784445784174, 'HeI_5015.68': 16.29628724709753, 'HeI_5047.74': 4.161714473430955, 'HeI_5875.66': 64.81833226227495, 'Hg': 15.448365301305}","{'Ha': 150.91533143342775, 'Hb': 40.92084644735906, 'Hd': 19.753494586857403, 'HeII_4199.83': 2.5238165287270666, 'HeII_4686': 14.690401456069791, 'HeII_5411.53': 15.806457486264629, 'HeI_4471.50': 12.81614762188257, 'HeI_4713.17': 11.01843746304175, 'HeI_4921.93': 19.26787412712314, 'HeI_5015.68': 10.130752608750388, 'HeI_5047.74': 2.8086905913887046, 'HeI_5875.66': 43.540653177835736, 'Hg': 15.042133603757248}","{'Ha': 146.44929525730316, 'Hb': 39.840514779039204, 'Hd': 19.493343403533416, 'HeII_4199.83': 2.4934021790225667, 'HeII_4686': 14.801555134078558, 'HeII_5411.53': 15.805989757305438, 'HeI_4471.50': 8.964092328741259, 'HeI_4713.17': 6.776483905028038, 'HeI_4921.93': 13.267288386481505, 'HeI_5015.68': 6.674915642188669, 'HeI_5047.74': 2.059860415877982, 'HeI_5875.66': 30.287331551481476, 'Hg': 14.843527890872728}","{'Ha': 143.6745649074418, 'Hb': 39.707665280957315, 'Hd': 19.35943934875902, 'HeII_4199.83': 2.477548397022192, 'HeII_4686': 14.933869311523285, 'HeII_5411.53': 15.805207723164731, 'HeI_4471.50': 6.748246917499768, 'HeI_4713.17': 4.451028178417292, 'HeI_4921.93': 9.6315895165621, 'HeI_5015.68': 4.798107600462223, 'HeI_5047.74': 1.6214895996846288, 'HeI_5875.66': 22.843688183262042, 'Hg': 14.827391834294502}","{'Ha': 142.28238275286705, 'Hb': 40.3705439927739, 'Hd': 19.348086653307288, 'HeII_4199.83': 2.46756124408224, 'HeII_4686': 15.06998663865033, 'HeII_5411.53': 15.80396853120728, 'HeI_4471.50': 5.761563832356754, 'HeI_4713.17': 3.4237300619408515, 'HeI_4921.93': 7.5886981589933535, 'HeI_5015.68': 3.875569474764692, 'HeI_5047.74': 1.363596557922258, 'HeI_5875.66': 19.463007068660726, 'Hg': 14.990350687519705}","{'Ha': 141.8635106028677, 'Hb': 41.62494875051769, 'Hd': 19.437606943316993, 'HeII_4199.83': 2.4606267621692033, 'HeII_4686': 15.196945057594919, 'HeII_5411.53': 15.802436094534695, 'HeI_4471.50': 5.574333004838849, 'HeI_4713.17': 3.1605840770473677, 'HeI_4921.93': 6.5788358244773155, 'HeI_5015.68': 3.4864470263186345, 'HeI_5047.74': 1.2204623403871744, 'HeI_5875.66': 18.56993186289853, 'Hg': 15.283599137936944}","{'Ha': 142.03773757849365, 'Hb': 43.31133021366868, 'Hd': 19.60279208123079, 'HeII_4199.83': 2.457123305480798, 'HeII_4686': 15.306680316310528, 'HeII_5411.53': 15.800595783579581, 'HeI_4471.50': 5.89599482840062, 'HeI_4713.17': 3.3040530061260363, 'HeI_4921.93': 6.1868217320401415, 'HeI_5015.68': 3.385611251926544, 'HeI_5047.74': 1.1551515908114756, 'HeI_5875.66': 19.068894617484, 'Hg': 15.672542243230694}","{'Ha': 142.5000931607892, 'Hb': 45.253978917921934, 'Hd': 19.819736732543408, 'HeII_4199.83': 2.4547766093554224, 'HeII_4686': 15.392020044528694, 'HeII_5411.53': 15.798660214626944, 'HeI_4471.50': 6.494806534470308, 'HeI_4713.17': 3.6301761849801273, 'HeI_4921.93': 6.137980599519987, 'HeI_5015.68': 3.43301409188654, 'HeI_5047.74': 1.139177555127537, 'HeI_5875.66': 20.229932611992446, 'Hg': 16.126757358036247}","{'Ha': 142.9998742818271, 'Hb': 47.325113835648466, 'Hd': 20.07238744957776, 'HeII_4199.83': 2.4530133838313493, 'HeII_4686': 15.454383281706466, 'HeII_5411.53': 15.796841918643244, 'HeI_4471.50': 7.212361102532104, 'HeI_4713.17': 4.003458452774245, 'HeI_4921.93': 6.255149342369963, 'HeI_5015.68': 3.5347044372517122, 'HeI_5047.74': 1.1435340315166913, 'HeI_5875.66': 21.481621759093553, 'Hg': 16.616771469847784}"
T22000logg3.8,"{'Ha': 163.36118030755782, 'Hb': 58.51487681018429, 'Hd': 28.283978804160746, 'HeII_4199.83': 2.563239607369795, 'HeII_4686': 14.63290387634456, 'HeII_5411.53': 15.856413699290467, 'HeI_4471.50': 20.2237230412812, 'HeI_4713.17': 18.500943533342745, 'HeI_4921.93': 29.393037942059735, 'HeI_5015.68': 16.37748916831861, 'HeI_5047.74': 4.176463082485658, 'HeI_5875.66': 64.95552065731324, 'Hg': 21.368247124883897}","{'Ha': 156.8713774932545, 'Hb': 56.31040437308298, 'Hd': 27.977185871995967, 'HeII_4199.83': 2.5225871297031115, 'HeII_4686': 14.69600399481085, 'HeII_5411.53': 15.85573326120001, 'HeI_4471.50': 14.802809975719269, 'HeI_4713.17': 11.222078027125937, 'HeI_4921.93': 20.261894074105182, 'HeI_5015.68': 10.284029323346752, 'HeI_5047.74': 2.8332234575450985, 'HeI_5875.66': 44.312496448779065, 'Hg': 21.028102305947332}","{'Ha': 152.38343729868032, 'Hb': 55.24237532053976, 'Hd': 27.785326882502655, 'HeII_4199.83': 2.497920764626384, 'HeII_4686': 14.781362011282251, 'HeII_5411.53': 15.854407448028386, 'HeI_4471.50': 11.245800992640254, 'HeI_4713.17': 6.988801700684517, 'HeI_4921.93': 14.467140349980859, 'HeI_5015.68': 6.839632264750524, 'HeI_5047.74': 2.082280538874465, 'HeI_5875.66': 31.388798269668555, 'Hg': 20.88766081609149}","{'Ha': 149.6581782663311, 'Hb': 55.17653240960687, 'Hd': 27.702441994861477, 'HeII_4199.83': 2.485233087573353, 'HeII_4686': 14.88211235602248, 'HeII_5411.53': 15.852717929912565, 'HeI_4471.50': 9.11222604377626, 'HeI_4713.17': 4.650015489366471, 'HeI_4921.93': 10.842111887113868, 'HeI_5015.68': 4.953817588874858, 'HeI_5047.74': 1.6402430074483174, 'HeI_5875.66': 24.0693483216808, 'Hg': 20.920470223940406}","{'Ha': 148.34839575581185, 'Hb': 55.905224280824704, 'Hd': 27.71955496959892, 'HeII_4199.83': 2.4772832125332926, 'HeII_4686': 14.985436132433056, 'HeII_5411.53': 15.850622433815932, 'HeI_4471.50': 8.082978959376396, 'HeI_4713.17': 3.6035353364625937, 'HeI_4921.93': 8.746433347853555, 'HeI_5015.68': 4.016423080405876, 'HeI_5047.74': 1.3798807806573161, 'HeI_5875.66': 20.700182295200694, 'Hg': 21.108760202862232}","{'Ha': 148.01049828072615, 'Hb': 57.190549421222016, 'Hd': 27.81447102196791, 'HeII_4199.83': 2.471773800822488, 'HeII_4686': 15.08175192631044, 'HeII_5411.53': 15.848302599657307, 'HeI_4471.50': 7.793875089485718, 'HeI_4713.17': 3.321848598157448, 'HeI_4921.93': 7.6633916126324655, 'HeI_5015.68': 3.611554242577113, 'HeI_5047.74': 1.2351436698220264, 'HeI_5875.66': 19.768178118099204, 'Hg': 21.402881223867144}","{'Ha': 148.24762970204839, 'Hb': 58.85721270082854, 'Hd': 27.964775133750383, 'HeII_4199.83': 2.4692346959680394, 'HeII_4686': 15.165034520123166, 'HeII_5411.53': 15.845756153720794, 'HeI_4471.50': 7.9879001607793185, 'HeI_4713.17': 3.4492910673520067, 'HeI_4921.93': 7.194105256002244, 'HeI_5015.68': 3.496003781083772, 'HeI_5047.74': 1.1683028157612263, 'HeI_5875.66': 20.208087853225848, 'Hg': 21.769843072037407}","{'Ha': 148.74774737459495, 'Hb': 60.72520623915156, 'Hd': 28.149994392768985, 'HeII_4199.83': 2.4676695230951022, 'HeII_4686': 15.229857364016903, 'HeII_5411.53': 15.843193428003959, 'HeI_4471.50': 8.459298572430725, 'HeI_4713.17': 3.7629701730407246, 'HeI_4921.93': 7.075842471654165, 'HeI_5015.68': 3.5314937400877358, 'HeI_5047.74': 1.150458633465095, 'HeI_5875.66': 21.306259870675586, 'Hg': 22.182045086376426}","{'Ha': 149.2600977732031, 'Hb': 62.66837861271637, 'Hd': 28.356519126556424, 'HeII_4199.83': 2.4665253253589055, 'HeII_4686': 15.277302423253163, 'HeII_5411.53': 15.840793689084267, 'HeI_4471.50': 9.058993498284217, 'HeI_4713.17': 4.125550977174728, 'HeI_4921.93': 7.133510098932322, 'HeI_5015.68': 3.6240170757995314, 'HeI_5047.74': 1.1527634559540187, 'HeI_5875.66': 22.495275562854253, 'Hg': 22.613855201376442}"
T23000logg2.6,"{'Ha': 83.23642184053138, 'Hb': 11.42186082598673, 'Hd': 8.934472967290933, 'HeII_4199.83': 2.3544705235155186, 'HeII_4686': 13.935365694693502, 'HeII_5411.53': 13.866177556784093, 'HeI_4471.50': 13.986236498816693, 'HeI_4713.17': 9.413488622515464, 'HeI_4921.93': 18.54645886557187, 'HeI_5015.68': 7.6729990485263, 'HeI_5047.74': 2.535220151673759, 'HeI_5875.66': 53.22606454946025, 'Hg': 5.214272909216763}","{'Ha': 76.48567460389988, 'Hb': 6.344690099271275, 'Hd': 5.996446752127654, 'HeII_4199.83': 2.3351078332177364, 'HeII_4686': 14.010262618288337, 'HeII_5411.53': 13.941889709167912, 'HeI_4471.50': 7.321254298517663, 'HeI_4713.17': 5.011544322686273, 'HeI_4921.93': 9.632583005237313, 'HeI_5015.68': 4.22184758497343, 'HeI_5047.74': 1.8877969097513685, 'HeI_5875.66': 32.04814656995772, 'Hg': 3.600115339154375}","{'Ha': 72.04463695602253, 'Hb': 3.012207410004135, 'Hd': 4.170128671092216, 'HeII_4199.83': 2.3295915778667133, 'HeII_4686': 14.318317645654867, 'HeII_5411.53': 14.033856804531965, 'HeI_4471.50': 3.915418089818672, 'HeI_4713.17': 2.6955778551659506, 'HeI_4921.93': 5.1232054087229155, 'HeI_5015.68': 2.5202188588815098, 'HeI_5047.74': 1.5565466248475104, 'HeI_5875.66': 19.685876098227073, 'Hg': 2.532117543003024}","{'Ha': 69.69345845013991, 'Hb': 1.614322520096069, 'Hd': 3.2202065818057504, 'HeII_4199.83': 2.3350825734605793, 'HeII_4686': 14.790579907052836, 'HeII_5411.53': 14.136748313837016, 'HeI_4471.50': 2.511200404539842, 'HeI_4713.17': 1.6241821287591356, 'HeI_4921.93': 2.91236638054504, 'HeI_5015.68': 1.796244748205896, 'HeI_5047.74': 1.3867809660180253, 'HeI_5875.66': 13.24344500848929, 'Hg': 2.013689056706758}","{'Ha': 69.0867155437877, 'Hb': 1.9625412308490797, 'Hd': 2.9535322324042803, 'HeII_4199.83': 2.3449775100038788, 'HeII_4686': 15.32723933774848, 'HeII_5411.53': 14.242615699579847, 'HeI_4471.50': 2.37182585254121, 'HeI_4713.17': 1.3758190256147027, 'HeI_4921.93': 2.0345105133040082, 'HeI_5015.68': 1.6146115636953042, 'HeI_5047.74': 1.306429222924839, 'HeI_5875.66': 10.729629224656033, 'Hg': 2.011115320163621}","{'Ha': 69.73563525325648, 'Hb': 3.6394093507748155, 'Hd': 3.1731248657524604, 'HeII_4199.83': 2.3565835301175952, 'HeII_4686': 15.85031631155681, 'HeII_5411.53': 14.346136718418656, 'HeI_4471.50': 2.9399907684822386, 'HeI_4713.17': 1.5936199608196018, 'HeI_4921.93': 1.9507236415842026, 'HeI_5015.68': 1.7063651241638542, 'HeI_5047.74': 1.281802781161119, 'HeI_5875.66': 10.55090904730868, 'Hg': 2.3947984326714824}","{'Ha': 71.19551622992178, 'Hb': 6.276150352303976, 'Hd': 3.6938022785602413, 'HeII_4199.83': 2.3705172768240397, 'HeII_4686': 16.314206719340316, 'HeII_5411.53': 14.446110714708668, 'HeI_4471.50': 3.910319508765099, 'HeI_4713.17': 2.042145927698403, 'HeI_4921.93': 2.301123927174359, 'HeI_5015.68': 1.940394617882784, 'HeI_5047.74': 1.296992311557439, 'HeI_5875.66': 11.647068125472781, 'Hg': 3.0469792575876777}","{'Ha': 73.05127867512901, 'Hb': 9.487196568082426, 'Hd': 4.37767303940036, 'HeII_4199.83': 2.3841176380453315, 'HeII_4686': 16.681072864656983, 'HeII_5411.53': 14.538770538922531, 'HeI_4471.50': 5.0226391231656855, 'HeI_4713.17': 2.559708595303947, 'HeI_4921.93': 2.822753923467035, 'HeI_5015.68': 2.222427519597462, 'HeI_5047.74': 1.3359143534160307, 'HeI_5875.66': 13.28107677540427, 'Hg': 3.862253201811398}","{'Ha': 74.9959407400232, 'Hb': 12.989759511431064, 'Hd': 5.142699349528541, 'HeII_4199.83': 2.396635249756675, 'HeII_4686': 16.9503200941603, 'HeII_5411.53': 14.623436892756018, 'HeI_4471.50': 6.136199724356353, 'HeI_4713.17': 3.0703924908345845, 'HeI_4921.93': 3.3838848415337917, 'HeI_5015.68': 2.497393768006929, 'HeI_5047.74': 1.3806471203999031, 'HeI_5875.66': 14.951238796386509, 'Hg': 4.756126709084724}"
T23000logg2.8,"{'Ha': 91.97938827070237, 'Hb': 7.324341676836574, 'Hd': 5.4803910621062055, 'HeII_4199.83': 2.4018951758813243, 'HeII_4686': 14.76640122069782, 'HeII_5411.53': 14.738015184469205, 'HeI_4471.50': 14.57681184580007, 'HeI_4713.17': 11.684537112738123, 'HeI_4921.93': 22.338990184149733, 'HeI_5015.68': 9.637264029638565, 'HeI_5047.74': 3.055643241128376, 'HeI_5875.66': 55.77091445615849, 'Hg': 3.582901515848279}","{'Ha': 86.27845653852421, 'Hb': 4.16981543032038, 'Hd': 3.8531638015632823, 'HeII_4199.83': 2.349239812447835, 'HeII_4686': 14.88998665065499, 'HeII_5411.53': 14.776911480319859, 'HeI_4471.50': 7.758512399028836, 'HeI_4713.17': 6.390942109682759, 'HeI_4921.93': 12.347460913899882, 'HeI_5015.68': 5.450284555119121, 'HeI_5047.74': 2.1367991970482696, 'HeI_5875.66': 34.56475665366789, 'Hg': 2.5723577420696335}","{'Ha': 82.71365361124779, 'Hb': 2.2850213776689112, 'Hd': 2.8863615229548767, 'HeII_4199.83': 2.3216256607673724, 'HeII_4686': 15.19512966714959, 'HeII_5411.53': 14.822554265190876, 'HeI_4471.50': 4.075495242676382, 'HeI_4713.17': 3.519475453056374, 'HeI_4921.93': 7.14959233389835, 'HeI_5015.68': 3.2941833594113437, 'HeI_5047.74': 1.6497676884958965, 'HeI_5875.66': 21.984858973851182, 'Hg': 1.9666332910670823}","{'Ha': 80.8919950639042, 'Hb': 1.768527836418822, 'Hd': 2.4433803714878835, 'HeII_4199.83': 2.312102236285742, 'HeII_4686': 15.62713835512142, 'HeII_5411.53': 14.87304340999, 'HeI_4471.50': 2.4173258458198434, 'HeI_4713.17': 2.1011637841725936, 'HeI_4921.93': 4.444616639659224, 'HeI_5015.68': 2.2833752138932146, 'HeI_5047.74': 1.3823862227186354, 'HeI_5875.66': 15.319543648062961, 'Hg': 1.7205887238843425}","{'Ha': 80.49675993349645, 'Hb': 2.497524477836838, 'Hd': 2.4310139386820913, 'HeII_4199.83': 2.310007124636702, 'HeII_4686': 16.10496973872979, 'HeII_5411.53': 14.92459620776422, 'HeI_4471.50': 2.092077429417237, 'HeI_4713.17': 1.647946573009431, 'HeI_4921.93': 3.1846197473618836, 'HeI_5015.68': 1.9259668774648053, 'HeI_5047.74': 1.2390942277411459, 'HeI_5875.66': 12.6269156148538, 'Hg': 1.8471258277473406}","{'Ha': 81.12793077941133, 'Hb': 4.198636226108989, 'Hd': 2.735294365762719, 'HeII_4199.83': 2.3114350955085246, 'HeII_4686': 16.566402328105305, 'HeII_5411.53': 14.974940497255965, 'HeI_4471.50': 2.5270603734102104, 'HeI_4713.17': 1.747647464714062, 'HeI_4921.93': 2.801367973066804, 'HeI_5015.68': 1.9102924183256766, 'HeI_5047.74': 1.173717496121659, 'HeI_5875.66': 12.308474793019906, 'Hg': 2.2558471268945364}","{'Ha': 82.41411390188051, 'Hb': 6.6346815119587665, 'Hd': 3.233125537713369, 'HeII_4199.83': 2.3166472045697324, 'HeII_4686': 16.974558183176875, 'HeII_5411.53': 15.023513801156017, 'HeI_4471.50': 3.3965884158132007, 'HeI_4713.17': 2.128059015188031, 'HeI_4921.93': 2.9146279756265367, 'HeI_5015.68': 2.0739366314465, 'HeI_5047.74': 1.1626373394480576, 'HeI_5875.66': 13.291304486740179, 'Hg': 2.866366496342664}","{'Ha': 84.00681926448374, 'Hb': 9.525869383847429, 'Hd': 3.8315762184122595, 'HeII_4199.83': 2.3226469612462863, 'HeII_4686': 17.297363760389253, 'HeII_5411.53': 15.06865417236349, 'HeI_4471.50': 4.437075260929715, 'HeI_4713.17': 2.60763316460244, 'HeI_4921.93': 3.256490705616617, 'HeI_5015.68': 2.309815144624755, 'HeI_5047.74': 1.1850405044017174, 'HeI_5875.66': 14.838076923425378, 'Hg': 3.6051108430539025}","{'Ha': 85.653551017846, 'Hb': 12.664475486533494, 'Hd': 4.481312816042283, 'HeII_4199.83': 2.328726201568123, 'HeII_4686': 17.535269055898414, 'HeII_5411.53': 15.11019273313891, 'HeI_4471.50': 5.501693813178304, 'HeI_4713.17': 3.094481401288323, 'HeI_4921.93': 3.6808343211066292, 'HeI_5015.68': 2.5525037368774655, 'HeI_5047.74': 1.2185182163408728, 'HeI_5875.66': 16.42858663911883, 'Hg': 4.409055270987378}"
T23000logg3.0,"{'Ha': 114.63797402911293, 'Hb': 11.61171760715411, 'Hd': 6.5729976209301215, 'HeII_4199.83': 2.5501332646281094, 'HeII_4686': 14.713250206238895, 'HeII_5411.53': 15.361163080401948, 'HeI_4471.50': 15.281774300600391, 'HeI_4713.17': 13.437627541591457, 'HeI_4921.93': 24.454094216106093, 'HeI_5015.68': 11.410044558465858, 'HeI_5047.74': 3.392315112942077, 'HeI_5875.66': 58.80576612983021, 'Hg': 5.224761332693261}","{'Ha': 108.81589223803296, 'Hb': 8.902044562377279, 'Hd': 5.4883794412979, 'HeII_4199.83': 2.469395928880159, 'HeII_4686': 14.852492160694675, 'HeII_5411.53': 15.378122367433338, 'HeI_4471.50': 8.510830017438332, 'HeI_4713.17': 7.537271185970172, 'HeI_4921.93': 14.232084153249959, 'HeI_5015.68': 6.63996594816708, 'HeI_5047.74': 2.3242692693387927, 'HeI_5875.66': 37.36730327869468, 'Hg': 4.371554314487856}","{'Ha': 104.99506971565116, 'Hb': 7.323395958501898, 'Hd': 4.838166874474356, 'HeII_4199.83': 2.4232145684575017, 'HeII_4686': 15.124249590820622, 'HeII_5411.53': 15.397108578691485, 'HeI_4471.50': 4.676804849645982, 'HeI_4713.17': 4.278389170825387, 'HeI_4921.93': 8.759584446675012, 'HeI_5015.68': 4.112656241516079, 'HeI_5047.74': 1.7502902597661674, 'HeI_5875.66': 24.461148529273288, 'Hg': 3.895480443786194}","{'Ha': 102.84763650327054, 'Hb': 6.930971315047678, 'Hd': 4.546818171286166, 'HeII_4199.83': 2.4006764266287894, 'HeII_4686': 15.486473181495086, 'HeII_5411.53': 15.417550722901312, 'HeI_4471.50': 2.8205944891531933, 'HeI_4713.17': 2.6117624299700526, 'HeI_4921.93': 5.795923644141498, 'HeI_5015.68': 2.86094568400454, 'HeI_5047.74': 1.4270527635759516, 'HeI_5875.66': 17.5033310720482, 'Hg': 3.7132158385263234}","{'Ha': 102.08572980154482, 'Hb': 7.611200865950629, 'Hd': 4.56339901715936, 'HeII_4199.83': 2.388061794087626, 'HeII_4686': 15.87683939259392, 'HeII_5411.53': 15.437613158756799, 'HeI_4471.50': 2.3133891073913277, 'HeI_4713.17': 2.0068644542313354, 'HeI_4921.93': 4.309291529438604, 'HeI_5015.68': 2.3511895908769627, 'HeI_5047.74': 1.2466425218166708, 'HeI_5875.66': 14.584417287568069, 'Hg': 3.8472463702709323}","{'Ha': 102.32470677362541, 'Hb': 9.133433675757306, 'Hd': 4.811767025329275, 'HeII_4199.83': 2.3805839373795, 'HeII_4686': 16.24858594964512, 'HeII_5411.53': 15.45644967398049, 'HeI_4471.50': 2.5982702453731017, 'HeI_4713.17': 2.01473749000098, 'HeI_4921.93': 3.734107346566296, 'HeI_5015.68': 2.2388191915526137, 'HeI_5047.74': 1.1563651205892191, 'HeI_5875.66': 14.092979666216678, 'Hg': 4.219557413195087}","{'Ha': 103.20201708237235, 'Hb': 11.300141656525657, 'Hd': 5.2045684823764535, 'HeII_4199.83': 2.378091717457758, 'HeII_4686': 16.574538086023928, 'HeII_5411.53': 15.473833515497722, 'HeI_4471.50': 3.3459185213924214, 'HeI_4713.17': 2.33820167063343, 'HeI_4921.93': 3.686598559937753, 'HeI_5015.68': 2.336242683266322, 'HeI_5047.74': 1.1283204108224525, 'HeI_5875.66': 14.938542227611089, 'Hg': 4.763322844092363}","{'Ha': 104.39101637659073, 'Hb': 13.87424694895658, 'Hd': 5.676196877554505, 'HeII_4199.83': 2.377189208918072, 'HeII_4686': 16.8307323816026, 'HeII_5411.53': 15.489361786243204, 'HeI_4471.50': 4.294713564531621, 'HeI_4713.17': 2.782972510500711, 'HeI_4921.93': 3.9017990878893944, 'HeI_5015.68': 2.5261043465044994, 'HeI_5047.74': 1.139177301097723, 'HeI_5875.66': 16.380677929433855, 'Hg': 5.419817285989771}","{'Ha': 105.63941613934377, 'Hb': 16.677982776015146, 'Hd': 6.1932646805528115, 'HeII_4199.83': 2.3772341723037496, 'HeII_4686': 17.01933247576622, 'HeII_5411.53': 15.503259801063813, 'HeI_4471.50': 5.292751656840664, 'HeI_4713.17': 3.24515575695565, 'HeI_4921.93': 4.226608111505426, 'HeI_5015.68': 2.7349307533525633, 'HeI_5047.74': 1.1642358514682902, 'HeI_5875.66': 17.879964132788494, 'Hg': 6.136783829859823}"
T23000logg3.2,"{'Ha': 138.9347776479176, 'Hb': 21.25532015596953, 'Hd': 10.050635190804751, 'HeII_4199.83': 2.6328749808266836, 'HeII_4686': 14.636819196485252, 'HeII_5411.53': 15.578674651835195, 'HeI_4471.50': 16.491120120735115, 'HeI_4713.17': 15.119831635652337, 'HeI_4921.93': 26.112118171878805, 'HeI_5015.68': 12.897302042587725, 'HeI_5047.74': 3.5951486601951848, 'HeI_5875.66': 63.502724678699444, 'Hg': 8.308504624745183}","{'Ha': 132.86347780623504, 'Hb': 18.50508746231069, 'Hd': 9.217322438401412, 'HeII_4199.83': 2.539913930268943, 'HeII_4686': 14.77911282075719, 'HeII_5411.53': 15.587276536655727, 'HeI_4471.50': 9.739404000149667, 'HeI_4713.17': 8.652941915486773, 'HeI_4921.93': 15.868679104919552, 'HeI_5015.68': 7.671927772636194, 'HeI_5047.74': 2.444626632782198, 'HeI_5875.66': 41.393343566977826, 'Hg': 7.53521035895695}","{'Ha': 128.64492853312558, 'Hb': 16.868699821280245, 'Hd': 8.698361444886281, 'HeII_4199.83': 2.4852192616327207, 'HeII_4686': 15.008281431761372, 'HeII_5411.53': 15.596283421852409, 'HeI_4471.50': 5.756656594440877, 'HeI_4713.17': 5.033387592071906, 'HeI_4921.93': 10.209952625161655, 'HeI_5015.68': 4.84977434498493, 'HeI_5047.74': 1.821667636248568, 'HeI_5875.66': 27.852826021377513, 'Hg': 7.111450920451277}","{'Ha': 126.05901248562496, 'Hb': 16.365601358861053, 'Hd': 8.449760658709016, 'HeII_4199.83': 2.456317545818219, 'HeII_4686': 15.29748605807075, 'HeII_5411.53': 15.605602435618785, 'HeI_4471.50': 3.701920923116273, 'HeI_4713.17': 3.1373034266628754, 'HeI_4921.93': 7.038026522411099, 'HeI_5015.68': 3.403803948748072, 'HeI_5047.74': 1.4663616250855247, 'HeI_5875.66': 20.385193289416225, 'Hg': 6.948212100783144}","{'Ha': 124.84957726925545, 'Hb': 16.872081269941017, 'Hd': 8.440114528411073, 'HeII_4199.83': 2.4383013081221088, 'HeII_4686': 15.602818923245147, 'HeII_5411.53': 15.614159778382637, 'HeI_4471.50': 3.0044756509594097, 'HeI_4713.17': 2.3934894305648227, 'HeI_4921.93': 5.3687449441041935, 'HeI_5015.68': 2.7686683494439968, 'HeI_5047.74': 1.2642080061814132, 'HeI_5875.66': 17.092244337108745, 'Hg': 7.064960287908218}","{'Ha': 124.63942875998175, 'Hb': 18.16520651196703, 'Hd': 8.613982832573244, 'HeII_4199.83': 2.426130452687426, 'HeII_4686': 15.891287080872965, 'HeII_5411.53': 15.62164558980027, 'HeI_4471.50': 3.128860673065467, 'HeI_4713.17': 2.317552893465926, 'HeI_4921.93': 4.641298019370693, 'HeI_5015.68': 2.5745513340711836, 'HeI_5047.74': 1.159038240569661, 'HeI_5875.66': 16.32582930230733, 'Hg': 7.391267440794683}","{'Ha': 125.06509845090034, 'Hb': 20.055683029931686, 'Hd': 8.905856551951054, 'HeII_4199.83': 2.419414584566218, 'HeII_4686': 16.143711238527874, 'HeII_5411.53': 15.627917765004824, 'HeI_4471.50': 3.7459081812415738, 'HeI_4713.17': 2.5887689638306575, 'HeI_4921.93': 4.467281496419399, 'HeI_5015.68': 2.614851353402536, 'HeI_5047.74': 1.1205598975503355, 'HeI_5875.66': 16.960683555625952, 'Hg': 7.869103801960172}","{'Ha': 125.8158548134651, 'Hb': 22.327588358898, 'Hd': 9.266268692977087, 'HeII_4199.83': 2.4146592400506903, 'HeII_4686': 16.342542761523084, 'HeII_5411.53': 15.632994179603704, 'HeI_4471.50': 4.5958800922661665, 'HeI_4713.17': 3.0011157929848835, 'HeI_4921.93': 4.582612240749169, 'HeI_5015.68': 2.764326193562334, 'HeI_5047.74': 1.1240588806692648, 'HeI_5875.66': 18.245880888347315, 'Hg': 8.448970627857582}","{'Ha': 126.63514707824842, 'Hb': 24.81690505478745, 'Hd': 9.669685511114873, 'HeII_4199.83': 2.411267640107785, 'HeII_4686': 16.489616425584366, 'HeII_5411.53': 15.637234394829973, 'HeI_4471.50': 5.520405287695591, 'HeI_4713.17': 3.4397026193458884, 'HeI_4921.93': 4.828043655614291, 'HeI_5015.68': 2.9430349130915374, 'HeI_5047.74': 1.1435972017572344, 'HeI_5875.66': 19.61411455450941, 'Hg': 9.085469076228202}"
T23000logg3.4,"{'Ha': 150.30460742548343, 'Hb': 29.219144659373768, 'Hd': 13.841746003777887, 'HeII_4199.83': 2.643442325969921, 'HeII_4686': 14.656375942809902, 'HeII_5411.53': 15.646757815915121, 'HeI_4471.50': 16.701832190315812, 'HeI_4713.17': 15.699479746268034, 'HeI_4921.93': 26.348697649455655, 'HeI_5015.68': 13.600919319966236, 'HeI_5047.74': 3.65027508261787, 'HeI_5875.66': 62.98164721686818, 'Hg': 11.097699655106378}","{'Ha': 144.42183500254086, 'Hb': 26.722866893368728, 'Hd': 13.234704494089785, 'HeII_4199.83': 2.5516069635936036, 'HeII_4686': 14.785748331717748, 'HeII_5411.53': 15.650700126291515, 'HeI_4471.50': 10.460365005313434, 'HeI_4713.17': 9.130197510296377, 'HeI_4921.93': 16.542309605829246, 'HeI_5015.68': 8.19627078449775, 'HeI_5047.74': 2.483130147421527, 'HeI_5875.66': 41.4647064660441, 'Hg': 10.48992222184581}","{'Ha': 140.3081295785679, 'Hb': 25.32852515347328, 'Hd': 12.86322302704819, 'HeII_4199.83': 2.496987321053273, 'HeII_4686': 14.9860511083923, 'HeII_5411.53': 15.654345349789816, 'HeI_4471.50': 6.671508628059683, 'HeI_4713.17': 5.417177625784283, 'HeI_4921.93': 10.954931456530863, 'HeI_5015.68': 5.245640923161257, 'HeI_5047.74': 1.848591716082025, 'HeI_5875.66': 28.222875287695803, 'Hg': 10.183590772806166}","{'Ha': 137.77231754829563, 'Hb': 25.00972353353616, 'Hd': 12.698972199564464, 'HeII_4199.83': 2.4674679454673467, 'HeII_4686': 15.234822761559748, 'HeII_5411.53': 15.65793620043902, 'HeI_4471.50': 4.638440335650149, 'HeI_4713.17': 3.4460881720400827, 'HeI_4921.93': 7.740402019925785, 'HeI_5015.68': 3.7091161679383284, 'HeI_5047.74': 1.484805809551646, 'HeI_5875.66': 20.894590168697615, 'Hg': 10.10526677924533}","{'Ha': 136.55149830376226, 'Hb': 25.617557602161344, 'Hd': 12.719540770118238, 'HeII_4199.83': 2.4485354694623642, 'HeII_4686': 15.495526444840538, 'HeII_5411.53': 15.660903317602521, 'HeI_4471.50': 3.8763456569615906, 'HeI_4713.17': 2.646512788027311, 'HeI_4921.93': 6.0071345376295175, 'HeI_5015.68': 3.0126156312129204, 'HeI_5047.74': 1.2765205197227554, 'HeI_5875.66': 17.656126290010857, 'Hg': 10.26322491453214}","{'Ha': 136.27102735373148, 'Hb': 26.92795484984338, 'Hd': 12.882881820816758, 'HeII_4199.83': 2.435294233106611, 'HeII_4686': 15.740940061024146, 'HeII_5411.53': 15.66327758614201, 'HeI_4471.50': 3.906695213602726, 'HeI_4713.17': 2.530247835624391, 'HeI_4921.93': 5.21556466235264, 'HeI_5015.68': 2.77689222570287, 'HeI_5047.74': 1.1669469302974245, 'HeI_5875.66': 16.90178383263395, 'Hg': 10.59377880167907}","{'Ha': 136.57626717793457, 'Hb': 28.760369967669813, 'Hd': 13.140061257696114, 'HeII_4199.83': 2.427329638091965, 'HeII_4686': 15.954905941319787, 'HeII_5411.53': 15.664996197245067, 'HeI_4471.50': 4.425116597504161, 'HeI_4713.17': 2.772048678932907, 'HeI_4921.93': 4.982916187248961, 'HeI_5015.68': 2.7869005609061976, 'HeI_5047.74': 1.1250190832603817, 'HeI_5875.66': 17.528067185047686, 'Hg': 11.048819181582202}","{'Ha': 137.1732932203177, 'Hb': 30.914095116671508, 'Hd': 13.452168696012507, 'HeII_4199.83': 2.4212999377553133, 'HeII_4686': 16.122647309631063, 'HeII_5411.53': 15.666233744380339, 'HeI_4471.50': 5.188498120231068, 'HeI_4713.17': 3.1637575789434638, 'HeI_4921.93': 5.050075133010052, 'HeI_5015.68': 2.914314527422386, 'HeI_5047.74': 1.1255472386384844, 'HeI_5875.66': 18.796241805239283, 'Hg': 11.587076995284008}","{'Ha': 137.81856353082551, 'Hb': 33.240970397399664, 'Hd': 13.798906014175703, 'HeII_4199.83': 2.416638293124204, 'HeII_4686': 16.246237109336285, 'HeII_5411.53': 15.667290348717454, 'HeI_4471.50': 6.042024419436118, 'HeI_4713.17': 3.5860153628030482, 'HeI_4921.93': 5.256605224742103, 'HeI_5015.68': 3.0764249220494295, 'HeI_5047.74': 1.1424443857116333, 'HeI_5875.66': 20.143282602199356, 'Hg': 12.170385465682012}"
T23000logg3.6,"{'Ha': 178.82846807351453, 'Hb': 42.7308075871799, 'Hd': 18.77386997871446, 'HeII_4199.83': 2.6115825482379247, 'HeII_4686': 14.676680038587062, 'HeII_5411.53': 15.712415165731334, 'HeI_4471.50': 17.791776626616972, 'HeI_4713.17': 16.928397857859313, 'HeI_4921.93': 27.220547519112845, 'HeI_5015.68': 14.608670706170283, 'HeI_5047.74': 3.7592751238710425, 'HeI_5875.66': 64.79054322686122, 'Hg': 15.002652907221544}","{'Ha': 171.88225986646103, 'Hb': 40.00116617344964, 'Hd': 18.254355509881616, 'HeII_4199.83': 2.53492985272556, 'HeII_4686': 14.79394965824224, 'HeII_5411.53': 15.713974496809408, 'HeI_4471.50': 11.771786748182953, 'HeI_4713.17': 10.012725859230365, 'HeI_4921.93': 17.716152702103848, 'HeI_5015.68': 8.94462951035357, 'HeI_5047.74': 2.5530423735274597, 'HeI_5875.66': 43.37644356914082, 'Hg': 14.41885694550544}","{'Ha': 166.75289541168706, 'Hb': 38.395626367277856, 'Hd': 17.913426010846315, 'HeII_4199.83': 2.4891271716975436, 'HeII_4686': 14.965749324243463, 'HeII_5411.53': 15.714974963225119, 'HeI_4471.50': 8.010713894563684, 'HeI_4713.17': 6.063649183207875, 'HeI_4921.93': 12.108695347461547, 'HeI_5015.68': 5.811923182833022, 'HeI_5047.74': 1.892757008184661, 'HeI_5875.66': 30.057426909596643, 'Hg': 14.106141703786747}","{'Ha': 163.34859397287343, 'Hb': 37.87550715382168, 'Hd': 17.740271537895595, 'HeII_4199.83': 2.464574951506308, 'HeII_4686': 15.175096841559213, 'HeII_5411.53': 15.715771852866272, 'HeI_4471.50': 5.903038723147399, 'HeI_4713.17': 3.93220892285185, 'HeI_4921.93': 8.783981188096721, 'HeI_5015.68': 4.148383428530164, 'HeI_5047.74': 1.5114629443672278, 'HeI_5875.66': 22.594494378563823, 'Hg': 14.012776340168065}","{'Ha': 161.41810398155388, 'Hb': 38.28559857012688, 'Hd': 17.722247849710907, 'HeII_4199.83': 2.4488769955242975, 'HeII_4686': 15.39282955762788, 'HeII_5411.53': 15.716043831443601, 'HeI_4471.50': 5.021978256034702, 'HeI_4713.17': 3.0283975244145624, 'HeI_4921.93': 6.939839433521624, 'HeI_5015.68': 3.365696132118816, 'HeI_5047.74': 1.2912242810841923, 'HeI_5875.66': 19.218132497598226, 'Hg': 14.138976937652165}","{'Ha': 160.5485989749776, 'Hb': 39.396283937364636, 'Hd': 17.826974172144713, 'HeII_4199.83': 2.437908977516694, 'HeII_4686': 15.597224709250625, 'HeII_5411.53': 15.715922272475547, 'HeI_4471.50': 4.926329693635547, 'HeI_4713.17': 2.8442263289685044, 'HeI_4921.93': 6.051410196973978, 'HeI_5015.68': 3.070785030048117, 'HeI_5047.74': 1.1734110573221406, 'HeI_5875.66': 18.33825780430102, 'Hg': 14.424865735916079}","{'Ha': 160.3423214917719, 'Hb': 41.01761956967118, 'Hd': 18.01723392941286, 'HeII_4199.83': 2.4315571238540397, 'HeII_4686': 15.775307249790306, 'HeII_5411.53': 15.71536944813681, 'HeI_4471.50': 5.325353736381277, 'HeI_4713.17': 3.0401250421627126, 'HeI_4921.93': 5.735783516708629, 'HeI_5015.68': 3.037535650967622, 'HeI_5047.74': 1.1256099045156451, 'HeI_5875.66': 18.852917995609783, 'Hg': 14.82590257107256}","{'Ha': 160.4908391802367, 'Hb': 42.95299668809188, 'Hd': 18.26176948296387, 'HeII_4199.83': 2.4268680685338433, 'HeII_4686': 15.91500453939567, 'HeII_5411.53': 15.714603506085385, 'HeI_4471.50': 5.986620353406477, 'HeI_4713.17': 3.401106920826265, 'HeI_4921.93': 5.735964381707536, 'HeI_5015.68': 3.1334496789814543, 'HeI_5047.74': 1.1218745551686486, 'HeI_5875.66': 20.029301825051387, 'Hg': 15.304546044851618}","{'Ha': 160.71903926089396, 'Hb': 45.05499502008258, 'Hd': 18.541867186219328, 'HeII_4199.83': 2.4232688350585625, 'HeII_4686': 16.018075135878803, 'HeII_5411.53': 15.713894968012424, 'HeI_4471.50': 6.755195976453239, 'HeI_4713.17': 3.7999942867736216, 'HeI_4921.93': 5.8880743094572185, 'HeI_5015.68': 3.271692792017022, 'HeI_5047.74': 1.13549217028786, 'HeI_5875.66': 21.295435258070352, 'Hg': 15.825306190921031}"
T23000logg3.8,"{'Ha': 178.9372046409637, 'Hb': 51.50496809851148, 'Hd': 24.12935156739309, 'HeII_4199.83': 2.5973959632546593, 'HeII_4686': 14.643336702908712, 'HeII_5411.53': 15.798979598666765, 'HeI_4471.50': 17.973353395672085, 'HeI_4713.17': 16.588581991082304, 'HeI_4921.93': 26.571588186595367, 'HeI_5015.68': 14.3513104342929, 'HeI_5047.74': 3.7325610724928877, 'HeI_5875.66': 62.26816424769268, 'Hg': 18.635182979410533}","{'Ha': 172.21071605678844, 'Hb': 49.19768248164067, 'Hd': 23.78549564721005, 'HeII_4199.83': 2.5348619830287404, 'HeII_4686': 14.739989443622056, 'HeII_5411.53': 15.798836382742452, 'HeI_4471.50': 12.719398487202438, 'HeI_4713.17': 9.893043855720983, 'HeI_4921.93': 17.921072166738256, 'HeI_5015.68': 8.85189742861118, 'HeI_5047.74': 2.5502415234510294, 'HeI_5875.66': 42.11773511977775, 'Hg': 18.23783299285684}","{'Ha': 167.3931625129777, 'Hb': 48.0271619450628, 'Hd': 23.583946175052795, 'HeII_4199.83': 2.4972065654301523, 'HeII_4686': 14.876672347598452, 'HeII_5411.53': 15.797939851982745, 'HeI_4471.50': 9.353486455889323, 'HeI_4713.17': 6.043081028207526, 'HeI_4921.93': 12.617573404715078, 'HeI_5015.68': 5.791211450162812, 'HeI_5047.74': 1.898238234553441, 'HeI_5875.66': 29.57921860374919, 'Hg': 18.070229415670074}","{'Ha': 164.32244852144353, 'Hb': 47.88997095259873, 'Hd': 23.513273625367795, 'HeII_4199.83': 2.4771082769829835, 'HeII_4686': 15.040547763649723, 'HeII_5411.53': 15.796641777371931, 'HeI_4471.50': 7.411447062650456, 'HeI_4713.17': 3.9581387268902932, 'HeI_4921.93': 9.38469377274066, 'HeI_5015.68': 4.159294704790428, 'HeI_5047.74': 1.5202788807088565, 'HeI_5875.66': 22.55386959484113, 'Hg': 18.09271501061995}","{'Ha': 162.6943014304369, 'Hb': 48.59001574041907, 'Hd': 23.56041695289008, 'HeII_4199.83': 2.4642369797131063, 'HeII_4686': 15.20974415745924, 'HeII_5411.53': 15.794803101125273, 'HeI_4471.50': 6.556813139875449, 'HeI_4713.17': 3.0730933244314795, 'HeI_4921.93': 7.557176816280012, 'HeI_5015.68': 3.389315751089457, 'HeI_5047.74': 1.3019839360207928, 'HeI_5875.66': 19.397714112520767, 'Hg': 18.292108777542143}","{'Ha': 162.0749806575983, 'Hb': 49.888550686618515, 'Hd': 23.698185787143892, 'HeII_4199.83': 2.455193277990468, 'HeII_4686': 15.368138354864188, 'HeII_5411.53': 15.792628584891032, 'HeI_4471.50': 6.419440606579459, 'HeI_4713.17': 2.894720125030173, 'HeI_4921.93': 6.654039812274682, 'HeI_5015.68': 3.098416384858724, 'HeI_5047.74': 1.185392760502035, 'HeI_5875.66': 18.62064112935398, 'Hg': 18.613418483071737}","{'Ha': 162.0641576852211, 'Hb': 51.604982271622845, 'Hd': 23.898495455098438, 'HeII_4199.83': 2.4501436916689125, 'HeII_4686': 15.505879563385678, 'HeII_5411.53': 15.790110832609477, 'HeI_4471.50': 6.745151739862475, 'HeI_4713.17': 3.0910611735161493, 'HeI_4921.93': 6.310796552332791, 'HeI_5015.68': 3.065023687630952, 'HeI_5047.74': 1.1379084164946827, 'HeI_5875.66': 19.177732839195105, 'Hg': 19.019528615850394}","{'Ha': 162.35230786399995, 'Hb': 53.55152878912132, 'Hd': 24.135996884808133, 'HeII_4199.83': 2.44649805982223, 'HeII_4686': 15.613914886222272, 'HeII_5411.53': 15.787509422623984, 'HeI_4471.50': 7.326426822421932, 'HeI_4713.17': 3.4506303055413245, 'HeI_4921.93': 6.282430568716269, 'HeI_5015.68': 3.1596176539379677, 'HeI_5047.74': 1.1334719780479514, 'HeI_5875.66': 20.363632503864515, 'Hg': 19.47884784935429}","{'Ha': 162.67847833895817, 'Hb': 55.59496785182286, 'Hd': 24.395654623434954, 'HeII_4199.83': 2.4436745797262183, 'HeII_4686': 15.693897500509097, 'HeII_5411.53': 15.785068681136071, 'HeI_4471.50': 8.0189810232621, 'HeI_4713.17': 3.8472155562109256, 'HeI_4921.93': 6.4090051494064735, 'HeI_5015.68': 3.2968879494305807, 'HeI_5047.74': 1.1458341353533947, 'HeI_5875.66': 21.6250823411357, 'Hg': 19.962384223269233}"
T23000logg4.0,"{'Ha': 177.4127175574973, 'Hb': 62.0731351977002, 'Hd': 30.574245761581327, 'HeII_4199.83': 2.572455818971169, 'HeII_4686': 14.639371722296843, 'HeII_5411.53': 15.808247933903514, 'HeI_4471.50': 19.30302686853398, 'HeI_4713.17': 17.058352327082233, 'HeI_4921.93': 27.148637708078084, 'HeI_5015.68': 14.701581455052972, 'HeI_5047.74': 3.765238308552759, 'HeI_5875.66': 60.927724769093516, 'Hg': 23.230393867397474}","{'Ha': 172.2593531460116, 'Hb': 60.357889131613966, 'Hd': 30.34578523391911, 'HeII_4199.83': 2.5246955958016866, 'HeII_4686': 14.733592892195867, 'HeII_5411.53': 15.80845656393041, 'HeI_4471.50': 14.543123156587798, 'HeI_4713.17': 10.31191676098266, 'HeI_4921.93': 19.048725826400922, 'HeI_5015.68': 9.179170992263082, 'HeI_5047.74': 2.5847542772325673, 'HeI_5875.66': 41.74144718168725, 'Hg': 22.971789269348342}","{'Ha': 168.63647340094786, 'Hb': 59.63892591493833, 'Hd': 30.22654853747311, 'HeII_4199.83': 2.4958330797270425, 'HeII_4686': 14.865093825580676, 'HeII_5411.53': 15.80813288062357, 'HeI_4471.50': 11.417087551922343, 'HeI_4713.17': 6.395731976873216, 'HeI_4921.93': 13.882881076598164, 'HeI_5015.68': 6.075283406507935, 'HeI_5047.74': 1.9273486286473682, 'HeI_5875.66': 29.72913252492209, 'Hg': 22.898063945910458}","{'Ha': 166.4256063948924, 'Hb': 59.815227239358244, 'Hd': 30.208669738347886, 'HeII_4199.83': 2.4807938711045607, 'HeII_4686': 15.02213773000356, 'HeII_5411.53': 15.807554028541892, 'HeI_4471.50': 9.548776741382483, 'HeI_4713.17': 4.251476171834691, 'HeI_4921.93': 10.632266483261008, 'HeI_5015.68': 4.400770972517218, 'HeI_5047.74': 1.5437766687100256, 'HeI_5875.66': 22.96200183289761, 'Hg': 22.984026395769515}","{'Ha': 165.36287366071141, 'Hb': 60.7032795979046, 'Hd': 30.28248689338162, 'HeII_4199.83': 2.4713998318453556, 'HeII_4686': 15.184004540859899, 'HeII_5411.53': 15.80658257001139, 'HeI_4471.50': 8.666586227631296, 'HeI_4713.17': 3.3199369602772313, 'HeI_4921.93': 8.743154149964038, 'HeI_5015.68': 3.595168630854193, 'HeI_5047.74': 1.321523681045443, 'HeI_5875.66': 19.913163584171592, 'Hg': 23.21351943122841}","{'Ha': 165.08593239554583, 'Hb': 62.088945151085845, 'Hd': 30.426613882549724, 'HeII_4199.83': 2.465022714851621, 'HeII_4686': 15.335329695249385, 'HeII_5411.53': 15.805366829144317, 'HeI_4471.50': 8.45189432414501, 'HeI_4713.17': 3.106527555510394, 'HeI_4921.93': 7.766779792344254, 'HeI_5015.68': 3.275435334034523, 'HeI_5047.74': 1.2021813090021554, 'HeI_5875.66': 19.169012904780097, 'Hg': 23.539069147756923}","{'Ha': 165.26420783733008, 'Hb': 63.816621637053785, 'Hd': 30.62000902783217, 'HeII_4199.83': 2.462063969181497, 'HeII_4686': 15.46689268792855, 'HeII_5411.53': 15.80389073185353, 'HeI_4471.50': 8.677224347314944, 'HeI_4713.17': 3.2763675931159564, 'HeI_4921.93': 7.349527435998903, 'HeI_5015.68': 3.2185305294532216, 'HeI_5047.74': 1.1522901141210513, 'HeI_5875.66': 19.72374124746892, 'Hg': 23.93034012108003}","{'Ha': 165.6369288606304, 'Hb': 65.71735374650149, 'Hd': 30.841876404729813, 'HeII_4199.83': 2.4603040297148118, 'HeII_4686': 15.570173343751538, 'HeII_5411.53': 15.802339908875007, 'HeI_4471.50': 9.155412816725288, 'HeI_4713.17': 3.6167567371809155, 'HeI_4921.93': 7.254995720478688, 'HeI_5015.68': 3.295015452429429, 'HeI_5047.74': 1.145311824559901, 'HeI_5875.66': 20.892474166249144, 'Hg': 24.36091078581319}","{'Ha': 165.99231804266643, 'Hb': 67.67509361957671, 'Hd': 31.07878859774028, 'HeII_4199.83': 2.4591173742584225, 'HeII_4686': 15.646678333290348, 'HeII_5411.53': 15.800902409552304, 'HeI_4471.50': 9.750200732023245, 'HeI_4713.17': 3.9978724979445985, 'HeI_4921.93': 7.324283936508101, 'HeI_5015.68': 3.418324461102892, 'HeI_5047.74': 1.1550645414389085, 'HeI_5875.66': 22.131785410257336, 'Hg': 24.805962732319664}"
T24000logg2.8,"{'Ha': 89.95619359436364, 'Hb': 6.215001393814919, 'Hd': 6.793748141350597, 'HeII_4199.83': 2.205675870870365, 'HeII_4686': 16.176330541424488, 'HeII_5411.53': 13.479546247635449, 'HeI_4471.50': 13.861653321102757, 'HeI_4713.17': 10.734133731712392, 'HeI_4921.93': 20.5532499899813, 'HeI_5015.68': 8.747953433354178, 'HeI_5047.74': 2.796371514011358, 'HeI_5875.66': 53.387393994461284, 'Hg': 2.9601098322530337}","{'Ha': 84.87979943304278, 'Hb': 3.355297845338726, 'Hd': 4.6375085757368, 'HeII_4199.83': 2.17032027167162, 'HeII_4686': 16.145102231514358, 'HeII_5411.53': 13.55944768986284, 'HeI_4471.50': 7.313464436357468, 'HeI_4713.17': 5.826081869684957, 'HeI_4921.93': 11.110983516629446, 'HeI_5015.68': 4.896046335187781, 'HeI_5047.74': 1.9945587721360643, 'HeI_5875.66': 32.859385837211995, 'Hg': 2.1005904366243855}","{'Ha': 81.71624890831104, 'Hb': 1.6823555663918377, 'Hd': 3.3652517910269655, 'HeII_4199.83': 2.1563962684502007, 'HeII_4686': 16.430884463967146, 'HeII_5411.53': 13.65686077563736, 'HeI_4471.50': 3.8420761887267068, 'HeI_4713.17': 3.189229931981805, 'HeI_4921.93': 6.192649753989154, 'HeI_5015.68': 2.9428057763733864, 'HeI_5047.74': 1.5739538499503127, 'HeI_5875.66': 20.73591965311495, 'Hg': 1.5785781938031598}","{'Ha': 80.15032574657145, 'Hb': 1.3214994743620865, 'Hd': 2.7397577918131497, 'HeII_4199.83': 2.1586644702658373, 'HeII_4686': 16.93795332405413, 'HeII_5411.53': 13.766519021863926, 'HeI_4471.50': 2.3356679523444006, 'HeI_4713.17': 1.9163004383917075, 'HeI_4921.93': 3.677028968948346, 'HeI_5015.68': 2.057790577974901, 'HeI_5047.74': 1.3484219710019734, 'HeI_5875.66': 14.376546126610014, 'Hg': 1.3910173770104106}","{'Ha': 79.90142345188868, 'Hb': 2.169377364833623, 'Hd': 2.624174766041847, 'HeII_4199.83': 2.167697298707412, 'HeII_4686': 17.5396115775893, 'HeII_5411.53': 13.880144071276753, 'HeI_4471.50': 2.106314325109733, 'HeI_4713.17': 1.5484122648863108, 'HeI_4921.93': 2.576098648251474, 'HeI_5015.68': 1.776902165301463, 'HeI_5047.74': 1.232501735668888, 'HeI_5875.66': 11.88130253317865, 'Hg': 1.5479802528598967}","{'Ha': 80.6038010262688, 'Hb': 3.967334949695055, 'Hd': 2.8866402921295355, 'HeII_4199.83': 2.1796037575347658, 'HeII_4686': 18.13662372056649, 'HeII_5411.53': 13.992203016860973, 'HeI_4471.50': 2.604360539192144, 'HeI_4713.17': 1.6973348802599617, 'HeI_4921.93': 2.32723593848403, 'HeI_5015.68': 1.8078583062038975, 'HeI_5047.74': 1.1851325123588479, 'HeI_5875.66': 11.691119622181018, 'Hg': 1.973998226209477}","{'Ha': 81.91299381700713, 'Hb': 6.488404821479428, 'Hd': 3.3834801628612587, 'HeII_4199.83': 2.1946823430810296, 'HeII_4686': 18.669392878462943, 'HeII_5411.53': 14.10119476160664, 'HeI_4471.50': 3.5198947427347367, 'HeI_4713.17': 2.106440749924692, 'HeI_4921.93': 2.553015260353941, 'HeI_5015.68': 2.001429273691118, 'HeI_5047.74': 1.1859865340106837, 'HeI_5875.66': 12.760888440655014, 'Hg': 2.599415325327898}","{'Ha': 83.50102006526305, 'Hb': 9.454573779817526, 'Hd': 4.004450420242891, 'HeII_4199.83': 2.2098331142564014, 'HeII_4686': 19.089815228930426, 'HeII_5411.53': 14.202987836184144, 'HeI_4471.50': 4.594550832142393, 'HeI_4713.17': 2.602149931151606, 'HeI_4921.93': 2.9841189726898953, 'HeI_5015.68': 2.2568532902132215, 'HeI_5047.74': 1.2162785011767776, 'HeI_5875.66': 14.366378874580358, 'Hg': 3.3542916328078447}","{'Ha': 85.13454365689746, 'Hb': 12.660120699114488, 'Hd': 4.6888551238978895, 'HeII_4199.83': 2.2242169674376298, 'HeII_4686': 19.395867130616363, 'HeII_5411.53': 14.296772282376278, 'HeI_4471.50': 5.6850281072209805, 'HeI_4713.17': 3.0982150718354062, 'HeI_4921.93': 3.4784936563020263, 'HeI_5015.68': 2.5133298620553166, 'HeI_5047.74': 1.255457904707402, 'HeI_5875.66': 16.00192104168123, 'Hg': 4.177842060995319}"
T24000logg3.0,"{'Ha': 109.01989860766793, 'Hb': 8.428434886254694, 'Hd': 6.387439794709183, 'HeII_4199.83': 2.3850712660242657, 'HeII_4686': 16.06265860530844, 'HeII_5411.53': 14.62220309508523, 'HeI_4471.50': 14.30466718362504, 'HeI_4713.17': 12.200205047749536, 'HeI_4921.93': 22.720217749325148, 'HeI_5015.68': 10.188937223952284, 'HeI_5047.74': 3.137083769313643, 'HeI_5875.66': 55.23750862057795, 'Hg': 3.7368466889655605}","{'Ha': 103.81936519149377, 'Hb': 6.131435910559436, 'Hd': 5.0062566569444416, 'HeII_4199.83': 2.318261090637847, 'HeII_4686': 16.14634804403818, 'HeII_5411.53': 14.663493385657883, 'HeI_4471.50': 7.831226833858779, 'HeI_4713.17': 6.767936196833324, 'HeI_4921.93': 12.957644980739806, 'HeI_5015.68': 5.846136834162477, 'HeI_5047.74': 2.1754178603892265, 'HeI_5875.66': 34.693125542061004, 'Hg': 3.047775292669209}","{'Ha': 100.50813897218234, 'Hb': 4.888386730734453, 'Hd': 4.215702268832132, 'HeII_4199.83': 2.282519211672537, 'HeII_4686': 16.459458333849913, 'HeII_5411.53': 14.712166681299319, 'HeI_4471.50': 4.227464327457853, 'HeI_4713.17': 3.796376284042768, 'HeI_4921.93': 7.770974345813108, 'HeI_5015.68': 3.579797709015477, 'HeI_5047.74': 1.6613717475808079, 'HeI_5875.66': 22.425474325250697, 'Hg': 2.676834514730492}","{'Ha': 98.74656998142999, 'Hb': 4.758438154789826, 'Hd': 3.861420728811163, 'HeII_4199.83': 2.2686248181136355, 'HeII_4686': 16.937696322689312, 'HeII_5411.53': 14.766212601698939, 'HeI_4471.50': 2.540154646238898, 'HeI_4713.17': 2.3099262117891453, 'HeI_4921.93': 5.008936390278144, 'HeI_5015.68': 2.492338604742365, 'HeI_5047.74': 1.376114514817171, 'HeI_5875.66': 15.91069339677174, 'Hg': 2.5731850441316997}","{'Ha': 98.25482966519192, 'Hb': 5.638855071929459, 'Hd': 3.8644352832429294, 'HeII_4199.83': 2.2639212302276612, 'HeII_4686': 17.482069495393976, 'HeII_5411.53': 14.821484682068439, 'HeI_4471.50': 2.1481124187770977, 'HeI_4713.17': 1.81279177145773, 'HeI_4921.93': 3.674614212417539, 'HeI_5015.68': 2.084598041056117, 'HeI_5047.74': 1.2209843992547742, 'HeI_5875.66': 13.285279244197385, 'Hg': 2.757704078671107}","{'Ha': 98.67584187812581, 'Hb': 7.315341107973922, 'Hd': 4.136173187517508, 'HeII_4199.83': 2.2637678193813175, 'HeII_4686': 18.0145357477646, 'HeII_5411.53': 14.875426320889739, 'HeI_4471.50': 2.51355389734081, 'HeI_4713.17': 1.8846873698977773, 'HeI_4921.93': 3.2165728469149863, 'HeI_5015.68': 2.0362202464833805, 'HeI_5047.74': 1.147719778432329, 'HeI_5875.66': 12.989956046737777, 'Hg': 3.163571445716499}","{'Ha': 99.67395827933431, 'Hb': 9.6068239211988, 'Hd': 4.571913259533406, 'HeII_4199.83': 2.2681180517518014, 'HeII_4686': 18.48852712766014, 'HeII_5411.53': 14.92725613515767, 'HeI_4471.50': 3.3212069817522942, 'HeI_4713.17': 2.2471921481379717, 'HeI_4921.93': 3.2614473356339184, 'HeI_5015.68': 2.1764152555791507, 'HeI_5047.74': 1.131305716065017, 'HeI_5875.66': 13.972448286161098, 'Hg': 3.733382091122103}","{'Ha': 100.94221942189516, 'Hb': 12.282876438805607, 'Hd': 5.093919316304375, 'HeII_4199.83': 2.2735923269540876, 'HeII_4686': 18.864399934047277, 'HeII_5411.53': 14.975175876112834, 'HeI_4471.50': 4.31487150017107, 'HeI_4713.17': 2.715411997040163, 'HeI_4921.93': 3.5479035324149746, 'HeI_5015.68': 2.3955866484161255, 'HeI_5047.74': 1.1501665051315557, 'HeI_5875.66': 15.509368757785952, 'Hg': 4.412176445117004}","{'Ha': 102.2527490504456, 'Hb': 15.173351186084384, 'Hd': 5.662684621994428, 'HeII_4199.83': 2.2794653489340777, 'HeII_4686': 19.1401207728976, 'HeII_5411.53': 15.01907150318859, 'HeI_4471.50': 5.347373652571825, 'HeI_4713.17': 3.192729208134255, 'HeI_4921.93': 3.9288314353357574, 'HeI_5015.68': 2.6259746849254273, 'HeI_5047.74': 1.1812439107328725, 'HeI_5875.66': 17.08299887685589, 'Hg': 5.150413690095229}"
T24000logg3.2,"{'Ha': 131.32808944936065, 'Hb': 15.991593812939836, 'Hd': 8.708570518513556, 'HeII_4199.83': 2.520155531303945, 'HeII_4686': 15.25233845366552, 'HeII_5411.53': 15.186746611318789, 'HeI_4471.50': 14.616759233357769, 'HeI_4713.17': 13.118274813078031, 'HeI_4921.93': 23.840373751786945, 'HeI_5015.68': 11.238198456790748, 'HeI_5047.74': 3.300560045594057, 'HeI_5875.66': 56.93430833161223, 'Hg': 6.401294475545149}","{'Ha': 125.60622451884971, 'Hb': 13.610191673598228, 'Hd': 7.748853891267535, 'HeII_4199.83': 2.4285283314613744, 'HeII_4686': 15.38176810032195, 'HeII_5411.53': 15.209254553260518, 'HeI_4471.50': 8.41687849755132, 'HeI_4713.17': 7.393834083470239, 'HeI_4921.93': 14.183588188982702, 'HeI_5015.68': 6.5690308989373, 'HeI_5047.74': 2.269599522229143, 'HeI_5875.66': 36.38607023128057, 'Hg': 5.754021797372057}","{'Ha': 121.77563245951633, 'Hb': 12.320950789700497, 'Hd': 7.202152062897273, 'HeII_4199.83': 2.3761901413055964, 'HeII_4686': 15.67712207521028, 'HeII_5411.53': 15.235059479814852, 'HeI_4471.50': 4.833910924301834, 'HeI_4713.17': 4.2267620075491905, 'HeI_4921.93': 8.92545769508141, 'HeI_5015.68': 4.088888318064066, 'HeI_5047.74': 1.7144919592143781, 'HeI_5875.66': 24.00238956974933, 'Hg': 5.4290282752637165}","{'Ha': 119.5527241380869, 'Hb': 12.126175181864541, 'Hd': 6.97315640657372, 'HeII_4199.83': 2.3504637004446263, 'HeII_4686': 16.08637620325461, 'HeII_5411.53': 15.263447103063712, 'HeI_4471.50': 3.0621295741560433, 'HeI_4713.17': 2.6111610025796463, 'HeI_4921.93': 6.036173688315062, 'HeI_5015.68': 2.859858608902872, 'HeI_5047.74': 1.4023459953627009, 'HeI_5875.66': 17.34885990061609, 'Hg': 5.34787378067406}","{'Ha': 118.6526407428509, 'Hb': 12.893831118808047, 'Hd': 7.012432406332728, 'HeII_4199.83': 2.3360539611229165, 'HeII_4686': 16.53478183740355, 'HeII_5411.53': 15.292163266037091, 'HeI_4471.50': 2.5547411667056963, 'HeI_4713.17': 2.032852158889967, 'HeI_4921.93': 4.565363009525676, 'HeI_5015.68': 2.361122992723862, 'HeI_5047.74': 1.229046356993421, 'HeI_5875.66': 14.598661231635257, 'Hg': 5.527690317707477}","{'Ha': 118.69969054296351, 'Hb': 14.40461077451637, 'Hd': 7.2544461303381365, 'HeII_4199.83': 2.3275302839714906, 'HeII_4686': 16.965648200224987, 'HeII_5411.53': 15.320040923728053, 'HeI_4471.50': 2.8070972421450153, 'HeI_4713.17': 2.0542073275004693, 'HeI_4921.93': 3.979503057294417, 'HeI_5015.68': 2.2542169597799213, 'HeI_5047.74': 1.1434242809565431, 'HeI_5875.66': 14.198477235626, 'Hg': 5.903060268930051}","{'Ha': 119.34274704357962, 'Hb': 16.480926519737526, 'Hd': 7.6204408939210335, 'HeII_4199.83': 2.324380207495617, 'HeII_4686': 17.345306752866083, 'HeII_5411.53': 15.346683049893615, 'HeI_4471.50': 3.51242494525552, 'HeI_4713.17': 2.384529163994274, 'HeI_4921.93': 3.910788259838634, 'HeI_5015.68': 2.35388228196961, 'HeI_5047.74': 1.118391151422891, 'HeI_5875.66': 15.09253342978566, 'Hg': 6.421648674043305}","{'Ha': 120.27704273404328, 'Hb': 18.90989589539103, 'Hd': 8.052357972236987, 'HeII_4199.83': 2.3230135830784984, 'HeII_4686': 17.644346662303004, 'HeII_5411.53': 15.371269511702842, 'HeI_4471.50': 4.422803713123544, 'HeI_4713.17': 2.832608200570947, 'HeI_4921.93': 4.1046915924086775, 'HeI_5015.68': 2.5446756059566638, 'HeI_5047.74': 1.1311539811776352, 'HeI_5875.66': 16.5587734473823, 'Hg': 7.036211465584328}","{'Ha': 121.2616645932968, 'Hb': 21.53477153001092, 'Hd': 8.521623458553611, 'HeII_4199.83': 2.3228114932043713, 'HeII_4686': 17.864203836149606, 'HeII_5411.53': 15.39380751829393, 'HeI_4471.50': 5.390732091467268, 'HeI_4713.17': 3.2954239726082424, 'HeI_4921.93': 4.411555609544122, 'HeI_5015.68': 2.7541830207655, 'HeI_5047.74': 1.1576504581261193, 'HeI_5875.66': 18.06948866462995, 'Hg': 7.703432065653913}"
T24000logg3.4,"{'Ha': 140.63692419978892, 'Hb': 23.449340047822318, 'Hd': 12.321980741679816, 'HeII_4199.83': 2.7174401389064355, 'HeII_4686': 15.097918443430949, 'HeII_5411.53': 15.34063920364956, 'HeI_4471.50': 14.99475151379459, 'HeI_4713.17': 13.607440001989923, 'HeI_4921.93': 25.126251605733128, 'HeI_5015.68': 12.092614735471996, 'HeI_5047.74': 3.416900485216539, 'HeI_5875.66': 57.13151864391839, 'Hg': 10.056465575836555}","{'Ha': 135.0748597307357, 'Hb': 21.246759921982225, 'Hd': 11.625796839513413, 'HeII_4199.83': 2.581513630823513, 'HeII_4686': 15.248191230739941, 'HeII_5411.53': 15.354030911380958, 'HeI_4471.50': 9.085110289564689, 'HeI_4713.17': 7.758986130032919, 'HeI_4921.93': 15.533113438222314, 'HeI_5015.68': 7.171490070656122, 'HeI_5047.74': 2.339835387204076, 'HeI_5875.66': 36.90533956443085, 'Hg': 9.467742078431561}","{'Ha': 131.31219749970126, 'Hb': 20.081566434842365, 'Hd': 11.22536679275196, 'HeII_4199.83': 2.501585554902903, 'HeII_4686': 15.523907899755546, 'HeII_5411.53': 15.369059600488793, 'HeI_4471.50': 5.57602066656543, 'HeI_4713.17': 4.50054057947371, 'HeI_4921.93': 10.156883640662809, 'HeI_5015.68': 4.5241296599567535, 'HeI_5047.74': 1.7573904726005602, 'HeI_5875.66': 24.658204056505273, 'Hg': 9.20131875011077}","{'Ha': 129.11376364381832, 'Hb': 19.95295393474422, 'Hd': 11.0652308969399, 'HeII_4199.83': 2.457862891606277, 'HeII_4686': 15.887513898052648, 'HeII_5411.53': 15.385453074019546, 'HeI_4471.50': 3.7676359398153436, 'HeI_4713.17': 2.8210008677497154, 'HeI_4921.93': 7.112399477140234, 'HeI_5015.68': 3.1829041743975135, 'HeI_5047.74': 1.4272933912421577, 'HeI_5875.66': 18.043275838465114, 'Hg': 9.148680117339335}","{'Ha': 128.19648937465993, 'Hb': 20.72499617526249, 'Hd': 11.11468705663237, 'HeII_4199.83': 2.429854036809374, 'HeII_4686': 16.278994573675785, 'HeII_5411.53': 15.40176971281621, 'HeI_4471.50': 3.175376965078524, 'HeI_4713.17': 2.200278257686708, 'HeI_4921.93': 5.498968741730783, 'HeI_5015.68': 2.610888165209758, 'HeI_5047.74': 1.2418084349874898, 'HeI_5875.66': 15.286860173019202, 'Hg': 9.33323680590177}","{'Ha': 128.1849811343229, 'Hb': 22.182918318234805, 'Hd': 11.324297490837044, 'HeII_4199.83': 2.410372641096208, 'HeII_4686': 16.65260900921829, 'HeII_5411.53': 15.417449356622615, 'HeI_4471.50': 3.3302585985719544, 'HeI_4713.17': 2.193797386493536, 'HeI_4921.93': 4.790872207378696, 'HeI_5015.68': 2.4560901289147585, 'HeI_5047.74': 1.1478246289034415, 'HeI_5875.66': 14.862185648312087, 'Hg': 9.693360058751017}","{'Ha': 128.73469964143698, 'Hb': 24.154557741181957, 'Hd': 11.634154283335693, 'HeII_4199.83': 2.3978888278323467, 'HeII_4686': 16.98161285808199, 'HeII_5411.53': 15.432270349590738, 'HeI_4471.50': 3.938559764981325, 'HeI_4713.17': 2.5053774232591093, 'HeI_4921.93': 4.618602959962461, 'HeI_5015.68': 2.522144666939286, 'HeI_5047.74': 1.1168485471850909, 'HeI_5875.66': 15.724842902054434, 'Hg': 10.180281491453467}","{'Ha': 129.55191318884252, 'Hb': 26.438324792945508, 'Hd': 11.999146569344205, 'HeII_4199.83': 2.3881417917956496, 'HeII_4686': 17.241613858505673, 'HeII_5411.53': 15.445910585981624, 'HeI_4471.50': 4.76332845932311, 'HeI_4713.17': 2.941149305243062, 'HeI_4921.93': 4.729644774899095, 'HeI_5015.68': 2.6889865099372785, 'HeI_5047.74': 1.1252106849073529, 'HeI_5875.66': 17.160377925400116, 'Hg': 10.752702142988046}","{'Ha': 130.40202679138002, 'Hb': 28.888916707875296, 'Hd': 12.39650464426316, 'HeII_4199.83': 2.3806545243130843, 'HeII_4686': 17.43371258680081, 'HeII_5411.53': 15.458532338551697, 'HeI_4471.50': 5.659590053111057, 'HeI_4713.17': 3.3941496421693325, 'HeI_4921.93': 4.969956329029331, 'HeI_5015.68': 2.880638116781538, 'HeI_5047.74': 1.1482067415014507, 'HeI_5875.66': 18.64062138156689, 'Hg': 11.371497878159698}"
T24000logg3.6,"{'Ha': 166.56891161504646, 'Hb': 33.26919212973535, 'Hd': 16.070360411773017, 'HeII_4199.83': 2.637252206007018, 'HeII_4686': 14.840497375525956, 'HeII_5411.53': 15.580496335693093, 'HeI_4471.50': 15.788565717598186, 'HeI_4713.17': 14.902257842761623, 'HeI_4921.93': 24.711495925464984, 'HeI_5015.68': 12.814718270225832, 'HeI_5047.74': 3.416047887814827, 'HeI_5875.66': 59.853992209214134, 'Hg': 12.502052821105533}","{'Ha': 160.9787388315259, 'Hb': 31.23903213692326, 'Hd': 15.574989728479768, 'HeII_4199.83': 2.5422101709534712, 'HeII_4686': 14.982224322632524, 'HeII_5411.53': 15.585316108352556, 'HeI_4471.50': 10.16322823538897, 'HeI_4713.17': 8.661651975828182, 'HeI_4921.93': 15.743314594718093, 'HeI_5015.68': 7.7114230325765885, 'HeI_5047.74': 2.3413872728393534, 'HeI_5875.66': 39.65145356252785, 'Hg': 12.037201639071167}","{'Ha': 156.97823554406767, 'Hb': 30.192110319679745, 'Hd': 15.291443321024078, 'HeII_4199.83': 2.4855518684096394, 'HeII_4686': 15.196551219602782, 'HeII_5411.53': 15.59007860322006, 'HeI_4471.50': 6.7221798046494925, 'HeI_4713.17': 5.137830685872224, 'HeI_4921.93': 10.588815663096549, 'HeI_5015.68': 4.932659103298286, 'HeI_5047.74': 1.7575958579923516, 'HeI_5875.66': 27.210648249123267, 'Hg': 11.829989774146673}","{'Ha': 154.43164653477535, 'Hb': 30.102030642896953, 'Hd': 15.188138130378643, 'HeII_4199.83': 2.4547226470435763, 'HeII_4686': 15.46221460720611, 'HeII_5411.53': 15.595040304669393, 'HeI_4471.50': 4.870519839017446, 'HeI_4713.17': 3.2799226449702217, 'HeI_4921.93': 7.604845989516601, 'HeI_5015.68': 3.4986588903279943, 'HeI_5047.74': 1.4252882453159352, 'HeI_5875.66': 20.35545616219574, 'Hg': 11.819757892266706}","{'Ha': 153.1115943450267, 'Hb': 30.833999323559052, 'Hd': 15.24673804570129, 'HeII_4199.83': 2.434868886321245, 'HeII_4686': 15.741106868442246, 'HeII_5411.53': 15.599557602081578, 'HeI_4471.50': 4.185568494256949, 'HeI_4713.17': 2.5450237953707346, 'HeI_4921.93': 5.991967019837843, 'HeI_5015.68': 2.863578401984904, 'HeI_5047.74': 1.237738974780997, 'HeI_5875.66': 17.37996909715598, 'Hg': 12.014680583500365}","{'Ha': 152.67094484280858, 'Hb': 32.18823969161673, 'Hd': 15.431281990585886, 'HeII_4199.83': 2.4209529362253335, 'HeII_4686': 16.004242612152645, 'HeII_5411.53': 15.603595684623327, 'HeI_4471.50': 4.2387091446476575, 'HeI_4713.17': 2.465638786474746, 'HeI_4921.93': 5.259541949630347, 'HeI_5015.68': 2.665531751972707, 'HeI_5047.74': 1.1420755186081837, 'HeI_5875.66': 16.76857120781315, 'Hg': 12.358736897984874}","{'Ha': 152.7733921235525, 'Hb': 34.0052640331844, 'Hd': 15.698103387645242, 'HeII_4199.83': 2.4124519020825073, 'HeII_4686': 16.234885329257224, 'HeII_5411.53': 15.607070693675775, 'HeI_4471.50': 4.752568812600063, 'HeI_4713.17': 2.7292203815735836, 'HeI_4921.93': 5.053880048621904, 'HeI_5015.68': 2.700048369310504, 'HeI_5047.74': 1.1096412462829592, 'HeI_5875.66': 17.472269490075305, 'Hg': 12.811213205571153}","{'Ha': 153.14626455286836, 'Hb': 36.10106420656496, 'Hd': 16.011718472520982, 'HeII_4199.83': 2.405993660734059, 'HeII_4686': 16.417141751382722, 'HeII_5411.53': 15.61008202028068, 'HeI_4471.50': 5.500760045443676, 'HeI_4713.17': 3.133867702805663, 'HeI_4921.93': 5.133009931804776, 'HeI_5015.68': 2.8440553293862645, 'HeI_5047.74': 1.1167081870382929, 'HeI_5875.66': 18.78063555122787, 'Hg': 13.336222301384005}","{'Ha': 153.5563189694061, 'Hb': 38.34203232700917, 'Hd': 16.353713573952835, 'HeII_4199.83': 2.4010129394895845, 'HeII_4686': 16.552315787705794, 'HeII_5411.53': 15.612905294058013, 'HeI_4471.50': 6.337386319150839, 'HeI_4713.17': 3.564251551888206, 'HeI_4921.93': 5.345880673646691, 'HeI_5015.68': 3.0184993778274687, 'HeI_5047.74': 1.1386055654490728, 'HeI_5875.66': 20.15057975999978, 'Hg': 13.89979518527737}"
T24000logg3.8,"{'Ha': 147.3876662023638, 'Hb': 50.86700528779469, 'Hd': 24.166236827372263, 'HeII_4199.83': 2.548770143714961, 'HeII_4686': 14.605506244517988, 'HeII_5411.53': 15.86659493159859, 'HeI_4471.50': 21.093633850339405, 'HeI_4713.17': 20.399663742744483, 'HeI_4921.93': 31.65795317790672, 'HeI_5015.68': 18.267306297024625, 'HeI_5047.74': 4.582296245609464, 'HeI_5875.66': 68.31018384891688, 'Hg': 18.103608212666668}","{'Ha': 140.88360931121903, 'Hb': 48.609279036321816, 'Hd': 23.77727559731926, 'HeII_4199.83': 2.5209015821135212, 'HeII_4686': 14.659780148970862, 'HeII_5411.53': 15.866207509290955, 'HeI_4471.50': 14.789790145226496, 'HeI_4713.17': 12.418371055713113, 'HeI_4921.93': 21.347092688365294, 'HeI_5015.68': 11.533859207207396, 'HeI_5047.74': 3.073902325719168, 'HeI_5875.66': 46.29496002214733, 'Hg': 17.700850814918347}","{'Ha': 136.39699800189132, 'Hb': 47.421639714781854, 'Hd': 23.497654390168464, 'HeII_4199.83': 2.5039232431585563, 'HeII_4686': 14.732777086194021, 'HeII_5411.53': 15.865331461319363, 'HeI_4471.50': 10.70413788841672, 'HeI_4713.17': 7.773067666858305, 'HeI_4921.93': 14.864725017929247, 'HeI_5015.68': 7.710668058072818, 'HeI_5047.74': 2.2280441530142774, 'HeI_5875.66': 32.49044959853397, 'Hg': 17.49079726914008}","{'Ha': 133.67457978915448, 'Hb': 47.21147277171173, 'Hd': 23.331653109889707, 'HeII_4199.83': 2.4956122717758764, 'HeII_4686': 14.818700961627112, 'HeII_5411.53': 15.864187261503929, 'HeI_4471.50': 8.272637014473764, 'HeI_4713.17': 5.182591100330499, 'HeI_4921.93': 10.847398168782425, 'HeI_5015.68': 5.590034969384376, 'HeI_5047.74': 1.727060002576336, 'HeI_5875.66': 24.64658817461268, 'Hg': 17.459467712691037}","{'Ha': 132.38402250650586, 'Hb': 47.807316483973274, 'Hd': 23.27796789274565, 'HeII_4199.83': 2.4905934007301895, 'HeII_4686': 14.906641981466505, 'HeII_5411.53': 15.862731244912974, 'HeI_4471.50': 7.098269413051716, 'HeI_4713.17': 3.987358809065419, 'HeI_4921.93': 8.551298268961752, 'HeI_5015.68': 4.505406809597196, 'HeI_5047.74': 1.4283841725589876, 'HeI_5875.66': 20.988369695196813, 'Hg': 17.59467200448974}","{'Ha': 132.09366904740807, 'Hb': 48.99102399746051, 'Hd': 23.317800887253213, 'HeII_4199.83': 2.487210891062055, 'HeII_4686': 14.988443489442904, 'HeII_5411.53': 15.861097671304393, 'HeI_4471.50': 6.753200245006519, 'HeI_4713.17': 3.6167225115917745, 'HeI_4921.93': 7.378275552235505, 'HeI_5015.68': 4.004363372360925, 'HeI_5047.74': 1.2580944629302808, 'HeI_5875.66': 19.90054423526795, 'Hg': 17.850367759512924}","{'Ha': 132.41087666185675, 'Hb': 50.59346600708852, 'Hd': 23.429386049702256, 'HeII_4199.83': 2.4861278023965276, 'HeII_4686': 15.059008857905122, 'HeII_5411.53': 15.859281795528817, 'HeI_4471.50': 6.941562240880222, 'HeI_4713.17': 3.688170655863015, 'HeI_4921.93': 6.876869008361409, 'HeI_5015.68': 3.8218714542605414, 'HeI_5047.74': 1.1746099578639522, 'HeI_5875.66': 20.25643286084389, 'Hg': 18.19342912625114}","{'Ha': 133.01579438333508, 'Hb': 52.43790143779453, 'Hd': 23.592739642770088, 'HeII_4199.83': 2.4857481155510905, 'HeII_4686': 15.11382139619571, 'HeII_5411.53': 15.85744232792884, 'HeI_4471.50': 7.431619920391764, 'HeI_4713.17': 3.966029293359695, 'HeI_4921.93': 6.7531454925, 'HeI_5015.68': 3.810161941670741, 'HeI_5047.74': 1.1470908629987762, 'HeI_5875.66': 21.313059747412435, 'Hg': 18.595709104798964}","{'Ha': 133.65038294176142, 'Hb': 54.39615429265385, 'Hd': 23.79217425342462, 'HeII_4199.83': 2.4855590661460067, 'HeII_4686': 15.153903950457872, 'HeII_5411.53': 15.855721280600214, 'HeI_4471.50': 8.058839320169664, 'HeI_4713.17': 4.303267037680055, 'HeI_4921.93': 6.814552661811768, 'HeI_5015.68': 3.866908766740915, 'HeI_5047.74': 1.1439251159868102, 'HeI_5875.66': 22.479860520513512, 'Hg': 19.03001280934018}"
T24000logg4.0,"{'Ha': 193.22566814064933, 'Hb': 58.50676695820171, 'Hd': 27.490549495125354, 'HeII_4199.83': 2.6066127510129475, 'HeII_4686': 14.672112481724184, 'HeII_5411.53': 15.761131622802713, 'HeI_4471.50': 17.890235928267465, 'HeI_4713.17': 15.867524975074955, 'HeI_4921.93': 25.581638599899232, 'HeI_5015.68': 13.447270284376499, 'HeI_5047.74': 3.4570607806097327, 'HeI_5875.66': 60.01711597682975, 'Hg': 21.251184905801086}","{'Ha': 187.81825801864832, 'Hb': 56.63109541216436, 'Hd': 27.229823589095247, 'HeII_4199.83': 2.5372846210768785, 'HeII_4686': 14.781029000265573, 'HeII_5411.53': 15.761581492283858, 'HeI_4471.50': 13.142375610345292, 'HeI_4713.17': 9.474677315868952, 'HeI_4921.93': 17.663510443517804, 'HeI_5015.68': 8.276177561222978, 'HeI_5047.74': 2.383654412597597, 'HeI_5875.66': 40.93655897310853, 'Hg': 20.953825902695602}","{'Ha': 183.87047109880035, 'Hb': 55.756059749652664, 'Hd': 27.095081844277782, 'HeII_4199.83': 2.4955584083150155, 'HeII_4686': 14.938347061131736, 'HeII_5411.53': 15.761347980562288, 'HeI_4471.50': 10.067635940088152, 'HeI_4713.17': 5.7964536326632405, 'HeI_4921.93': 12.751891567021362, 'HeI_5015.68': 5.408024432185446, 'HeI_5047.74': 1.7927510585954924, 'HeI_5875.66': 29.024158833019165, 'Hg': 20.856631698606247}","{'Ha': 181.31880305070038, 'Hb': 55.804528319723495, 'Hd': 27.07412878902801, 'HeII_4199.83': 2.473064453920266, 'HeII_4686': 15.12852685151074, 'HeII_5411.53': 15.760793892791096, 'HeI_4471.50': 8.272466609776929, 'HeI_4713.17': 3.8119416664521566, 'HeI_4921.93': 9.715821719975297, 'HeI_5015.68': 3.893200840266398, 'HeI_5047.74': 1.452850483340461, 'HeI_5875.66': 22.350166183206706, 'Hg': 20.925852839504362}","{'Ha': 179.93745835200954, 'Hb': 56.60524602684883, 'Hd': 27.156066818964586, 'HeII_4199.83': 2.458591056428856, 'HeII_4686': 15.325581615560228, 'HeII_5411.53': 15.759716114584592, 'HeI_4471.50': 7.47279397264459, 'HeI_4713.17': 2.98303165024018, 'HeI_4921.93': 7.97053845841337, 'HeI_5015.68': 3.1943365303039464, 'HeI_5047.74': 1.2594795872892786, 'HeI_5875.66': 19.378723738767917, 'Hg': 21.151841663315185}","{'Ha': 179.3741957362746, 'Hb': 57.94373722123165, 'Hd': 27.316920984432183, 'HeII_4199.83': 2.4483964331751795, 'HeII_4686': 15.510338231090456, 'HeII_5411.53': 15.758296693622846, 'HeI_4471.50': 7.340858970766311, 'HeI_4713.17': 2.8357366353861995, 'HeI_4921.93': 7.0894850835009295, 'HeI_5015.68': 2.947650988485575, 'HeI_5047.74': 1.1595157094698356, 'HeI_5875.66': 18.69465079872361, 'Hg': 21.484568249011687}","{'Ha': 179.29461598639386, 'Hb': 59.657755426886716, 'Hd': 27.53134094032241, 'HeII_4199.83': 2.442474038173811, 'HeII_4686': 15.671232323954456, 'HeII_5411.53': 15.756517999319463, 'HeI_4471.50': 7.646780944311799, 'HeI_4713.17': 3.0497475999428585, 'HeI_4921.93': 6.739766958181013, 'HeI_5015.68': 2.943620334758079, 'HeI_5047.74': 1.123279311886034, 'HeI_5875.66': 19.295702696935845, 'Hg': 21.891539645514374}","{'Ha': 179.43998815540738, 'Hb': 61.57224573052952, 'Hd': 27.775354267277077, 'HeII_4199.83': 2.4380873608875575, 'HeII_4686': 15.79763975629545, 'HeII_5411.53': 15.75462508581445, 'HeI_4471.50': 8.19896810598591, 'HeI_4713.17': 3.41956771911876, 'HeI_4921.93': 6.69466754036924, 'HeI_5015.68': 3.0582318802508945, 'HeI_5047.74': 1.1264207390743053, 'HeI_5875.66': 20.499595508081658, 'Hg': 22.344385832776755}","{'Ha': 179.58757179625883, 'Hb': 63.564920985808456, 'Hd': 28.034790421517215, 'HeII_4199.83': 2.434662424835796, 'HeII_4686': 15.891360135078022, 'HeII_5411.53': 15.752871988353562, 'HeI_4471.50': 8.861218946300596, 'HeI_4713.17': 3.822400316985884, 'HeI_4921.93': 6.803222338800821, 'HeI_5015.68': 3.2103165030230905, 'HeI_5047.74': 1.1444287538055695, 'HeI_5875.66': 21.767754390217576, 'Hg': 22.816181903782102}"
T24000logg4.2,"{'Ha': 201.93934996152566, 'Hb': 71.53231877593538, 'Hd': 34.37696432255376, 'HeII_4199.83': 2.5794152783147863, 'HeII_4686': 14.642583654472604, 'HeII_5411.53': 15.803139960842007, 'HeI_4471.50': 19.53240439594162, 'HeI_4713.17': 16.30350011941537, 'HeI_4921.93': 26.454289533547342, 'HeI_5015.68': 13.874823744200157, 'HeI_5047.74': 3.5043279832760277, 'HeI_5875.66': 60.15623047394358, 'Hg': 26.328889040788127}","{'Ha': 196.5038729408876, 'Hb': 69.92007283187954, 'Hd': 34.1963141317484, 'HeII_4199.83': 2.526652849257385, 'HeII_4686': 14.731315131238238, 'HeII_5411.53': 15.80292546533138, 'HeI_4471.50': 15.198629149137718, 'HeI_4713.17': 9.851249887985714, 'HeI_4921.93': 19.02363537258215, 'HeI_5015.68': 8.673771524417852, 'HeI_5047.74': 2.4261448867462994, 'HeI_5875.66': 41.68826074334808, 'Hg': 26.113265075441845}","{'Ha': 192.56206601794605, 'Hb': 69.26352309829387, 'Hd': 34.11469159417933, 'HeII_4199.83': 2.4946588199931568, 'HeII_4686': 14.855227324392047, 'HeII_5411.53': 15.802025007862754, 'HeI_4471.50': 12.322659057987593, 'HeI_4713.17': 6.105332424588601, 'HeI_4921.93': 14.230804879878907, 'HeI_5015.68': 5.750919506538431, 'HeI_5047.74': 1.8257448252361277, 'HeI_5875.66': 30.073166920519512, 'Hg': 26.069930943587273}","{'Ha': 190.04084840901712, 'Hb': 69.47033254263884, 'Hd': 34.12375324181587, 'HeII_4199.83': 2.4776489277588336, 'HeII_4686': 15.003242474690195, 'HeII_5411.53': 15.800784984399861, 'HeI_4471.50': 10.584682515092375, 'HeI_4713.17': 4.0658317957290135, 'HeI_4921.93': 11.177038818407294, 'HeI_5015.68': 4.1827834650640305, 'HeI_5047.74': 1.4773233344979595, 'HeI_5875.66': 23.507929856120594, 'Hg': 26.175071283904643}","{'Ha': 188.69371239054237, 'Hb': 70.36395251458703, 'Hd': 34.215019176483096, 'HeII_4199.83': 2.4667853358668754, 'HeII_4686': 15.155779692452917, 'HeII_5411.53': 15.799090490700584, 'HeI_4471.50': 9.751576466739058, 'HeI_4713.17': 3.195675591139532, 'HeI_4921.93': 9.375435210303015, 'HeI_5015.68': 3.4398059881271315, 'HeI_5047.74': 1.2777875280913507, 'HeI_5875.66': 20.54687032945679, 'Hg': 26.41417270228298}","{'Ha': 188.15391799299013, 'Hb': 71.73591660771969, 'Hd': 34.36892025099499, 'HeII_4199.83': 2.459165921353756, 'HeII_4686': 15.298186722479162, 'HeII_5411.53': 15.797135030379467, 'HeI_4471.50': 9.538551904689614, 'HeI_4713.17': 3.018168663583314, 'HeI_4921.93': 8.424515361093524, 'HeI_5015.68': 3.158018655721597, 'HeI_5047.74': 1.1734309838505685, 'HeI_5875.66': 19.827893420894515, 'Hg': 26.741748747520667}","{'Ha': 188.07869535309538, 'Hb': 73.4332150363082, 'Hd': 34.56580633708903, 'HeII_4199.83': 2.455064851806937, 'HeII_4686': 15.421758013484869, 'HeII_5411.53': 15.794907779221713, 'HeI_4471.50': 9.738486319989763, 'HeI_4713.17': 3.209943180160065, 'HeI_4921.93': 8.00049526233321, 'HeI_5015.68': 3.125802431784403, 'HeI_5047.74': 1.133610128442694, 'HeI_5875.66': 20.374726848157405, 'Hg': 27.129099311164214}","{'Ha': 188.20774705057312, 'Hb': 75.28974080119727, 'Hd': 34.785701294575276, 'HeII_4199.83': 2.4521879084544542, 'HeII_4686': 15.51862995780782, 'HeII_5411.53': 15.79264167319996, 'HeI_4471.50': 10.179536091776521, 'HeI_4713.17': 3.5639667891767233, 'HeI_4921.93': 7.885887296510556, 'HeI_5015.68': 3.2187156456985466, 'HeI_5047.74': 1.1334776994615086, 'HeI_5875.66': 21.52061203067983, 'Hg': 27.5509775966472}","{'Ha': 188.32153529754697, 'Hb': 77.19149942077388, 'Hd': 35.015940595434984, 'HeII_4199.83': 2.449963368774169, 'HeII_4686': 15.590344580577971, 'HeII_5411.53': 15.790555526052007, 'HeI_4471.50': 10.733897154716525, 'HeI_4713.17': 3.954056917636105, 'HeI_4921.93': 7.931657763209077, 'HeI_5015.68': 3.3540734684902347, 'HeI_5047.74': 1.148442896703935, 'HeI_5875.66': 22.730708949084764, 'Hg': 27.98347933417383}"
T25000logg2.8,"{'Ha': 113.14849875009226, 'Hb': 10.196615478772245, 'Hd': 10.230400965239625, 'HeII_4199.83': 1.977057150517908, 'HeII_4686': 16.141515132050678, 'HeII_5411.53': 11.72567466506008, 'HeI_4471.50': 14.240671914386315, 'HeI_4713.17': 10.863538735973268, 'HeI_4921.93': 19.13736270593828, 'HeI_5015.68': 8.415109414740297, 'HeI_5047.74': 2.50747420828343, 'HeI_5875.66': 58.22922018046882, 'Hg': 3.8587107151830753}","{'Ha': 107.29760928396735, 'Hb': 5.9585149107176045, 'Hd': 6.963750277338346, 'HeII_4199.83': 1.9648776087377144, 'HeII_4686': 15.920752063882867, 'HeII_5411.53': 11.852180710503834, 'HeI_4471.50': 7.481691016402933, 'HeI_4713.17': 5.876528683317456, 'HeI_4921.93': 10.14037936725204, 'HeI_5015.68': 4.6835658019539235, 'HeI_5047.74': 1.8514072321902542, 'HeI_5875.66': 36.49127868155012, 'Hg': 2.640031863851274}","{'Ha': 102.93633788339847, 'Hb': 3.0183110868859226, 'Hd': 4.91182551567629, 'HeII_4199.83': 1.9691110336086866, 'HeII_4686': 16.13277822519321, 'HeII_5411.53': 12.015888864862719, 'HeI_4471.50': 3.9317124973632254, 'HeI_4713.17': 3.203778583898517, 'HeI_4921.93': 5.413994748513715, 'HeI_5015.68': 2.8089506093014136, 'HeI_5047.74': 1.5137594798770004, 'HeI_5875.66': 23.46986173480191, 'Hg': 1.7884693498274036}","{'Ha': 100.212906467361, 'Hb': 1.653296641735806, 'Hd': 3.7451716523721643, 'HeII_4199.83': 1.9869765580194794, 'HeII_4686': 16.652284598930823, 'HeII_5411.53': 12.206576856976621, 'HeI_4471.50': 2.401271659485142, 'HeI_4713.17': 1.911927391780283, 'HeI_4921.93': 3.0352964501205157, 'HeI_5015.68': 1.9753653413512886, 'HeI_5047.74': 1.3400299637652238, 'HeI_5875.66': 16.49690273247134, 'Hg': 1.3594276950028477}","{'Ha': 99.01523011326204, 'Hb': 1.8074165251693495, 'Hd': 3.2656354468848727, 'HeII_4199.83': 2.0110784480287482, 'HeII_4686': 17.315410691587918, 'HeII_5411.53': 12.408306108293898, 'HeI_4471.50': 2.166207692766646, 'HeI_4713.17': 1.5349943529670498, 'HeI_4921.93': 2.07451965390946, 'HeI_5015.68': 1.7259121471222973, 'HeI_5047.74': 1.2574292836918477, 'HeI_5875.66': 13.606699859084328, 'Hg': 1.3478700483698995}","{'Ha': 98.99132315546188, 'Hb': 3.1806063181970643, 'Hd': 3.301268957418861, 'HeII_4199.83': 2.037654073657553, 'HeII_4686': 17.99077883677916, 'HeII_5411.53': 12.609564465477654, 'HeI_4471.50': 2.6672982092545072, 'HeI_4713.17': 1.6797570452476533, 'HeI_4921.93': 1.959688334827685, 'HeI_5015.68': 1.7750114339307141, 'HeI_5047.74': 1.2315097417299221, 'HeI_5875.66': 13.158141963302885, 'Hg': 1.6696640519984396}","{'Ha': 99.76273321554913, 'Hb': 5.475814575549705, 'Hd': 3.6701227871583484, 'HeII_4199.83': 2.066767603343908, 'HeII_4686': 18.599781346621892, 'HeII_5411.53': 12.806887097942283, 'HeI_4471.50': 3.5927413367420056, 'HeI_4713.17': 2.0868223913207182, 'HeI_4921.93': 2.305244400610767, 'HeI_5015.68': 1.9801457102119016, 'HeI_5047.74': 1.246038379283952, 'HeI_5875.66': 14.04948832415509, 'Hg': 2.2395134680168933}","{'Ha': 100.96742928345009, 'Hb': 8.361009679157972, 'Hd': 4.232390905863295, 'HeII_4199.83': 2.0950460905669286, 'HeII_4686': 19.0818615897941, 'HeII_5411.53': 12.991887034035734, 'HeI_4471.50': 4.678588564727624, 'HeI_4713.17': 2.581743949436106, 'HeI_4921.93': 2.8335746474304013, 'HeI_5015.68': 2.243178004296118, 'HeI_5047.74': 1.284781133687991, 'HeI_5875.66': 15.534298093003496, 'Hg': 2.974132195687656}","{'Ha': 102.30238827418586, 'Hb': 11.577950308319716, 'Hd': 4.902176487656371, 'HeII_4199.83': 2.121415444250022, 'HeII_4686': 19.431440803412507, 'HeII_5411.53': 13.162360463117889, 'HeI_4471.50': 5.7788760861583865, 'HeI_4713.17': 3.078109159645204, 'HeI_4921.93': 3.4035363980030575, 'HeI_5015.68': 2.504968205243363, 'HeI_5047.74': 1.3296209578512794, 'HeI_5875.66': 17.07625144767748, 'Hg': 3.8023754668982894}"
T25000logg3.0,"{'Ha': 110.83051508536595, 'Hb': 7.908031110696159, 'Hd': 7.58248062545762, 'HeII_4199.83': 2.1242489084112934, 'HeII_4686': 18.256963273307317, 'HeII_5411.53': 13.22644032189595, 'HeI_4471.50': 13.825071974346509, 'HeI_4713.17': 11.543611128068266, 'HeI_4921.93': 21.515145342207127, 'HeI_5015.68': 9.404527511968178, 'HeI_5047.74': 2.9419100901661523, 'HeI_5875.66': 54.48233811670364, 'Hg': 2.9800197783851123}","{'Ha': 105.90285748840009, 'Hb': 5.558708758151091, 'Hd': 5.607858885330262, 'HeII_4199.83': 2.075804098159636, 'HeII_4686': 18.13668456199653, 'HeII_5411.53': 13.308958090960592, 'HeI_4471.50': 7.471940507106486, 'HeI_4713.17': 6.363162508401063, 'HeI_4921.93': 12.031169165480389, 'HeI_5015.68': 5.335097039321851, 'HeI_5047.74': 2.063894286817145, 'HeI_5875.66': 34.15590781273585, 'Hg': 2.3341477712344276}","{'Ha': 102.68290583201035, 'Hb': 4.242974175093184, 'Hd': 4.460201779713844, 'HeII_4199.83': 2.0546972735808198, 'HeII_4686': 18.383992867111242, 'HeII_5411.53': 13.409683432035923, 'HeI_4471.50': 3.9831202004375723, 'HeI_4713.17': 3.546641908597343, 'HeI_4921.93': 6.974003969130667, 'HeI_5015.68': 3.2379311391515957, 'HeI_5047.74': 1.59721585054567, 'HeI_5875.66': 22.028298380235793, 'Hg': 1.9669098248541435}","{'Ha': 100.93283245725429, 'Hb': 4.047404169600252, 'Hd': 3.881896575339187, 'HeII_4199.83': 2.0536904007436703, 'HeII_4686': 18.900775194411263, 'HeII_5411.53': 13.523922938320544, 'HeI_4471.50': 2.3913258675625273, 'HeI_4713.17': 2.1572250275034803, 'HeI_4921.93': 4.31411730235976, 'HeI_5015.68': 2.2581005626327597, 'HeI_5047.74': 1.342025305934958, 'HeI_5875.66': 15.605822590540754, 'Hg': 1.8617220028120547}","{'Ha': 100.41193775881963, 'Hb': 4.883675611710533, 'Hd': 3.748019192358388, 'HeII_4199.83': 2.0613079204782707, 'HeII_4686': 19.543458562927068, 'HeII_5411.53': 13.643093648511359, 'HeI_4471.50': 2.06617548475717, 'HeI_4713.17': 1.7178586639916158, 'HeI_4921.93': 3.0867724882289247, 'HeI_5015.68': 1.9172024633820002, 'HeI_5047.74': 1.206802461983959, 'HeI_5875.66': 13.040146988684738, 'Hg': 2.0360574099999176}","{'Ha': 100.78399358648309, 'Hb': 6.5405965801117105, 'Hd': 3.9494688619696903, 'HeII_4199.83': 2.0728120504702225, 'HeII_4686': 20.194794220599398, 'HeII_5411.53': 13.761257682029049, 'HeI_4471.50': 2.4816374211128758, 'HeI_4713.17': 1.823759975136303, 'HeI_4921.93': 2.7317450741987006, 'HeI_5015.68': 1.9101480667222808, 'HeI_5047.74': 1.1468239461002248, 'HeI_5875.66': 12.783851035866148, 'Hg': 2.4321430914895177}","{'Ha': 101.7250251973631, 'Hb': 8.833813314648008, 'Hd': 4.358963047123567, 'HeII_4199.83': 2.0882207069300183, 'HeII_4686': 20.78257616399262, 'HeII_5411.53': 13.876702369514586, 'HeI_4471.50': 3.331550793144628, 'HeI_4713.17': 2.20668254714517, 'HeI_4921.93': 2.8697472417345793, 'HeI_5015.68': 2.077758330813642, 'HeI_5047.74': 1.1394145424525313, 'HeI_5875.66': 13.793010247577621, 'Hg': 2.998077687972723}","{'Ha': 102.93695196812389, 'Hb': 11.528421620201813, 'Hd': 4.8820512557450675, 'HeII_4199.83': 2.104058954504199, 'HeII_4686': 21.249046935755455, 'HeII_5411.53': 13.984893389726402, 'HeI_4471.50': 4.361098350312167, 'HeI_4713.17': 2.6868625083628452, 'HeI_4921.93': 3.233532002558854, 'HeI_5015.68': 2.316313540768988, 'HeI_5047.74': 1.1644277676437718, 'HeI_5875.66': 15.348277694540101, 'Hg': 3.6797334342433334}","{'Ha': 104.19472161448594, 'Hb': 14.448570865369382, 'Hd': 5.4684086427983205, 'HeII_4199.83': 2.119478161781539, 'HeII_4686': 21.586965345438813, 'HeII_5411.53': 14.084902675951527, 'HeI_4471.50': 5.42367804959239, 'HeI_4713.17': 3.1717358839308143, 'HeI_4921.93': 3.676794615825243, 'HeI_5015.68': 2.5616343967659794, 'HeI_5047.74': 1.200100240113242, 'HeI_5875.66': 16.93630649853733, 'Hg': 4.427709553120324}"
T25000logg3.2,"{'Ha': 129.5136444776929, 'Hb': 13.264199892935936, 'Hd': 8.567574653746291, 'HeII_4199.83': 2.344990677722824, 'HeII_4686': 16.813048322718, 'HeII_5411.53': 14.1710808143747, 'HeI_4471.50': 13.857319866073537, 'HeI_4713.17': 12.384800880277973, 'HeI_4921.93': 22.617233403927894, 'HeI_5015.68': 10.290894036507504, 'HeI_5047.74': 3.1178328445877566, 'HeI_5875.66': 54.4176496033578, 'Hg': 5.141256440126946}","{'Ha': 124.20845880593578, 'Hb': 11.236709589195117, 'Hd': 7.308947482453401, 'HeII_4199.83': 2.263750148074893, 'HeII_4686': 16.82630880715002, 'HeII_5411.53': 14.221964976543191, 'HeI_4471.50': 7.847954041250762, 'HeI_4713.17': 6.940834688539392, 'HeI_4921.93': 13.245909153205776, 'HeI_5015.68': 5.95005714738373, 'HeI_5047.74': 2.1619601111168665, 'HeI_5875.66': 34.53311397503955, 'Hg': 4.595392723570044}","{'Ha': 120.65349033907624, 'Hb': 10.181627541196018, 'Hd': 6.600815722263222, 'HeII_4199.83': 2.2199011155523993, 'HeII_4686': 17.12541986516546, 'HeII_5411.53': 14.28244156033478, 'HeI_4471.50': 4.414743091207429, 'HeI_4713.17': 3.943996127304622, 'HeI_4921.93': 8.16332524679946, 'HeI_5015.68': 3.6713154418267147, 'HeI_5047.74': 1.6492251830686757, 'HeI_5875.66': 22.609070961851533, 'Hg': 4.32595587482881}","{'Ha': 118.60224368370734, 'Hb': 10.138841749982992, 'Hd': 6.281151944986447, 'HeII_4199.83': 2.201816990076395, 'HeII_4686': 17.625045568515798, 'HeII_5411.53': 14.350069459929065, 'HeI_4471.50': 2.758181095424001, 'HeI_4713.17': 2.431959389393787, 'HeI_4921.93': 5.403930682383815, 'HeI_5015.68': 2.5692610631692916, 'HeI_5047.74': 1.3640668414751067, 'HeI_5875.66': 16.267760100347072, 'Hg': 4.280844425177015}","{'Ha': 117.79983269068319, 'Hb': 11.005033753195374, 'Hd': 6.277289001725186, 'HeII_4199.83': 2.194747790844644, 'HeII_4686': 18.20874431530544, 'HeII_5411.53': 14.419918561013946, 'HeI_4471.50': 2.334085182061457, 'HeI_4713.17': 1.913408979321639, 'HeI_4921.93': 4.039036386178128, 'HeI_5015.68': 2.149601392099663, 'HeI_5047.74': 1.2088259732835505, 'HeI_5875.66': 13.721604374969703, 'Hg': 4.478991541357623}","{'Ha': 117.89548682244467, 'Hb': 12.584139530600034, 'Hd': 6.513010710181014, 'HeII_4199.83': 2.193154139045623, 'HeII_4686': 18.78534231577115, 'HeII_5411.53': 14.488889055684568, 'HeI_4471.50': 2.6485993228241136, 'HeI_4713.17': 1.9689865470955195, 'HeI_4921.93': 3.539664384799705, 'HeI_5015.68': 2.0924496264564194, 'HeI_5047.74': 1.1354047258221105, 'HeI_5875.66': 13.45604748081306, 'Hg': 4.864506323698374}","{'Ha': 118.55580786293574, 'Hb': 14.714470456298749, 'Hd': 6.8940434619254995, 'HeII_4199.83': 2.196610708584007, 'HeII_4686': 19.2997632092277, 'HeII_5411.53': 14.556063388677838, 'HeI_4471.50': 3.4034915709426516, 'HeI_4713.17': 2.3194135454152036, 'HeI_4921.93': 3.5422469505458074, 'HeI_5015.68': 2.225326255032053, 'HeI_5047.74': 1.1187885398093647, 'HeI_5875.66': 14.442995522374968, 'Hg': 5.391583688702305}","{'Ha': 119.4894235146756, 'Hb': 17.190253562916933, 'Hd': 7.352110143398133, 'HeII_4199.83': 2.2014927821116905, 'HeII_4686': 19.706375662214924, 'HeII_5411.53': 14.619047972977778, 'HeI_4471.50': 4.353414235848619, 'HeI_4713.17': 2.7791857432996956, 'HeI_4921.93': 3.7929371465984123, 'HeI_5015.68': 2.438955311913322, 'HeI_5047.74': 1.1374572799710243, 'HeI_5875.66': 15.973189799373174, 'Hg': 6.015400088293598}","{'Ha': 120.4680679507353, 'Hb': 19.86005879522417, 'Hd': 7.852815185675736, 'HeII_4199.83': 2.207156310459657, 'HeII_4686': 20.003289889158857, 'HeII_5411.53': 14.677498709142181, 'HeI_4471.50': 5.353523813148149, 'HeI_4713.17': 3.2498644996869506, 'HeI_4921.93': 4.145418527303865, 'HeI_5015.68': 2.6653333571814137, 'HeI_5047.74': 1.1684797520605743, 'HeI_5875.66': 17.533883791493906, 'Hg': 6.69391937485106}"
T25000logg3.4,"{'Ha': 150.90726713753347, 'Hb': 21.887789807698528, 'Hd': 11.587815129638871, 'HeII_4199.83': 2.5049879277846197, 'HeII_4686': 16.380580280134364, 'HeII_5411.53': 14.774728518411218, 'HeI_4471.50': 14.432341965158797, 'HeI_4713.17': 13.319581418925658, 'HeI_4921.93': 23.637296591746683, 'HeI_5015.68': 11.251437697406857, 'HeI_5047.74': 3.218196240357326, 'HeI_5875.66': 56.3446809081353, 'Hg': 8.220630118171355}","{'Ha': 145.41626596809422, 'Hb': 19.88645928428471, 'Hd': 10.711130699462428, 'HeII_4199.83': 2.407848031887358, 'HeII_4686': 16.473199922061124, 'HeII_5411.53': 14.80700203004074, 'HeI_4471.50': 8.645868900830218, 'HeI_4713.17': 7.572631881307931, 'HeI_4921.93': 14.446391447177884, 'HeI_5015.68': 6.618356640233439, 'HeI_5047.74': 2.220651260589208, 'HeI_5875.66': 36.43674190946204, 'Hg': 7.723202900672962}","{'Ha': 141.5782731325997, 'Hb': 18.84093837567633, 'Hd': 10.22453024099776, 'HeII_4199.83': 2.352465484106574, 'HeII_4686': 16.787390087888895, 'HeII_5411.53': 14.84497813144575, 'HeI_4471.50': 5.225848924420743, 'HeI_4713.17': 4.378085592558193, 'HeI_4921.93': 9.343811923624243, 'HeI_5015.68': 4.146963873364679, 'HeI_5047.74': 1.6822599590911704, 'HeI_5875.66': 24.36057683008476, 'Hg': 7.493816990618995}","{'Ha': 139.21299472912733, 'Hb': 18.768843600587218, 'Hd': 10.024064941090588, 'HeII_4199.83': 2.3252396368152866, 'HeII_4686': 17.25919024899256, 'HeII_5411.53': 14.887393563195026, 'HeI_4471.50': 3.4858907358387206, 'HeI_4713.17': 2.7388967989647903, 'HeI_4921.93': 6.487496028346433, 'HeI_5015.68': 2.9167223208846993, 'HeI_5047.74': 1.3798393647033997, 'HeI_5875.66': 17.84483816287795, 'Hg': 7.469733982418729}","{'Ha': 138.08680463516095, 'Hb': 19.55913143731192, 'Hd': 10.06541976186149, 'HeII_4199.83': 2.3100911927467886, 'HeII_4686': 17.793207885068675, 'HeII_5411.53': 14.930922132829478, 'HeI_4471.50': 2.9476625709040523, 'HeI_4713.17': 2.1427048387895042, 'HeI_4921.93': 5.00229258212934, 'HeI_5015.68': 2.4139896012548245, 'HeI_5047.74': 1.2127537181604997, 'HeI_5875.66': 15.1451308240471, 'Hg': 7.668432437731726}","{'Ha': 137.85369193070204, 'Hb': 21.01853974317647, 'Hd': 10.291777186884485, 'HeII_4199.83': 2.301256428321173, 'HeII_4686': 18.314937623930355, 'HeII_5411.53': 14.973692404104726, 'HeI_4471.50': 3.1486721363863723, 'HeI_4713.17': 2.1510659746721825, 'HeI_4921.93': 4.3828337697361714, 'HeI_5015.68': 2.3026602960629825, 'HeI_5047.74': 1.131180375033852, 'HeI_5875.66': 14.752312418940916, 'Hg': 8.034556655754045}","{'Ha': 138.1784503930137, 'Hb': 22.98839313523388, 'Hd': 10.630389197801058, 'HeII_4199.83': 2.298087038234444, 'HeII_4686': 18.779183829106675, 'HeII_5411.53': 15.01504777641035, 'HeI_4471.50': 3.8001881361054486, 'HeI_4713.17': 2.471878486334818, 'HeI_4921.93': 4.274743290425132, 'HeI_5015.68': 2.3978404710430152, 'HeI_5047.74': 1.1087796277891702, 'HeI_5875.66': 15.63292465145106, 'Hg': 8.525058051493602}","{'Ha': 138.7812523635023, 'Hb': 25.274399853822352, 'Hd': 11.027929063823821, 'HeII_4199.83': 2.296861370870414, 'HeII_4686': 19.14707097623861, 'HeII_5411.53': 15.053539520517589, 'HeI_4471.50': 4.664748612426858, 'HeI_4713.17': 2.9133691298092668, 'HeI_4921.93': 4.432858410267342, 'HeI_5015.68': 2.5849527663991387, 'HeI_5047.74': 1.1232451500465643, 'HeI_5875.66': 17.079225753633235, 'Hg': 9.100222656941526}","{'Ha': 139.43115578401563, 'Hb': 27.73402679098192, 'Hd': 11.45775485697192, 'HeII_4199.83': 2.296972373573785, 'HeII_4686': 19.417023936175, 'HeII_5411.53': 15.08899909215037, 'HeI_4471.50': 5.597250700450489, 'HeI_4713.17': 3.37033676413925, 'HeI_4921.93': 4.709761017146267, 'HeI_5015.68': 2.7916724627940375, 'HeI_5047.74': 1.1510644588536756, 'HeI_5875.66': 18.567181004814444, 'Hg': 9.722195896875606}"
T25000logg3.6,"{'Ha': 164.39905369631308, 'Hb': 29.860095586094175, 'Hd': 15.127188489874849, 'HeII_4199.83': 2.608236769217211, 'HeII_4686': 15.40072878947398, 'HeII_5411.53': 15.381608647737522, 'HeI_4471.50': 14.503714635023053, 'HeI_4713.17': 13.511692086800242, 'HeI_4921.93': 23.381122506804832, 'HeI_5015.68': 11.552180168213907, 'HeI_5047.74': 3.2086685354968476, 'HeI_5875.66': 56.08237340903998, 'Hg': 11.41064502374568}","{'Ha': 159.02749158961794, 'Hb': 28.087882571055488, 'Hd': 14.544747956903395, 'HeII_4199.83': 2.505014350543176, 'HeII_4686': 15.553925235131542, 'HeII_5411.53': 15.392853606639378, 'HeI_4471.50': 9.182591357283904, 'HeI_4713.17': 7.756319440409671, 'HeI_4921.93': 14.7316459015238, 'HeI_5015.68': 6.861017486861893, 'HeI_5047.74': 2.2173873787977345, 'HeI_5875.66': 36.69989995345194, 'Hg': 11.003597205698052}","{'Ha': 155.23712780131248, 'Hb': 27.25236543737604, 'Hd': 14.236488982199, 'HeII_4199.83': 2.444432845376249, 'HeII_4686': 15.836564210266383, 'HeII_5411.53': 15.405187675176377, 'HeI_4471.50': 5.961008409400409, 'HeI_4713.17': 4.534867154507952, 'HeI_4921.93': 9.813204456438687, 'HeI_5015.68': 4.338780078566983, 'HeI_5047.74': 1.6805662806026205, 'HeI_5875.66': 24.88895597990699, 'Hg': 10.845120415336876}","{'Ha': 152.86899920555646, 'Hb': 27.32917866134616, 'Hd': 14.13709100010786, 'HeII_4199.83': 2.4122405248979093, 'HeII_4686': 16.210676297655567, 'HeII_5411.53': 15.418418187778563, 'HeI_4471.50': 4.270764709818225, 'HeI_4713.17': 2.8693751430947194, 'HeI_4921.93': 7.001001408790222, 'HeI_5015.68': 3.068774613242279, 'HeI_5047.74': 1.378186057512721, 'HeI_5875.66': 18.487454027316183, 'Hg': 10.871204961101745}","{'Ha': 151.68843854327335, 'Hb': 28.187203946808136, 'Hd': 14.218690833176732, 'HeII_4199.83': 2.392198962559396, 'HeII_4686': 16.614523482160802, 'HeII_5411.53': 15.431251462960835, 'HeI_4471.50': 3.701811642261826, 'HeI_4713.17': 2.2517292971420497, 'HeI_4921.93': 5.50556793679427, 'HeI_5015.68': 2.5375645020712816, 'HeI_5047.74': 1.2108213450846212, 'HeI_5875.66': 15.820255431199692, 'Hg': 11.092400073054044}","{'Ha': 151.3533874471572, 'Hb': 29.63627576604407, 'Hd': 14.439096523582878, 'HeII_4199.83': 2.3786987925362646, 'HeII_4686': 17.000679997319242, 'HeII_5411.53': 15.443341505627094, 'HeI_4471.50': 3.8388616111912683, 'HeI_4713.17': 2.24379374019121, 'HeI_4921.93': 4.853328925640784, 'HeI_5015.68': 2.406422376999002, 'HeI_5047.74': 1.128896717383726, 'HeI_5875.66': 15.420818561977164, 'Hg': 11.455983952114101}","{'Ha': 151.5362958230542, 'Hb': 31.528084853233597, 'Hd': 14.744699596583454, 'HeII_4199.83': 2.3710388286987136, 'HeII_4686': 17.34121829340576, 'HeII_5411.53': 15.454576161290305, 'HeI_4471.50': 4.41498756861859, 'HeI_4713.17': 2.5525356256993788, 'HeI_4921.93': 4.70498695059486, 'HeI_5015.68': 2.4867268790085246, 'HeI_5047.74': 1.1059964113601053, 'HeI_5875.66': 16.277354177435043, 'Hg': 11.92415194917302}","{'Ha': 151.97119159178723, 'Hb': 33.683914416221405, 'Hd': 15.094621916091091, 'HeII_4199.83': 2.3655619027660535, 'HeII_4686': 17.610653077015805, 'HeII_5411.53': 15.464845485791797, 'HeI_4471.50': 5.209046139829648, 'HeI_4713.17': 2.985525363116197, 'HeI_4921.93': 4.8260129964666705, 'HeI_5015.68': 2.6628149395158145, 'HeI_5047.74': 1.1197787643799695, 'HeI_5875.66': 17.694279066884906, 'Hg': 12.462456877797727}","{'Ha': 152.43487102820907, 'Hb': 35.976340884615524, 'Hd': 15.468872618278239, 'HeII_4199.83': 2.3617025356140475, 'HeII_4686': 17.80961931117472, 'HeII_5411.53': 15.474386936131554, 'HeI_4471.50': 6.081129709234261, 'HeI_4713.17': 3.4357074118960282, 'HeI_4921.93': 5.071681369644003, 'HeI_5015.68': 2.8612652367405214, 'HeI_5047.74': 1.1468804160140802, 'HeI_5875.66': 19.15094264501461, 'Hg': 13.038127579552233}"
T25000logg3.8,"{'Ha': 179.9483857449627, 'Hb': 37.577459464054016, 'Hd': 18.739014540097752, 'HeII_4199.83': 2.5842295506657664, 'HeII_4686': 15.555873279155696, 'HeII_5411.53': 15.25802015975719, 'HeI_4471.50': 15.041711966446444, 'HeI_4713.17': 13.57773241258952, 'HeI_4921.93': 22.999428171814195, 'HeI_5015.68': 11.644389323422137, 'HeI_5047.74': 3.110739400089318, 'HeI_5875.66': 57.86931935868116, 'Hg': 14.163349250598305}","{'Ha': 174.2168695189784, 'Hb': 35.8548405232614, 'Hd': 18.310591979062583, 'HeII_4199.83': 2.4896857438680016, 'HeII_4686': 15.72484694582201, 'HeII_5411.53': 15.271133908171658, 'HeI_4471.50': 10.051064238831254, 'HeI_4713.17': 7.859635705022029, 'HeI_4921.93': 14.952286808539622, 'HeI_5015.68': 6.971189645199819, 'HeI_5047.74': 2.165561313739581, 'HeI_5875.66': 38.4735654908036, 'Hg': 13.814627232910091}","{'Ha': 170.0826585045449, 'Hb': 35.07669524009962, 'Hd': 18.101460325818366, 'HeII_4199.83': 2.4339883900065096, 'HeII_4686': 16.01182336646601, 'HeII_5411.53': 15.285807199103445, 'HeI_4471.50': 6.984100457887088, 'HeI_4713.17': 4.639531206252344, 'HeI_4921.93': 10.264782516150756, 'HeI_5015.68': 4.442372725928669, 'HeI_5047.74': 1.6535073127968025, 'HeI_5875.66': 26.55962291122726, 'Hg': 13.696119296090693}","{'Ha': 167.43240363885644, 'Hb': 35.218344811737005, 'Hd': 18.06989322541361, 'HeII_4199.83': 2.404477976732333, 'HeII_4686': 16.385856465457085, 'HeII_5411.53': 15.302003277119685, 'HeI_4471.50': 5.328250345791908, 'HeI_4713.17': 2.9641451898835522, 'HeI_4921.93': 7.5252460832008605, 'HeI_5015.68': 3.1598647945471465, 'HeI_5047.74': 1.3655171376826112, 'HeI_5875.66': 20.0217714756164, 'Hg': 13.76116572119869}","{'Ha': 166.03335621204516, 'Hb': 36.137130860897805, 'Hd': 18.193910060922043, 'HeII_4199.83': 2.3861397171731222, 'HeII_4686': 16.788684807717637, 'HeII_5411.53': 15.318393281052266, 'HeI_4471.50': 4.7211908298539855, 'HeI_4713.17': 2.334207938924554, 'HeI_4921.93': 6.039047474057394, 'HeI_5015.68': 2.6162408986912062, 'HeI_5047.74': 1.206840269057459, 'HeI_5875.66': 17.22264196971662, 'Hg': 14.009863725184283}","{'Ha': 165.52409677472218, 'Hb': 37.63088626803884, 'Hd': 18.43601507305754, 'HeII_4199.83': 2.3737332910561126, 'HeII_4686': 17.174280084861685, 'HeII_5411.53': 15.334484817286391, 'HeI_4471.50': 4.789008323438752, 'HeI_4713.17': 2.3149219336236797, 'HeI_4921.93': 5.36859689673137, 'HeI_5015.68': 2.474506976009411, 'HeI_5047.74': 1.1302870898619846, 'HeI_5875.66': 16.70696206797292, 'Hg': 14.388823399353202}","{'Ha': 165.55696146057616, 'Hb': 39.542955571898304, 'Hd': 18.752129121391558, 'HeII_4199.83': 2.366676455184143, 'HeII_4686': 17.515892835089996, 'HeII_5411.53': 15.350106479198834, 'HeI_4471.50': 5.285908292472228, 'HeI_4713.17': 2.614066749095244, 'HeI_4921.93': 5.190723634276509, 'HeI_5015.68': 2.5461911314496586, 'HeI_5047.74': 1.1104699261856907, 'HeI_5875.66': 17.46233070270806, 'Hg': 14.860991758724174}","{'Ha': 165.8554858323572, 'Hb': 41.69054217364418, 'Hd': 19.105285851179335, 'HeII_4199.83': 2.3615910556583812, 'HeII_4686': 17.78816403376516, 'HeII_5411.53': 15.364860473401043, 'HeI_4471.50': 6.004816570403993, 'HeI_4713.17': 3.0399555824926443, 'HeI_4921.93': 5.281016574180492, 'HeI_5015.68': 2.715357940557555, 'HeI_5047.74': 1.12561690891011, 'HeI_5875.66': 18.79633383580012, 'Hg': 15.392444966757603}","{'Ha': 166.1833075630898, 'Hb': 43.94629629521007, 'Hd': 19.47620131186172, 'HeII_4199.83': 2.3579515568807894, 'HeII_4686': 17.990306151661727, 'HeII_5411.53': 15.37888203559035, 'HeI_4471.50': 6.810108696183105, 'HeI_4713.17': 3.4842323106846775, 'HeI_4921.93': 5.498492456642014, 'HeI_5015.68': 2.9083447181986974, 'HeI_5047.74': 1.1532346466722936, 'HeI_5875.66': 20.179690881600024, 'Hg': 15.951976831600058}"
T25000logg4.0,"{'Ha': 192.53213231425624, 'Hb': 49.801522058202856, 'Hd': 24.509499685873877, 'HeII_4199.83': 2.626444579078451, 'HeII_4686': 15.019193856097749, 'HeII_5411.53': 15.541385099118491, 'HeI_4471.50': 15.835093219194873, 'HeI_4713.17': 14.031017172948165, 'HeI_4921.93': 23.290654866889057, 'HeI_5015.68': 11.943485342340578, 'HeI_5047.74': 3.160956345912739, 'HeI_5875.66': 55.1377964707596, 'Hg': 18.601553212118528}","{'Ha': 187.43615825164426, 'Hb': 48.39867220239695, 'Hd': 24.250608492583225, 'HeII_4199.83': 2.5393042985480814, 'HeII_4686': 15.171177481506097, 'HeII_5411.53': 15.54638390474863, 'HeI_4471.50': 11.3877541978639, 'HeI_4713.17': 8.240699835077564, 'HeI_4921.93': 15.841846542864372, 'HeI_5015.68': 7.249678374485505, 'HeI_5047.74': 2.201967797160469, 'HeI_5875.66': 37.0548633739488, 'Hg': 18.361551542446254}","{'Ha': 183.77142765355072, 'Hb': 47.88138482985448, 'Hd': 24.141528605153148, 'HeII_4199.83': 2.48724015091212, 'HeII_4686': 15.415665084582827, 'HeII_5411.53': 15.55157099902398, 'HeI_4471.50': 8.569408107343886, 'HeI_4713.17': 4.945934094788117, 'HeI_4921.93': 11.336688733699082, 'HeI_5015.68': 4.679599145672673, 'HeI_5047.74': 1.6777125593706868, 'HeI_5875.66': 25.893822697912032, 'Hg': 18.315334372367655}","{'Ha': 181.43523768410077, 'Hb': 48.18704385037309, 'Hd': 24.15574101828184, 'HeII_4199.83': 2.459011843495753, 'HeII_4686': 15.725103143005521, 'HeII_5411.53': 15.55719929238566, 'HeI_4471.50': 6.9891766324294196, 'HeI_4713.17': 3.2094423218195747, 'HeI_4921.93': 8.612634804783575, 'HeI_5015.68': 3.3565008065216237, 'HeI_5047.74': 1.3803242212333071, 'HeI_5875.66': 19.7751681792838, 'Hg': 18.422818545805534}","{'Ha': 180.20108531266942, 'Hb': 49.165622654484885, 'Hd': 24.28006014977337, 'HeII_4199.83': 2.440867160473259, 'HeII_4686': 16.052888617217242, 'HeII_5411.53': 15.562642454693425, 'HeI_4471.50': 6.360262717887726, 'HeI_4713.17': 2.5341510358094697, 'HeI_4921.93': 7.081450606455707, 'HeI_5015.68': 2.7802432189895785, 'HeI_5047.74': 1.2150040870941847, 'HeI_5875.66': 17.194750470514776, 'Hg': 18.680376392812043}","{'Ha': 179.73488465878862, 'Hb': 50.62958890357988, 'Hd': 24.48882631559814, 'HeII_4199.83': 2.4281329377029603, 'HeII_4686': 16.363769190067863, 'HeII_5411.53': 15.567837078433667, 'HeI_4471.50': 6.362592361195902, 'HeI_4713.17': 2.482273492425246, 'HeI_4921.93': 6.342859631034128, 'HeI_5015.68': 2.6138317019980812, 'HeI_5047.74': 1.1338046837477718, 'HeI_5875.66': 16.786707160893044, 'Hg': 19.041271130494593}","{'Ha': 179.7196026333878, 'Hb': 52.440543081757895, 'Hd': 24.752313629535067, 'HeII_4199.83': 2.420410621133653, 'HeII_4686': 16.637027360124705, 'HeII_5411.53': 15.572687664838865, 'HeI_4471.50': 6.775784727348464, 'HeI_4713.17': 2.7579425393065433, 'HeI_4921.93': 6.090568152943449, 'HeI_5015.68': 2.6657957719019394, 'HeI_5047.74': 1.1104560335992943, 'HeI_5875.66': 17.590517483190943, 'Hg': 19.475790312325447}","{'Ha': 179.90731677211275, 'Hb': 54.436342014618646, 'Hd': 25.04356705101077, 'HeII_4199.83': 2.414544390478279, 'HeII_4686': 16.85327825755279, 'HeII_5411.53': 15.577206131335094, 'HeI_4471.50': 7.411749808210524, 'HeI_4713.17': 3.1674738003753586, 'HeI_4921.93': 6.1130127022063725, 'HeI_5015.68': 2.8199703956995146, 'HeI_5047.74': 1.122692338341557, 'HeI_5875.66': 18.94138467249535, 'Hg': 19.95660903389692}","{'Ha': 180.08712168840478, 'Hb': 56.50657418840108, 'Hd': 25.348234588648822, 'HeII_4199.83': 2.409995126760616, 'HeII_4686': 17.013761265713743, 'HeII_5411.53': 15.581600328169861, 'HeI_4471.50': 8.14155366700826, 'HeI_4713.17': 3.599009474886218, 'HeI_4921.93': 6.27186707782119, 'HeI_5015.68': 3.0017281138165632, 'HeI_5047.74': 1.1478305130401119, 'HeI_5875.66': 20.328827918839124, 'Hg': 20.457735725604767}"
T25000logg4.2,"{'Ha': 200.62933510749426, 'Hb': 59.07354523863559, 'Hd': 29.453125249129442, 'HeII_4199.83': 2.6108022712403707, 'HeII_4686': 14.831187329833122, 'HeII_5411.53': 15.681846073378589, 'HeI_4471.50': 16.818965300204965, 'HeI_4713.17': 14.196363928402835, 'HeI_4921.93': 23.010330663945716, 'HeI_5015.68': 11.939726196920622, 'HeI_5047.74': 3.097485098069287, 'HeI_5875.66': 56.26319196175217, 'Hg': 22.263311065319158}","{'Ha': 195.63091935868275, 'Hb': 57.73875361282698, 'Hd': 29.277710691888934, 'HeII_4199.83': 2.538105586340225, 'HeII_4686': 14.96431675129645, 'HeII_5411.53': 15.683760994648953, 'HeI_4471.50': 12.710333827555944, 'HeI_4713.17': 8.441965813136099, 'HeI_4921.93': 16.156890040252225, 'HeI_5015.68': 7.307822557755127, 'HeI_5047.74': 2.1676500438736443, 'HeI_5875.66': 38.4068197647595, 'Hg': 22.081638979160967}","{'Ha': 192.0229773819954, 'Hb': 57.298045596450436, 'Hd': 29.222339608605925, 'HeII_4199.83': 2.4943256317899416, 'HeII_4686': 15.161842991966726, 'HeII_5411.53': 15.685329944749855, 'HeI_4471.50': 10.065490918669823, 'HeI_4713.17': 5.137910115998484, 'HeI_4921.93': 11.878691149917415, 'HeI_5015.68': 4.754616745005572, 'HeI_5047.74': 1.6576989799443507, 'HeI_5875.66': 27.32647987697231, 'Hg': 22.075423267433358}","{'Ha': 189.73454164306528, 'Hb': 57.68171439243818, 'Hd': 29.271471163388632, 'HeII_4199.83': 2.4705646977866724, 'HeII_4686': 15.404116217073607, 'HeII_5411.53': 15.686884926957386, 'HeI_4471.50': 8.542997447382476, 'HeI_4713.17': 3.380026020423411, 'HeI_4921.93': 9.228241577490252, 'HeI_5015.68': 3.432198931587592, 'HeI_5047.74': 1.3683676798188964, 'HeI_5875.66': 21.19189816168714, 'Hg': 22.2167701664184}","{'Ha': 188.54185504454742, 'Hb': 58.72630583942116, 'Hd': 29.413592538090885, 'HeII_4199.83': 2.455225953949242, 'HeII_4686': 15.657214296903264, 'HeII_5411.53': 15.68811176994685, 'HeI_4471.50': 7.896342207740676, 'HeI_4713.17': 2.6824824330277446, 'HeI_4921.93': 7.7121719476085895, 'HeI_5015.68': 2.8508262219338287, 'HeI_5047.74': 1.2080228005478078, 'HeI_5875.66': 18.547513310044216, 'Hg': 22.49476009214463}","{'Ha': 188.1057525587761, 'Hb': 60.2361117785433, 'Hd': 29.626033270871407, 'HeII_4199.83': 2.4444105861693437, 'HeII_4686': 15.895653909160403, 'HeII_5411.53': 15.689108201276436, 'HeI_4471.50': 7.842539788794012, 'HeI_4713.17': 2.611283213772452, 'HeI_4921.93': 6.96285531549149, 'HeI_5015.68': 2.6777502529535275, 'HeI_5047.74': 1.1299683752527638, 'HeI_5875.66': 18.059841075392207, 'Hg': 22.863981236781527}","{'Ha': 188.1067843116771, 'Hb': 62.06925485507086, 'Hd': 29.885377169373776, 'HeII_4199.83': 2.437980787749303, 'HeII_4686': 16.10439994275559, 'HeII_5411.53': 15.689827703377249, 'HeI_4471.50': 8.180848577732437, 'HeI_4713.17': 2.8711236520487966, 'HeI_4921.93': 6.6892188757526965, 'HeI_5015.68': 2.722974661479261, 'HeI_5047.74': 1.10851817898365, 'HeI_5875.66': 18.781872385268866, 'Hg': 23.296270405213576}","{'Ha': 188.29686893643358, 'Hb': 64.06087579314105, 'Hd': 30.167856293442505, 'HeII_4199.83': 2.433155813822602, 'HeII_4686': 16.269302528806985, 'HeII_5411.53': 15.690411547996144, 'HeI_4471.50': 8.738658139498154, 'HeI_4713.17': 3.2688390602657984, 'HeI_4921.93': 6.689242654927665, 'HeI_5015.68': 2.8712905015402095, 'HeI_5047.74': 1.121787019603031, 'HeI_5875.66': 20.058372688971495, 'Hg': 23.76538932665706}","{'Ha': 188.46671919404227, 'Hb': 66.10089925508912, 'Hd': 30.459930542586775, 'HeII_4199.83': 2.4293664982957925, 'HeII_4686': 16.39183955055641, 'HeII_5411.53': 15.691074591385513, 'HeI_4471.50': 9.393296792777177, 'HeI_4713.17': 3.69059603218525, 'HeI_4921.93': 6.8278557637857915, 'HeI_5015.68': 3.0484646604655756, 'HeI_5047.74': 1.147598018747756, 'HeI_5875.66': 21.376374399674066, 'Hg': 24.246994693914687}"
T25000logg4.4,"{'Ha': 192.88902347690873, 'Hb': 69.93275461603972, 'Hd': 35.92636136667215, 'HeII_4199.83': 2.5849862133812636, 'HeII_4686': 14.8397948255782, 'HeII_5411.53': 15.784565615708544, 'HeI_4471.50': 18.316063984954134, 'HeI_4713.17': 14.45768451194036, 'HeI_4921.93': 24.30929314468373, 'HeI_5015.68': 12.518272022290766, 'HeI_5047.74': 3.1620412763570607, 'HeI_5875.66': 53.959839898882, 'Hg': 27.116994767010286}","{'Ha': 189.04557880646001, 'Hb': 68.97047771461371, 'Hd': 35.82439800235771, 'HeII_4199.83': 2.5239970978751716, 'HeII_4686': 14.951628716644322, 'HeII_5411.53': 15.784425598107145, 'HeI_4471.50': 14.629757017948863, 'HeI_4713.17': 8.723125910254884, 'HeI_4921.93': 17.76957336545162, 'HeI_5015.68': 7.780885349138143, 'HeI_5047.74': 2.2206189746192866, 'HeI_5875.66': 37.37686776372764, 'Hg': 27.014699917437532}","{'Ha': 186.33542168993557, 'Hb': 68.7915239504441, 'Hd': 35.80930572567209, 'HeII_4199.83': 2.4870818510893087, 'HeII_4686': 15.110565123092393, 'HeII_5411.53': 15.78360309613461, 'HeI_4471.50': 12.20799834871892, 'HeI_4713.17': 5.396772927204679, 'HeI_4921.93': 13.53339105137864, 'HeI_5015.68': 5.13470181277856, 'HeI_5047.74': 1.6984063484657133, 'HeI_5875.66': 27.051750650751753, 'Hg': 27.053356280305394}","{'Ha': 184.71731789101082, 'Hb': 69.34019087037356, 'Hd': 35.875595523303375, 'HeII_4199.83': 2.467191869627208, 'HeII_4686': 15.30198978432662, 'HeII_5411.53': 15.782445117717085, 'HeI_4471.50': 10.774667367545742, 'HeI_4713.17': 3.6069659037965836, 'HeI_4921.93': 10.822744488691928, 'HeI_5015.68': 3.7393883110032267, 'HeI_5047.74': 1.3996608739089509, 'HeI_5875.66': 21.317278426644165, 'Hg': 27.21889474085285}","{'Ha': 183.98928989836125, 'Hb': 70.47128374966651, 'Hd': 36.01740118208788, 'HeII_4199.83': 2.4544243251087594, 'HeII_4686': 15.500318239405997, 'HeII_5411.53': 15.780831643336859, 'HeI_4471.50': 10.130560058318594, 'HeI_4713.17': 2.8793376063494525, 'HeI_4921.93': 9.219554450232991, 'HeI_5015.68': 3.1039024926893317, 'HeI_5047.74': 1.2331777160923327, 'HeI_5875.66': 18.851900841546485, 'Hg': 27.501044117447922}","{'Ha': 183.86275007512353, 'Hb': 72.00769620803177, 'Hd': 36.21719833761497, 'HeII_4199.83': 2.445440773894966, 'HeII_4686': 15.686469570776774, 'HeII_5411.53': 15.778967136397892, 'HeI_4471.50': 10.032589824458626, 'HeI_4713.17': 2.783016197558186, 'HeI_4921.93': 8.379779888185313, 'HeI_5015.68': 2.890506633655957, 'HeI_5047.74': 1.1511221404986391, 'HeI_5875.66': 18.4248386213877, 'Hg': 27.860234532891177}","{'Ha': 184.06988574069362, 'Hb': 73.82279804159566, 'Hd': 36.457271669370286, 'HeII_4199.83': 2.4403074455759457, 'HeII_4686': 15.848927083498005, 'HeII_5411.53': 15.776846314159464, 'HeI_4471.50': 10.302910816950218, 'HeI_4713.17': 3.022617760687404, 'HeI_4921.93': 8.01889950949258, 'HeI_5015.68': 2.9048918112401907, 'HeI_5047.74': 1.1263931882964824, 'HeI_5875.66': 19.148495178430878, 'Hg': 28.27224774866938}","{'Ha': 184.39489828681283, 'Hb': 75.76399697515454, 'Hd': 36.717287606865156, 'HeII_4199.83': 2.4365533742314094, 'HeII_4686': 15.976813504601566, 'HeII_5411.53': 15.774705891781698, 'HeI_4471.50': 10.785772725627547, 'HeI_4713.17': 3.4052448833541242, 'HeI_4921.93': 7.940816009585761, 'HeI_5015.68': 3.0300536941206575, 'HeI_5047.74': 1.1363937149828314, 'HeI_5875.66': 20.400061382317002, 'Hg': 28.713540146043037}","{'Ha': 184.66287721204705, 'Hb': 77.73060067877728, 'Hd': 36.984359578992084, 'HeII_4199.83': 2.4336174701724533, 'HeII_4686': 16.07158677476804, 'HeII_5411.53': 15.772767977153467, 'HeI_4471.50': 11.365807497198762, 'HeI_4713.17': 3.814448999209398, 'HeI_4921.93': 8.010354472256981, 'HeI_5015.68': 3.189466388405648, 'HeI_5047.74': 1.158897332376218, 'HeI_5875.66': 21.686108734217395, 'Hg': 29.16194912574972}"
T26000logg3.0,"{'Ha': 123.82933578602774, 'Hb': 9.609722707427403, 'Hd': 9.66938351387602, 'HeII_4199.83': 1.7906495292655287, 'HeII_4686': 21.078774516357722, 'HeII_5411.53': 11.03854170013079, 'HeI_4471.50': 13.965093710530606, 'HeI_4713.17': 11.579771310659149, 'HeI_4921.93': 20.151781690191196, 'HeI_5015.68': 8.863276952538792, 'HeI_5047.74': 2.7057457833536684, 'HeI_5875.66': 56.1232125648612, 'Hg': 3.0292220010104423}","{'Ha': 119.04086960232216, 'Hb': 6.7878806047174765, 'Hd': 6.920797077331366, 'HeII_4199.83': 1.766601201563348, 'HeII_4686': 20.616127418367984, 'HeII_5411.53': 11.171728292611785, 'HeI_4471.50': 7.483987437904336, 'HeI_4713.17': 6.365797145376446, 'HeI_4921.93': 11.038376895855308, 'HeI_5015.68': 4.995222503345881, 'HeI_5047.74': 1.938584351590861, 'HeI_5875.66': 35.433596181439505, 'Hg': 2.251831436093777}","{'Ha': 115.4792550080587, 'Hb': 4.932778061088627, 'Hd': 5.233455871409208, 'HeII_4199.83': 1.764289478603934, 'HeII_4686': 20.684142590750987, 'HeII_5411.53': 11.342886263202743, 'HeI_4471.50': 3.9605569087403696, 'HeI_4713.17': 3.540018292276001, 'HeI_4921.93': 6.153706353782822, 'HeI_5015.68': 3.023281083087286, 'HeI_5047.74': 1.5365778638235763, 'HeI_5875.66': 22.99330318483653, 'Hg': 1.7297612702809253}","{'Ha': 113.24486128834722, 'Hb': 4.255852881223868, 'Hd': 4.2744701605448325, 'HeII_4199.83': 1.779359794562467, 'HeII_4686': 21.14775929207132, 'HeII_5411.53': 11.543631241456515, 'HeI_4471.50': 2.3737440099602938, 'HeI_4713.17': 2.1484998886049893, 'HeI_4921.93': 3.620361342239287, 'HeI_5015.68': 2.121919450302004, 'HeI_5047.74': 1.3229495268155167, 'HeI_5875.66': 16.352172431565474, 'Hg': 1.5014639698587657}","{'Ha': 112.24840900208379, 'Hb': 4.727917509232813, 'Hd': 3.8751326699186155, 'HeII_4199.83': 1.8024876748597358, 'HeII_4686': 21.816676518174535, 'HeII_5411.53': 11.758162729424473, 'HeI_4471.50': 2.06549203215063, 'HeI_4713.17': 1.710047655668842, 'HeI_4921.93': 2.519614077800965, 'HeI_5015.68': 1.8288004456217084, 'HeI_5047.74': 1.2150635415396664, 'HeI_5875.66': 13.646847365722952, 'Hg': 1.5796989293334973}","{'Ha': 112.20522131225573, 'Hb': 6.139306212576608, 'Hd': 3.9038120614342424, 'HeII_4199.83': 1.8291409808668146, 'HeII_4686': 22.52939854668294, 'HeII_5411.53': 11.974624693064793, 'HeI_4471.50': 2.499346397999275, 'HeI_4713.17': 1.8176704860171216, 'HeI_4921.93': 2.28382343022743, 'HeI_5015.68': 1.8507208765878043, 'HeI_5047.74': 1.1728956732162066, 'HeI_5875.66': 13.299152629833554, 'Hg': 1.9098600009803124}","{'Ha': 112.79976114294335, 'Hb': 8.284256124122697, 'Hd': 4.210415358997182, 'HeII_4199.83': 1.85925527458252, 'HeII_4686': 23.183364441673053, 'HeII_5411.53': 12.18895810741983, 'HeI_4471.50': 3.366736879723328, 'HeI_4713.17': 2.2021363165739753, 'HeI_4921.93': 2.5280119937004204, 'HeI_5015.68': 2.0368153003594447, 'HeI_5047.74': 1.1771156733953458, 'HeI_5875.66': 14.244348975254672, 'Hg': 2.436439081815386}","{'Ha': 113.73175995610029, 'Hb': 10.908449140626322, 'Hd': 4.6823088191378295, 'HeII_4199.83': 1.8891466525110503, 'HeII_4686': 23.701203608549893, 'HeII_5411.53': 12.391885398333526, 'HeI_4471.50': 4.409352235027342, 'HeI_4713.17': 2.6834684527917063, 'HeI_4921.93': 2.978626036606474, 'HeI_5015.68': 2.2869439828488782, 'HeI_5047.74': 1.2095660836112754, 'HeI_5875.66': 15.75694506996562, 'Hg': 3.100607553997258}","{'Ha': 114.749873829023, 'Hb': 13.81286218941624, 'Hd': 5.252666310071493, 'HeII_4199.83': 1.917660623034075, 'HeII_4686': 24.068889618061256, 'HeII_5411.53': 12.5806888188679, 'HeI_4471.50': 5.480628201944471, 'HeI_4713.17': 3.169164813342173, 'HeI_4921.93': 3.4905534658691755, 'HeI_5015.68': 2.539779426363974, 'HeI_5047.74': 1.25035047453356, 'HeI_5875.66': 17.31261766042962, 'Hg': 3.8482286783922013}"
T26000logg3.2,"{'Ha': 135.95932312402414, 'Hb': 13.548378662531784, 'Hd': 9.21828189845789, 'HeII_4199.83': 2.0202547219318148, 'HeII_4686': 20.31979506818834, 'HeII_5411.53': 12.665596700826734, 'HeI_4471.50': 13.478971962079944, 'HeI_4713.17': 11.864520195503017, 'HeI_4921.93': 21.535799980693337, 'HeI_5015.68': 9.51400362071103, 'HeI_5047.74': 2.945096998730743, 'HeI_5875.66': 53.40942616934257, 'Hg': 4.377840183282938}","{'Ha': 130.94016512971194, 'Hb': 11.395017233547126, 'Hd': 7.483197634744418, 'HeII_4199.83': 1.9615423010768545, 'HeII_4686': 20.05479446948677, 'HeII_5411.53': 12.758621341023364, 'HeI_4471.50': 7.534933047182218, 'HeI_4713.17': 6.605683867156526, 'HeI_4921.93': 12.422410249356322, 'HeI_5015.68': 5.450772746014787, 'HeI_5047.74': 2.061831865404047, 'HeI_5875.66': 33.81413996221051, 'Hg': 3.8258926960562194}","{'Ha': 127.38918578739086, 'Hb': 10.178532925880594, 'Hd': 6.472303888467371, 'HeII_4199.83': 1.9349405035308278, 'HeII_4686': 20.22796341598641, 'HeII_5411.53': 12.872938217636962, 'HeI_4471.50': 4.167940367790862, 'HeI_4713.17': 3.728576350977188, 'HeI_4921.93': 7.457514237629407, 'HeI_5015.68': 3.340918771810687, 'HeI_5047.74': 1.5901566236981801, 'HeI_5875.66': 22.06178546589146, 'Hg': 3.51925849988113}","{'Ha': 125.2273295446154, 'Hb': 9.979934672382685, 'Hd': 5.951840482222524, 'HeII_4199.83': 1.9314858364461545, 'HeII_4686': 20.729317541455284, 'HeII_5411.53': 13.003729400925103, 'HeI_4471.50': 2.572221305572783, 'HeI_4713.17': 2.2962694491467475, 'HeI_4921.93': 4.78600508855432, 'HeI_5015.68': 2.344603095343748, 'HeI_5047.74': 1.3311539881853212, 'HeI_5875.66': 15.833431466030861, 'Hg': 3.4405773100951924}","{'Ha': 124.27354885318573, 'Hb': 10.71947420513835, 'Hd': 5.815871600971436, 'HeII_4199.83': 1.938095482366799, 'HeII_4686': 21.394714451758336, 'HeII_5411.53': 13.141456011786644, 'HeI_4471.50': 2.196276384992722, 'HeI_4713.17': 1.828423702704031, 'HeI_4921.93': 3.5102748742860252, 'HeI_5015.68': 1.9901281875771588, 'HeI_5047.74': 1.1933155590494775, 'HeI_5875.66': 13.363555003163354, 'Hg': 3.6049962352361975}","{'Ha': 124.20934240364164, 'Hb': 12.207354173674828, 'Hd': 5.9729964757266805, 'HeII_4199.83': 1.9494119283940496, 'HeII_4686': 22.085421319145826, 'HeII_5411.53': 13.27942590839715, 'HeI_4471.50': 2.5496161716917256, 'HeI_4713.17': 1.9158343225066223, 'HeI_4921.93': 3.096074483015671, 'HeI_5015.68': 1.9734655054536763, 'HeI_5047.74': 1.131559704092764, 'HeI_5875.66': 13.150337534656483, 'Hg': 3.963083097895304}","{'Ha': 124.71611232092386, 'Hb': 14.27752724909893, 'Hd': 6.312870783341855, 'HeII_4199.83': 1.965206163579987, 'HeII_4686': 22.714845818752032, 'HeII_5411.53': 13.415628606665514, 'HeI_4471.50': 3.3372037703810853, 'HeI_4713.17': 2.2866116270112755, 'HeI_4921.93': 3.1757982759830483, 'HeI_5015.68': 2.1329765143029245, 'HeI_5047.74': 1.122895482454435, 'HeI_5875.66': 14.174321322506326, 'Hg': 4.471565210647922}","{'Ha': 125.51249123690191, 'Hb': 16.720700267187173, 'Hd': 6.755845015852415, 'HeII_4199.83': 1.9818232448674817, 'HeII_4686': 23.214888792581927, 'HeII_5411.53': 13.544591599356941, 'HeI_4471.50': 4.3134467247109045, 'HeI_4713.17': 2.759025703540665, 'HeI_4921.93': 3.4910438794753507, 'HeI_5015.68': 2.364711628721217, 'HeI_5047.74': 1.1470400583774862, 'HeI_5875.66': 15.731082182419508, 'Hg': 5.085770052414604}","{'Ha': 126.36618592945398, 'Hb': 19.37930081894475, 'Hd': 7.259164891097795, 'HeII_4199.83': 1.9984351951962211, 'HeII_4686': 23.573968960689434, 'HeII_5411.53': 13.66487472429361, 'HeI_4471.50': 5.334478491273281, 'HeI_4713.17': 3.2376022119349988, 'HeI_4921.93': 3.896179728023618, 'HeI_5015.68': 2.6044001918245407, 'HeI_5047.74': 1.1821817113270892, 'HeI_5875.66': 17.313307811050755, 'Hg': 5.763317980144236}"
T26000logg3.4,"{'Ha': 153.51447699791234, 'Hb': 20.20587399228844, 'Hd': 11.262359717652243, 'HeII_4199.83': 2.2765414187886317, 'HeII_4686': 18.32027575471203, 'HeII_5411.53': 13.815007081482042, 'HeI_4471.50': 13.478132871419891, 'HeI_4713.17': 12.453914596830385, 'HeI_4921.93': 21.673418039138898, 'HeI_5015.68': 10.094249144409128, 'HeI_5047.74': 3.0205781344041838, 'HeI_5875.66': 53.917750746698346, 'Hg': 6.875237236536638}","{'Ha': 148.24028429698168, 'Hb': 18.322935231180214, 'Hd': 10.098417897719603, 'HeII_4199.83': 2.1926038219066983, 'HeII_4686': 18.316352094506744, 'HeII_5411.53': 13.870525245467718, 'HeI_4471.50': 7.9449490463410175, 'HeI_4713.17': 7.027235527951759, 'HeI_4921.93': 12.976592127822567, 'HeI_5015.68': 5.8614447929809925, 'HeI_5047.74': 2.1053347312863924, 'HeI_5875.66': 34.60964641871505, 'Hg': 6.446715995911957}","{'Ha': 144.524156104809, 'Hb': 17.36442131138095, 'Hd': 9.456745578326272, 'HeII_4199.83': 2.1474988135935877, 'HeII_4686': 18.605768685097527, 'HeII_5411.53': 13.937201352770868, 'HeI_4471.50': 4.70817599939434, 'HeI_4713.17': 4.028188533838407, 'HeI_4921.93': 8.156076575981302, 'HeI_5015.68': 3.6344214683919387, 'HeI_5047.74': 1.6135797945611805, 'HeI_5875.66': 22.960551413093302, 'Hg': 6.252860397179326}","{'Ha': 142.20466589920625, 'Hb': 17.34388026610609, 'Hd': 9.167909789246373, 'HeII_4199.83': 2.129079615662317, 'HeII_4686': 19.11274718909558, 'HeII_5411.53': 14.012764437956056, 'HeI_4471.50': 3.1002784762333064, 'HeI_4713.17': 2.511649386078322, 'HeI_4921.93': 5.499456293591501, 'HeI_5015.68': 2.5578047797471326, 'HeI_5047.74': 1.3408608587484547, 'HeI_5875.66': 16.74344265170033, 'Hg': 6.250594801804498}","{'Ha': 141.07121263502071, 'Hb': 18.157649851082443, 'Hd': 9.162868197701707, 'HeII_4199.83': 2.1221252551453373, 'HeII_4686': 19.717372044223463, 'HeII_5411.53': 14.091902093734847, 'HeI_4471.50': 2.6515712658977417, 'HeI_4713.17': 1.9888872104802897, 'HeI_4921.93': 4.174262503950403, 'HeI_5015.68': 2.1508042742074545, 'HeI_5047.74': 1.1935944386255668, 'HeI_5875.66': 14.243478314036535, 'Hg': 6.455422597275496}","{'Ha': 140.79889948587274, 'Hb': 19.62441476185468, 'Hd': 9.374594190076547, 'HeII_4199.83': 2.120854306716805, 'HeII_4686': 20.32169318852373, 'HeII_5411.53': 14.17114380755308, 'HeI_4471.50': 2.9172407940965606, 'HeI_4713.17': 2.0410433490829063, 'HeI_4921.93': 3.6846316442094666, 'HeI_5015.68': 2.1000992205799305, 'HeI_5047.74': 1.1253661901991567, 'HeI_5875.66': 13.9851273230638, 'Hg': 6.820376758750647}","{'Ha': 141.0665663789557, 'Hb': 21.594501373054463, 'Hd': 9.717771520525792, 'HeII_4199.83': 2.1248342009760792, 'HeII_4686': 20.86522021339541, 'HeII_5411.53': 14.24950666243333, 'HeI_4471.50': 3.6196107846224783, 'HeI_4713.17': 2.38885151746379, 'HeI_4921.93': 3.6835128282226384, 'HeI_5015.68': 2.235846299744941, 'HeI_5047.74': 1.1120870908148883, 'HeI_5875.66': 14.960329614760978, 'Hg': 7.308659019560529}","{'Ha': 141.6066412640317, 'Hb': 23.880666523252362, 'Hd': 10.130790327828812, 'HeII_4199.83': 2.1304162496489103, 'HeII_4686': 21.296727674521527, 'HeII_5411.53': 14.324041014996434, 'HeI_4471.50': 4.525399223055828, 'HeI_4713.17': 2.846735231706551, 'HeI_4921.93': 3.9275591178783205, 'HeI_5015.68': 2.4508943135812244, 'HeI_5047.74': 1.1328358194935007, 'HeI_5875.66': 16.472361065024508, 'Hg': 7.882869249104782}","{'Ha': 142.19428510325585, 'Hb': 26.34460669282323, 'Hd': 10.582520371207705, 'HeII_4199.83': 2.136975628830474, 'HeII_4686': 21.610449135152663, 'HeII_5411.53': 14.39408421066036, 'HeI_4471.50': 5.492394940335307, 'HeI_4713.17': 3.314729398250428, 'HeI_4921.93': 4.274315176079382, 'HeI_5015.68': 2.6783065172090157, 'HeI_5047.74': 1.1653646526304278, 'HeI_5875.66': 18.011897302217296, 'Hg': 8.507108118458584}"
T26000logg3.6,"{'Ha': 152.96012351059633, 'Hb': 25.43855657224877, 'Hd': 14.007530770966826, 'HeII_4199.83': 2.4861424895258115, 'HeII_4686': 16.635534611508227, 'HeII_5411.53': 14.772484450202999, 'HeI_4471.50': 13.555905138616332, 'HeI_4713.17': 12.424950473757361, 'HeI_4921.93': 21.864540185148925, 'HeI_5015.68': 10.554040125964164, 'HeI_5047.74': 3.050532025880463, 'HeI_5875.66': 53.169041398865474, 'Hg': 9.595441210769202}","{'Ha': 148.26929961364988, 'Hb': 23.999540243054096, 'Hd': 13.279984870206592, 'HeII_4199.83': 2.386468418005669, 'HeII_4686': 16.713679608426673, 'HeII_5411.53': 14.800460714565954, 'HeI_4471.50': 8.422038105689175, 'HeI_4713.17': 7.054715263469219, 'HeI_4921.93': 13.577814105579066, 'HeI_5015.68': 6.196906679873438, 'HeI_5047.74': 2.1243876225372045, 'HeI_5875.66': 34.45104149966225, 'Hg': 9.286053163179613}","{'Ha': 145.0425586039272, 'Hb': 23.41969237537533, 'Hd': 12.9102577414946, 'HeII_4199.83': 2.329051202374496, 'HeII_4686': 17.024656845035587, 'HeII_5411.53': 14.833217409925773, 'HeI_4471.50': 5.350521177759674, 'HeI_4713.17': 4.074098156126607, 'HeI_4921.93': 8.883607688469622, 'HeI_5015.68': 3.8811747445347646, 'HeI_5047.74': 1.6252630042130782, 'HeI_5875.66': 23.138814537677867, 'Hg': 9.19189753379194}","{'Ha': 143.1318199346178, 'Hb': 23.68904314249558, 'Hd': 12.78798265135562, 'HeII_4199.83': 2.300100875760718, 'HeII_4686': 17.50028164121625, 'HeII_5411.53': 14.869818298898366, 'HeI_4471.50': 3.778401787128377, 'HeI_4713.17': 2.5617236274285835, 'HeI_4921.93': 6.230083877592801, 'HeI_5015.68': 2.7421309521381616, 'HeI_5047.74': 1.3469107130239593, 'HeI_5875.66': 17.092319296190677, 'Hg': 9.262775838516301}","{'Ha': 142.30654098914073, 'Hb': 24.690367470443487, 'Hd': 12.871899254478054, 'HeII_4199.83': 2.2833964423280038, 'HeII_4686': 18.04133700562772, 'HeII_5411.53': 14.907425190001103, 'HeI_4471.50': 3.2982441772759485, 'HeI_4713.17': 2.036907469536619, 'HeI_4921.93': 4.856549586281065, 'HeI_5015.68': 2.2933101569853624, 'HeI_5047.74': 1.1954366534462249, 'HeI_5875.66': 14.664879280011924, 'Hg': 9.511253878091235}","{'Ha': 142.24684113735074, 'Hb': 26.24800193236961, 'Hd': 13.114360402194686, 'HeII_4199.83': 2.273142425243644, 'HeII_4686': 18.570380694183164, 'HeII_5411.53': 14.944492876404755, 'HeI_4471.50': 3.5045697631490014, 'HeI_4713.17': 2.084987082611584, 'HeI_4921.93': 4.2995900919957855, 'HeI_5015.68': 2.214936857518168, 'HeI_5047.74': 1.124123645124175, 'HeI_5875.66': 14.428979726354308, 'Hg': 9.891959121331134}","{'Ha': 142.65211579785353, 'Hb': 28.22802873611701, 'Hd': 13.452143883303998, 'HeII_4199.83': 2.268637858167609, 'HeII_4686': 19.04100763699931, 'HeII_5411.53': 14.980523832854324, 'HeI_4471.50': 4.138155042326803, 'HeI_4713.17': 2.4284942371304985, 'HeI_4921.93': 4.227919350976109, 'HeI_5015.68': 2.3309216794207117, 'HeI_5047.74': 1.1084018929879416, 'HeI_5875.66': 15.402123611257947, 'Hg': 10.372816793737623}","{'Ha': 143.26985050855572, 'Hb': 30.458362037630966, 'Hd': 13.838119045734224, 'HeII_4199.83': 2.2662150046191503, 'HeII_4686': 19.413378755788493, 'HeII_5411.53': 15.014354541429011, 'HeI_4471.50': 4.979810356396003, 'HeI_4713.17': 2.8828585231528012, 'HeI_4921.93': 4.409905743004083, 'HeI_5015.68': 2.5317465080128363, 'HeI_5047.74': 1.127038248772567, 'HeI_5875.66': 16.900978854737737, 'Hg': 10.921884135655889}","{'Ha': 143.89635076758086, 'Hb': 32.81866634250412, 'Hd': 14.249138190670863, 'HeII_4199.83': 2.265326471270248, 'HeII_4686': 19.686270534887253, 'HeII_5411.53': 15.045962226074787, 'HeI_4471.50': 5.892007509630557, 'HeI_4713.17': 3.347603329485679, 'HeI_4921.93': 4.70525777128789, 'HeI_5015.68': 2.7486491412843526, 'HeI_5047.74': 1.157753129995637, 'HeI_5875.66': 18.422423715468554, 'Hg': 11.50828518576268}"
T26000logg3.8,"{'Ha': 177.38037431769334, 'Hb': 34.08171964507047, 'Hd': 17.43226552528681, 'HeII_4199.83': 2.489460257618132, 'HeII_4686': 16.6015528427783, 'HeII_5411.53': 14.651905845996934, 'HeI_4471.50': 14.461046983776821, 'HeI_4713.17': 13.148299562081496, 'HeI_4921.93': 21.037121689558514, 'HeI_5015.68': 10.52458961918656, 'HeI_5047.74': 2.9163800366628334, 'HeI_5875.66': 57.303621205575595, 'Hg': 12.517758212131715}","{'Ha': 172.92435061341178, 'Hb': 32.7888558216119, 'Hd': 16.94742314514928, 'HeII_4199.83': 2.3941896567548824, 'HeII_4686': 16.718278889058492, 'HeII_5411.53': 14.678224415051274, 'HeI_4471.50': 9.532543112626472, 'HeI_4713.17': 7.566531749905836, 'HeI_4921.93': 13.451992402548754, 'HeI_5015.68': 6.225245042796728, 'HeI_5047.74': 2.0499955153802025, 'HeI_5875.66': 38.012047622599056, 'Hg': 12.262802924743685}","{'Ha': 169.644089086445, 'Hb': 32.295809777717544, 'Hd': 16.726797535320966, 'HeII_4199.83': 2.338882155386329, 'HeII_4686': 17.030425915867205, 'HeII_5411.53': 14.709387390550884, 'HeI_4471.50': 6.517215007083656, 'HeI_4713.17': 4.438489241328692, 'HeI_4921.93': 9.067057993267943, 'HeI_5015.68': 3.9273430025508658, 'HeI_5047.74': 1.5828656450121195, 'HeI_5875.66': 26.140714351161304, 'Hg': 12.205150089542222}","{'Ha': 167.50230426845783, 'Hb': 32.60420113014591, 'Hd': 16.69906114970554, 'HeII_4199.83': 2.3105511083231387, 'HeII_4686': 17.480144285387947, 'HeII_5411.53': 14.744778970012874, 'HeI_4471.50': 4.910675868885978, 'HeI_4713.17': 2.8247085053985135, 'HeI_4921.93': 6.544704921837487, 'HeI_5015.68': 2.79137956298002, 'HeI_5047.74': 1.3235774297664225, 'HeI_5875.66': 19.63091661440588, 'Hg': 12.30708044079754}","{'Ha': 166.35611074918012, 'Hb': 33.604065168788345, 'Hd': 16.83630745772432, 'HeII_4199.83': 2.293779274368543, 'HeII_4686': 17.982476943971182, 'HeII_5411.53': 14.78193476478334, 'HeI_4471.50': 4.350286334805352, 'HeI_4713.17': 2.234025302910562, 'HeI_4921.93': 5.218168941783346, 'HeI_5015.68': 2.340102205302691, 'HeI_5047.74': 1.184064095561019, 'HeI_5875.66': 16.854500762317027, 'Hg': 12.572825852667993}","{'Ha': 165.93407505235922, 'Hb': 35.12693250694364, 'Hd': 17.099787170323438, 'HeII_4199.83': 2.2830620669604613, 'HeII_4686': 18.47121537185769, 'HeII_5411.53': 14.81946355891484, 'HeI_4471.50': 4.462246375016307, 'HeI_4713.17': 2.239628567562565, 'HeI_4921.93': 4.666655443837572, 'HeI_5015.68': 2.257638020451746, 'HeI_5047.74': 1.1204164720326777, 'HeI_5875.66': 16.35793016250176, 'Hg': 12.957593611740013}","{'Ha': 165.95401874986703, 'Hb': 37.042690675188496, 'Hd': 17.440462231768006, 'HeII_4199.83': 2.277735703108921, 'HeII_4686': 18.90552941063691, 'HeII_5411.53': 14.856937683645116, 'HeI_4471.50': 5.0014258532449, 'HeI_4713.17': 2.555000386009195, 'HeI_4921.93': 4.581095746920154, 'HeI_5015.68': 2.3694445070654697, 'HeI_5047.74': 1.1095065532691832, 'HeI_5875.66': 17.130615730143838, 'Hg': 13.431054485037077}","{'Ha': 166.18616091678433, 'Hb': 39.18447202342386, 'Hd': 17.818611715781607, 'HeII_4199.83': 2.274398594877051, 'HeII_4686': 19.249542173470243, 'HeII_5411.53': 14.893077031261662, 'HeI_4471.50': 5.759120858942402, 'HeI_4713.17': 2.991273725959569, 'HeI_4921.93': 4.743491750175812, 'HeI_5015.68': 2.5665847241351565, 'HeI_5047.74': 1.130998034684756, 'HeI_5875.66': 18.481284726197334, 'Hg': 13.96271390309546}","{'Ha': 166.4309967441656, 'Hb': 41.43573058247826, 'Hd': 18.213904384156525, 'HeII_4199.83': 2.272546965242368, 'HeII_4686': 19.502452198576442, 'HeII_5411.53': 14.927680902972629, 'HeI_4471.50': 6.599529195938809, 'HeI_4713.17': 3.4428183043790765, 'HeI_4921.93': 5.019639930098321, 'HeI_5015.68': 2.7804655161068488, 'HeI_5047.74': 1.1636085294033724, 'HeI_5875.66': 19.882363944075614, 'Hg': 14.523765753048531}"
T26000logg4.0,"{'Ha': 185.68124752756336, 'Hb': 42.52024190204619, 'Hd': 21.49362645145217, 'HeII_4199.83': 2.607237559351485, 'HeII_4686': 15.41014585383881, 'HeII_5411.53': 15.39129458313139, 'HeI_4471.50': 14.109929111244318, 'HeI_4713.17': 12.582080330683118, 'HeI_4921.93': 20.94150170878029, 'HeI_5015.68': 10.599768460882522, 'HeI_5047.74': 2.90157734945003, 'HeI_5875.66': 52.68661409973275, 'Hg': 16.199390408625856}","{'Ha': 180.8473716900251, 'Hb': 41.19299834605562, 'Hd': 21.170602773118894, 'HeII_4199.83': 2.5087405491351693, 'HeII_4686': 15.564398447992625, 'HeII_5411.53': 15.39886181417706, 'HeI_4471.50': 9.827342386678799, 'HeI_4713.17': 7.2659012664701335, 'HeI_4921.93': 13.900757178196509, 'HeI_5015.68': 6.334711951381405, 'HeI_5047.74': 2.0449137061126357, 'HeI_5875.66': 35.108695437943005, 'Hg': 15.970579888157824}","{'Ha': 177.354495278196, 'Hb': 40.73681894877677, 'Hd': 21.044867739448176, 'HeII_4199.83': 2.4504037308110633, 'HeII_4686': 15.853130070772627, 'HeII_5411.53': 15.407273283123676, 'HeI_4471.50': 7.174832667231374, 'HeI_4713.17': 4.271466723836091, 'HeI_4921.93': 9.735576851064135, 'HeI_5015.68': 4.034706538472016, 'HeI_5047.74': 1.5803982384991206, 'HeI_5875.66': 24.366225847988144, 'Hg': 15.940393118825684}","{'Ha': 175.14033070141465, 'Hb': 41.11397328371511, 'Hd': 21.071798891337476, 'HeII_4199.83': 2.418998791345347, 'HeII_4686': 16.237042992172537, 'HeII_5411.53': 15.416766274768888, 'HeI_4471.50': 5.7464089888691765, 'HeI_4713.17': 2.727979400173736, 'HeI_4921.93': 7.280594024007053, 'HeI_5015.68': 2.8861084307530036, 'HeI_5047.74': 1.32127486030186, 'HeI_5875.66': 18.556243320635776, 'Hg': 16.06788778884943}","{'Ha': 174.0037991675387, 'Hb': 42.18072486925218, 'Hd': 21.231432694748197, 'HeII_4199.83': 2.3991233986779212, 'HeII_4686': 16.652683205577627, 'HeII_5411.53': 15.426440869673245, 'HeI_4471.50': 5.245442877088773, 'HeI_4713.17': 2.1711701109928825, 'HeI_4921.93': 5.950269911235624, 'HeI_5015.68': 2.4213581191847475, 'HeI_5047.74': 1.181236742878342, 'HeI_5875.66': 16.18502842022062, 'Hg': 16.35102882625215}","{'Ha': 173.62494376044668, 'Hb': 43.748918938771446, 'Hd': 21.491451842697323, 'HeII_4199.83': 2.385592134663073, 'HeII_4686': 17.05113096628188, 'HeII_5411.53': 15.436010073472548, 'HeI_4471.50': 5.3524548394107665, 'HeI_4713.17': 2.191827498621073, 'HeI_4921.93': 5.361946863929378, 'HeI_5015.68': 2.3274831296298752, 'HeI_5047.74': 1.1169171631217114, 'HeI_5875.66': 15.919515032044215, 'Hg': 16.742413634749862}","{'Ha': 173.6959961740782, 'Hb': 45.679621385952814, 'Hd': 21.81345737860973, 'HeII_4199.83': 2.3777623374182246, 'HeII_4686': 17.403372729534283, 'HeII_5411.53': 15.445353465972964, 'HeI_4471.50': 5.852417598596221, 'HeI_4713.17': 2.513489607557275, 'HeI_4921.93': 5.226224112633356, 'HeI_5015.68': 2.429682594020928, 'HeI_5047.74': 1.1051735474987965, 'HeI_5875.66': 16.825169596995416, 'Hg': 17.211334101187607}","{'Ha': 173.97200896855176, 'Hb': 47.8032731205703, 'Hd': 22.164236416676232, 'HeII_4199.83': 2.372108976513535, 'HeII_4686': 17.682871092236446, 'HeII_5411.53': 15.454281928789525, 'HeI_4471.50': 6.5583297452399165, 'HeI_4713.17': 2.952102617442472, 'HeI_4921.93': 5.33882256973987, 'HeI_5015.68': 2.619173362054417, 'HeI_5047.74': 1.1256996421586183, 'HeI_5875.66': 18.24788427276071, 'Hg': 17.728378673381126}","{'Ha': 174.24501483355107, 'Hb': 50.005062194204065, 'Hd': 22.526599832984473, 'HeII_4199.83': 2.367987397038965, 'HeII_4686': 17.890081748540695, 'HeII_5411.53': 15.462944474409028, 'HeI_4471.50': 7.3460230571777805, 'HeI_4713.17': 3.404878755476633, 'HeI_4921.93': 5.570296406365235, 'HeI_5015.68': 2.8273189430502326, 'HeI_5047.74': 1.1574225062180685, 'HeI_5875.66': 19.69201501146173, 'Hg': 18.266172622728995}"
T26000logg4.2,"{'Ha': 217.02945158183718, 'Hb': 60.079436534112155, 'Hd': 28.426499783781956, 'HeII_4199.83': 2.6379556485254705, 'HeII_4686': 15.259178955751846, 'HeII_5411.53': 15.493895271134535, 'HeI_4471.50': 16.269555861327987, 'HeI_4713.17': 13.497321629656014, 'HeI_4921.93': 21.894354696836093, 'HeI_5015.68': 10.976359457960413, 'HeI_5047.74': 2.9009312567706687, 'HeI_5875.66': 57.096699915832694, 'Hg': 21.708275112703593}","{'Ha': 211.3931201156626, 'Hb': 58.285356055110476, 'Hd': 28.16894092293675, 'HeII_4199.83': 2.549656096570839, 'HeII_4686': 15.414104962801826, 'HeII_5411.53': 15.499503555213655, 'HeI_4471.50': 12.11636933451605, 'HeI_4713.17': 7.957283397148493, 'HeI_4921.93': 15.206073511129292, 'HeI_5015.68': 6.643888252796588, 'HeI_5047.74': 2.0487064795843106, 'HeI_5875.66': 38.94595336952913, 'Hg': 21.44950169830808}","{'Ha': 207.04263382831002, 'Hb': 57.45058806324157, 'Hd': 28.067644314354528, 'HeII_4199.83': 2.496785030622045, 'HeII_4686': 15.676445887178229, 'HeII_5411.53': 15.505511474962397, 'HeI_4471.50': 9.46850465127146, 'HeI_4713.17': 4.7983300376773474, 'HeI_4921.93': 11.096509687923586, 'HeI_5015.68': 4.282641670008189, 'HeI_5047.74': 1.5838428358573098, 'HeI_5875.66': 27.66598807993272, 'Hg': 21.386297940337087}","{'Ha': 204.0569598904682, 'Hb': 57.53745424407264, 'Hd': 28.094432739416067, 'HeII_4199.83': 2.467864148770057, 'HeII_4686': 16.01379285853924, 'HeII_5411.53': 15.512168198405206, 'HeI_4471.50': 7.967753297337065, 'HeI_4713.17': 3.1372259785065397, 'HeI_4921.93': 8.586245330567046, 'HeI_5015.68': 3.0851648736156325, 'HeI_5047.74': 1.323304318769175, 'HeI_5875.66': 21.39417136191213, 'Hg': 21.4872646333094}","{'Ha': 202.27917778254337, 'Hb': 58.387845332281834, 'Hd': 28.234787366262527, 'HeII_4199.83': 2.44915141626989, 'HeII_4686': 16.373767912973896, 'HeII_5411.53': 15.51882944857307, 'HeI_4471.50': 7.35556585119271, 'HeI_4713.17': 2.5012971547094254, 'HeI_4921.93': 7.1706974375195545, 'HeI_5015.68': 2.5840949699776505, 'HeI_5047.74': 1.1819518443952226, 'HeI_5875.66': 18.6584364519658, 'Hg': 21.742891966210447}","{'Ha': 201.36747215693939, 'Hb': 59.78925318946898, 'Hd': 28.460880584040538, 'HeII_4199.83': 2.435944292382841, 'HeII_4686': 16.716534997661796, 'HeII_5411.53': 15.52538235441982, 'HeI_4471.50': 7.340039870712857, 'HeI_4713.17': 2.4691560648026263, 'HeI_4921.93': 6.492697270510844, 'HeI_5015.68': 2.463516858824112, 'HeI_5047.74': 1.116550699804662, 'HeI_5875.66': 18.108562737337532, 'Hg': 22.10447264966916}","{'Ha': 200.97828212690152, 'Hb': 61.576895869327664, 'Hd': 28.741431602382196, 'HeII_4199.83': 2.4277628758333862, 'HeII_4686': 17.018305929178293, 'HeII_5411.53': 15.53172052404678, 'HeI_4471.50': 7.717284137899064, 'HeI_4713.17': 2.754429056198655, 'HeI_4921.93': 6.271949498825627, 'HeI_5015.68': 2.545279500120359, 'HeI_5047.74': 1.1037807586867696, 'HeI_5875.66': 18.786671016821806, 'Hg': 22.54011388776223}","{'Ha': 200.85182979718775, 'Hb': 63.569130369582574, 'Hd': 29.04765910004736, 'HeII_4199.83': 2.4214536779030817, 'HeII_4686': 17.257203448666974, 'HeII_5411.53': 15.537778575633833, 'HeI_4471.50': 8.31121805265708, 'HeI_4713.17': 3.1686723045456375, 'HeI_4921.93': 6.311312384385074, 'HeI_5015.68': 2.719410503820594, 'HeI_5047.74': 1.1232368723664439, 'HeI_5875.66': 20.03319221855665, 'Hg': 23.02017758111642}","{'Ha': 200.74898184730185, 'Hb': 65.63959780231833, 'Hd': 29.36314594221464, 'HeII_4199.83': 2.4164605284415845, 'HeII_4686': 17.434233367875297, 'HeII_5411.53': 15.543724385559777, 'HeI_4471.50': 8.99852797912856, 'HeI_4713.17': 3.6022365129362712, 'HeI_4921.93': 6.480769348971352, 'HeI_5015.68': 2.9158817324610737, 'HeI_5047.74': 1.1539649050324974, 'HeI_5875.66': 21.329879585845283, 'Hg': 23.51728273315713}"
T26000logg4.4,"{'Ha': 223.311799138838, 'Hb': 66.54064379019303, 'Hd': 31.872586460465865, 'HeII_4199.83': 2.608776887226027, 'HeII_4686': 14.918071203539554, 'HeII_5411.53': 15.673867178397307, 'HeI_4471.50': 16.76079647342746, 'HeI_4713.17': 13.054658710575227, 'HeI_4921.93': 20.589492383835783, 'HeI_5015.68': 10.385430296571423, 'HeI_5047.74': 2.805494619585926, 'HeI_5875.66': 56.1244312437213, 'Hg': 24.52946469889551}","{'Ha': 218.38330787373388, 'Hb': 64.96856693726684, 'Hd': 31.70497086100021, 'HeII_4199.83': 2.535278060219534, 'HeII_4686': 15.05704783512568, 'HeII_5411.53': 15.675467595051154, 'HeI_4471.50': 13.096102677593816, 'HeI_4713.17': 7.761819555661529, 'HeI_4921.93': 14.723193972550437, 'HeI_5015.68': 6.3223221843925, 'HeI_5047.74': 2.0011543226368227, 'HeI_5875.66': 38.81019731429777, 'Hg': 24.32895953629416}","{'Ha': 214.58943951933605, 'Hb': 64.34397441541513, 'Hd': 31.668622175217607, 'HeII_4199.83': 2.4909994938357656, 'HeII_4686': 15.266211017243357, 'HeII_5411.53': 15.676719456559043, 'HeI_4471.50': 10.739598063007, 'HeI_4713.17': 4.723107416332161, 'HeI_4921.93': 11.028420424907516, 'HeI_5015.68': 4.0953885236748775, 'HeI_5047.74': 1.5594228116139475, 'HeI_5875.66': 28.023777895318204, 'Hg': 24.31623237456378}","{'Ha': 212.02565366285896, 'Hb': 64.62403565596311, 'Hd': 31.745590840146495, 'HeII_4199.83': 2.4669023496696427, 'HeII_4686': 15.524313854657834, 'HeII_5411.53': 15.677988370112908, 'HeI_4471.50': 9.390990207173365, 'HeI_4713.17': 3.1222265478605, 'HeI_4921.93': 8.735347628135566, 'HeI_5015.68': 2.9669676790540738, 'HeI_5047.74': 1.311645616803257, 'HeI_5875.66': 22.021640400488945, 'Hg': 24.465075784794635}","{'Ha': 210.54300109643168, 'Hb': 65.63384543280479, 'Hd': 31.919718883698827, 'HeII_4199.83': 2.4513640744938616, 'HeII_4686': 15.794699912634215, 'HeII_5411.53': 15.679006138453268, 'HeI_4471.50': 8.832578806829346, 'HeI_4713.17': 2.513040950380092, 'HeI_4921.93': 7.43531356386038, 'HeI_5015.68': 2.501144994223705, 'HeI_5047.74': 1.1780274202979404, 'HeI_5875.66': 19.416037176322533, 'Hg': 24.75731837502104}","{'Ha': 209.82472480559377, 'Hb': 67.15243455871558, 'Hd': 32.16409168500242, 'HeII_4199.83': 2.4404066567984786, 'HeII_4686': 16.0497106179311, 'HeII_5411.53': 15.67987713971047, 'HeI_4471.50': 8.813497877688109, 'HeI_4713.17': 2.491022273063325, 'HeI_4921.93': 6.814808671810483, 'HeI_5015.68': 2.399597784907318, 'HeI_5047.74': 1.1174562623822901, 'HeI_5875.66': 18.919933152709653, 'Hg': 25.142882791057534}","{'Ha': 209.55481977692787, 'Hb': 69.01578662512125, 'Hd': 32.45336874758431, 'HeII_4199.83': 2.43385182700759, 'HeII_4686': 16.273038278497836, 'HeII_5411.53': 15.680565566970461, 'HeI_4471.50': 9.154105947883378, 'HeI_4713.17': 2.778986815397719, 'HeI_4921.93': 6.618160472868583, 'HeI_5015.68': 2.4930334305687234, 'HeI_5047.74': 1.107522538054107, 'HeI_5875.66': 19.61127089805779, 'Hg': 25.590713782068487}","{'Ha': 209.49210775232854, 'Hb': 71.04346297058463, 'Hd': 32.76201206440258, 'HeII_4199.83': 2.4289178345886837, 'HeII_4686': 16.449370717757787, 'HeII_5411.53': 15.681211445789968, 'HeI_4471.50': 9.696694639056163, 'HeI_4713.17': 3.192938004604817, 'HeI_4921.93': 6.663860226544012, 'HeI_5015.68': 2.675342302841839, 'HeI_5047.74': 1.1284018529375097, 'HeI_5875.66': 20.849732496259584, 'Hg': 26.07215213547037}","{'Ha': 209.41910730868761, 'Hb': 73.11520973598859, 'Hd': 33.07549884259066, 'HeII_4199.83': 2.425041215555171, 'HeII_4686': 16.58007022984524, 'HeII_5411.53': 15.68202269357878, 'HeI_4471.50': 10.327924109797314, 'HeI_4713.17': 3.6250465855027776, 'HeI_4921.93': 6.831638061153347, 'HeI_5015.68': 2.8786868679475863, 'HeI_5047.74': 1.1598783823099128, 'HeI_5875.66': 22.12717553761666, 'Hg': 26.561733275128617}"
T27000logg3.0,"{'Ha': 130.32774248824586, 'Hb': 9.05281448783959, 'Hd': 11.738849289166252, 'HeII_4199.83': 1.483770381764196, 'HeII_4686': 23.837321240764137, 'HeII_5411.53': 8.176596420196267, 'HeI_4471.50': 14.352849199361543, 'HeI_4713.17': 11.806602483517358, 'HeI_4921.93': 18.28023945282416, 'HeI_5015.68': 8.597715328617639, 'HeI_5047.74': 2.3913775347654607, 'HeI_5875.66': 61.56994622002363, 'Hg': 2.8837670963364657}","{'Ha': 126.39705793942937, 'Hb': 6.35848972066333, 'Hd': 8.27564661884175, 'HeII_4199.83': 1.475685061520022, 'HeII_4686': 22.80785040794463, 'HeII_5411.53': 8.339060296742371, 'HeI_4471.50': 7.62493383015477, 'HeI_4713.17': 6.473647931475595, 'HeI_4921.93': 9.75613957031277, 'HeI_5015.68': 4.819580310310206, 'HeI_5047.74': 1.7895213692291483, 'HeI_5875.66': 39.58886460808657, 'Hg': 2.1076397960113047}","{'Ha': 123.2992106828455, 'Hb': 4.508962281060143, 'Hd': 6.12233868808398, 'HeII_4199.83': 1.486232160399281, 'HeII_4686': 22.541629370168483, 'HeII_5411.53': 8.574466503347157, 'HeI_4471.50': 4.003587104359356, 'HeI_4713.17': 3.5867826411446964, 'HeI_4921.93': 5.168589103428899, 'HeI_5015.68': 2.9097743049464766, 'HeI_5047.74': 1.4813869867209513, 'HeI_5875.66': 26.172830239383348, 'Hg': 1.5649686035125228}","{'Ha': 121.22700878260353, 'Hb': 3.764282269647308, 'Hd': 4.841976391657061, 'HeII_4199.83': 1.5135932860198595, 'HeII_4686': 22.85094431700107, 'HeII_5411.53': 8.869236974925625, 'HeI_4471.50': 2.389243411421318, 'HeI_4713.17': 2.1608292885518114, 'HeI_4921.93': 2.8473809310164286, 'HeI_5015.68': 2.050176142943682, 'HeI_5047.74': 1.3254451349203091, 'HeI_5875.66': 18.856238126153794, 'Hg': 1.3165954636372004}","{'Ha': 120.19224646567822, 'Hb': 4.146621261358268, 'Hd': 4.217941991791547, 'HeII_4199.83': 1.550334874122284, 'HeII_4686': 23.481359064850455, 'HeII_5411.53': 9.196784108957367, 'HeI_4471.50': 2.084020251553569, 'HeI_4713.17': 1.703990947718927, 'HeI_4921.93': 1.937928578353687, 'HeI_5015.68': 1.7829697568589926, 'HeI_5047.74': 1.2540586944192156, 'HeI_5875.66': 15.711624020928266, 'Hg': 1.3784226604641956}","{'Ha': 120.00414915661094, 'Hb': 5.480240676275465, 'Hd': 4.104519758657786, 'HeII_4199.83': 1.5915519934214926, 'HeII_4686': 24.210687280622334, 'HeII_5411.53': 9.53514621560492, 'HeI_4471.50': 2.532270265829038, 'HeI_4713.17': 1.8019107580525997, 'HeI_4921.93': 1.87024052189878, 'HeI_5015.68': 1.8200665334412758, 'HeI_5047.74': 1.2351678751935606, 'HeI_5875.66': 15.073826348001063, 'Hg': 1.7006329846224517}","{'Ha': 120.40453199653263, 'Hb': 7.572618724985153, 'Hd': 4.334545208147708, 'HeII_4199.83': 1.6364222452680577, 'HeII_4686': 24.896730113039833, 'HeII_5411.53': 9.875740339943539, 'HeI_4471.50': 3.41878805847616, 'HeI_4713.17': 2.1811366765928835, 'HeI_4921.93': 2.257283639899014, 'HeI_5015.68': 2.015969967357623, 'HeI_5047.74': 1.2538949672074435, 'HeI_5875.66': 15.816991704372041, 'Hg': 2.228141354947276}","{'Ha': 121.13225082875567, 'Hb': 10.174885491711702, 'Hd': 4.7750453637816905, 'HeII_4199.83': 1.680651914462625, 'HeII_4686': 25.439384523495512, 'HeII_5411.53': 10.20172996436299, 'HeI_4471.50': 4.479088611064422, 'HeI_4713.17': 2.6597271083004297, 'HeI_4921.93': 2.820469804676327, 'HeI_5015.68': 2.2725404519586885, 'HeI_5047.74': 1.2948991770844152, 'HeI_5875.66': 17.191037746390005, 'Hg': 2.8998307398249854}","{'Ha': 121.95314788483535, 'Hb': 13.08463508888611, 'Hd': 5.343108332113646, 'HeII_4199.83': 1.722589423048543, 'HeII_4686': 25.814112882467544, 'HeII_5411.53': 10.50720921390555, 'HeI_4471.50': 5.564241355648345, 'HeI_4713.17': 3.1445924131657184, 'HeI_4921.93': 3.4184961412004884, 'HeI_5015.68': 2.5297452450973115, 'HeI_5047.74': 1.3410710593719486, 'HeI_5875.66': 18.637692649153767, 'Hg': 3.6594121413255647}"
T27000logg3.2,"{'Ha': 143.72177605924563, 'Hb': 14.188544683972813, 'Hd': 10.38482604987877, 'HeII_4199.83': 1.65799805731037, 'HeII_4686': 25.518124051099047, 'HeII_5411.53': 10.43207996337504, 'HeI_4471.50': 13.63490521435068, 'HeI_4713.17': 11.751733126442925, 'HeI_4921.93': 21.051191743470532, 'HeI_5015.68': 9.059131802592532, 'HeI_5047.74': 2.774881113041056, 'HeI_5875.66': 55.045323640925275, 'Hg': 3.886073844940549}","{'Ha': 139.06949186715175, 'Hb': 11.802965994686208, 'Hd': 8.032814874608018, 'HeII_4199.83': 1.6250557225002336, 'HeII_4686': 24.710811997110095, 'HeII_5411.53': 10.57163397504836, 'HeI_4471.50': 7.53415393564905, 'HeI_4713.17': 6.51830453624757, 'HeI_4921.93': 11.943425207049968, 'HeI_5015.68': 5.15212138526543, 'HeI_5047.74': 1.9686022198324673, 'HeI_5875.66': 35.06257110187202, 'Hg': 3.2860161859126586}","{'Ha': 135.53516651806706, 'Hb': 10.302561905361205, 'Hd': 6.613021795021009, 'HeII_4199.83': 1.6176577525090186, 'HeII_4686': 24.5531969579437, 'HeII_5411.53': 10.75144848731178, 'HeI_4471.50': 4.106435833974216, 'HeI_4713.17': 3.6645895659505316, 'HeI_4921.93': 6.948642406959703, 'HeI_5015.68': 3.142237722541645, 'HeI_5047.74': 1.54132204016757, 'HeI_5875.66': 22.999856855773956, 'Hg': 2.90449531427919}","{'Ha': 133.22486078143734, 'Hb': 9.836741582468925, 'Hd': 5.811986023170954, 'HeII_4199.83': 1.630164887842433, 'HeII_4686': 24.899681228935137, 'HeII_5411.53': 10.963567187266534, 'HeI_4471.50': 2.4988895121134562, 'HeI_4713.17': 2.2496072622219287, 'HeI_4921.93': 4.281355710409712, 'HeI_5015.68': 2.2105954673713692, 'HeI_5047.74': 1.3106803846194834, 'HeI_5875.66': 16.55673733082808, 'Hg': 2.762100212268925}","{'Ha': 132.05835006885346, 'Hb': 10.362610993485283, 'Hd': 5.482574279036586, 'HeII_4199.83': 1.651965975984217, 'HeII_4686': 25.52880825622818, 'HeII_5411.53': 11.19179751922042, 'HeI_4471.50': 2.1315756074172305, 'HeI_4713.17': 1.7937135147439658, 'HeI_4921.93': 3.0535546986031536, 'HeI_5015.68': 1.8963707255909683, 'HeI_5047.74': 1.1915580980420186, 'HeI_5875.66': 13.948255074436426, 'Hg': 2.870671219721396}","{'Ha': 131.76944719025062, 'Hb': 11.697072413346485, 'Hd': 5.516027411259855, 'HeII_4199.83': 1.6779430145300207, 'HeII_4686': 26.2426574756352, 'HeII_5411.53': 11.423796520299259, 'HeI_4471.50': 2.501551421666119, 'HeI_4713.17': 1.8891086577980138, 'HeI_4921.93': 2.7071565695906035, 'HeI_5015.68': 1.9043512001462186, 'HeI_5047.74': 1.1422098052979544, 'HeI_5875.66': 13.643190681850236, 'Hg': 3.1862093638203763}","{'Ha': 132.06183653410264, 'Hb': 13.66617297238331, 'Hd': 5.78430827862554, 'HeII_4199.83': 1.7079561957189513, 'HeII_4686': 26.912035941153555, 'HeII_5411.53': 11.655482097929792, 'HeI_4471.50': 3.3088835170588378, 'HeI_4713.17': 2.2651742931476404, 'HeI_4921.93': 2.8581723709226248, 'HeI_5015.68': 2.080114499871952, 'HeI_5047.74': 1.141833044018182, 'HeI_5875.66': 14.602512050812338, 'Hg': 3.6660423712314643}","{'Ha': 132.66611077851294, 'Hb': 16.053603087230563, 'Hd': 6.193374212319126, 'HeII_4199.83': 1.738216211695797, 'HeII_4686': 27.44291503384896, 'HeII_5411.53': 11.87670579462412, 'HeI_4471.50': 4.303216851986721, 'HeI_4713.17': 2.7409668144646857, 'HeI_4921.93': 3.2364244621500418, 'HeI_5015.68': 2.322910179739749, 'HeI_5047.74': 1.1714588884662016, 'HeI_5875.66': 16.11550720122317, 'Hg': 4.263951711749713}","{'Ha': 133.3446215017942, 'Hb': 18.69035424437493, 'Hd': 6.688623414049209, 'HeII_4199.83': 1.7675970467619797, 'HeII_4686': 27.81015903625484, 'HeII_5411.53': 12.084205166092918, 'HeI_4471.50': 5.33895746610684, 'HeI_4713.17': 3.222001564137253, 'HeI_4921.93': 3.693197148301046, 'HeI_5015.68': 2.570592023768233, 'HeI_5047.74': 1.2104851368976781, 'HeI_5875.66': 17.664421572274787, 'Hg': 4.936059393908797}"
T27000logg3.4,"{'Ha': 159.50604487502352, 'Hb': 20.38655463834009, 'Hd': 11.677708123942626, 'HeII_4199.83': 1.9713101665314556, 'HeII_4686': 22.23935571349231, 'HeII_5411.53': 12.33711223368881, 'HeI_4471.50': 13.229301130532788, 'HeI_4713.17': 11.946380977631485, 'HeI_4921.93': 21.13790469742008, 'HeI_5015.68': 9.336118353376813, 'HeI_5047.74': 2.874631121809951, 'HeI_5875.66': 53.558760522288594, 'Hg': 6.214063353289413}","{'Ha': 154.37613884794197, 'Hb': 18.36091676366087, 'Hd': 10.08050242229567, 'HeII_4199.83': 1.9106081640905441, 'HeII_4686': 21.88459147359894, 'HeII_5411.53': 12.431145892111282, 'HeI_4471.50': 7.706876803866137, 'HeI_4713.17': 6.698492245933352, 'HeI_4921.93': 12.49999118567192, 'HeI_5015.68': 5.369559514824121, 'HeI_5047.74': 2.021996018650545, 'HeI_5875.66': 34.3385002978302, 'Hg': 5.769201195053342}","{'Ha': 150.5891262280104, 'Hb': 17.245116776220478, 'Hd': 9.170207314148948, 'HeII_4199.83': 1.8822629601662324, 'HeII_4686': 21.997666903143354, 'HeII_5411.53': 12.54694656031528, 'HeI_4471.50': 4.492300861762553, 'HeI_4713.17': 3.81300944283916, 'HeI_4921.93': 7.682495922212817, 'HeI_5015.68': 3.3058457719318466, 'HeI_5047.74': 1.565995591114267, 'HeI_5875.66': 22.73760114624243, 'Hg': 5.541479749064942}","{'Ha': 148.12520020759754, 'Hb': 17.08552873112481, 'Hd': 8.70678199114218, 'HeII_4199.83': 1.8772475576339547, 'HeII_4686': 22.46793697070995, 'HeII_5411.53': 12.67996988253506, 'HeI_4471.50': 2.9123397175750076, 'HeI_4713.17': 2.369211625488239, 'HeI_4921.93': 5.04131155385947, 'HeI_5015.68': 2.3320778187896214, 'HeI_5047.74': 1.3161536021111016, 'HeI_5875.66': 16.55511453132646, 'Hg': 5.512204554956331}","{'Ha': 146.83218308038468, 'Hb': 17.79045696869069, 'Hd': 8.587493634320134, 'HeII_4199.83': 1.8824943800651617, 'HeII_4686': 23.12323240959894, 'HeII_5411.53': 12.820798744807766, 'HeI_4471.50': 2.4875180269620785, 'HeI_4713.17': 1.8907818674939847, 'HeI_4921.93': 3.7573083366539994, 'HeI_5015.68': 1.9887596355338195, 'HeI_5047.74': 1.1841132907615401, 'HeI_5875.66': 14.081237440092186, 'Hg': 5.690533742031281}","{'Ha': 146.40721671757285, 'Hb': 19.177171026956092, 'Hd': 8.730870525399576, 'HeII_4199.83': 1.8926125770691127, 'HeII_4686': 23.81470430156555, 'HeII_5411.53': 12.962710008545127, 'HeI_4471.50': 2.773159031358945, 'HeI_4713.17': 1.9697353888747726, 'HeI_4921.93': 3.32085082476327, 'HeI_5015.68': 1.9777927540363467, 'HeI_5047.74': 1.1260832128557925, 'HeI_5875.66': 13.84174466287826, 'Hg': 6.033296265256926}","{'Ha': 146.53724072559274, 'Hb': 21.09056682547424, 'Hd': 9.03730098628728, 'HeII_4199.83': 1.9074102729022329, 'HeII_4686': 24.448019294620906, 'HeII_5411.53': 13.103768206584256, 'HeI_4471.50': 3.493143213676939, 'HeI_4713.17': 2.3341440982621826, 'HeI_4921.93': 3.3746673268390923, 'HeI_5015.68': 2.1398292108530024, 'HeI_5047.74': 1.1197440222316137, 'HeI_5875.66': 14.830585926561822, 'Hg': 6.505116927836526}","{'Ha': 146.95842874988645, 'Hb': 23.34074504920896, 'Hd': 9.435370497055429, 'HeII_4199.83': 1.9232939623309866, 'HeII_4686': 24.949698014555793, 'HeII_5411.53': 13.238299973079345, 'HeI_4471.50': 4.414120514473448, 'HeI_4713.17': 2.802097977903805, 'HeI_4921.93': 3.667598517488063, 'HeI_5015.68': 2.3727878670059486, 'HeI_5047.74': 1.1452563815669448, 'HeI_5875.66': 16.35300131934671, 'Hg': 7.068893099282217}","{'Ha': 147.43854314165046, 'Hb': 25.784735546894535, 'Hd': 9.886853067094316, 'HeII_4199.83': 1.939468206796612, 'HeII_4686': 25.305202928881254, 'HeII_5411.53': 13.364792788070767, 'HeI_4471.50': 5.394034687110101, 'HeI_4713.17': 3.2769538060136867, 'HeI_4921.93': 4.0553035577198875, 'HeI_5015.68': 2.613342083771, 'HeI_5047.74': 1.1813398950304195, 'HeI_5875.66': 17.901492256746295, 'Hg': 7.688845412983702}"
T27000logg3.6,"{'Ha': 167.74277654741454, 'Hb': 26.927777829542148, 'Hd': 14.331539154328262, 'HeII_4199.83': 2.280833999055321, 'HeII_4686': 19.003680530258446, 'HeII_5411.53': 13.783508249207264, 'HeI_4471.50': 13.20119440879222, 'HeI_4713.17': 11.861019960275737, 'HeI_4921.93': 20.942038597021927, 'HeI_5015.68': 9.595040920558574, 'HeI_5047.74': 2.8875572875341127, 'HeI_5875.66': 53.32314728982745, 'Hg': 9.095731228036817}","{'Ha': 162.56246695956216, 'Hb': 25.111505331341306, 'Hd': 13.254496891873753, 'HeII_4199.83': 2.1951206088822772, 'HeII_4686': 18.911442858426913, 'HeII_5411.53': 13.840082269448056, 'HeI_4471.50': 8.11817555247693, 'HeI_4713.17': 6.693441040494825, 'HeI_4921.93': 12.848141679488801, 'HeI_5015.68': 5.578992121943615, 'HeI_5047.74': 2.0307128127578364, 'HeI_5875.66': 34.53689875614841, 'Hg': 8.733328115944827}","{'Ha': 158.78998573449724, 'Hb': 24.229068164612094, 'Hd': 12.680339534333044, 'HeII_4199.83': 2.1480980658380178, 'HeII_4686': 19.167954900716264, 'HeII_5411.53': 13.90807740268439, 'HeI_4471.50': 5.087604511199901, 'HeI_4713.17': 3.8386313292485066, 'HeI_4921.93': 8.26116134779704, 'HeI_5015.68': 3.4677116619053967, 'HeI_5047.74': 1.5699949058195417, 'HeI_5875.66': 23.167600105361334, 'Hg': 8.591960423230594}","{'Ha': 156.37510875994133, 'Hb': 24.275556641844084, 'Hd': 12.437011451690118, 'HeII_4199.83': 2.127659581467496, 'HeII_4686': 19.681889544570794, 'HeII_5411.53': 13.985209124979804, 'HeI_4471.50': 3.5492243460133746, 'HeI_4713.17': 2.405765019874939, 'HeI_4921.93': 5.685250854051641, 'HeI_5015.68': 2.455834705069372, 'HeI_5047.74': 1.3158420640354, 'HeI_5875.66': 17.082676204690205, 'Hg': 8.63169520010231}","{'Ha': 155.12617922446012, 'Hb': 25.123895097601345, 'Hd': 12.454036299813662, 'HeII_4199.83': 2.1186954968255236, 'HeII_4686': 20.316156425441104, 'HeII_5411.53': 14.066234099658137, 'HeI_4471.50': 3.0940138068299374, 'HeI_4713.17': 1.9288890987909473, 'HeI_4921.93': 4.37753722172849, 'HeI_5015.68': 2.0853003690760006, 'HeI_5047.74': 1.1804035423506893, 'HeI_5875.66': 14.634493074989013, 'Hg': 8.856744537041042}","{'Ha': 154.7171513697628, 'Hb': 26.58223435084695, 'Hd': 12.667345511067866, 'HeII_4199.83': 2.1154996076360786, 'HeII_4686': 20.957658304440326, 'HeII_5411.53': 14.14752413052026, 'HeI_4471.50': 3.3210210968988654, 'HeI_4713.17': 2.005698435534988, 'HeI_4921.93': 3.8777250648523074, 'HeI_5015.68': 2.0557646439898, 'HeI_5047.74': 1.1198328030458604, 'HeI_5875.66': 14.389000944768984, 'Hg': 9.221291540966462}","{'Ha': 154.82954903198612, 'Hb': 28.498598481102356, 'Hd': 12.997845653942138, 'HeII_4199.83': 2.1175757423849113, 'HeII_4686': 21.536575968734667, 'HeII_5411.53': 14.227975045988554, 'HeI_4471.50': 3.9731507728002295, 'HeI_4713.17': 2.366940059698376, 'HeI_4921.93': 3.8564822363008138, 'HeI_5015.68': 2.2041776260721186, 'HeI_5047.74': 1.1114375845783322, 'HeI_5875.66': 15.358736688099057, 'Hg': 9.692075619535858}","{'Ha': 155.20349048456015, 'Hb': 30.691030206724633, 'Hd': 13.38890060922217, 'HeII_4199.83': 2.1213888133880205, 'HeII_4686': 21.995866111692376, 'HeII_5411.53': 14.304470135946138, 'HeI_4471.50': 4.83126612781576, 'HeI_4713.17': 2.832070963094181, 'HeI_4921.93': 4.081978367625928, 'HeI_5015.68': 2.4271495295582675, 'HeI_5047.74': 1.1351853547646646, 'HeI_5875.66': 16.857824213381736, 'Hg': 10.235980738184969}","{'Ha': 155.61336074284245, 'Hb': 33.029443718530906, 'Hd': 13.811541033078985, 'HeII_4199.83': 2.126348955267701, 'HeII_4686': 22.32835071438207, 'HeII_5411.53': 14.376291568858294, 'HeI_4471.50': 5.757916922677659, 'HeI_4713.17': 3.3042097539060062, 'HeI_4921.93': 4.415265160869878, 'HeI_5015.68': 2.660323056093051, 'HeI_5047.74': 1.1698451008426973, 'HeI_5875.66': 18.381305587070624, 'Hg': 10.821488669863095}"
T27000logg3.8,"{'Ha': 174.94605499041188, 'Hb': 32.78563313364323, 'Hd': 17.04661029620285, 'HeII_4199.83': 2.3352484069984976, 'HeII_4686': 18.44105287920631, 'HeII_5411.53': 13.848410819998106, 'HeI_4471.50': 13.418122177448488, 'HeI_4713.17': 12.020936685957157, 'HeI_4921.93': 20.968919939310748, 'HeI_5015.68': 9.941559697119581, 'HeI_5047.74': 2.8369810936978768, 'HeI_5875.66': 52.935079800267985, 'Hg': 11.820187870099154}","{'Ha': 170.5348828811276, 'Hb': 31.334136437102185, 'Hd': 16.332572051207023, 'HeII_4199.83': 2.2403110690451746, 'HeII_4686': 18.487250446360243, 'HeII_5411.53': 13.89137665280053, 'HeI_4471.50': 8.684479715699881, 'HeI_4713.17': 6.838749541376394, 'HeI_4921.93': 13.29116221750903, 'HeI_5015.68': 5.832345707129675, 'HeI_5047.74': 2.0037008883717045, 'HeI_5875.66': 34.661641525994035, 'Hg': 11.52849786957045}","{'Ha': 167.28254356969094, 'Hb': 30.72237557778399, 'Hd': 15.979293935219484, 'HeII_4199.83': 2.1866005537800786, 'HeII_4686': 18.788841430326105, 'HeII_5411.53': 13.943238064444593, 'HeI_4471.50': 5.815868001905682, 'HeI_4713.17': 3.959651197147252, 'HeI_4921.93': 8.868465131201425, 'HeI_5015.68': 3.6550252450450684, 'HeI_5047.74': 1.5554125198667048, 'HeI_5875.66': 23.545195013817768, 'Hg': 11.442122623056585}","{'Ha': 165.1960806703715, 'Hb': 30.957122144277502, 'Hd': 15.873889049076837, 'HeII_4199.83': 2.1608356125840458, 'HeII_4686': 19.27923917441098, 'HeII_5411.53': 14.002771664053345, 'HeI_4471.50': 4.3226951638111855, 'HeI_4713.17': 2.5039658705110264, 'HeI_4921.93': 6.337922849831568, 'HeI_5015.68': 2.597061679173902, 'HeI_5047.74': 1.308221140849356, 'HeI_5875.66': 17.56773042373457, 'Hg': 11.523204624142233}","{'Ha': 164.1232960634038, 'Hb': 31.922465085720667, 'Hd': 15.971778090512244, 'HeII_4199.83': 2.1471719758090555, 'HeII_4686': 19.851641643091526, 'HeII_5411.53': 14.066046996398859, 'HeI_4471.50': 3.8476036816047228, 'HeI_4713.17': 2.008913469944256, 'HeI_4921.93': 5.018682865579455, 'HeI_5015.68': 2.195259962052007, 'HeI_5047.74': 1.176843903635622, 'HeI_5875.66': 15.149144437616826, 'Hg': 11.775979732795244}","{'Ha': 163.7810303388076, 'Hb': 33.43938422949365, 'Hd': 16.223699571965977, 'HeII_4199.83': 2.1397485315849747, 'HeII_4686': 20.418752886638362, 'HeII_5411.53': 14.130485253952983, 'HeI_4471.50': 4.024625883128493, 'HeI_4713.17': 2.072057696649325, 'HeI_4921.93': 4.481587018566029, 'HeI_5015.68': 2.1443306619263187, 'HeI_5047.74': 1.1186808501358319, 'HeI_5875.66': 14.89604706157175, 'Hg': 12.154805662328172}","{'Ha': 163.88627908984608, 'Hb': 35.36796396020295, 'Hd': 16.567947231811402, 'HeII_4199.83': 2.1378772709137257, 'HeII_4686': 20.927030860425084, 'HeII_5411.53': 14.195305340279596, 'HeI_4471.50': 4.614861471705217, 'HeI_4713.17': 2.423081056051106, 'HeI_4921.93': 4.412832818810745, 'HeI_5015.68': 2.277572169485112, 'HeI_5047.74': 1.1115626959139586, 'HeI_5875.66': 15.841568698703657, 'Hg': 12.627739716579077}","{'Ha': 164.20528636762427, 'Hb': 37.53496785581491, 'Hd': 16.9575922934247, 'HeII_4199.83': 2.138037026194596, 'HeII_4686': 21.329868727814322, 'HeII_5411.53': 14.258070287803553, 'HeI_4471.50': 5.412080955482951, 'HeI_4713.17': 2.8811779877682904, 'HeI_4921.93': 4.591034587975902, 'HeI_5015.68': 2.4895855656505623, 'HeI_5047.74': 1.1357791044038983, 'HeI_5875.66': 17.3128778701553, 'Hg': 13.163220629249807}","{'Ha': 164.5334289728524, 'Hb': 39.81933718819466, 'Hd': 17.368164353033585, 'HeII_4199.83': 2.139720034595703, 'HeII_4686': 21.622874065012628, 'HeII_5411.53': 14.318229438430523, 'HeI_4471.50': 6.284197106797691, 'HeI_4713.17': 3.3477025542652674, 'HeI_4921.93': 4.880926770799091, 'HeI_5015.68': 2.7144918966643186, 'HeI_5047.74': 1.1705418876262168, 'HeI_5875.66': 18.80879943163154, 'Hg': 13.731232934614747}"
T27000logg4.0,"{'Ha': 188.5456852833827, 'Hb': 40.18754946091404, 'Hd': 20.82322215389965, 'HeII_4199.83': 2.533970578753178, 'HeII_4686': 16.812275056767835, 'HeII_5411.53': 14.81327620274417, 'HeI_4471.50': 13.163770248291378, 'HeI_4713.17': 11.742293235906644, 'HeI_4921.93': 20.28746909484981, 'HeI_5015.68': 9.852623766984333, 'HeI_5047.74': 2.790439293806382, 'HeI_5875.66': 49.45230131421222, 'Hg': 14.962060736475244}","{'Ha': 183.32791970986472, 'Hb': 39.12453991484173, 'Hd': 20.408362750587635, 'HeII_4199.83': 2.4338454295945087, 'HeII_4686': 16.92039532520943, 'HeII_5411.53': 14.837921919802326, 'HeI_4471.50': 9.072130618578734, 'HeI_4713.17': 6.729312138529451, 'HeI_4921.93': 13.401693915766302, 'HeI_5015.68': 5.836133329298182, 'HeI_5047.74': 1.981231050323619, 'HeI_5875.66': 32.62100025627198, 'Hg': 14.7953408995754}","{'Ha': 179.6118187144471, 'Hb': 38.869327380880335, 'Hd': 20.248598452182346, 'HeII_4199.83': 2.375290723802853, 'HeII_4686': 17.237467442886178, 'HeII_5411.53': 14.867017411171757, 'HeI_4471.50': 6.5483474439767075, 'HeI_4713.17': 3.9286048420750124, 'HeI_4921.93': 9.337654229046208, 'HeI_5015.68': 3.6909541847926257, 'HeI_5047.74': 1.5436118005016704, 'HeI_5875.66': 22.41613554747729, 'Hg': 14.808617123884117}","{'Ha': 177.26807715595842, 'Hb': 39.38705375967566, 'Hd': 20.266304105135852, 'HeII_4199.83': 2.3445957006557197, 'HeII_4686': 17.70507304404666, 'HeII_5411.53': 14.90011304943073, 'HeI_4471.50': 5.209405739584223, 'HeI_4713.17': 2.5100468171885004, 'HeI_4921.93': 6.955787881519752, 'HeI_5015.68': 2.641151058538478, 'HeI_5047.74': 1.3015706142078574, 'HeI_5875.66': 16.98293810983907, 'Hg': 14.964194789734535}","{'Ha': 176.06129449587993, 'Hb': 40.543236342697774, 'Hd': 20.43209306188211, 'HeII_4199.83': 2.3258845625789033, 'HeII_4686': 18.233044021899197, 'HeII_5411.53': 14.934931426103788, 'HeI_4471.50': 4.770754148993883, 'HeI_4713.17': 2.0298029624094176, 'HeI_4921.93': 5.679644003225994, 'HeI_5015.68': 2.2385945167310446, 'HeI_5047.74': 1.1729103251939847, 'HeI_5875.66': 14.86506313381078, 'Hg': 15.262174438386493}","{'Ha': 175.64779068366877, 'Hb': 42.16355865397846, 'Hd': 20.70961123643278, 'HeII_4199.83': 2.3134630926345827, 'HeII_4686': 18.749309286817457, 'HeII_5411.53': 14.970157980598229, 'HeI_4471.50': 4.9243836116203195, 'HeI_4713.17': 2.097114084458592, 'HeI_4921.93': 5.13205893873284, 'HeI_5015.68': 2.184391167530438, 'HeI_5047.74': 1.116200976012594, 'HeI_5875.66': 14.77215802180385, 'Hg': 15.659713930307781}","{'Ha': 175.70191871100758, 'Hb': 44.122912031843576, 'Hd': 21.053626047032118, 'HeII_4199.83': 2.306560867298414, 'HeII_4686': 19.20960315100768, 'HeII_5411.53': 15.005289819864007, 'HeI_4471.50': 5.4624342591828965, 'HeI_4713.17': 2.447903180138841, 'HeI_4921.93': 5.028429975453087, 'HeI_5015.68': 2.3133758760729806, 'HeI_5047.74': 1.1096112217976595, 'HeI_5875.66': 15.801001806632966, 'Hg': 16.13033562413581}","{'Ha': 175.96846782309706, 'Hb': 46.26157759666586, 'Hd': 21.42723498066933, 'HeII_4199.83': 2.3017156355828687, 'HeII_4686': 19.574953813404974, 'HeII_5411.53': 15.039122789006852, 'HeI_4471.50': 6.200093509462193, 'HeI_4713.17': 2.9043619363297224, 'HeI_4921.93': 5.166396027473918, 'HeI_5015.68': 2.521347385321387, 'HeI_5047.74': 1.1336689384797782, 'HeI_5875.66': 17.310993900268134, 'Hg': 16.647397820133342}","{'Ha': 176.23311932934712, 'Hb': 48.47381862814891, 'Hd': 21.811466991489862, 'HeII_4199.83': 2.2984392893208407, 'HeII_4686': 19.8433798659858, 'HeII_5411.53': 15.071493520172991, 'HeI_4471.50': 7.01539527872984, 'HeI_4713.17': 3.3687668634664427, 'HeI_4921.93': 5.418675940857961, 'HeI_5015.68': 2.7431405837731377, 'HeI_5047.74': 1.1680884972885959, 'HeI_5875.66': 18.825388810669853, 'Hg': 17.18544462162743}"
T27000logg4.2,"{'Ha': 191.10687530098983, 'Hb': 48.16159932325538, 'Hd': 25.101941500267678, 'HeII_4199.83': 2.566889256997211, 'HeII_4686': 16.716324572615534, 'HeII_5411.53': 14.89459188793799, 'HeI_4471.50': 14.35530685573654, 'HeI_4713.17': 12.002487526347668, 'HeI_4921.93': 20.655063220871654, 'HeI_5015.68': 10.110838796338317, 'HeI_5047.74': 2.741420613511179, 'HeI_5875.66': 51.789943537838525, 'Hg': 18.481680429076224}","{'Ha': 187.1045577541409, 'Hb': 47.23342783881054, 'Hd': 24.83662887496769, 'HeII_4199.83': 2.473063956337585, 'HeII_4686': 16.869814650665873, 'HeII_5411.53': 14.911516437002852, 'HeI_4471.50': 10.450998840742754, 'HeI_4713.17': 6.966037335887319, 'HeI_4921.93': 14.113006132948755, 'HeI_5015.68': 6.0314767041899415, 'HeI_5047.74': 1.9550636524597542, 'HeI_5875.66': 34.809020792746665, 'Hg': 18.344274656858364}","{'Ha': 184.20403917556203, 'Hb': 47.060242573905136, 'Hd': 24.757633886884232, 'HeII_4199.83': 2.417622718259812, 'HeII_4686': 17.184711179985037, 'HeII_5411.53': 14.931413678648303, 'HeI_4471.50': 8.010652423836266, 'HeI_4713.17': 4.126433773692055, 'HeI_4921.93': 10.153921636828455, 'HeI_5015.68': 3.8391555662383503, 'HeI_5047.74': 1.530568788033018, 'HeI_5875.66': 24.411140553188577, 'Hg': 18.371686741834225}","{'Ha': 182.38411359288864, 'Hb': 47.62168121072347, 'Hd': 24.81851751873301, 'HeII_4199.83': 2.3880510032195863, 'HeII_4686': 17.62012177842673, 'HeII_5411.53': 14.954164228684787, 'HeI_4471.50': 6.6800520806880295, 'HeI_4713.17': 2.670815947302639, 'HeI_4921.93': 7.769192445257431, 'HeI_5015.68': 2.7567833232858563, 'HeI_5047.74': 1.2971984326309034, 'HeI_5875.66': 18.78023319585496, 'Hg': 18.53718337504861}","{'Ha': 181.4759645529867, 'Hb': 48.79282240538776, 'Hd': 25.001017160930523, 'HeII_4199.83': 2.369567699487687, 'HeII_4686': 18.10137085563868, 'HeII_5411.53': 14.978192948424331, 'HeI_4471.50': 6.202544732014915, 'HeI_4713.17': 2.1609406131749633, 'HeI_4921.93': 6.450444797743831, 'HeI_5015.68': 2.3318275363170504, 'HeI_5047.74': 1.1746063087295648, 'HeI_5875.66': 16.488849371577313, 'Hg': 18.83813968498003}","{'Ha': 181.20350541095266, 'Hb': 50.40671944064375, 'Hd': 25.27570471086611, 'HeII_4199.83': 2.3569137508071374, 'HeII_4686': 18.56811213667247, 'HeII_5411.53': 15.002717365031405, 'HeI_4471.50': 6.294208095124984, 'HeI_4713.17': 2.205858097145995, 'HeI_4921.93': 5.848152490412108, 'HeI_5015.68': 2.26171274628635, 'HeI_5047.74': 1.1220785097347763, 'HeI_5875.66': 16.250928903956662, 'Hg': 19.232722548494454}","{'Ha': 181.29808337657704, 'Hb': 52.34173312382387, 'Hd': 25.607425413253736, 'HeII_4199.83': 2.349416227090391, 'HeII_4686': 18.983953285028825, 'HeII_5411.53': 15.027462751703062, 'HeI_4471.50': 6.759296175274175, 'HeI_4713.17': 2.5398140276295122, 'HeI_4921.93': 5.689028244888432, 'HeI_5015.68': 2.379040451138199, 'HeI_5047.74': 1.118116690448231, 'HeI_5875.66': 17.15776464057547, 'Hg': 19.695152322976988}","{'Ha': 181.54319121609026, 'Hb': 54.44038452068176, 'Hd': 25.964629060199027, 'HeII_4199.83': 2.34384337151224, 'HeII_4686': 19.31525508817169, 'HeII_5411.53': 15.051643801413377, 'HeI_4471.50': 7.423832738284653, 'HeI_4713.17': 2.9845688486131317, 'HeI_4921.93': 5.778303791347863, 'HeI_5015.68': 2.578266354837816, 'HeI_5047.74': 1.1435930365317928, 'HeI_5875.66': 18.569725329300187, 'Hg': 20.199166321903153}","{'Ha': 181.75508388255287, 'Hb': 56.598698360930236, 'Hd': 26.330039291524006, 'HeII_4199.83': 2.3397129066438627, 'HeII_4686': 19.559416555825436, 'HeII_5411.53': 15.075200248607727, 'HeI_4471.50': 8.169877135212012, 'HeI_4713.17': 3.439730363055914, 'HeI_4921.93': 5.989644240682843, 'HeI_5015.68': 2.7932727548555096, 'HeI_5047.74': 1.1787869000784545, 'HeI_5875.66': 19.99857707678296, 'Hg': 20.71989480820213}"
T27000logg4.4,"{'Ha': 210.01755874885924, 'Hb': 60.591523268685954, 'Hd': 31.38186947561426, 'HeII_4199.83': 2.615912598586151, 'HeII_4686': 15.899407718845131, 'HeII_5411.53': 15.391928524131233, 'HeI_4471.50': 15.657400798885195, 'HeI_4713.17': 12.179630676001647, 'HeI_4921.93': 20.830034238310215, 'HeI_5015.68': 10.11683326678372, 'HeI_5047.74': 2.702436560689948, 'HeI_5875.66': 51.58489869794491, 'Hg': 23.426584098106048}","{'Ha': 205.46423838483048, 'Hb': 59.710043106944056, 'Hd': 31.2373795373801, 'HeII_4199.83': 2.5267690032078405, 'HeII_4686': 16.057641520613625, 'HeII_5411.53': 15.398243368579935, 'HeI_4471.50': 12.182229155578185, 'HeI_4713.17': 7.181634493077278, 'HeI_4921.93': 14.907972144163555, 'HeI_5015.68': 6.129039529756076, 'HeI_5047.74': 1.9404317222226, 'HeI_5875.66': 35.347252845113665, 'Hg': 23.33906643575031}","{'Ha': 202.17209645764123, 'Hb': 59.6034884735842, 'Hd': 31.23117678781819, 'HeII_4199.83': 2.473471821230108, 'HeII_4686': 16.352483552002703, 'HeII_5411.53': 15.405321345860587, 'HeI_4471.50': 9.963162907869828, 'HeI_4713.17': 4.330084164484414, 'HeI_4921.93': 11.20139916824398, 'HeI_5015.68': 3.9595852266916967, 'HeI_5047.74': 1.5239205676633074, 'HeI_5875.66': 25.340613773485295, 'Hg': 23.403089319407087}","{'Ha': 200.0910576043071, 'Hb': 60.226840324202016, 'Hd': 31.332748413606126, 'HeII_4199.83': 2.444433123072795, 'HeII_4686': 16.74556701140837, 'HeII_5411.53': 15.413444617054347, 'HeI_4471.50': 8.714226347799476, 'HeI_4713.17': 2.8493446943462017, 'HeI_4921.93': 8.900263283306465, 'HeI_5015.68': 2.873003527056821, 'HeI_5047.74': 1.2923370640182252, 'HeI_5875.66': 19.874075800548237, 'Hg': 23.594917765162926}","{'Ha': 199.01600562187022, 'Hb': 61.43701235630798, 'Hd': 31.528804117446082, 'HeII_4199.83': 2.4257925125564794, 'HeII_4686': 17.1722451041309, 'HeII_5411.53': 15.421893600634094, 'HeI_4471.50': 8.227706061674525, 'HeI_4713.17': 2.313668109704445, 'HeI_4921.93': 7.58600070797865, 'HeI_5015.68': 2.435603247962187, 'HeI_5047.74': 1.1694152762252166, 'HeI_5875.66': 17.620144644042714, 'Hg': 23.907079085725393}","{'Ha': 198.63226206340872, 'Hb': 63.05945868925471, 'Hd': 31.795465289871824, 'HeII_4199.83': 2.4126859658239113, 'HeII_4686': 17.58203802681514, 'HeII_5411.53': 15.430490678110605, 'HeI_4471.50': 8.262640188562195, 'HeI_4713.17': 2.3363772014749733, 'HeI_4921.93': 6.94971523827393, 'HeI_5015.68': 2.3522483113092036, 'HeI_5047.74': 1.1159054559695085, 'HeI_5875.66': 17.35956029907098, 'Hg': 24.298974579528895}","{'Ha': 198.6415155795051, 'Hb': 64.9701488236854, 'Hd': 32.10598833330432, 'HeII_4199.83': 2.40454563736528, 'HeII_4686': 17.94480188868996, 'HeII_5411.53': 15.439117602976923, 'HeI_4471.50': 8.64652621846254, 'HeI_4713.17': 2.6524072840755992, 'HeI_4921.93': 6.738942305996124, 'HeI_5015.68': 2.45727073986799, 'HeI_5047.74': 1.110630199960217, 'HeI_5875.66': 18.217374861086018, 'Hg': 24.74650088965083}","{'Ha': 198.81020636867945, 'Hb': 67.01379559078602, 'Hd': 32.4339061275928, 'HeII_4199.83': 2.3982680502741736, 'HeII_4686': 18.23280235657386, 'HeII_5411.53': 15.447603477818072, 'HeI_4471.50': 9.22423241019968, 'HeI_4713.17': 3.083937010518998, 'HeI_4921.93': 6.773587111090926, 'HeI_5015.68': 2.6464113024971385, 'HeI_5047.74': 1.134586203590789, 'HeI_5875.66': 19.573143241584667, 'Hg': 25.22535030510058}","{'Ha': 198.94090674153188, 'Hb': 69.09025890041028, 'Hd': 32.76446500794047, 'HeII_4199.83': 2.393347386039548, 'HeII_4686': 18.445675037822756, 'HeII_5411.53': 15.45605458341556, 'HeI_4471.50': 9.885750560438899, 'HeI_4713.17': 3.5283779365947803, 'HeI_4921.93': 6.933150324406776, 'HeI_5015.68': 2.853773935073643, 'HeI_5047.74': 1.1683807941246778, 'HeI_5875.66': 20.94470639356191, 'Hg': 25.712962166428134}"
T28000logg3.0,"{'Ha': 135.21477721975307, 'Hb': 8.134641137521571, 'Hd': 12.639077697663927, 'HeII_4199.83': 1.26565327956116, 'HeII_4686': 22.248402401769912, 'HeII_5411.53': 4.97651508047452, 'HeI_4471.50': 14.533328971838898, 'HeI_4713.17': 11.436771170062197, 'HeI_4921.93': 13.3736345713629, 'HeI_5015.68': 8.411802797393575, 'HeI_5047.74': 2.0285768830783226, 'HeI_5875.66': 65.12484293944074, 'Hg': 2.921121551744437}","{'Ha': 132.34922138014116, 'Hb': 5.7270897605843505, 'Hd': 8.818742713353723, 'HeII_4199.83': 1.2508404162736408, 'HeII_4686': 20.83144723985053, 'HeII_5411.53': 5.052099235538917, 'HeI_4471.50': 7.640701282824649, 'HeI_4713.17': 6.189271411054597, 'HeI_4921.93': 6.888045115187063, 'HeI_5015.68': 4.679006551305015, 'HeI_5047.74': 1.7200056484694597, 'HeI_5875.66': 42.293922963815135, 'Hg': 2.1441618123235746}","{'Ha': 129.9037610149551, 'Hb': 3.998070174501268, 'Hd': 6.424669256297283, 'HeII_4199.83': 1.2570040710533659, 'HeII_4686': 20.3725219453553, 'HeII_5411.53': 5.2705567633583, 'HeI_4471.50': 4.001085044607386, 'HeI_4713.17': 3.374740107993672, 'HeI_4921.93': 3.549164053882615, 'HeI_5015.68': 2.8140984493577217, 'HeI_5047.74': 1.5759262357060813, 'HeI_5875.66': 28.252407537748258, 'Hg': 1.5800071267228193}","{'Ha': 128.1189319445849, 'Hb': 3.259364620755775, 'Hd': 4.97743611644847, 'HeII_4199.83': 1.2843288302404314, 'HeII_4686': 20.603654793380375, 'HeII_5411.53': 5.615038433150298, 'HeI_4471.50': 2.416816826891532, 'HeI_4713.17': 1.9994256094131273, 'HeI_4921.93': 2.03837887033345, 'HeI_5015.68': 1.989892914925595, 'HeI_5047.74': 1.5176583426090566, 'HeI_5875.66': 20.516145660711175, 'Hg': 1.3103208359533993}","{'Ha': 127.10449716026264, 'Hb': 3.5978436483429137, 'Hd': 4.2440878500680235, 'HeII_4199.83': 1.3265458432284702, 'HeII_4686': 21.219068392172044, 'HeII_5411.53': 6.041127353919633, 'HeI_4471.50': 2.151474571436146, 'HeI_4713.17': 1.575777998101881, 'HeI_4921.93': 1.660787086714424, 'HeI_5015.68': 1.7454706869195962, 'HeI_5047.74': 1.505204695786289, 'HeI_5875.66': 17.105825075186853, 'Hg': 1.3539354170394735}","{'Ha': 126.78006776445176, 'Hb': 4.883127896976225, 'Hd': 4.0735859891923685, 'HeII_4199.83': 1.3773762287477063, 'HeII_4686': 21.960191542615473, 'HeII_5411.53': 6.5069231272179, 'HeI_4471.50': 2.6357107122713117, 'HeI_4713.17': 1.6946923824049445, 'HeI_4921.93': 1.945035721353089, 'HeI_5015.68': 1.7953809654962285, 'HeI_5047.74': 1.5209076369266894, 'HeI_5875.66': 16.29569474422167, 'Hg': 1.6661957636184075}","{'Ha': 126.96663435141933, 'Hb': 6.945519435260154, 'Hd': 4.288657850554269, 'HeII_4199.83': 1.4338410135003743, 'HeII_4686': 22.662866132067585, 'HeII_5411.53': 6.99165113513755, 'HeI_4471.50': 3.552831261946721, 'HeI_4713.17': 2.08706406835142, 'HeI_4921.93': 2.570450817782108, 'HeI_5015.68': 2.0000921817731836, 'HeI_5047.74': 1.5578853752818629, 'HeI_5875.66': 16.919603020589097, 'Hg': 2.1929969616460405}","{'Ha': 127.45542047118707, 'Hb': 9.543223776899874, 'Hd': 4.739747988227621, 'HeII_4199.83': 1.4903784947617242, 'HeII_4686': 23.217346569483706, 'HeII_5411.53': 7.464927444616351, 'HeI_4471.50': 4.634320424996508, 'HeI_4713.17': 2.5738803529623357, 'HeI_4921.93': 3.2920219716981713, 'HeI_5015.68': 2.262192817532384, 'HeI_5047.74': 1.6063224302710433, 'HeI_5875.66': 18.21254346126959, 'Hg': 2.8712986270456966}","{'Ha': 128.03943998734331, 'Hb': 12.471538757753493, 'Hd': 5.330584578766951, 'HeII_4199.83': 1.5444747835216017, 'HeII_4686': 23.597784198839673, 'HeII_5411.53': 7.913288250413069, 'HeI_4471.50': 5.732328146787816, 'HeI_4713.17': 3.0659213831891643, 'HeI_4921.93': 3.9979402737443746, 'HeI_5015.68': 2.5226564942817142, 'HeI_5047.74': 1.6549245752641433, 'HeI_5875.66': 19.594169913774724, 'Hg': 3.642634645565116}"
T28000logg3.2,"{'Ha': 136.41787884553997, 'Hb': 8.777525915440691, 'Hd': 10.7557713208119, 'HeII_4199.83': 1.3556386726531289, 'HeII_4686': 29.811115766113033, 'HeII_5411.53': 7.775552916966302, 'HeI_4471.50': 13.609518515120687, 'HeI_4713.17': 11.877157397417248, 'HeI_4921.93': 18.422002781414758, 'HeI_5015.68': 8.67174693087689, 'HeI_5047.74': 2.5049122257566014, 'HeI_5875.66': 57.674438229293386, 'Hg': 2.534254788087721}","{'Ha': 133.27873696546348, 'Hb': 7.493312245779164, 'Hd': 7.951194646903959, 'HeII_4199.83': 1.3400664369064752, 'HeII_4686': 28.379706597135517, 'HeII_5411.53': 7.943330985860464, 'HeI_4471.50': 7.43340456904596, 'HeI_4713.17': 6.577374424319322, 'HeI_4921.93': 10.111541497220953, 'HeI_5015.68': 4.896241754934529, 'HeI_5047.74': 1.8305054354136203, 'HeI_5875.66': 37.18614395807495, 'Hg': 2.184022087494455}","{'Ha': 130.972463824472, 'Hb': 6.853670119700497, 'Hd': 6.29786201483333, 'HeII_4199.83': 1.3456658468016784, 'HeII_4686': 27.82663886701869, 'HeII_5411.53': 8.180250385847888, 'HeI_4471.50': 3.9978836037083063, 'HeI_4713.17': 3.6905721334613344, 'HeI_4921.93': 5.5258948616641, 'HeI_5015.68': 2.972290503262454, 'HeI_5047.74': 1.479280439849652, 'HeI_5875.66': 24.679277739207972, 'Hg': 1.9958330022158441}","{'Ha': 129.52530338214484, 'Hb': 6.9947640877417925, 'Hd': 5.3589578094321215, 'HeII_4199.83': 1.3695810914223954, 'HeII_4686': 27.953660229744806, 'HeII_5411.53': 8.475155394473212, 'HeI_4471.50': 2.413262702094635, 'HeI_4713.17': 2.2576700922640054, 'HeI_4921.93': 3.1439153326067197, 'HeI_5015.68': 2.09678840990678, 'HeI_5047.74': 1.296176856529534, 'HeI_5875.66': 17.911902134736774, 'Hg': 1.9967773061453238}","{'Ha': 128.87985645878214, 'Hb': 7.906682146950812, 'Hd': 4.93965457103749, 'HeII_4199.83': 1.4033075860891526, 'HeII_4686': 28.481270063781594, 'HeII_5411.53': 8.803381422041213, 'HeI_4471.50': 2.075292585682025, 'HeI_4713.17': 1.7926008684381038, 'HeI_4921.93': 2.1613881188177566, 'HeI_5015.68': 1.8176373691170795, 'HeI_5047.74': 1.20753563525042, 'HeI_5875.66': 15.087246822900411, 'Hg': 2.205946636513055}","{'Ha': 128.86166042525383, 'Hb': 9.468987145914376, 'Hd': 4.926173263859882, 'HeII_4199.83': 1.441832848443489, 'HeII_4686': 29.154493539209074, 'HeII_5411.53': 9.144315004914912, 'HeI_4471.50': 2.474509996624771, 'HeI_4713.17': 1.8834212654007245, 'HeI_4921.93': 2.023646657549956, 'HeI_5015.68': 1.8471348538950028, 'HeI_5047.74': 1.1777662841654692, 'HeI_5875.66': 14.63590154822426, 'Hg': 2.590759548549684}","{'Ha': 129.25718738320938, 'Hb': 11.566995978249874, 'Hd': 5.18370356220595, 'HeII_4199.83': 1.4846644529774755, 'HeII_4686': 29.80398600595368, 'HeII_5411.53': 9.489563737612023, 'HeI_4471.50': 3.3106893701560933, 'HeI_4713.17': 2.257248392134413, 'HeI_4921.93': 2.3495452472072498, 'HeI_5015.68': 2.0372524147286266, 'HeI_5047.74': 1.1897784273001688, 'HeI_5875.66': 15.490829500093062, 'Hg': 3.120061103699179}","{'Ha': 129.8598686193638, 'Hb': 14.021365939735638, 'Hd': 5.604413392651988, 'HeII_4199.83': 1.527587448711511, 'HeII_4686': 30.31438246106496, 'HeII_5411.53': 9.822133950823952, 'HeI_4471.50': 4.331220329851817, 'HeI_4713.17': 2.7319050622782077, 'HeI_4921.93': 2.866495508998826, 'HeI_5015.68': 2.290297015077881, 'HeI_5047.74': 1.226875042557661, 'HeI_5875.66': 16.931112125034723, 'Hg': 3.753896727626801}","{'Ha': 130.49120173056332, 'Hb': 16.692427222462808, 'Hd': 6.125308346450944, 'HeII_4199.83': 1.5690024481711609, 'HeII_4686': 30.65035851558069, 'HeII_5411.53': 10.13567365418259, 'HeI_4471.50': 5.389357297778243, 'HeI_4713.17': 3.2127017876434545, 'HeI_4921.93': 3.431632355166326, 'HeI_5015.68': 2.545778068432775, 'HeI_5047.74': 1.2707096989684437, 'HeI_5875.66': 18.422122675177718, 'Hg': 4.453174035657996}"
T28000logg3.4,"{'Ha': 153.38912300916257, 'Hb': 16.40587849906057, 'Hd': 11.454974696489565, 'HeII_4199.83': 1.5948758157732061, 'HeII_4686': 30.236068479048395, 'HeII_5411.53': 9.919200532169372, 'HeI_4471.50': 12.901618573971946, 'HeI_4713.17': 11.471895733231918, 'HeI_4921.93': 20.4164297483424, 'HeI_5015.68': 8.839091283976657, 'HeI_5047.74': 2.7122065323945646, 'HeI_5875.66': 53.384219853247686, 'Hg': 4.767844784829668}","{'Ha': 149.45194025120335, 'Hb': 15.001002111739698, 'Hd': 9.46241738389199, 'HeII_4199.83': 1.5572678917863743, 'HeII_4686': 29.022391202033322, 'HeII_5411.53': 10.063166975994458, 'HeI_4471.50': 7.3932940577628825, 'HeI_4713.17': 6.388170322439853, 'HeI_4921.93': 11.856225920683382, 'HeI_5015.68': 5.0429902634715456, 'HeI_5047.74': 1.933895423413057, 'HeI_5875.66': 34.254859166318376, 'Hg': 4.441580755651205}","{'Ha': 146.53494045916824, 'Hb': 14.323717721445112, 'Hd': 8.319026979718034, 'HeII_4199.83': 1.54663104208089, 'HeII_4686': 28.5890628207949, 'HeII_5411.53': 10.248662168038496, 'HeI_4471.50': 4.218967970935857, 'HeI_4713.17': 3.6086750569147856, 'HeI_4921.93': 7.050690138880877, 'HeI_5015.68': 3.0875832564064845, 'HeI_5047.74': 1.521020549967688, 'HeI_5875.66': 22.68491174448194, 'Hg': 4.286296191765811}","{'Ha': 144.65962651329767, 'Hb': 14.455414304404579, 'Hd': 7.707595248621201, 'HeII_4199.83': 1.5567543921515943, 'HeII_4686': 28.771910135201225, 'HeII_5411.53': 10.468137550061492, 'HeI_4471.50': 2.691343174378371, 'HeI_4713.17': 2.233118540043639, 'HeI_4921.93': 4.439210328816992, 'HeI_5015.68': 2.1836560760715855, 'HeI_5047.74': 1.298651805201428, 'HeI_5875.66': 16.515036357177326, 'Hg': 4.307391706340728}","{'Ha': 143.72762980045738, 'Hb': 15.339703161248158, 'Hd': 7.490384774302795, 'HeII_4199.83': 1.5764989434962327, 'HeII_4686': 29.316782353599194, 'HeII_5411.53': 10.705357332925283, 'HeI_4471.50': 2.31722214862708, 'HeI_4713.17': 1.7964330730254987, 'HeI_4921.93': 3.218654659461292, 'HeI_5015.68': 1.8838651362648242, 'HeI_5047.74': 1.1846273928689302, 'HeI_5875.66': 14.047977640251233, 'Hg': 4.514466076244079}","{'Ha': 143.50606681389638, 'Hb': 16.83110773462682, 'Hd': 7.576886286478848, 'HeII_4199.83': 1.6007119401750554, 'HeII_4686': 29.98819689760622, 'HeII_5411.53': 10.947550937160276, 'HeI_4471.50': 2.647298148695144, 'HeI_4713.17': 1.9006275254702107, 'HeI_4921.93': 2.8598845489827918, 'HeI_5015.68': 1.8998363241935967, 'HeI_5047.74': 1.138461852824295, 'HeI_5875.66': 13.8122510793781, 'Hg': 4.873158832899419}","{'Ha': 143.73933045714088, 'Hb': 18.805675593971642, 'Hd': 7.858650515339613, 'HeII_4199.83': 1.629321358362396, 'HeII_4686': 30.630633308520224, 'HeII_5411.53': 11.190308004314563, 'HeI_4471.50': 3.404492642479947, 'HeI_4713.17': 2.280591333153789, 'HeI_4921.93': 2.991904590270332, 'HeI_5015.68': 2.079752251635129, 'HeI_5047.74': 1.139955812496881, 'HeI_5875.66': 14.80297588962821, 'Hg': 5.3549436232215735}","{'Ha': 144.20108525534678, 'Hb': 21.091423748219214, 'Hd': 8.254881207818153, 'HeII_4199.83': 1.6586273848304007, 'HeII_4686': 31.135291681414138, 'HeII_5411.53': 11.422871309250706, 'HeI_4471.50': 4.35406385589762, 'HeI_4713.17': 2.7579068289933866, 'HeI_4921.93': 3.3531416980499213, 'HeI_5015.68': 2.3248160087363323, 'HeI_5047.74': 1.1705487335193094, 'HeI_5875.66': 16.326869433890973, 'Hg': 5.926027639119876}","{'Ha': 144.69247623766964, 'Hb': 23.559757167531707, 'Hd': 8.72025885605679, 'HeII_4199.83': 1.6875240014091861, 'HeII_4686': 31.4686669465242, 'HeII_5411.53': 11.641869336354596, 'HeI_4471.50': 5.355256715877149, 'HeI_4713.17': 3.2391830487400393, 'HeI_4921.93': 3.797040836434439, 'HeI_5015.68': 2.574111213726686, 'HeI_5047.74': 1.210160292043473, 'HeI_5875.66': 17.876979384914204, 'Hg': 6.5533135548889465}"
T28000logg3.6,"{'Ha': 161.41793633902904, 'Hb': 22.608494103129107, 'Hd': 13.820530395526957, 'HeII_4199.83': 1.8912296915712248, 'HeII_4686': 27.674198668923022, 'HeII_5411.53': 11.084149580352632, 'HeI_4471.50': 12.257308290167316, 'HeI_4713.17': 10.964057334418694, 'HeI_4921.93': 20.25812491713203, 'HeI_5015.68': 8.826726084544546, 'HeI_5047.74': 2.745018718950411, 'HeI_5875.66': 49.554718532335436, 'Hg': 7.498070308663136}","{'Ha': 157.0204527406169, 'Hb': 21.392139907994864, 'Hd': 12.43471887617978, 'HeII_4199.83': 1.8290229005894747, 'HeII_4686': 26.82006631969443, 'HeII_5411.53': 11.20367012126928, 'HeI_4471.50': 7.419706383650853, 'HeI_4713.17': 6.126202693697342, 'HeI_4921.93': 12.298029624337714, 'HeI_5015.68': 5.0773937140850744, 'HeI_5047.74': 1.9525248817079845, 'HeI_5875.66': 31.749913540902384, 'Hg': 7.263377745092547}","{'Ha': 153.90439518380612, 'Hb': 20.965143057715455, 'Hd': 11.695017479334705, 'HeII_4199.83': 1.7998983732365006, 'HeII_4686': 26.612743423100582, 'HeII_5411.53': 11.353335337958017, 'HeI_4471.50': 4.55948622669895, 'HeI_4713.17': 3.474624424511446, 'HeI_4921.93': 7.74965947622113, 'HeI_5015.68': 3.131107211605376, 'HeI_5047.74': 1.5289360703774661, 'HeI_5875.66': 21.06153150630966, 'Hg': 7.206764207077873}","{'Ha': 151.99239759091608, 'Hb': 21.338198462352466, 'Hd': 11.357857910206379, 'HeII_4199.83': 1.794596709587848, 'HeII_4686': 26.917501252590174, 'HeII_5411.53': 11.527694384335524, 'HeI_4471.50': 3.1421681782512874, 'HeI_4713.17': 2.169176525285249, 'HeI_4921.93': 5.209174645440063, 'HeI_5015.68': 2.2237597605978308, 'HeI_5047.74': 1.2984663797169516, 'HeI_5875.66': 15.438779076159957, 'Hg': 7.3087632608671145}","{'Ha': 151.09890172493294, 'Hb': 22.404117521546965, 'Hd': 11.32138352234327, 'HeII_4199.83': 1.799778680625622, 'HeII_4686': 27.516122323914807, 'HeII_5411.53': 11.71451838600272, 'HeI_4471.50': 2.7689862465349835, 'HeI_4713.17': 1.7681824588556385, 'HeI_4921.93': 3.956572012423604, 'HeI_5015.68': 1.918121366953771, 'HeI_5047.74': 1.1786439469076875, 'HeI_5875.66': 13.289423253888334, 'Hg': 7.571995106979058}","{'Ha': 150.93264230487907, 'Hb': 23.999320017956585, 'Hd': 11.512194997303062, 'HeII_4199.83': 1.8098180787234135, 'HeII_4686': 28.20850517094414, 'HeII_5411.53': 11.904715523641963, 'HeI_4471.50': 3.0527324330531886, 'HeI_4713.17': 1.8896683882916367, 'HeI_4921.93': 3.520320416661369, 'HeI_5015.68': 1.9291753392363256, 'HeI_5047.74': 1.1284259702611854, 'HeI_5875.66': 13.237973767672301, 'Hg': 7.958245040404427}","{'Ha': 151.2109155686798, 'Hb': 26.000099227927212, 'Hd': 11.842030625013146, 'HeII_4199.83': 1.8244836101343211, 'HeII_4686': 28.861723098533403, 'HeII_5411.53': 12.095347868487254, 'HeI_4471.50': 3.7453328396659145, 'HeI_4713.17': 2.27780679260999, 'HeI_4921.93': 3.5612333696764766, 'HeI_5015.68': 2.104593444544168, 'HeI_5047.74': 1.1269302044239953, 'HeI_5875.66': 14.339659473898807, 'Hg': 8.441178572655712}","{'Ha': 151.69593794242928, 'Hb': 28.241892748439003, 'Hd': 12.246248634604504, 'HeII_4199.83': 1.8403536421017812, 'HeII_4686': 29.378227288990573, 'HeII_5411.53': 12.278390840502984, 'HeI_4471.50': 4.63174342052129, 'HeI_4713.17': 2.7588074910173157, 'HeI_4921.93': 3.839291367845958, 'HeI_5015.68': 2.3458813419719164, 'HeI_5047.74': 1.155229088379636, 'HeI_5875.66': 15.92875241030963, 'Hg': 8.991580261448462}","{'Ha': 152.1873192426945, 'Hb': 30.61074593668022, 'Hd': 12.69069832973538, 'HeII_4199.83': 1.8567357980146793, 'HeII_4686': 29.730148303933774, 'HeII_5411.53': 12.451372269710248, 'HeI_4471.50': 5.57904731154935, 'HeI_4713.17': 3.241580745055869, 'HeI_4921.93': 4.2142707908690085, 'HeI_5015.68': 2.592391824802243, 'HeI_5047.74': 1.1931384149430804, 'HeI_5875.66': 17.523394547827056, 'Hg': 9.581291601489989}"
T28000logg3.8,"{'Ha': 167.49425552831244, 'Hb': 28.757621671526607, 'Hd': 15.841729536399342, 'HeII_4199.83': 2.1178339951447867, 'HeII_4686': 21.408977574188345, 'HeII_5411.53': 12.878918008297443, 'HeI_4471.50': 12.520621905294082, 'HeI_4713.17': 11.261051759366651, 'HeI_4921.93': 20.022924338694928, 'HeI_5015.68': 9.233193534145782, 'HeI_5047.74': 2.7332865021620036, 'HeI_5875.66': 50.298304707885144, 'Hg': 10.118291050210475}","{'Ha': 163.86010118228043, 'Hb': 27.789326016909822, 'Hd': 14.943358436793034, 'HeII_4199.83': 2.0394317487291542, 'HeII_4686': 21.239307075560852, 'HeII_5411.53': 12.946881108342488, 'HeI_4471.50': 7.9705549598180765, 'HeI_4713.17': 6.35015032406818, 'HeI_4921.93': 12.526895029128594, 'HeI_5015.68': 5.371742836452629, 'HeI_5047.74': 1.9457998448757825, 'HeI_5875.66': 32.732667367261136, 'Hg': 9.931657289213568}","{'Ha': 161.24943773852678, 'Hb': 27.540447919661503, 'Hd': 14.498236923723107, 'HeII_4199.83': 1.9968575418926038, 'HeII_4686': 21.44567671661063, 'HeII_5411.53': 13.029758687669245, 'HeI_4471.50': 5.227761834278918, 'HeI_4713.17': 3.6404553591414515, 'HeI_4921.93': 8.187421454821596, 'HeI_5015.68': 3.3452625014936817, 'HeI_5047.74': 1.5233687752489204, 'HeI_5875.66': 22.105081855449388, 'Hg': 9.914039033888297}","{'Ha': 159.6388692287905, 'Hb': 28.021821319590195, 'Hd': 14.343158212527664, 'HeII_4199.83': 1.9792791677587962, 'HeII_4686': 21.934954454419152, 'HeII_5411.53': 13.125122813334766, 'HeI_4471.50': 3.8264776168902337, 'HeI_4713.17': 2.2923149739714304, 'HeI_4921.93': 5.7171348134474815, 'HeI_5015.68': 2.381770092707696, 'HeI_5047.74': 1.2925937255653073, 'HeI_5875.66': 16.458867670835264, 'Hg': 10.04158670498711}","{'Ha': 158.88714608100184, 'Hb': 29.134938154250236, 'Hd': 14.414952348902649, 'HeII_4199.83': 1.9725884020148483, 'HeII_4686': 22.56382735217954, 'HeII_5411.53': 13.226863109684626, 'HeI_4471.50': 3.4177166055647117, 'HeI_4713.17': 1.8621183126740624, 'HeI_4921.93': 4.458173208563773, 'HeI_5015.68': 2.0384948596096666, 'HeI_5047.74': 1.172108834259291, 'HeI_5875.66': 14.254620240860737, 'Hg': 10.318798238209009}","{'Ha': 158.74929744249874, 'Hb': 30.729091836526468, 'Hd': 14.659188302132884, 'HeII_4199.83': 1.9713492987096621, 'HeII_4686': 23.21006658454132, 'HeII_5411.53': 13.330703369162082, 'HeI_4471.50': 3.6452528110184748, 'HeI_4713.17': 1.964009386798885, 'HeI_4921.93': 3.9791915558085553, 'HeI_5015.68': 2.0243597271963027, 'HeI_5047.74': 1.1212109347576755, 'HeI_5875.66': 14.141056979951523, 'Hg': 10.70789626938109}","{'Ha': 158.9795449303537, 'Hb': 32.69101969404629, 'Hd': 15.008020187795035, 'HeII_4199.83': 1.9752582081721344, 'HeII_4686': 23.79601133561297, 'HeII_5411.53': 13.43540391036439, 'HeI_4471.50': 4.275784907023139, 'HeI_4713.17': 2.338848153431124, 'HeI_4921.93': 3.963924267828203, 'HeI_5015.68': 2.1819995354727215, 'HeI_5047.74': 1.11899319942796, 'HeI_5875.66': 15.181579244984292, 'Hg': 11.1835875637326}","{'Ha': 159.37071202680426, 'Hb': 34.86497999424317, 'Hd': 15.410257549550542, 'HeII_4199.83': 1.9810303550057913, 'HeII_4686': 24.25920209395011, 'HeII_5411.53': 13.53687747284576, 'HeI_4471.50': 5.105019876835404, 'HeI_4713.17': 2.8112415018145116, 'HeI_4921.93': 4.188101467186171, 'HeI_5015.68': 2.410670669156406, 'HeI_5047.74': 1.1465425613677664, 'HeI_5875.66': 16.717148695727463, 'Hg': 11.718342784964396}","{'Ha': 159.74664191089255, 'Hb': 37.144140536927246, 'Hd': 15.838860081813378, 'HeII_4199.83': 1.9880901782634655, 'HeII_4686': 24.58890858184402, 'HeII_5411.53': 13.633948796296362, 'HeI_4471.50': 6.003521105398257, 'HeI_4713.17': 3.287546137895393, 'HeI_4921.93': 4.516899766466889, 'HeI_5015.68': 2.647862085426799, 'HeI_5047.74': 1.1837958681288208, 'HeI_5875.66': 18.262598804270347, 'Hg': 12.285460852522863}"
T28000logg4.0,"{'Ha': 197.4692589625064, 'Hb': 39.66796340545554, 'Hd': 20.00073087014684, 'HeII_4199.83': 2.3959292245984636, 'HeII_4686': 19.22302352014872, 'HeII_5411.53': 13.826612116441412, 'HeI_4471.50': 12.660058710154608, 'HeI_4713.17': 11.199663207771364, 'HeI_4921.93': 19.294770697820116, 'HeI_5015.68': 9.026003318412673, 'HeI_5047.74': 2.6584833472355878, 'HeI_5875.66': 48.928907385615574, 'Hg': 14.075446195307439}","{'Ha': 192.16249467858657, 'Hb': 38.408510851632016, 'Hd': 19.404907154302865, 'HeII_4199.83': 2.3063791124953017, 'HeII_4686': 19.236336778276435, 'HeII_5411.53': 13.870267801431067, 'HeI_4471.50': 8.620155755966612, 'HeI_4713.17': 6.380352293925489, 'HeI_4921.93': 12.571156402550523, 'HeI_5015.68': 5.284980229027227, 'HeI_5047.74': 1.9065155017733055, 'HeI_5875.66': 32.13852407756579, 'Hg': 13.893684798161965}","{'Ha': 188.23958453906843, 'Hb': 37.99386350404084, 'Hd': 19.14619332806053, 'HeII_4199.83': 2.2550464606840444, 'HeII_4686': 19.524409527021906, 'HeII_5411.53': 13.922978158528274, 'HeI_4471.50': 6.140789567597628, 'HeI_4713.17': 3.699869970431877, 'HeI_4921.93': 8.6029068585288, 'HeI_5015.68': 3.312965112644568, 'HeI_5047.74': 1.5023400575887322, 'HeI_5875.66': 21.976403972147885, 'Hg': 13.891385199966786}","{'Ha': 185.66490263857585, 'Hb': 38.3956980023358, 'Hd': 19.110376082196947, 'HeII_4199.83': 2.229759532406294, 'HeII_4686': 20.02247060114198, 'HeII_5411.53': 13.983386660424898, 'HeI_4471.50': 4.842570503083476, 'HeI_4713.17': 2.3574449840300002, 'HeI_4921.93': 6.295599920886218, 'HeI_5015.68': 2.374084056098952, 'HeI_5047.74': 1.281797171651743, 'HeI_5875.66': 16.589024708318398, 'Hg': 14.037370357006063}","{'Ha': 184.24580217649117, 'Hb': 39.47649493530165, 'Hd': 19.25268333480813, 'HeII_4199.83': 2.2156893652179623, 'HeII_4686': 20.616861444737367, 'HeII_5411.53': 14.047601689941219, 'HeI_4471.50': 4.438954812426262, 'HeI_4713.17': 1.92309122853317, 'HeI_4921.93': 5.087971165074414, 'HeI_5015.68': 2.0414769141690403, 'HeI_5047.74': 1.1673950274940321, 'HeI_5875.66': 14.512589953258626, 'Hg': 14.327954499230362}","{'Ha': 183.64791648495606, 'Hb': 41.053468891475454, 'Hd': 19.52781409622738, 'HeII_4199.83': 2.20734166112313, 'HeII_4686': 21.21148939565758, 'HeII_5411.53': 14.113025422749796, 'HeI_4471.50': 4.622381306303342, 'HeI_4713.17': 2.017818362535289, 'HeI_4921.93': 4.603469486579029, 'HeI_5015.68': 2.0319833773004814, 'HeI_5047.74': 1.1201677207748788, 'HeI_5875.66': 14.453916124506762, 'Hg': 14.72084454331012}","{'Ha': 183.54437642742542, 'Hb': 42.991330272354745, 'Hd': 19.88135182792623, 'HeII_4199.83': 2.204214911060617, 'HeII_4686': 21.746935792431742, 'HeII_5411.53': 14.178861486086033, 'HeI_4471.50': 5.185328681163988, 'HeI_4713.17': 2.3854597520050143, 'HeI_4921.93': 4.557181583745915, 'HeI_5015.68': 2.191061923376867, 'HeI_5047.74': 1.1199779515033081, 'HeI_5875.66': 15.510843225573577, 'Hg': 15.189383939245426}","{'Ha': 183.67946499993764, 'Hb': 45.123688558426316, 'Hd': 20.270858878627738, 'HeII_4199.83': 2.202969419859391, 'HeII_4686': 22.172187587110788, 'HeII_5411.53': 14.242617445123075, 'HeI_4471.50': 5.94304095688238, 'HeI_4713.17': 2.8521272970469154, 'HeI_4921.93': 4.744580430844771, 'HeI_5015.68': 2.4197689245787597, 'HeI_5047.74': 1.1483948485437587, 'HeI_5875.66': 17.043174640568974, 'Hg': 15.7064126278523}","{'Ha': 183.82811015159547, 'Hb': 47.339129675519075, 'Hd': 20.673966955688723, 'HeII_4199.83': 2.203063534094986, 'HeII_4686': 22.480162060354843, 'HeII_5411.53': 14.3037056890763, 'HeI_4471.50': 6.7746925976372765, 'HeI_4713.17': 3.323538154704945, 'HeI_4921.93': 5.039210657472773, 'HeI_5015.68': 2.656854673163152, 'HeI_5047.74': 1.1860568398344793, 'HeI_5875.66': 18.57697642519277, 'Hg': 16.246459232458744}"
T28000logg4.2,"{'Ha': 198.5777516859067, 'Hb': 47.77729145267098, 'Hd': 24.883760773399228, 'HeII_4199.83': 2.5017759405570015, 'HeII_4686': 18.743963587750972, 'HeII_5411.53': 14.322532546800712, 'HeI_4471.50': 13.574247738559032, 'HeI_4713.17': 11.16077961803627, 'HeI_4921.93': 19.73239791464463, 'HeI_5015.68': 9.268088642180006, 'HeI_5047.74': 2.634530987198218, 'HeI_5875.66': 48.71927925913576, 'Hg': 18.010365247209176}","{'Ha': 193.97884499961478, 'Hb': 46.82702733432867, 'Hd': 24.50198677021647, 'HeII_4199.83': 2.4098411409364195, 'HeII_4686': 18.775868827627974, 'HeII_5411.53': 14.352936990594268, 'HeI_4471.50': 9.894572490458627, 'HeI_4713.17': 6.422197712822893, 'HeI_4921.93': 13.435828817278896, 'HeI_5015.68': 5.489656029556195, 'HeI_5047.74': 1.8970478904365076, 'HeI_5875.66': 32.48929623361687, 'Hg': 17.896303879967803}","{'Ha': 190.65152354476209, 'Hb': 46.663117165135525, 'Hd': 24.373248386028994, 'HeII_4199.83': 2.3557091764093947, 'HeII_4686': 19.07369065453275, 'HeII_5411.53': 14.389381185767697, 'HeI_4471.50': 7.599919903921712, 'HeI_4713.17': 3.7672787387165507, 'HeI_4921.93': 9.619651476107643, 'HeI_5015.68': 3.473276364832143, 'HeI_5047.74': 1.4976777618950396, 'HeI_5875.66': 22.625179032130212, 'Hg': 17.94389057286749}","{'Ha': 188.5564798668215, 'Hb': 47.25210135792684, 'Hd': 24.41623275002539, 'HeII_4199.83': 2.3272170840895914, 'HeII_4686': 19.56953907448271, 'HeII_5411.53': 14.431159081040747, 'HeI_4471.50': 6.363753045319695, 'HeI_4713.17': 2.4286965269343783, 'HeI_4921.93': 7.332129092347896, 'HeI_5015.68': 2.4972376964035874, 'HeI_5047.74': 1.2785074393410771, 'HeI_5875.66': 17.362058034016414, 'Hg': 18.12564722316603}","{'Ha': 187.491443656707, 'Hb': 48.45429814327827, 'Hd': 24.59996189200178, 'HeII_4199.83': 2.3097524080533844, 'HeII_4686': 20.153944723067845, 'HeII_5411.53': 14.475507086981331, 'HeI_4471.50': 5.944411256346757, 'HeI_4713.17': 1.9892725711957442, 'HeI_4921.93': 6.082987799030675, 'HeI_5015.68': 2.137062013562795, 'HeI_5047.74': 1.1643688413566728, 'HeI_5875.66': 15.31245826605278, 'Hg': 18.43604123887209}","{'Ha': 187.1407145407077, 'Hb': 50.093429344702216, 'Hd': 24.88820756552, 'HeII_4199.83': 2.297989872083867, 'HeII_4686': 20.73605607634982, 'HeII_5411.53': 14.520741711152874, 'HeI_4471.50': 6.07368368867873, 'HeI_4713.17': 2.076290482106982, 'HeI_4921.93': 5.530104180337769, 'HeI_5015.68': 2.107548843731017, 'HeI_5047.74': 1.1169819083432948, 'HeI_5875.66': 15.235095365540275, 'Hg': 18.83443490486253}","{'Ha': 187.20474040811482, 'Hb': 52.04412561351652, 'Hd': 25.23777607347615, 'HeII_4199.83': 2.2913223358592663, 'HeII_4686': 21.25902298980638, 'HeII_5411.53': 14.566332763484146, 'HeI_4471.50': 6.564886074901109, 'HeI_4713.17': 2.4362082015648614, 'HeI_4921.93': 5.406222865449025, 'HeI_5015.68': 2.251883858214559, 'HeI_5047.74': 1.1162453754295414, 'HeI_5875.66': 16.253827612032243, 'Hg': 19.296250298200793}","{'Ha': 187.44579827757923, 'Hb': 54.14877763674511, 'Hd': 25.612717370024683, 'HeII_4199.83': 2.286562692047779, 'HeII_4686': 21.67417414894302, 'HeII_5411.53': 14.610637536334076, 'HeI_4471.50': 7.248722674837625, 'HeI_4713.17': 2.896741371180022, 'HeI_4921.93': 5.520326858338592, 'HeI_5015.68': 2.4699992984410217, 'HeI_5047.74': 1.1438168475159058, 'HeI_5875.66': 17.74320153711032, 'Hg': 19.79640126707577}","{'Ha': 187.66256520405423, 'Hb': 56.30504772096568, 'Hd': 25.99372632388579, 'HeII_4199.83': 2.283252957886338, 'HeII_4686': 21.975790198644855, 'HeII_5411.53': 14.653320132492736, 'HeI_4471.50': 8.010519058246247, 'HeI_4713.17': 3.3628283540345003, 'HeI_4921.93': 5.7500191006137245, 'HeI_5015.68': 2.6995422008249546, 'HeI_5047.74': 1.1806666176024914, 'HeI_5875.66': 19.23370463876583, 'Hg': 20.311499998203878}"
T28000logg4.4,"{'Ha': 217.3342456550953, 'Hb': 59.750467941005226, 'Hd': 30.70537603893973, 'HeII_4199.83': 2.5834412209464643, 'HeII_4686': 17.34896593475529, 'HeII_5411.53': 14.919041786656576, 'HeI_4471.50': 14.71777115663354, 'HeI_4713.17': 11.302180865710005, 'HeI_4921.93': 19.856171855104442, 'HeI_5015.68': 9.272472224184334, 'HeI_5047.74': 2.616484838733681, 'HeI_5875.66': 48.876588181108914, 'Hg': 22.761884837867807}","{'Ha': 212.43415664164255, 'Hb': 58.81973477868488, 'Hd': 30.491722595018366, 'HeII_4199.83': 2.4923326468171636, 'HeII_4686': 17.48242802261047, 'HeII_5411.53': 14.937561049845591, 'HeI_4471.50': 11.4085453856946, 'HeI_4713.17': 6.598038446031033, 'HeI_4921.93': 14.139943415116148, 'HeI_5015.68': 5.555305031831417, 'HeI_5047.74': 1.8985477372467547, 'HeI_5875.66': 33.2594264919947, 'Hg': 22.68395774551178}","{'Ha': 208.86087854900057, 'Hb': 58.69314773647101, 'Hd': 30.460627610244178, 'HeII_4199.83': 2.438301455379724, 'HeII_4686': 17.803102139018417, 'HeII_5411.53': 14.959365068784816, 'HeI_4471.50': 9.30399233278415, 'HeI_4713.17': 3.934166103953112, 'HeI_4921.93': 10.569386743029806, 'HeI_5015.68': 3.5499254160041214, 'HeI_5047.74': 1.5064288904579881, 'HeI_5875.66': 23.694246183095856, 'Hg': 22.757659377498523}","{'Ha': 206.56810793795574, 'Hb': 59.31383744339651, 'Hd': 30.558178795589466, 'HeII_4199.83': 2.409364421275059, 'HeII_4686': 18.265186452008987, 'HeII_5411.53': 14.984183759291032, 'HeI_4471.50': 8.136253751787445, 'HeI_4713.17': 2.5746616036577477, 'HeI_4921.93': 8.365370200904849, 'HeI_5015.68': 2.5702267803072782, 'HeI_5047.74': 1.2910950098151117, 'HeI_5875.66': 18.5341983997219, 'Hg': 22.957568642724926}","{'Ha': 205.3429052119164, 'Hb': 60.529524396784836, 'Hd': 30.7635770510637, 'HeII_4199.83': 2.3912180798421923, 'HeII_4686': 18.784657808917295, 'HeII_5411.53': 15.010224972248814, 'HeI_4471.50': 7.705873879695686, 'HeI_4713.17': 2.1134629395481954, 'HeI_4921.93': 7.119333787592707, 'HeI_5015.68': 2.2032117051337243, 'HeI_5047.74': 1.1799424323852825, 'HeI_5875.66': 16.482040249793084, 'Hg': 23.274575073052166}","{'Ha': 204.85399779994407, 'Hb': 62.15935888709559, 'Hd': 31.04835208513293, 'HeII_4199.83': 2.378733223435783, 'HeII_4686': 19.292780508436792, 'HeII_5411.53': 15.03651034029338, 'HeI_4471.50': 7.7817146031734294, 'HeI_4713.17': 2.1816496027605305, 'HeI_4921.93': 6.529028350162667, 'HeI_5015.68': 2.1670215773300554, 'HeI_5047.74': 1.1350288974819212, 'HeI_5875.66': 16.354690710753218, 'Hg': 23.668847092449802}","{'Ha': 204.78630337887583, 'Hb': 64.07606485072718, 'Hd': 31.379837109787974, 'HeII_4199.83': 2.371298428695706, 'HeII_4686': 19.74720159542274, 'HeII_5411.53': 15.062643279265528, 'HeI_4471.50': 8.197570649121381, 'HeI_4713.17': 2.526286742504216, 'HeI_4921.93': 6.34966198545891, 'HeI_5015.68': 2.3051316330643443, 'HeI_5047.74': 1.1360711143533562, 'HeI_5875.66': 17.304750597484453, 'Hg': 24.11698240292325}","{'Ha': 204.8948324569455, 'Hb': 66.12378588676299, 'Hd': 31.728322649867263, 'HeII_4199.83': 2.365747114209997, 'HeII_4686': 20.10950321485589, 'HeII_5411.53': 15.087767537574093, 'HeI_4471.50': 8.8011319830712, 'HeI_4713.17': 2.975630151162395, 'HeI_4921.93': 6.406766310974855, 'HeI_5015.68': 2.517772590116579, 'HeI_5047.74': 1.16457180658814, 'HeI_5875.66': 18.72453313264645, 'Hg': 24.59528000946294}","{'Ha': 204.97078800823164, 'Hb': 68.20270237341002, 'Hd': 32.07752762160552, 'HeII_4199.83': 2.361570762485513, 'HeII_4686': 20.37560536881717, 'HeII_5411.53': 15.11185672920493, 'HeI_4471.50': 9.485019468529785, 'HeI_4713.17': 3.432646795489967, 'HeI_4921.93': 6.584552820490526, 'HeI_5015.68': 2.7428236687306002, 'HeI_5047.74': 1.2020058656329649, 'HeI_5875.66': 20.14828030453753, 'Hg': 25.082011571931282}"
T29000logg3.2,"{'Ha': 153.38121215339945, 'Hb': 10.28326964894309, 'Hd': 11.405988115640712, 'HeII_4199.83': 1.0720176831185997, 'HeII_4686': 37.10026725476721, 'HeII_5411.53': 4.682228653250802, 'HeI_4471.50': 14.281810411048843, 'HeI_4713.17': 12.098330449148325, 'HeI_4921.93': 16.044625349291188, 'HeI_5015.68': 8.89905840894192, 'HeI_5047.74': 2.167814636203953, 'HeI_5875.66': 63.10273854149154, 'Hg': 2.64915944432029}","{'Ha': 150.74206667248174, 'Hb': 8.772279339387522, 'Hd': 8.250969595635187, 'HeII_4199.83': 1.0619394191019509, 'HeII_4686': 34.69749691142918, 'HeII_5411.53': 4.802734094578581, 'HeI_4471.50': 7.690329366926358, 'HeI_4713.17': 6.665228233482845, 'HeI_4921.93': 8.495098009167931, 'HeI_5015.68': 5.014785033241209, 'HeI_5047.74': 1.6949814231387073, 'HeI_5875.66': 41.25112497984146, 'Hg': 2.1808972945505007}","{'Ha': 148.45982339994384, 'Hb': 7.7842060953624985, 'Hd': 6.320622140112959, 'HeII_4199.83': 1.0695070357686596, 'HeII_4686': 33.44404502196561, 'HeII_5411.53': 5.040145908928165, 'HeI_4471.50': 4.073277599831469, 'HeI_4713.17': 3.7183886241245587, 'HeI_4921.93': 4.408522916547847, 'HeI_5015.68': 3.043563202953913, 'HeI_5047.74': 1.4586588372757576, 'HeI_5875.66': 27.733268016939455, 'Hg': 1.8588084161436433}","{'Ha': 146.73706659991626, 'Hb': 7.546399847219596, 'Hd': 5.17001593146891, 'HeII_4199.83': 1.0953895954948152, 'HeII_4686': 33.1103875293093, 'HeII_5411.53': 5.382017211645196, 'HeI_4471.50': 2.4233113693757264, 'HeI_4713.17': 2.2548347055047815, 'HeI_4921.93': 2.3838449427331954, 'HeI_5015.68': 2.146669484452126, 'HeI_5047.74': 1.3457957595656211, 'HeI_5875.66': 20.28012490392547, 'Hg': 1.7427029797633686}","{'Ha': 145.6665782643244, 'Hb': 8.123006226511917, 'Hd': 4.598469932878337, 'HeII_4199.83': 1.1339362299489444, 'HeII_4686': 33.35761829340191, 'HeII_5411.53': 5.793196600803387, 'HeI_4471.50': 2.07660683597419, 'HeI_4713.17': 1.7755772791578468, 'HeI_4921.93': 1.6676563155466313, 'HeI_5015.68': 1.8559808943461589, 'HeI_5047.74': 1.3009392710372754, 'HeI_5875.66': 17.017884999989143, 'Hg': 1.8554110466016145}","{'Ha': 145.17421242724183, 'Hb': 9.423779662566409, 'Hd': 4.486919271127113, 'HeII_4199.83': 1.180164145390671, 'HeII_4686': 33.85673485839115, 'HeII_5411.53': 6.239914903328378, 'HeI_4471.50': 2.4887814704688758, 'HeI_4713.17': 1.8602870370348572, 'HeI_4921.93': 1.7294562815508208, 'HeI_5015.68': 1.8772635716902872, 'HeI_5047.74': 1.29818418933845, 'HeI_5875.66': 16.28219824860668, 'Hg': 2.1695096880483637}","{'Ha': 145.09450266924213, 'Hb': 11.335246024425194, 'Hd': 4.691010372531527, 'HeII_4199.83': 1.232422903517321, 'HeII_4686': 34.382054630165825, 'HeII_5411.53': 6.705385936217887, 'HeI_4471.50': 3.3455823169379113, 'HeI_4713.17': 2.2314345069272146, 'HeI_4921.93': 2.2063864934346946, 'HeI_5015.68': 2.062302504053884, 'HeI_5047.74': 1.3260566594071508, 'HeI_5875.66': 16.94138774429578, 'Hg': 2.651549337998386}","{'Ha': 145.2528604593616, 'Hb': 13.67470332478864, 'Hd': 5.090219300175205, 'HeII_4199.83': 1.2857675567545992, 'HeII_4686': 34.787759778565146, 'HeII_5411.53': 7.16234714519219, 'HeI_4471.50': 4.383838631972499, 'HeI_4713.17': 2.705179484658505, 'HeI_4921.93': 2.8327260140011936, 'HeI_5015.68': 2.311347944758441, 'HeI_5047.74': 1.3714880836008412, 'HeI_5875.66': 18.24948549066023, 'Hg': 3.2577415700949555}","{'Ha': 145.4702193715019, 'Hb': 16.287657390642575, 'Hd': 5.608937808118169, 'HeII_4199.83': 1.3378098799400737, 'HeII_4686': 35.01863684294639, 'HeII_5411.53': 7.598668629670733, 'HeI_4471.50': 5.453916230967756, 'HeI_4713.17': 3.1861261537512378, 'HeI_4921.93': 3.476946924451469, 'HeI_5015.68': 2.562908686326419, 'HeI_5047.74': 1.4198615225992026, 'HeI_5875.66': 19.63796807097642, 'Hg': 3.9446665204493323}"
T29000logg3.4,"{'Ha': 160.61591698152486, 'Hb': 16.09479952045296, 'Hd': 12.192323524072465, 'HeII_4199.83': 1.2133395819275263, 'HeII_4686': 38.14447343390973, 'HeII_5411.53': 6.8968578910846965, 'HeI_4471.50': 13.278297019853879, 'HeI_4713.17': 11.590697226978403, 'HeI_4921.93': 20.787290268955132, 'HeI_5015.68': 8.882079250379055, 'HeI_5047.74': 2.57407552751927, 'HeI_5875.66': 55.3661986748529, 'Hg': 4.2565176340554265}","{'Ha': 157.3760159297914, 'Hb': 14.809508551998096, 'Hd': 9.715280031047035, 'HeII_4199.83': 1.1948073846789775, 'HeII_4686': 36.154977096445975, 'HeII_5411.53': 7.069807066609661, 'HeI_4471.50': 7.487993488696292, 'HeI_4713.17': 6.435227372027881, 'HeI_4921.93': 11.900022361690825, 'HeI_5015.68': 5.0513067086258445, 'HeI_5047.74': 1.863229344991885, 'HeI_5875.66': 35.784490216720165, 'Hg': 3.9202484537306543}","{'Ha': 154.77667255442955, 'Hb': 14.11510594479325, 'Hd': 8.246778782750226, 'HeII_4199.83': 1.1980702181526797, 'HeII_4686': 35.139909162246404, 'HeII_5411.53': 7.310380974438735, 'HeI_4471.50': 4.173744539647696, 'HeI_4713.17': 3.6241713506534174, 'HeI_4921.93': 6.870492078054803, 'HeI_5015.68': 3.0860326067651345, 'HeI_5047.74': 1.489876125521662, 'HeI_5875.66': 23.83349326005887, 'Hg': 3.7285673793898613}","{'Ha': 152.96647822407635, 'Hb': 14.155919007784311, 'Hd': 7.405448254857084, 'HeII_4199.83': 1.2200183641604814, 'HeII_4686': 34.931188270862094, 'HeII_5411.53': 7.610707061778756, 'HeI_4471.50': 2.5906169159058123, 'HeI_4713.17': 2.2333687932123554, 'HeI_4921.93': 4.146531369938824, 'HeI_5015.68': 2.1810355508184998, 'HeI_5047.74': 1.2926814551700192, 'HeI_5875.66': 17.397002693717923, 'Hg': 3.710569675146871}","{'Ha': 151.9451109563904, 'Hb': 14.92534334500812, 'Hd': 7.022673990369778, 'HeII_4199.83': 1.2518523310029288, 'HeII_4686': 35.23340153460427, 'HeII_5411.53': 7.947436495773182, 'HeI_4471.50': 2.2079099941443747, 'HeI_4713.17': 1.7902948844591546, 'HeI_4921.93': 2.906253167177097, 'HeI_5015.68': 1.8819413504288072, 'HeI_5047.74': 1.1950411397585092, 'HeI_5875.66': 14.75977354830517, 'Hg': 3.8796732185517584}","{'Ha': 151.55282017097235, 'Hb': 16.306734219817972, 'Hd': 6.99793070572909, 'HeII_4199.83': 1.2886206669459273, 'HeII_4686': 35.75115827023354, 'HeII_5411.53': 8.299944722084215, 'HeI_4471.50': 2.5506811336750213, 'HeI_4713.17': 1.8922885279035981, 'HeI_4921.93': 2.5766048995903077, 'HeI_5015.68': 1.898016564595143, 'HeI_5047.74': 1.1595326377975126, 'HeI_5875.66': 14.413187781305872, 'Hg': 4.207487959551312}","{'Ha': 151.57749648475198, 'Hb': 18.18878124797291, 'Hd': 7.210934366977378, 'HeII_4199.83': 1.3300183103900678, 'HeII_4686': 36.28106557186207, 'HeII_5411.53': 8.659866289357936, 'HeI_4471.50': 3.3291002542318253, 'HeI_4713.17': 2.2717206172143496, 'HeI_4921.93': 2.7570219617080367, 'HeI_5015.68': 2.0783877675811815, 'HeI_5047.74': 1.1679296934892769, 'HeI_5875.66': 15.32707558544066, 'Hg': 4.667008442861576}","{'Ha': 151.82177401053778, 'Hb': 20.406300479559377, 'Hd': 7.569394353531261, 'HeII_4199.83': 1.3720682571863243, 'HeII_4686': 36.68947352879344, 'HeII_5411.53': 9.00939223945015, 'HeI_4471.50': 4.2992112254287775, 'HeI_4713.17': 2.7491532442150364, 'HeI_4921.93': 3.1667247613807823, 'HeI_5015.68': 2.323972724961529, 'HeI_5047.74': 1.2028545555559704, 'HeI_5875.66': 16.79983027729164, 'Hg': 5.224103523832239}","{'Ha': 152.09781104124062, 'Hb': 22.83023727341851, 'Hd': 8.018651049484935, 'HeII_4199.83': 1.4132579403092072, 'HeII_4686': 36.9236835591271, 'HeII_5411.53': 9.341664227591094, 'HeI_4471.50': 5.317024604010662, 'HeI_4713.17': 3.2308525689123275, 'HeI_4921.93': 3.651426635130226, 'HeI_5015.68': 2.573509847607057, 'HeI_5047.74': 1.2453309667934722, 'HeI_5875.66': 18.311411214992223, 'Hg': 5.8446046799152045}"
T29000logg3.6,"{'Ha': 167.27131625113196, 'Hb': 21.680904080758904, 'Hd': 13.430333864957719, 'HeII_4199.83': 1.4427056487970435, 'HeII_4686': 33.81479088487623, 'HeII_5411.53': 8.471643680411036, 'HeI_4471.50': 12.13649107213431, 'HeI_4713.17': 10.743309798890005, 'HeI_4921.93': 20.167152636299736, 'HeI_5015.68': 8.468313991021153, 'HeI_5047.74': 2.622871992298644, 'HeI_5875.66': 50.295686077379415, 'Hg': 6.456430533366989}","{'Ha': 163.33288994297942, 'Hb': 20.54065235106478, 'Hd': 11.677071925788226, 'HeII_4199.83': 1.4046063705353224, 'HeII_4686': 32.55989011801028, 'HeII_5411.53': 8.628084109457733, 'HeI_4471.50': 7.1993991203302645, 'HeI_4713.17': 5.964349212732972, 'HeI_4921.93': 12.02740892241001, 'HeI_5015.68': 4.835029789424988, 'HeI_5047.74': 1.886915416587431, 'HeI_5875.66': 32.2900518625934, 'Hg': 6.2273357436374965}","{'Ha': 160.38663754834232, 'Hb': 20.103142763429485, 'Hd': 10.703941548980287, 'HeII_4199.83': 1.393573268521714, 'HeII_4686': 32.034079123211015, 'HeII_5411.53': 8.829714809895123, 'HeI_4471.50': 4.300415896281736, 'HeI_4713.17': 3.3609482319109807, 'HeI_4921.93': 7.355963654925859, 'HeI_5015.68': 2.966597362224578, 'HeI_5047.74': 1.4966299060627386, 'HeI_5875.66': 21.442406737695546, 'Hg': 6.154970544255408}","{'Ha': 158.47241207009955, 'Hb': 20.42359847438563, 'Hd': 10.210540593924632, 'HeII_4199.83': 1.4034894271640335, 'HeII_4686': 32.10875036888561, 'HeII_5411.53': 9.07095250243266, 'HeI_4471.50': 2.884758173423975, 'HeI_4713.17': 2.0901378121245155, 'HeI_4921.93': 4.765504869805495, 'HeI_5015.68': 2.1111189925259928, 'HeI_5047.74': 1.287593140828412, 'HeI_5875.66': 15.71904061043072, 'Hg': 6.2398736796111}","{'Ha': 157.48201015151957, 'Hb': 21.426205520895785, 'Hd': 10.067345858145313, 'HeII_4199.83': 1.4232050133348508, 'HeII_4686': 32.55202481921705, 'HeII_5411.53': 9.33573974584048, 'HeI_4471.50': 2.534115308418666, 'HeI_4713.17': 1.7122500004380903, 'HeI_4921.93': 3.524567359080211, 'HeI_5015.68': 1.8384381358897344, 'HeI_5047.74': 1.181880800916943, 'HeI_5875.66': 13.512791858597037, 'Hg': 6.485061912631639}","{'Ha': 157.17341699526324, 'Hb': 22.963780540167377, 'Hd': 10.191531390468423, 'HeII_4199.83': 1.4474966645452616, 'HeII_4686': 33.13554693172634, 'HeII_5411.53': 9.610532570140826, 'HeI_4471.50': 2.847465462213345, 'HeI_4713.17': 1.8487428137657385, 'HeI_4921.93': 3.13134645918522, 'HeI_5015.68': 1.8700644316059847, 'HeI_5047.74': 1.1409617187517997, 'HeI_5875.66': 13.428219925404104, 'Hg': 6.8567867474532225}","{'Ha': 157.2907732480019, 'Hb': 24.919281806569966, 'Hd': 10.486022900268855, 'HeII_4199.83': 1.476283254618085, 'HeII_4686': 33.70098619147119, 'HeII_5411.53': 9.89029682354266, 'HeI_4471.50': 3.5702314407201774, 'HeI_4713.17': 2.2466070386183934, 'HeI_4921.93': 3.226355105244609, 'HeI_5015.68': 2.059288647061725, 'HeI_5047.74': 1.145635753002732, 'HeI_5875.66': 14.508564406464494, 'Hg': 7.330324069755622}","{'Ha': 157.61534344521553, 'Hb': 27.13157836136009, 'Hd': 10.877857066265321, 'HeII_4199.83': 1.506029098442107, 'HeII_4686': 34.13699143756687, 'HeII_5411.53': 10.162321603193838, 'HeI_4471.50': 4.482677839358794, 'HeI_4713.17': 2.733600044054046, 'HeI_4921.93': 3.5557526113387623, 'HeI_5015.68': 2.310018217828705, 'HeI_5047.74': 1.1779893183994243, 'HeI_5875.66': 16.084267640705292, 'Hg': 7.8763292369694256}","{'Ha': 157.95146693683853, 'Hb': 29.486079825574006, 'Hd': 11.326119318058115, 'HeII_4199.83': 1.5357565220949452, 'HeII_4686': 34.40571551409739, 'HeII_5411.53': 10.422000823064822, 'HeI_4471.50': 5.451049275512917, 'HeI_4713.17': 3.2205056026999426, 'HeI_4921.93': 3.974358828877324, 'HeI_5015.68': 2.5633168672994593, 'HeI_5047.74': 1.2187232764122005, 'HeI_5875.66': 17.66858578241558, 'Hg': 8.466416140518307}"
T29000logg3.8,"{'Ha': 177.37492962977623, 'Hb': 28.59039352040784, 'Hd': 15.481638905576846, 'HeII_4199.83': 1.8474620654407934, 'HeII_4686': 26.117883789670216, 'HeII_5411.53': 11.14189025985368, 'HeI_4471.50': 12.294142521169725, 'HeI_4713.17': 10.99847556501164, 'HeI_4921.93': 19.79671598610667, 'HeI_5015.68': 8.720502642175397, 'HeI_5047.74': 2.6331993369243043, 'HeI_5875.66': 50.25854542136805, 'Hg': 9.209703572279107}","{'Ha': 173.76119610770886, 'Hb': 27.65731181076706, 'Hd': 14.295225620143231, 'HeII_4199.83': 1.7887132129913292, 'HeII_4686': 25.5772909972925, 'HeII_5411.53': 11.246706292632314, 'HeI_4471.50': 7.722911421672883, 'HeI_4713.17': 6.173451481197588, 'HeI_4921.93': 12.234486681224912, 'HeI_5015.68': 5.03399993969949, 'HeI_5047.74': 1.891066513614036, 'HeI_5875.66': 32.72144624587164, 'Hg': 9.039470463653057}","{'Ha': 171.05092891626828, 'Hb': 27.39320030415439, 'Hd': 13.676355424932936, 'HeII_4199.83': 1.7600314223051445, 'HeII_4686': 25.56064436647475, 'HeII_5411.53': 11.377042390517717, 'HeI_4471.50': 4.970787856753212, 'HeI_4713.17': 3.5217821454815814, 'HeI_4921.93': 7.827956505942451, 'HeI_5015.68': 3.117448679757288, 'HeI_5047.74': 1.494986514129993, 'HeI_5875.66': 22.08335447040799, 'Hg': 9.019446181932274}","{'Ha': 169.27250575567834, 'Hb': 27.82906318295, 'Hd': 13.408832163747432, 'HeII_4199.83': 1.7531151336961412, 'HeII_4686': 25.94845235520077, 'HeII_5411.53': 11.529007163182618, 'HeI_4471.50': 3.575034923006458, 'HeI_4713.17': 2.2121702618864405, 'HeI_4921.93': 5.330012414730682, 'HeI_5015.68': 2.2243427813711194, 'HeI_5047.74': 1.281195642670229, 'HeI_5875.66': 16.42734644388156, 'Hg': 9.139719767943829}","{'Ha': 168.32547701407725, 'Hb': 28.883427174951606, 'Hd': 13.405863125669866, 'HeII_4199.83': 1.7557815880349668, 'HeII_4686': 26.557018562865494, 'HeII_5411.53': 11.692788570693725, 'HeI_4471.50': 3.180222713046112, 'HeI_4713.17': 1.8062232815447044, 'HeI_4921.93': 4.083959691316507, 'HeI_5015.68': 1.9250901736043697, 'HeI_5047.74': 1.1719842924097366, 'HeI_5875.66': 14.22086566354329, 'Hg': 9.403625417968275}","{'Ha': 167.98625609363597, 'Hb': 30.416492753881933, 'Hd': 13.604894920896776, 'HeII_4199.83': 1.7630027079267712, 'HeII_4686': 27.22261759160363, 'HeII_5411.53': 11.860911387843892, 'HeI_4471.50': 3.425467979119814, 'HeI_4713.17': 1.9231745724969596, 'HeI_4921.93': 3.6394391661614494, 'HeI_5015.68': 1.9386100114678535, 'HeI_5047.74': 1.1285762059843745, 'HeI_5875.66': 14.108742938307898, 'Hg': 9.777917113947426}","{'Ha': 168.01516263719176, 'Hb': 32.32041859533314, 'Hd': 13.930149433334547, 'HeII_4199.83': 1.7748074755778236, 'HeII_4686': 27.837179116819936, 'HeII_5411.53': 12.031118109326849, 'HeI_4471.50': 4.074425699913499, 'HeI_4713.17': 2.307518214852898, 'HeI_4921.93': 3.666503260748377, 'HeI_5015.68': 2.1146518180852394, 'HeI_5047.74': 1.1313868678757721, 'HeI_5875.66': 15.15156827065916, 'Hg': 10.239912922645312}","{'Ha': 168.21252100147993, 'Hb': 34.444207118261815, 'Hd': 14.324286287979909, 'HeII_4199.83': 1.7880806852694882, 'HeII_4686': 28.31925896875827, 'HeII_5411.53': 12.196378389533036, 'HeI_4471.50': 4.920603885524646, 'HeI_4713.17': 2.785734174684872, 'HeI_4921.93': 3.931261908054385, 'HeI_5015.68': 2.3559011718576595, 'HeI_5047.74': 1.1623122749703678, 'HeI_5875.66': 16.69006627737764, 'Hg': 10.76317011215774}","{'Ha': 168.39978441485843, 'Hb': 36.68226772410716, 'Hd': 14.755600565592136, 'HeII_4199.83': 1.8021999951102983, 'HeII_4686': 28.648861206681108, 'HeII_5411.53': 12.354455619269217, 'HeI_4471.50': 5.833935777925683, 'HeI_4713.17': 3.266046231816153, 'HeI_4921.93': 4.29532192231765, 'HeI_5015.68': 2.60230218094995, 'HeI_5047.74': 1.2020047489116248, 'HeI_5875.66': 18.23851651147308, 'Hg': 11.321922281977045}"
T29000logg4.0,"{'Ha': 187.1948958202445, 'Hb': 36.216387041054794, 'Hd': 19.499554446387705, 'HeII_4199.83': 2.1403279396994805, 'HeII_4686': 24.36812593910102, 'HeII_5411.53': 12.322809700198512, 'HeI_4471.50': 11.792080335128801, 'HeI_4713.17': 10.41467266362565, 'HeI_4921.93': 18.73709326210773, 'HeI_5015.68': 8.41937284405081, 'HeI_5047.74': 2.5749878656523992, 'HeI_5875.66': 45.65745553787131, 'Hg': 12.737002537611607}","{'Ha': 182.78825749896663, 'Hb': 35.38160700407961, 'Hd': 18.69519417432244, 'HeII_4199.83': 2.0669361099120915, 'HeII_4686': 24.006323203497253, 'HeII_5411.53': 12.400916609300342, 'HeI_4471.50': 7.954575142704914, 'HeI_4713.17': 5.878296930892834, 'HeI_4921.93': 12.084434561316355, 'HeI_5015.68': 4.893231565338377, 'HeI_5047.74': 1.8620664940978227, 'HeI_5875.66': 29.74841056744921, 'Hg': 12.629277988034293}","{'Ha': 179.62322087093628, 'Hb': 35.286780265791094, 'Hd': 18.327847297592072, 'HeII_4199.83': 2.0270525566273623, 'HeII_4686': 24.091724460402983, 'HeII_5411.53': 12.496710050974475, 'HeI_4471.50': 5.606773871456259, 'HeI_4713.17': 3.3743397182397206, 'HeI_4921.93': 8.132612370937432, 'HeI_5015.68': 3.0515164251738467, 'HeI_5047.74': 1.479912112750212, 'HeI_5875.66': 20.188568649413696, 'Hg': 12.67520147994594}","{'Ha': 177.64133316256002, 'Hb': 35.904975708859325, 'Hd': 18.23087639599458, 'HeII_4199.83': 2.010757864459742, 'HeII_4686': 24.527318929023025, 'HeII_5411.53': 12.607418160432438, 'HeI_4471.50': 4.400141008489601, 'HeI_4713.17': 2.143824171675645, 'HeI_4921.93': 5.843258765459525, 'HeI_5015.68': 2.1939439608842055, 'HeI_5047.74': 1.2732977918741708, 'HeI_5875.66': 15.202901799446, 'Hg': 12.852250518644881}","{'Ha': 176.64716307930115, 'Hb': 37.11097183139915, 'Hd': 18.338581836092953, 'HeII_4199.83': 2.0046637579183337, 'HeII_4686': 25.14980664839589, 'HeII_5411.53': 12.725892319231697, 'HeI_4471.50': 4.060210228980586, 'HeI_4713.17': 1.7766224002563733, 'HeI_4921.93': 4.666156526066963, 'HeI_5015.68': 1.9114689540089889, 'HeI_5047.74': 1.1680805718392693, 'HeI_5875.66': 13.383425535811666, 'Hg': 13.156367587905732}","{'Ha': 176.34129169345027, 'Hb': 38.745892510575274, 'Hd': 18.598840644820562, 'HeII_4199.83': 2.003559563200503, 'HeII_4686': 25.813119128967394, 'HeII_5411.53': 12.846975006366831, 'HeI_4471.50': 4.290125221733158, 'HeI_4713.17': 1.9111417806725342, 'HeI_4921.93': 4.217530155566477, 'HeI_5015.68': 1.9332704061316106, 'HeI_5047.74': 1.126926939407825, 'HeI_5875.66': 13.490776593231407, 'Hg': 13.550999887254745}","{'Ha': 176.43891245094403, 'Hb': 40.69755457997525, 'Hd': 18.95021863369176, 'HeII_4199.83': 2.0071481324194314, 'HeII_4686': 26.42233675169082, 'HeII_5411.53': 12.969185893409115, 'HeI_4471.50': 4.888080464173552, 'HeI_4713.17': 2.3029020187970946, 'HeI_4921.93': 4.207558543056302, 'HeI_5015.68': 2.1129794326866573, 'HeI_5047.74': 1.1307491229204274, 'HeI_5875.66': 14.65997738882284, 'Hg': 14.014546373396353}","{'Ha': 176.71197011578482, 'Hb': 42.816042965505744, 'Hd': 19.345536549539922, 'HeII_4199.83': 2.01235778501582, 'HeII_4686': 26.903190427099386, 'HeII_5411.53': 13.087629735506182, 'HeI_4471.50': 5.672229201126923, 'HeI_4713.17': 2.78381975240448, 'HeI_4921.93': 4.428220980586627, 'HeI_5015.68': 2.355656043526445, 'HeI_5047.74': 1.1618106292445716, 'HeI_5875.66': 16.267759077175544, 'Hg': 14.523183945175376}","{'Ha': 176.96508592524523, 'Hb': 45.004241734261896, 'Hd': 19.759468240636853, 'HeII_4199.83': 2.018725955751028, 'HeII_4686': 27.238271670451848, 'HeII_5411.53': 13.200855832781963, 'HeI_4471.50': 6.524962764448918, 'HeI_4713.17': 3.264839764632664, 'HeI_4921.93': 4.752370771427246, 'HeI_5015.68': 2.6029688696776074, 'HeI_5047.74': 1.2013899065228397, 'HeI_5875.66': 17.860481892635118, 'Hg': 15.054302370212163}"
T29000logg4.2,"{'Ha': 197.78477982947973, 'Hb': 44.37152203296901, 'Hd': 23.516569395442914, 'HeII_4199.83': 2.2826446446805186, 'HeII_4686': 23.34729698195286, 'HeII_5411.53': 12.857185453651736, 'HeI_4471.50': 12.4315089182422, 'HeI_4713.17': 10.370329279249727, 'HeI_4921.93': 18.549658772517596, 'HeI_5015.68': 8.452478047686416, 'HeI_5047.74': 2.509714258448524, 'HeI_5875.66': 45.804561648272646, 'Hg': 16.300556980742822}","{'Ha': 193.29920379968317, 'Hb': 43.65225949703461, 'Hd': 22.98270939720978, 'HeII_4199.83': 2.203738229450091, 'HeII_4686': 23.126586109067137, 'HeII_5411.53': 12.916776297288175, 'HeI_4471.50': 8.929886781969595, 'HeI_4713.17': 5.911911290546632, 'HeI_4921.93': 12.47009167216671, 'HeI_5015.68': 4.960689698469689, 'HeI_5047.74': 1.8291899330078722, 'HeI_5875.66': 30.293128052917677, 'Hg': 16.228236528080448}","{'Ha': 190.07049954879992, 'Hb': 43.655102534470316, 'Hd': 22.779349591811428, 'HeII_4199.83': 2.159251551806291, 'HeII_4686': 23.288837866607167, 'HeII_5411.53': 12.989768453441426, 'HeI_4471.50': 6.761080494067783, 'HeI_4713.17': 3.4330381719227123, 'HeI_4921.93': 8.783455060890635, 'HeI_5015.68': 3.121844149001963, 'HeI_5047.74': 1.4630073203319383, 'HeI_5875.66': 20.93218280773173, 'Hg': 16.302931684744216}","{'Ha': 188.0450994860042, 'Hb': 44.35589279063768, 'Hd': 22.787009422563283, 'HeII_4199.83': 2.1386398106763442, 'HeII_4686': 23.749310118515893, 'HeII_5411.53': 13.074443770163521, 'HeI_4471.50': 5.616955679618624, 'HeI_4713.17': 2.206425607207428, 'HeI_4921.93': 6.594922460884854, 'HeI_5015.68': 2.257145635015256, 'HeI_5047.74': 1.2649999067782292, 'HeI_5875.66': 16.014304927780035, 'Hg': 16.503968954896337}","{'Ha': 187.0243173471535, 'Hb': 45.62706639164398, 'Hd': 22.95967224747879, 'HeII_4199.83': 2.128266384222888, 'HeII_4686': 24.36389604130749, 'HeII_5411.53': 13.16567905572366, 'HeI_4471.50': 5.263707187914955, 'HeI_4713.17': 1.8345255747148714, 'HeI_4921.93': 5.4316000648514455, 'HeI_5015.68': 1.965405903536221, 'HeI_5047.74': 1.164740539207563, 'HeI_5875.66': 14.192137297298242, 'Hg': 16.82530856667116}","{'Ha': 186.70003928586084, 'Hb': 47.3060848702043, 'Hd': 23.254570341762932, 'HeII_4199.83': 2.122880150257657, 'HeII_4686': 25.005243215216833, 'HeII_5411.53': 13.25977274355077, 'HeI_4471.50': 5.441765572867897, 'HeI_4713.17': 1.9617608993393871, 'HeI_4921.93': 4.953550059470839, 'HeI_5015.68': 1.9786234013291242, 'HeI_5047.74': 1.1264784485570152, 'HeI_5875.66': 14.266111265181653, 'Hg': 17.229441872997263}","{'Ha': 186.77761105253236, 'Hb': 49.28000718005862, 'Hd': 23.621459790975987, 'HeII_4199.83': 2.1220791384295903, 'HeII_4686': 25.59045599812195, 'HeII_5411.53': 13.355596838078972, 'HeI_4471.50': 5.970433297343682, 'HeI_4713.17': 2.3461649436163854, 'HeI_4921.93': 4.8951779974640255, 'HeI_5015.68': 2.151097933416131, 'HeI_5047.74': 1.13175642107388, 'HeI_5875.66': 15.39027209609896, 'Hg': 17.694472234902246}","{'Ha': 187.0235929111157, 'Hb': 51.3979265983716, 'Hd': 24.019526122388474, 'HeII_4199.83': 2.1228770447981953, 'HeII_4686': 26.052363042102304, 'HeII_5411.53': 13.44933093347876, 'HeI_4471.50': 6.683143635279971, 'HeI_4713.17': 2.8213299114445056, 'HeI_4921.93': 5.064511972094255, 'HeI_5015.68': 2.3879036777281932, 'HeI_5047.74': 1.1632778458460202, 'HeI_5875.66': 16.95281583189146, 'Hg': 18.196644647390965}","{'Ha': 187.24097537219114, 'Hb': 53.56311840321137, 'Hd': 24.426398385476926, 'HeII_4199.83': 2.1248571144165216, 'HeII_4686': 26.37703280356465, 'HeII_5411.53': 13.539835539135057, 'HeI_4471.50': 7.468659718691174, 'HeI_4713.17': 3.297359715229029, 'HeI_4921.93': 5.340886933356782, 'HeI_5015.68': 2.630691890160838, 'HeI_5047.74': 1.2029665389991098, 'HeI_5875.66': 18.501712723692382, 'Hg': 18.713797586023727}"
T29000logg4.4,"{'Ha': 204.42366958942543, 'Hb': 52.5820136847994, 'Hd': 27.32589790035028, 'HeII_4199.83': 2.4570110650799117, 'HeII_4686': 19.4487696412083, 'HeII_5411.53': 14.119345307011761, 'HeI_4471.50': 13.193640437650066, 'HeI_4713.17': 10.455973698556749, 'HeI_4921.93': 18.362344903057622, 'HeI_5015.68': 8.543915023586019, 'HeI_5047.74': 2.460350505640553, 'HeI_5875.66': 45.69663822326611, 'Hg': 19.907198599156146}","{'Ha': 200.58523479180457, 'Hb': 51.9022338906664, 'Hd': 27.039440007426883, 'HeII_4199.83': 2.37415873827605, 'HeII_4686': 19.50924747819756, 'HeII_5411.53': 14.152537444683745, 'HeI_4471.50': 9.959830871149466, 'HeI_4713.17': 6.029654400417645, 'HeI_4921.93': 12.776468939682292, 'HeI_5015.68': 5.057648876642894, 'HeI_5047.74': 1.8025758352968708, 'HeI_5875.66': 30.687431246333464, 'Hg': 19.858901515388673}","{'Ha': 197.78654286666492, 'Hb': 51.93596450822436, 'Hd': 26.97424139069682, 'HeII_4199.83': 2.3259115347245984, 'HeII_4686': 19.810252332768442, 'HeII_5411.53': 14.192727398231968, 'HeI_4471.50': 7.936452548045137, 'HeI_4713.17': 3.5476406812248458, 'HeI_4921.93': 9.32584667846366, 'HeI_5015.68': 3.2084167254377105, 'HeI_5047.74': 1.4481666153268618, 'HeI_5875.66': 21.58876292985067, 'Hg': 19.949352469230217}","{'Ha': 196.02748860508288, 'Hb': 52.6490425784563, 'Hd': 27.057481919180603, 'HeII_4199.83': 2.301401326986167, 'HeII_4686': 20.296014340062197, 'HeII_5411.53': 14.23921681364359, 'HeI_4471.50': 6.852761438110269, 'HeI_4713.17': 2.3075555495904556, 'HeI_4921.93': 7.238164115774297, 'HeI_5015.68': 2.3304353877137296, 'HeI_5047.74': 1.2567174995037973, 'HeI_5875.66': 16.778996499063354, 'Hg': 20.158815379677463}","{'Ha': 195.14517859123546, 'Hb': 53.91363955583362, 'Hd': 27.26318170532895, 'HeII_4199.83': 2.2870346703399544, 'HeII_4686': 20.865728425743807, 'HeII_5411.53': 14.289070026040545, 'HeI_4471.50': 6.502348911907516, 'HeI_4713.17': 1.9205338659352897, 'HeI_4921.93': 6.101631106691724, 'HeI_5015.68': 2.0268284003057877, 'HeI_5047.74': 1.1603021894076657, 'HeI_5875.66': 14.978936383590025, 'Hg': 20.48128096714283}","{'Ha': 194.87046681456275, 'Hb': 55.57072603740968, 'Hd': 27.560632653884003, 'HeII_4199.83': 2.277765649908248, 'HeII_4686': 21.433738061970974, 'HeII_5411.53': 14.340465842479269, 'HeI_4471.50': 6.651242784726429, 'HeI_4713.17': 2.0343164681859744, 'HeI_4921.93': 5.611737642213081, 'HeI_5015.68': 2.0304916029686018, 'HeI_5047.74': 1.1242914749303745, 'HeI_5875.66': 15.035164388313671, 'Hg': 20.880452240153094}","{'Ha': 194.94111234358243, 'Hb': 57.509234359048264, 'Hd': 27.913811242310384, 'HeII_4199.83': 2.2731367622414904, 'HeII_4686': 21.944966541333255, 'HeII_5411.53': 14.39276168638889, 'HeI_4471.50': 7.133210652162841, 'HeI_4713.17': 2.4077346206145114, 'HeI_4921.93': 5.524982847022837, 'HeI_5015.68': 2.1951562721532487, 'HeI_5047.74': 1.1307639639577107, 'HeI_5875.66': 16.124533477620005, 'Hg': 21.335594930033253}","{'Ha': 195.14547008126283, 'Hb': 59.581035316739495, 'Hd': 28.290424078286936, 'HeII_4199.83': 2.2701578806080307, 'HeII_4686': 22.35127601601953, 'HeII_5411.53': 14.443915279456812, 'HeI_4471.50': 7.793861235975093, 'HeI_4713.17': 2.8748566577953993, 'HeI_4921.93': 5.663263093596807, 'HeI_5015.68': 2.4257909113899228, 'HeI_5047.74': 1.1627402247929333, 'HeI_5875.66': 17.648664413994624, 'Hg': 21.824063146153282}","{'Ha': 195.30164545364613, 'Hb': 61.69168595015584, 'Hd': 28.672088971037912, 'HeII_4199.83': 2.268375053791532, 'HeII_4686': 22.64541046480124, 'HeII_5411.53': 14.493366529508721, 'HeI_4471.50': 8.527591428117148, 'HeI_4713.17': 3.344369542070012, 'HeI_4921.93': 5.911167922294883, 'HeI_5015.68': 2.663875390658534, 'HeI_5047.74': 1.2026088393466785, 'HeI_5875.66': 19.158690355797845, 'Hg': 22.324493140236203}"
T30000logg3.2,"{'Ha': 167.85987668472654, 'Hb': 10.580322444352955, 'Hd': 9.515117449456373, 'HeII_4199.83': 1.0484893475674206, 'HeII_4686': 37.42365922153547, 'HeII_5411.53': 2.546578930286772, 'HeI_4471.50': 14.780886639552094, 'HeI_4713.17': 11.64516832873742, 'HeI_4921.93': 8.069555220958476, 'HeI_5015.68': 9.155639829509113, 'HeI_5047.74': 1.9532867131930152, 'HeI_5875.66': 69.67324852596856, 'Hg': 2.6564574854787923}","{'Ha': 165.84364548394385, 'Hb': 9.127947097690784, 'Hd': 6.728046029807825, 'HeII_4199.83': 0.999933648463939, 'HeII_4686': 34.355537589381704, 'HeII_5411.53': 2.3534844412627867, 'HeI_4471.50': 7.841304680828357, 'HeI_4713.17': 6.325580156344724, 'HeI_4921.93': 4.70655097079126, 'HeI_5015.68': 5.129963766439635, 'HeI_5047.74': 1.8150246197599935, 'HeI_5875.66': 46.13746749872061, 'Hg': 2.1532947132526843}","{'Ha': 163.90002132273855, 'Hb': 8.088207597063404, 'Hd': 5.002378738421474, 'HeII_4199.83': 0.9738155605356659, 'HeII_4686': 32.72018449856693, 'HeII_5411.53': 2.3767710692004638, 'HeI_4471.50': 4.112328217803407, 'HeI_4713.17': 3.4738135254717606, 'HeI_4921.93': 3.1517678264291282, 'HeI_5015.68': 3.102459128100159, 'HeI_5047.74': 1.7609452664742067, 'HeI_5875.66': 31.428759934258363, 'Hg': 1.7848290722798235}","{'Ha': 162.21156396729273, 'Hb': 7.7109402879433, 'Hd': 3.972372641466202, 'HeII_4199.83': 0.9739197834503381, 'HeII_4686': 32.18326688305189, 'HeII_5411.53': 2.6066055789609153, 'HeI_4471.50': 2.4433351249278545, 'HeI_4713.17': 2.0767238197197218, 'HeI_4921.93': 2.6848276747921815, 'HeI_5015.68': 2.184355806915046, 'HeI_5047.74': 1.7517809537824434, 'HeI_5875.66': 23.18008983546795, 'Hg': 1.6208745103944266}","{'Ha': 160.93469407978552, 'Hb': 8.110634211581507, 'Hd': 3.4842851053938038, 'HeII_4199.83': 0.9965742239641171, 'HeII_4686': 32.33488010640172, 'HeII_5411.53': 2.990975885486641, 'HeI_4471.50': 2.11130216050189, 'HeI_4713.17': 1.6411994517521895, 'HeI_4921.93': 2.8889060496060357, 'HeI_5015.68': 1.8841938185065314, 'HeI_5047.74': 1.7655483808339276, 'HeI_5875.66': 19.412094732263977, 'Hg': 1.688081658480678}","{'Ha': 160.0866956267107, 'Hb': 9.237784782319732, 'Hd': 3.438606914678016, 'HeII_4199.83': 1.0352671280131411, 'HeII_4686': 32.79110927279847, 'HeII_5411.53': 3.4698478381887643, 'HeI_4471.50': 2.547099080024712, 'HeI_4713.17': 1.7538802652590078, 'HeI_4921.93': 3.474312114711794, 'HeI_5015.68': 1.8987196667228925, 'HeI_5047.74': 1.793269000727879, 'HeI_5875.66': 18.34849613467015, 'Hg': 1.965827829184003}","{'Ha': 159.57390453362453, 'Hb': 11.000426549259824, 'Hd': 3.705392058674074, 'HeII_4199.83': 1.0850972627793314, 'HeII_4686': 33.29203201365621, 'HeII_5411.53': 4.006153955527053, 'HeI_4471.50': 3.4300402650280013, 'HeI_4713.17': 2.1425783704116412, 'HeI_4921.93': 4.242437420415793, 'HeI_5015.68': 2.0810589732012112, 'HeI_5047.74': 1.8323082398675903, 'HeI_5875.66': 18.782110025995983, 'Hg': 2.4228443792104954}","{'Ha': 159.28431191794888, 'Hb': 13.229288617724919, 'Hd': 4.165255754959527, 'HeII_4199.83': 1.1393792853592604, 'HeII_4686': 33.67698223138832, 'HeII_5411.53': 4.5549777017131845, 'HeI_4471.50': 4.489037728538736, 'HeI_4713.17': 2.627374923408005, 'HeI_4921.93': 5.0224400976629475, 'HeI_5015.68': 2.3284207270241852, 'HeI_5047.74': 1.8765939546552886, 'HeI_5875.66': 19.936434344694348, 'Hg': 3.0148931559601198}","{'Ha': 159.07055439962198, 'Hb': 15.770062609286184, 'Hd': 4.73852149115698, 'HeII_4199.83': 1.194373364035088, 'HeII_4686': 33.88563776965187, 'HeII_5411.53': 5.091893331294115, 'HeI_4471.50': 5.573079496571971, 'HeI_4713.17': 3.116463303353448, 'HeI_4921.93': 5.747822295196754, 'HeI_5015.68': 2.57790074001147, 'HeI_5047.74': 1.9190225811484265, 'HeI_5875.66': 21.203365816565906, 'Hg': 3.696867232078097}"
T30000logg3.4,"{'Ha': 168.38251501833216, 'Hb': 14.884274373022674, 'Hd': 11.701116665373537, 'HeII_4199.83': 0.9733614966272942, 'HeII_4686': 45.05803401650417, 'HeII_5411.53': 4.344676382754298, 'HeI_4471.50': 13.490994512772133, 'HeI_4713.17': 11.6160172959503, 'HeI_4921.93': 17.31663172434303, 'HeI_5015.68': 8.78559079656479, 'HeI_5047.74': 2.261358969107348, 'HeI_5875.66': 59.058258657248416, 'Hg': 3.559073689806783}","{'Ha': 165.85258389645074, 'Hb': 13.849184781177131, 'Hd': 9.058350085678272, 'HeII_4199.83': 0.9641410612210598, 'HeII_4686': 42.18990842863719, 'HeII_5411.53': 4.4912386987813795, 'HeI_4471.50': 7.4649674934896275, 'HeI_4713.17': 6.416245971856016, 'HeI_4921.93': 9.48253300837774, 'HeI_5015.68': 4.970171570859462, 'HeI_5047.74': 1.7195117081819757, 'HeI_5875.66': 38.53775770685537, 'Hg': 3.255998774317609}","{'Ha': 163.66734423857181, 'Hb': 13.27767253622999, 'Hd': 7.480671230189956, 'HeII_4199.83': 0.9717151451129065, 'HeII_4686': 40.541316672400804, 'HeII_5411.53': 4.736213577957893, 'HeI_4471.50': 4.065122122770855, 'HeI_4713.17': 3.594097441181776, 'HeI_4921.93': 5.118227484446263, 'HeI_5015.68': 3.027203523637904, 'HeI_5047.74': 1.443180735601252, 'HeI_5875.66': 25.889838572361697, 'Hg': 3.0708369696449975}","{'Ha': 162.0055760346768, 'Hb': 13.338935748567103, 'Hd': 6.562606993118709, 'HeII_4199.83': 0.996143350810249, 'HeII_4686': 39.90353243453116, 'HeII_5411.53': 5.072412921226958, 'HeI_4471.50': 2.4740705145176607, 'HeI_4713.17': 2.2017797993583605, 'HeI_4921.93': 2.8614221722932216, 'HeI_5015.68': 2.1418059895721737, 'HeI_5047.74': 1.3058118878846072, 'HeI_5875.66': 18.98310527863419, 'Hg': 3.0474333215184313}","{'Ha': 160.93592971373377, 'Hb': 14.067404495603505, 'Hd': 6.1266112935859605, 'HeII_4199.83': 1.0316170136452993, 'HeII_4686': 39.92874051755289, 'HeII_5411.53': 5.470636323823069, 'HeI_4471.50': 2.1156403273959676, 'HeI_4713.17': 1.7609736173619663, 'HeI_4921.93': 1.9661146334351387, 'HeI_5015.68': 1.856116222236891, 'HeI_5047.74': 1.2458423378161088, 'HeI_5875.66': 16.04838045537515, 'Hg': 3.20331660794145}","{'Ha': 160.37598193335285, 'Hb': 15.382826428622696, 'Hd': 6.072264245878326, 'HeII_4199.83': 1.0736934787945498, 'HeII_4686': 40.25951594902378, 'HeII_5411.53': 5.902069976411944, 'HeI_4471.50': 2.491097151205966, 'HeI_4713.17': 1.866081866918357, 'HeI_4921.93': 1.8932419403168295, 'HeI_5015.68': 1.8801136815842223, 'HeI_5047.74': 1.2339327329624619, 'HeI_5875.66': 15.510581376526009, 'Hg': 3.517425270317246}","{'Ha': 160.1662524537662, 'Hb': 17.1965695900154, 'Hd': 6.277889896364289, 'HeII_4199.83': 1.121524120097187, 'HeII_4686': 40.64471586889565, 'HeII_5411.53': 6.352533326349836, 'HeI_4471.50': 3.302616083874711, 'HeI_4713.17': 2.248250976568081, 'HeI_4921.93': 2.268865043169308, 'HeI_5015.68': 2.0661382682469207, 'HeI_5047.74': 1.2565956700168066, 'HeI_5875.66': 16.29450498641307, 'Hg': 3.9665530634900703}","{'Ha': 160.15013375877797, 'Hb': 19.357504093301905, 'Hd': 6.643840876098521, 'HeII_4199.83': 1.1707893276863617, 'HeII_4686': 40.92845774704556, 'HeII_5411.53': 6.796893704141695, 'HeI_4471.50': 4.300204916131836, 'HeI_4713.17': 2.7277791079441256, 'HeI_4921.93': 2.8234360460006807, 'HeI_5015.68': 2.3155661475856295, 'HeI_5047.74': 1.2994454174429764, 'HeI_5875.66': 17.68047230615077, 'Hg': 4.517593203335545}","{'Ha': 160.16216459208724, 'Hb': 21.74152721577891, 'Hd': 7.109071518859462, 'HeII_4199.83': 1.2194363321109405, 'HeII_4686': 41.042559060335144, 'HeII_5411.53': 7.223891781341329, 'HeI_4471.50': 5.338702363528432, 'HeI_4713.17': 3.2112936976586384, 'HeI_4921.93': 3.4172731809000747, 'HeI_5015.68': 2.5675587873468713, 'HeI_5047.74': 1.3465704640626168, 'HeI_5875.66': 19.125002613062616, 'Hg': 5.136636369273303}"
T30000logg3.6,"{'Ha': 169.54440119886738, 'Hb': 20.18172552556782, 'Hd': 13.440607948524324, 'HeII_4199.83': 1.122260536171128, 'HeII_4686': 41.276876044377495, 'HeII_5411.53': 6.204095106080916, 'HeI_4471.50': 12.44366330210871, 'HeI_4713.17': 10.848764971102415, 'HeI_4921.93': 20.30494466122956, 'HeI_5015.68': 8.51206180199671, 'HeI_5047.74': 2.5108103364810788, 'HeI_5875.66': 52.32401424229976, 'Hg': 5.568289243461729}","{'Ha': 166.66162880060833, 'Hb': 19.35230554282502, 'Hd': 11.318331187991642, 'HeII_4199.83': 1.103259757669873, 'HeII_4686': 39.36089510984259, 'HeII_5411.53': 6.380736122341745, 'HeI_4471.50': 7.234954572056572, 'HeI_4713.17': 6.010807496363187, 'HeI_4921.93': 11.886796619728381, 'HeI_5015.68': 4.842379718750361, 'HeI_5047.74': 1.8297430699636603, 'HeI_5875.66': 33.81213786586566, 'Hg': 5.367367557751776}","{'Ha': 164.36461331171577, 'Hb': 19.05838970946846, 'Hd': 10.105528744355393, 'HeII_4199.83': 1.1050276974456696, 'HeII_4686': 38.35562750122675, 'HeII_5411.53': 6.619755223541203, 'HeI_4471.50': 4.196333030161078, 'HeI_4713.17': 3.379646843043467, 'HeI_4921.93': 7.031290111847532, 'HeI_5015.68': 2.9633263817275877, 'HeI_5047.74': 1.472113002396687, 'HeI_5875.66': 22.564943723218867, 'Hg': 5.2916739695716055}","{'Ha': 162.78033640904974, 'Hb': 19.40554321443509, 'Hd': 9.444223564076049, 'HeII_4199.83': 1.1244226270856508, 'HeII_4686': 38.10359774798024, 'HeII_5411.53': 6.9144488107170625, 'HeI_4471.50': 2.7246009621675986, 'HeI_4713.17': 2.0948308983621393, 'HeI_4921.93': 4.357923988596614, 'HeI_5015.68': 2.106529144896145, 'HeI_5047.74': 1.284059646484391, 'HeI_5875.66': 16.56664362906008, 'Hg': 5.361225029361355}","{'Ha': 161.89321568900365, 'Hb': 20.368271550110233, 'Hd': 9.179374787521406, 'HeII_4199.83': 1.1529498630130994, 'HeII_4686': 38.335015992121555, 'HeII_5411.53': 7.24457217034954, 'HeI_4471.50': 2.3655690975392494, 'HeI_4713.17': 1.7107511102846833, 'HeI_4921.93': 3.1160993488174387, 'HeI_5015.68': 1.834684751798916, 'HeI_5047.74': 1.1920289089015454, 'HeI_5875.66': 14.18667294247854, 'Hg': 5.584121914357699}","{'Ha': 161.54830380162554, 'Hb': 21.83751590853553, 'Hd': 9.22139721960879, 'HeII_4199.83': 1.1860525321182438, 'HeII_4686': 38.773759122486, 'HeII_5411.53': 7.5923222273668625, 'HeI_4471.50': 2.692305662619269, 'HeI_4713.17': 1.8448796983791569, 'HeI_4921.93': 2.7639013675516204, 'HeI_5015.68': 1.8668163020251267, 'HeI_5047.74': 1.159994225387684, 'HeI_5875.66': 13.991032027663415, 'Hg': 5.934199227879575}","{'Ha': 161.5495401938834, 'Hb': 23.719222671467893, 'Hd': 9.46524701544075, 'HeII_4199.83': 1.2237808308110785, 'HeII_4686': 39.22399924216487, 'HeII_5411.53': 7.950502313456532, 'HeI_4471.50': 3.43724587935064, 'HeI_4713.17': 2.242038981498666, 'HeI_4921.93': 2.915501671769976, 'HeI_5015.68': 2.0568903322531735, 'HeI_5047.74': 1.1704190029283819, 'HeI_5875.66': 14.996305536401321, 'Hg': 6.390332342470618}","{'Ha': 161.71910802205966, 'Hb': 25.866952051369722, 'Hd': 9.82978235395587, 'HeII_4199.83': 1.2626133416265348, 'HeII_4686': 39.55687884161848, 'HeII_5411.53': 8.301831395250655, 'HeI_4471.50': 4.371819741700256, 'HeI_4713.17': 2.729034937103749, 'HeI_4921.93': 3.2996505669719864, 'HeI_5015.68': 2.3084789233232312, 'HeI_5047.74': 1.206383504569286, 'HeI_5875.66': 16.523068683957945, 'Hg': 6.92426943204877}","{'Ha': 161.887587452042, 'Hb': 28.172209148949893, 'Hd': 10.267737440384847, 'HeII_4199.83': 1.3012705870948629, 'HeII_4686': 39.72192772493386, 'HeII_5411.53': 8.639423440867429, 'HeI_4471.50': 5.358935455467325, 'HeI_4713.17': 3.2162348645533037, 'HeI_4921.93': 3.764547660326847, 'HeI_5015.68': 2.562278549824653, 'HeI_5047.74': 1.2494805037368841, 'HeI_5875.66': 18.070918996305714, 'Hg': 7.507792301874432}"
T30000logg3.8,"{'Ha': 183.75953160850602, 'Hb': 28.21270408609867, 'Hd': 15.16492755617273, 'HeII_4199.83': 1.5404560517356543, 'HeII_4686': 35.941792102923436, 'HeII_5411.53': 8.941022937493937, 'HeI_4471.50': 11.939401929918809, 'HeI_4713.17': 10.69427668058894, 'HeI_4921.93': 20.63133391495856, 'HeI_5015.68': 8.604205820076665, 'HeI_5047.74': 2.571394363077138, 'HeI_5875.66': 49.360821141168515, 'Hg': 8.369176611230563}","{'Ha': 180.68010757504064, 'Hb': 27.53041100535489, 'Hd': 13.733755015207066, 'HeII_4199.83': 1.5032597052467787, 'HeII_4686': 34.46064380545145, 'HeII_5411.53': 9.087097236455254, 'HeI_4471.50': 7.391130254184289, 'HeI_4713.17': 5.970181658088873, 'HeI_4921.93': 12.695292284630913, 'HeI_5015.68': 4.947083921683654, 'HeI_5047.74': 1.858592229132206, 'HeI_5875.66': 32.11869802608139, 'Hg': 8.234268684352033}","{'Ha': 178.25177785042717, 'Hb': 27.39884542610416, 'Hd': 12.96057207843921, 'HeII_4199.83': 1.490134027719406, 'HeII_4686': 33.7939622950086, 'HeII_5411.53': 9.273309556640035, 'HeI_4471.50': 4.655963748353317, 'HeI_4713.17': 3.3864591430610016, 'HeI_4921.93': 8.014169631525245, 'HeI_5015.68': 3.0546459600149882, 'HeI_5047.74': 1.4797333321628252, 'HeI_5875.66': 21.646334106322524, 'Hg': 8.224177806472616}","{'Ha': 176.57321135562268, 'Hb': 27.88189092003941, 'Hd': 12.588240470630247, 'HeII_4199.83': 1.4956046326858163, 'HeII_4686': 33.78822540329005, 'HeII_5411.53': 9.494065356210385, 'HeI_4471.50': 3.284817410056772, 'HeI_4713.17': 2.1218092925310903, 'HeI_4921.93': 5.350703111494014, 'HeI_5015.68': 2.1797773236008364, 'HeI_5047.74': 1.2771784532707673, 'HeI_5875.66': 16.094494110650867, 'Hg': 8.343596183908282}","{'Ha': 175.60491451329702, 'Hb': 28.926980655916086, 'Hd': 12.509456963003606, 'HeII_4199.83': 1.5095752024897655, 'HeII_4686': 34.1884565820554, 'HeII_5411.53': 9.734802701365616, 'HeI_4471.50': 2.91895830366492, 'HeI_4713.17': 1.7439414173227266, 'HeI_4921.93': 4.031658963761347, 'HeI_5015.68': 1.8927103263604823, 'HeI_5047.74': 1.1754743637052165, 'HeI_5875.66': 13.953306673242475, 'Hg': 8.595840831498268}","{'Ha': 175.1727512408415, 'Hb': 30.418222211188752, 'Hd': 12.655997174030459, 'HeII_4199.83': 1.5274872022103034, 'HeII_4686': 34.74621730272817, 'HeII_5411.53': 9.983856467634691, 'HeI_4471.50': 3.192649153430443, 'HeI_4713.17': 1.8781669529815643, 'HeI_4921.93': 3.56875736300047, 'HeI_5015.68': 1.9137588983038143, 'HeI_5047.74': 1.1370662581107525, 'HeI_5875.66': 13.88096231221955, 'Hg': 8.953468890700005}","{'Ha': 175.06884291228482, 'Hb': 32.264221177316465, 'Hd': 12.947634464325704, 'HeII_4199.83': 1.5495365607063882, 'HeII_4686': 35.29088746037665, 'HeII_5411.53': 10.237298505834447, 'HeI_4471.50': 3.866688604692835, 'HeI_4713.17': 2.2733090007102508, 'HeI_4921.93': 3.604138555842566, 'HeI_5015.68': 2.095081524169518, 'HeI_5047.74': 1.1432360524474197, 'HeI_5875.66': 14.948258818748846, 'Hg': 9.397568213840604}","{'Ha': 175.1169438698324, 'Hb': 34.326718644941835, 'Hd': 13.32307627309281, 'HeII_4199.83': 1.5726638498761314, 'HeII_4686': 35.70725134778963, 'HeII_5411.53': 10.484086992684265, 'HeI_4471.50': 4.732972068472153, 'HeI_4713.17': 2.7579954728951415, 'HeI_4921.93': 3.886380377798454, 'HeI_5015.68': 2.340102315724594, 'HeI_5047.74': 1.1764048828809022, 'HeI_5875.66': 16.502551730079606, 'Hg': 9.903807106373456}","{'Ha': 175.15030541308883, 'Hb': 36.507931069368034, 'Hd': 13.746755191530045, 'HeII_4199.83': 1.5960716771250605, 'HeII_4686': 35.95509448583845, 'HeII_5411.53': 10.720344520786218, 'HeI_4471.50': 5.6621863908843055, 'HeI_4713.17': 3.2427256380759593, 'HeI_4921.93': 4.268034100541398, 'HeI_5015.68': 2.589220956097829, 'HeI_5047.74': 1.2176791549239907, 'HeI_5875.66': 18.063569052549855, 'Hg': 10.447891842668435}"
T30000logg4.0,"{'Ha': 181.34580008348752, 'Hb': 33.61188302003747, 'Hd': 18.87063584342627, 'HeII_4199.83': 1.6821407035232017, 'HeII_4686': 35.5396306975522, 'HeII_5411.53': 8.697436036543545, 'HeI_4471.50': 11.08656581109524, 'HeI_4713.17': 9.701587467589608, 'HeI_4921.93': 18.005695232307644, 'HeI_5015.68': 7.735268039561043, 'HeI_5047.74': 2.450159932197283, 'HeI_5875.66': 44.104505289708136, 'Hg': 11.694552513351505}","{'Ha': 177.8337414702192, 'Hb': 33.090092299796765, 'Hd': 17.788800989535247, 'HeII_4199.83': 1.6304078115591105, 'HeII_4686': 34.40759301916834, 'HeII_5411.53': 8.840175064025162, 'HeI_4471.50': 7.362747028504995, 'HeI_4713.17': 5.4231212974918535, 'HeI_4921.93': 11.457766657215572, 'HeI_5015.68': 4.445898758071477, 'HeI_5047.74': 1.7982243108339022, 'HeI_5875.66': 28.53205151702337, 'Hg': 11.636503639823976}","{'Ha': 175.31350713354507, 'Hb': 33.20639998139008, 'Hd': 17.265088321647877, 'HeII_4199.83': 1.6063835541993532, 'HeII_4686': 33.949167422478084, 'HeII_5411.53': 9.02134236868113, 'HeI_4471.50': 5.096293443721218, 'HeI_4713.17': 3.08267750077153, 'HeI_4921.93': 7.548990302408674, 'HeI_5015.68': 2.75277270406267, 'HeI_5047.74': 1.4518541777894949, 'HeI_5875.66': 19.216292955385583, 'Hg': 11.711523883600844}","{'Ha': 173.77681952017917, 'Hb': 33.95971953849622, 'Hd': 17.077380844155414, 'HeII_4199.83': 1.602981819859058, 'HeII_4686': 34.037822555302874, 'HeII_5411.53': 9.23628341163112, 'HeI_4471.50': 3.951694983406026, 'HeI_4713.17': 1.9560662082062066, 'HeI_4921.93': 5.30223818860763, 'HeI_5015.68': 1.9899824307214145, 'HeI_5047.74': 1.2680453795185116, 'HeI_5875.66': 14.404997988809857, 'Hg': 11.909157312288968}","{'Ha': 173.06779082116225, 'Hb': 35.24475075455908, 'Hd': 17.133122991080565, 'HeII_4199.83': 1.608779286568787, 'HeII_4686': 34.45929242660837, 'HeII_5411.53': 9.471488764519373, 'HeI_4471.50': 3.6584899914884574, 'HeI_4713.17': 1.6512698802617547, 'HeI_4921.93': 4.181363237396738, 'HeI_5015.68': 1.7664909676953418, 'HeI_5047.74': 1.1776759538442438, 'HeI_5875.66': 12.705413081294234, 'Hg': 12.224147044267268}","{'Ha': 172.9338541097744, 'Hb': 36.92147432275323, 'Hd': 17.369916002075914, 'HeII_4199.83': 1.618900012134233, 'HeII_4686': 35.00323373518203, 'HeII_5411.53': 9.715936868112447, 'HeI_4471.50': 3.9243313761992207, 'HeI_4713.17': 1.8225766594925665, 'HeI_4921.93': 3.79424717682131, 'HeI_5015.68': 1.8252186429441442, 'HeI_5047.74': 1.146185950842689, 'HeI_5875.66': 12.896060289875367, 'Hg': 12.623701297977373}","{'Ha': 173.1319802585853, 'Hb': 38.893068443222155, 'Hd': 17.717384508790634, 'HeII_4199.83': 1.6334170369785868, 'HeII_4686': 35.52200934188789, 'HeII_5411.53': 9.965920285728176, 'HeI_4471.50': 4.550407889030926, 'HeI_4713.17': 2.2362480542020466, 'HeI_4921.93': 3.844326311871519, 'HeI_5015.68': 2.0294240905403154, 'HeI_5047.74': 1.1562614462032454, 'HeI_5875.66': 14.125603974493274, 'Hg': 13.089061383758697}","{'Ha': 173.46125739093935, 'Hb': 41.018434033223315, 'Hd': 18.121107628240107, 'HeII_4199.83': 1.6493874472684757, 'HeII_4686': 35.91340652988144, 'HeII_5411.53': 10.210473890471912, 'HeI_4471.50': 5.355834107062271, 'HeI_4713.17': 2.7298483946277052, 'HeI_4921.93': 4.117383796650899, 'HeI_5015.68': 2.2885764192488596, 'HeI_5047.74': 1.1912598741372957, 'HeI_5875.66': 15.776628621154392, 'Hg': 13.597528446176113}","{'Ha': 173.74947526557526, 'Hb': 43.207296421596205, 'Hd': 18.550778711900975, 'HeII_4199.83': 1.6662066451504782, 'HeII_4686': 36.14217865981249, 'HeII_5411.53': 10.44559792038225, 'HeI_4471.50': 6.225250119843558, 'HeI_4713.17': 3.219163807690743, 'HeI_4921.93': 4.485162916021516, 'HeI_5015.68': 2.547724442745068, 'HeI_5047.74': 1.2335092048869483, 'HeI_5875.66': 17.404749013492083, 'Hg': 14.127631069478976}"
T30000logg4.2,"{'Ha': 205.35083967171178, 'Hb': 45.43200047022712, 'Hd': 23.4418035747166, 'HeII_4199.83': 1.9989324417861256, 'HeII_4686': 29.626625440104252, 'HeII_5411.53': 10.863559308761241, 'HeI_4471.50': 12.12282338343965, 'HeI_4713.17': 10.061253435382255, 'HeI_4921.93': 18.888341724022627, 'HeI_5015.68': 8.089930410776512, 'HeI_5047.74': 2.4524792094083723, 'HeI_5875.66': 45.02105463727446, 'Hg': 15.950326509278218}","{'Ha': 201.29366894973046, 'Hb': 44.82735539735474, 'Hd': 22.69990774453925, 'HeII_4199.83': 1.9346865816907364, 'HeII_4686': 29.10098440531376, 'HeII_5411.53': 10.96014277968461, 'HeI_4471.50': 8.63807031719218, 'HeI_4713.17': 5.700948949515007, 'HeI_4921.93': 12.63814487319607, 'HeI_5015.68': 4.7128856826881735, 'HeI_5047.74': 1.7982112881789432, 'HeI_5875.66': 29.73594308491704, 'Hg': 15.897402664794107}","{'Ha': 198.29352817983107, 'Hb': 44.879104467133786, 'Hd': 22.375330986752672, 'HeII_4199.83': 1.9005154522592493, 'HeII_4686': 29.034334888938744, 'HeII_5411.53': 11.07995590484528, 'HeI_4471.50': 6.464653448322281, 'HeI_4713.17': 3.2899272572401097, 'HeI_4921.93': 8.815064968552218, 'HeI_5015.68': 2.9499432060538786, 'HeI_5047.74': 1.448232109201061, 'HeI_5875.66': 20.504994337935393, 'Hg': 15.976375605278715}","{'Ha': 196.3545815647263, 'Hb': 45.57620602249621, 'Hd': 22.30520578618409, 'HeII_4199.83': 1.887829740364265, 'HeII_4686': 29.349324546908658, 'HeII_5411.53': 11.220123509616025, 'HeI_4471.50': 5.314979557412698, 'HeI_4713.17': 2.1091704822420243, 'HeI_4921.93': 6.540565267916226, 'HeI_5015.68': 2.1357423395158577, 'HeI_5047.74': 1.2611344935534223, 'HeI_5875.66': 15.66899104259077, 'Hg': 16.17262497708111}","{'Ha': 195.32099032683152, 'Hb': 46.80667692127188, 'Hd': 22.425238979072454, 'HeII_4199.83': 1.8844116578629566, 'HeII_4686': 29.884136089456288, 'HeII_5411.53': 11.372242045375323, 'HeI_4471.50': 4.960542670194746, 'HeI_4713.17': 1.7664406847252632, 'HeI_4921.93': 5.337147331434863, 'HeI_5015.68': 1.8765460320050134, 'HeI_5047.74': 1.1682979661691635, 'HeI_5875.66': 13.899110377983536, 'Hg': 16.480520498831748}","{'Ha': 194.920583575307, 'Hb': 48.42230319905118, 'Hd': 22.68635723109078, 'HeII_4199.83': 1.8853525032715162, 'HeII_4686': 30.481317229150985, 'HeII_5411.53': 11.529953559000699, 'HeI_4471.50': 5.141916390806373, 'HeI_4713.17': 1.9119526351903195, 'HeI_4921.93': 4.848087549070192, 'HeI_5015.68': 1.9106986217037163, 'HeI_5047.74': 1.1350387152567276, 'HeI_5875.66': 14.0067914455527, 'Hg': 16.866802578890162}","{'Ha': 194.8832105798466, 'Hb': 50.31999850474178, 'Hd': 23.032072728789114, 'HeII_4199.83': 1.890556789348856, 'HeII_4686': 31.034039435747097, 'HeII_5411.53': 11.691442634113503, 'HeI_4471.50': 5.67667090269066, 'HeI_4713.17': 2.3079871019921856, 'HeI_4921.93': 4.794308972859668, 'HeI_5015.68': 2.0973400944377993, 'HeI_5047.74': 1.1437315100819188, 'HeI_5875.66': 15.153599367888422, 'Hg': 17.312274927941374}","{'Ha': 194.99589673526268, 'Hb': 52.359063643026026, 'Hd': 23.417954053546698, 'HeII_4199.83': 1.8972082461097104, 'HeII_4686': 31.46102258854077, 'HeII_5411.53': 11.85010022278855, 'HeI_4471.50': 6.3971159773969415, 'HeI_4713.17': 2.7902697986882483, 'HeI_4921.93': 4.974914730895485, 'HeI_5015.68': 2.3439586228026905, 'HeI_5047.74': 1.177611281933787, 'HeI_5875.66': 16.731954797905566, 'Hg': 17.795220731116807}","{'Ha': 195.07262260096934, 'Hb': 54.44869503214975, 'Hd': 23.819064447615798, 'HeII_4199.83': 1.9048468954842372, 'HeII_4686': 31.73779415865964, 'HeII_5411.53': 12.003674370378285, 'HeI_4471.50': 7.191354277270937, 'HeI_4713.17': 3.271181163110285, 'HeI_4921.93': 5.264076785371415, 'HeI_5015.68': 2.5939452708979776, 'HeI_5047.74': 1.2190300117144701, 'HeI_5875.66': 18.294275045367662, 'Hg': 18.294938565384992}"
T30000logg4.4,"{'Ha': 202.2156026440532, 'Hb': 49.50465060302152, 'Hd': 26.37996066396148, 'HeII_4199.83': 2.2367268897066666, 'HeII_4686': 24.109678145016442, 'HeII_5411.53': 12.616099237721672, 'HeI_4471.50': 12.465571042145053, 'HeI_4713.17': 9.872676094797386, 'HeI_4921.93': 18.12214873133687, 'HeI_5015.68': 8.078655264457769, 'HeI_5047.74': 2.394868001051328, 'HeI_5875.66': 43.839068724289554, 'Hg': 18.640110103102675}","{'Ha': 198.76303699448152, 'Hb': 49.16601031260429, 'Hd': 25.959509012640908, 'HeII_4199.83': 2.164805636158612, 'HeII_4686': 23.933104278967225, 'HeII_5411.53': 12.676781420745005, 'HeI_4471.50': 9.316269220982578, 'HeI_4713.17': 5.629997228343233, 'HeI_4921.93': 12.496445396617712, 'HeI_5015.68': 4.748798724949693, 'HeI_5047.74': 1.7692222563667672, 'HeI_5875.66': 29.283442088429037, 'Hg': 18.636593474967455}","{'Ha': 196.2660744086887, 'Hb': 49.422060887917056, 'Hd': 25.826525931214753, 'HeII_4199.83': 2.1241410922807065, 'HeII_4686': 24.10528123135871, 'HeII_5411.53': 12.751378603098283, 'HeI_4471.50': 7.350142918735745, 'HeI_4713.17': 3.2668113507138643, 'HeI_4921.93': 9.014883782374454, 'HeI_5015.68': 2.992734238066391, 'HeI_5047.74': 1.4321956931196744, 'HeI_5875.66': 20.491853541775146, 'Hg': 18.752988677665787}","{'Ha': 194.7165018524074, 'Hb': 50.26263015262905, 'Hd': 25.87451254763058, 'HeII_4199.83': 2.1053753168474296, 'HeII_4686': 24.553112881430852, 'HeII_5411.53': 12.838353722585095, 'HeI_4471.50': 6.309048899055254, 'HeI_4713.17': 2.10605281139056, 'HeI_4921.93': 6.916029049556038, 'HeI_5015.68': 2.1716742110923186, 'HeI_5047.74': 1.251424477384689, 'HeI_5875.66': 15.890940174062843, 'Hg': 18.976083401816943}","{'Ha': 193.96526349848943, 'Hb': 51.58385394326894, 'Hd': 26.064487787798207, 'HeII_4199.83': 2.0959521108888937, 'HeII_4686': 25.144490573687694, 'HeII_5411.53': 12.932663317538056, 'HeI_4471.50': 5.991480746253222, 'HeI_4713.17': 1.7709907234869053, 'HeI_4921.93': 5.786527053163462, 'HeI_5015.68': 1.902920185986894, 'HeI_5047.74': 1.1619251237643775, 'HeI_5875.66': 14.227346565391189, 'Hg': 19.301814233703794}","{'Ha': 193.7642285540762, 'Hb': 53.25042768215138, 'Hd': 26.36082373344553, 'HeII_4199.83': 2.0909945567469883, 'HeII_4686': 25.76060482455831, 'HeII_5411.53': 13.030693163445779, 'HeI_4471.50': 6.1674680959582595, 'HeI_4713.17': 1.9191366084409847, 'HeI_4921.93': 5.312625049039851, 'HeI_5015.68': 1.9291233410260487, 'HeI_5047.74': 1.130424066740816, 'HeI_5875.66': 14.372141817497189, 'Hg': 19.698290726693912}","{'Ha': 193.8697961105146, 'Hb': 55.170909332703104, 'Hd': 26.72207067828213, 'HeII_4199.83': 2.0902179920520503, 'HeII_4686': 26.3218563868545, 'HeII_5411.53': 13.131397681288329, 'HeI_4471.50': 6.673363516292269, 'HeI_4713.17': 2.315982894284996, 'HeI_4921.93': 5.243448630508318, 'HeI_5015.68': 2.1101651288624406, 'HeI_5047.74': 1.1398063579824496, 'HeI_5875.66': 15.521092924439525, 'Hg': 20.147960966704883}","{'Ha': 194.08412032574222, 'Hb': 57.21121455480367, 'Hd': 27.11217982028249, 'HeII_4199.83': 2.090876271679388, 'HeII_4686': 26.76323405222828, 'HeII_5411.53': 13.230809798393254, 'HeI_4471.50': 7.355054932855222, 'HeI_4713.17': 2.7987439943474444, 'HeI_4921.93': 5.3967702426246085, 'HeI_5015.68': 2.3536125219499597, 'HeI_5047.74': 1.1736787000073998, 'HeI_5875.66': 17.085389641154435, 'Hg': 20.63007102516539}","{'Ha': 194.23885435378645, 'Hb': 59.28708723782289, 'Hd': 27.51024229744669, 'HeII_4199.83': 2.0925834977312827, 'HeII_4686': 27.07052609779583, 'HeII_5411.53': 13.327657482736969, 'HeI_4471.50': 8.10799968151873, 'HeI_4713.17': 3.2798411965024163, 'HeI_4921.93': 5.656574700110199, 'HeI_5015.68': 2.602362867486671, 'HeI_5047.74': 1.2149285867723192, 'HeI_5875.66': 18.627899010349413, 'Hg': 21.124698160299207}"
T31000logg3.2,"{'Ha': 183.72228355246153, 'Hb': 13.284564133308024, 'Hd': 6.186838940579269, 'HeII_4199.83': 1.533815931706663, 'HeII_4686': 29.15195124756052, 'HeII_5411.53': 3.708789235902598, 'HeI_4471.50': 14.735712632148678, 'HeI_4713.17': 9.567618371619668, 'HeI_4921.93': 10.982718057884387, 'HeI_5015.68': 8.832989709621659, 'HeI_5047.74': 2.4848044585284694, 'HeI_5875.66': 73.22998870040249, 'Hg': 3.1505857661732133}","{'Ha': 181.85689622812794, 'Hb': 11.60372002620882, 'Hd': 4.342935133440508, 'HeII_4199.83': 1.3460239703082764, 'HeII_4686': 26.54964269747816, 'HeII_5411.53': 2.7424882929548984, 'HeI_4471.50': 7.706181571040127, 'HeI_4713.17': 5.052539155069181, 'HeI_4921.93': 10.75261740685069, 'HeI_5015.68': 4.885100910575015, 'HeI_5047.74': 2.481836657372779, 'HeI_5875.66': 48.47926502496902, 'Hg': 2.5567245558346623}","{'Ha': 179.95623777819313, 'Hb': 10.286043976003695, 'Hd': 3.1567107222545014, 'HeII_4199.83': 1.2035965382982785, 'HeII_4686': 25.316556801766517, 'HeII_5411.53': 2.13939704647153, 'HeI_4471.50': 4.045572281413108, 'HeI_4713.17': 2.7072848695551754, 'HeI_4921.93': 10.845336220570072, 'HeI_5015.68': 2.932944750719812, 'HeI_5047.74': 2.48883827940315, 'HeI_5875.66': 33.080365245708705, 'Hg': 2.101398236643152}","{'Ha': 178.13425901120644, 'Hb': 9.578719509178839, 'Hd': 2.4490044147177, 'HeII_4199.83': 1.113157487963685, 'HeII_4686': 25.08199729427336, 'HeII_5411.53': 1.9141054659069927, 'HeI_4471.50': 2.4682006050164946, 'HeI_4713.17': 1.626421076452674, 'HeI_4921.93': 11.147577325925917, 'HeI_5015.68': 2.0761556735955575, 'HeI_5047.74': 2.501706509391087, 'HeI_5875.66': 24.428427059775448, 'Hg': 1.852653718140527}","{'Ha': 176.54343586920382, 'Hb': 9.623921379316727, 'Hd': 2.1625433167221257, 'HeII_4199.83': 1.0707089819232756, 'HeII_4686': 25.442017119284113, 'HeII_5411.53': 1.9997213109345793, 'HeI_4471.50': 2.213097106788049, 'HeI_4713.17': 1.3778341958521143, 'HeI_4921.93': 11.56927400769276, 'HeI_5015.68': 1.815501047268294, 'HeI_5047.74': 2.5167860374512716, 'HeI_5875.66': 20.427738520447942, 'Hg': 1.8381281359696127}","{'Ha': 175.24394717729956, 'Hb': 10.409285655632408, 'Hd': 2.2405815845205597, 'HeII_4199.83': 1.0646162334547495, 'HeII_4686': 26.040869708443413, 'HeII_5411.53': 2.296639473408118, 'HeI_4471.50': 2.707918415307811, 'HeI_4713.17': 1.5982890897517388, 'HeI_4921.93': 12.049141904325666, 'HeI_5015.68': 1.852216969892107, 'HeI_5047.74': 2.53309609052515, 'HeI_5875.66': 19.228032756309016, 'Hg': 2.044374355873296}","{'Ha': 174.1997496249454, 'Hb': 11.865926500975592, 'Hd': 2.5899816788648136, 'HeII_4199.83': 1.0828467298129878, 'HeII_4686': 26.64766141049371, 'HeII_5411.53': 2.7311419532856216, 'HeI_4471.50': 3.637761259575943, 'HeI_4713.17': 2.0486248032016667, 'HeI_4921.93': 12.543019296083806, 'HeI_5015.68': 2.0506339261836652, 'HeI_5047.74': 2.550964036435846, 'HeI_5875.66': 19.57741244141202, 'Hg': 2.4432031547926965}","{'Ha': 173.3675184562928, 'Hb': 13.84623609804731, 'Hd': 3.110900699367016, 'HeII_4199.83': 1.1151689682649084, 'HeII_4686': 27.119004247883236, 'HeII_5411.53': 3.2335229194106856, 'HeI_4471.50': 4.728887960264649, 'HeI_4713.17': 2.568032961076734, 'HeI_4921.93': 12.996155174643954, 'HeI_5015.68': 2.307982941226041, 'HeI_5047.74': 2.568995665259105, 'HeI_5875.66': 20.678564415641073, 'Hg': 2.991648870156314}","{'Ha': 172.63555666084207, 'Hb': 16.19811339989462, 'Hd': 3.730164630253314, 'HeII_4199.83': 1.1549767635855261, 'HeII_4686': 27.41066099225681, 'HeII_5411.53': 3.757694953193995, 'HeI_4471.50': 5.832970575133954, 'HeI_4713.17': 3.0788552199916075, 'HeI_4921.93': 13.39653594351394, 'HeI_5015.68': 2.5633177779112013, 'HeI_5047.74': 2.5854595286601953, 'HeI_5875.66': 21.903259066590994, 'Hg': 3.6432840209071786}"
T31000logg3.4,"{'Ha': 183.71257244395937, 'Hb': 14.572604202379841, 'Hd': 9.10248207083969, 'HeII_4199.83': 0.935995709340613, 'HeII_4686': 55.36763476034661, 'HeII_5411.53': 2.246863954667725, 'HeI_4471.50': 14.06277771886671, 'HeI_4713.17': 11.539570831021738, 'HeI_4921.93': 9.1351656303973, 'HeI_5015.68': 8.826578219353312, 'HeI_5047.74': 1.9048187542174455, 'HeI_5875.66': 66.15485722968106, 'Hg': 3.1486810916018184}","{'Ha': 181.8219248783872, 'Hb': 13.692139674304423, 'Hd': 6.923380463859514, 'HeII_4199.83': 0.909396361865812, 'HeII_4686': 51.056476228105716, 'HeII_5411.53': 2.168848038929476, 'HeI_4471.50': 7.6455019809023055, 'HeI_4713.17': 6.321452913489084, 'HeI_4921.93': 4.834959956288542, 'HeI_5015.68': 4.9593629896125755, 'HeI_5047.74': 1.6743483770700935, 'HeI_5875.66': 43.841809546093266, 'Hg': 2.849717198375854}","{'Ha': 179.9898891259389, 'Hb': 13.163963797398669, 'Hd': 5.616465101219241, 'HeII_4199.83': 0.8979809457557654, 'HeII_4686': 48.338070829503245, 'HeII_5411.53': 2.2601281774199786, 'HeI_4471.50': 4.088241050732458, 'HeI_4713.17': 3.5105472011390244, 'HeI_4921.93': 2.6631098650753593, 'HeI_5015.68': 3.008561785218558, 'HeI_5047.74': 1.5710110651607228, 'HeI_5875.66': 29.889387880134276, 'Hg': 2.6533350297502896}","{'Ha': 178.37464962893034, 'Hb': 13.17092390746265, 'Hd': 4.8669107878914755, 'HeII_4199.83': 0.9052519764654392, 'HeII_4686': 46.95759617499805, 'HeII_5411.53': 2.5174983174422887, 'HeI_4471.50': 2.4475445619867346, 'HeI_4713.17': 2.1320438484881628, 'HeI_4921.93': 1.8045366160212992, 'HeI_5015.68': 2.129132343517749, 'HeI_5047.74': 1.5351831563352767, 'HeI_5875.66': 22.09832619706491, 'Hg': 2.610612022769002}","{'Ha': 177.10932683116548, 'Hb': 13.789328145026463, 'Hd': 4.54599331117534, 'HeII_4199.83': 0.9285501863463334, 'HeII_4686': 46.48900552939719, 'HeII_5411.53': 2.9018568808091487, 'HeI_4471.50': 2.0878249783085874, 'HeI_4713.17': 1.7035521596787064, 'HeI_4921.93': 1.7812711140345268, 'HeI_5015.68': 1.8494635006023175, 'HeI_5047.74': 1.5352570617682633, 'HeI_5875.66': 18.5969503251046, 'Hg': 2.7433559095570406}","{'Ha': 176.2020189274485, 'Hb': 14.977241520090633, 'Hd': 4.5743607540373645, 'HeII_4199.83': 0.96359439649788, 'HeII_4686': 46.47750829418162, 'HeII_5411.53': 3.365886854440659, 'HeI_4471.50': 2.480793488043512, 'HeI_4713.17': 1.8182250572720136, 'HeI_4921.93': 2.244456646127733, 'HeI_5015.68': 1.8761965216156777, 'HeI_5047.74': 1.5573699782725083, 'HeI_5875.66': 17.68987193217286, 'Hg': 3.0369546758417316}","{'Ha': 175.55834746991485, 'Hb': 16.669213105748415, 'Hd': 4.849587889907382, 'HeII_4199.83': 1.0078013046671854, 'HeII_4686': 46.59726854913325, 'HeII_5411.53': 3.8802996165378603, 'HeI_4471.50': 3.3176967485380113, 'HeI_4713.17': 2.207051507633308, 'HeI_4921.93': 2.9540158597616015, 'HeI_5015.68': 2.0651082205812235, 'HeI_5047.74': 1.5964226856311843, 'HeI_5875.66': 18.219307283610874, 'Hg': 3.470919241192789}","{'Ha': 175.08023870983777, 'Hb': 18.7303689743981, 'Hd': 5.277933661767179, 'HeII_4199.83': 1.0560479532399822, 'HeII_4686': 46.658021395777816, 'HeII_5411.53': 4.406166562341156, 'HeI_4471.50': 4.338623958043286, 'HeI_4713.17': 2.6911918893848896, 'HeI_4921.93': 3.7149392145265434, 'HeI_5015.68': 2.316413502838922, 'HeI_5047.74': 1.6441493044139392, 'HeI_5875.66': 19.432085534861226, 'Hg': 4.012660255083723}","{'Ha': 174.63424138052423, 'Hb': 21.04135319281369, 'Hd': 5.797737415698056, 'HeII_4199.83': 1.1053598201951176, 'HeII_4686': 46.56548460551053, 'HeII_5411.53': 4.922408421894615, 'HeI_4471.50': 5.395084160654382, 'HeI_4713.17': 3.1781896607351947, 'HeI_4921.93': 4.442683277121067, 'HeI_5015.68': 2.5690513502621344, 'HeI_5047.74': 1.6911388850970384, 'HeI_5875.66': 20.741308504330206, 'Hg': 4.627900791728347}"
T31000logg3.6,"{'Ha': 179.8460039514681, 'Hb': 19.827156321811145, 'Hd': 12.56063940788748, 'HeII_4199.83': 0.9317000862098443, 'HeII_4686': 53.13080609038819, 'HeII_5411.53': 3.859095727704505, 'HeI_4471.50': 12.93648056491793, 'HeI_4713.17': 11.13316150723422, 'HeI_4921.93': 17.4500492221786, 'HeI_5015.68': 8.77295067990927, 'HeI_5047.74': 2.2560781898578828, 'HeI_5875.66': 56.250221545531694, 'Hg': 4.895018880922934}","{'Ha': 177.66659714151805, 'Hb': 19.233724070470675, 'Hd': 10.380890909523144, 'HeII_4199.83': 0.9252259593416817, 'HeII_4686': 49.79642916552373, 'HeII_5411.53': 4.014403085971266, 'HeI_4471.50': 7.398586350520097, 'HeI_4713.17': 6.15262815530191, 'HeI_4921.93': 9.808688464360007, 'HeI_5015.68': 4.981030670299549, 'HeI_5047.74': 1.7134175049460219, 'HeI_5875.66': 36.80695813645719, 'Hg': 4.720346313212952}","{'Ha': 175.7785939048847, 'Hb': 19.04158238399036, 'Hd': 9.120422980076471, 'HeII_4199.83': 0.9337684375876526, 'HeII_4686': 47.76068034799791, 'HeII_5411.53': 4.260317122774986, 'HeI_4471.50': 4.188366618642174, 'HeI_4713.17': 3.4513128917702742, 'HeI_4921.93': 5.453755629022292, 'HeI_5015.68': 3.0441920271395073, 'HeI_5047.74': 1.435498318898417, 'HeI_5875.66': 24.82375837066555, 'Hg': 4.643280836262924}","{'Ha': 174.32536637099128, 'Hb': 19.37866273824939, 'Hd': 8.416635041783541, 'HeII_4199.83': 0.95694092757002, 'HeII_4686': 46.80758995776314, 'HeII_5411.53': 4.590638295761653, 'HeI_4471.50': 2.639291170969029, 'HeI_4713.17': 2.1288164290913536, 'HeI_4921.93': 3.146171481335654, 'HeI_5015.68': 2.1589175646571728, 'HeI_5047.74': 1.2967249380078774, 'HeI_5875.66': 18.3145777330273, 'Hg': 4.696760062481314}","{'Ha': 173.35875817514628, 'Hb': 20.260822072688082, 'Hd': 8.114629807912218, 'HeII_4199.83': 0.98910272599512, 'HeII_4686': 46.582920963149206, 'HeII_5411.53': 4.97923254035508, 'HeI_4471.50': 2.255778893131264, 'HeI_4713.17': 1.7261124645731847, 'HeI_4921.93': 2.1873933960579754, 'HeI_5015.68': 1.8716711320207642, 'HeI_5047.74': 1.2357752408783602, 'HeI_5875.66': 15.60598829396363, 'Hg': 4.893808076584042}","{'Ha': 172.80426678465497, 'Hb': 21.61737800296797, 'Hd': 8.129185280571482, 'HeII_4199.83': 1.026478226925262, 'HeII_4686': 46.71030343343094, 'HeII_5411.53': 5.40038381625404, 'HeI_4471.50': 2.5839702879511375, 'HeI_4713.17': 1.8515350466731306, 'HeI_4921.93': 2.0541034408564944, 'HeI_5015.68': 1.8939049191275832, 'HeI_5047.74': 1.2232176686228744, 'HeI_5875.66': 15.195494096435368, 'Hg': 5.216664279784921}","{'Ha': 172.52007161502772, 'Hb': 23.379064779888235, 'Hd': 8.358632901569587, 'HeII_4199.83': 1.0688962520491294, 'HeII_4686': 46.91817935782311, 'HeII_5411.53': 5.8419954479799, 'HeI_4471.50': 3.3430106926076086, 'HeI_4713.17': 2.244610121826885, 'HeI_4921.93': 2.3772876352233885, 'HeI_5015.68': 2.0781956564650823, 'HeI_5047.74': 1.2454196640031423, 'HeI_5875.66': 16.05221050230361, 'Hg': 5.648537441785448}","{'Ha': 172.37308405058994, 'Hb': 25.41768812346046, 'Hd': 8.719409594216609, 'HeII_4199.83': 1.1128041635841188, 'HeII_4686': 47.043051520106715, 'HeII_5411.53': 6.280288742936392, 'HeI_4471.50': 4.294965777500626, 'HeI_4713.17': 2.729875126651238, 'HeI_4921.93': 2.8919550561655893, 'HeI_5015.68': 2.3261794774441147, 'HeI_5047.74': 1.2879354027957328, 'HeI_5875.66': 17.478940420529543, 'Hg': 6.163170523463438}","{'Ha': 172.21873000332064, 'Hb': 27.63238553213268, 'Hd': 9.160791713917085, 'HeII_4199.83': 1.1566256554598835, 'HeII_4686': 47.00826528659331, 'HeII_5411.53': 6.7044409726966725, 'HeI_4471.50': 5.2983302929967415, 'HeI_4713.17': 3.2162850988858502, 'HeI_4921.93': 3.456965938845318, 'HeI_5015.68': 2.577104270509804, 'HeI_5047.74': 1.3348618012141644, 'HeI_5875.66': 18.950013915136193, 'Hg': 6.733211775902327}"
T31000logg3.8,"{'Ha': 189.9329121269416, 'Hb': 26.595885881709016, 'Hd': 14.206944497486019, 'HeII_4199.83': 1.218638349747582, 'HeII_4686': 46.29848556421832, 'HeII_5411.53': 6.270924561411327, 'HeI_4471.50': 12.099758249540555, 'HeI_4713.17': 10.612601905454445, 'HeI_4921.93': 19.332693925131167, 'HeI_5015.68': 8.455419327858563, 'HeI_5047.74': 2.4136292996969546, 'HeI_5875.66': 51.69671407173053, 'Hg': 7.268034750413651}","{'Ha': 187.30354965664526, 'Hb': 26.069639154967874, 'Hd': 12.575558190525554, 'HeII_4199.83': 1.2017185629196174, 'HeII_4686': 43.756134289359096, 'HeII_5411.53': 6.445832472348884, 'HeI_4471.50': 7.326139725081003, 'HeI_4713.17': 5.89312575507344, 'HeI_4921.93': 11.582308424651726, 'HeI_5015.68': 4.832565118964302, 'HeI_5047.74': 1.7797499286220533, 'HeI_5875.66': 33.822357042764786, 'Hg': 7.150158430261613}","{'Ha': 185.11480292821034, 'Hb': 25.999475418979912, 'Hd': 11.674060939807068, 'HeII_4199.83': 1.2031734266389824, 'HeII_4686': 42.318458325898966, 'HeII_5411.53': 6.681957399898485, 'HeI_4471.50': 4.473444119653707, 'HeI_4713.17': 3.3249277134509856, 'HeI_4921.93': 7.011295775677544, 'HeI_5015.68': 2.9714674541269384, 'HeI_5047.74': 1.447164112672034, 'HeI_5875.66': 22.877251584240355, 'Hg': 7.137167647640419}","{'Ha': 183.50350727952735, 'Hb': 26.47656448914396, 'Hd': 11.213854982136716, 'HeII_4199.83': 1.220085825875731, 'HeII_4686': 41.78847694575244, 'HeII_5411.53': 6.97238119606204, 'HeI_4471.50': 3.0546909697692173, 'HeI_4713.17': 2.0747561456637573, 'HeI_4921.93': 4.455730214775351, 'HeI_5015.68': 2.1210214324324053, 'HeI_5047.74': 1.2738213903396223, 'HeI_5875.66': 17.010952556195814, 'Hg': 7.246451653261384}","{'Ha': 182.48073163274157, 'Hb': 27.478538674960422, 'Hd': 11.07300170525458, 'HeII_4199.83': 1.2446455460346137, 'HeII_4686': 41.85049979554124, 'HeII_5411.53': 7.29677609274719, 'HeI_4471.50': 2.681452602800986, 'HeI_4713.17': 1.7082887074024327, 'HeI_4921.93': 3.2555571969054515, 'HeI_5015.68': 1.8505942186297655, 'HeI_5047.74': 1.1909126544577795, 'HeI_5875.66': 14.676225568426592, 'Hg': 7.483955573241644}","{'Ha': 181.92108571696025, 'Hb': 28.912639886356192, 'Hd': 11.180361194228738, 'HeII_4199.83': 1.2728185006554928, 'HeII_4686': 42.18022086625677, 'HeII_5411.53': 7.637479341517182, 'HeI_4471.50': 2.9675204301229843, 'HeI_4713.17': 1.8508427276221495, 'HeI_4921.93': 2.908703076454252, 'HeI_5015.68': 1.8821810734948046, 'HeI_5047.74': 1.16456558865063, 'HeI_5875.66': 14.483156546181304, 'Hg': 7.827508957974783}","{'Ha': 181.64851253866456, 'Hb': 30.701444426314936, 'Hd': 11.452732343566925, 'HeII_4199.83': 1.3048747338552098, 'HeII_4686': 42.54805175129222, 'HeII_5411.53': 7.987629959806749, 'HeI_4471.50': 3.6630003453839133, 'HeI_4713.17': 2.2518036778592183, 'HeI_4921.93': 3.05002483744855, 'HeI_5015.68': 2.070969219043915, 'HeI_5047.74': 1.1783490233397012, 'HeI_5875.66': 15.470791615459623, 'Hg': 8.260730831028477}","{'Ha': 181.51235234684657, 'Hb': 32.7160970760047, 'Hd': 11.82358536009887, 'HeII_4199.83': 1.337786867862391, 'HeII_4686': 42.81007092355431, 'HeII_5411.53': 8.330723641566887, 'HeI_4471.50': 4.55181639317385, 'HeI_4713.17': 2.740320991594149, 'HeI_4921.93': 3.421209595832009, 'HeI_5015.68': 2.3212240621622797, 'HeI_5047.74': 1.2160916967578206, 'HeI_5875.66': 16.973892328895023, 'Hg': 8.759979551448001}","{'Ha': 181.35861873031592, 'Hb': 34.86248930231623, 'Hd': 12.253033796334234, 'HeII_4199.83': 1.370530457179946, 'HeII_4686': 42.90579146162221, 'HeII_5411.53': 8.660351670249522, 'HeI_4471.50': 5.501333623445821, 'HeI_4713.17': 3.2277966735441534, 'HeI_4921.93': 3.875371045118252, 'HeI_5015.68': 2.574001401281679, 'HeI_5047.74': 1.2602686736473687, 'HeI_5875.66': 18.49680602090424, 'Hg': 9.301216972464049}"
T31000logg4.0,"{'Ha': 192.87243237423635, 'Hb': 32.22851244992174, 'Hd': 16.86606319144092, 'HeII_4199.83': 1.2681010936201678, 'HeII_4686': 48.80037549747275, 'HeII_5411.53': 6.107554715858495, 'HeI_4471.50': 11.083028424626608, 'HeI_4713.17': 9.557638027897703, 'HeI_4921.93': 18.40111597752043, 'HeI_5015.68': 7.620103691686144, 'HeI_5047.74': 2.3455756080306895, 'HeI_5875.66': 47.07558609870906, 'Hg': 9.959772169296013}","{'Ha': 189.93402907385843, 'Hb': 31.802707443185067, 'Hd': 15.66151275122304, 'HeII_4199.83': 1.2399794315033166, 'HeII_4686': 46.969025232939735, 'HeII_5411.53': 6.264864227989761, 'HeI_4471.50': 7.09914361187826, 'HeI_4713.17': 5.30297211816499, 'HeI_4921.93': 11.403340360086165, 'HeI_5015.68': 4.342826657855894, 'HeI_5047.74': 1.7473665019856675, 'HeI_5875.66': 30.705878011562852, 'Hg': 9.89847397509451}","{'Ha': 187.625013705241, 'Hb': 31.910294672272343, 'Hd': 15.05569741282349, 'HeII_4199.83': 1.23213803212422, 'HeII_4686': 45.90672239591572, 'HeII_5411.53': 6.466331250358863, 'HeI_4471.50': 4.686120588084073, 'HeI_4713.17': 2.9924858664660454, 'HeI_4921.93': 7.21338746243108, 'HeI_5015.68': 2.672556607555652, 'HeI_5047.74': 1.4337257838498576, 'HeI_5875.66': 20.803536572892398, 'Hg': 9.954781971384168}","{'Ha': 186.05261480056961, 'Hb': 32.6013385889684, 'Hd': 14.812720473708083, 'HeII_4199.83': 1.2405082047525344, 'HeII_4686': 45.512152460634745, 'HeII_5411.53': 6.709390046148106, 'HeI_4471.50': 3.474295947456832, 'HeI_4713.17': 1.8908035199872353, 'HeI_4921.93': 4.827270229859979, 'HeI_5015.68': 1.9314937530745024, 'HeI_5047.74': 1.27119271731181, 'HeI_5875.66': 15.59492755464212, 'Hg': 10.133452377023254}","{'Ha': 185.16533408876273, 'Hb': 33.80898123873751, 'Hd': 14.831417775339728, 'HeII_4199.83': 1.2564929292300742, 'HeII_4686': 45.56488001417883, 'HeII_5411.53': 6.9810148414376485, 'HeI_4471.50': 3.1638003859806996, 'HeI_4713.17': 1.6044644854951968, 'HeI_4921.93': 3.672767925177382, 'HeI_5015.68': 1.7239984188633088, 'HeI_5047.74': 1.1947080924498117, 'HeI_5875.66': 13.644663626115427, 'Hg': 10.430426786602432}","{'Ha': 184.78181093757175, 'Hb': 35.413246443846056, 'Hd': 15.047402064376175, 'HeII_4199.83': 1.2759809843798613, 'HeII_4686': 45.81764393891424, 'HeII_5411.53': 7.269702520019345, 'HeI_4471.50': 3.439073794469623, 'HeI_4713.17': 1.7886806795750492, 'HeI_4921.93': 3.310014980462399, 'HeI_5015.68': 1.7931795870824891, 'HeI_5047.74': 1.172197618111298, 'HeI_5875.66': 13.676278670343267, 'Hg': 10.817393069913477}","{'Ha': 184.69629568122002, 'Hb': 37.32617287936252, 'Hd': 15.38998144278043, 'HeII_4199.83': 1.2993420992894336, 'HeII_4686': 46.08591954610385, 'HeII_5411.53': 7.571785710334925, 'HeI_4471.50': 4.088122447071925, 'HeI_4713.17': 2.2111258787706167, 'HeI_4921.93': 3.409648937095423, 'HeI_5015.68': 2.005190111706145, 'HeI_5047.74': 1.188067937316697, 'HeI_5875.66': 14.800260957808453, 'Hg': 11.276610423040056}","{'Ha': 184.73637207758688, 'Hb': 39.41193377852955, 'Hd': 15.802349539607476, 'HeII_4199.83': 1.3239479695654577, 'HeII_4686': 46.25056807087695, 'HeII_5411.53': 7.873828578004066, 'HeI_4471.50': 4.920136336822991, 'HeI_4713.17': 2.710330592542176, 'HeI_4921.93': 3.7357482614009987, 'HeI_5015.68': 2.269964382512733, 'HeI_5047.74': 1.2267154523334083, 'HeI_5875.66': 16.383201374091133, 'Hg': 11.784551214051069}","{'Ha': 184.74010098003208, 'Hb': 41.57951206581976, 'Hd': 16.251012491159653, 'HeII_4199.83': 1.3491496197273707, 'HeII_4686': 46.25903264637968, 'HeII_5411.53': 8.170308497504355, 'HeI_4471.50': 5.815135927106727, 'HeI_4713.17': 3.2035132149977046, 'HeI_4921.93': 4.150716710225744, 'HeI_5015.68': 2.533016032538556, 'HeI_5047.74': 1.2713363633809986, 'HeI_5875.66': 17.960764945785815, 'Hg': 12.319013454854101}"
T31000logg4.2,"{'Ha': 198.4614953543235, 'Hb': 41.70257889258451, 'Hd': 21.459215311093736, 'HeII_4199.83': 1.6495706945195767, 'HeII_4686': 40.988087447850845, 'HeII_5411.53': 8.351030650167592, 'HeI_4471.50': 11.642833140365148, 'HeI_4713.17': 9.728267250729667, 'HeI_4921.93': 16.84970272392809, 'HeI_5015.68': 7.425817025355612, 'HeI_5047.74': 2.3169396775697435, 'HeI_5875.66': 45.6636427484775, 'Hg': 14.071025642066822}","{'Ha': 195.8127042664687, 'Hb': 41.42219568113065, 'Hd': 20.561545119153724, 'HeII_4199.83': 1.604259015914448, 'HeII_4686': 39.60884497630126, 'HeII_5411.53': 8.48811006243368, 'HeI_4471.50': 8.117815075945147, 'HeI_4713.17': 5.467909276146751, 'HeI_4921.93': 10.986263213394318, 'HeI_5015.68': 4.282848487414957, 'HeI_5047.74': 1.7310368891093044, 'HeI_5875.66': 30.190943847046398, 'Hg': 14.060850481839687}","{'Ha': 193.79204513695967, 'Hb': 41.676907510058, 'Hd': 20.151823798191156, 'HeII_4199.83': 1.583345350621571, 'HeII_4686': 38.940357647600464, 'HeII_5411.53': 8.661261734652848, 'HeI_4471.50': 5.9225329019289745, 'HeI_4713.17': 3.1299765795226357, 'HeI_4921.93': 7.3820566153884055, 'HeI_5015.68': 2.6654678679608743, 'HeI_5047.74': 1.4206781788788807, 'HeI_5875.66': 20.80513074924658, 'Hg': 14.163813604239046}","{'Ha': 192.47183786410108, 'Hb': 42.48125211855032, 'Hd': 20.03280900867303, 'HeII_4199.83': 1.5808083649362508, 'HeII_4686': 38.860270813615394, 'HeII_5411.53': 8.866556832374739, 'HeI_4471.50': 4.771540993286774, 'HeI_4713.17': 2.0000111705341634, 'HeI_4921.93': 5.275910679910076, 'HeI_5015.68': 1.9432317986652756, 'HeI_5047.74': 1.2584619404018305, 'HeI_5875.66': 15.865395502504988, 'Hg': 14.37381150488782}","{'Ha': 191.77820800528227, 'Hb': 43.750571687273094, 'Hd': 20.124094879514093, 'HeII_4199.83': 1.5864058479055738, 'HeII_4686': 39.150366684584235, 'HeII_5411.53': 9.091715962595861, 'HeI_4471.50': 4.430459330646867, 'HeI_4713.17': 1.6902280416111748, 'HeI_4921.93': 4.224084374009238, 'HeI_5015.68': 1.7409777351035793, 'HeI_5047.74': 1.1815991279232974, 'HeI_5875.66': 14.034113183680473, 'Hg': 14.685660922700507}","{'Ha': 191.5314915850267, 'Hb': 45.36329114528618, 'Hd': 20.37226691790106, 'HeII_4199.83': 1.5957011921680038, 'HeII_4686': 39.58677899268088, 'HeII_5411.53': 9.326782301370693, 'HeI_4471.50': 4.6332782504396555, 'HeI_4713.17': 1.8566865250143794, 'HeI_4921.93': 3.8696521041184737, 'HeI_5015.68': 1.8105823011042776, 'HeI_5047.74': 1.1585753479150973, 'HeI_5875.66': 14.105518530276836, 'Hg': 15.070755933158267}","{'Ha': 191.53563478191293, 'Hb': 47.23605819655937, 'Hd': 20.718077983225367, 'HeII_4199.83': 1.6088560743011986, 'HeII_4686': 40.009069237265564, 'HeII_5411.53': 9.568594180319032, 'HeI_4471.50': 5.19316494296755, 'HeI_4713.17': 2.2661138465675754, 'HeI_4921.93': 3.9346618709559973, 'HeI_5015.68': 2.0202166736625284, 'HeI_5047.74': 1.1737476471937611, 'HeI_5875.66': 15.229990232068152, 'Hg': 15.51325171093817}","{'Ha': 191.62707404467864, 'Hb': 49.24182058231158, 'Hd': 21.11376692398554, 'HeII_4199.83': 1.6232507841525599, 'HeII_4686': 40.31054148214174, 'HeII_5411.53': 9.806865959012406, 'HeI_4471.50': 5.938564414692839, 'HeI_4713.17': 2.7566184069799475, 'HeI_4921.93': 4.21572391118773, 'HeI_5015.68': 2.282000351849608, 'HeI_5047.74': 1.21158045636641, 'HeI_5875.66': 16.7957345513024, 'Hg': 15.992989401903547}","{'Ha': 191.6578799675555, 'Hb': 51.299371164647475, 'Hd': 21.531748625591103, 'HeII_4199.83': 1.6383662079573544, 'HeII_4686': 40.45047598387199, 'HeII_5411.53': 10.0378674401136, 'HeI_4471.50': 6.756221317549428, 'HeI_4713.17': 3.2431108725158246, 'HeI_4921.93': 4.589495519408292, 'HeI_5015.68': 2.5427673477426134, 'HeI_5047.74': 1.2556017334654725, 'HeI_5875.66': 18.35030686903164, 'Hg': 16.49074843485285}"
T31000logg4.4,"{'Ha': 209.34253943789432, 'Hb': 49.97673642728115, 'Hd': 26.35523206837211, 'HeII_4199.83': 1.9324881833527074, 'HeII_4686': 34.47219061275345, 'HeII_5411.53': 10.008178477293255, 'HeI_4471.50': 11.95805644418939, 'HeI_4713.17': 9.355926055355908, 'HeI_4921.93': 18.455358572609992, 'HeI_5015.68': 7.64785802171678, 'HeI_5047.74': 2.32961903883753, 'HeI_5875.66': 42.81434989827553, 'Hg': 18.19455532698768}","{'Ha': 205.95220742233278, 'Hb': 49.685701797607734, 'Hd': 25.741976421222432, 'HeII_4199.83': 1.8754184051580363, 'HeII_4686': 33.74251879139614, 'HeII_5411.53': 10.110588537774905, 'HeI_4471.50': 8.888769160986282, 'HeI_4713.17': 5.307032067711657, 'HeI_4921.93': 12.636820343311035, 'HeI_5015.68': 4.455858868607134, 'HeI_5047.74': 1.736256225154662, 'HeI_5875.66': 28.544713055544317, 'Hg': 18.199289049146035}","{'Ha': 203.43495186930048, 'Hb': 49.95909586870881, 'Hd': 25.502753946571005, 'HeII_4199.83': 1.8452161452000135, 'HeII_4686': 33.50313755639914, 'HeII_5411.53': 10.238496945654383, 'HeI_4471.50': 6.965126104146618, 'HeI_4713.17': 3.0700139566416085, 'HeI_4921.93': 8.991105502355039, 'HeI_5015.68': 2.7904986565024346, 'HeI_5047.74': 1.4188576134493076, 'HeI_5875.66': 19.935072879202558, 'Hg': 18.317451254866018}","{'Ha': 201.82737884546512, 'Hb': 50.79829768893695, 'Hd': 25.490021336701485, 'HeII_4199.83': 1.834542341585419, 'HeII_4686': 33.685421181412224, 'HeII_5411.53': 10.389367794202903, 'HeI_4471.50': 5.950242002371778, 'HeI_4713.17': 1.9890937357141258, 'HeI_4921.93': 6.783014846643906, 'HeI_5015.68': 2.0297902308550175, 'HeI_5047.74': 1.2509293921892723, 'HeI_5875.66': 15.450459241964436, 'Hg': 18.53992731637063}","{'Ha': 201.00221939217667, 'Hb': 52.10484524727532, 'Hd': 25.646046503239635, 'HeII_4199.83': 1.8322555127501776, 'HeII_4686': 34.125275410475346, 'HeII_5411.53': 10.554855606787891, 'HeI_4471.50': 5.651592802530983, 'HeI_4713.17': 1.6997085617045073, 'HeI_4921.93': 5.600097978847142, 'HeI_5015.68': 1.8004257474789964, 'HeI_5047.74': 1.1699053383809976, 'HeI_5875.66': 13.860165981896708, 'Hg': 18.86057838802646}","{'Ha': 200.7209697397799, 'Hb': 53.74672888718377, 'Hd': 25.926962468382023, 'HeII_4199.83': 1.8337182661726086, 'HeII_4686': 34.65279221802476, 'HeII_5411.53': 10.72830782856096, 'HeI_4471.50': 5.842537763243098, 'HeI_4713.17': 1.8724401961692168, 'HeI_4921.93': 5.109702340179679, 'HeI_5015.68': 1.851982917785913, 'HeI_5047.74': 1.1439612830312693, 'HeI_5875.66': 14.05257556672068, 'Hg': 19.249056176675655}","{'Ha': 200.743485578868, 'Hb': 55.63434183675451, 'Hd': 26.28393431539493, 'HeII_4199.83': 1.8388711545884846, 'HeII_4686': 35.147874353015965, 'HeII_5411.53': 10.90776840787714, 'HeI_4471.50': 6.360103821180343, 'HeI_4713.17': 2.2820448775845428, 'HeI_4921.93': 5.044894783470646, 'HeI_5015.68': 2.049639859958667, 'HeI_5047.74': 1.156998569912492, 'HeI_5875.66': 15.23464345914257, 'Hg': 19.688771505650895}","{'Ha': 200.87568841343776, 'Hb': 57.63729791972488, 'Hd': 26.676405264504396, 'HeII_4199.83': 1.8452289177576426, 'HeII_4686': 35.52160928875867, 'HeII_5411.53': 11.08581293546425, 'HeI_4471.50': 7.050765463035853, 'HeI_4713.17': 2.7707556014832972, 'HeI_4921.93': 5.213225004456747, 'HeI_5015.68': 2.3037450404402446, 'HeI_5047.74': 1.193255545939525, 'HeI_5875.66': 16.82226131357577, 'Hg': 20.159690698167953}","{'Ha': 200.94919253787765, 'Hb': 59.67384004120396, 'Hd': 27.080609725200613, 'HeII_4199.83': 1.8524454565332429, 'HeII_4686': 35.74321260088276, 'HeII_5411.53': 11.25979747772578, 'HeI_4471.50': 7.811082513438507, 'HeI_4713.17': 3.254861516290411, 'HeI_4921.93': 5.492232017926015, 'HeI_5015.68': 2.559850443029374, 'HeI_5047.74': 1.236160390294115, 'HeI_5875.66': 18.38437857560716, 'Hg': 20.642661867172247}"
T32000logg3.4,"{'Ha': 200.27575034530096, 'Hb': 15.843788664431331, 'Hd': 6.240687778237525, 'HeII_4199.83': 1.3178660755340152, 'HeII_4686': 53.8146955609019, 'HeII_5411.53': 2.9509578346121397, 'HeI_4471.50': 14.438006858920925, 'HeI_4713.17': 10.37860367917809, 'HeI_4921.93': 7.05186371566898, 'HeI_5015.68': 8.6614365360522, 'HeI_5047.74': 2.104590990724337, 'HeI_5875.66': 71.15158399566644, 'Hg': 3.221764437942172}","{'Ha': 198.67056717595997, 'Hb': 14.92848520803094, 'Hd': 4.794667649880136, 'HeII_4199.83': 1.2127304210512482, 'HeII_4686': 49.43520188494013, 'HeII_5411.53': 2.3282347404792363, 'HeI_4471.50': 7.704408153203463, 'HeI_4713.17': 5.572102501987454, 'HeI_4921.93': 5.91303503342392, 'HeI_5015.68': 4.812235732296247, 'HeI_5047.74': 2.062298363189059, 'HeI_5875.66': 47.38968937165579, 'Hg': 2.8794719434937726}","{'Ha': 196.96380763984885, 'Hb': 14.29130071748144, 'Hd': 3.9018487411222442, 'HeII_4199.83': 1.1285764048910019, 'HeII_4686': 46.683685421201304, 'HeII_5411.53': 1.9655551990737872, 'HeI_4471.50': 4.065651923693252, 'HeI_4713.17': 3.0335952500676253, 'HeI_4921.93': 5.567455406928002, 'HeI_5015.68': 2.9000549645470275, 'HeI_5047.74': 2.0549018927498124, 'HeI_5875.66': 32.48123694153066, 'Hg': 2.635147552559553}","{'Ha': 195.26213874257087, 'Hb': 14.120337752410434, 'Hd': 3.399346715436833, 'HeII_4199.83': 1.0735603806345342, 'HeII_4686': 45.28606549817077, 'HeII_5411.53': 1.8820142525595447, 'HeI_4471.50': 2.427977765511705, 'HeI_4713.17': 1.8293988162735093, 'HeI_4921.93': 5.728525231184428, 'HeI_5015.68': 2.057917060019042, 'HeI_5047.74': 2.066864321865915, 'HeI_5875.66': 24.079326340002176, 'Hg': 2.5424556134593326}","{'Ha': 193.72217128477584, 'Hb': 14.524640637899497, 'Hd': 3.235500908867138, 'HeII_4199.83': 1.0481237445593607, 'HeII_4686': 44.80728397930608, 'HeII_5411.53': 2.0353185346961338, 'HeI_4471.50': 2.099123146962335, 'HeI_4713.17': 1.506819291528251, 'HeI_4921.93': 6.1998208813489555, 'HeI_5015.68': 1.8034807563148334, 'HeI_5047.74': 2.0879283543654923, 'HeI_5875.66': 20.202939679572037, 'Hg': 2.6263405878852693}","{'Ha': 192.40687855103994, 'Hb': 15.494277240867502, 'Hd': 3.3624960019984202, 'HeII_4199.83': 1.0469920275515618, 'HeII_4686': 44.78715091334085, 'HeII_5411.53': 2.354137367496465, 'HeI_4471.50': 2.5287804741803894, 'HeI_4713.17': 1.684587770910762, 'HeI_4921.93': 6.838244584333678, 'HeI_5015.68': 1.8443109403334739, 'HeI_5047.74': 2.1144105282771988, 'HeI_5875.66': 19.060779469038057, 'Hg': 2.8774607335961093}","{'Ha': 191.27453817875084, 'Hb': 16.98369378443273, 'Hd': 3.705838961628587, 'HeII_4199.83': 1.0637323507745755, 'HeII_4686': 44.897569989434295, 'HeII_5411.53': 2.784281509852734, 'HeI_4471.50': 3.4031334273225693, 'HeI_4713.17': 2.110686746381681, 'HeI_4921.93': 7.544805362999628, 'HeI_5015.68': 2.0439907328069937, 'HeI_5047.74': 2.145889984659414, 'HeI_5875.66': 19.43339817539745, 'Hg': 3.2772394312668762}","{'Ha': 190.28619457687088, 'Hb': 18.876029310714507, 'Hd': 4.186114577435597, 'HeII_4199.83': 1.0914696598677875, 'HeII_4686': 44.94885649952018, 'HeII_5411.53': 3.2694563557089418, 'HeI_4471.50': 4.4540363695087155, 'HeI_4713.17': 2.6165984101237107, 'HeI_4921.93': 8.2185886569669, 'HeI_5015.68': 2.3021210865191866, 'HeI_5047.74': 2.179056588492801, 'HeI_5875.66': 20.542082547519406, 'Hg': 3.7937925145954754}","{'Ha': 189.34077987035246, 'Hb': 21.056600636518898, 'Hd': 4.7459685634410045, 'HeII_4199.83': 1.1254617062833658, 'HeII_4686': 44.84841297882746, 'HeII_5411.53': 3.7725377160964806, 'HeI_4471.50': 5.531727627984774, 'HeI_4713.17': 3.117480052254523, 'HeI_4921.93': 8.828277973580239, 'HeI_5015.68': 2.5586009713051037, 'HeI_5047.74': 2.2099757270131657, 'HeI_5875.66': 21.77024011101386, 'Hg': 4.392036289204242}"
T32000logg3.6,"{'Ha': 193.7538397458511, 'Hb': 18.912243206164845, 'Hd': 9.519814087712799, 'HeII_4199.83': 0.9047921180655474, 'HeII_4686': 71.20142505472616, 'HeII_5411.53': 1.9894590284135418, 'HeI_4471.50': 13.300554211667311, 'HeI_4713.17': 10.915108415394533, 'HeI_4921.93': 9.144694727686913, 'HeI_5015.68': 8.460383823225285, 'HeI_5047.74': 1.9018111253732726, 'HeI_5875.66': 62.513830416703506, 'Hg': 4.164989599672357}","{'Ha': 192.01318536874794, 'Hb': 18.474102555926276, 'Hd': 7.844940646981573, 'HeII_4199.83': 0.8910867606999052, 'HeII_4686': 65.87280499781355, 'HeII_5411.53': 1.966958639520117, 'HeI_4471.50': 7.43791702908057, 'HeI_4713.17': 5.97892980095055, 'HeI_4921.93': 4.823432372200249, 'HeI_5015.68': 4.752637396889321, 'HeI_5047.74': 1.6438161820022132, 'HeI_5875.66': 41.424873149453234, 'Hg': 4.007411081557171}","{'Ha': 190.34705560873857, 'Hb': 18.350557170245498, 'Hd': 6.884574264945625, 'HeII_4199.83': 0.8892260503593927, 'HeII_4686': 62.204740925612285, 'HeII_5411.53': 2.0878378121876175, 'HeI_4471.50': 4.098977481682872, 'HeI_4713.17': 3.324214586462502, 'HeI_4921.93': 2.5622774846715903, 'HeI_5015.68': 2.8853275183241096, 'HeI_5047.74': 1.5249133799619634, 'HeI_5875.66': 28.259836968421258, 'Hg': 3.9347982919006115}","{'Ha': 188.88065805159158, 'Hb': 18.674376106536226, 'Hd': 6.372403291025513, 'HeII_4199.83': 0.9016136044340295, 'HeII_4686': 60.033405221886824, 'HeII_5411.53': 2.352538032442057, 'HeI_4471.50': 2.5187736123411493, 'HeI_4713.17': 2.0369112911571094, 'HeI_4921.93': 1.612910373893824, 'HeI_5015.68': 2.0520156346093987, 'HeI_5047.74': 1.4801085172895696, 'HeI_5875.66': 20.956191033406288, 'Hg': 3.984315671165739}","{'Ha': 187.71764782386612, 'Hb': 19.48994179332025, 'Hd': 6.201128771534195, 'HeII_4199.83': 0.925514874986795, 'HeII_4686': 58.94548873634803, 'HeII_5411.53': 2.7285506098481216, 'HeI_4471.50': 2.1483585588555876, 'HeI_4713.17': 1.6587202250247322, 'HeI_4921.93': 1.5184145384901169, 'HeI_5015.68': 1.7986428668869994, 'HeI_5047.74': 1.4751987006852427, 'HeI_5875.66': 17.742842598358784, 'Hg': 4.171526157283474}","{'Ha': 186.85458521937744, 'Hb': 20.756668675045354, 'Hd': 6.306290670832504, 'HeII_4199.83': 0.9577132677703984, 'HeII_4686': 58.44173603172167, 'HeII_5411.53': 3.1758070209561957, 'HeI_4471.50': 2.505770622226911, 'HeI_4713.17': 1.800558586981785, 'HeI_4921.93': 1.929677530680456, 'HeI_5015.68': 1.8412963177332138, 'HeI_5047.74': 1.4948521970067683, 'HeI_5875.66': 17.0070013138894, 'Hg': 4.484063704865003}","{'Ha': 186.19810505961516, 'Hb': 22.425528836292532, 'Hd': 6.6069940232981255, 'HeII_4199.83': 0.9969526565882849, 'HeII_4686': 58.14747484329997, 'HeII_5411.53': 3.6702609509115045, 'HeI_4471.50': 3.298915344590618, 'HeI_4713.17': 2.204245651975048, 'HeI_4921.93': 2.603194143092036, 'HeI_5015.68': 2.039945766420427, 'HeI_5047.74': 1.533141868302913, 'HeI_5875.66': 17.642427557713503, 'Hg': 4.907922471812159}","{'Ha': 185.65783263447392, 'Hb': 24.383312169496477, 'Hd': 7.028027705160808, 'HeII_4199.83': 1.0393894694477983, 'HeII_4686': 57.854047411743295, 'HeII_5411.53': 4.17679387774855, 'HeI_4471.50': 4.280628932844588, 'HeI_4713.17': 2.6962466201588735, 'HeI_4921.93': 3.343206936666939, 'HeI_5015.68': 2.2974377948240488, 'HeI_5047.74': 1.5811674975406993, 'HeI_5875.66': 18.920366350649047, 'Hg': 5.4177621034296335}","{'Ha': 185.11084608419358, 'Hb': 26.535241527252513, 'Hd': 7.5204148476732025, 'HeII_4199.83': 1.0828616411778706, 'HeII_4686': 57.43795129201444, 'HeII_5411.53': 4.676246254145962, 'HeI_4471.50': 5.3066618975591355, 'HeI_4713.17': 3.1872671068717375, 'HeI_4921.93': 4.061148725235561, 'HeI_5015.68': 2.554607443975557, 'HeI_5047.74': 1.6289087392364714, 'HeI_5875.66': 20.276402952800105, 'Hg': 5.986551770207343}"
T32000logg3.8,"{'Ha': 197.4589011400286, 'Hb': 26.357867515778725, 'Hd': 13.054313621863214, 'HeII_4199.83': 0.9422853500671031, 'HeII_4686': 63.955159279607166, 'HeII_5411.53': 3.249728612291361, 'HeI_4471.50': 12.277212622413831, 'HeI_4713.17': 10.488392742919725, 'HeI_4921.93': 15.174530047966499, 'HeI_5015.68': 8.262000342974783, 'HeI_5047.74': 2.150987443983067, 'HeI_5875.66': 54.679122054568936, 'Hg': 6.535009643060143}","{'Ha': 195.37245453603467, 'Hb': 25.98475616094056, 'Hd': 11.418553690519994, 'HeII_4199.83': 0.938979927586635, 'HeII_4686': 59.61372098005726, 'HeII_5411.53': 3.391510926987162, 'HeI_4471.50': 7.2731008134436586, 'HeI_4713.17': 5.791810427375165, 'HeI_4921.93': 8.623493348907497, 'HeI_5015.68': 4.686983742759864, 'HeI_5047.74': 1.6665687412467074, 'HeI_5875.66': 36.04505274021412, 'Hg': 6.434024523712129}","{'Ha': 193.52458162429505, 'Hb': 25.983261912522032, 'Hd': 10.509190409050392, 'HeII_4199.83': 0.9494224959238342, 'HeII_4686': 56.780945980839434, 'HeII_5411.53': 3.6290984681073626, 'HeI_4471.50': 4.307517152097028, 'HeI_4713.17': 3.2495830235923115, 'HeI_4921.93': 4.8313235131052465, 'HeI_5015.68': 2.867824723287696, 'HeI_5047.74': 1.4200238631981796, 'HeI_5875.66': 24.526919814256743, 'Hg': 6.420524983123832}","{'Ha': 192.05004173363056, 'Hb': 26.45253067413387, 'Hd': 10.037808462063449, 'HeII_4199.83': 0.97323064939778, 'HeII_4686': 55.23371258236996, 'HeII_5411.53': 3.9578220190922337, 'HeI_4471.50': 2.8477872027210034, 'HeI_4713.17': 2.01982740705854, 'HeI_4921.93': 2.8251797846466604, 'HeI_5015.68': 2.0493641877801956, 'HeI_5047.74': 1.2995890833007777, 'HeI_5875.66': 18.267224138225615, 'Hg': 6.518871595568839}","{'Ha': 190.99893467440666, 'Hb': 27.393419921714944, 'Hd': 9.883988799900642, 'HeII_4199.83': 1.0049699108967307, 'HeII_4686': 54.58128543116155, 'HeII_5411.53': 4.351220241684531, 'HeI_4471.50': 2.471943674362476, 'HeI_4713.17': 1.668038316355162, 'HeI_4921.93': 2.023426381362499, 'HeI_5015.68': 1.8003762030996475, 'HeI_5047.74': 1.2497847967180904, 'HeI_5875.66': 15.680252488744907, 'Hg': 6.737453278648547}","{'Ha': 190.30283544211014, 'Hb': 28.738625919479702, 'Hd': 9.980503760665092, 'HeII_4199.83': 1.0410408394129007, 'HeII_4686': 54.38741559295004, 'HeII_5411.53': 4.781787869412482, 'HeI_4471.50': 2.773072588647629, 'HeI_4713.17': 1.8206736796036092, 'HeI_4921.93': 1.9672740747864685, 'HeI_5015.68': 1.8453508181198552, 'HeI_5047.74': 1.2439474476937615, 'HeI_5875.66': 15.323434423578021, 'Hg': 7.05997762484339}","{'Ha': 189.82908131826792, 'Hb': 30.42815411742863, 'Hd': 10.248090348452852, 'HeII_4199.83': 1.0814038983734253, 'HeII_4686': 54.330314728069936, 'HeII_5411.53': 5.235819527741609, 'HeI_4471.50': 3.4906502110986963, 'HeI_4713.17': 2.228339516791345, 'HeI_4921.93': 2.3268050918268353, 'HeI_5015.68': 2.0435575759359366, 'HeI_5047.74': 1.269847358882326, 'HeI_5875.66': 16.199254268524335, 'Hg': 7.4733004122806}","{'Ha': 189.46202710980455, 'Hb': 32.34818462403091, 'Hd': 10.619550957738554, 'HeII_4199.83': 1.1228837143994923, 'HeII_4686': 54.22538159927913, 'HeII_5411.53': 5.687892247845703, 'HeI_4471.50': 4.401308611018376, 'HeI_4713.17': 2.721177638016728, 'HeI_4921.93': 2.860273528938646, 'HeI_5015.68': 2.3002555431999077, 'HeI_5047.74': 1.3140316915019534, 'HeI_5875.66': 17.627636339336565, 'Hg': 7.95556661807755}","{'Ha': 189.06689416106482, 'Hb': 34.41201483321223, 'Hd': 11.053448647106547, 'HeII_4199.83': 1.1640664182919978, 'HeII_4686': 53.97617953991862, 'HeII_5411.53': 6.126430774133324, 'HeI_4471.50': 5.369474376208417, 'HeI_4713.17': 3.2116259228935693, 'HeI_4921.93': 3.4385351904807697, 'HeI_5015.68': 2.55741748687191, 'HeI_5047.74': 1.3617754519497902, 'HeI_5875.66': 19.093686633462397, 'Hg': 8.483814165839705}"
T32000logg4.0,"{'Ha': 195.93272074437465, 'Hb': 30.233210804691016, 'Hd': 15.272745683553842, 'HeII_4199.83': 1.0648308734548009, 'HeII_4686': 60.604297504595344, 'HeII_5411.53': 4.373967567152811, 'HeI_4471.50': 11.031347753854432, 'HeI_4713.17': 9.344271238460593, 'HeI_4921.93': 16.840235161545447, 'HeI_5015.68': 7.616244040673733, 'HeI_5047.74': 2.2172171345590437, 'HeI_5875.66': 48.61078555316619, 'Hg': 8.673489550019106}","{'Ha': 193.6829603143896, 'Hb': 30.03236984942333, 'Hd': 13.990846442243777, 'HeII_4199.83': 1.0534714844661195, 'HeII_4686': 57.88738735819393, 'HeII_5411.53': 4.549389074217363, 'HeI_4471.50': 6.870804785076597, 'HeI_4713.17': 5.1461125949210045, 'HeI_4921.93': 10.089546736416477, 'HeI_5015.68': 4.312330655295075, 'HeI_5047.74': 1.691304615868482, 'HeI_5875.66': 31.80366491832975, 'Hg': 8.639812091931113}","{'Ha': 191.8287996680369, 'Hb': 30.260776006463573, 'Hd': 13.334345265078227, 'HeII_4199.83': 1.0564761272427023, 'HeII_4686': 56.09807044202421, 'HeII_5411.53': 4.781496000884491, 'HeI_4471.50': 4.368242178997372, 'HeI_4713.17': 2.8832044254399545, 'HeI_4921.93': 6.063350266095292, 'HeI_5015.68': 2.639509678059536, 'HeI_5047.74': 1.4197142960638924, 'HeI_5875.66': 21.56920268969451, 'Hg': 8.704526031549268}","{'Ha': 190.49334909424488, 'Hb': 30.98755938251251, 'Hd': 13.054622912823364, 'HeII_4199.83': 1.071973412354005, 'HeII_4686': 55.14561019950162, 'HeII_5411.53': 5.065772644049588, 'HeI_4471.50': 3.12884846557736, 'HeI_4713.17': 1.816195247627487, 'HeI_4921.93': 3.826070105362811, 'HeI_5015.68': 1.904012656103287, 'HeI_5047.74': 1.2834108031626863, 'HeI_5875.66': 16.141654273327184, 'Hg': 8.88108463466183}","{'Ha': 189.67144644277178, 'Hb': 32.17402630456668, 'Hd': 13.045317943582894, 'HeII_4199.83': 1.0937238391597583, 'HeII_4686': 54.785692486759125, 'HeII_5411.53': 5.3854258197215295, 'HeI_4471.50': 2.827220773483856, 'HeI_4713.17': 1.5531745629581601, 'HeI_4921.93': 2.8187053186478606, 'HeI_5015.68': 1.7030470448098278, 'HeI_5047.74': 1.2235558582912536, 'HeI_5875.66': 14.059822060974568, 'Hg': 9.16843174401375}","{'Ha': 189.24045127088198, 'Hb': 33.726505676944505, 'Hd': 13.24319052089157, 'HeII_4199.83': 1.1184892820011494, 'HeII_4686': 54.71910568410024, 'HeII_5411.53': 5.725632595267219, 'HeI_4471.50': 3.128806206621074, 'HeI_4713.17': 1.7525065927288905, 'HeI_4921.93': 2.5913799033016094, 'HeI_5015.68': 1.7772041050439813, 'HeI_5047.74': 1.2114780794145252, 'HeI_5875.66': 14.01192200178171, 'Hg': 9.543728109460652}","{'Ha': 189.03895812413754, 'Hb': 35.57507631033723, 'Hd': 13.578793162635483, 'HeII_4199.83': 1.1468316154872595, 'HeII_4686': 54.715266396531234, 'HeII_5411.53': 6.081313048098036, 'HeI_4471.50': 3.8108891433751104, 'HeI_4713.17': 2.184618539891075, 'HeI_4921.93': 2.810780825001176, 'HeI_5015.68': 1.9935463173346752, 'HeI_5047.74': 1.2336639895228112, 'HeI_5875.66': 15.085519263588912, 'Hg': 9.992332953812234}","{'Ha': 188.9288326199508, 'Hb': 37.597879177962675, 'Hd': 13.993266962497087, 'HeII_4199.83': 1.1763301459576474, 'HeII_4686': 54.638498715054254, 'HeII_5411.53': 6.436425279660106, 'HeI_4471.50': 4.674839861190303, 'HeI_4713.17': 2.6896583777081258, 'HeI_4921.93': 3.235812766673805, 'HeI_5015.68': 2.261682504287836, 'HeI_5047.74': 1.275844668088823, 'HeI_5875.66': 16.637817025337924, 'Hg': 10.492073087999987}","{'Ha': 188.77093976224634, 'Hb': 39.711563679760076, 'Hd': 14.450711398380689, 'HeII_4199.83': 1.206205335963326, 'HeII_4686': 54.41602391216124, 'HeII_5411.53': 6.784365776135657, 'HeI_4471.50': 5.597812379046623, 'HeI_4713.17': 3.1867584387736136, 'HeI_4921.93': 3.730886157819513, 'HeI_5015.68': 2.5270321951165404, 'HeI_5047.74': 1.3225287315252348, 'HeI_5875.66': 18.19389506391636, 'Hg': 11.021546599691904}"
T32000logg4.2,"{'Ha': 203.0842723627281, 'Hb': 39.37539633671151, 'Hd': 19.787468308335068, 'HeII_4199.83': 1.3318785039493626, 'HeII_4686': 52.14100051697211, 'HeII_5411.53': 5.780855463953938, 'HeI_4471.50': 11.059388292138228, 'HeI_4713.17': 9.245285594630651, 'HeI_4921.93': 17.471888336050203, 'HeI_5015.68': 7.449247019801997, 'HeI_5047.74': 2.2499784138562635, 'HeI_5875.66': 45.31680653575412, 'Hg': 12.554325974363142}","{'Ha': 200.62110138745643, 'Hb': 39.22705596168303, 'Hd': 18.798514085125955, 'HeII_4199.83': 1.3060328267317793, 'HeII_4686': 50.1873989268734, 'HeII_5411.53': 5.9485573188070555, 'HeI_4471.50': 7.490098726561736, 'HeI_4713.17': 5.151156672588918, 'HeI_4921.93': 11.155891729068593, 'HeI_5015.68': 4.268192888243375, 'HeI_5047.74': 1.7006848659627598, 'HeI_5875.66': 29.84810981689884, 'Hg': 12.561897838977773}","{'Ha': 198.6870913584968, 'Hb': 39.539650047786594, 'Hd': 18.329395584994714, 'HeII_4199.83': 1.2984119842588342, 'HeII_4686': 48.97563529482441, 'HeII_5411.53': 6.166183698193811, 'HeI_4471.50': 5.281479556219767, 'HeI_4713.17': 2.9233791957649595, 'HeI_4921.93': 7.268875072315366, 'HeI_5015.68': 2.641773208477899, 'HeI_5047.74': 1.4127550325307063, 'HeI_5875.66': 20.46218089628949, 'Hg': 12.666429323040706}","{'Ha': 197.3674824065279, 'Hb': 40.34808396668768, 'Hd': 18.17025350362852, 'HeII_4199.83': 1.30553548748724, 'HeII_4686': 48.44997373505698, 'HeII_5411.53': 6.430080477899072, 'HeI_4471.50': 4.144665761943308, 'HeI_4713.17': 1.8655219426260872, 'HeI_4921.93': 5.011654279279658, 'HeI_5015.68': 1.9211025793838232, 'HeI_5047.74': 1.265124105122197, 'HeI_5875.66': 15.53637323986322, 'Hg': 12.871665355369466}","{'Ha': 196.61096292537232, 'Hb': 41.58857352976764, 'Hd': 18.23363190985727, 'HeII_4199.83': 1.3194227389562259, 'HeII_4686': 48.399961825564034, 'HeII_5411.53': 6.724884501413109, 'HeI_4471.50': 3.833578859652862, 'HeI_4713.17': 1.6002239489966728, 'HeI_4921.93': 3.904690117447374, 'HeI_5015.68': 1.7226149664840595, 'HeI_5047.74': 1.1977474994988049, 'HeI_5875.66': 13.727203526748106, 'Hg': 13.17418558370572}","{'Ha': 196.26019233760937, 'Hb': 43.15677137436318, 'Hd': 18.465039193521157, 'HeII_4199.83': 1.336260130115499, 'HeII_4686': 48.57050942965111, 'HeII_5411.53': 7.036975281821803, 'HeI_4471.50': 4.072261552994538, 'HeI_4713.17': 1.7935108484494522, 'HeI_4921.93': 3.5494639777088772, 'HeI_5015.68': 1.795493513246242, 'HeI_5047.74': 1.1808111225574995, 'HeI_5875.66': 13.821934889745414, 'Hg': 13.5495987555845}","{'Ha': 196.1353540518609, 'Hb': 44.98020157441057, 'Hd': 18.805039671686345, 'HeII_4199.83': 1.3564642492129828, 'HeII_4686': 48.768340729379496, 'HeII_5411.53': 7.361541492157347, 'HeI_4471.50': 4.668550127245068, 'HeI_4713.17': 2.2191995613855933, 'HeI_4921.93': 3.6386980496759787, 'HeI_5015.68': 2.0086976724215533, 'HeI_5047.74': 1.1998490844214857, 'HeI_5875.66': 14.968118438415168, 'Hg': 13.984195936056961}","{'Ha': 196.08705553476585, 'Hb': 46.94003875336405, 'Hd': 19.203830010207252, 'HeII_4199.83': 1.3777217317734762, 'HeII_4686': 48.87124414456558, 'HeII_5411.53': 7.683875193913692, 'HeI_4471.50': 5.446546202039423, 'HeI_4713.17': 2.71915071029689, 'HeI_4921.93': 3.9502030338669973, 'HeI_5015.68': 2.273592954562722, 'HeI_5047.74': 1.2400471529589412, 'HeI_5875.66': 16.55272039697947, 'Hg': 14.458439402792864}","{'Ha': 195.9736400710649, 'Hb': 48.95947173731589, 'Hd': 19.631349659407615, 'HeII_4199.83': 1.3994803236649487, 'HeII_4686': 48.81886749247128, 'HeII_5411.53': 7.998010474282748, 'HeI_4471.50': 6.292538741539658, 'HeI_4713.17': 3.2118734733752783, 'HeI_4921.93': 4.352031995117995, 'HeI_5015.68': 2.5366499766004837, 'HeI_5047.74': 1.2855486137213665, 'HeI_5875.66': 18.12453205700549, 'Hg': 14.953467436824093}"
T32000logg4.4,"{'Ha': 204.11209412607266, 'Hb': 45.086534045850414, 'Hd': 23.580738248787103, 'HeII_4199.83': 1.6069953575658513, 'HeII_4686': 46.046469167649, 'HeII_5411.53': 7.5449335385963225, 'HeI_4471.50': 11.168446531474386, 'HeI_4713.17': 8.821436472947566, 'HeI_4921.93': 17.2937907319375, 'HeI_5015.68': 7.180174346233974, 'HeI_5047.74': 2.223797411834212, 'HeI_5875.66': 42.904751578482774, 'Hg': 15.85619287130308}","{'Ha': 201.66012574076976, 'Hb': 45.03667121426707, 'Hd': 22.864303728895365, 'HeII_4199.83': 1.5683117836025275, 'HeII_4686': 44.70347056061362, 'HeII_5411.53': 7.678014649554278, 'HeI_4471.50': 8.061425580036438, 'HeI_4713.17': 4.950367266995537, 'HeI_4921.93': 11.518517562747594, 'HeI_5015.68': 4.149140982310162, 'HeI_5047.74': 1.6863131777333509, 'HeI_5875.66': 28.51083897424317, 'Hg': 15.88935058469515}","{'Ha': 199.77954875572425, 'Hb': 45.45196895125085, 'Hd': 22.567786491664904, 'HeII_4199.83': 1.5502623790679164, 'HeII_4686': 43.97407953414527, 'HeII_5411.53': 7.846123900600621, 'HeI_4471.50': 6.1313446717239986, 'HeI_4713.17': 2.8345247135115312, 'HeI_4921.93': 7.90774968903718, 'HeI_5015.68': 2.591106059388368, 'HeI_5047.74': 1.4024602576143024, 'HeI_5875.66': 19.818665179794813, 'Hg': 16.021458107367664}","{'Ha': 198.55969538774508, 'Hb': 46.362181130833115, 'Hd': 22.52428627099538, 'HeII_4199.83': 1.548111745014557, 'HeII_4686': 43.78067651947783, 'HeII_5411.53': 8.046303061965688, 'HeI_4471.50': 5.134088128416412, 'HeI_4713.17': 1.834237781116217, 'HeI_4921.93': 5.7601158580772385, 'HeI_5015.68': 1.9016439006880015, 'HeI_5047.74': 1.2560273173427892, 'HeI_5875.66': 15.292046353958096, 'Hg': 16.252391356500024}","{'Ha': 197.9355318514432, 'Hb': 47.69490589118876, 'Hd': 22.665868955184443, 'HeII_4199.83': 1.5529712067986012, 'HeII_4686': 43.939987970349556, 'HeII_5411.53': 8.267881242994962, 'HeI_4471.50': 4.866375477559213, 'HeI_4713.17': 1.5952213639977146, 'HeI_4921.93': 4.660789729616694, 'HeI_5015.68': 1.716704695467428, 'HeI_5047.74': 1.1888940009451445, 'HeI_5875.66': 13.68711698633179, 'Hg': 16.57698917022271}","{'Ha': 197.7325430363612, 'Hb': 49.33984293090027, 'Hd': 22.945650133901115, 'HeII_4199.83': 1.5608274757410352, 'HeII_4686': 44.245294805505026, 'HeII_5411.53': 8.50210278345424, 'HeI_4471.50': 5.093610421723636, 'HeI_4713.17': 1.7986816609757406, 'HeI_4921.93': 4.261397432935368, 'HeI_5015.68': 1.7952741949291406, 'HeI_5047.74': 1.17185155236233, 'HeI_5875.66': 13.87880375122121, 'Hg': 16.96858974034584}","{'Ha': 197.76110766207705, 'Hb': 51.22258960220358, 'Hd': 23.313098031912304, 'HeII_4199.83': 1.5719310432032825, 'HeII_4686': 44.542383638719755, 'HeII_5411.53': 8.746528373048191, 'HeI_4471.50': 5.648950410091373, 'HeI_4713.17': 2.227080880847182, 'HeI_4921.93': 4.284769377912575, 'HeI_5015.68': 2.0102955915315737, 'HeI_5047.74': 1.1905051582563517, 'HeI_5875.66': 15.066455138405596, 'Hg': 17.412872747790527}","{'Ha': 197.8610018719101, 'Hb': 53.22095885641242, 'Hd': 23.724697482520224, 'HeII_4199.83': 1.5841000370023297, 'HeII_4686': 44.72970070099222, 'HeII_5411.53': 8.990829332292343, 'HeI_4471.50': 6.374714754976598, 'HeI_4713.17': 2.7268222405133113, 'HeI_4921.93': 4.52900531570185, 'HeI_5015.68': 2.275281609044335, 'HeI_5047.74': 1.2301647143599115, 'HeI_5875.66': 16.66242240034587, 'Hg': 17.8901549838347}","{'Ha': 197.88815032455207, 'Hb': 55.25840360606487, 'Hd': 24.154061662900542, 'HeII_4199.83': 1.596969618779027, 'HeII_4686': 44.76451861465159, 'HeII_5411.53': 9.230974836454534, 'HeI_4471.50': 7.1668603016902415, 'HeI_4713.17': 3.218197563534337, 'HeI_4921.93': 4.8704952617800545, 'HeI_5015.68': 2.5382423044076026, 'HeI_5047.74': 1.2752344316181707, 'HeI_5875.66': 18.233927114010317, 'Hg': 18.381608260533895}"
T33000logg3.4,"{'Ha': 216.69177905356517, 'Hb': 18.68127652828218, 'Hd': 4.7289260621131355, 'HeII_4199.83': 2.18567490931819, 'HeII_4686': 48.19514633207525, 'HeII_5411.53': 6.406951075753085, 'HeI_4471.50': 13.99252616625801, 'HeI_4713.17': 8.07530895621967, 'HeI_4921.93': 10.904445616605743, 'HeI_5015.68': 7.1329587636822, 'HeI_5047.74': 2.4613114152626334, 'HeI_5875.66': 71.56080397254448, 'Hg': 3.6172493444410034}","{'Ha': 214.98484595553546, 'Hb': 17.56289454957509, 'Hd': 3.7839921194218777, 'HeII_4199.83': 1.9368074833667264, 'HeII_4686': 44.24044654148066, 'HeII_5411.53': 5.0769927774466215, 'HeI_4471.50': 7.3460884582514, 'HeI_4713.17': 4.239254967098564, 'HeI_4921.93': 10.772028134183156, 'HeI_5015.68': 3.863878333700767, 'HeI_5047.74': 2.460276926395359, 'HeI_5875.66': 47.27127009813938, 'Hg': 3.2158119303048682}","{'Ha': 213.1259269910512, 'Hb': 16.684254061803824, 'Hd': 3.149570893641321, 'HeII_4199.83': 1.7229476398703523, 'HeII_4686': 41.835208869405626, 'HeII_5411.53': 4.079136793734015, 'HeI_4471.50': 3.880947655635082, 'HeI_4713.17': 2.291491671699454, 'HeI_4921.93': 10.899517919766636, 'HeI_5015.68': 2.305434761921316, 'HeI_5047.74': 2.4675059954119187, 'HeI_5875.66': 32.2015918995828, 'Hg': 2.9098085175680963}","{'Ha': 211.16581878203098, 'Hb': 16.230438260503455, 'Hd': 2.7794352785015666, 'HeII_4199.83': 1.557725541605819, 'HeII_4686': 40.69294065393357, 'HeII_5411.53': 3.4731771126639934, 'HeI_4471.50': 2.3985124310682173, 'HeI_4713.17': 1.4476376305774052, 'HeI_4921.93': 11.20022168237782, 'HeI_5015.68': 1.684413104496584, 'HeI_5047.74': 2.479690976702514, 'HeI_5875.66': 23.77105666822955, 'Hg': 2.752060931516883}","{'Ha': 209.25025739303112, 'Hb': 16.32713151576203, 'Hd': 2.6757761886618967, 'HeII_4199.83': 1.4440337315462328, 'HeII_4686': 40.39132099294631, 'HeII_5411.53': 3.2267984030813848, 'HeI_4471.50': 2.1843774224600105, 'HeI_4713.17': 1.3314357866156445, 'HeI_4921.93': 11.60095295757896, 'HeI_5015.68': 1.5625815554865126, 'HeI_5047.74': 2.493701016247144, 'HeI_5875.66': 19.91225747525888, 'Hg': 2.7695193122223705}","{'Ha': 207.45920671750613, 'Hb': 16.989675638207885, 'Hd': 2.816501123520139, 'HeII_4199.83': 1.3741410285510085, 'HeII_4686': 40.49642471099546, 'HeII_5411.53': 3.2488911530293936, 'HeI_4471.50': 2.6958478899864615, 'HeI_4713.17': 1.6230083801426152, 'HeI_4921.93': 12.049298083276785, 'HeI_5015.68': 1.6824762954313695, 'HeI_5047.74': 2.508708071235964, 'HeI_5875.66': 18.803970878736145, 'Hg': 2.9590185514236276}","{'Ha': 205.7867364451068, 'Hb': 18.1914486801782, 'Hd': 3.150931212260804, 'HeII_4199.83': 1.3360201873334543, 'HeII_4686': 40.70365475140952, 'HeII_5411.53': 3.457571901328174, 'HeI_4471.50': 3.6305230937140545, 'HeI_4713.17': 2.1099293232647756, 'HeI_4921.93': 12.50781106259952, 'HeI_5015.68': 1.9331327757602177, 'HeI_5047.74': 2.525032691418349, 'HeI_5875.66': 19.214051380810538, 'Hg': 3.305344218577377}","{'Ha': 204.25018321023578, 'Hb': 19.837295550241535, 'Hd': 3.6160896651921566, 'HeII_4199.83': 1.320524400162032, 'HeII_4686': 40.83517218988784, 'HeII_5411.53': 3.780733725437111, 'HeI_4471.50': 4.721447959443203, 'HeI_4713.17': 2.6463173886913873, 'HeI_4921.93': 12.928605910735602, 'HeI_5015.68': 2.2231836111069705, 'HeI_5047.74': 2.5414400368496306, 'HeI_5875.66': 20.35559859553187, 'Hg': 3.7790965521673}","{'Ha': 202.7771566235556, 'Hb': 21.818547690210327, 'Hd': 4.161633019280954, 'HeII_4199.83': 1.320389736262888, 'HeII_4686': 40.809693513790016, 'HeII_5411.53': 4.162934450208611, 'HeI_4471.50': 5.823986971328384, 'HeI_4713.17': 3.163124337696126, 'HeI_4921.93': 13.301428550580997, 'HeI_5015.68': 2.5009781200718137, 'HeI_5047.74': 2.5564137616323017, 'HeI_5875.66': 21.61066356641151, 'Hg': 4.345255211989767}"
T33000logg3.6,"{'Ha': 212.21062658854726, 'Hb': 19.92028078245488, 'Hd': 6.835644478439796, 'HeII_4199.83': 1.251207088740332, 'HeII_4686': 74.84325858826851, 'HeII_5411.53': 2.7285262098971854, 'HeI_4471.50': 13.514336297497247, 'HeI_4713.17': 9.947451723042704, 'HeI_4921.93': 6.142883262777617, 'HeI_5015.68': 8.046003557056439, 'HeI_5047.74': 1.9671945911152944, 'HeI_5875.66': 67.04683874100151, 'Hg': 4.0678871553040965}","{'Ha': 210.73944116931958, 'Hb': 19.453135526460674, 'Hd': 5.779263912683872, 'HeII_4199.83': 1.1881281447613987, 'HeII_4686': 69.41480829614032, 'HeII_5411.53': 2.280980090750818, 'HeI_4471.50': 7.3795851867824505, 'HeI_4713.17': 5.356422750210694, 'HeI_4921.93': 4.495008232668078, 'HeI_5015.68': 4.46089055114917, 'HeI_5047.74': 1.8877148214025348, 'HeI_5875.66': 44.5749582309915, 'Hg': 3.880637726849358}","{'Ha': 209.17050348489883, 'Hb': 19.245088271099796, 'Hd': 5.165904972142115, 'HeII_4199.83': 1.1367389222324233, 'HeII_4686': 65.51807714155962, 'HeII_5411.53': 2.027953583465394, 'HeI_4471.50': 3.9730281860678307, 'HeI_4713.17': 2.930647043114199, 'HeI_4921.93': 3.8421096568550706, 'HeI_5015.68': 2.6876614601760833, 'HeI_5047.74': 1.8625960502402243, 'HeI_5875.66': 30.48172484540374, 'Hg': 3.7755687469171737}","{'Ha': 207.58856048950977, 'Hb': 19.430188128151023, 'Hd': 4.86057748380581, 'HeII_4199.83': 1.1034838749152565, 'HeII_4686': 63.08679452372685, 'HeII_5411.53': 1.997486825537988, 'HeI_4471.50': 2.40572478380685, 'HeI_4713.17': 1.790054370864834, 'HeI_4921.93': 3.84058615716312, 'HeI_5015.68': 1.9223826918615363, 'HeI_5047.74': 1.8672988006658149, 'HeI_5875.66': 22.583131917106424, 'Hg': 3.7910292609084744}","{'Ha': 206.12892193713157, 'Hb': 20.07721429122199, 'Hd': 4.819513669195585, 'HeII_4199.83': 1.089299599394805, 'HeII_4686': 61.75994714756941, 'HeII_5411.53': 2.163275944941284, 'HeI_4471.50': 2.0758306395021613, 'HeI_4713.17': 1.5009295128707543, 'HeI_4921.93': 4.252962727809276, 'HeI_5015.68': 1.7123606622111962, 'HeI_5047.74': 1.8868737332226788, 'HeI_5875.66': 19.00868814073667, 'Hg': 3.9445999356891113}","{'Ha': 204.8433762085093, 'Hb': 21.169404551821327, 'Hd': 5.004005584307474, 'HeII_4199.83': 1.0913742441399836, 'HeII_4686': 61.04991474658558, 'HeII_5411.53': 2.470846352818609, 'HeI_4471.50': 2.479314396453525, 'HeI_4713.17': 1.6956795723860543, 'HeI_4921.93': 4.8962028739977965, 'HeI_5015.68': 1.7807447693577223, 'HeI_5047.74': 1.915427843062382, 'HeI_5875.66': 18.052491233153336, 'Hg': 4.227528139762564}","{'Ha': 203.68637579846128, 'Hb': 22.6725995640665, 'Hd': 5.357046874719921, 'HeII_4199.83': 1.1062844906654012, 'HeII_4686': 60.57633161606281, 'HeII_5411.53': 2.8771336559676164, 'HeI_4471.50': 3.3178381671776878, 'HeI_4713.17': 2.1304526060783004, 'HeI_4921.93': 5.643758498732263, 'HeI_5015.68': 1.9973075845749293, 'HeI_5047.74': 1.9516162076022125, 'HeI_5875.66': 18.547889925836806, 'Hg': 4.627070566250808}","{'Ha': 202.62205685396165, 'Hb': 24.488339801004937, 'Hd': 5.816256736518684, 'HeII_4199.83': 1.129413997838434, 'HeII_4686': 60.12994784204214, 'HeII_5411.53': 3.3341612499396778, 'HeI_4471.50': 4.3363824447070085, 'HeI_4713.17': 2.6403488450530332, 'HeI_4921.93': 6.3751486449833985, 'HeI_5015.68': 2.2663382354157724, 'HeI_5047.74': 1.990897752517319, 'HeI_5875.66': 19.73885375902887, 'Hg': 5.118506307764354}","{'Ha': 201.5565448117293, 'Hb': 26.526326273669493, 'Hd': 6.337183199295382, 'HeII_4199.83': 1.1574947081006073, 'HeII_4686': 59.57797457189903, 'HeII_5411.53': 3.809521864768983, 'HeI_4471.50': 5.389527441944188, 'HeI_4713.17': 3.14250268479011, 'HeI_4921.93': 7.0476929836669635, 'HeI_5015.68': 2.530897974704912, 'HeI_5047.74': 2.0280046801921126, 'HeI_5875.66': 21.03182398967463, 'Hg': 5.674515556955241}"
T33000logg3.8,"{'Ha': 202.54307490733135, 'Hb': 25.012577479803916, 'Hd': 10.472700434318089, 'HeII_4199.83': 0.9643700693650072, 'HeII_4686': 86.66136601438254, 'HeII_5411.53': 1.7056508800525805, 'HeI_4471.50': 12.298347954940333, 'HeI_4713.17': 9.893196056153714, 'HeI_4921.93': 7.946179020985808, 'HeI_5015.68': 7.8001538623845645, 'HeI_5047.74': 1.8728355279073177, 'HeI_5875.66': 58.37101192347987, 'Hg': 5.81457947084161}","{'Ha': 201.13652499916643, 'Hb': 24.91792903335772, 'Hd': 9.273954788870407, 'HeII_4199.83': 0.9528230451753187, 'HeII_4686': 80.69999974894553, 'HeII_5411.53': 1.6808117797090643, 'HeI_4471.50': 7.079235787643463, 'HeI_4713.17': 5.386831522981785, 'HeI_4921.93': 4.261932015810185, 'HeI_5015.68': 4.365320725197471, 'HeI_5047.74': 1.63671110181983, 'HeI_5875.66': 38.66983210955887, 'Hg': 5.760302262861994}","{'Ha': 199.78633327504807, 'Hb': 25.108817502142017, 'Hd': 8.633988806402337, 'HeII_4199.83': 0.9504176582675636, 'HeII_4686': 76.31022915552562, 'HeII_5411.53': 1.771131218623729, 'HeI_4471.50': 4.041635971873474, 'HeI_4713.17': 2.9826355938440163, 'HeI_4921.93': 2.3065382646811066, 'HeI_5015.68': 2.649006984175712, 'HeI_5047.74': 1.5288786182373062, 'HeI_5875.66': 26.405156749961364, 'Hg': 5.780122178469973}","{'Ha': 198.57534805413027, 'Hb': 25.67188193469173, 'Hd': 8.339392099357772, 'HeII_4199.83': 0.9595263244957379, 'HeII_4686': 73.43806320138738, 'HeII_5411.53': 1.9901471909819743, 'HeI_4471.50': 2.583041726020959, 'HeI_4713.17': 1.8457649101561067, 'HeI_4921.93': 1.5040502875059492, 'HeI_5015.68': 1.9030567273881103, 'HeI_5047.74': 1.4900017670511254, 'HeI_5875.66': 19.65990142734309, 'Hg': 5.8979688098279}","{'Ha': 197.57763118690144, 'Hb': 26.62133124291677, 'Hd': 8.305033134437915, 'HeII_4199.83': 0.978056211185019, 'HeII_4686': 71.73354300345646, 'HeII_5411.53': 2.3180757395277825, 'HeI_4471.50': 2.24024918716904, 'HeI_4713.17': 1.5526554576746516, 'HeI_4921.93': 1.473257332860253, 'HeI_5015.68': 1.7005855386062032, 'HeI_5047.74': 1.488345373847266, 'HeI_5875.66': 16.77621291277108, 'Hg': 6.122125864536886}","{'Ha': 196.7872125143669, 'Hb': 27.9159804296729, 'Hd': 8.480389795555583, 'HeII_4199.83': 1.0036073037612614, 'HeII_4686': 70.69759550683048, 'HeII_5411.53': 2.72229533496415, 'HeI_4471.50': 2.584656744389343, 'HeI_4713.17': 1.7414448193085246, 'HeI_4921.93': 1.9044841888209023, 'HeI_5015.68': 1.7739269560331907, 'HeI_5047.74': 1.509630053383577, 'HeI_5875.66': 16.235972842109422, 'Hg': 6.441238868696187}","{'Ha': 196.1248684850245, 'Hb': 29.520554002265527, 'Hd': 8.804423756795572, 'HeII_4199.83': 1.0355284127018856, 'HeII_4686': 69.93061684814356, 'HeII_5411.53': 3.1810197866732355, 'HeI_4471.50': 3.3467031143714885, 'HeI_4713.17': 2.1711445846356963, 'HeI_4921.93': 2.5779020468305394, 'HeI_5015.68': 1.991718597693593, 'HeI_5047.74': 1.5483780895789385, 'HeI_5875.66': 16.992169193473778, 'Hg': 6.84620019395161}","{'Ha': 195.51782478378294, 'Hb': 31.34243881651818, 'Hd': 9.218445590487686, 'HeII_4199.83': 1.0706840515692146, 'HeII_4686': 69.21983014293768, 'HeII_5411.53': 3.660508540152406, 'HeI_4471.50': 4.295151218754382, 'HeI_4713.17': 2.6769413707157534, 'HeI_4921.93': 3.3132853152834696, 'HeI_5015.68': 2.261341927031792, 'HeI_5047.74': 1.5961120398375037, 'HeI_5875.66': 18.343830133723934, 'Hg': 7.317858276811784}","{'Ha': 194.86227901953336, 'Hb': 33.30953032020793, 'Hd': 9.684611911882074, 'HeII_4199.83': 1.1072606702802985, 'HeII_4686': 68.42217834274135, 'HeII_5411.53': 4.140831051676848, 'HeI_4471.50': 5.292732757151925, 'HeI_4713.17': 3.1756221386686074, 'HeI_4921.93': 4.028340858195246, 'HeI_5015.68': 2.527121300092456, 'HeI_5047.74': 1.6433664137442365, 'HeI_5875.66': 19.752693849994937, 'Hg': 7.835499733293278}"
T33000logg4.0,"{'Ha': 201.49879285410273, 'Hb': 28.077215056970143, 'Hd': 13.024672079709164, 'HeII_4199.83': 0.9628457218060692, 'HeII_4686': 69.56664623500293, 'HeII_5411.53': 2.5995074973673686, 'HeI_4471.50': 11.36631015003697, 'HeI_4713.17': 9.200153392186015, 'HeI_4921.93': 11.431484944114626, 'HeI_5015.68': 7.365829529684157, 'HeI_5047.74': 1.9715274101902274, 'HeI_5875.66': 53.8899676034395, 'Hg': 7.394275591675663}","{'Ha': 199.77207713000092, 'Hb': 28.049570804699187, 'Hd': 11.85997998361105, 'HeII_4199.83': 0.9637309944075327, 'HeII_4686': 65.94853672136921, 'HeII_5411.53': 2.75636771139703, 'HeI_4471.50': 6.8558383488457695, 'HeI_4713.17': 5.027074395485721, 'HeI_4921.93': 6.359985696548104, 'HeI_5015.68': 4.137821220713453, 'HeI_5047.74': 1.614318186522851, 'HeI_5875.66': 35.604449008913626, 'Hg': 7.382064919314788}","{'Ha': 198.25220066905945, 'Hb': 28.371527531926844, 'Hd': 11.271553791803912, 'HeII_4199.83': 0.9742559901533686, 'HeII_4686': 63.472976838323895, 'HeII_5411.53': 2.992910876513993, 'HeI_4471.50': 4.171109875942896, 'HeI_4713.17': 2.7961222675495483, 'HeI_4921.93': 3.4454540264493905, 'HeI_5015.68': 2.5216450163759525, 'HeI_5047.74': 1.4387686505824822, 'HeI_5875.66': 24.332147948463128, 'Hg': 7.454843656901695}","{'Ha': 197.0567499955158, 'Hb': 29.120696314560185, 'Hd': 11.033956081999843, 'HeII_4199.83': 0.9942188817001445, 'HeII_4686': 62.020552304415624, 'HeII_5411.53': 3.30590995579279, 'HeI_4471.50': 2.8550037831407242, 'HeI_4713.17': 1.754831367000841, 'HeI_4921.93': 1.9802199496340231, 'HeI_5015.68': 1.8260464616724432, 'HeI_5047.74': 1.3604408779045907, 'HeI_5875.66': 18.217483005524475, 'Hg': 7.630952142845815}","{'Ha': 196.22013530476138, 'Hb': 30.280544112177097, 'Hd': 11.052353887118677, 'HeII_4199.83': 1.019553489334821, 'HeII_4686': 61.303704585865276, 'HeII_5411.53': 3.6736297477939552, 'HeI_4471.50': 2.5376943600596302, 'HeI_4713.17': 1.510453643208242, 'HeI_4921.93': 1.5092486072870102, 'HeI_5015.68': 1.650029434595835, 'HeI_5047.74': 1.335985905791493, 'HeI_5875.66': 15.706508916430371, 'Hg': 7.911666122665118}","{'Ha': 195.67384449739922, 'Hb': 31.78053550780656, 'Hd': 11.27053287120034, 'HeII_4199.83': 1.0477632496592248, 'HeII_4686': 60.9675516678476, 'HeII_5411.53': 4.074164241859376, 'HeI_4471.50': 2.8539476789688742, 'HeI_4713.17': 1.7225578768855592, 'HeI_4921.93': 1.6553857417362747, 'HeI_5015.68': 1.738818794313238, 'HeI_5047.74': 1.3449919006290276, 'HeI_5875.66': 15.388268167621886, 'Hg': 8.278968951170093}","{'Ha': 195.29641061597607, 'Hb': 33.56741584763912, 'Hd': 11.625971526374785, 'HeII_4199.83': 1.0792796277444228, 'HeII_4686': 60.73685250856438, 'HeII_5411.53': 4.497651288297697, 'HeI_4471.50': 3.564280126990971, 'HeI_4713.17': 2.1629921591258228, 'HeI_4921.93': 2.1429296573804497, 'HeI_5015.68': 1.965329981192037, 'HeI_5047.74': 1.3786369701566024, 'HeI_5875.66': 16.283258750869198, 'Hg': 8.720939417653785}","{'Ha': 194.98134086425011, 'Hb': 35.531905680139154, 'Hd': 12.060845647737647, 'HeII_4199.83': 1.1118428427281333, 'HeII_4686': 60.45848992103803, 'HeII_5411.53': 4.922271545707898, 'HeI_4471.50': 4.45841560216729, 'HeI_4713.17': 2.6732271537523995, 'HeI_4921.93': 2.7603070162782024, 'HeI_5015.68': 2.2405149772217823, 'HeI_5047.74': 1.425885766067364, 'HeI_5875.66': 17.719017551495586, 'Hg': 9.216446475482655}","{'Ha': 194.6079759360548, 'Hb': 37.59741465426369, 'Hd': 12.538787457360046, 'HeII_4199.83': 1.1445489233427877, 'HeII_4686': 60.04622673915681, 'HeII_5411.53': 5.338115112244597, 'HeI_4471.50': 5.4082400384216465, 'HeI_4713.17': 3.1737513573805427, 'HeI_4921.93': 3.3988659541947674, 'HeI_5015.68': 2.5109187549211613, 'HeI_5047.74': 1.4746069218355193, 'HeI_5875.66': 19.186966642013545, 'Hg': 9.744767821247839}"
T33000logg4.2,"{'Ha': 203.31682143527487, 'Hb': 36.90255123517003, 'Hd': 17.60682693415398, 'HeII_4199.83': 1.1015868737301704, 'HeII_4686': 71.59934301287095, 'HeII_5411.53': 3.6324920573307375, 'HeI_4471.50': 11.057445947581245, 'HeI_4713.17': 9.015965033138885, 'HeI_4921.93': 14.871037896867865, 'HeI_5015.68': 7.278447308184825, 'HeI_5047.74': 2.0957052628869457, 'HeI_5875.66': 48.58771185127264, 'Hg': 11.048642436157923}","{'Ha': 201.69150558905184, 'Hb': 36.9636229757624, 'Hd': 16.61726329801179, 'HeII_4199.83': 1.092445040324065, 'HeII_4686': 68.07573754572954, 'HeII_5411.53': 3.8085572777923486, 'HeI_4471.50': 7.235387980233131, 'HeI_4713.17': 4.977904902116321, 'HeI_4921.93': 9.094493887887587, 'HeI_5015.68': 4.134441680016005, 'HeI_5047.74': 1.6389430445977538, 'HeI_5875.66': 32.175433049348854, 'Hg': 11.073075938903795}","{'Ha': 200.31591485115825, 'Hb': 37.38652496137539, 'Hd': 16.144936082779832, 'HeII_4199.83': 1.0960165371714528, 'HeII_4686': 65.59313481184996, 'HeII_5411.53': 4.045304302955311, 'HeI_4471.50': 4.8828762797512955, 'HeI_4713.17': 2.7991167999596995, 'HeI_4921.93': 5.5763563308035735, 'HeI_5015.68': 2.5441702154441312, 'HeI_5047.74': 1.4049971050421195, 'HeI_5875.66': 22.122760968660415, 'Hg': 11.181180934179265}","{'Ha': 199.2961720645847, 'Hb': 38.22564092133278, 'Hd': 15.982358836988164, 'HeII_4199.83': 1.1109146317152625, 'HeII_4686': 64.09414599485257, 'HeII_5411.53': 4.340207036737339, 'HeI_4471.50': 3.68133318023201, 'HeI_4713.17': 1.777427988795181, 'HeI_4921.93': 3.60812737675245, 'HeI_5015.68': 1.852585354030555, 'HeI_5047.74': 1.290837289128361, 'HeI_5875.66': 16.758674695266887, 'Hg': 11.383242386741882}","{'Ha': 198.63973034563978, 'Hb': 39.44365384380037, 'Hd': 16.04215739651256, 'HeII_4199.83': 1.1314137246612914, 'HeII_4686': 63.32516021610719, 'HeII_5411.53': 4.676673257631551, 'HeI_4471.50': 3.3561589016174973, 'HeI_4713.17': 1.536804278508612, 'HeI_4921.93': 2.7376693625222943, 'HeI_5015.68': 1.6742988361223512, 'HeI_5047.74': 1.2444542742077964, 'HeI_5875.66': 14.680135938619653, 'Hg': 11.677142503017048}","{'Ha': 198.25870692936192, 'Hb': 40.96074690939365, 'Hd': 16.27198411389526, 'HeII_4199.83': 1.1544360428494034, 'HeII_4686': 62.94362067533251, 'HeII_5411.53': 5.038612627087145, 'HeI_4471.50': 3.6081664472742947, 'HeI_4713.17': 1.7462719286577204, 'HeI_4921.93': 2.574392446005941, 'HeI_5015.68': 1.7601796680630135, 'HeI_5047.74': 1.240484300203279, 'HeI_5875.66': 14.608512009858902, 'Hg': 12.042822516057072}","{'Ha': 198.02612860394, 'Hb': 42.72172320536421, 'Hd': 16.61551935985031, 'HeII_4199.83': 1.1804973826417258, 'HeII_4686': 62.67564736268149, 'HeII_5411.53': 5.419681826337407, 'HeI_4471.50': 4.231111550612202, 'HeI_4713.17': 2.182377353243671, 'HeI_4921.93': 2.8209424066140953, 'HeI_5015.68': 1.9827237461968412, 'HeI_5047.74': 1.2671326747301188, 'HeI_5875.66': 15.647317297797583, 'Hg': 12.468998016304297}","{'Ha': 197.83124509426924, 'Hb': 44.6205331935141, 'Hd': 17.022857707582, 'HeII_4199.83': 1.2074453569042933, 'HeII_4686': 62.36695071570097, 'HeII_5411.53': 5.801765172299337, 'HeI_4471.50': 5.038965944454591, 'HeI_4713.17': 2.6887272967827194, 'HeI_4921.93': 3.2576348452084947, 'HeI_5015.68': 2.2541050515720817, 'HeI_5047.74': 1.3113419664838837, 'HeI_5875.66': 17.164098227932325, 'Hg': 12.937039297713737}","{'Ha': 197.55745890501785, 'Hb': 46.58753972522635, 'Hd': 17.462873093938963, 'HeII_4199.83': 1.2346145572623357, 'HeII_4686': 61.92582426949995, 'HeII_5411.53': 6.176939145710852, 'HeI_4471.50': 5.913278209009939, 'HeI_4713.17': 3.185907973707001, 'HeI_4921.93': 3.759871322325945, 'HeI_5015.68': 2.52160829728183, 'HeI_5047.74': 1.3590028194846575, 'HeI_5875.66': 18.685951439660645, 'Hg': 13.428762704350804}"
T33000logg4.4,"{'Ha': 203.57482589244432, 'Hb': 41.58538676348144, 'Hd': 20.72696590985725, 'HeII_4199.83': 1.3572148144606924, 'HeII_4686': 56.917817486907815, 'HeII_5411.53': 5.545448959927417, 'HeI_4471.50': 10.601646655204439, 'HeI_4713.17': 8.478460889701523, 'HeI_4921.93': 14.992698639666498, 'HeI_5015.68': 6.763100433613798, 'HeI_5047.74': 2.100491191887078, 'HeI_5875.66': 43.913503455700656, 'Hg': 13.74352280857409}","{'Ha': 201.76564953237408, 'Hb': 41.705304556054074, 'Hd': 19.96388233707833, 'HeII_4199.83': 1.3366899623374073, 'HeII_4686': 54.82860586941467, 'HeII_5411.53': 5.704724265449002, 'HeI_4471.50': 7.392744194970513, 'HeI_4713.17': 4.711727699825065, 'HeI_4921.93': 9.62143092308768, 'HeI_5015.68': 3.856154819154262, 'HeI_5047.74': 1.6351508617732504, 'HeI_5875.66': 29.18427957455583, 'Hg': 13.80043494172526}","{'Ha': 200.32778129670066, 'Hb': 42.21723787091015, 'Hd': 19.640550189404014, 'HeII_4199.83': 1.3310514799770115, 'HeII_4686': 53.51635357423849, 'HeII_5411.53': 5.908854161228466, 'HeI_4471.50': 5.40604396472429, 'HeI_4713.17': 2.673915795930442, 'HeI_4921.93': 6.281883343194203, 'HeI_5015.68': 2.384237048888094, 'HeI_5047.74': 1.393974226757734, 'HeI_5875.66': 20.242619917033057, 'Hg': 13.943203720646096}","{'Ha': 199.35653799287545, 'Hb': 43.15947577511392, 'Hd': 19.58053855398488, 'HeII_4199.83': 1.3377941580101047, 'HeII_4686': 52.88788499705363, 'HeII_5411.53': 6.154302224249436, 'HeI_4471.50': 4.393335464993017, 'HeI_4713.17': 1.7281819623276458, 'HeI_4921.93': 4.353073387384734, 'HeI_5015.68': 1.754489398588494, 'HeI_5047.74': 1.2743315675528757, 'HeI_5875.66': 15.559248871366881, 'Hg': 14.177004189189617}","{'Ha': 198.8233109123501, 'Hb': 44.477343193289755, 'Hd': 19.71075743564804, 'HeII_4199.83': 1.350177045453678, 'HeII_4686': 52.72953291104591, 'HeII_5411.53': 6.427352202038119, 'HeI_4471.50': 4.13820697185623, 'HeI_4713.17': 1.524587325762212, 'HeI_4921.93': 3.443146572713464, 'HeI_5015.68': 1.6096926141881227, 'HeI_5047.74': 1.224171496643857, 'HeI_5875.66': 13.867733589874629, 'Hg': 14.497730798283538}","{'Ha': 198.6041899346305, 'Hb': 46.08066250950349, 'Hd': 19.9848088307272, 'HeII_4199.83': 1.3649143164576838, 'HeII_4686': 52.78847909241459, 'HeII_5411.53': 6.7163506136579665, 'HeI_4471.50': 4.39324884189064, 'HeI_4713.17': 1.7503280095822573, 'HeI_4921.93': 3.2074717805512436, 'HeI_5015.68': 1.7150117648054222, 'HeI_5047.74': 1.2177285803044258, 'HeI_5875.66': 14.012830683389739, 'Hg': 14.88294334081742}","{'Ha': 198.55046629951457, 'Hb': 47.91016959431532, 'Hd': 20.35376233790909, 'HeII_4199.83': 1.382454010463661, 'HeII_4686': 52.870728609788934, 'HeII_5411.53': 7.017743474682801, 'HeI_4471.50': 4.983680420572746, 'HeI_4713.17': 2.1926518816258986, 'HeI_4921.93': 3.37366503183452, 'HeI_5015.68': 1.9487397026475772, 'HeI_5047.74': 1.2427383458218602, 'HeI_5875.66': 15.174844072437564, 'Hg': 15.321152985285948}","{'Ha': 198.53430214423094, 'Hb': 49.8555714451152, 'Hd': 20.773292458466248, 'HeII_4199.83': 1.4007920833216663, 'HeII_4686': 52.86011401626135, 'HeII_5411.53': 7.31860899369851, 'HeI_4471.50': 5.745178754911926, 'HeI_4713.17': 2.700594521305819, 'HeI_4921.93': 3.738153314349363, 'HeI_5015.68': 2.226712934186901, 'HeI_5047.74': 1.2858924336651907, 'HeI_5875.66': 16.75793650883559, 'Hg': 15.7938989468261}","{'Ha': 198.4339437024921, 'Hb': 51.84718255235702, 'Hd': 21.215799196905625, 'HeII_4199.83': 1.4194578038591212, 'HeII_4686': 52.70004880368618, 'HeII_5411.53': 7.613901648104034, 'HeI_4471.50': 6.571284026020923, 'HeI_4713.17': 3.197342382158439, 'HeI_4921.93': 4.180778729403362, 'HeI_5015.68': 2.4989526978067436, 'HeI_5047.74': 1.332954738592802, 'HeI_5875.66': 18.321662463532046, 'Hg': 16.28336139923587}"
T34000logg3.4,"{'Ha': 223.3284648164023, 'Hb': 20.35496574954338, 'Hd': 3.99634803532818, 'HeII_4199.83': 3.696368325086647, 'HeII_4686': 42.85195753996871, 'HeII_5411.53': 11.04750486269637, 'HeI_4471.50': 12.421350252985187, 'HeI_4713.17': 5.055035807429404, 'HeI_4921.93': 14.954510815381708, 'HeI_5015.68': 4.516528754582909, 'HeI_5047.74': 2.6940041915497575, 'HeI_5875.66': 66.00500360119767, 'Hg': 3.851275579004514}","{'Ha': 221.4698745136043, 'Hb': 19.099359123610995, 'Hd': 3.327681938172963, 'HeII_4199.83': 3.2187267020797976, 'HeII_4686': 39.27349389218187, 'HeII_5411.53': 9.089595476335763, 'HeI_4471.50': 6.502155924329954, 'HeI_4713.17': 2.8661374501256365, 'HeI_4921.93': 15.01426250617279, 'HeI_5015.68': 2.424071172186931, 'HeI_5047.74': 2.6964586684131477, 'HeI_5875.66': 42.408847108142176, 'Hg': 3.451829962908054}","{'Ha': 219.49153754602273, 'Hb': 18.098988614384513, 'Hd': 2.850399010399229, 'HeII_4199.83': 2.800762106046982, 'HeII_4686': 37.22365289786063, 'HeII_5411.53': 7.479074668177777, 'HeI_4471.50': 3.628077089388284, 'HeI_4713.17': 1.8699835148663526, 'HeI_4921.93': 15.149845825728919, 'HeI_5015.68': 1.5359765111658954, 'HeI_5047.74': 2.7004629062413286, 'HeI_5875.66': 28.22968528926365, 'Hg': 3.1446662584069376}","{'Ha': 217.3959526758375, 'Hb': 17.498061026085292, 'Hd': 2.5624460986402946, 'HeII_4199.83': 2.46288945521557, 'HeII_4686': 36.360225418190325, 'HeII_5411.53': 6.333469903136368, 'HeI_4471.50': 2.5584549963151964, 'HeI_4713.17': 1.5763895878044956, 'HeI_4921.93': 15.337945820613868, 'HeI_5015.68': 1.3067027098434008, 'HeI_5047.74': 2.705506097069293, 'HeI_5875.66': 20.53604498546065, 'Hg': 2.9707086621492085}","{'Ha': 215.2921016119877, 'Hb': 17.40444036905273, 'Hd': 2.48302397302929, 'HeII_4199.83': 2.210067807604513, 'HeII_4686': 36.25766683740643, 'HeII_5411.53': 5.645546819615482, 'HeI_4471.50': 2.6021260400547126, 'HeI_4713.17': 1.7466877374225944, 'HeI_4921.93': 15.553384400219226, 'HeI_5015.68': 1.4056575200544854, 'HeI_5047.74': 2.7107803087607416, 'HeI_5875.66': 17.20965430788355, 'Hg': 2.9546702654964596}","{'Ha': 213.2517548858866, 'Hb': 17.849062733327795, 'Hd': 2.606179052059208, 'HeII_4199.83': 2.0297196897272944, 'HeII_4686': 36.50436057973057, 'HeII_5411.53': 5.3161506128374425, 'HeI_4471.50': 3.2709296617003925, 'HeI_4713.17': 2.1698718895008637, 'HeI_4921.93': 15.779986725568065, 'HeI_5015.68': 1.6488978606670455, 'HeI_5047.74': 2.7161358099133937, 'HeI_5875.66': 16.48766368207266, 'Hg': 3.101233457631907}","{'Ha': 211.28341737486164, 'Hb': 18.82734995567412, 'Hd': 2.902000332034254, 'HeII_4199.83': 1.9016426147951517, 'HeII_4686': 36.81935810618711, 'HeII_5411.53': 5.242163034806471, 'HeI_4471.50': 4.300742856173917, 'HeI_4713.17': 2.703409998342791, 'HeI_4921.93': 16.004634096450246, 'HeI_5015.68': 1.9700907150022984, 'HeI_5047.74': 2.721752730716221, 'HeI_5875.66': 17.189759497505342, 'Hg': 3.4031272819270466}","{'Ha': 209.43920325726967, 'Hb': 20.269805611732245, 'Hd': 3.325086205208524, 'HeII_4199.83': 1.8136008247836888, 'HeII_4686': 37.038241739155445, 'HeII_5411.53': 5.342164090604033, 'HeI_4471.50': 5.442579195468039, 'HeI_4713.17': 3.24221857496401, 'HeI_4921.93': 16.206934894810733, 'HeI_5015.68': 2.2982845565728884, 'HeI_5047.74': 2.727267495691696, 'HeI_5875.66': 18.542697752294128, 'Hg': 3.8369485254704574}","{'Ha': 207.67074183191934, 'Hb': 22.07977250048255, 'Hd': 3.8349959257524597, 'HeII_4199.83': 1.754458196005702, 'HeII_4686': 37.093605505950194, 'HeII_5411.53': 5.545206881466431, 'HeI_4471.50': 6.567792215007655, 'HeI_4713.17': 3.7431924789003563, 'HeI_4921.93': 16.38399827137232, 'HeI_5015.68': 2.5983662607139855, 'HeI_5047.74': 2.732227379188417, 'HeI_5875.66': 19.96388195509625, 'Hg': 4.370541434888676}"
T34000logg3.6,"{'Ha': 222.14749947211175, 'Hb': 20.522405996369923, 'Hd': 5.368164141065982, 'HeII_4199.83': 1.9689896075539792, 'HeII_4686': 67.66326785852026, 'HeII_5411.53': 5.083601514005686, 'HeI_4471.50': 13.266595511150545, 'HeI_4713.17': 8.25956756631937, 'HeI_4921.93': 8.117997919172403, 'HeI_5015.68': 7.029717043598416, 'HeI_5047.74': 2.2379135308623805, 'HeI_5875.66': 68.01298943086073, 'Hg': 3.9838018041075944}","{'Ha': 220.72944564181546, 'Hb': 20.03636273798144, 'Hd': 4.678636844894416, 'HeII_4199.83': 1.8207089762585258, 'HeII_4686': 62.91493902525926, 'HeII_5411.53': 4.26845857446781, 'HeI_4471.50': 7.090000472231828, 'HeI_4713.17': 4.360266944626365, 'HeI_4921.93': 7.663703965019553, 'HeI_5015.68': 3.8224315768638597, 'HeI_5047.74': 2.2220800394566202, 'HeI_5875.66': 44.95455860744356, 'Hg': 3.7860554267407363}","{'Ha': 219.1488693091304, 'Hb': 19.77123504739541, 'Hd': 4.2642286769141045, 'HeII_4199.83': 1.6860173897852202, 'HeII_4686': 59.612929383994704, 'HeII_5411.53': 3.6614575971059105, 'HeI_4471.50': 3.774794903160215, 'HeI_4713.17': 2.362390998972948, 'HeI_4921.93': 7.6553851000515545, 'HeI_5015.68': 2.2863391224881786, 'HeI_5047.74': 2.2254913262795935, 'HeI_5875.66': 30.614153715497373, 'Hg': 3.6662618976066326}","{'Ha': 217.4595874374682, 'Hb': 19.85765770403261, 'Hd': 4.069589464623037, 'HeII_4199.83': 1.5763618860959219, 'HeII_4686': 57.63845143822033, 'HeII_5411.53': 3.317579967330304, 'HeI_4471.50': 2.3185174015554435, 'HeI_4713.17': 1.4850157289766035, 'HeI_4921.93': 7.94619202787576, 'HeI_5015.68': 1.6723203188590556, 'HeI_5047.74': 2.239949008198229, 'HeI_5875.66': 22.62093866798577, 'Hg': 3.66173164052437}","{'Ha': 215.8057394963765, 'Hb': 20.377154949835518, 'Hd': 4.0882582609405915, 'HeII_4199.83': 1.4967334758161486, 'HeII_4686': 56.63565940088593, 'HeII_5411.53': 3.2259755977232465, 'HeI_4471.50': 2.084521105237572, 'HeI_4713.17': 1.3478992845836142, 'HeI_4921.93': 8.420184817535915, 'HeI_5015.68': 1.5536566325543426, 'HeI_5047.74': 2.2592297430562907, 'HeI_5875.66': 19.017750722446767, 'Hg': 3.7914551982706355}","{'Ha': 214.26085034217024, 'Hb': 21.329538569390376, 'Hd': 4.298518223824834, 'HeII_4199.83': 1.4448435425169255, 'HeII_4686': 56.15619654605439, 'HeII_5411.53': 3.329470505258831, 'HeI_4471.50': 2.564177861705528, 'HeI_4713.17': 1.627241442512886, 'HeI_4921.93': 8.98832347492506, 'HeI_5015.68': 1.676228282413852, 'HeI_5047.74': 2.2813110111565966, 'HeI_5875.66': 18.059478410932396, 'Hg': 4.050401690123959}","{'Ha': 212.80084314402347, 'Hb': 22.694099631476828, 'Hd': 4.659841678433772, 'HeII_4199.83': 1.4145354660657157, 'HeII_4686': 55.857884137937106, 'HeII_5411.53': 3.5741629551702445, 'HeI_4471.50': 3.463848672395753, 'HeI_4713.17': 2.107643621046336, 'HeI_4921.93': 9.588977158111222, 'HeI_5015.68': 1.9279740039617412, 'HeI_5047.74': 2.3062861572069204, 'HeI_5875.66': 18.561218094183086, 'Hg': 4.4282003719069305}","{'Ha': 211.41990611283595, 'Hb': 24.386855806214175, 'Hd': 5.120450036804986, 'HeII_4199.83': 1.4005148659274884, 'HeII_4686': 55.5509069906198, 'HeII_5411.53': 3.90646893909551, 'HeI_4471.50': 4.526220956233351, 'HeI_4713.17': 2.6406432498802928, 'HeI_4921.93': 10.151874097513051, 'HeI_5015.68': 2.218920972453815, 'HeI_5047.74': 2.331936583784986, 'HeI_5875.66': 19.75927900625109, 'Hg': 4.901814962395635}","{'Ha': 210.04152112700382, 'Hb': 26.32394565012818, 'Hd': 5.6407446837502935, 'HeII_4199.83': 1.3981422668908028, 'HeII_4686': 55.12369611694667, 'HeII_5411.53': 4.284662754194271, 'HeI_4471.50': 5.6088863334552395, 'HeI_4713.17': 3.1549781311501426, 'HeI_4921.93': 10.658012050549544, 'HeI_5015.68': 2.4978389746144414, 'HeI_5047.74': 2.3556134916773446, 'HeI_5875.66': 21.05666885637456, 'Hg': 5.444531455769477}"
T34000logg3.8,"{'Ha': 220.4330121920179, 'Hb': 24.98790774577097, 'Hd': 8.054435593636285, 'HeII_4199.83': 1.3470908511680277, 'HeII_4686': 84.95851550521624, 'HeII_5411.53': 2.7722134843489643, 'HeI_4471.50': 12.511140383520383, 'HeI_4713.17': 9.046146412319457, 'HeI_4921.93': 5.601965444266198, 'HeI_5015.68': 7.208081107421152, 'HeI_5047.74': 1.9306374565638562, 'HeI_5875.66': 63.44345261832036, 'Hg': 5.344491055467059}","{'Ha': 219.10736939209923, 'Hb': 24.84341792118437, 'Hd': 7.330519695807351, 'HeII_4199.83': 1.3057208628160042, 'HeII_4686': 79.57803825042959, 'HeII_5411.53': 2.489781563988149, 'HeI_4471.50': 6.982664057867705, 'HeI_4713.17': 4.856011359927255, 'HeI_4921.93': 3.9594442300061496, 'HeI_5015.68': 3.9720828100031844, 'HeI_5047.74': 1.842141163242414, 'HeI_5875.66': 42.170285898619305, 'Hg': 5.266210977916632}","{'Ha': 217.70091805971495, 'Hb': 24.952708214473958, 'Hd': 6.9550349045311535, 'HeII_4199.83': 1.270108931650839, 'HeII_4686': 75.58345980081668, 'HeII_5411.53': 2.3415116815897723, 'HeI_4471.50': 3.851134280131752, 'HeI_4713.17': 2.657448795495189, 'HeI_4921.93': 3.271951033710247, 'HeI_5015.68': 2.392011760937581, 'HeI_5047.74': 1.8123306907979135, 'HeI_5875.66': 28.879059099350513, 'Hg': 5.262740692639727}","{'Ha': 216.28090950959356, 'Hb': 25.40854914889691, 'Hd': 6.819313333668034, 'HeII_4199.83': 1.245303324584389, 'HeII_4686': 72.94284453807113, 'HeII_5411.53': 2.3563834186588686, 'HeI_4471.50': 2.3929918144956392, 'HeI_4713.17': 1.650597863840432, 'HeI_4921.93': 3.235316374139795, 'HeI_5015.68': 1.7383327630580556, 'HeI_5047.74': 1.8147935519618827, 'HeI_5875.66': 21.485006276769134, 'Hg': 5.359590597303935}","{'Ha': 214.9600586004253, 'Hb': 26.244491654974954, 'Hd': 6.886650337320677, 'HeII_4199.83': 1.2325207169091164, 'HeII_4686': 71.35369582657364, 'HeII_5411.53': 2.5224559023079203, 'HeI_4471.50': 2.088640302507249, 'HeI_4713.17': 1.4351493426981508, 'HeI_4921.93': 3.624762560477173, 'HeI_5015.68': 1.5934792281551766, 'HeI_5047.74': 1.833590451262218, 'HeI_5875.66': 18.209040089808397, 'Hg': 5.565979236098462}","{'Ha': 213.77600047599532, 'Hb': 27.43271385954503, 'Hd': 7.125164791781858, 'HeII_4199.83': 1.2308117212644556, 'HeII_4686': 70.3660633136871, 'HeII_5411.53': 2.8032788943729527, 'HeI_4471.50': 2.482815559891673, 'HeI_4713.17': 1.6690335227770805, 'HeI_4921.93': 4.256447292010396, 'HeI_5015.68': 1.7013637732841507, 'HeI_5047.74': 1.8622845406493889, 'HeI_5875.66': 17.428510681393178, 'Hg': 5.872142161085647}","{'Ha': 212.6783443066629, 'Hb': 28.94407241229356, 'Hd': 7.4918364991095725, 'HeII_4199.83': 1.2386826858778297, 'HeII_4686': 69.61295666063, 'HeII_5411.53': 3.168065138229896, 'HeI_4471.50': 3.296344675320592, 'HeI_4713.17': 2.1243230060395812, 'HeI_4921.93': 5.0018877411446265, 'HeI_5015.68': 1.9424501337814124, 'HeI_5047.74': 1.8992571310615067, 'HeI_5875.66': 18.029577825771653, 'Hg': 6.268831428125186}","{'Ha': 211.62939907636485, 'Hb': 30.69154404323512, 'Hd': 7.937641793049452, 'HeII_4199.83': 1.2532965442536383, 'HeII_4686': 68.9009958476533, 'HeII_5411.53': 3.578348352600664, 'HeI_4471.50': 4.288392542765467, 'HeI_4713.17': 2.6442076881171173, 'HeI_4921.93': 5.739717431023006, 'HeI_5015.68': 2.2269446492254343, 'HeI_5047.74': 1.939678349587662, 'HeI_5875.66': 19.281556806140827, 'Hg': 6.736232624272256}","{'Ha': 210.54023649444594, 'Hb': 32.602985492062565, 'Hd': 8.42842445554453, 'HeII_4199.83': 1.2724754390129045, 'HeII_4686': 68.09920643940076, 'HeII_5411.53': 4.007529694407829, 'HeI_4471.50': 5.319430409879695, 'HeI_4713.17': 3.151229316626718, 'HeI_4921.93': 6.424662151509564, 'HeI_5015.68': 2.5024150815604815, 'HeI_5047.74': 1.9780100952622064, 'HeI_5875.66': 20.61524097644033, 'Hg': 7.252950208732835}"
T34000logg4.0,"{'Ha': 209.74136032934229, 'Hb': 26.371612228416936, 'Hd': 10.260276611631593, 'HeII_4199.83': 0.9668805610750745, 'HeII_4686': 81.861568550175, 'HeII_5411.53': 1.719601310654974, 'HeI_4471.50': 11.42147291683481, 'HeI_4713.17': 8.797011458390589, 'HeI_4921.93': 6.632511423818105, 'HeI_5015.68': 6.992716659276764, 'HeI_5047.74': 1.8529708756042638, 'HeI_5875.66': 57.217190585857516, 'Hg': 6.362355253645345}","{'Ha': 208.3896072308185, 'Hb': 26.43994370357419, 'Hd': 9.461741570906858, 'HeII_4199.83': 0.9697150310409532, 'HeII_4686': 77.13579746104418, 'HeII_5411.53': 1.7779581655444296, 'HeI_4471.50': 6.660347462967818, 'HeI_4713.17': 4.757889952984054, 'HeI_4921.93': 3.6640183535518824, 'HeI_5015.68': 3.8817491564481403, 'HeI_5047.74': 1.6630164292737324, 'HeI_5875.66': 37.97416335589869, 'Hg': 6.355895342782345}","{'Ha': 207.08960745250857, 'Hb': 26.802384780050964, 'Hd': 9.084208188770402, 'HeII_4199.83': 0.9795701305849555, 'HeII_4686': 73.69966901526837, 'HeII_5411.53': 1.9377184352228263, 'HeI_4471.50': 3.878995456262889, 'HeI_4713.17': 2.6245850825831343, 'HeI_4921.93': 2.111606236294882, 'HeI_5015.68': 2.352443908939326, 'HeI_5047.74': 1.579781557833251, 'HeI_5875.66': 26.02102233410993, 'Hg': 6.427923465583523}","{'Ha': 205.9256986013362, 'Hb': 27.537069997199946, 'Hd': 8.977795132242797, 'HeII_4199.83': 0.9974501035721632, 'HeII_4686': 71.48623191056576, 'HeII_5411.53': 2.2038422153557162, 'HeI_4471.50': 2.5505197175068717, 'HeI_4713.17': 1.6486776507355994, 'HeI_4921.93': 1.5371198089571247, 'HeI_5015.68': 1.7182454751580003, 'HeI_5047.74': 1.554431727604385, 'HeI_5875.66': 19.463951497415433, 'Hg': 6.598589781467646}","{'Ha': 204.97237113203403, 'Hb': 28.646564072162597, 'Hd': 9.082622005443367, 'HeII_4199.83': 1.021061595283191, 'HeII_4686': 70.19691123766076, 'HeII_5411.53': 2.5548596792055505, 'HeI_4471.50': 2.2616685297036696, 'HeI_4713.17': 1.4453636729777444, 'HeI_4921.93': 1.6281250155606266, 'HeI_5015.68': 1.5816729009652803, 'HeI_5047.74': 1.5600691258023736, 'HeI_5875.66': 16.683886710246025, 'Hg': 6.871167094889817}","{'Ha': 204.21827541410366, 'Hb': 30.080349753496318, 'Hd': 9.357283857610483, 'HeII_4199.83': 1.04845789175718, 'HeII_4686': 69.41840169523, 'HeII_5411.53': 2.9623277404393304, 'HeI_4471.50': 2.621713375121248, 'HeI_4713.17': 1.6824480363131153, 'HeI_4921.93': 2.118694557284935, 'HeI_5015.68': 1.6944559789780944, 'HeI_5047.74': 1.5847647364729494, 'HeI_5875.66': 16.199531875064586, 'Hg': 7.231172436776257}","{'Ha': 203.58069156069203, 'Hb': 31.799052752451384, 'Hd': 9.753920219391818, 'HeII_4199.83': 1.079623747583876, 'HeII_4686': 68.81962941583966, 'HeII_5411.53': 3.409432053922226, 'HeI_4471.50': 3.3796165606182615, 'HeI_4713.17': 2.1376667719697777, 'HeI_4921.93': 2.817552591643261, 'HeI_5015.68': 1.937101117388279, 'HeI_5047.74': 1.6242142030916449, 'HeI_5875.66': 16.98595581346348, 'Hg': 7.668452014854676}","{'Ha': 202.98452033420887, 'Hb': 33.70400404651806, 'Hd': 10.221265309758236, 'HeII_4199.83': 1.1123177382591805, 'HeII_4686': 68.22556091905354, 'HeII_5411.53': 3.86774665612552, 'HeI_4471.50': 4.3159740692782576, 'HeI_4713.17': 2.6562545012768006, 'HeI_4921.93': 3.5623661173830237, 'HeI_5015.68': 2.2223087606686818, 'HeI_5047.74': 1.6709642446849589, 'HeI_5875.66': 18.352426942098027, 'Hg': 8.162374999955842}","{'Ha': 202.3258927069178, 'Hb': 35.72329597877157, 'Hd': 10.725545613497136, 'HeII_4199.83': 1.1454061998094593, 'HeII_4686': 67.52416163689561, 'HeII_5411.53': 4.322195883373199, 'HeI_4471.50': 5.3002596593549125, 'HeI_4713.17': 3.1617716190526526, 'HeI_4921.93': 4.2807025832040475, 'HeI_5015.68': 2.498798091356387, 'HeI_5047.74': 1.7166836167884445, 'HeI_5875.66': 19.768909707043253, 'Hg': 8.69242579011451}"
T34000logg4.2,"{'Ha': 206.78453202059418, 'Hb': 33.644955743383846, 'Hd': 14.521764361223665, 'HeII_4199.83': 1.0070663383110612, 'HeII_4686': 79.57078322424985, 'HeII_5411.53': 2.1335858307608833, 'HeI_4471.50': 10.823699520122391, 'HeI_4713.17': 8.559140787286854, 'HeI_4921.93': 9.239009570638427, 'HeI_5015.68': 6.711269220137965, 'HeI_5047.74': 1.8917516000874908, 'HeI_5875.66': 51.5049316023369, 'Hg': 9.368921601828752}","{'Ha': 205.59513796226375, 'Hb': 33.860282062877495, 'Hd': 13.751191757938486, 'HeII_4199.83': 1.009303227111353, 'HeII_4686': 75.24350013588212, 'HeII_5411.53': 2.2776221160473717, 'HeI_4471.50': 6.796570678340125, 'HeI_4713.17': 4.675225062898133, 'HeI_4921.93': 5.189414476299534, 'HeI_5015.68': 3.759168424881177, 'HeI_5047.74': 1.5977559521273383, 'HeI_5875.66': 34.2723995604226, 'Hg': 9.413610067909739}","{'Ha': 204.5115884774327, 'Hb': 34.372774708066295, 'Hd': 13.40915147557235, 'HeII_4199.83': 1.0197659773716086, 'HeII_4686': 72.20338132299709, 'HeII_5411.53': 2.499881301034187, 'HeI_4471.50': 4.353440392743279, 'HeI_4713.17': 2.607175006672431, 'HeI_4921.93': 2.8376427943531755, 'HeI_5015.68': 2.298001851175564, 'HeI_5047.74': 1.456248081575085, 'HeI_5875.66': 23.626566483235134, 'Hg': 9.532665252799417}","{'Ha': 203.6131384472423, 'Hb': 35.23874824625851, 'Hd': 13.331350580166895, 'HeII_4199.83': 1.0384062333116195, 'HeII_4686': 70.3115564257908, 'HeII_5411.53': 2.7995333934481557, 'HeI_4471.50': 3.1356421813587665, 'HeI_4713.17': 1.6600368973640078, 'HeI_4921.93': 1.6849055209909432, 'HeI_5015.68': 1.6924785025555813, 'HeI_5047.74': 1.3973658870039727, 'HeI_5875.66': 17.868931990634305, 'Hg': 9.73915022709327}","{'Ha': 202.93817149810215, 'Hb': 36.438344541343746, 'Hd': 13.448966219826337, 'HeII_4199.83': 1.0615734073390757, 'HeII_4686': 69.2571450997475, 'HeII_5411.53': 3.157198405474736, 'HeI_4471.50': 2.83559843000758, 'HeI_4713.17': 1.4662965743499787, 'HeI_4921.93': 1.3787569241003632, 'HeI_5015.68': 1.5684493583039945, 'HeI_5047.74': 1.3842069537418438, 'HeI_5875.66': 15.547712759770592, 'Hg': 10.032199849460756}","{'Ha': 202.44812380651646, 'Hb': 37.91207957031212, 'Hd': 13.718971244862885, 'HeII_4199.83': 1.0870302181077964, 'HeII_4686': 68.6471336143335, 'HeII_5411.53': 3.55193965088216, 'HeI_4471.50': 3.1315074061530264, 'HeI_4713.17': 1.7043093312463602, 'HeI_4921.93': 1.6051465031970724, 'HeI_5015.68': 1.6877924762889756, 'HeI_5047.74': 1.3994601736253574, 'HeI_5875.66': 15.325484731353738, 'Hg': 10.395533197922262}","{'Ha': 202.0523010626888, 'Hb': 39.620527988874585, 'Hd': 14.095360421313467, 'HeII_4199.83': 1.1152711942716613, 'HeII_4686': 68.17469675039993, 'HeII_5411.53': 3.9739101961066416, 'HeI_4471.50': 3.8048893294845043, 'HeI_4713.17': 2.157452907095215, 'HeI_4921.93': 2.1290052536018673, 'HeI_5015.68': 1.932661333738691, 'HeI_5047.74': 1.4358592235193302, 'HeI_5875.66': 16.266229814920283, 'Hg': 10.820146819264442}","{'Ha': 201.66900364049775, 'Hb': 41.46939159250189, 'Hd': 14.531803947382482, 'HeII_4199.83': 1.1443411637174004, 'HeII_4686': 67.67743981562793, 'HeII_5411.53': 4.4009101281479985, 'HeI_4471.50': 4.659934837831705, 'HeI_4713.17': 2.673413806514201, 'HeI_4921.93': 2.763443204272736, 'HeI_5015.68': 2.2186122884788633, 'HeI_5047.74': 1.4835944108548471, 'HeI_5875.66': 17.720744488351436, 'Hg': 11.288268326553094}","{'Ha': 201.20016482218026, 'Hb': 43.39550288166788, 'Hd': 14.998470464008868, 'HeII_4199.83': 1.1735104834640864, 'HeII_4686': 67.05803477591336, 'HeII_5411.53': 4.822280668971191, 'HeI_4471.50': 5.575079977620907, 'HeI_4713.17': 3.1763009630120775, 'HeI_4921.93': 3.4128986537173294, 'HeI_5015.68': 2.4959618887951414, 'HeI_5047.74': 1.531942903633008, 'HeI_5875.66': 19.196647156304163, 'Hg': 11.782404034110476}"
T34000logg4.4,"{'Ha': 207.65817507388994, 'Hb': 41.271125247333536, 'Hd': 18.956538897189347, 'HeII_4199.83': 1.129197136829572, 'HeII_4686': 82.12626596051145, 'HeII_5411.53': 2.827343754932539, 'HeI_4471.50': 10.33524000669346, 'HeI_4713.17': 8.003334154236406, 'HeI_4921.93': 10.74257904669065, 'HeI_5015.68': 6.199755897571116, 'HeI_5047.74': 1.923147157097776, 'HeI_5875.66': 46.7476361869507, 'Hg': 12.769215271977554}","{'Ha': 206.4650760681601, 'Hb': 41.53385829452251, 'Hd': 18.2861028734734, 'HeII_4199.83': 1.124915851115064, 'HeII_4686': 78.24201887954614, 'HeII_5411.53': 2.9975484441259757, 'HeI_4471.50': 6.981611377229771, 'HeI_4713.17': 4.399196712060036, 'HeI_4921.93': 6.496770793838032, 'HeI_5015.68': 3.4968434116646843, 'HeI_5047.74': 1.5862887942644803, 'HeI_5875.66': 31.194274763866108, 'Hg': 12.84167323167562}","{'Ha': 205.44581116316203, 'Hb': 42.12344068288013, 'Hd': 18.018126385203114, 'HeII_4199.83': 1.1299499789174796, 'HeII_4686': 75.47927857129167, 'HeII_5411.53': 3.2303225338377555, 'HeI_4471.50': 4.906717427471167, 'HeI_4713.17': 2.475459005237571, 'HeI_4921.93': 3.90795190889636, 'HeI_5015.68': 2.159406512426425, 'HeI_5047.74': 1.4190800232967273, 'HeI_5875.66': 21.662559474902135, 'Hg': 12.991226454719}","{'Ha': 204.68764220522706, 'Hb': 43.08360378322355, 'Hd': 17.994757485057796, 'HeII_4199.83': 1.1436949139547334, 'HeII_4686': 73.71948340261082, 'HeII_5411.53': 3.5233144498790923, 'HeI_4471.50': 3.854365522344278, 'HeI_4713.17': 1.605706356526905, 'HeI_4921.93': 2.5189427416955774, 'HeI_5015.68': 1.6167866199024172, 'HeI_5047.74': 1.3443664494208147, 'HeI_5875.66': 16.586077655936876, 'Hg': 13.225746945316045}","{'Ha': 204.20085708802173, 'Hb': 44.37380516122153, 'Hd': 18.14863113878887, 'HeII_4199.83': 1.1617839357969137, 'HeII_4686': 72.69261085535484, 'HeII_5411.53': 3.859163495315053, 'HeI_4471.50': 3.593235146324038, 'HeI_4713.17': 1.4493946794012622, 'HeI_4921.93': 2.0036963421366507, 'HeI_5015.68': 1.5251027776065207, 'HeI_5047.74': 1.3216817883634493, 'HeI_5875.66': 14.648867575004383, 'Hg': 13.540166914887665}","{'Ha': 203.91479685437238, 'Hb': 45.91999682075854, 'Hd': 18.437018312891773, 'HeII_4199.83': 1.1818195442692148, 'HeII_4686': 72.0511073637792, 'HeII_5411.53': 4.220979908261219, 'HeI_4471.50': 3.861947472103177, 'HeI_4713.17': 1.7035445008389483, 'HeI_4921.93': 2.056596815470366, 'HeI_5015.68': 1.6621379191228485, 'HeI_5047.74': 1.3315475969987938, 'HeI_5875.66': 14.638115363613924, 'Hg': 13.91512297839739}","{'Ha': 203.72452863457244, 'Hb': 47.67527141449187, 'Hd': 18.816788697704006, 'HeII_4199.83': 1.2043508571136619, 'HeII_4686': 71.51690331844395, 'HeII_5411.53': 4.602063313227556, 'HeI_4471.50': 4.475542944707243, 'HeI_4713.17': 2.162567841428936, 'HeI_4921.93': 2.439349221773657, 'HeI_5015.68': 1.9160619329101287, 'HeI_5047.74': 1.36533149744346, 'HeI_5875.66': 15.69567784365684, 'Hg': 14.341040494086924}","{'Ha': 203.53512876793746, 'Hb': 49.540422669239334, 'Hd': 19.245914335486678, 'HeII_4199.83': 1.2276373479106746, 'HeII_4686': 70.94691930002766, 'HeII_5411.53': 4.984301803572315, 'HeI_4471.50': 5.262405254475513, 'HeI_4713.17': 2.6797737026538337, 'HeI_4921.93': 2.9659190401493176, 'HeI_5015.68': 2.2067427577230068, 'HeI_5047.74': 1.4122616495486755, 'HeI_5875.66': 17.209709896164128, 'Hg': 14.800716620545746}","{'Ha': 203.24538646135758, 'Hb': 51.45332475821976, 'Hd': 19.697432455182128, 'HeII_4199.83': 1.251152292711907, 'HeII_4686': 70.25319946407994, 'HeII_5411.53': 5.359964262709027, 'HeI_4471.50': 6.112803656658289, 'HeI_4713.17': 3.1820872226443013, 'HeI_4921.93': 3.534095371520707, 'HeI_5015.68': 2.487447575372762, 'HeI_5047.74': 1.4607238392243176, 'HeI_5875.66': 18.72157100854006, 'Hg': 15.277634415327272}"
T35000logg3.4,"{'Ha': 227.6786032947775, 'Hb': 22.167624818682732, 'Hd': 4.386994225076147, 'HeII_4199.83': 4.351395613034068, 'HeII_4686': 43.4481648856542, 'HeII_5411.53': 13.324699347033649, 'HeI_4471.50': 11.31942592643291, 'HeI_4713.17': 4.191964314471591, 'HeI_4921.93': 16.662995319625164, 'HeI_5015.68': 3.315012469275659, 'HeI_5047.74': 2.7713268644251507, 'HeI_5875.66': 59.709341810479664, 'Hg': 4.293413475593346}","{'Ha': 225.6723112141225, 'Hb': 20.717890799617535, 'Hd': 3.707918354270925, 'HeII_4199.83': 3.75444608557193, 'HeII_4686': 39.65106950851241, 'HeII_5411.53': 11.001593167996152, 'HeI_4471.50': 6.112501168748196, 'HeI_4713.17': 2.8154647100955827, 'HeI_4921.93': 16.719334713826203, 'HeI_5015.68': 1.9304358736201532, 'HeI_5047.74': 2.7725491493207506, 'HeI_5875.66': 37.425837604867326, 'Hg': 3.827877303636325}","{'Ha': 223.57350226263165, 'Hb': 19.51106385272874, 'Hd': 3.1740789267210787, 'HeII_4199.83': 3.234482976488365, 'HeII_4686': 37.442277402169445, 'HeII_5411.53': 9.065766863174218, 'HeI_4471.50': 3.728819251398802, 'HeI_4713.17': 2.2654338534081293, 'HeI_4921.93': 16.81015831823561, 'HeI_5015.68': 1.4229013764036407, 'HeI_5047.74': 2.7742465206922446, 'HeI_5875.66': 24.373144933414437, 'Hg': 3.4538655197128443}","{'Ha': 221.34703664448085, 'Hb': 18.694811713393005, 'Hd': 2.808103938533195, 'HeII_4199.83': 2.8141927841986996, 'HeII_4686': 36.47718059964479, 'HeII_5411.53': 7.649195176530743, 'HeI_4471.50': 2.9737780530840747, 'HeI_4713.17': 2.2101327654473, 'HeI_4921.93': 16.92535339551635, 'HeI_5015.68': 1.3977225632910553, 'HeI_5047.74': 2.7762864961866245, 'HeI_5875.66': 17.500752793100812, 'Hg': 3.2128759113271834}","{'Ha': 219.0918859294666, 'Hb': 18.383136101329562, 'Hd': 2.641800011822151, 'HeII_4199.83': 2.497799492255991, 'HeII_4686': 36.313073974924635, 'HeII_5411.53': 6.748856470003243, 'HeI_4471.50': 3.1992901758097565, 'HeI_4713.17': 2.4830697698205904, 'HeI_4921.93': 17.05193022001815, 'HeI_5015.68': 1.5989538940476489, 'HeI_5047.74': 2.7783693792429793, 'HeI_5875.66': 14.727514665338878, 'Hg': 3.1317156604088057}","{'Ha': 216.87294089210127, 'Hb': 18.618539037578618, 'Hd': 2.6772405855831205, 'HeII_4199.83': 2.269179866527619, 'HeII_4686': 36.51898464582134, 'HeII_5411.53': 6.2559783275304905, 'HeI_4471.50': 3.969136117816736, 'HeI_4713.17': 2.930998383915542, 'HeI_4921.93': 17.1829722071143, 'HeI_5015.68': 1.8898605509264992, 'HeI_5047.74': 2.7804387561002843, 'HeI_5875.66': 14.383334555349338, 'Hg': 3.2202185152898597}","{'Ha': 214.71008181799638, 'Hb': 19.406857671095874, 'Hd': 2.8917306448352704, 'HeII_4199.83': 2.103388702272821, 'HeII_4686': 36.804314020897365, 'HeII_5411.53': 6.053875031363785, 'HeI_4471.50': 5.049096723983894, 'HeI_4713.17': 3.448612011410649, 'HeI_4921.93': 17.3117272082895, 'HeI_5015.68': 2.2284979371005096, 'HeI_5047.74': 2.7825649193529025, 'HeI_5875.66': 15.356445947277011, 'Hg': 3.4735949641655273}","{'Ha': 212.6753283103288, 'Hb': 20.691216913531168, 'Hd': 3.248485956810605, 'HeII_4199.83': 1.9861141042125285, 'HeII_4686': 36.99965055182145, 'HeII_5411.53': 6.054455152690231, 'HeI_4471.50': 6.208925009104878, 'HeI_4713.17': 3.953581180887244, 'HeI_4921.93': 17.426700133334368, 'HeI_5015.68': 2.5582276532703725, 'HeI_5047.74': 2.78461424765129, 'HeI_5875.66': 16.89802817054842, 'Hg': 3.870028012309543}","{'Ha': 210.72650404425517, 'Hb': 22.37782468511717, 'Hd': 3.709601481140463, 'HeII_4199.83': 1.9041902893585498, 'HeII_4686': 37.03391691983926, 'HeII_5411.53': 6.178873404988073, 'HeI_4471.50': 7.333231279005859, 'HeI_4713.17': 4.41600527380889, 'HeI_4921.93': 17.526671054730624, 'HeI_5015.68': 2.8540257944575975, 'HeI_5047.74': 2.786422363621231, 'HeI_5875.66': 18.464962819299476, 'Hg': 4.37674007023911}"
T35000logg3.6,"{'Ha': 231.73494702585023, 'Hb': 22.12793244638959, 'Hd': 4.812014261377299, 'HeII_4199.83': 2.8376250754815833, 'HeII_4686': 66.86494167719465, 'HeII_5411.53': 7.9098071783460595, 'HeI_4471.50': 12.654225766890294, 'HeI_4713.17': 6.38389545718679, 'HeI_4921.93': 10.482401893449081, 'HeI_5015.68': 5.589118152766122, 'HeI_5047.74': 2.4453966162386536, 'HeI_5875.66': 66.45991937677185, 'Hg': 4.191054063877736}","{'Ha': 230.2587206170462, 'Hb': 21.519682394716543, 'Hd': 4.291535273997707, 'HeII_4199.83': 2.591736856710232, 'HeII_4686': 62.2196117285826, 'HeII_5411.53': 6.771936617743235, 'HeI_4471.50': 6.673459557201292, 'HeI_4713.17': 3.376751038736543, 'HeI_4921.93': 10.359621425478446, 'HeI_5015.68': 2.99053151843362, 'HeI_5047.74': 2.4449882131992138, 'HeI_5875.66': 43.391969318307716, 'Hg': 3.961808411092798}","{'Ha': 228.59088190189766, 'Hb': 21.114372355753524, 'Hd': 3.9501829848179475, 'HeII_4199.83': 2.362176863588805, 'HeII_4686': 58.981818396383666, 'HeII_5411.53': 5.842141809316094, 'HeI_4471.50': 3.5914710233689835, 'HeI_4713.17': 1.9088222945631497, 'HeI_4921.93': 10.492024132213412, 'HeI_5015.68': 1.8107080527457515, 'HeI_5047.74': 2.4522759772376586, 'HeI_5875.66': 29.24902361269058, 'Hg': 3.8089466789025703}","{'Ha': 226.7570944676087, 'Hb': 21.04293272613022, 'Hd': 3.778810674503608, 'HeII_4199.83': 2.1656639698577513, 'HeII_4686': 57.04011382549605, 'HeII_5411.53': 5.20159639817341, 'HeI_4471.50': 2.3251209246769418, 'HeI_4713.17': 1.3460818531319396, 'HeI_4921.93': 10.79514122772491, 'HeI_5015.68': 1.4104985000280712, 'HeI_5047.74': 2.4642186673463367, 'HeI_5875.66': 21.463408563744952, 'Hg': 3.769374333934465}","{'Ha': 224.90063953633663, 'Hb': 21.39419864359373, 'Hd': 3.7909210024707996, 'HeII_4199.83': 2.011045660507769, 'HeII_4686': 56.04837277484902, 'HeII_5411.53': 4.85625994963745, 'HeI_4471.50': 2.225123507141793, 'HeI_4713.17': 1.3807968476622337, 'HeI_4921.93': 11.197871766774293, 'HeI_5015.68': 1.4154314786361841, 'HeI_5047.74': 2.4778666983310766, 'HeI_5875.66': 18.027803619069118, 'Hg': 3.8628112382703566}","{'Ha': 223.10124112887908, 'Hb': 22.17802646488982, 'Hd': 3.9758607913924413, 'HeII_4199.83': 1.8963830765686887, 'HeII_4686': 55.56754252654538, 'HeII_5411.53': 4.749151479942965, 'HeI_4471.50': 2.7967188546167008, 'HeI_4713.17': 1.7470387978412574, 'HeI_4921.93': 11.64859443812894, 'HeI_5015.68': 1.6089431499221576, 'HeI_5047.74': 2.4924385552957027, 'HeI_5875.66': 17.201083907165085, 'Hg': 4.087172013341864}","{'Ha': 221.35057687262778, 'Hb': 23.38209816105212, 'Hd': 4.304324881297156, 'HeII_4199.83': 1.8127298865939234, 'HeII_4686': 55.26216392494072, 'HeII_5411.53': 4.818216417128893, 'HeI_4471.50': 3.760714230769319, 'HeI_4713.17': 2.266619199395676, 'HeI_4921.93': 12.110185654059865, 'HeI_5015.68': 1.9033636133572842, 'HeI_5047.74': 2.508246748242087, 'HeI_5875.66': 17.80789467251544, 'Hg': 4.43380836397908}","{'Ha': 219.67070110995596, 'Hb': 24.934355123849475, 'Hd': 4.733913990087315, 'HeII_4199.83': 1.754337386656658, 'HeII_4686': 54.946864339536525, 'HeII_5411.53': 5.007548695932375, 'HeI_4471.50': 4.8639587794245625, 'HeI_4713.17': 2.8127981302550404, 'HeI_4921.93': 12.534875585224281, 'HeI_5015.68': 2.218966053812546, 'HeI_5047.74': 2.524113243871646, 'HeI_5875.66': 19.08511716225109, 'Hg': 4.881313524364807}","{'Ha': 217.99926195020592, 'Hb': 26.755281374269355, 'Hd': 5.2293988268846485, 'HeII_4199.83': 1.7151278001677017, 'HeII_4686': 54.5124558880759, 'HeII_5411.53': 5.268579497063561, 'HeI_4471.50': 5.9707345344313545, 'HeI_4713.17': 3.3285603801512926, 'HeI_4921.93': 12.912225534156596, 'HeI_5015.68': 2.5132268167180865, 'HeI_5047.74': 2.5385980211941823, 'HeI_5875.66': 20.44588802385023, 'Hg': 5.403434489737338}"
T35000logg3.8,"{'Ha': 234.78568598655264, 'Hb': 26.19040933204432, 'Hd': 6.773867824979173, 'HeII_4199.83': 1.970218333916297, 'HeII_4686': 86.01835057111055, 'HeII_5411.53': 5.102467972831636, 'HeI_4471.50': 12.472099357857827, 'HeI_4713.17': 7.686383405030968, 'HeI_4921.93': 6.67506967081829, 'HeI_5015.68': 6.182382744825113, 'HeI_5047.74': 2.1225951678049655, 'HeI_5875.66': 65.61915269527177, 'Hg': 5.28769748182295}","{'Ha': 233.4463625371914, 'Hb': 25.890763870040608, 'Hd': 6.294653670041948, 'HeII_4199.83': 1.8798856935257864, 'HeII_4686': 80.65966925189531, 'HeII_5411.53': 4.535163268366187, 'HeI_4471.50': 6.792273036260994, 'HeI_4713.17': 4.064340468992765, 'HeI_4921.93': 5.970856495506566, 'HeI_5015.68': 3.3479062335175707, 'HeI_5047.74': 2.0932449818132173, 'HeI_5875.66': 43.423880878367775, 'Hg': 5.160352079274504}","{'Ha': 231.94954431646033, 'Hb': 25.829672585309844, 'Hd': 6.035592772589664, 'HeII_4199.83': 1.7931761005220401, 'HeII_4686': 76.63227874156487, 'HeII_5411.53': 4.111429476385352, 'HeI_4471.50': 3.6729495708753763, 'HeI_4713.17': 2.218827743502334, 'HeI_4921.93': 5.826398507785654, 'HeI_5015.68': 2.0145487840098193, 'HeI_5047.74': 2.0913069378245726, 'HeI_5875.66': 29.62423612510682, 'Hg': 5.112043858110206}","{'Ha': 230.3354128232588, 'Hb': 26.111851147443993, 'Hd': 5.955508381116516, 'HeII_4199.83': 1.718111092944293, 'HeII_4686': 73.92855886774464, 'HeII_5411.53': 3.879578580162944, 'HeI_4471.50': 2.2768333503466684, 'HeI_4713.17': 1.4288857847807728, 'HeI_4921.93': 6.065695025124314, 'HeI_5015.68': 1.514936925396932, 'HeI_5047.74': 2.1049026384832112, 'HeI_5875.66': 21.95060490835561, 'Hg': 5.170348797703663}","{'Ha': 228.74054889522228, 'Hb': 26.786913395827302, 'Hd': 6.047396680698695, 'HeII_4199.83': 1.659225428801897, 'HeII_4686': 72.2650044695763, 'HeII_5411.53': 3.8390017228810644, 'HeI_4471.50': 2.0422045853402633, 'HeI_4713.17': 1.337941950728584, 'HeI_4921.93': 6.54841323408103, 'HeI_5015.68': 1.4622127080019827, 'HeI_5047.74': 2.1256907270138097, 'HeI_5875.66': 18.526898401485532, 'Hg': 5.345508168444045}","{'Ha': 227.22883251260617, 'Hb': 27.835176415935365, 'Hd': 6.291433758356633, 'HeII_4199.83': 1.617002591732613, 'HeII_4686': 71.20198806879314, 'HeII_5411.53': 3.951079641507549, 'HeI_4471.50': 2.500860355572282, 'HeI_4713.17': 1.6401104233251136, 'HeI_4921.93': 7.161647559344406, 'HeI_5015.68': 1.62444800250194, 'HeI_5047.74': 2.1507256764844738, 'HeI_5875.66': 17.669716885319875, 'Hg': 5.628140874095084}","{'Ha': 225.7708365371414, 'Hb': 29.22852350682982, 'Hd': 6.655581278161756, 'HeII_4199.83': 1.5887704952937578, 'HeII_4686': 70.37635066538655, 'HeII_5411.53': 4.177079221388057, 'HeI_4471.50': 3.3720566091653996, 'HeI_4713.17': 2.131112751745167, 'HeI_4921.93': 7.827003036577869, 'HeI_5015.68': 1.899864672993104, 'HeI_5047.74': 2.1798022737570415, 'HeI_5875.66': 18.23067638106601, 'Hg': 6.007769069691505}","{'Ha': 224.35672136963757, 'Hb': 30.88336778052411, 'Hd': 7.097575640598344, 'HeII_4199.83': 1.5720147805255897, 'HeII_4686': 69.59876243609193, 'HeII_5411.53': 4.475522524231193, 'HeI_4471.50': 4.40931433391234, 'HeI_4713.17': 2.667998419263115, 'HeI_4921.93': 8.460517680317054, 'HeI_5015.68': 2.205253888414935, 'HeI_5047.74': 2.21008239700643, 'HeI_5875.66': 19.462573749900248, 'Hg': 6.463662108137017}","{'Ha': 222.90827863964927, 'Hb': 32.72524125012849, 'Hd': 7.585816747667198, 'HeII_4199.83': 1.5641479931466278, 'HeII_4686': 68.73797285433518, 'HeII_5411.53': 4.813482011847199, 'HeI_4471.50': 5.47339795927869, 'HeI_4713.17': 3.182979459593727, 'HeI_4921.93': 9.036366939941175, 'HeI_5015.68': 2.4941394479575556, 'HeI_5047.74': 2.238223865110563, 'HeI_5875.66': 20.783439703363854, 'Hg': 6.973248258538853}"
T35000logg4.0,"{'Ha': 222.6313401810521, 'Hb': 26.62150944124949, 'Hd': 8.439515939448558, 'HeII_4199.83': 1.1810774596606466, 'HeII_4686': 91.22178674768548, 'HeII_5411.53': 2.2764075665065677, 'HeI_4471.50': 11.777480531268194, 'HeI_4713.17': 8.130200408222434, 'HeI_4921.93': 5.248393269454637, 'HeI_5015.68': 6.463529127515748, 'HeI_5047.74': 1.9236638108819428, 'HeI_5875.66': 61.55366495138793, 'Hg': 6.063275471592636}","{'Ha': 221.37373783186518, 'Hb': 26.65239363196283, 'Hd': 7.969132132409013, 'HeII_4199.83': 1.168820038086766, 'HeII_4686': 85.67446849624044, 'HeII_5411.53': 2.149325330902905, 'HeI_4471.50': 6.677761352734262, 'HeI_4713.17': 4.345759604819229, 'HeI_4921.93': 3.736401095152707, 'HeI_5015.68': 3.542352669248427, 'HeI_5047.74': 1.8374775875517444, 'HeI_5875.66': 40.95612034169285, 'Hg': 6.033967277673127}","{'Ha': 220.06848169846614, 'Hb': 26.94890660436209, 'Hd': 7.7632759380814615, 'HeII_4199.83': 1.162036616759648, 'HeII_4686': 81.51417170690013, 'HeII_5411.53': 2.140903219674156, 'HeI_4471.50': 3.7582285750212057, 'HeI_4713.17': 2.381964380478473, 'HeI_4921.93': 3.0985098993593256, 'HeI_5015.68': 2.1388921709219018, 'HeI_5047.74': 1.8086205218087616, 'HeI_5875.66': 28.09990528560639, 'Hg': 6.0821388646371375}","{'Ha': 218.7645321598373, 'Hb': 27.589592831879365, 'Hd': 7.750851350892567, 'HeII_4199.83': 1.1630692687173987, 'HeII_4686': 78.7173395603344, 'HeII_5411.53': 2.268741913715823, 'HeI_4471.50': 2.3920832297320147, 'HeI_4713.17': 1.5140633486885249, 'HeI_4921.93': 3.0760146263502333, 'HeI_5015.68': 1.5879140303756407, 'HeI_5047.74': 1.8114688714319822, 'HeI_5875.66': 20.972335491190314, 'Hg': 6.229324737450706}","{'Ha': 217.5738867670771, 'Hb': 28.594771494147704, 'Hd': 7.907726513530667, 'HeII_4199.83': 1.171481963453344, 'HeII_4686': 76.9782717426896, 'HeII_5411.53': 2.516288286798188, 'HeI_4471.50': 2.1147790631933967, 'HeI_4713.17': 1.375263401314935, 'HeI_4921.93': 3.4648981635154277, 'HeI_5015.68': 1.5025941704654684, 'HeI_5047.74': 1.830426229298073, 'HeI_5875.66': 17.85222337160779, 'Hg': 6.480781383949064}","{'Ha': 216.52796709902353, 'Hb': 29.927851449938053, 'Hd': 8.206999700782777, 'HeII_4199.83': 1.1861186895107156, 'HeII_4686': 75.84120980942207, 'HeII_5411.53': 2.8507985434928726, 'HeI_4471.50': 2.5069938921634054, 'HeI_4713.17': 1.6494644152278775, 'HeI_4921.93': 4.090466820305366, 'HeI_5015.68': 1.6457786898760056, 'HeI_5047.74': 1.859146854205694, 'HeI_5875.66': 17.162948337281694, 'Hg': 6.82404083846768}","{'Ha': 215.57014627224723, 'Hb': 31.556064083666037, 'Hd': 8.614587011978504, 'HeII_4199.83': 1.2062293856977042, 'HeII_4686': 74.93714205466635, 'HeII_5411.53': 3.24841945494321, 'HeI_4471.50': 3.3048439203161073, 'HeI_4713.17': 2.125198711156493, 'HeI_4921.93': 4.829407492843748, 'HeI_5015.68': 1.9083869397996198, 'HeI_5047.74': 1.8960259844202692, 'HeI_5875.66': 17.819151017712123, 'Hg': 7.249196287269895}","{'Ha': 214.6482568985322, 'Hb': 33.386943102150006, 'Hd': 9.087316496749548, 'HeII_4199.83': 1.2295796402322032, 'HeII_4686': 74.07913298713022, 'HeII_5411.53': 3.6756014464645004, 'HeI_4471.50': 4.2782223264035, 'HeI_4713.17': 2.6544185069339594, 'HeI_4921.93': 5.564056701597928, 'HeI_5015.68': 2.2060067816970017, 'HeI_5047.74': 1.9362840770512788, 'HeI_5875.66': 19.10364903639096, 'Hg': 7.73541414622438}","{'Ha': 213.66640118353337, 'Hb': 35.349292238599624, 'Hd': 9.594718069599061, 'HeII_4199.83': 1.254780332112483, 'HeII_4686': 73.13643420311915, 'HeII_5411.53': 4.111228842625836, 'HeI_4471.50': 5.29272987862422, 'HeI_4713.17': 3.165500838374079, 'HeI_4921.93': 6.24946278570891, 'HeI_5015.68': 2.490381143110257, 'HeI_5047.74': 1.9744743117297787, 'HeI_5875.66': 20.45949428317116, 'Hg': 8.261557543097961}"
T35000logg4.2,"{'Ha': 229.04587092023797, 'Hb': 36.31307119370554, 'Hd': 12.597756429386695, 'HeII_4199.83': 1.1481762932169126, 'HeII_4686': 99.49265163999695, 'HeII_5411.53': 2.114667079479501, 'HeI_4471.50': 11.136030497434316, 'HeI_4713.17': 8.05580370867733, 'HeI_4921.93': 5.446293387113838, 'HeI_5015.68': 6.232714657805652, 'HeI_5047.74': 1.8406241979357425, 'HeI_5875.66': 57.27840651444788, 'Hg': 9.119034183469424}","{'Ha': 227.7126821475166, 'Hb': 36.40136385394671, 'Hd': 12.151370438182921, 'HeII_4199.83': 1.1511635639294062, 'HeII_4686': 94.23754716343865, 'HeII_5411.53': 2.139481349779206, 'HeI_4471.50': 6.74874554572327, 'HeI_4713.17': 4.35065269885746, 'HeI_4921.93': 3.1197844081744486, 'HeI_5015.68': 3.4465512717260425, 'HeI_5047.74': 1.688318901207027, 'HeI_5875.66': 38.33340975890626, 'Hg': 9.132861399904698}","{'Ha': 226.413533197749, 'Hb': 36.78289981503525, 'Hd': 11.986740409973905, 'HeII_4199.83': 1.1593663482611754, 'HeII_4686': 90.21504462384858, 'HeII_5411.53': 2.249390004313552, 'HeI_4471.50': 4.1174852966328785, 'HeI_4713.17': 2.4080662417804404, 'HeI_4921.93': 1.9050955408413366, 'HeI_5015.68': 2.098741204475284, 'HeI_5047.74': 1.6245558404289284, 'HeI_5875.66': 26.519695296136995, 'Hg': 9.224152345324594}","{'Ha': 225.20264940715938, 'Hb': 37.521173222677895, 'Hd': 12.012861944272641, 'HeII_4199.83': 1.1735603475219132, 'HeII_4686': 87.4069323967347, 'HeII_5411.53': 2.454411456232213, 'HeI_4471.50': 2.8202665212780555, 'HeI_4713.17': 1.5433247520160052, 'HeI_4921.93': 1.503549346751744, 'HeI_5015.68': 1.5695694227086825, 'HeI_5047.74': 1.609488645995564, 'HeI_5875.66': 20.004101072617793, 'Hg': 9.406865576451507}","{'Ha': 224.1590154179051, 'Hb': 38.604592549767226, 'Hd': 12.192646761089017, 'HeII_4199.83': 1.1918465419875492, 'HeII_4686': 85.55795506807131, 'HeII_5411.53': 2.7407171385835025, 'HeI_4471.50': 2.505935632824981, 'HeI_4713.17': 1.4002505419614237, 'HeI_4921.93': 1.6717568720033733, 'HeI_5015.68': 1.4931851686546147, 'HeI_5047.74': 1.6203935501459965, 'HeI_5875.66': 17.21696704807728, 'Hg': 9.679027375529996}","{'Ha': 223.27764669120597, 'Hb': 39.976499721563755, 'Hd': 12.495600817059113, 'HeII_4199.83': 1.2128048023300257, 'HeII_4686': 84.2599626260737, 'HeII_5411.53': 3.0858909291027428, 'HeI_4471.50': 2.821293423850929, 'HeI_4713.17': 1.6683266331315465, 'HeI_4921.93': 2.186449036431176, 'HeI_5015.68': 1.6410668725779818, 'HeI_5047.74': 1.6472626332502798, 'HeI_5875.66': 16.705709972109485, 'Hg': 10.024713419141035}","{'Ha': 222.48240259304967, 'Hb': 41.59499773237128, 'Hd': 12.888508176099634, 'HeII_4199.83': 1.2365922509589153, 'HeII_4686': 83.16844816617092, 'HeII_5411.53': 3.476006179581397, 'HeI_4471.50': 3.5296389343248467, 'HeI_4713.17': 2.1386832713036936, 'HeI_4921.93': 2.8838917873987557, 'HeI_5015.68': 1.904814041458372, 'HeI_5047.74': 1.6866652553092654, 'HeI_5875.66': 17.458396215378237, 'Hg': 10.434098075833532}","{'Ha': 221.70590949582723, 'Hb': 43.36616360391459, 'Hd': 13.332385110086495, 'HeII_4199.83': 1.2615251958757392, 'HeII_4686': 82.11678998709114, 'HeII_5411.53': 3.885518890219671, 'HeI_4471.50': 4.421905188589488, 'HeI_4713.17': 2.6639242295034737, 'HeI_4921.93': 3.620104332897624, 'HeI_5015.68': 2.202649164197415, 'HeI_5047.74': 1.7320072803774358, 'HeI_5875.66': 18.79183858114936, 'Hg': 10.888946216181676}","{'Ha': 220.84569733176684, 'Hb': 45.224139565598264, 'Hd': 13.80101080748251, 'HeII_4199.83': 1.2868568949524444, 'HeII_4686': 80.98378188399556, 'HeII_5411.53': 4.299377462858025, 'HeI_4471.50': 5.370335887844925, 'HeI_4713.17': 3.171982136681998, 'HeI_4921.93': 4.330765133720768, 'HeI_5015.68': 2.487613931276816, 'HeI_5047.74': 1.7759674517574453, 'HeI_5875.66': 20.177340005220334, 'Hg': 11.37157957683311}"
T35000logg4.4,"{'Ha': 218.54669624087555, 'Hb': 39.30428166337321, 'Hd': 15.673020919628163, 'HeII_4199.83': 1.094569431638788, 'HeII_4686': 94.05546193787079, 'HeII_5411.53': 2.0307763234305916, 'HeI_4471.50': 9.993647770689508, 'HeI_4713.17': 7.460787262619654, 'HeI_4921.93': 6.513457896102896, 'HeI_5015.68': 5.775717248363654, 'HeI_5047.74': 1.8268004042734767, 'HeI_5875.66': 50.18525058531573, 'Hg': 11.052010066465613}","{'Ha': 217.41298757622846, 'Hb': 39.57735244504639, 'Hd': 15.240930621479778, 'HeII_4199.83': 1.0994586604571313, 'HeII_4686': 89.63204325100715, 'HeII_5411.53': 2.166181700540959, 'HeI_4471.50': 6.430041728309974, 'HeI_4713.17': 4.051894849127315, 'HeI_4921.93': 3.6515876055323293, 'HeI_5015.68': 3.2164740769271356, 'HeI_5047.74': 1.6184555568171302, 'HeI_5875.66': 33.53025250490744, 'Hg': 11.12235039998331}","{'Ha': 216.37697398387257, 'Hb': 40.156642672511744, 'Hd': 15.111472563348348, 'HeII_4199.83': 1.1103617281512281, 'HeII_4686': 86.30247715671082, 'HeII_5411.53': 2.3709729897745606, 'HeI_4471.50': 4.259159194545123, 'HeI_4713.17': 2.264042209727555, 'HeI_4921.93': 2.014269620674943, 'HeI_5015.68': 1.980253474547045, 'HeI_5047.74': 1.523468203748315, 'HeI_5875.66': 23.239517757154943, 'Hg': 11.269589669692902}","{'Ha': 215.50149750708206, 'Hb': 41.08873754501457, 'Hd': 15.177748917701976, 'HeII_4199.83': 1.127497383820697, 'HeII_4686': 84.0254625992045, 'HeII_5411.53': 2.6482132312137185, 'HeI_4471.50': 3.1872655104649787, 'HeI_4713.17': 1.483878330894931, 'HeI_4921.93': 1.2937705399855541, 'HeI_5015.68': 1.5070564256896701, 'HeI_5047.74': 1.4908871329279572, 'HeI_5875.66': 17.67665383588579, 'Hg': 11.50263978676907}","{'Ha': 214.82518060983267, 'Hb': 42.34180203193208, 'Hd': 15.393181617628885, 'HeII_4199.83': 1.1480831798481406, 'HeII_4686': 82.55666893784277, 'HeII_5411.53': 2.9823958833835245, 'HeI_4471.50': 2.950866359435371, 'HeI_4713.17': 1.3824426862309742, 'HeI_4921.93': 1.2378950302859475, 'HeI_5015.68': 1.459328053587981, 'HeI_5047.74': 1.4925102576625247, 'HeI_5875.66': 15.449490104452272, 'Hg': 11.815859833445982}","{'Ha': 214.31032530542018, 'Hb': 43.849350478384174, 'Hd': 15.723777685825402, 'HeII_4199.83': 1.1703692951754583, 'HeII_4686': 81.53333225589382, 'HeII_5411.53': 3.3546778620054574, 'HeI_4471.50': 3.265633711410763, 'HeI_4713.17': 1.6688475153473132, 'HeI_4921.93': 1.6025631757899506, 'HeI_5015.68': 1.6230111608513629, 'HeI_5047.74': 1.5153469759719065, 'HeI_5875.66': 15.267558891952392, 'Hg': 12.191421828606394}","{'Ha': 213.86919340520777, 'Hb': 45.56925956202476, 'Hd': 16.13609661601988, 'HeII_4199.83': 1.1948547528777036, 'HeII_4686': 80.65467524322219, 'HeII_5411.53': 3.7557162838375486, 'HeI_4471.50': 3.9333037878467736, 'HeI_4713.17': 2.1462013388904513, 'HeI_4921.93': 2.201692515511303, 'HeI_5015.68': 1.8946365208646974, 'HeI_5047.74': 1.5543368786551195, 'HeI_5875.66': 16.221623347730624, 'Hg': 12.620301442727438}","{'Ha': 213.42246429588565, 'Hb': 47.40620867349088, 'Hd': 16.591882897621385, 'HeII_4199.83': 1.2200127836588832, 'HeII_4686': 79.7749143357334, 'HeII_5411.53': 4.163880082688206, 'HeI_4471.50': 4.771966079569971, 'HeI_4713.17': 2.672947661180363, 'HeI_4921.93': 2.8782403661285128, 'HeI_5015.68': 2.196548949664314, 'HeI_5047.74': 1.6014962838154976, 'HeI_5875.66': 17.675853593089272, 'Hg': 13.084956192283322}","{'Ha': 212.8740410617403, 'Hb': 49.29901559856403, 'Hd': 17.066034140859554, 'HeII_4199.83': 1.2452492639248454, 'HeII_4686': 78.79213254148219, 'HeII_5411.53': 4.568345315006416, 'HeI_4471.50': 5.668146325320722, 'HeI_4713.17': 3.1805744864746996, 'HeI_4921.93': 3.5547207596442867, 'HeI_5015.68': 2.4844446273346135, 'HeI_5047.74': 1.64811318142473, 'HeI_5875.66': 19.147844154132006, 'Hg': 13.568959933339091}"
T36000logg3.6,"{'Ha': 240.7822406235629, 'Hb': 24.408226425199665, 'Hd': 4.748649033650064, 'HeII_4199.83': 3.9432891819045137, 'HeII_4686': 72.2309570536551, 'HeII_5411.53': 11.854610932610946, 'HeI_4471.50': 11.583595197919438, 'HeI_4713.17': 4.660727845472854, 'HeI_4921.93': 12.231007439730444, 'HeI_5015.68': 3.903752129061863, 'HeI_5047.74': 2.5724663195853696, 'HeI_5875.66': 62.070195735462214, 'Hg': 4.58078950091223}","{'Ha': 239.194409014516, 'Hb': 23.667483181306725, 'Hd': 4.287205830877002, 'HeII_4199.83': 3.561426928256349, 'HeII_4686': 66.9271079132088, 'HeII_5411.53': 10.251303299847786, 'HeI_4471.50': 6.127729485029644, 'HeI_4713.17': 2.7053658058748122, 'HeI_4921.93': 12.231513826830263, 'HeI_5015.68': 2.153444990421675, 'HeI_5047.74': 2.575027796249181, 'HeI_5875.66': 39.66167625677138, 'Hg': 4.322271611423298}","{'Ha': 237.42064125235532, 'Hb': 23.10742427060974, 'Hd': 3.9488739174029313, 'HeII_4199.83': 3.205016818534919, 'HeII_4686': 63.134549984015955, 'HeII_5411.53': 8.871586930113281, 'HeI_4471.50': 3.469640948226015, 'HeI_4713.17': 1.8359619814066743, 'HeI_4921.93': 12.392110219353459, 'HeI_5015.68': 1.445454092085061, 'HeI_5047.74': 2.5811295677742905, 'HeI_5875.66': 26.24554199034121, 'Hg': 4.133816684785358}","{'Ha': 235.43443801582436, 'Hb': 22.85234835453281, 'Hd': 3.749290193010406, 'HeII_4199.83': 2.8967976407916964, 'HeII_4686': 60.77444280839244, 'HeII_5411.53': 7.830669547172878, 'HeI_4471.50': 2.5004535278673443, 'HeI_4713.17': 1.6111741561047763, 'HeI_4921.93': 12.659175847026793, 'HeI_5015.68': 1.3116987907726976, 'HeI_5047.74': 2.589485508491199, 'HeI_5875.66': 19.039687877021297, 'Hg': 4.051617540874212}","{'Ha': 233.3647375724778, 'Hb': 22.99619841840797, 'Hd': 3.7125521136609407, 'HeII_4199.83': 2.648650591171581, 'HeII_4686': 59.48433602654962, 'HeII_5411.53': 7.151976384326478, 'HeI_4471.50': 2.5865569793233885, 'HeI_4713.17': 1.8128013617265428, 'HeI_4921.93': 12.985081655985423, 'HeI_5015.68': 1.460408467976123, 'HeI_5047.74': 2.5985181452705635, 'HeI_5875.66': 16.016139280544458, 'Hg': 4.097278264191825}","{'Ha': 231.29028746537722, 'Hb': 23.56278548425817, 'Hd': 3.8366513731348184, 'HeII_4199.83': 2.4571399633010134, 'HeII_4686': 58.78382589153111, 'HeII_5411.53': 6.774003059352658, 'HeI_4471.50': 3.271562357813906, 'HeI_4713.17': 2.2461778398457666, 'HeI_4921.93': 13.33826793323747, 'HeI_5015.68': 1.7293660819020726, 'HeI_5047.74': 2.607873393931005, 'HeI_5875.66': 15.484442230620582, 'Hg': 4.273827644698023}","{'Ha': 229.21956141732656, 'Hb': 24.553629102585823, 'Hd': 4.102218563455698, 'HeII_4199.83': 2.3090142367157642, 'HeII_4686': 58.303628100163756, 'HeII_5411.53': 6.620270215192522, 'HeI_4471.50': 4.303225771575733, 'HeI_4713.17': 2.7789917367021633, 'HeI_4921.93': 13.694458934208704, 'HeI_5015.68': 2.0618651828026033, 'HeI_5047.74': 2.6178205938590096, 'HeI_5875.66': 16.311731030092908, 'Hg': 4.576168950568922}","{'Ha': 227.2081311506738, 'Hb': 25.914748053027722, 'Hd': 4.4771271883789705, 'HeII_4199.83': 2.197267594681249, 'HeII_4686': 57.84456647878831, 'HeII_5411.53': 6.629194091763586, 'HeI_4471.50': 5.441904996162006, 'HeI_4713.17': 3.3117412232886294, 'HeI_4921.93': 14.019072861933179, 'HeI_5015.68': 2.393930204543342, 'HeI_5047.74': 2.6276852257928125, 'HeI_5875.66': 17.747265440974193, 'Hg': 4.985801648839138}","{'Ha': 225.2128945237561, 'Hb': 27.574438016655872, 'Hd': 4.930664292646174, 'HeII_4199.83': 2.113727389881546, 'HeII_4686': 57.280798118971425, 'HeII_5411.53': 6.741558293165614, 'HeI_4471.50': 6.563523391856633, 'HeI_4713.17': 3.8042542076585026, 'HeI_4921.93': 14.305869452057783, 'HeI_5015.68': 2.695008722625069, 'HeI_5047.74': 2.6366319789142167, 'HeI_5875.66': 19.231886977410003, 'Hg': 5.477366049683878}"
T36000logg3.8,"{'Ha': 240.49263790787134, 'Hb': 26.363737029841616, 'Hd': 5.969078239609806, 'HeII_4199.83': 2.7191318825178064, 'HeII_4686': 88.959472059911, 'HeII_5411.53': 7.70784341935044, 'HeI_4471.50': 11.884348918650748, 'HeI_4713.17': 6.177005143497991, 'HeI_4921.93': 8.065125057115761, 'HeI_5015.68': 5.030313680098266, 'HeI_5047.74': 2.2844793685375597, 'HeI_5875.66': 63.54079411986518, 'Hg': 5.2037583735739945}","{'Ha': 239.19636180703066, 'Hb': 26.079391290796675, 'Hd': 5.620423865483585, 'HeII_4199.83': 2.564533830317125, 'HeII_4686': 83.4102586632533, 'HeII_5411.53': 6.881273185180853, 'HeI_4471.50': 6.358230142267687, 'HeI_4713.17': 3.280486445809449, 'HeI_4921.93': 7.7038148885841835, 'HeI_5015.68': 2.7078023567128224, 'HeI_5047.74': 2.2754329903845796, 'HeI_5875.66': 41.49746448078845, 'Hg': 5.074831267031702}","{'Ha': 237.70933564731914, 'Hb': 26.001028947583332, 'Hd': 5.419464442108248, 'HeII_4199.83': 2.412734686498472, 'HeII_4686': 79.1834166107351, 'HeII_5411.53': 6.198589609027043, 'HeI_4471.50': 3.4383568880698694, 'HeI_4713.17': 1.8666756776306408, 'HeI_4921.93': 7.738297549417474, 'HeI_5015.68': 1.671512088297829, 'HeI_5047.74': 2.2810717896981414, 'HeI_5875.66': 27.978176141284358, 'Hg': 5.020016581901745}","{'Ha': 236.03819735967798, 'Hb': 26.229353059705232, 'Hd': 5.360150833993514, 'HeII_4199.83': 2.2750842406858984, 'HeII_4686': 76.2980091156068, 'HeII_5411.53': 5.727447720274088, 'HeI_4471.50': 2.2155052260217643, 'HeI_4713.17': 1.3325416793381275, 'HeI_4921.93': 8.04086172577849, 'HeI_5015.68': 1.3479774917192011, 'HeI_5047.74': 2.2952986536562707, 'HeI_5875.66': 20.566230867613207, 'Hg': 5.066759720338686}","{'Ha': 234.32186544240972, 'Hb': 26.823837766764832, 'Hd': 5.450056445845567, 'HeII_4199.83': 2.159648910163286, 'HeII_4686': 74.47888899086095, 'HeII_5411.53': 5.480129874756147, 'HeI_4471.50': 2.1113349099821686, 'HeI_4713.17': 1.3803498017421993, 'HeI_4921.93': 8.507957328419664, 'HeI_5015.68': 1.3951718299361946, 'HeI_5047.74': 2.3131302800594677, 'HeI_5875.66': 17.346631821341692, 'Hg': 5.226926311569196}","{'Ha': 232.63557104258072, 'Hb': 27.77791766602468, 'Hd': 5.677463779902899, 'HeII_4199.83': 2.0681518684536258, 'HeII_4686': 73.280323501839, 'HeII_5411.53': 5.418099112660903, 'HeI_4471.50': 2.6643300222916464, 'HeI_4713.17': 1.7515770240526884, 'HeI_4921.93': 9.059965471798204, 'HeI_5015.68': 1.6131872474510525, 'HeI_5047.74': 2.333016709373185, 'HeI_5875.66': 16.645292675594376, 'Hg': 5.494045048908939}","{'Ha': 230.96563217194142, 'Hb': 29.074583149000564, 'Hd': 6.019481130589392, 'HeII_4199.83': 1.9965904004035577, 'HeII_4686': 72.33200742192058, 'HeII_5411.53': 5.49615034119948, 'HeI_4471.50': 3.604086930474663, 'HeI_4713.17': 2.2725253434787462, 'HeI_4921.93': 9.640875333978844, 'HeI_5015.68': 1.9207734241711654, 'HeI_5047.74': 2.3551593067924887, 'HeI_5875.66': 17.327889741924213, 'Hg': 5.8595449074456685}","{'Ha': 229.32557373750507, 'Hb': 30.64217939534786, 'Hd': 6.441392929292733, 'HeII_4199.83': 1.9426186750292784, 'HeII_4686': 71.44425618436667, 'HeII_5411.53': 5.671416603946656, 'HeI_4471.50': 4.686767846635177, 'HeI_4713.17': 2.8181591662200454, 'HeI_4921.93': 10.185038488953694, 'HeI_5015.68': 2.2435788764157687, 'HeI_5047.74': 2.3777120118359756, 'HeI_5875.66': 18.650787990895, 'Hg': 6.303886411934626}","{'Ha': 227.65218337002537, 'Hb': 32.41261010327812, 'Hd': 6.9150201283381065, 'HeII_4199.83': 1.9028943056571563, 'HeII_4686': 70.48272038285522, 'HeII_5411.53': 5.905977604983622, 'HeI_4471.50': 5.779217245797767, 'HeI_4713.17': 3.3325085789131403, 'HeI_4921.93': 10.674970935599559, 'HeI_5015.68': 2.542504537489668, 'HeI_5047.74': 2.3984623647944194, 'HeI_5875.66': 20.044829682590446, 'Hg': 6.804879449077181}"
T36000logg4.0,"{'Ha': 239.46145850843274, 'Hb': 27.850815630840863, 'Hd': 7.332653789445667, 'HeII_4199.83': 1.6426691315802753, 'HeII_4686': 95.02149339761242, 'HeII_5411.53': 4.416959334518776, 'HeI_4471.50': 11.512450758364498, 'HeI_4713.17': 6.969707009283116, 'HeI_4921.93': 5.862962762829889, 'HeI_5015.68': 5.484233373336942, 'HeI_5047.74': 2.063004565984173, 'HeI_5875.66': 62.68687746155114, 'Hg': 5.9389721137434694}","{'Ha': 238.1894478542847, 'Hb': 27.7364106023939, 'Hd': 7.023808287910648, 'HeII_4199.83': 1.5955995858692442, 'HeII_4686': 89.26476163764488, 'HeII_5411.53': 4.00298737266526, 'HeI_4471.50': 6.3514003552715215, 'HeI_4713.17': 3.6933552147123057, 'HeI_4921.93': 5.0154168080288795, 'HeI_5015.68': 2.971292708799212, 'HeI_5047.74': 2.024811650454546, 'HeI_5875.66': 41.48347839904713, 'Hg': 5.870215650155243}","{'Ha': 236.78140255878557, 'Hb': 27.875737744512747, 'Hd': 6.889402732479723, 'HeII_4199.83': 1.5527679185643504, 'HeII_4686': 84.88131963530351, 'HeII_5411.53': 3.7238107793231796, 'HeI_4471.50': 3.486798328217571, 'HeI_4713.17': 2.042400266005534, 'HeI_4921.93': 4.780242807791696, 'HeI_5015.68': 1.8122276978442666, 'HeI_5047.74': 2.01897535089004, 'HeI_5875.66': 28.33178986772541, 'Hg': 5.8821607986945565}","{'Ha': 235.27002051034387, 'Hb': 28.359219254511018, 'Hd': 6.906232078266698, 'HeII_4199.83': 1.5185554705611262, 'HeII_4686': 81.87173706961963, 'HeII_5411.53': 3.6154857160689287, 'HeI_4471.50': 2.207554993076247, 'HeI_4713.17': 1.3648163748371949, 'HeI_4921.93': 4.974203314949364, 'HeI_5015.68': 1.4100919020763802, 'HeI_5047.74': 2.031417150913768, 'HeI_5875.66': 21.059697124802724, 'Hg': 5.998283001976303}","{'Ha': 233.7874771750515, 'Hb': 29.220206368847904, 'Hd': 7.070491184283663, 'HeII_4199.83': 1.4948238675618388, 'HeII_4686': 79.9459872365865, 'HeII_5411.53': 3.670595384218524, 'HeI_4471.50': 2.0152353987207947, 'HeI_4713.17': 1.3332748879304832, 'HeI_4921.93': 5.447310921746625, 'HeI_5015.68': 1.411784528497133, 'HeI_5047.74': 2.0525680787508502, 'HeI_5875.66': 17.872075018940965, 'Hg': 6.2248270141433295}","{'Ha': 232.39017528887686, 'Hb': 30.428263244452427, 'Hd': 7.363930672207616, 'HeII_4199.83': 1.4814992631100865, 'HeII_4686': 78.64702491239325, 'HeII_5411.53': 3.85219788103001, 'HeI_4471.50': 2.481347949863917, 'HeI_4713.17': 1.6644488673010356, 'HeI_4921.93': 6.074430375082266, 'HeI_5015.68': 1.6051855653342268, 'HeI_5047.74': 2.078896762753113, 'HeI_5875.66': 17.154462882415125, 'Hg': 6.549674238562302}","{'Ha': 231.04237377939984, 'Hb': 31.951261814921075, 'Hd': 7.760699090298082, 'HeII_4199.83': 1.4769232174516607, 'HeII_4686': 77.59753209362455, 'HeII_5411.53': 4.127044135474147, 'HeI_4471.50': 3.3419280846424257, 'HeI_4713.17': 2.168261147013035, 'HeI_4921.93': 6.768050465545793, 'HeI_5015.68': 1.898202758598365, 'HeI_5047.74': 2.10997656076936, 'HeI_5875.66': 17.80158235746533, 'Hg': 6.961985108976647}","{'Ha': 229.72386139773434, 'Hb': 33.69963584604647, 'Hd': 8.223188789186132, 'HeII_4199.83': 1.4790293492737123, 'HeII_4686': 76.61039118615402, 'HeII_5411.53': 4.45753006101887, 'HeI_4471.50': 4.363374365952931, 'HeI_4713.17': 2.7091988772829065, 'HeI_4921.93': 7.436777666900293, 'HeI_5015.68': 2.213453731956726, 'HeI_5047.74': 2.1426056437539587, 'HeI_5875.66': 19.085858898011296, 'Hg': 7.440289034012224}","{'Ha': 228.35240964132197, 'Hb': 35.600232369919574, 'Hd': 8.723322901679893, 'HeII_4199.83': 1.4860772429118458, 'HeII_4686': 75.5500741377012, 'HeII_5411.53': 4.815765444293927, 'HeI_4471.50': 5.412906688147992, 'HeI_4713.17': 3.2243405246278902, 'HeI_4921.93': 8.05035467240292, 'HeI_5015.68': 2.5086892038599986, 'HeI_5047.74': 2.173064938487232, 'HeI_5875.66': 20.44385323134539, 'Hg': 7.962541289477436}"
T36000logg4.2,"{'Ha': 239.5103882917972, 'Hb': 33.097139092633526, 'Hd': 10.107830274267465, 'HeII_4199.83': 1.304869654955344, 'HeII_4686': 101.2634886556927, 'HeII_5411.53': 3.0607460423757566, 'HeI_4471.50': 10.691103218246758, 'HeI_4713.17': 7.089057704319974, 'HeI_4921.93': 4.7560428863333, 'HeI_5015.68': 5.401390232805448, 'HeI_5047.74': 1.9151131116769098, 'HeI_5875.66': 58.098580956935145, 'Hg': 7.818800648223334}","{'Ha': 238.25237044986198, 'Hb': 33.10655246689125, 'Hd': 9.840799066668698, 'HeII_4199.83': 1.3007401550904882, 'HeII_4686': 95.71472922715152, 'HeII_5411.53': 2.9196651674389265, 'HeI_4471.50': 6.199828809910731, 'HeI_4713.17': 3.786470899961626, 'HeI_4921.93': 3.285557845687671, 'HeI_5015.68': 2.953024742065147, 'HeI_5047.74': 1.8332720897955068, 'HeI_5875.66': 38.64656851947927, 'Hg': 7.805047699398814}","{'Ha': 236.93111836479574, 'Hb': 33.402922110521615, 'Hd': 9.764405355278937, 'HeII_4199.83': 1.3006631580326367, 'HeII_4686': 91.41699112234863, 'HeII_5411.53': 2.8840086159858096, 'HeI_4471.50': 3.5965287730036315, 'HeI_4713.17': 2.098430829900837, 'HeI_4921.93': 2.6422486739320936, 'HeI_5015.68': 1.8121393233096854, 'HeI_5047.74': 1.8063081632292655, 'HeI_5875.66': 26.564981592020793, 'Hg': 7.872737131489584}","{'Ha': 235.58901372948904, 'Hb': 34.05948558907859, 'Hd': 9.838267819452069, 'HeII_4199.83': 1.3060320833810222, 'HeII_4686': 88.39611482003524, 'HeII_5411.53': 2.972814907618169, 'HeI_4471.50': 2.379794312052308, 'HeI_4713.17': 1.3915794142133366, 'HeI_4921.93': 2.6015087380399726, 'HeI_5015.68': 1.4110775750083506, 'HeI_5047.74': 1.809944269626253, 'HeI_5875.66': 19.921327878834457, 'Hg': 8.039001288069855}","{'Ha': 234.33576462742832, 'Hb': 35.08057443189429, 'Hd': 10.046943318488712, 'HeII_4199.83': 1.3160818419556415, 'HeII_4686': 86.39724148811172, 'HeII_5411.53': 3.174019665319703, 'HeI_4471.50': 2.156790681038841, 'HeI_4713.17': 1.3393743604108512, 'HeI_4921.93': 2.972589180825097, 'HeI_5015.68': 1.410724488845924, 'HeI_5047.74': 1.8292107001958073, 'HeI_5875.66': 17.083238623376452, 'Hg': 8.303814317920152}","{'Ha': 233.19885806449727, 'Hb': 36.415775859214676, 'Hd': 10.36850351555484, 'HeII_4199.83': 1.330068878132192, 'HeII_4686': 84.9930429206115, 'HeII_5411.53': 3.4588243182393517, 'HeI_4471.50': 2.5577051423314896, 'HeI_4713.17': 1.6570627148244998, 'HeI_4921.93': 3.5851185236498484, 'HeI_5015.68': 1.603043145874093, 'HeI_5047.74': 1.857961997497469, 'HeI_5875.66': 16.55847330388817, 'Hg': 8.651689430138171}","{'Ha': 232.1232528307379, 'Hb': 38.023677501897424, 'Hd': 10.777479896768757, 'HeII_4199.83': 1.3476609325922988, 'HeII_4686': 83.82251116839396, 'HeII_5411.53': 3.805282968961858, 'HeI_4471.50': 3.341742339951154, 'HeI_4713.17': 2.1529976973207305, 'HeI_4921.93': 4.316641511737585, 'HeI_5015.68': 1.8940933270141012, 'HeI_5047.74': 1.894631292362985, 'HeI_5875.66': 17.31453189000302, 'Hg': 9.07169879734075}","{'Ha': 231.06474865185834, 'Hb': 39.80899656640472, 'Hd': 11.238304308074522, 'HeII_4199.83': 1.3672305740206663, 'HeII_4686': 82.71226583652879, 'HeII_5411.53': 4.18323260357726, 'HeI_4471.50': 4.2946530010639785, 'HeI_4713.17': 2.6897818610390245, 'HeI_4921.93': 5.050307812393276, 'HeI_5015.68': 2.2080371726559576, 'HeI_5047.74': 1.934539437697606, 'HeI_5875.66': 18.658439159857036, 'Hg': 9.543627366889625}","{'Ha': 229.93033612419796, 'Hb': 41.70125929307804, 'Hd': 11.725837456158693, 'HeII_4199.83': 1.3879094185354068, 'HeII_4686': 81.53014008900189, 'HeII_5411.53': 4.573028930918843, 'HeI_4471.50': 5.2898802903063284, 'HeI_4713.17': 3.202829126148671, 'HeI_4921.93': 5.7400531489183395, 'HeI_5015.68': 2.5030028015608843, 'HeI_5047.74': 1.9724070841046402, 'HeI_5875.66': 20.055711257584885, 'Hg': 10.047927287403585}"
T36000logg4.4,"{'Ha': 233.617442221856, 'Hb': 38.36113009557417, 'Hd': 13.289390364573526, 'HeII_4199.83': 1.1794551203684422, 'HeII_4686': 102.29157563750682, 'HeII_5411.53': 2.4546137788611873, 'HeI_4471.50': 9.846856204118565, 'HeI_4713.17': 6.833020373696831, 'HeI_4921.93': 4.506762369180899, 'HeI_5015.68': 5.212432434124162, 'HeI_5047.74': 1.8510861872481181, 'HeI_5875.66': 53.911070530947455, 'Hg': 10.018100556795524}","{'Ha': 232.46417042553495, 'Hb': 38.55004179860204, 'Hd': 13.062580241098388, 'HeII_4199.83': 1.1869979116567453, 'HeII_4686': 97.68079694812715, 'HeII_5411.53': 2.5048716551842904, 'HeI_4471.50': 6.0430503520663486, 'HeI_4713.17': 3.679654046520032, 'HeI_4921.93': 2.719182067177476, 'HeI_5015.68': 2.87385032612293, 'HeI_5047.74': 1.733641375762324, 'HeI_5875.66': 36.048507408871686, 'Hg': 10.064742304362019}","{'Ha': 231.33192924112782, 'Hb': 39.04290422077519, 'Hd': 13.041794569809507, 'HeII_4199.83': 1.1988519336963437, 'HeII_4686': 94.06394284590262, 'HeII_5411.53': 2.630118028168946, 'HeI_4471.50': 3.7728665805379222, 'HeI_4713.17': 2.0585810814652326, 'HeI_4921.93': 1.8158162054024891, 'HeI_5015.68': 1.7794133370447351, 'HeI_5047.74': 1.6879087973618705, 'HeI_5875.66': 24.9788563911641, 'Hg': 10.192602580160138}","{'Ha': 230.25451453359926, 'Hb': 39.8940925552526, 'Hd': 13.170643076007245, 'HeII_4199.83': 1.2154591119643827, 'HeII_4686': 91.47549747537485, 'HeII_5411.53': 2.8396606815676635, 'HeI_4471.50': 2.6853508026908357, 'HeI_4713.17': 1.3836098769435055, 'HeI_4921.93': 1.5866595731855888, 'HeI_5015.68': 1.39712084282859, 'HeI_5047.74': 1.6821417577426017, 'HeI_5875.66': 18.936399262762173, 'Hg': 10.41196136141107}","{'Ha': 229.3103068942107, 'Hb': 41.0820890761698, 'Hd': 13.42387503900074, 'HeII_4199.83': 1.2350771805735825, 'HeII_4686': 89.71396864828688, 'HeII_5411.53': 3.1216657540353108, 'HeI_4471.50': 2.478795223251402, 'HeI_4713.17': 1.3436940553002357, 'HeI_4921.93': 1.8389045127416335, 'HeI_5015.68': 1.4043184084501665, 'HeI_5047.74': 1.6975040378873942, 'HeI_5875.66': 16.43073840983823, 'Hg': 10.717156202885784}","{'Ha': 228.4971827672937, 'Hb': 42.54314650801161, 'Hd': 13.776088920456315, 'HeII_4199.83': 1.256642385396936, 'HeII_4686': 88.42374458388689, 'HeII_5411.53': 3.4563724663930078, 'HeI_4471.50': 2.843833611989551, 'HeI_4713.17': 1.6642442025873259, 'HeI_4921.93': 2.3855931540645563, 'HeI_5015.68': 1.600170794847842, 'HeI_5047.74': 1.7258242706587266, 'HeI_5875.66': 16.08732522394197, 'Hg': 11.090415859973799}","{'Ha': 227.74621900254232, 'Hb': 44.23261703162696, 'Hd': 14.202355316960944, 'HeII_4199.83': 1.2803773683611819, 'HeII_4686': 87.29812646561334, 'HeII_5411.53': 3.831196780045894, 'HeI_4471.50': 3.5686365967480485, 'HeI_4713.17': 2.159427264745663, 'HeI_4921.93': 3.087889837836818, 'HeI_5015.68': 1.891881643418796, 'HeI_5047.74': 1.7645226601085993, 'HeI_5875.66': 16.94421847821285, 'Hg': 11.521628681314109}","{'Ha': 226.99377488432006, 'Hb': 46.05344334365669, 'Hd': 14.668839112682868, 'HeII_4199.83': 1.3048196637615708, 'HeII_4686': 86.19528365057305, 'HeII_5411.53': 4.222531434989983, 'HeI_4471.50': 4.460540574532591, 'HeI_4713.17': 2.6943196024527074, 'HeI_4921.93': 3.8183000513925553, 'HeI_5015.68': 2.205691881790322, 'HeI_5047.74': 1.8078750925340177, 'HeI_5875.66': 18.340680121856394, 'Hg': 11.991987267544067}","{'Ha': 226.14317759484163, 'Hb': 47.94083144734422, 'Hd': 15.152631104739271, 'HeII_4199.83': 1.3293562768611824, 'HeII_4686': 85.00542892025774, 'HeII_5411.53': 4.616837807229587, 'HeI_4471.50': 5.402393329128383, 'HeI_4713.17': 3.205388515908389, 'HeI_4921.93': 4.52090607491856, 'HeI_5015.68': 2.50081884540549, 'HeI_5047.74': 1.8495436880075187, 'HeI_5875.66': 19.77044746903498, 'Hg': 12.484103089692143}"
T37000logg3.6,"{'Ha': 235.65007811271317, 'Hb': 23.26224722237404, 'Hd': 4.401825094653819, 'HeII_4199.83': 4.8432022940409984, 'HeII_4686': 74.28779568280366, 'HeII_5411.53': 13.925635724856487, 'HeI_4471.50': 10.310725910779267, 'HeI_4713.17': 3.8524906178144183, 'HeI_4921.93': 14.814368026631564, 'HeI_5015.68': 2.8627204814439384, 'HeI_5047.74': 2.6926934578757544, 'HeI_5875.66': 53.85474263741743, 'Hg': 4.387104509343949}","{'Ha': 234.15034711346206, 'Hb': 22.594144273763252, 'Hd': 4.023528961240304, 'HeII_4199.83': 4.367416552249979, 'HeII_4686': 69.21348572885668, 'HeII_5411.53': 12.222446419172934, 'HeI_4471.50': 5.710141366056459, 'HeI_4713.17': 2.8191080985625465, 'HeI_4921.93': 14.879647769875222, 'HeI_5015.68': 1.866312612651654, 'HeI_5047.74': 2.6948509495704984, 'HeI_5875.66': 33.169733889548205, 'Hg': 4.1572676050116}","{'Ha': 232.50390051895016, 'Hb': 22.10785836508712, 'Hd': 3.7310148687125015, 'HeII_4199.83': 3.9180790971144455, 'HeII_4686': 65.49041642088709, 'HeII_5411.53': 10.702749752043877, 'HeI_4471.50': 3.652488117843527, 'HeI_4713.17': 2.4490339893177953, 'HeI_4921.93': 15.011068989004569, 'HeI_5015.68': 1.5548848374753663, 'HeI_5047.74': 2.698142018789085, 'HeI_5875.66': 21.231178752660824, 'Hg': 3.990963420997417}","{'Ha': 230.64486889854746, 'Hb': 21.907113417342973, 'Hd': 3.551201833498391, 'HeII_4199.83': 3.5234404026263904, 'HeII_4686': 63.094702570135766, 'HeII_5411.53': 9.503300794109284, 'HeI_4471.50': 3.072099791534955, 'HeI_4713.17': 2.4825985149590224, 'HeI_4921.93': 15.187953829706949, 'HeI_5015.68': 1.6252640999984438, 'HeI_5047.74': 2.7022188446396047, 'HeI_5875.66': 15.101279867169632, 'Hg': 3.9206414219543153}","{'Ha': 228.67971691874405, 'Hb': 22.07276951031844, 'Hd': 3.5122600375883266, 'HeII_4199.83': 3.1996209001875173, 'HeII_4686': 61.72054264000076, 'HeII_5411.53': 8.669378027154323, 'HeI_4471.50': 3.3822247680059614, 'HeI_4713.17': 2.785162858194005, 'HeI_4921.93': 15.38773050132354, 'HeI_5015.68': 1.868514541387777, 'HeI_5047.74': 2.7064629576336237, 'HeI_5875.66': 12.80046101730621, 'Hg': 3.9670379000509204}","{'Ha': 226.6766003797741, 'Hb': 22.629002026449097, 'Hd': 3.6179794594266945, 'HeII_4199.83': 2.9438975164608805, 'HeII_4686': 60.92217580229669, 'HeII_5411.53': 8.150043569241145, 'HeI_4471.50': 4.189006545701919, 'HeI_4713.17': 3.229404550147474, 'HeI_4921.93': 15.597213317900211, 'HeI_5015.68': 2.17395876756306, 'HeI_5047.74': 2.7107546233039392, 'HeI_5875.66': 12.761055785348148, 'Hg': 4.136401306439103}","{'Ha': 224.64616811424014, 'Hb': 23.587689156501757, 'Hd': 3.8574079416640275, 'HeII_4199.83': 2.7409016904183776, 'HeII_4686': 60.34498494275464, 'HeII_5411.53': 7.869491304870075, 'HeI_4471.50': 5.27864051586953, 'HeI_4713.17': 3.726716020250886, 'HeI_4921.93': 15.804982889145622, 'HeI_5015.68': 2.5113167404328847, 'HeI_5047.74': 2.715234138940441, 'HeI_5875.66': 13.940719322592043, 'Hg': 4.428064796725098}","{'Ha': 222.65095495893132, 'Hb': 24.907484849897745, 'Hd': 4.206555624227656, 'HeII_4199.83': 2.5833541640407285, 'HeII_4686': 59.797199425356155, 'HeII_5411.53': 7.768582437524831, 'HeI_4471.50': 6.435209993739579, 'HeI_4713.17': 4.205202647694647, 'HeI_4921.93': 15.992373185335524, 'HeI_5015.68': 2.8326068440865844, 'HeI_5047.74': 2.7196208843048115, 'HeI_5875.66': 15.620550743151659, 'Hg': 4.82704500439846}","{'Ha': 220.66085964097016, 'Hb': 26.52729165345754, 'Hd': 4.639708716465196, 'HeII_4199.83': 2.4616137795053312, 'HeII_4686': 59.153333428862744, 'HeII_5411.53': 7.786118838559642, 'HeI_4471.50': 7.551371982219985, 'HeI_4713.17': 4.63988030187403, 'HeI_4921.93': 16.15688556432039, 'HeI_5015.68': 3.1181603687759587, 'HeI_5047.74': 2.7235645078198716, 'HeI_5875.66': 17.293385329532416, 'Hg': 5.3101828884606}"
T37000logg3.8,"{'Ha': 247.54993672107747, 'Hb': 27.317865598428202, 'Hd': 5.64165042949406, 'HeII_4199.83': 3.5345854051040217, 'HeII_4686': 88.3524593856091, 'HeII_5411.53': 10.692512874541466, 'HeI_4471.50': 10.992725537291792, 'HeI_4713.17': 4.780620567743689, 'HeI_4921.93': 9.611327953800004, 'HeI_5015.68': 3.8438020193692486, 'HeI_5047.74': 2.4359750375812728, 'HeI_5875.66': 59.80226791869311, 'Hg': 5.232161115228509}","{'Ha': 246.21978357237404, 'Hb': 26.972153045366692, 'Hd': 5.335056745171731, 'HeII_4199.83': 3.298580149660242, 'HeII_4686': 82.52820027678065, 'HeII_5411.53': 9.549632921485658, 'HeI_4471.50': 5.858500695479291, 'HeI_4713.17': 2.7094984985478594, 'HeI_4921.93': 9.448759914017383, 'HeI_5015.68': 2.1389226312892347, 'HeI_5047.74': 2.4355210493928405, 'HeI_5875.66': 38.301425063081155, 'Hg': 5.090171998725187}","{'Ha': 244.68873553598652, 'Hb': 26.807627368693097, 'Hd': 5.141253119581456, 'HeII_4199.83': 3.0679646724422542, 'HeII_4686': 78.18471875391104, 'HeII_5411.53': 8.571425926974307, 'HeI_4471.50': 3.2861748972876548, 'HeI_4713.17': 1.7701716439001496, 'HeI_4921.93': 9.57036716467579, 'HeI_5015.68': 1.4476365071335617, 'HeI_5047.74': 2.442783299036097, 'HeI_5875.66': 25.38152742002786, 'Hg': 5.017476834304584}","{'Ha': 242.93780785642292, 'Hb': 26.925164598240425, 'Hd': 5.070025135089182, 'HeII_4199.83': 2.8577696221143936, 'HeII_4686': 75.27237895285059, 'HeII_5411.53': 7.839084910636983, 'HeI_4471.50': 2.321252070055626, 'HeI_4713.17': 1.5057968621051976, 'HeI_4921.93': 9.880875176456092, 'HeI_5015.68': 1.318990732880915, 'HeI_5047.74': 2.454710700508125, 'HeI_5875.66': 18.45360017179018, 'Hg': 5.041731219746436}","{'Ha': 241.09393464484893, 'Hb': 27.39064965780722, 'Hd': 5.1363523636666795, 'HeII_4199.83': 2.679070531382279, 'HeII_4686': 73.46657774725564, 'HeII_5411.53': 7.371791805294695, 'HeI_4471.50': 2.386602574709872, 'HeI_4713.17': 1.688311884483921, 'HeI_4921.93': 10.302744441615816, 'HeI_5015.68': 1.470844481993941, 'HeI_5047.74': 2.468312926270139, 'HeI_5875.66': 15.581578382621291, 'Hg': 5.176600885650285}","{'Ha': 239.23244177590345, 'Hb': 28.208636238299064, 'Hd': 5.333752637013883, 'HeII_4199.83': 2.5338384152479803, 'HeII_4686': 72.29309028136319, 'HeII_5411.53': 7.126879911493839, 'HeI_4471.50': 3.0472675286461683, 'HeI_4713.17': 2.115049017436289, 'HeI_4921.93': 10.780129021301109, 'HeI_5015.68': 1.742789910301288, 'HeI_5047.74': 2.482798811791475, 'HeI_5875.66': 15.130875875316661, 'Hg': 5.418885990055794}","{'Ha': 237.35300873175817, 'Hb': 29.371601239893543, 'Hd': 5.645041774109593, 'HeII_4199.83': 2.415831659290894, 'HeII_4686': 71.37070694324272, 'HeII_5411.53': 7.05041034639412, 'HeI_4471.50': 4.054758955181548, 'HeI_4713.17': 2.648413370190947, 'HeI_4921.93': 11.27242940942347, 'HeI_5015.68': 2.076798350550511, 'HeI_5047.74': 2.4985351307271104, 'HeI_5875.66': 16.001715848236586, 'Hg': 5.762199929024379}","{'Ha': 235.49463864686012, 'Hb': 30.819366509174447, 'Hd': 6.041078763185993, 'HeII_4199.83': 2.322413197082502, 'HeII_4686': 70.50625126482622, 'HeII_5411.53': 7.096800185302067, 'HeI_4471.50': 5.175634016391752, 'HeI_4713.17': 3.1849205082496876, 'HeI_4921.93': 11.72790692982938, 'HeI_5015.68': 2.4100663393059802, 'HeI_5047.74': 2.5143737242008046, 'HeI_5875.66': 17.46062723477964, 'Hg': 6.188628248124361}","{'Ha': 233.60939087565077, 'Hb': 32.489301924649816, 'Hd': 6.496178925718312, 'HeII_4199.83': 2.249344887977008, 'HeII_4686': 69.56607525572787, 'HeII_5411.53': 7.222169337052219, 'HeI_4471.50': 6.287026623037827, 'HeI_4713.17': 3.682069080016038, 'HeI_4921.93': 12.134690205606423, 'HeI_5015.68': 2.7122796407749696, 'HeI_5047.74': 2.5288482745796, 'HeI_5875.66': 18.96190535711099, 'Hg': 6.6763941631350345}"
T37000logg4.0,"{'Ha': 257.7194651973985, 'Hb': 30.667925486332457, 'Hd': 6.98735309309185, 'HeII_4199.83': 2.364634804539837, 'HeII_4686': 102.40745494549937, 'HeII_5411.53': 7.997176567943506, 'HeI_4471.50': 10.933264886604295, 'HeI_4713.17': 5.670480947456231, 'HeI_4921.93': 6.813382988187707, 'HeI_5015.68': 4.399783813117377, 'HeI_5047.74': 2.1932569584398154, 'HeI_5875.66': 61.080637421126525, 'Hg': 6.178534342687477}","{'Ha': 256.3402441583226, 'Hb': 30.412178039417626, 'Hd': 6.734152351605421, 'HeII_4199.83': 2.262963269375292, 'HeII_4686': 96.20259102131362, 'HeII_5411.53': 7.22186496514472, 'HeI_4471.50': 5.919331237886776, 'HeI_4713.17': 3.0468570641730386, 'HeI_4921.93': 6.287023483602973, 'HeI_5015.68': 2.399358462745116, 'HeI_5047.74': 2.1766317505696144, 'HeI_5875.66': 39.904511903398856, 'Hg': 6.075355633522099}","{'Ha': 254.75897710894205, 'Hb': 30.384898751374568, 'Hd': 6.609372468708484, 'HeII_4199.83': 2.16433738621605, 'HeII_4686': 91.3451324654779, 'HeII_5411.53': 6.593948224890804, 'HeI_4471.50': 3.2378514607822715, 'HeI_4713.17': 1.7828689009680667, 'HeI_4921.93': 6.234691792615929, 'HeI_5015.68': 1.5345922437392998, 'HeI_5047.74': 2.179740092407047, 'HeI_5875.66': 26.939477562814538, 'Hg': 6.0517544715383}","{'Ha': 252.99522039758114, 'Hb': 30.684284151352525, 'Hd': 6.613355839712316, 'HeII_4199.83': 2.0760020675020754, 'HeII_4686': 87.89944224086143, 'HeII_5411.53': 6.171586843244474, 'HeI_4471.50': 2.119090666374329, 'HeI_4713.17': 1.3327777573562396, 'HeI_4921.93': 6.509545784759242, 'HeI_5015.68': 1.3039017633589973, 'HeI_5047.74': 2.194240772263951, 'HeI_5875.66': 19.86469543173087, 'Hg': 6.132307236469229}","{'Ha': 251.18745971398621, 'Hb': 31.35594297291999, 'Hd': 6.752148138700172, 'HeII_4199.83': 2.0028976681828605, 'HeII_4686': 85.60521688899276, 'HeII_5411.53': 5.960984555273103, 'HeI_4471.50': 2.0485804209723866, 'HeI_4713.17': 1.4223141629087974, 'HeI_4921.93': 6.991436452194549, 'HeI_5015.68': 1.4011121022705497, 'HeI_5047.74': 2.2137899591075656, 'HeI_5875.66': 16.83974212178678, 'Hg': 6.3248443466844675}","{'Ha': 249.40452798805248, 'Hb': 32.380277443371035, 'Hd': 7.0131153899066625, 'HeII_4199.83': 1.9461354828837474, 'HeII_4686': 83.99738143151475, 'HeII_5411.53': 5.922714804902962, 'HeI_4471.50': 2.604045246687693, 'HeI_4713.17': 1.8112579927883994, 'HeI_4921.93': 7.583953215426739, 'HeI_5015.68': 1.646457533931019, 'HeI_5047.74': 2.2362680467160376, 'HeI_5875.66': 16.251226860281246, 'Hg': 6.619037970860541}","{'Ha': 247.62757095592303, 'Hb': 33.73063872160668, 'Hd': 7.376164862585197, 'HeII_4199.83': 1.9029205100997935, 'HeII_4686': 82.67962719792651, 'HeII_5411.53': 6.012689717427125, 'HeI_4471.50': 3.5306448081386446, 'HeI_4713.17': 2.3375369699098596, 'HeI_4921.93': 8.219505835390871, 'HeI_5015.68': 1.967765672109636, 'HeI_5047.74': 2.2617312552608517, 'HeI_5875.66': 17.00206096595481, 'Hg': 7.004422086854028}","{'Ha': 245.87169604502915, 'Hb': 35.327288051894634, 'Hd': 7.809083199078861, 'HeII_4199.83': 1.8714341672190387, 'HeII_4686': 81.45994000702598, 'HeII_5411.53': 6.189748865461766, 'HeI_4471.50': 4.597252681633394, 'HeI_4713.17': 2.8821129248671395, 'HeI_4921.93': 8.822433545865486, 'HeI_5015.68': 2.2970074116927917, 'HeI_5047.74': 2.2879115191831256, 'HeI_5875.66': 18.365365929072905, 'Hg': 7.460297061776892}","{'Ha': 244.07048054435694, 'Hb': 37.099464091464625, 'Hd': 8.286167547239144, 'HeII_4199.83': 1.8494416740834032, 'HeII_4686': 80.18972948801577, 'HeII_5411.53': 6.418390693940384, 'HeI_4471.50': 5.67634820660257, 'HeI_4713.17': 3.3928852163156606, 'HeI_4921.93': 9.370367367195103, 'HeI_5015.68': 2.599334654930981, 'HeI_5047.74': 2.312121729980827, 'HeI_5875.66': 19.78752501409395, 'Hg': 7.964537476847832}"
T37000logg4.2,"{'Ha': 236.11223509474056, 'Hb': 30.460390066205225, 'Hd': 8.627911532176434, 'HeII_4199.83': 1.6943985626027076, 'HeII_4686': 101.77040177562748, 'HeII_5411.53': 4.754411618209117, 'HeI_4471.50': 9.992084605615577, 'HeI_4713.17': 6.067367336279628, 'HeI_4921.93': 5.338917680879706, 'HeI_5015.68': 4.716552076962817, 'HeI_5047.74': 2.0392343086867144, 'HeI_5875.66': 54.32974761221389, 'Hg': 6.955510163954472}","{'Ha': 235.09854751869517, 'Hb': 30.57411063628213, 'Hd': 8.482687590161362, 'HeII_4199.83': 1.6689760129452507, 'HeII_4686': 96.38147991791419, 'HeII_5411.53': 4.484332179548946, 'HeI_4471.50': 5.599026819466333, 'HeI_4713.17': 3.2426904187432597, 'HeI_4921.93': 4.4769533694083545, 'HeI_5015.68': 2.5731302470560977, 'HeI_5047.74': 1.9983298898580306, 'HeI_5875.66': 35.52522680524421, 'Hg': 6.961908424310402}","{'Ha': 233.98383972123173, 'Hb': 30.950013781459553, 'Hd': 8.472311883744602, 'HeII_4199.83': 1.6458331525988663, 'HeII_4686': 92.16975990296204, 'HeII_5411.53': 4.313806864713672, 'HeI_4471.50': 3.145262768481028, 'HeI_4713.17': 1.8472162667887384, 'HeI_4921.93': 4.214780211346632, 'HeI_5015.68': 1.615091179303542, 'HeI_5047.74': 1.9912217046871201, 'HeI_5875.66': 24.00755066685129, 'Hg': 7.045727165581367}","{'Ha': 232.7930382071446, 'Hb': 31.651353191383496, 'Hd': 8.582406150598173, 'HeII_4199.83': 1.6275847568111228, 'HeII_4686': 89.17053575506768, 'HeII_5411.53': 4.272378896839103, 'HeI_4471.50': 2.0776858777298077, 'HeI_4713.17': 1.3165848195836194, 'HeI_4921.93': 4.388203182636225, 'HeI_5015.68': 1.3246574404141445, 'HeI_5047.74': 2.0032300448750395, 'HeI_5875.66': 17.807656558340835, 'Hg': 7.222731569836343}","{'Ha': 231.61960593236162, 'Hb': 32.68339346738699, 'Hd': 8.80875334203469, 'HeII_4199.83': 1.6152429327690943, 'HeII_4686': 87.1514220093585, 'HeII_5411.53': 4.356972828950013, 'HeI_4471.50': 1.9818538137917183, 'HeI_4713.17': 1.361375000702107, 'HeI_4921.93': 4.852638347331194, 'HeI_5015.68': 1.3878994729209364, 'HeI_5047.74': 2.024448808157809, 'HeI_5875.66': 15.291905517864192, 'Hg': 7.493636704163708}","{'Ha': 230.49864927223385, 'Hb': 34.00592213527471, 'Hd': 9.135414750023578, 'HeII_4199.83': 1.609126102414527, 'HeII_4686': 85.70519614116557, 'HeII_5411.53': 4.541055770582311, 'HeI_4471.50': 2.4853696771509766, 'HeI_4713.17': 1.7281402861606334, 'HeI_4921.93': 5.480840155193995, 'HeI_5015.68': 1.6156911503591795, 'HeI_5047.74': 2.0511594884562534, 'HeI_5875.66': 14.999971694986, 'Hg': 7.8448665887538995}","{'Ha': 229.3932305204023, 'Hb': 35.58852740116989, 'Hd': 9.543607068967233, 'HeII_4199.83': 1.608508153553766, 'HeII_4686': 84.4825204540553, 'HeII_5411.53': 4.800100172802767, 'HeI_4471.50': 3.351744121673129, 'HeI_4713.17': 2.245866060534346, 'HeI_4921.93': 6.182666308369001, 'HeI_5015.68': 1.927212743903483, 'HeI_5047.74': 2.0828509343559034, 'HeI_5875.66': 15.929783856712431, 'Hg': 8.267173153453491}","{'Ha': 228.28022591586878, 'Hb': 37.345429885125995, 'Hd': 10.002327082563282, 'HeII_4199.83': 1.6121183109440833, 'HeII_4686': 83.31854599192823, 'HeII_5411.53': 5.103810114381206, 'HeI_4471.50': 4.365939862047703, 'HeI_4713.17': 2.7892160639544423, 'HeI_4921.93': 6.864915300504728, 'HeI_5015.68': 2.2520694096055576, 'HeI_5047.74': 2.1162165023712283, 'HeI_5875.66': 17.40093148750024, 'Hg': 8.741377442396017}","{'Ha': 227.08535649153728, 'Hb': 39.21291927335908, 'Hd': 10.48922082972433, 'HeII_4199.83': 1.6189596578029057, 'HeII_4686': 82.08593601510283, 'HeII_5411.53': 5.429912953909399, 'HeI_4471.50': 5.405697803784832, 'HeI_4713.17': 3.3020820440880665, 'HeI_4921.93': 7.495126152690064, 'HeI_5015.68': 2.5529380949409095, 'HeI_5047.74': 2.147424442668711, 'HeI_5875.66': 18.901219765676295, 'Hg': 9.248705191896475}"
T37000logg4.4,"{'Ha': 232.13816396115612, 'Hb': 35.59515184325182, 'Hd': 11.471240808258315, 'HeII_4199.83': 1.3848803453844507, 'HeII_4686': 105.32825283137007, 'HeII_5411.53': 3.6610352442698657, 'HeI_4471.50': 9.389808765486869, 'HeI_4713.17': 6.057998411535398, 'HeI_4921.93': 4.2631558459143335, 'HeI_5015.68': 4.622400977330335, 'HeI_5047.74': 1.9452450438712618, 'HeI_5875.66': 52.76473696393294, 'Hg': 9.01778184370594}","{'Ha': 231.24737592776353, 'Hb': 35.906184162515125, 'Hd': 11.386900071222822, 'HeII_4199.83': 1.3884411653601108, 'HeII_4686': 100.74860179315134, 'HeII_5411.53': 3.6306924245336925, 'HeI_4471.50': 5.525387640167616, 'HeI_4713.17': 3.255014820338308, 'HeI_4921.93': 3.167003738657443, 'HeI_5015.68': 2.5420279305816726, 'HeI_5047.74': 1.8808004275818475, 'HeI_5875.66': 34.89625758145361, 'Hg': 9.082548867258785}","{'Ha': 230.33153493965915, 'Hb': 36.48708296774776, 'Hd': 11.442526881515201, 'HeII_4199.83': 1.3951461973882449, 'HeII_4686': 97.09598725845636, 'HeII_5411.53': 3.6713515262645586, 'HeI_4471.50': 3.2816560911989523, 'HeI_4713.17': 1.8542996477796396, 'HeI_4921.93': 2.723481324410778, 'HeI_5015.68': 1.6056391384430582, 'HeI_5047.74': 1.8622581866922159, 'HeI_5875.66': 23.901824880177937, 'Hg': 9.223778147111709}","{'Ha': 229.37834877023542, 'Hb': 37.377670604562034, 'Hd': 11.613566144628434, 'HeII_4199.83': 1.4054098584693189, 'HeII_4686': 94.42655565314793, 'HeII_5411.53': 3.798782466298014, 'HeI_4471.50': 2.258579236209688, 'HeI_4713.17': 1.3142356794890047, 'HeI_4921.93': 2.7804285244941886, 'HeI_5015.68': 1.3204229846679616, 'HeI_5047.74': 1.8696422486487467, 'HeI_5875.66': 17.963309479347075, 'Hg': 9.450878264090353}","{'Ha': 228.46914273132305, 'Hb': 38.56356123337504, 'Hd': 11.88813310982869, 'HeII_4199.83': 1.4183756032558985, 'HeII_4686': 92.56317385668063, 'HeII_5411.53': 4.0065137017909125, 'HeI_4471.50': 2.1280491351318376, 'HeI_4713.17': 1.349958615309516, 'HeI_4921.93': 3.187770888867063, 'HeI_5015.68': 1.384008523891538, 'HeI_5047.74': 1.8901430090120486, 'HeI_5875.66': 15.557521818899192, 'Hg': 9.759273135245039}","{'Ha': 227.62721667130268, 'Hb': 39.995346407818126, 'Hd': 12.247614188471358, 'HeII_4199.83': 1.433764183697926, 'HeII_4686': 91.16436148176636, 'HeII_5411.53': 4.275821560084339, 'HeI_4471.50': 2.568648411950689, 'HeI_4713.17': 1.7097629069772446, 'HeI_4921.93': 3.8017342003252996, 'HeI_5015.68': 1.611525607688772, 'HeI_5047.74': 1.918577428843485, 'HeI_5875.66': 15.29977054511711, 'Hg': 10.13343710988184}","{'Ha': 226.80749602517983, 'Hb': 41.64138243698274, 'Hd': 12.674311580242684, 'HeII_4199.83': 1.451571650488753, 'HeII_4686': 89.92820008447988, 'HeII_5411.53': 4.592963299115268, 'HeI_4471.50': 3.3636507962185807, 'HeI_4713.17': 2.223104243777612, 'HeI_4921.93': 4.518166245806645, 'HeI_5015.68': 1.9216769404127616, 'HeI_5047.74': 1.9537758380505654, 'HeI_5875.66': 16.228590163580048, 'Hg': 10.564959038436983}","{'Ha': 225.96598489952177, 'Hb': 43.41528445246168, 'Hd': 13.139196085642388, 'HeII_4199.83': 1.4705658660837069, 'HeII_4686': 88.71991210770732, 'HeII_5411.53': 4.934406250277032, 'HeI_4471.50': 4.314392277774978, 'HeI_4713.17': 2.764129794512934, 'HeI_4921.93': 5.233552004004632, 'HeI_5015.68': 2.2454070848959864, 'HeI_5047.74': 1.991578259665678, 'HeI_5875.66': 17.683001219388462, 'Hg': 11.035815968104009}","{'Ha': 225.021802685353, 'Hb': 45.259624201879255, 'Hd': 13.6222781779675, 'HeII_4199.83': 1.490149145436712, 'HeII_4686': 87.4309752756247, 'HeII_5411.53': 5.2850933311964825, 'HeI_4471.50': 5.303578398975234, 'HeI_4713.17': 3.2758909573606476, 'HeI_4921.93': 5.90728564560932, 'HeI_5015.68': 2.5459231939802507, 'HeI_5047.74': 2.0272985816880142, 'HeI_5875.66': 19.16264813402726, 'Hg': 11.529328178913595}"
T38000logg3.6,"{'Ha': 249.01399146850133, 'Hb': 27.065070415460227, 'Hd': 4.892600397969994, 'HeII_4199.83': 5.976739749479725, 'HeII_4686': 78.3263155589314, 'HeII_5411.53': 17.906097279563305, 'HeI_4471.50': 8.949509305469668, 'HeI_4713.17': 4.3942322075891695, 'HeI_4921.93': 17.831461544371887, 'HeI_5015.68': 2.844374990341715, 'HeI_5047.74': 2.770869297243466, 'HeI_5875.66': 41.53432084792148, 'Hg': 5.011031218642256}","{'Ha': 247.1744678619117, 'Hb': 26.07175791326931, 'Hd': 4.466178221727988, 'HeII_4199.83': 5.344995149083145, 'HeII_4686': 72.82602345767535, 'HeII_5411.53': 15.737675028239968, 'HeI_4471.50': 5.891420841749166, 'HeI_4713.17': 4.1127281278228205, 'HeI_4921.93': 17.851389886044267, 'HeI_5015.68': 2.590334912956711, 'HeI_5047.74': 2.771224593573896, 'HeI_5875.66': 23.912832758854332, 'Hg': 4.711078686501317}","{'Ha': 245.20195714272984, 'Hb': 25.260560953732586, 'Hd': 4.109688937242439, 'HeII_4199.83': 4.755241134399247, 'HeII_4686': 68.71357459254071, 'HeII_5411.53': 13.773402437482172, 'HeI_4471.50': 4.77286742273931, 'HeI_4713.17': 4.111536021696559, 'HeI_4921.93': 17.877134654910567, 'HeI_5015.68': 2.6246994684785214, 'HeI_5047.74': 2.771693147231681, 'HeI_5875.66': 14.387200241977174, 'Hg': 4.473963901397215}","{'Ha': 242.99991406560858, 'Hb': 24.737056797388295, 'Hd': 3.856435622146618, 'HeII_4199.83': 4.241174840879316, 'HeII_4686': 66.00891951254201, 'HeII_5411.53': 12.181318151383891, 'HeI_4471.50': 4.7392875005437505, 'HeI_4713.17': 4.2945733324311135, 'HeI_4921.93': 17.907048806909327, 'HeI_5015.68': 2.827927149360789, 'HeI_5047.74': 2.772262538089921, 'HeI_5875.66': 9.930594303846163, 'Hg': 4.331521000389227}","{'Ha': 240.6786595649397, 'Hb': 24.586908738792502, 'Hd': 3.739088660558703, 'HeII_4199.83': 3.8206586331356247, 'HeII_4686': 64.40723119899002, 'HeII_5411.53': 11.022478190486241, 'HeI_4471.50': 5.322662696016735, 'HeI_4713.17': 4.602919537684975, 'HeI_4921.93': 17.939078194270607, 'HeI_5015.68': 3.0932164151123365, 'HeI_5047.74': 2.772856267129942, 'HeI_5875.66': 8.70565471361981, 'Hg': 4.306126363369459}","{'Ha': 238.30508844769687, 'Hb': 24.845184648209806, 'Hd': 3.766557685996533, 'HeII_4199.83': 3.487907528205446, 'HeII_4686': 63.43879729284037, 'HeII_5411.53': 10.240261729016025, 'HeI_4471.50': 6.243133620440806, 'HeI_4713.17': 4.973278131637906, 'HeI_4921.93': 17.971454550330343, 'HeI_5015.68': 3.36826903056511, 'HeI_5047.74': 2.773438955433588, 'HeI_5875.66': 9.36524779166864, 'Hg': 4.408945158018149}","{'Ha': 235.8960393765177, 'Hb': 25.531619648113246, 'Hd': 3.932235830855216, 'HeII_4199.83': 3.2220774368563614, 'HeII_4686': 62.726439820635306, 'HeII_5411.53': 9.743949047080806, 'HeI_4471.50': 7.347543291999586, 'HeI_4713.17': 5.359614311244193, 'HeI_4921.93': 18.002984911440695, 'HeI_5015.68': 3.6466087136368373, 'HeI_5047.74': 2.774009184312108, 'HeI_5875.66': 11.021936744371297, 'Hg': 4.641939939996602}","{'Ha': 233.53556906952278, 'Hb': 26.618809422900508, 'Hd': 4.218267990058197, 'HeII_4199.83': 3.0136645094634082, 'HeII_4686': 62.06848826512228, 'HeII_5411.53': 9.467903399262307, 'HeI_4471.50': 8.466048471652625, 'HeI_4713.17': 5.719348585514669, 'HeI_4921.93': 18.031494750350394, 'HeI_5015.68': 3.9009234374198716, 'HeI_5047.74': 2.774532385477984, 'HeI_5875.66': 13.015081655675585, 'Hg': 4.992577320142153}","{'Ha': 231.198552927477, 'Hb': 28.047612204327848, 'Hd': 4.601399600218199, 'HeII_4199.83': 2.8504194099971203, 'HeII_4686': 61.32591471847116, 'HeII_5411.53': 9.340249930777148, 'HeI_4471.50': 9.518312847839784, 'HeI_4713.17': 6.041217694819216, 'HeI_4921.93': 18.05678822110453, 'HeI_5015.68': 4.123050604344088, 'HeI_5047.74': 2.7749750243931124, 'HeI_5875.66': 14.91978815453027, 'Hg': 5.437628806040381}"
T38000logg3.8,"{'Ha': 243.25092719769336, 'Hb': 25.896063477466047, 'Hd': 5.1078263752895605, 'HeII_4199.83': 4.412209627367835, 'HeII_4686': 90.6293282514845, 'HeII_5411.53': 12.983243238697554, 'HeI_4471.50': 9.87587215067171, 'HeI_4713.17': 3.851863920367084, 'HeI_4921.93': 11.899329589487024, 'HeI_5015.68': 2.89541541935584, 'HeI_5047.74': 2.5734130923883027, 'HeI_5875.66': 52.79022717920134, 'Hg': 4.9399421549552756}","{'Ha': 242.021304978491, 'Hb': 25.66888252170489, 'Hd': 4.884692412235957, 'HeII_4199.83': 4.099995353007931, 'HeII_4686': 84.94456351918743, 'HeII_5411.53': 11.753464822999756, 'HeI_4471.50': 5.427150899620903, 'HeI_4713.17': 2.6280217878553995, 'HeI_4921.93': 11.911939017433637, 'HeI_5015.68': 1.8768403221250887, 'HeI_5047.74': 2.576077234472292, 'HeI_5875.66': 32.735392592178336, 'Hg': 4.845051420255944}","{'Ha': 240.62149712634934, 'Hb': 25.613766491623114, 'Hd': 4.74307043311583, 'HeII_4199.83': 3.792388792809141, 'HeII_4686': 80.5889557036306, 'HeII_5411.53': 10.641535475059992, 'HeI_4471.50': 3.3624853124364047, 'HeI_4713.17': 2.1546110270982837, 'HeI_4921.93': 12.077729713401657, 'HeI_5015.68': 1.5491246333899071, 'HeI_5047.74': 2.5819590020746874, 'HeI_5875.66': 21.063298037255134, 'Hg': 4.810100525542934}","{'Ha': 238.9741586933525, 'Hb': 25.804772809712695, 'Hd': 4.700359692602055, 'HeII_4199.83': 3.5092896289514486, 'HeII_4686': 77.59059926435208, 'HeII_5411.53': 9.753449843107301, 'HeI_4471.50': 2.7390957631063033, 'HeI_4713.17': 2.137046788226907, 'HeI_4921.93': 12.346726509840437, 'HeI_5015.68': 1.6091726331187157, 'HeI_5047.74': 2.589927703384035, 'HeI_5875.66': 15.051972323479886, 'Hg': 4.858779475163976}","{'Ha': 237.1993554085704, 'Hb': 26.298870356575392, 'Hd': 4.774511333239264, 'HeII_4199.83': 3.2654809176010624, 'HeII_4686': 75.67683244639385, 'HeII_5411.53': 9.130659013043179, 'HeI_4471.50': 3.009660942023585, 'HeI_4713.17': 2.4228596890133165, 'HeI_4921.93': 12.673417507866999, 'HeI_5015.68': 1.8490431971516992, 'HeI_5047.74': 2.5985155414016172, 'HeI_5875.66': 12.800333852011423, 'Hg': 5.004707676866557}","{'Ha': 235.37350874075338, 'Hb': 27.104994037755947, 'Hd': 4.964198536435695, 'HeII_4199.83': 3.063705028244888, 'HeII_4686': 74.39758748694018, 'HeII_5411.53': 8.741627486735739, 'HeI_4471.50': 3.7875721780436558, 'HeI_4713.17': 2.8702679923262195, 'HeI_4921.93': 13.026926795849723, 'HeI_5015.68': 2.155205663127816, 'HeI_5047.74': 2.6073887221527126, 'HeI_5875.66': 12.774631529654211, 'Hg': 5.248050335436035}","{'Ha': 233.5012097415934, 'Hb': 28.22916296437382, 'Hd': 5.259796925420833, 'HeII_4199.83': 2.8961826533793573, 'HeII_4686': 73.37814528863315, 'HeII_5411.53': 8.53425393686192, 'HeI_4471.50': 4.856859591372609, 'HeI_4713.17': 3.3811723611126685, 'HeI_4921.93': 13.383747331085887, 'HeI_5015.68': 2.494330998776339, 'HeI_5047.74': 2.6168048295434647, 'HeI_5875.66': 13.950734631191526, 'Hg': 5.586766442191551}","{'Ha': 231.62717517762516, 'Hb': 29.625858898035112, 'Hd': 5.6391920290354784, 'HeII_4199.83': 2.7604550584426346, 'HeII_4686': 72.42921588009078, 'HeII_5411.53': 8.466211947056937, 'HeI_4471.50': 6.002855959966842, 'HeI_4713.17': 3.8768505191269576, 'HeI_4921.93': 13.71002868181354, 'HeI_5015.68': 2.818113705817991, 'HeI_5047.74': 2.6261354528531657, 'HeI_5875.66': 15.62224900877603, 'Hg': 6.006242999210667}","{'Ha': 229.71451810849715, 'Hb': 31.244864037666012, 'Hd': 6.0811292435964255, 'HeII_4199.83': 2.651272415757088, 'HeII_4686': 71.4127426543147, 'HeII_5411.53': 8.491678088239928, 'HeI_4471.50': 7.117276473857489, 'HeI_4713.17': 4.3287509039162435, 'HeI_4921.93': 13.999504154798846, 'HeI_5015.68': 3.106211377439139, 'HeI_5047.74': 2.6346012266947816, 'HeI_5875.66': 17.28774901261877, 'Hg': 6.487075908630889}"
T38000logg4.0,"{'Ha': 257.27762572369505, 'Hb': 30.613672189351263, 'Hd': 6.541004593438496, 'HeII_4199.83': 3.1233462157116425, 'HeII_4686': 104.0520450745415, 'HeII_5411.53': 10.53484179492891, 'HeI_4471.50': 10.158375577045796, 'HeI_4713.17': 4.570704745883343, 'HeI_4921.93': 8.191320958647884, 'HeI_5015.68': 3.513448049891776, 'HeI_5047.74': 2.329278274587184, 'HeI_5875.66': 56.65363130822653, 'Hg': 6.067737044055314}","{'Ha': 256.0215109060202, 'Hb': 30.437776829074544, 'Hd': 6.347132427629234, 'HeII_4199.83': 2.9651879662358054, 'HeII_4686': 97.64203525486357, 'HeII_5411.53': 9.594633683953461, 'HeI_4471.50': 5.469870291376209, 'HeI_4713.17': 2.6237146515870133, 'HeI_4921.93': 7.926792151435527, 'HeI_5015.68': 2.013075293851077, 'HeI_5047.74': 2.3247179833553986, 'HeI_5875.66': 36.24425788419444, 'Hg': 5.98727596945636}","{'Ha': 254.56014952890555, 'Hb': 30.459904340901534, 'Hd': 6.250292542084143, 'HeII_4199.83': 2.80900410978495, 'HeII_4686': 92.64947265554905, 'HeII_5411.53': 8.787329530079996, 'HeI_4471.50': 3.0834246862392005, 'HeI_4713.17': 1.7486596828599963, 'HeI_4921.93': 8.005388219287482, 'HeI_5015.68': 1.426216309778809, 'HeI_5047.74': 2.3315399468865188, 'HeI_5875.66': 23.999848306000242, 'Hg': 5.978271572993771}","{'Ha': 252.87787851770597, 'Hb': 30.766235222737283, 'Hd': 6.2621168667822165, 'HeII_4199.83': 2.665060149806573, 'HeII_4686': 89.11421219792004, 'HeII_5411.53': 8.185612839650712, 'HeI_4471.50': 2.190089441692177, 'HeI_4713.17': 1.5180634071367545, 'HeI_4921.93': 8.318190327326802, 'HeI_5015.68': 1.350241074927226, 'HeI_5047.74': 2.345120230656082, 'HeI_5875.66': 17.484110863259115, 'Hg': 6.063586216398997}","{'Ha': 251.1017805776921, 'Hb': 31.403988190116138, 'Hd': 6.39365951401681, 'HeII_4199.83': 2.541164394096851, 'HeII_4686': 86.75479478062451, 'HeII_5411.53': 7.80856475686158, 'HeI_4471.50': 2.27363120930789, 'HeI_4713.17': 1.7151511487081599, 'HeI_4921.93': 8.774683232910574, 'HeI_5015.68': 1.5279504090197509, 'HeI_5047.74': 2.3614061602858887, 'HeI_5875.66': 14.854263969727878, 'Hg': 6.25231654921928}","{'Ha': 249.3035512115671, 'Hb': 32.364595730935015, 'Hd': 6.63706467003826, 'HeII_4199.83': 2.4394143883036885, 'HeII_4686': 85.09136102016146, 'HeII_5411.53': 7.621411468434252, 'HeI_4471.50': 2.9309227114648806, 'HeI_4713.17': 2.1459674151017687, 'HeI_4921.93': 9.304958339132106, 'HeI_5015.68': 1.812294901084496, 'HeI_5047.74': 2.3792015764945362, 'HeI_5875.66': 14.546634443019066, 'Hg': 6.537221397510067}","{'Ha': 247.47667656261564, 'Hb': 33.634288945787304, 'Hd': 6.9780831841569055, 'HeII_4199.83': 2.3559203245873954, 'HeII_4686': 83.72110944420723, 'HeII_5411.53': 7.578313571879651, 'HeI_4471.50': 3.9246489356234746, 'HeI_4713.17': 2.678389408620034, 'HeI_4921.93': 9.859616876029202, 'HeI_5015.68': 2.1503148124811915, 'HeI_5047.74': 2.398780920180761, 'HeI_5875.66': 15.505503858320328, 'Hg': 6.910609329406834}","{'Ha': 245.65153214398225, 'Hb': 35.14691215358919, 'Hd': 7.389996829280249, 'HeII_4199.83': 2.289236559085951, 'HeII_4686': 82.45336683425276, 'HeII_5411.53': 7.639788324150059, 'HeI_4471.50': 5.031428210105365, 'HeI_4713.17': 3.2116470971394158, 'HeI_4921.93': 10.378696826683848, 'HeI_5015.68': 2.483682002904897, 'HeI_5047.74': 2.418605329056108, 'HeI_5875.66': 17.01842202835428, 'Hg': 7.354012220722191}","{'Ha': 243.77609116248257, 'Hb': 36.84101358095005, 'Hd': 7.8502473926642455, 'HeII_4199.83': 2.23662408695046, 'HeII_4686': 81.13783193094044, 'HeII_5411.53': 7.7678180473821605, 'HeI_4471.50': 6.132496244503985, 'HeI_4713.17': 3.7047541299727946, 'HeI_4921.93': 10.84664694811266, 'HeI_5015.68': 2.784811237234768, 'HeI_5047.74': 2.4368006870181707, 'HeI_5875.66': 18.55880776428531, 'Hg': 7.846750650204055}"
T38000logg4.2,"{'Ha': 245.55830162719724, 'Hb': 32.19852438801615, 'Hd': 8.351803124483098, 'HeII_4199.83': 2.2576926335373857, 'HeII_4686': 113.52984654235975, 'HeII_5411.53': 7.369729187553182, 'HeI_4471.50': 9.839538319933649, 'HeI_4713.17': 5.072568690577212, 'HeI_4921.93': 6.246148816067646, 'HeI_5015.68': 3.9166079660249467, 'HeI_5047.74': 2.1706291173079495, 'HeI_5875.66': 55.11543964074299, 'Hg': 7.127076494429654}","{'Ha': 244.58585754695608, 'Hb': 32.314383208359224, 'Hd': 8.265405001543991, 'HeII_4199.83': 2.2082922485949306, 'HeII_4686': 107.64096783525113, 'HeII_5411.53': 6.960583466863856, 'HeI_4471.50': 5.402392229110728, 'HeI_4713.17': 2.7903501686053316, 'HeI_4921.93': 5.73657442922056, 'HeI_5015.68': 2.1823047220404086, 'HeI_5047.74': 2.1519225076572503, 'HeI_5875.66': 35.65111046063404, 'Hg': 7.127317476662177}","{'Ha': 243.4882311189924, 'Hb': 32.67297065676317, 'Hd': 8.27642543178563, 'HeII_4199.83': 2.1592801059295765, 'HeII_4686': 102.85645592153391, 'HeII_5411.53': 6.637189064977072, 'HeI_4471.50': 3.014309771474124, 'HeI_4713.17': 1.7160333431605044, 'HeI_4921.93': 5.680766511782418, 'HeI_5015.68': 1.458663909304217, 'HeI_5047.74': 2.1542118035458935, 'HeI_5875.66': 23.85400070229174, 'Hg': 7.204814634320104}","{'Ha': 242.23472328470797, 'Hb': 33.33250630140649, 'Hd': 8.389459226596273, 'HeII_4199.83': 2.1138975315640782, 'HeII_4686': 99.30407120878512, 'HeII_5411.53': 6.441721130755935, 'HeI_4471.50': 2.0381473335527405, 'HeI_4713.17': 1.3717119811613245, 'HeI_4921.93': 5.951207302393087, 'HeI_5015.68': 1.3036650668049454, 'HeI_5047.74': 2.1686646174836604, 'HeI_5875.66': 17.54433940960276, 'Hg': 7.374943265649123}","{'Ha': 240.9370019520148, 'Hb': 34.30617911536254, 'Hd': 8.607158574276632, 'HeII_4199.83': 2.074905457382148, 'HeII_4686': 96.79928945904112, 'HeII_5411.53': 6.381196404262585, 'HeI_4471.50': 2.0268090757613817, 'HeI_4713.17': 1.5128561863006307, 'HeI_4921.93': 6.434088555586497, 'HeI_5015.68': 1.4405778679797578, 'HeI_5047.74': 2.1886149763239393, 'HeI_5875.66': 14.996975301426003, 'Hg': 7.638439288353731}","{'Ha': 239.6500719430159, 'Hb': 35.56071808027336, 'Hd': 8.91732245354798, 'HeII_4199.83': 2.043762237769717, 'HeII_4686': 94.93151701988351, 'HeII_5411.53': 6.432362866451507, 'HeI_4471.50': 2.601620581808945, 'HeI_4713.17': 1.9225124831389333, 'HeI_4921.93': 7.032259903160023, 'HeI_5015.68': 1.706456361065044, 'HeI_5047.74': 2.2117622812050683, 'HeI_5875.66': 14.710025876836028, 'Hg': 7.982203832126916}","{'Ha': 238.35240439698185, 'Hb': 37.07047943634833, 'Hd': 9.306083811863637, 'HeII_4199.83': 2.0195245425175377, 'HeII_4686': 93.3309330913798, 'HeII_5411.53': 6.569305628582314, 'HeI_4471.50': 3.526949637734529, 'HeI_4713.17': 2.4533364652559397, 'HeI_4921.93': 7.677678565872456, 'HeI_5015.68': 2.0371166894017487, 'HeI_5047.74': 2.2380922911123444, 'HeI_5875.66': 15.661041498993276, 'Hg': 8.397114985383238}","{'Ha': 237.0355805330932, 'Hb': 38.75547272728435, 'Hd': 9.747171774976673, 'HeII_4199.83': 2.0015606486320676, 'HeII_4686': 91.83121941397884, 'HeII_5411.53': 6.7638815053779195, 'HeI_4471.50': 4.585602929705042, 'HeI_4713.17': 2.99442639564244, 'HeI_4921.93': 8.294490475630816, 'HeI_5015.68': 2.3697665465077473, 'HeI_5047.74': 2.2652262798339815, 'HeI_5875.66': 17.15648101755287, 'Hg': 8.864049107710576}","{'Ha': 235.63243739383287, 'Hb': 40.55549167384482, 'Hd': 10.220524765858013, 'HeII_4199.83': 1.988871271494811, 'HeII_4686': 90.28963827042172, 'HeII_5411.53': 6.99224411018011, 'HeI_4471.50': 5.657098536086069, 'HeI_4713.17': 3.4987890715430643, 'HeI_4921.93': 8.859029394914785, 'HeI_5015.68': 2.6731503988223775, 'HeI_5047.74': 2.290373064200635, 'HeI_5875.66': 18.67939115851268, 'Hg': 9.364282049982355}"
T38000logg4.4,"{'Ha': 239.6450081423319, 'Hb': 34.5956116912307, 'Hd': 10.281111237776058, 'HeII_4199.83': 1.7271807910751888, 'HeII_4686': 110.98384778378345, 'HeII_5411.53': 5.63831630120076, 'HeI_4471.50': 8.998698515020333, 'HeI_4713.17': 5.232463466109108, 'HeI_4921.93': 4.857178630890904, 'HeI_5015.68': 3.9407038812270736, 'HeI_5047.74': 2.0577000340682954, 'HeI_5875.66': 51.85703592507904, 'Hg': 8.447100084025353}","{'Ha': 238.77703749831795, 'Hb': 34.899928309075946, 'Hd': 10.265368890760753, 'HeII_4199.83': 1.7190168887879538, 'HeII_4686': 106.1690973393007, 'HeII_5411.53': 5.493025406137858, 'HeI_4471.50': 5.12523558567101, 'HeI_4713.17': 2.8558033272341756, 'HeI_4921.93': 4.150290911841121, 'HeI_5015.68': 2.2002783162461816, 'HeI_5047.74': 2.0227734792464505, 'HeI_5875.66': 33.87238601816101, 'Hg': 8.509473661423888}","{'Ha': 237.840068514656, 'Hb': 35.46576751312312, 'Hd': 10.351462636337432, 'HeII_4199.83': 1.7129075519769466, 'HeII_4686': 102.25467767678902, 'HeII_5411.53': 5.416243826639511, 'HeI_4471.50': 2.951026971150451, 'HeI_4713.17': 1.7131863207378515, 'HeI_4921.93': 3.9585209605327814, 'HeI_5015.68': 1.4624516520760293, 'HeI_5047.74': 2.0182593534940407, 'HeI_5875.66': 22.914461752652965, 'Hg': 8.648741945221566}","{'Ha': 236.81038544118178, 'Hb': 36.33200363646197, 'Hd': 10.534904016283003, 'HeII_4199.83': 1.7095757541211392, 'HeII_4686': 99.32873501619396, 'HeII_5411.53': 5.431918911445113, 'HeI_4471.50': 2.0212736619807483, 'HeI_4713.17': 1.3256595518961012, 'HeI_4921.93': 4.158147177249619, 'HeI_5015.68': 1.293455154419104, 'HeI_5047.74': 2.0311297660525147, 'HeI_5875.66': 17.062819731987513, 'Hg': 8.874614850063015}","{'Ha': 235.77891005284192, 'Hb': 37.489083466269726, 'Hd': 10.811277020029088, 'HeII_4199.83': 1.709177759809965, 'HeII_4686': 97.23395881621434, 'HeII_5411.53': 5.53928027249483, 'HeI_4471.50': 1.9795946763404164, 'HeI_4713.17': 1.442287330558651, 'HeI_4921.93': 4.625230735452293, 'HeI_5015.68': 1.4211422516399623, 'HeI_5047.74': 2.0523264338468428, 'HeI_5875.66': 14.74851497058094, 'Hg': 9.18293468624221}","{'Ha': 234.78228336110212, 'Hb': 38.891842997657804, 'Hd': 11.165794735773073, 'HeII_4199.83': 1.7121836374864097, 'HeII_4686': 95.62862443948512, 'HeII_5411.53': 5.720503949527396, 'HeI_4471.50': 2.496322865750392, 'HeI_4713.17': 1.8398677633090703, 'HeI_4921.93': 5.244428453425747, 'HeI_5015.68': 1.6823924621585113, 'HeI_5047.74': 2.0784726437753838, 'HeI_5875.66': 14.573588530402867, 'Hg': 9.558442735599918}","{'Ha': 233.78639307773165, 'Hb': 40.51165596649747, 'Hd': 11.585190805716037, 'HeII_4199.83': 1.7183079277167097, 'HeII_4686': 94.20260032749019, 'HeII_5411.53': 5.959349216603709, 'HeI_4471.50': 3.3547778060696576, 'HeI_4713.17': 2.3666251486774104, 'HeI_4921.93': 5.93389197175567, 'HeI_5015.68': 2.0099138981239015, 'HeI_5047.74': 2.1091698742349347, 'HeI_5875.66': 15.574563565613188, 'Hg': 9.992676708911864}","{'Ha': 232.7618997513825, 'Hb': 42.26485505915405, 'Hd': 12.043727540796363, 'HeII_4199.83': 1.7265693682532857, 'HeII_4686': 92.82197868637454, 'HeII_5411.53': 6.232554713353931, 'HeI_4471.50': 4.354177045653898, 'HeI_4713.17': 2.908057800809666, 'HeI_4921.93': 6.606945790071233, 'HeI_5015.68': 2.341160806092033, 'HeI_5047.74': 2.141326877312967, 'HeI_5875.66': 17.0875534346802, 'Hg': 10.467335385100277}","{'Ha': 231.63516733938408, 'Hb': 44.095027359344975, 'Hd': 12.523289447645661, 'HeII_4199.83': 1.7363616746839734, 'HeII_4686': 91.37232929665261, 'HeII_5411.53': 6.522962760345131, 'HeI_4471.50': 5.379439876456128, 'HeI_4713.17': 3.414788844609908, 'HeI_4921.93': 7.2327714778868275, 'HeI_5015.68': 2.6444569364458728, 'HeI_5047.74': 2.1713727639289906, 'HeI_5875.66': 18.61681285477901, 'Hg': 10.965527027324281}"
T39000logg3.6,"{'Ha': 260.8448563256324, 'Hb': 29.960929359052482, 'Hd': 5.257022069240846, 'HeII_4199.83': 6.7753225264372485, 'HeII_4686': 86.0515841285368, 'HeII_5411.53': 21.583031546306707, 'HeI_4471.50': 9.518339501977257, 'HeI_4713.17': 6.097622518381107, 'HeI_4921.93': 20.188156131123247, 'HeI_5015.68': 4.1413389225663195, 'HeI_5047.74': 2.810560764310486, 'HeI_5875.66': 25.679563661390425, 'Hg': 5.456878446932174}","{'Ha': 258.71467165266574, 'Hb': 28.717704629909917, 'Hd': 4.794915143713648, 'HeII_4199.83': 6.033647739774385, 'HeII_4686': 80.17856362191017, 'HeII_5411.53': 19.0801151856595, 'HeI_4471.50': 8.14274930397743, 'HeI_4713.17': 6.117543127557698, 'HeI_4921.93': 20.101334636336134, 'HeI_5015.68': 4.1692951102053355, 'HeI_5047.74': 2.8095452883854817, 'HeI_5875.66': 13.002507605455369, 'Hg': 5.10699969108178}","{'Ha': 256.45334060187946, 'Hb': 27.657673578046868, 'Hd': 4.391021013225013, 'HeII_4199.83': 5.341698277224771, 'HeII_4686': 75.54932439467616, 'HeII_5411.53': 16.75117154294809, 'HeI_4471.50': 7.923934165145064, 'HeI_4713.17': 6.223658154696602, 'HeI_4921.93': 20.006705587559928, 'HeI_5015.68': 4.285496896500026, 'HeI_5047.74': 2.8083191778769914, 'HeI_5875.66': 6.915538023738273, 'Hg': 4.818718048158411}","{'Ha': 253.92838590942648, 'Hb': 26.882972353017447, 'Hd': 4.082781683405364, 'HeII_4199.83': 4.740084688625247, 'HeII_4686': 72.33129347302946, 'HeII_5411.53': 14.808644934138744, 'HeI_4471.50': 8.333453010931777, 'HeI_4713.17': 6.39666242504071, 'HeI_4921.93': 19.90221792561192, 'HeI_5015.68': 4.459234955272932, 'HeI_5047.74': 2.806941188843122, 'HeI_5875.66': 4.686296995222371, 'Hg': 4.623618907860313}","{'Ha': 251.27232537604385, 'Hb': 26.483341294103546, 'Hd': 3.906413604185737, 'HeII_4199.83': 4.249030471211373, 'HeII_4686': 70.29456233391448, 'HeII_5411.53': 13.346054660656742, 'HeI_4471.50': 9.067118441497742, 'HeI_4713.17': 6.6169173552736416, 'HeI_4921.93': 19.795264939115928, 'HeI_5015.68': 4.645788246694684, 'HeI_5047.74': 2.805568040268953, 'HeI_5875.66': 4.803772886697779, 'Hg': 4.545458926944849}","{'Ha': 248.55798891746863, 'Hb': 26.500067850802516, 'Hd': 3.87494176987771, 'HeII_4199.83': 3.8606976097817927, 'HeII_4686': 68.97385158856484, 'HeII_5411.53': 12.312145391004606, 'HeI_4471.50': 9.972363419298382, 'HeI_4713.17': 6.858117489224368, 'HeI_4921.93': 19.687695500346923, 'HeI_5015.68': 4.825407292681774, 'HeI_5047.74': 2.804191641786318, 'HeI_5875.66': 6.26504021114061, 'Hg': 4.598823356969951}","{'Ha': 245.80289865742262, 'Hb': 26.960701886096864, 'Hd': 3.9851266829000234, 'HeII_4199.83': 3.550371340417043, 'HeII_4686': 67.9711105821107, 'HeII_5411.53': 11.605365463479838, 'HeI_4471.50': 10.961463630203063, 'HeI_4713.17': 7.099966926441922, 'HeI_4921.93': 19.583343542320954, 'HeI_5015.68': 4.9998611772693335, 'HeI_5047.74': 2.8027321729679575, 'HeI_5875.66': 8.41338835348584, 'Hg': 4.788063078391281}","{'Ha': 243.10651142745024, 'Hb': 27.851905667233453, 'Hd': 4.22359184224851, 'HeII_4199.83': 3.3066808737640447, 'HeII_4686': 67.07356146872895, 'HeII_5411.53': 11.156860932909018, 'HeI_4471.50': 11.921971411249126, 'HeI_4713.17': 7.320707982183842, 'HeI_4921.93': 19.49114155674209, 'HeI_5015.68': 5.155987588316118, 'HeI_5047.74': 2.8012704824339676, 'HeI_5875.66': 10.690265797731177, 'Hg': 5.1028890342710955}","{'Ha': 240.44464551174977, 'Hb': 29.117770157348502, 'Hd': 4.5689689685221895, 'HeII_4199.83': 3.1149818741609185, 'HeII_4686': 66.11933003908216, 'HeII_5411.53': 10.885658518580493, 'HeI_4471.50': 12.804297386943043, 'HeI_4713.17': 7.516315323060719, 'HeI_4921.93': 19.41155136836627, 'HeI_5015.68': 5.29134681785257, 'HeI_5047.74': 2.799923749987544, 'HeI_5875.66': 12.78601084644877, 'Hg': 5.52019213803561}"
T39000logg3.8,"{'Ha': 256.87116722240864, 'Hb': 29.30114921762248, 'Hd': 5.405742218273047, 'HeII_4199.83': 5.196914156989486, 'HeII_4686': 94.56740832933701, 'HeII_5411.53': 15.961454800646381, 'HeI_4471.50': 8.868175151562468, 'HeI_4713.17': 3.7980419488825765, 'HeI_4921.93': 14.097555379796788, 'HeI_5015.68': 2.6685097726313396, 'HeI_5047.74': 2.6643120042190653, 'HeI_5875.66': 44.86842321997983, 'Hg': 5.452333041422998}","{'Ha': 255.3747092813906, 'Hb': 28.807509448436225, 'Hd': 5.140401896373308, 'HeII_4199.83': 4.802524963647436, 'HeII_4686': 88.47552476261102, 'HeII_5411.53': 14.437951769485052, 'HeI_4471.50': 5.3393956263965014, 'HeI_4713.17': 3.1957898266775935, 'HeI_4921.93': 14.166688433135706, 'HeI_5015.68': 2.1974718152924773, 'HeI_5047.74': 2.666709269736331, 'HeI_5875.66': 26.68897121278113, 'Hg': 5.2925087238239925}","{'Ha': 253.69086271944965, 'Hb': 28.477516141714244, 'Hd': 4.944772775115748, 'HeII_4199.83': 4.4165094269707765, 'HeII_4686': 83.76555265829732, 'HeII_5411.53': 13.046130409082938, 'HeI_4471.50': 3.876612660159751, 'HeI_4713.17': 3.04311212617729, 'HeI_4921.93': 14.30918183659011, 'HeI_5015.68': 2.1360343495214287, 'HeI_5047.74': 2.6704868931967716, 'HeI_5875.66': 16.527809596066156, 'Hg': 5.194220860541356}","{'Ha': 251.74955896610658, 'Hb': 28.403040546332047, 'Hd': 4.844342021039115, 'HeII_4199.83': 4.06243887307795, 'HeII_4686': 80.48789767848116, 'HeII_5411.53': 11.906284848522104, 'HeI_4471.50': 3.6249585381952087, 'HeI_4713.17': 3.1738497357250615, 'HeI_4921.93': 14.50276135702202, 'HeI_5015.68': 2.3107753220397518, 'HeI_5047.74': 2.6752192951601077, 'HeI_5875.66': 11.582483626855444, 'Hg': 5.183305595347115}","{'Ha': 249.67239942979353, 'Hb': 28.65124014785273, 'Hd': 4.861229883551048, 'HeII_4199.83': 3.7576875446506097, 'HeII_4686': 78.36432532686963, 'HeII_5411.53': 11.068688931585474, 'HeI_4471.50': 4.097458743944177, 'HeI_4713.17': 3.4950994103396384, 'HeI_4921.93': 14.723236206156384, 'HeI_5015.68': 2.5838465717098185, 'HeI_5047.74': 2.6801862852726375, 'HeI_5875.66': 10.027991678388494, 'Hg': 5.275153871829465}","{'Ha': 247.53261736476682, 'Hb': 29.23874909764739, 'Hd': 4.996865309300772, 'HeII_4199.83': 3.504775017648189, 'HeII_4686': 76.92244360122906, 'HeII_5411.53': 10.499515392961724, 'HeI_4471.50': 4.97314185879728, 'HeI_4713.17': 3.914386467326771, 'HeI_4921.93': 14.955010071540295, 'HeI_5015.68': 2.8829591155116296, 'HeI_5047.74': 2.6852374962158816, 'HeI_5875.66': 10.464023786976046, 'Hg': 5.471891000546321}","{'Ha': 245.33869476867878, 'Hb': 30.172499574718326, 'Hd': 5.243217939862312, 'HeII_4199.83': 3.293595381578226, 'HeII_4686': 75.76910854628065, 'HeII_5411.53': 10.138454625991129, 'HeI_4471.50': 6.075370089640271, 'HeI_4713.17': 4.366082576807619, 'HeI_4921.93': 15.185569293428678, 'HeI_5015.68': 3.1931511304070774, 'HeI_5047.74': 2.6905257392454627, 'HeI_5875.66': 11.961338185648524, 'Hg': 5.771469420467627}","{'Ha': 243.15453068419092, 'Hb': 31.412648173863317, 'Hd': 5.581001221372007, 'HeII_4199.83': 3.121064700915747, 'HeII_4686': 74.70790193030078, 'HeII_5411.53': 9.941285793510053, 'HeI_4471.50': 7.216141174441939, 'HeI_4713.17': 4.793089805394074, 'HeI_4921.93': 15.39470357583703, 'HeI_5015.68': 3.4802395107592567, 'HeI_5047.74': 2.695720953762803, 'HeI_5875.66': 13.848630156540114, 'Hg': 6.159829928753441}","{'Ha': 240.94639581604093, 'Hb': 32.9065238291846, 'Hd': 5.989940828216708, 'HeII_4199.83': 2.980771289143478, 'HeII_4686': 73.59058064080885, 'HeII_5411.53': 9.856937075146542, 'HeI_4471.50': 8.304980718632814, 'HeI_4713.17': 5.177771783489636, 'HeI_4921.93': 15.579410111580547, 'HeI_5015.68': 3.73218650885915, 'HeI_5047.74': 2.7004139629794297, 'HeI_5875.66': 15.676090653856102, 'Hg': 6.616825815971592}"
T39000logg4.0,"{'Ha': 257.0205130980369, 'Hb': 30.30705706017046, 'Hd': 6.167413158737088, 'HeII_4199.83': 4.002836913207457, 'HeII_4686': 108.18727190161835, 'HeII_5411.53': 13.533473138950285, 'HeI_4471.50': 9.154902372928042, 'HeI_4713.17': 3.765762415767454, 'HeI_4921.93': 10.309719556017152, 'HeI_5015.68': 2.7883977151515267, 'HeI_5047.74': 2.474160806054557, 'HeI_5875.66': 50.29042376852165, 'Hg': 5.931617126268834}","{'Ha': 255.8152465612229, 'Hb': 30.19730803063227, 'Hd': 6.015063130937929, 'HeII_4199.83': 3.7877173150034396, 'HeII_4686': 102.11492948500008, 'HeII_5411.53': 12.472072583648808, 'HeI_4471.50': 5.0664210549427136, 'HeI_4713.17': 2.5736806177333276, 'HeI_4921.93': 10.273102176529566, 'HeI_5015.68': 1.880406044178307, 'HeI_5047.74': 2.475771050500525, 'HeI_5875.66': 31.168205684321617, 'Hg': 5.874486264931549}","{'Ha': 254.42143237470302, 'Hb': 30.26479046030096, 'Hd': 5.939275898686104, 'HeII_4199.83': 3.5705818284294994, 'HeII_4686': 97.19775239895382, 'HeII_5411.53': 11.499677805586376, 'HeI_4471.50': 3.138728516246453, 'HeI_4713.17': 2.1142422424820344, 'HeI_4921.93': 10.436077685364614, 'HeI_5015.68': 1.6048660492866251, 'HeI_5047.74': 2.4828446455274302, 'HeI_5875.66': 20.04477822535437, 'Hg': 5.881141976224146}","{'Ha': 252.76897516507015, 'Hb': 30.57835528100419, 'Hd': 5.957078322549142, 'HeII_4199.83': 3.365427057009415, 'HeII_4686': 93.56923054357577, 'HeII_5411.53': 10.710617250614494, 'HeI_4471.50': 2.562746218298186, 'HeI_4713.17': 2.103074436062367, 'HeI_4921.93': 10.73683152658717, 'HeI_5015.68': 1.687308014796356, 'HeI_5047.74': 2.4933246057146197, 'HeI_5875.66': 14.35862431148401, 'Hg': 5.9721410672584225}","{'Ha': 250.9788051559823, 'Hb': 31.18366423096515, 'Hd': 6.081891456992205, 'HeII_4199.83': 3.1839651437247936, 'HeII_4686': 91.04090127694016, 'HeII_5411.53': 10.147217708113374, 'HeI_4471.50': 2.8427182079169406, 'HeI_4713.17': 2.3906472825427816, 'HeI_4921.93': 11.118725578224945, 'HeI_5015.68': 1.9358816083799009, 'HeI_5047.74': 2.5049848086901165, 'HeI_5875.66': 12.293621419077999, 'Hg': 6.157047089560543}","{'Ha': 249.125496653384, 'Hb': 32.08005546621197, 'Hd': 6.309504173810396, 'HeII_4199.83': 3.0301612587201703, 'HeII_4686': 89.19044444079225, 'HeII_5411.53': 9.786534311202079, 'HeI_4471.50': 3.6154492947530996, 'HeI_4713.17': 2.837582228947065, 'HeI_4921.93': 11.539579287450856, 'HeI_5015.68': 2.244515343876975, 'HeI_5047.74': 2.51725482437097, 'HeI_5875.66': 12.375061787258147, 'Hg': 6.43167547914891}","{'Ha': 247.20935333998776, 'Hb': 33.26620055080966, 'Hd': 6.630510272002572, 'HeII_4199.83': 2.899561180863948, 'HeII_4686': 87.63777951342252, 'HeII_5411.53': 9.584250739453438, 'HeI_4471.50': 4.672649295038419, 'HeI_4713.17': 3.347325489193609, 'HeI_4921.93': 11.969080105178561, 'HeI_5015.68': 2.581726847396408, 'HeI_5047.74': 2.530430032475522, 'HeI_5875.66': 13.61482753066107, 'Hg': 6.791671279731188}","{'Ha': 245.27248393499298, 'Hb': 34.69059383346846, 'Hd': 7.023094713805731, 'HeII_4199.83': 2.791378534991176, 'HeII_4686': 86.20358123163946, 'HeII_5411.53': 9.504861923309557, 'HeI_4471.50': 5.807423220813414, 'HeI_4713.17': 3.841569397544853, 'HeI_4921.93': 12.365940823619413, 'HeI_5015.68': 2.9020962646073993, 'HeI_5047.74': 2.5435859776359475, 'HeI_5875.66': 15.324265156574093, 'Hg': 7.221281509544655}","{'Ha': 243.27441995489087, 'Hb': 36.30264184879798, 'Hd': 7.467711280477153, 'HeII_4199.83': 2.7024448648932635, 'HeII_4686': 84.73825372537567, 'HeII_5411.53': 9.508709194303169, 'HeI_4471.50': 6.914672499489597, 'HeI_4713.17': 4.2919935999434315, 'HeI_4921.93': 12.721239869107565, 'HeI_5015.68': 3.186713131078642, 'HeI_5047.74': 2.5555918383483576, 'HeI_5875.66': 17.0168052763028, 'Hg': 7.701589874503437}"
T39000logg4.2,"{'Ha': 251.53227215179828, 'Hb': 32.54535223387081, 'Hd': 7.8817554338133515, 'HeII_4199.83': 3.074027409108292, 'HeII_4686': 110.07502356086145, 'HeII_5411.53': 10.648679683986808, 'HeI_4471.50': 9.021111777118255, 'HeI_4713.17': 4.177789806799481, 'HeI_4921.93': 7.57503504418636, 'HeI_5015.68': 3.144943661290047, 'HeI_5047.74': 2.2998491438422457, 'HeI_5875.66': 50.710164740311924, 'Hg': 7.0444564525824465}","{'Ha': 250.61520240450713, 'Hb': 32.69513017923877, 'Hd': 7.8201606675912965, 'HeII_4199.83': 2.9801412484780228, 'HeII_4686': 104.43259018744665, 'HeII_5411.53': 10.014099065224322, 'HeI_4471.50': 4.931577692731252, 'HeI_4713.17': 2.5081900151627115, 'HeI_4921.93': 7.328433690125662, 'HeI_5015.68': 1.9008806286002267, 'HeI_5047.74': 2.294162005027328, 'HeI_5875.66': 32.10531308398241, 'Hg': 7.058110814682296}","{'Ha': 249.54737100264265, 'Hb': 33.045359608089896, 'Hd': 7.838432384041272, 'HeII_4199.83': 2.8848485698619433, 'HeII_4686': 99.91199896449538, 'HeII_5411.53': 9.456833857084764, 'HeI_4471.50': 2.8412566388140332, 'HeI_4713.17': 1.7824843724909802, 'HeI_4921.93': 7.409905422995696, 'HeI_5015.68': 1.4456275414872906, 'HeI_5047.74': 2.3007507281246453, 'HeI_5875.66': 21.056262905651305, 'Hg': 7.139135190407874}","{'Ha': 248.2567944841285, 'Hb': 33.64411843126389, 'Hd': 7.945740542444375, 'HeII_4199.83': 2.7936540549158995, 'HeII_4686': 96.59474576013471, 'HeII_5411.53': 9.03539717089043, 'HeI_4471.50': 2.090719783383363, 'HeI_4713.17': 1.6314661368892573, 'HeI_4921.93': 7.725601136509273, 'HeI_5015.68': 1.4359007437933526, 'HeI_5047.74': 2.314650795936862, 'HeI_5875.66': 15.30821451720314, 'Hg': 7.302183190204454}","{'Ha': 246.8494005750908, 'Hb': 34.514485604990234, 'Hd': 8.147822394824482, 'HeII_4199.83': 2.7114846351532416, 'HeII_4686': 94.27593366169054, 'HeII_5411.53': 8.77101535096134, 'HeI_4471.50': 2.2333464696488936, 'HeI_4713.17': 1.862983788142964, 'HeI_4921.93': 8.189133005802512, 'HeI_5015.68': 1.6449709453879322, 'HeI_5047.74': 2.3315787487384334, 'HeI_5875.66': 13.149698301666083, 'Hg': 7.550661794243097}","{'Ha': 245.39071796281283, 'Hb': 35.64039687834621, 'Hd': 8.436551145526577, 'HeII_4199.83': 2.640685544236689, 'HeII_4686': 92.55139443492457, 'HeII_5411.53': 8.643827472668061, 'HeI_4471.50': 2.908980894589926, 'HeI_4713.17': 2.302761911160918, 'HeI_4921.93': 8.72960122943307, 'HeI_5015.68': 1.9427578022990184, 'HeI_5047.74': 2.350209845339152, 'HeI_5875.66': 13.134095575475191, 'Hg': 7.875509267454274}","{'Ha': 243.87543273360274, 'Hb': 37.0113300958077, 'Hd': 8.802254029393362, 'HeII_4199.83': 2.5794356861672125, 'HeII_4686': 91.0663992181947, 'HeII_5411.53': 8.623581217807232, 'HeI_4471.50': 3.8992736865634554, 'HeI_4713.17': 2.8313255432833127, 'HeI_4921.93': 9.297443348235126, 'HeI_5015.68': 2.2836478120071697, 'HeI_5047.74': 2.3707721904057535, 'HeI_5875.66': 14.282620835590276, 'Hg': 8.270637569384894}","{'Ha': 242.32293014637963, 'Hb': 38.564700224813805, 'Hd': 9.2226565194019, 'HeII_4199.83': 2.5276241990984083, 'HeII_4686': 89.66249947523295, 'HeII_5411.53': 8.682576422311815, 'HeI_4471.50': 4.9953476320265064, 'HeI_4713.17': 3.3549963386928536, 'HeI_4921.93': 9.832639693237288, 'HeI_5015.68': 2.614887101579269, 'HeI_5047.74': 2.3916265872221913, 'HeI_5875.66': 15.918030339855713, 'Hg': 8.719444623930448}","{'Ha': 240.68556315815542, 'Hb': 40.25038230254272, 'Hd': 9.679867001671612, 'HeII_4199.83': 2.4841991871275866, 'HeII_4686': 88.20615324418164, 'HeII_5411.53': 8.792973448811946, 'HeI_4471.50': 6.085856266350675, 'HeI_4713.17': 3.837058584911606, 'HeI_4921.93': 10.318691370979876, 'HeI_5015.68': 2.912412186788186, 'HeI_5047.74': 2.4108188381836246, 'HeI_5875.66': 17.550611955307605, 'Hg': 9.20449937087597}"
T39000logg4.4,"{'Ha': 253.8960045824744, 'Hb': 34.7976159688984, 'Hd': 9.27983174526289, 'HeII_4199.83': 2.13629579133053, 'HeII_4686': 117.29187191629656, 'HeII_5411.53': 8.01605349358741, 'HeI_4471.50': 8.334598630800476, 'HeI_4713.17': 4.441263755507811, 'HeI_4921.93': 5.59954890448109, 'HeI_5015.68': 3.2849328499513377, 'HeI_5047.74': 2.1465669011062536, 'HeI_5875.66': 48.90645301643302, 'Hg': 8.163831155382825}","{'Ha': 252.90758647607936, 'Hb': 34.98054792211137, 'Hd': 9.264194051129437, 'HeII_4199.83': 2.106556131493805, 'HeII_4686': 111.72602505192415, 'HeII_5411.53': 7.6541598891526, 'HeI_4471.50': 4.64804277974829, 'HeI_4713.17': 2.551305215886863, 'HeI_4921.93': 5.117764631289528, 'HeI_5015.68': 1.9355646130509976, 'HeI_5047.74': 2.1268562325169054, 'HeI_5875.66': 31.32997751976249, 'Hg': 8.201640419087337}","{'Ha': 251.7975194317937, 'Hb': 35.416292414036725, 'Hd': 9.335706444415946, 'HeII_4199.83': 2.0777349861769716, 'HeII_4686': 107.19338628043309, 'HeII_5411.53': 7.370090402597428, 'HeI_4471.50': 2.6681205563797032, 'HeI_4713.17': 1.6924498639115817, 'HeI_4921.93': 5.063716513858916, 'HeI_5015.68': 1.4155455213457278, 'HeI_5047.74': 2.1287308101946514, 'HeI_5875.66': 20.80687474207269, 'Hg': 8.316418606588776}","{'Ha': 250.55104795208345, 'Hb': 36.15826340295838, 'Hd': 9.498335448985149, 'HeII_4199.83': 2.0514809923085364, 'HeII_4686': 103.79557306037577, 'HeII_5411.53': 7.201189085049431, 'HeI_4471.50': 1.906965056640239, 'HeI_4713.17': 1.4661552984648085, 'HeI_4921.93': 5.330956777707304, 'HeI_5015.68': 1.3668457167911716, 'HeI_5047.74': 2.1431660823318843, 'HeI_5875.66': 15.316274583378396, 'Hg': 8.520227869874818}","{'Ha': 249.27055041774994, 'Hb': 37.206988593215065, 'Hd': 9.751970822763123, 'HeII_4199.83': 2.0293033890884633, 'HeII_4686': 101.3567460952849, 'HeII_5411.53': 7.154213244350521, 'HeI_4471.50': 1.9951762444295007, 'HeI_4713.17': 1.6619791008640168, 'HeI_4921.93': 5.813131368133404, 'HeI_5015.68': 1.5561291659158163, 'HeI_5047.74': 2.163369616938914, 'HeI_5875.66': 13.269241382290284, 'Hg': 8.81091694202752}","{'Ha': 248.00008275179795, 'Hb': 38.52181546838646, 'Hd': 10.084762524457288, 'HeII_4199.83': 2.0123190169540246, 'HeII_4686': 99.49289157793119, 'HeII_5411.53': 7.208414265196005, 'HeI_4471.50': 2.608043551899559, 'HeI_4713.17': 2.0901954283374, 'HeI_4921.93': 6.414133921121527, 'HeI_5015.68': 1.846220067385647, 'HeI_5047.74': 2.186942605977378, 'HeI_5875.66': 13.291011322462898, 'Hg': 9.174208205598157}","{'Ha': 246.71260149169424, 'Hb': 40.07447625121963, 'Hd': 10.485906603618917, 'HeII_4199.83': 1.9998172582131406, 'HeII_4686': 97.85691249890317, 'HeII_5411.53': 7.340409649930081, 'HeI_4471.50': 3.537347083741365, 'HeI_4713.17': 2.6210228979376082, 'HeI_4921.93': 7.066568181491649, 'HeI_5015.68': 2.184798581258558, 'HeI_5047.74': 2.21381918811, 'HeI_5875.66': 14.441649605573682, 'Hg': 9.601447102535365}","{'Ha': 245.39827521988937, 'Hb': 41.78349770815104, 'Hd': 10.9317857111495, 'HeII_4199.83': 1.9912180747194363, 'HeII_4686': 96.30017673748416, 'HeII_5411.53': 7.524600545179535, 'HeI_4471.50': 4.585395040481908, 'HeI_4713.17': 3.153401376981255, 'HeI_4921.93': 7.695063587180188, 'HeI_5015.68': 2.5172944716647914, 'HeI_5047.74': 2.2415547211645594, 'HeI_5875.66': 16.0646315194555, 'Hg': 10.074142249143561}","{'Ha': 243.9885794423751, 'Hb': 43.59036145912577, 'Hd': 11.404965123460423, 'HeII_4199.83': 1.9859279244804837, 'HeII_4686': 94.69297817275954, 'HeII_5411.53': 7.739375158977199, 'HeI_4471.50': 5.643040031837547, 'HeI_4713.17': 3.646387423149135, 'HeI_4921.93': 8.2749220375501, 'HeI_5015.68': 2.8178451748304774, 'HeI_5047.74': 2.2673137400795995, 'HeI_5875.66': 17.682124023855746, 'Hg': 10.5746357926426}"
T40000logg3.8,"{'Ha': 253.50434666651722, 'Hb': 28.12107711554978, 'Hd': 5.16081560103451, 'HeII_4199.83': 5.769631591107932, 'HeII_4686': 100.82314833385901, 'HeII_5411.53': 17.600566649167707, 'HeI_4471.50': 8.511045955500057, 'HeI_4713.17': 4.638573249198137, 'HeI_4921.93': 17.863096298134217, 'HeI_5015.68': 3.256161852294895, 'HeI_5047.74': 2.7669754134079696, 'HeI_5875.66': 35.23319524443911, 'Hg': 5.248195342634896}","{'Ha': 252.0139252578958, 'Hb': 27.67382465856366, 'Hd': 4.926360885847134, 'HeII_4199.83': 5.321047094798125, 'HeII_4686': 94.73212849932334, 'HeII_5411.53': 16.023157274525552, 'HeI_4471.50': 6.066617998228404, 'HeI_4713.17': 4.477047993257647, 'HeI_4921.93': 17.87584445109903, 'HeI_5015.68': 3.1468409882710713, 'HeI_5047.74': 2.767367688376643, 'HeI_5875.66': 19.591992221022466, 'Hg': 5.110855497864214}","{'Ha': 250.3739178620762, 'Hb': 27.394097256900416, 'Hd': 4.747937991352655, 'HeII_4199.83': 4.880572740386891, 'HeII_4686': 89.76811320964111, 'HeII_5411.53': 14.533008780534692, 'HeI_4471.50': 5.262802205893854, 'HeI_4713.17': 4.526087922149161, 'HeI_4921.93': 17.891924198220977, 'HeI_5015.68': 3.2334693435903645, 'HeI_5047.74': 2.7678939909653444, 'HeI_5875.66': 11.376497549750026, 'Hg': 5.030687178751533}","{'Ha': 248.46385368986205, 'Hb': 27.35701608732549, 'Hd': 4.653629871523594, 'HeII_4199.83': 4.47664310674562, 'HeII_4686': 86.14209855677926, 'HeII_5411.53': 13.27166158593901, 'HeI_4471.50': 5.386677352614743, 'HeI_4713.17': 4.718719360258837, 'HeI_4921.93': 17.91012177275229, 'HeI_5015.68': 3.4391939103648794, 'HeI_5047.74': 2.768541518486283, 'HeI_5875.66': 7.758648253548218, 'Hg': 5.031587661497697}","{'Ha': 246.40446086103734, 'Hb': 27.622888263425786, 'Hd': 4.666461112280275, 'HeII_4199.83': 4.1290261366975685, 'HeII_4686': 83.67826641718707, 'HeII_5411.53': 12.311248866833026, 'HeI_4471.50': 6.034094913880325, 'HeI_4713.17': 5.009880600698841, 'HeI_4921.93': 17.929981829793224, 'HeI_5015.68': 3.684666721731903, 'HeI_5047.74': 2.7692238402084985, 'HeI_5875.66': 7.0425773255238155, 'Hg': 5.128539864209882}","{'Ha': 244.26709865271434, 'Hb': 28.207089520006583, 'Hd': 4.790452661849869, 'HeII_4199.83': 3.840269998443357, 'HeII_4686': 81.93794760870102, 'HeII_5411.53': 11.629403149061382, 'HeI_4471.50': 6.966699363061724, 'HeI_4713.17': 5.348755387289914, 'HeI_4921.93': 17.949670945383314, 'HeI_5015.68': 3.9309864958316143, 'HeI_5047.74': 2.7699024967228905, 'HeI_5875.66': 8.010204814054216, 'Hg': 5.325096801213296}","{'Ha': 242.06035900037512, 'Hb': 29.123224812642597, 'Hd': 5.0214700990570975, 'HeII_4199.83': 3.5989053576453762, 'HeII_4686': 80.52678899394387, 'HeII_5411.53': 11.16694537396816, 'HeI_4471.50': 8.052570556586693, 'HeI_4713.17': 5.697838029427803, 'HeI_4921.93': 17.96880329292049, 'HeI_5015.68': 4.175387523706829, 'HeI_5047.74': 2.7705782244915578, 'HeI_5875.66': 9.859485245842635, 'Hg': 5.621621254272943}","{'Ha': 239.8511298647383, 'Hb': 30.339814926088113, 'Hd': 5.3442339475028655, 'HeII_4199.83': 3.401430607595174, 'HeII_4686': 79.2486122763818, 'HeII_5411.53': 10.882040587177197, 'HeI_4471.50': 9.139215879652395, 'HeI_4713.17': 6.020875909785692, 'HeI_4921.93': 17.986727975892347, 'HeI_5015.68': 4.396486067316147, 'HeI_5047.74': 2.7712114588535317, 'HeI_5875.66': 11.969484228942159, 'Hg': 6.005944673097224}","{'Ha': 237.6113726473029, 'Hb': 31.811318642995456, 'Hd': 5.741266757473234, 'HeII_4199.83': 3.240191561332031, 'HeII_4686': 77.93757575246003, 'HeII_5411.53': 10.721434911105797, 'HeI_4471.50': 10.156417024787519, 'HeI_4713.17': 6.30893146689548, 'HeI_4921.93': 18.003280171355758, 'HeI_5015.68': 4.588567536130501, 'HeI_5047.74': 2.7717599217454216, 'HeI_5875.66': 13.95784564528459, 'Hg': 6.459185018342778}"
T40000logg4.0,"{'Ha': 258.7371335605875, 'Hb': 30.70813421213847, 'Hd': 6.0187711939835244, 'HeII_4199.83': 4.763142954601323, 'HeII_4686': 112.41196459828117, 'HeII_5411.53': 15.439652446515867, 'HeI_4471.50': 8.349105206176308, 'HeI_4713.17': 3.7018314536074337, 'HeI_4921.93': 13.173114791718643, 'HeI_5015.68': 2.6781799186415305, 'HeI_5047.74': 2.6192451916371233, 'HeI_5875.66': 42.818008756201365, 'Hg': 5.943816735678532}","{'Ha': 257.507158606285, 'Hb': 30.589960654230683, 'Hd': 5.886253041022623, 'HeII_4199.83': 4.504786939151799, 'HeII_4686': 106.21626947194191, 'HeII_5411.53': 14.339300453164054, 'HeI_4471.50': 5.024341326862772, 'HeI_4713.17': 3.0961915103314337, 'HeI_4921.93': 13.24657879073989, 'HeI_5015.68': 2.248613013227123, 'HeI_5047.74': 2.6219037465636466, 'HeI_5875.66': 25.41984992768243, 'Hg': 5.893472788142882}","{'Ha': 256.09435761957667, 'Hb': 30.64048758219903, 'Hd': 5.817215651519551, 'HeII_4199.83': 4.242097041864895, 'HeII_4686': 101.12070756290267, 'HeII_5411.53': 13.298145443190519, 'HeI_4471.50': 3.6239243018138017, 'HeI_4713.17': 2.9407386622129605, 'HeI_4921.93': 13.405028401953523, 'HeI_5015.68': 2.2047230811044654, 'HeI_5047.74': 2.6266102910814877, 'HeI_5875.66': 15.701891594037335, 'Hg': 5.902462816604794}","{'Ha': 254.40933297997836, 'Hb': 30.921670389127787, 'Hd': 5.831866972746983, 'HeII_4199.83': 3.9915861996325472, 'HeII_4686': 97.30462003849162, 'HeII_5411.53': 12.418035986595587, 'HeI_4471.50': 3.3855800693481997, 'HeI_4713.17': 3.0703770356251763, 'HeI_4921.93': 13.624447401089089, 'HeI_5015.68': 2.384669469659164, 'HeI_5047.74': 2.6327110489813004, 'HeI_5875.66': 11.015250988830287, 'Hg': 5.990200819418492}","{'Ha': 252.57391723896436, 'Hb': 31.478861232139767, 'Hd': 5.94498284030779, 'HeII_4199.83': 3.767307961839747, 'HeII_4686': 94.60507940757137, 'HeII_5411.53': 11.754053740025116, 'HeI_4471.50': 3.8551961471176965, 'HeI_4713.17': 3.3916710802836962, 'HeI_4921.93': 13.877875485439104, 'HeI_5015.68': 2.657849810068392, 'HeI_5047.74': 2.6391965722899093, 'HeI_5875.66': 9.607145757009096, 'Hg': 6.166560366938017}","{'Ha': 250.66343391391786, 'Hb': 32.31457311550595, 'Hd': 6.154802069807427, 'HeII_4199.83': 3.574259243712216, 'HeII_4686': 92.60331013730588, 'HeII_5411.53': 11.292638223082061, 'HeI_4471.50': 4.723674114054248, 'HeI_4713.17': 3.811849689153213, 'HeI_4921.93': 14.145399795990725, 'HeI_5015.68': 2.9550094808784166, 'HeI_5047.74': 2.645843372827455, 'HeI_5875.66': 10.124516424146691, 'Hg': 6.429046238282429}","{'Ha': 248.67847724845845, 'Hb': 33.43254100268978, 'Hd': 6.45517009780576, 'HeII_4199.83': 3.4074843425703634, 'HeII_4686': 90.91455711729495, 'HeII_5411.53': 10.992988275234914, 'HeI_4471.50': 5.8174616060409345, 'HeI_4713.17': 4.265096929765005, 'HeI_4921.93': 14.412699744178768, 'HeI_5015.68': 3.2616124905464883, 'HeI_5047.74': 2.652836851571858, 'HeI_5875.66': 11.66738051313639, 'Hg': 6.775023388007141}","{'Ha': 246.66563071114908, 'Hb': 34.7889658965206, 'Hd': 6.8278020692808505, 'HeII_4199.83': 3.266828618233155, 'HeII_4686': 89.35959040730275, 'HeII_5411.53': 10.82430379897246, 'HeI_4471.50': 6.952465278225293, 'HeI_4713.17': 4.6937850930277145, 'HeI_4921.93': 14.657157679958468, 'HeI_5015.68': 3.5448652392005733, 'HeI_5047.74': 2.6597250358121265, 'HeI_5875.66': 13.580316050580823, 'Hg': 7.19049340264711}","{'Ha': 244.58819651294777, 'Hb': 36.338622171322356, 'Hd': 7.255466519686267, 'HeII_4199.83': 3.1488810482938683, 'HeII_4686': 87.78226709692527, 'HeII_5411.53': 10.747521549421803, 'HeI_4471.50': 8.039588061073006, 'HeI_4713.17': 5.080002993311995, 'HeI_4921.93': 14.874921184305233, 'HeI_5015.68': 3.793298218236627, 'HeI_5047.74': 2.6659483046451324, 'HeI_5875.66': 15.426215207437739, 'Hg': 7.657692672829729}"
T40000logg4.2,"{'Ha': 254.21177416418962, 'Hb': 32.926356291549226, 'Hd': 7.587108902321611, 'HeII_4199.83': 3.7419814959454754, 'HeII_4686': 114.3070564940678, 'HeII_5411.53': 13.11865889800341, 'HeI_4471.50': 8.25595956658092, 'HeI_4713.17': 3.64180759854842, 'HeI_4921.93': 9.857371029068522, 'HeI_5015.68': 2.67897070880873, 'HeI_5047.74': 2.4498893758169866, 'HeI_5875.66': 45.398868737343655, 'Hg': 6.997267628912266}","{'Ha': 253.25693731033292, 'Hb': 33.06577703843994, 'Hd': 7.543945433243629, 'HeII_4199.83': 3.614176552257899, 'HeII_4686': 108.73732365013518, 'HeII_5411.53': 12.404118572646347, 'HeI_4471.50': 4.643154744140013, 'HeI_4713.17': 2.571800956565487, 'HeI_4921.93': 9.845667643485294, 'HeI_5015.68': 1.9173733452652422, 'HeI_5047.74': 2.4511355512262636, 'HeI_5875.66': 27.870160334176674, 'Hg': 7.01626711303251}","{'Ha': 252.14814370626488, 'Hb': 33.39238074596923, 'Hd': 7.568781922681881, 'HeII_4199.83': 3.4823370740096378, 'HeII_4686': 104.14468489910003, 'HeII_5411.53': 11.743072437786882, 'HeI_4471.50': 2.931321251482658, 'HeI_4713.17': 2.173983868903844, 'HeI_4921.93': 10.018517595737665, 'HeI_5015.68': 1.7126913502290386, 'HeI_5047.74': 2.4583968439378046, 'HeI_5875.66': 17.757260950340843, 'Hg': 7.099235979782462}","{'Ha': 250.79247437593986, 'Hb': 33.95088996587699, 'Hd': 7.67457219934673, 'HeII_4199.83': 3.353949921837919, 'HeII_4686': 100.67606395948822, 'HeII_5411.53': 11.203439712811702, 'HeI_4471.50': 2.450634737422707, 'HeI_4713.17': 2.192487182455506, 'HeI_4921.93': 10.325343729224462, 'HeI_5015.68': 1.8260706058646525, 'HeI_5047.74': 2.469411554501196, 'HeI_5875.66': 12.703430004725666, 'Hg': 7.260106936457237}","{'Ha': 249.29769302099825, 'Hb': 34.76563871740572, 'Hd': 7.868616703118718, 'HeII_4199.83': 3.236145493650165, 'HeII_4686': 98.18130342490791, 'HeII_5411.53': 10.818386832729209, 'HeI_4471.50': 2.7649364709535846, 'HeI_4713.17': 2.4892989815207582, 'HeI_4921.93': 10.713871569336417, 'HeI_5015.68': 2.0853422142072735, 'HeI_5047.74': 2.4817844128778868, 'HeI_5875.66': 11.01799459306167, 'Hg': 7.502802650107906}","{'Ha': 247.73246876426327, 'Hb': 35.824582134740936, 'Hd': 8.144700494764406, 'HeII_4199.83': 3.132398127236479, 'HeII_4686': 96.28414162522182, 'HeII_5411.53': 10.574801405940056, 'HeI_4471.50': 3.5438196600771645, 'HeI_4713.17': 2.934361277832392, 'HeI_4921.93': 11.141336693882103, 'HeI_5015.68': 2.3950158823954406, 'HeI_5047.74': 2.4948674560293944, 'HeI_5875.66': 11.327895811303524, 'Hg': 7.81952113358241}","{'Ha': 246.0948730413325, 'Hb': 37.12239408145784, 'Hd': 8.495837089480016, 'HeII_4199.83': 3.040550322237435, 'HeII_4686': 94.63805773768364, 'HeII_5411.53': 10.443443800777535, 'HeI_4471.50': 4.592420371983844, 'HeI_4713.17': 3.4371495405466654, 'HeI_4921.93': 11.578416259554233, 'HeI_5015.68': 2.7274000534020804, 'HeI_5047.74': 2.508944159682873, 'HeI_5875.66': 12.710505006086203, 'Hg': 8.20546480708703}","{'Ha': 244.4129448360757, 'Hb': 38.60369659992021, 'Hd': 8.902456879219905, 'HeII_4199.83': 2.9610402004065333, 'HeII_4686': 93.09060226053481, 'HeII_5411.53': 10.400416852233871, 'HeI_4471.50': 5.71519147684844, 'HeI_4713.17': 3.922664896776304, 'HeI_4921.93': 11.9849962995298, 'HeI_5015.68': 3.0408715689911503, 'HeI_5047.74': 2.5230221546694858, 'HeI_5875.66': 14.50883491337382, 'Hg': 8.64524248402041}","{'Ha': 242.6451596897156, 'Hb': 40.223253568650286, 'Hd': 9.348450426576981, 'HeII_4199.83': 2.8926812825897454, 'HeII_4686': 91.50374114549476, 'HeII_5411.53': 10.418143940985914, 'HeI_4471.50': 6.812541687099724, 'HeI_4713.17': 4.364459271199461, 'HeI_4921.93': 12.351801876279568, 'HeI_5015.68': 3.3186506918800447, 'HeI_5047.74': 2.5358986393524874, 'HeI_5875.66': 16.267044582161173, 'Hg': 9.122123009548286}"
T41000logg3.8,"{'Ha': 257.8409184808131, 'Hb': 28.922106153601856, 'Hd': 5.300165428207503, 'HeII_4199.83': 6.138530763500906, 'HeII_4686': 101.85455721538212, 'HeII_5411.53': 19.051561552471792, 'HeI_4471.50': 9.317122672993351, 'HeI_4713.17': 5.9180392290768475, 'HeI_4921.93': 20.97044613305361, 'HeI_5015.68': 4.246863835751591, 'HeI_5047.74': 2.8297751179632984, 'HeI_5875.66': 25.813111041598283, 'Hg': 5.380126832085941}","{'Ha': 256.21890398124077, 'Hb': 28.363930449701886, 'Hd': 5.036374658813136, 'HeII_4199.83': 5.646629709720871, 'HeII_4686': 95.46168655410027, 'HeII_5411.53': 17.378836487911553, 'HeI_4471.50': 7.918203338383251, 'HeI_4713.17': 5.935551346807845, 'HeI_4921.93': 20.834773544656876, 'HeI_5015.68': 4.278461165390233, 'HeI_5047.74': 2.8282503449126097, 'HeI_5875.66': 13.089081200167657, 'Hg': 5.214955517608942}","{'Ha': 254.45747486234788, 'Hb': 27.967022065035913, 'Hd': 4.8195201850241585, 'HeII_4199.83': 5.161884537942161, 'HeII_4686': 90.27099895309395, 'HeII_5411.53': 15.775935269510368, 'HeI_4471.50': 7.680979969117202, 'HeI_4713.17': 6.041517829217578, 'HeI_4921.93': 20.692635861319243, 'HeI_5015.68': 4.3941050232762855, 'HeI_5047.74': 2.826464210015694, 'HeI_5875.66': 6.942021976092246, 'Hg': 5.103776229463745}","{'Ha': 252.41527332056606, 'Hb': 27.80744583579235, 'Hd': 4.682645644310043, 'HeII_4199.83': 4.7165880807188545, 'HeII_4686': 86.48960983975645, 'HeII_5411.53': 14.395524123079406, 'HeI_4471.50': 8.08178303785126, 'HeI_4713.17': 6.2160346453426545, 'HeI_4921.93': 20.53897717996986, 'HeI_5015.68': 4.5656906481956, 'HeI_5047.74': 2.8245003781559936, 'HeI_5875.66': 4.664774891988395, 'Hg': 5.072503432537488}","{'Ha': 250.2153418178157, 'Hb': 27.95263106893699, 'Hd': 4.651577384646998, 'HeII_4199.83': 4.3334919886749725, 'HeII_4686': 83.926981696261, 'HeII_5411.53': 13.322855769389003, 'HeI_4471.50': 8.814849153272618, 'HeI_4713.17': 6.438940715194232, 'HeI_4921.93': 20.383273995932203, 'HeI_5015.68': 4.74995171436259, 'HeI_5047.74': 2.8225777014314173, 'HeI_5875.66': 4.7504620116356575, 'Hg': 5.138448110853869}","{'Ha': 247.9307345561866, 'Hb': 28.423185633261223, 'Hd': 4.732978329644817, 'HeII_4199.83': 4.015568277080382, 'HeII_4686': 82.12443638038975, 'HeII_5411.53': 12.541046591148836, 'HeI_4471.50': 9.723908877174724, 'HeI_4713.17': 6.683398718699704, 'HeI_4921.93': 20.227534995319505, 'HeI_5015.68': 4.927003745616077, 'HeI_5047.74': 2.8206738671972964, 'HeI_5875.66': 6.1915585189391225, 'Hg': 5.3073307267356356}","{'Ha': 245.56897622071753, 'Hb': 29.236170442804195, 'Hd': 4.924801561979961, 'HeII_4199.83': 3.750107804087892, 'HeII_4686': 80.67243088475175, 'HeII_5411.53': 11.990335763585101, 'HeI_4471.50': 10.71926251545678, 'HeI_4713.17': 6.928742535237174, 'HeI_4921.93': 20.07689755756025, 'HeI_5015.68': 5.098554938097836, 'HeI_5047.74': 2.818657310377378, 'HeI_5875.66': 8.32739479439431, 'Hg': 5.580687172101429}","{'Ha': 243.2041192381371, 'Hb': 30.366622577952178, 'Hd': 5.214404697407769, 'HeII_4199.83': 3.533019039140154, 'HeII_4686': 79.36581597918125, 'HeII_5411.53': 11.63027769067223, 'HeI_4471.50': 11.687142499190912, 'HeI_4713.17': 7.152806940182799, 'HeI_4921.93': 19.943950925200483, 'HeI_5015.68': 5.251780610324541, 'HeI_5047.74': 2.8166346074175923, 'HeI_5875.66': 10.597862473947643, 'Hg': 5.947518311783617}","{'Ha': 240.81137917011563, 'Hb': 31.770030470497122, 'Hd': 5.585427915225131, 'HeII_4199.83': 3.355690416056366, 'HeII_4686': 78.03284257460732, 'HeII_5411.53': 11.406150369113858, 'HeI_4471.50': 12.577590646597557, 'HeI_4713.17': 7.35135243254236, 'HeI_4921.93': 19.829194583999342, 'HeI_5015.68': 5.384164687927936, 'HeI_5047.74': 2.814778901863837, 'HeI_5875.66': 12.69137346555276, 'Hg': 6.388845729094391}"
T41000logg4.0,"{'Ha': 258.4566794765839, 'Hb': 30.752953734953373, 'Hd': 5.913616442408222, 'HeII_4199.83': 5.336519419828676, 'HeII_4686': 112.95050182031348, 'HeII_5411.53': 17.077368027610046, 'HeI_4471.50': 7.99636340527872, 'HeI_4713.17': 4.3738921490905, 'HeI_4921.93': 16.620345096040168, 'HeI_5015.68': 3.242338814025428, 'HeI_5047.74': 2.725500935916238, 'HeI_5875.66': 33.65650593659396, 'Hg': 5.937083833164957}","{'Ha': 257.2024562941908, 'Hb': 30.62332909390086, 'Hd': 5.792495531840176, 'HeII_4199.83': 5.03854031544192, 'HeII_4686': 106.91956997177742, 'HeII_5411.53': 15.934643037488193, 'HeI_4471.50': 5.633316432758167, 'HeI_4713.17': 4.1710265306851415, 'HeI_4921.93': 16.665564669274204, 'HeI_5015.68': 3.1355861450511657, 'HeI_5047.74': 2.7267459961036913, 'HeI_5875.66': 18.72803276781978, 'Hg': 5.893236123814602}","{'Ha': 255.78617521622036, 'Hb': 30.658315183590965, 'Hd': 5.725341781353963, 'HeII_4199.83': 4.734688356028382, 'HeII_4686': 101.90986216007116, 'HeII_5411.53': 14.828451659170913, 'HeI_4471.50': 4.830703979239768, 'HeI_4713.17': 4.203070436621878, 'HeI_4921.93': 16.724655630702205, 'HeI_5015.68': 3.222970612861338, 'HeI_5047.74': 2.7284493663498655, 'HeI_5875.66': 10.869192413055405, 'Hg': 5.904613092408645}","{'Ha': 254.08461630199972, 'Hb': 30.910771653541996, 'Hd': 5.734275911980323, 'HeII_4199.83': 4.4441028430424385, 'HeII_4686': 98.12112705914146, 'HeII_5411.53': 13.86679704026673, 'HeI_4471.50': 4.940242787480986, 'HeI_4713.17': 4.39386749826541, 'HeI_4921.93': 16.794475131490746, 'HeI_5015.68': 3.4285593339209557, 'HeI_5047.74': 2.7305104151265387, 'HeI_5875.66': 7.44455060860722, 'Hg': 5.98983656681918}","{'Ha': 252.2212880082777, 'Hb': 31.425479199295836, 'Hd': 5.83511260258476, 'HeII_4199.83': 4.183114141653466, 'HeII_4686': 95.41471436034983, 'HeII_5411.53': 13.115178765251764, 'HeI_4471.50': 5.577937424378841, 'HeI_4713.17': 4.693110722927678, 'HeI_4921.93': 16.870548074218433, 'HeI_5015.68': 3.6743466068712376, 'HeI_5047.74': 2.7326693297190796, 'HeI_5875.66': 6.83095098285179, 'Hg': 6.159314027133345}","{'Ha': 250.27357253231875, 'Hb': 32.20712008464772, 'Hd': 6.028170498477056, 'HeII_4199.83': 3.9574611547116056, 'HeII_4686': 93.39083998752626, 'HeII_5411.53': 12.567316046852822, 'HeI_4471.50': 6.505839341607334, 'HeI_4713.17': 5.0455040086482565, 'HeI_4921.93': 16.947682828018078, 'HeI_5015.68': 3.9214161360860755, 'HeI_5047.74': 2.7348467407649326, 'HeI_5875.66': 7.849519066017748, 'Hg': 6.412100404899052}","{'Ha': 248.24278316244485, 'Hb': 33.264092816932965, 'Hd': 6.309775433486153, 'HeII_4199.83': 3.7614833111549766, 'HeII_4686': 91.6751298592994, 'HeII_5411.53': 12.184902546811248, 'HeI_4471.50': 7.591494789565414, 'HeI_4713.17': 5.410498505190741, 'HeI_4921.93': 17.023425357344518, 'HeI_5015.68': 4.166413538470992, 'HeI_5047.74': 2.7370812720422983, 'HeI_5875.66': 9.721695107338293, 'Hg': 6.747191305362651}","{'Ha': 246.17770174330263, 'Hb': 34.55958475512329, 'Hd': 6.664494327752297, 'HeII_4199.83': 3.595171956779631, 'HeII_4686': 90.09376985145133, 'HeII_5411.53': 11.940618248187956, 'HeI_4471.50': 8.682021523475738, 'HeI_4713.17': 5.749118555475742, 'HeI_4921.93': 17.093123088792282, 'HeI_5015.68': 4.388155747705909, 'HeI_5047.74': 2.7392334371567513, 'HeI_5875.66': 11.841785967913593, 'Hg': 7.1520457495004734}","{'Ha': 244.04518644892522, 'Hb': 36.0535594278034, 'Hd': 7.077025990816328, 'HeII_4199.83': 3.45466526670746, 'HeII_4686': 88.49137197451459, 'HeII_5411.53': 11.795585583893113, 'HeI_4471.50': 9.707411042896593, 'HeI_4713.17': 6.051405209589556, 'HeI_4921.93': 17.156043472548273, 'HeI_5015.68': 4.580884884687809, 'HeI_5047.74': 2.7411535913052125, 'HeI_5875.66': 13.836976936149881, 'Hg': 7.609823504963004}"
T41000logg4.2,"{'Ha': 250.01181543700372, 'Hb': 31.926102690822766, 'Hd': 7.18473238454733, 'HeII_4199.83': 4.258700262114528, 'HeII_4686': 115.44352323443985, 'HeII_5411.53': 14.727235366566163, 'HeI_4471.50': 7.6701738550782474, 'HeI_4713.17': 3.6428347769192477, 'HeI_4921.93': 12.655900828724546, 'HeI_5015.68': 2.6970494302005568, 'HeI_5047.74': 2.585289173780518, 'HeI_5875.66': 39.23330447650244, 'Hg': 6.742664031289236}","{'Ha': 249.04526931462954, 'Hb': 32.081638073226486, 'Hd': 7.156502674572538, 'HeII_4199.83': 4.10296015176483, 'HeII_4686': 110.02151696456825, 'HeII_5411.53': 13.977913732450922, 'HeI_4471.50': 4.674666217978936, 'HeI_4713.17': 3.064845043385119, 'HeI_4921.93': 12.740688674335255, 'HeI_5015.68': 2.3222894857323184, 'HeI_5047.74': 2.58812976878906, 'HeI_5875.66': 23.084938694589393, 'Hg': 6.774258230414649}","{'Ha': 247.96994195127277, 'Hb': 32.42098237184962, 'Hd': 7.189056242860929, 'HeII_4199.83': 3.941287469125734, 'HeII_4686': 105.49293240576507, 'HeII_5411.53': 13.262486211940711, 'HeI_4471.50': 3.405364188775898, 'HeI_4713.17': 2.9211776049292055, 'HeI_4921.93': 12.908594597909461, 'HeI_5015.68': 2.30207379596919, 'HeI_5047.74': 2.593476133344652, 'HeI_5875.66': 14.12556762941912, 'Hg': 6.866224971763742}","{'Ha': 246.63064835257688, 'Hb': 32.97345213917646, 'Hd': 7.296948472639757, 'HeII_4199.83': 3.783044763813674, 'HeII_4686': 102.02765992377118, 'HeII_5411.53': 12.654683118852326, 'HeI_4471.50': 3.215668084390674, 'HeI_4713.17': 3.0554357660062696, 'HeI_4921.93': 13.139116295726685, 'HeI_5015.68': 2.488958787527273, 'HeI_5047.74': 2.60049287487821, 'HeI_5875.66': 9.903131000064276, 'Hg': 7.031268234819509}","{'Ha': 245.13683656779037, 'Hb': 33.76311962345614, 'Hd': 7.488024755335342, 'HeII_4199.83': 3.6370743644640515, 'HeII_4686': 99.50439037237628, 'HeII_5411.53': 12.196035417211508, 'HeI_4471.50': 3.697368122358996, 'HeI_4713.17': 3.3769553826742285, 'HeI_4921.93': 13.406223912008413, 'HeI_5015.68': 2.7614122010771442, 'HeI_5047.74': 2.6080107754159663, 'HeI_5875.66': 8.767885923678039, 'Hg': 7.273743771260478}","{'Ha': 243.56288407418543, 'Hb': 34.782209546953695, 'Hd': 7.757584242099891, 'HeII_4199.83': 3.507499363816029, 'HeII_4686': 97.5674572280036, 'HeII_5411.53': 11.879015918912385, 'HeI_4471.50': 4.562848152549706, 'HeI_4713.17': 3.7952709562439084, 'HeI_4921.93': 13.688079966179275, 'HeI_5015.68': 3.054777351315788, 'HeI_5047.74': 2.6157534680803094, 'HeI_5875.66': 9.444199808137926, 'Hg': 7.587361198954456}","{'Ha': 241.91091862105597, 'Hb': 36.032098899839916, 'Hd': 8.100760723729403, 'HeII_4199.83': 3.3917351374983338, 'HeII_4686': 95.87931254849626, 'HeII_5411.53': 11.676786475452756, 'HeI_4471.50': 5.646443993423624, 'HeI_4713.17': 4.2461171170211855, 'HeI_4921.93': 13.970435303941578, 'HeI_5015.68': 3.3555164309044634, 'HeI_5047.74': 2.6239306384773946, 'HeI_5875.66': 11.081933753653542, 'Hg': 7.969024884945226}","{'Ha': 240.21107954509657, 'Hb': 37.465146370646664, 'Hd': 8.500031655392403, 'HeII_4199.83': 3.290593565501977, 'HeII_4686': 94.29155693841501, 'HeII_5411.53': 11.568503022421579, 'HeI_4471.50': 6.771490858494021, 'HeI_4713.17': 4.672414354824902, 'HeI_4921.93': 14.23077942166148, 'HeI_5015.68': 3.6326940852751655, 'HeI_5047.74': 2.6320201613857317, 'HeI_5875.66': 13.051162324970802, 'Hg': 8.404598481528643}","{'Ha': 238.4252857771332, 'Hb': 39.042103954881625, 'Hd': 8.940697296597126, 'HeII_4199.83': 3.2026858011338613, 'HeII_4686': 92.66657188357307, 'HeII_5411.53': 11.526786702799381, 'HeI_4471.50': 7.852275582828777, 'HeI_4713.17': 5.0566030446689485, 'HeI_4921.93': 14.464851550394869, 'HeI_5015.68': 3.875708024817727, 'HeI_5047.74': 2.639381557695442, 'HeI_5875.66': 14.93779450246645, 'Hg': 8.878123686590246}"
T41000logg4.4,"{'Ha': 251.1600319444964, 'Hb': 34.08496729249492, 'Hd': 8.689949909035038, 'HeII_4199.83': 3.2102162298772186, 'HeII_4686': 123.23189651644573, 'HeII_5411.53': 12.083626106588673, 'HeI_4471.50': 7.1968656204710735, 'HeI_4713.17': 3.5178886884871785, 'HeI_4921.93': 9.715648905080633, 'HeI_5015.68': 2.5986071726997766, 'HeI_5047.74': 2.451600102036423, 'HeI_5875.66': 40.292149676575995, 'Hg': 7.872569568125026}","{'Ha': 250.32134367388073, 'Hb': 34.40220573427889, 'Hd': 8.71856428049701, 'HeII_4199.83': 3.142670552692681, 'HeII_4686': 117.89138950968587, 'HeII_5411.53': 11.649531598532059, 'HeI_4471.50': 4.18524651753646, 'HeI_4713.17': 2.654651906842642, 'HeI_4921.93': 9.74582848125012, 'HeI_5015.68': 2.056666221461258, 'HeI_5047.74': 2.452970588230226, 'HeI_5875.66': 24.3604806914554, 'Hg': 7.942887073311114}","{'Ha': 249.3789425591738, 'Hb': 34.937416122466814, 'Hd': 8.814977238513421, 'HeII_4199.83': 3.0731445014055736, 'HeII_4686': 113.41942483148419, 'HeII_5411.53': 11.257967287946514, 'HeI_4471.50': 2.788204285457974, 'HeI_4713.17': 2.3627208078450432, 'HeI_4921.93': 9.932551503551604, 'HeI_5015.68': 1.9574162543238411, 'HeI_5047.74': 2.4602094097301768, 'HeI_5875.66': 15.308837120734045, 'Hg': 8.08378118947459}","{'Ha': 248.21976510459166, 'Hb': 35.71688468805728, 'Hd': 8.989755637807422, 'HeII_4199.83': 3.0049562342965426, 'HeII_4686': 109.95680795856141, 'HeII_5411.53': 10.954504367579132, 'HeI_4471.50': 2.469960066622282, 'HeI_4713.17': 2.431342073128354, 'HeI_4921.93': 10.239426929928245, 'HeI_5015.68': 2.114076475736486, 'HeI_5047.74': 2.4711250068491575, 'HeI_5875.66': 10.931089046989786, 'Hg': 8.304418710303967}","{'Ha': 246.95528343379308, 'Hb': 36.745019020611814, 'Hd': 9.243875068430494, 'HeII_4199.83': 2.9418433106195496, 'HeII_4686': 107.37875340930933, 'HeII_5411.53': 10.759122520664581, 'HeI_4471.50': 2.8574287912061505, 'HeI_4713.17': 2.7420292660027057, 'HeI_4921.93': 10.62169920226709, 'HeI_5015.68': 2.3844053298630983, 'HeI_5047.74': 2.4833714965707605, 'HeI_5875.66': 9.653786853674875, 'Hg': 8.6027094650365}","{'Ha': 245.65016059749001, 'Hb': 37.995255183752256, 'Hd': 9.567838898745732, 'HeII_4199.83': 2.886067415977037, 'HeII_4686': 105.34132037949901, 'HeII_5411.53': 10.661046453629146, 'HeI_4471.50': 3.6621691131031477, 'HeI_4713.17': 3.1808805868931467, 'HeI_4921.93': 11.039265459668915, 'HeI_5015.68': 2.689893943333319, 'HeI_5047.74': 2.496315573736478, 'HeI_5875.66': 10.211286560305357, 'Hg': 8.966403624803895}","{'Ha': 244.29541740101774, 'Hb': 39.45515631525315, 'Hd': 9.955097050134356, 'HeII_4199.83': 2.8363600816813164, 'HeII_4686': 103.51884351914813, 'HeII_5411.53': 10.64075333502073, 'HeI_4471.50': 4.709485988964237, 'HeI_4713.17': 3.6679962861793824, 'HeI_4921.93': 11.465933421725879, 'HeI_5015.68': 3.009278606694574, 'HeI_5047.74': 2.510236036375832, 'HeI_5875.66': 11.750764142847558, 'Hg': 9.38941244188471}","{'Ha': 242.8938962722843, 'Hb': 41.059049024608065, 'Hd': 10.38632171591981, 'HeII_4199.83': 2.7928524028682293, 'HeII_4686': 101.77959264080096, 'HeII_5411.53': 10.67924964523518, 'HeI_4471.50': 5.820006627479405, 'HeI_4713.17': 4.134799189071176, 'HeI_4921.93': 11.86498807860259, 'HeI_5015.68': 3.3070864238061537, 'HeI_5047.74': 2.5241648912877346, 'HeI_5875.66': 13.646537047385173, 'Hg': 9.854997859016592}","{'Ha': 241.38941822427435, 'Hb': 42.761150391893516, 'Hd': 10.847109323933704, 'HeII_4199.83': 2.7549040556341144, 'HeII_4686': 99.99731630641898, 'HeII_5411.53': 10.756282328561774, 'HeI_4471.50': 6.903293913394508, 'HeI_4713.17': 4.558293841771943, 'HeI_4921.93': 12.227570034322301, 'HeI_5015.68': 3.569910954084766, 'HeI_5047.74': 2.536912167695995, 'HeI_5875.66': 15.475961124264604, 'Hg': 10.34683466808435}"
T42000logg3.8,"{'Ha': 262.20156869578307, 'Hb': 30.540977819496995, 'Hd': 5.547523004895724, 'HeII_4199.83': 6.640194797191938, 'HeII_4686': 99.86140609644632, 'HeII_5411.53': 21.133816805835885, 'HeI_4471.50': 12.762229539638247, 'HeI_4713.17': 7.575192682969938, 'HeI_4921.93': 21.5425552192642, 'HeI_5015.68': 5.596617281500616, 'HeI_5047.74': 2.8344630074131727, 'HeI_5875.66': 12.53984770131135, 'Hg': 5.712127739617187}","{'Ha': 260.39579940644643, 'Hb': 29.84920703093524, 'Hd': 5.252651580972693, 'HeII_4199.83': 6.090977421182359, 'HeII_4686': 93.95077432352406, 'HeII_5411.53': 19.29455097092726, 'HeI_4471.50': 12.486089321022382, 'HeI_4713.17': 7.639068281291661, 'HeI_4921.93': 21.368747672985254, 'HeI_5015.68': 5.652591569282204, 'HeI_5047.74': 2.83266085940198, 'HeI_5875.66': 5.3725512383195815, 'Hg': 5.5212707876604235}","{'Ha': 258.5087693332304, 'Hb': 29.31837826315536, 'Hd': 4.999794776767134, 'HeII_4199.83': 5.55175752323286, 'HeII_4686': 89.0896968997605, 'HeII_5411.53': 17.516146959216723, 'HeI_4471.50': 12.732810975942709, 'HeI_4713.17': 7.7243829525696, 'HeI_4921.93': 21.19005663095766, 'HeI_5015.68': 5.728238410884748, 'HeI_5047.74': 2.8305361537213143, 'HeI_5875.66': 2.719576095480094, 'Hg': 5.380403738905614}","{'Ha': 256.3384120145478, 'Hb': 29.020407454876683, 'Hd': 4.823812295925563, 'HeII_4199.83': 5.058170310224031, 'HeII_4686': 85.5091159177343, 'HeII_5411.53': 15.965643476881217, 'HeI_4471.50': 13.262981245852918, 'HeI_4713.17': 7.832199353337735, 'HeI_4921.93': 20.999193967527955, 'HeI_5015.68': 5.819624555437153, 'HeI_5047.74': 2.828179946729312, 'HeI_5875.66': 2.530612618248306, 'Hg': 5.317005134423247}","{'Ha': 254.0058913669609, 'Hb': 29.026737733923564, 'Hd': 4.75305712249745, 'HeII_4199.83': 4.634930086166897, 'HeII_4686': 83.0597431471188, 'HeII_5411.53': 14.741035286342074, 'HeI_4471.50': 13.91746973721432, 'HeI_4713.17': 7.956705675398603, 'HeI_4921.93': 20.806744761232995, 'HeI_5015.68': 5.911186511789026, 'HeI_5047.74': 2.825848098668018, 'HeI_5875.66': 3.7434177818460834, 'Hg': 5.350190925882818}","{'Ha': 251.58083139890758, 'Hb': 29.36121097531621, 'Hd': 4.796592626970624, 'HeII_4199.83': 4.2845641575470355, 'HeII_4686': 81.3234073631726, 'HeII_5411.53': 13.829109390017912, 'HeI_4471.50': 14.633442816486168, 'HeI_4713.17': 8.087521210212374, 'HeI_4921.93': 20.615114411765504, 'HeI_5015.68': 5.9969937481876325, 'HeI_5047.74': 2.8235343434390994, 'HeI_5875.66': 5.740131094358389, 'Hg': 5.488108869806778}","{'Ha': 249.0695823779983, 'Hb': 30.044916372424392, 'Hd': 4.9535970405123075, 'HeII_4199.83': 3.992375299916034, 'HeII_4686': 79.91622801532033, 'HeII_5411.53': 13.16748548700086, 'HeI_4471.50': 15.370849182701027, 'HeI_4713.17': 8.216197706335791, 'HeI_4921.93': 20.43014688339508, 'HeI_5015.68': 6.079140862518726, 'HeI_5047.74': 2.821109536182517, 'HeI_5875.66': 8.112705187100289, 'Hg': 5.733840856152889}","{'Ha': 246.55254538028817, 'Hb': 31.06118693652362, 'Hd': 5.213498764581932, 'HeII_4199.83': 3.7532295281274237, 'HeII_4686': 78.64415177581161, 'HeII_5411.53': 12.715470781059537, 'HeI_4471.50': 16.06638181329538, 'HeI_4713.17': 8.332454039835442, 'HeI_4921.93': 20.26673986593103, 'HeI_5015.68': 6.152230221390026, 'HeI_5047.74': 2.8187010401279347, 'HeI_5875.66': 10.43437546443475, 'Hg': 6.077830338323987}","{'Ha': 244.00992369868, 'Hb': 32.368710006235304, 'Hd': 5.560678650124965, 'HeII_4199.83': 3.5573274427036536, 'HeII_4686': 77.34163114977659, 'HeII_5411.53': 12.414495771085903, 'HeI_4471.50': 16.695000445971612, 'HeI_4713.17': 8.43491463846711, 'HeI_4921.93': 20.125401640445524, 'HeI_5015.68': 6.215791280606122, 'HeI_5047.74': 2.8164950674802753, 'HeI_5875.66': 12.515125783134176, 'Hg': 6.501199425474472}"
T42000logg4.0,"{'Ha': 266.9400367423102, 'Hb': 31.858054148481095, 'Hd': 5.9313353188237565, 'HeII_4199.83': 5.657617820837636, 'HeII_4686': 118.14756895644257, 'HeII_5411.53': 18.921260333731272, 'HeI_4471.50': 8.741001892560833, 'HeI_4713.17': 5.5630388408530544, 'HeI_4921.93': 19.301746951966248, 'HeI_5015.68': 4.290741481167225, 'HeI_5047.74': 2.788591483866426, 'HeI_5875.66': 23.48262954651364, 'Hg': 6.048784744623003}","{'Ha': 265.51807876300063, 'Hb': 31.625408640673832, 'Hd': 5.785849141504038, 'HeII_4199.83': 5.32261859656461, 'HeII_4686': 111.85581086865213, 'HeII_5411.53': 17.64290474221595, 'HeI_4471.50': 7.40610608164256, 'HeI_4713.17': 5.564840263787589, 'HeI_4921.93': 19.245645646304276, 'HeI_5015.68': 4.3282187691324925, 'HeI_5047.74': 2.788071267632255, 'HeI_5875.66': 11.804136895908105, 'Hg': 5.982968899073835}","{'Ha': 263.94880814442274, 'Hb': 31.555669603310296, 'Hd': 5.690883882870589, 'HeII_4199.83': 4.982651604600286, 'HeII_4686': 106.50963651003121, 'HeII_5411.53': 16.393764971195118, 'HeI_4471.50': 7.172237854867878, 'HeI_4713.17': 5.668382709425078, 'HeI_4921.93': 19.183727801238888, 'HeI_5015.68': 4.4440024130194, 'HeI_5047.74': 2.787440366385787, 'HeI_5875.66': 6.212205941000323, 'Hg': 5.972123522812422}","{'Ha': 262.07228689703317, 'Hb': 31.703291160214423, 'Hd': 5.671631482498844, 'HeII_4199.83': 4.65968922782269, 'HeII_4686': 102.38737365001003, 'HeII_5411.53': 15.293720883859812, 'HeI_4471.50': 7.566028568858006, 'HeI_4713.17': 5.84935563765636, 'HeI_4921.93': 19.114570845329833, 'HeI_5015.68': 4.61171710256417, 'HeI_5047.74': 2.786746606609235, 'HeI_5875.66': 4.251148282373339, 'Hg': 6.036205657719826}","{'Ha': 260.02338163277295, 'Hb': 32.11846304034249, 'Hd': 5.7453364731632535, 'HeII_4199.83': 4.371446454197972, 'HeII_4686': 99.39542629977592, 'HeII_5411.53': 14.417964285655913, 'HeI_4471.50': 8.29931997400351, 'HeI_4713.17': 6.084547070893014, 'HeI_4921.93': 19.04384794253291, 'HeI_5015.68': 4.7908785065693, 'HeI_5047.74': 2.786072341111897, 'HeI_5875.66': 4.51040047260895, 'Hg': 6.186614698703419}","{'Ha': 257.8821519166963, 'Hb': 32.808610866370586, 'Hd': 5.913291416916504, 'HeII_4199.83': 4.123257366745395, 'HeII_4686': 97.13648737290875, 'HeII_5411.53': 13.762629741082044, 'HeI_4471.50': 9.213337690601703, 'HeI_4713.17': 6.344316631937893, 'HeI_4921.93': 18.972128038844424, 'HeI_5015.68': 4.962987706885452, 'HeI_5047.74': 2.785399237330915, 'HeI_5875.66': 6.040192394828429, 'Hg': 6.423151805307802}","{'Ha': 255.65182795504276, 'Hb': 33.783741507706104, 'Hd': 6.172422000350654, 'HeII_4199.83': 3.908322337672743, 'HeII_4686': 95.22308462918193, 'HeII_5411.53': 13.286456188770053, 'HeI_4471.50': 10.218221115909275, 'HeI_4713.17': 6.606037892980836, 'HeI_4921.93': 18.902439570757895, 'HeI_5015.68': 5.129492182273381, 'HeI_5047.74': 2.7846739656877117, 'HeI_5875.66': 8.21620401047226, 'Hg': 6.745066973768852}","{'Ha': 253.39048256502485, 'Hb': 35.01080795723925, 'Hd': 6.5084885037398506, 'HeII_4199.83': 3.726194400979463, 'HeII_4686': 93.47736978580879, 'HeII_5411.53': 12.96225301529739, 'HeI_4471.50': 11.19806324168654, 'HeI_4713.17': 6.8454959532887765, 'HeI_4921.93': 18.84150154491264, 'HeI_5015.68': 5.278285033543497, 'HeI_5047.74': 2.783941193750826, 'HeI_5875.66': 10.502749356710572, 'Hg': 7.140066175060592}","{'Ha': 251.06612089693868, 'Hb': 36.4497871479653, 'Hd': 6.906662779118317, 'HeII_4199.83': 3.572248337387779, 'HeII_4686': 91.72817669663873, 'HeII_5411.53': 12.74825795517367, 'HeI_4471.50': 12.103293217295931, 'HeI_4713.17': 7.057869888557301, 'HeI_4921.93': 18.789616383319938, 'HeI_5015.68': 5.40708577238423, 'HeI_5047.74': 2.7832620306029026, 'HeI_5875.66': 12.604908834378248, 'Hg': 7.590868361816234}"
T42000logg4.2,"{'Ha': 252.25669159821132, 'Hb': 31.824165955872626, 'Hd': 6.936628019642025, 'HeII_4199.83': 4.685757439970376, 'HeII_4686': 118.51056180228046, 'HeII_5411.53': 16.07610000672834, 'HeI_4471.50': 7.486370484098335, 'HeI_4713.17': 4.201400378600192, 'HeI_4921.93': 15.96038636919277, 'HeI_5015.68': 3.2205329985917905, 'HeI_5047.74': 2.699802837772239, 'HeI_5875.66': 31.983298671186176, 'Hg': 6.634347225120681}","{'Ha': 251.2248170209702, 'Hb': 31.949808185547553, 'Hd': 6.909494984358642, 'HeII_4199.83': 4.506184453954175, 'HeII_4686': 113.13936885371655, 'HeII_5411.53': 15.27806109488673, 'HeI_4471.50': 5.230445798886541, 'HeI_4713.17': 3.9677170409113223, 'HeI_4921.93': 16.02006555825345, 'HeI_5015.68': 3.112189611420563, 'HeI_5047.74': 2.7014603903179957, 'HeI_5875.66': 17.766940058367286, 'Hg': 6.665482330856423}","{'Ha': 250.08760260710054, 'Hb': 32.2564237600199, 'Hd': 6.938311108642275, 'HeII_4199.83': 4.318934837827505, 'HeII_4686': 108.54915307490835, 'HeII_5411.53': 14.499419800347845, 'HeI_4471.50': 4.442097764969833, 'HeI_4713.17': 3.9862745799913375, 'HeI_4921.93': 16.09844969757675, 'HeI_5015.68': 3.1990279728278184, 'HeI_5047.74': 2.7038119086942403, 'HeI_5875.66': 10.273113877829017, 'Hg': 6.75516618845549}","{'Ha': 248.6775521260125, 'Hb': 32.770008882848444, 'Hd': 7.039324591805434, 'HeII_4199.83': 4.135102123817769, 'HeII_4686': 104.96141650883214, 'HeII_5411.53': 13.818265317655651, 'HeI_4471.50': 4.542262654380174, 'HeI_4713.17': 4.174891338102077, 'HeI_4921.93': 16.191838722883613, 'HeI_5015.68': 3.404662816709599, 'HeI_5047.74': 2.7066844891041435, 'HeI_5875.66': 7.047449779280786, 'Hg': 6.915956609882407}","{'Ha': 247.10788886302512, 'Hb': 33.51562014521511, 'Hd': 7.221022635004205, 'HeII_4199.83': 3.9651691953245893, 'HeII_4686': 102.3001344906808, 'HeII_5411.53': 13.283633195576106, 'HeI_4471.50': 5.169817344909325, 'HeI_4713.17': 4.479442874631448, 'HeI_4921.93': 16.294362988873235, 'HeI_5015.68': 3.6514368394677814, 'HeI_5047.74': 2.709694144552473, 'HeI_5875.66': 6.539518990428098, 'Hg': 7.152678755229058}","{'Ha': 245.4536999132238, 'Hb': 34.48715170937121, 'Hd': 7.479765481011263, 'HeII_4199.83': 3.8138568240333854, 'HeII_4686': 100.2313485216652, 'HeII_5411.53': 12.892970508814464, 'HeI_4471.50': 6.0908529829238, 'HeI_4713.17': 4.8413572665903555, 'HeI_4921.93': 16.398569340355117, 'HeI_5015.68': 3.9001255815915497, 'HeI_5047.74': 2.7127439122522325, 'HeI_5875.66': 7.611069425593897, 'Hg': 7.459901361562251}","{'Ha': 243.71661740215012, 'Hb': 35.68865144991594, 'Hd': 7.811908097159593, 'HeII_4199.83': 3.678218384586324, 'HeII_4686': 98.42264255937535, 'HeII_5411.53': 12.620448648931493, 'HeI_4471.50': 7.173174125689856, 'HeI_4713.17': 5.2178998610292995, 'HeI_4921.93': 16.501333724881242, 'HeI_5015.68': 4.146708160128097, 'HeI_5047.74': 2.7159085474821807, 'HeI_5875.66': 9.507814881134388, 'Hg': 7.835372676507903}","{'Ha': 241.93011715804454, 'Hb': 37.076846086540264, 'Hd': 8.201326255435767, 'HeII_4199.83': 3.5592542387219432, 'HeII_4686': 96.72892512214138, 'HeII_5411.53': 12.447812741247391, 'HeI_4471.50': 8.264857228387822, 'HeI_4713.17': 5.567996063192899, 'HeI_4921.93': 16.596703914395896, 'HeI_5015.68': 4.370045811031104, 'HeI_5047.74': 2.719004270429393, 'HeI_5875.66': 11.639081628947785, 'Hg': 8.265695767958135}","{'Ha': 240.05806385955646, 'Hb': 38.6151626240691, 'Hd': 8.634327758059928, 'HeII_4199.83': 3.455336835730441, 'HeII_4686': 95.0081565862048, 'HeII_5411.53': 12.347700828087868, 'HeI_4471.50': 9.296278275445493, 'HeI_4713.17': 5.880959083404939, 'HeI_4921.93': 16.68357870272326, 'HeI_5015.68': 4.564314250540965, 'HeI_5047.74': 2.7218058666486904, 'HeI_5875.66': 13.64206976280191, 'Hg': 8.735258566231765}"
T42000logg4.4,"{'Ha': 220.6078327563513, 'Hb': 29.83419933338356, 'Hd': 8.23949426837034, 'HeII_4199.83': 3.6064990248609727, 'HeII_4686': 102.8749082106729, 'HeII_5411.53': 10.930914912179961, 'HeI_4471.50': 7.01566601839083, 'HeI_4713.17': 3.6201198786184188, 'HeI_4921.93': 9.627153606830529, 'HeI_5015.68': 2.6500868551086114, 'HeI_5047.74': 2.4566173282092003, 'HeI_5875.66': 32.29052149065439, 'Hg': 7.236322402579256}","{'Ha': 220.07015911851016, 'Hb': 30.23997015855533, 'Hd': 8.300407886143969, 'HeII_4199.83': 3.5268465879758453, 'HeII_4686': 97.76496265240156, 'HeII_5411.53': 10.561518400157832, 'HeI_4471.50': 4.396704660415288, 'HeI_4713.17': 3.0582292467899794, 'HeI_4921.93': 9.639431043546228, 'HeI_5015.68': 2.2323866479864725, 'HeI_5047.74': 2.4580574937561117, 'HeI_5875.66': 18.502423530595877, 'Hg': 7.332464081275547}","{'Ha': 219.4630622585129, 'Hb': 30.87496883166835, 'Hd': 8.427464622002466, 'HeII_4199.83': 3.4439385917046272, 'HeII_4686': 93.84686603022548, 'HeII_5411.53': 10.239992906006233, 'HeI_4471.50': 3.2990732542152825, 'HeI_4713.17': 2.921100220179642, 'HeI_4921.93': 9.82075225643657, 'HeI_5015.68': 2.1912357579270667, 'HeI_5047.74': 2.465227716085085, 'HeI_5875.66': 11.021470228079538, 'Hg': 7.5001806283069286}","{'Ha': 218.72946109913863, 'Hb': 31.768237161749322, 'Hd': 8.628896176892475, 'HeII_4199.83': 3.361698809065812, 'HeII_4686': 91.10373949863202, 'HeII_5411.53': 10.00663887495847, 'HeI_4471.50': 3.1878013443642867, 'HeI_4713.17': 3.0577974400817785, 'HeI_4921.93': 10.129894642213252, 'HeI_5015.68': 2.370037749510907, 'HeI_5047.74': 2.476033057562066, 'HeI_5875.66': 7.712889207615016, 'Hg': 7.745860600671542}","{'Ha': 217.93220838812456, 'Hb': 32.908279115223706, 'Hd': 8.903137431923081, 'HeII_4199.83': 3.2846796215780647, 'HeII_4686': 89.26878311277629, 'HeII_5411.53': 9.875831501934003, 'HeI_4471.50': 3.6995484618899726, 'HeI_4713.17': 3.379443458850455, 'HeI_4921.93': 10.518661250589329, 'HeI_5015.68': 2.642858358921016, 'HeI_5047.74': 2.4881700195183583, 'HeI_5875.66': 7.1152411790238705, 'Hg': 8.064858812951623}","{'Ha': 217.1056242196238, 'Hb': 34.26078860119603, 'Hd': 9.240543911595722, 'HeII_4199.83': 3.215430417278639, 'HeII_4686': 87.93780253735122, 'HeII_5411.53': 9.83439705081757, 'HeI_4471.50': 4.570062165305431, 'HeI_4713.17': 3.7970021826678866, 'HeI_4921.93': 10.945495617022862, 'HeI_5015.68': 2.9410778102323096, 'HeI_5047.74': 2.500998903535522, 'HeI_5875.66': 8.104799995475942, 'Hg': 8.444140068275383}","{'Ha': 216.23854561903318, 'Hb': 35.81198152968919, 'Hd': 9.635954449318193, 'HeII_4199.83': 3.152475965755944, 'HeII_4686': 86.78087264330578, 'HeII_5411.53': 9.8631983384656, 'HeI_4471.50': 5.643841571404718, 'HeI_4713.17': 4.2471188232604815, 'HeI_4921.93': 11.382356063886514, 'HeI_5015.68': 3.248333217096074, 'HeI_5047.74': 2.514782093648233, 'HeI_5875.66': 9.929249594962, 'Hg': 8.87807715486473}","{'Ha': 215.32338499980102, 'Hb': 37.494044226549256, 'Hd': 10.07104616436606, 'HeII_4199.83': 3.0962320496934437, 'HeII_4686': 85.64974187728816, 'HeII_5411.53': 9.942908043745188, 'HeI_4471.50': 6.754844366287477, 'HeI_4713.17': 4.67275955770893, 'HeI_4921.93': 11.790352042566617, 'HeI_5015.68': 3.532590626665294, 'HeI_5047.74': 2.528555640348348, 'HeI_5875.66': 12.007640723723245, 'Hg': 9.350469938369315}","{'Ha': 214.30676101912616, 'Hb': 39.262715739837134, 'Hd': 10.533022695337245, 'HeII_4199.83': 3.046087358457136, 'HeII_4686': 84.43145903238779, 'HeII_5411.53': 10.054830186261816, 'HeI_4471.50': 7.823655196475891, 'HeI_4713.17': 5.056581606492333, 'HeI_4921.93': 12.160153411407343, 'HeI_5015.68': 3.78242736254128, 'HeI_5047.74': 2.541157696491173, 'HeI_5875.66': 13.972239561233017, 'Hg': 9.846170571335218}"
T43000logg4.0,"{'Ha': 260.74968864459095, 'Hb': 29.962500997268325, 'Hd': 5.643203685498879, 'HeII_4199.83': 5.84016701816946, 'HeII_4686': 106.16044964898747, 'HeII_5411.53': 18.70133603232863, 'HeI_4471.50': 11.491720837967385, 'HeI_4713.17': 6.845377448744932, 'HeI_4921.93': 21.093122761868845, 'HeI_5015.68': 5.332213278169781, 'HeI_5047.74': 2.823411552446892, 'HeI_5875.66': 12.192227852338574, 'Hg': 5.774850468967085}","{'Ha': 259.41511521564104, 'Hb': 29.774718022797675, 'Hd': 5.505707734753885, 'HeII_4199.83': 5.480304773135516, 'HeII_4686': 100.39248896085036, 'HeII_5411.53': 17.473041298968248, 'HeI_4471.50': 10.989118682574825, 'HeI_4713.17': 6.9014272606573925, 'HeI_4921.93': 20.93696531135422, 'HeI_5015.68': 5.3905942082658935, 'HeI_5047.74': 2.821805460285192, 'HeI_5875.66': 5.087515876642827, 'Hg': 5.723564952382923}","{'Ha': 257.938906073301, 'Hb': 29.7524296628865, 'Hd': 5.415521951805679, 'HeII_4199.83': 5.107056786635081, 'HeII_4686': 95.70230184617455, 'HeII_5411.53': 16.24533588369475, 'HeI_4471.50': 11.164130572489304, 'HeI_4713.17': 7.000523924145742, 'HeI_4921.93': 20.77492286108477, 'HeI_5015.68': 5.477317517142082, 'HeI_5047.74': 2.8198424313084507, 'HeI_5875.66': 2.652263046291399, 'Hg': 5.726339585642006}","{'Ha': 256.21392308572683, 'Hb': 29.949903831162374, 'Hd': 5.400681774099134, 'HeII_4199.83': 4.76356031136085, 'HeII_4686': 92.34127040650831, 'HeII_5411.53': 15.189875267218367, 'HeI_4471.50': 11.693885205545065, 'HeI_4713.17': 7.132865349043426, 'HeI_4921.93': 20.60426758653843, 'HeI_5015.68': 5.585807085207013, 'HeI_5047.74': 2.817687675036472, 'HeI_5875.66': 2.633762982098028, 'Hg': 5.802622364111951}","{'Ha': 254.2681518592283, 'Hb': 30.40457796256207, 'Hd': 5.473693930590094, 'HeII_4199.83': 4.454372523250891, 'HeII_4686': 89.9774101184547, 'HeII_5411.53': 14.329059872108433, 'HeI_4471.50': 12.387310958460679, 'HeI_4713.17': 7.294388516038557, 'HeI_4921.93': 20.43078547239273, 'HeI_5015.68': 5.6966449356522, 'HeI_5047.74': 2.8155237157352873, 'HeI_5875.66': 3.9281985302391416, 'Hg': 5.9622179964407716}","{'Ha': 252.25504798453198, 'Hb': 31.129514908996693, 'Hd': 5.639721377868172, 'HeII_4199.83': 4.191078653317682, 'HeII_4686': 88.25637839406191, 'HeII_5411.53': 13.688116044181834, 'HeI_4471.50': 13.169773816224346, 'HeI_4713.17': 7.467763595972893, 'HeI_4921.93': 20.25739190167831, 'HeI_5015.68': 5.799395113786563, 'HeI_5047.74': 2.8134032560294044, 'HeI_5875.66': 5.977587116903095, 'Hg': 6.2057883161497225}","{'Ha': 250.13433798073555, 'Hb': 32.13041801887885, 'Hd': 5.89439175928551, 'HeII_4199.83': 3.9641883590513642, 'HeII_4686': 86.791944412992, 'HeII_5411.53': 13.222251769087459, 'HeI_4471.50': 13.97715123639176, 'HeI_4713.17': 7.635802994304596, 'HeI_4921.93': 20.09030255507265, 'HeI_5015.68': 5.898388770708328, 'HeI_5047.74': 2.811172929328307, 'HeI_5875.66': 8.351832319484448, 'Hg': 6.534041440817087}","{'Ha': 248.00425438231144, 'Hb': 33.373917491527465, 'Hd': 6.225068379202919, 'HeII_4199.83': 3.773770634765901, 'HeII_4686': 85.44167669741846, 'HeII_5411.53': 12.906513945052133, 'HeI_4471.50': 14.750236071281316, 'HeI_4713.17': 7.790371362261373, 'HeI_4921.93': 19.94334875511105, 'HeI_5015.68': 5.986124854571139, 'HeI_5047.74': 2.8089606186854135, 'HeI_5875.66': 10.675338705273166, 'Hg': 6.931485284060349}","{'Ha': 245.7440663820486, 'Hb': 34.842195174967515, 'Hd': 6.6228479990428495, 'HeII_4199.83': 3.610693403172436, 'HeII_4686': 83.99713181715046, 'HeII_5411.53': 12.693315159414665, 'HeI_4471.50': 15.454217335905227, 'HeI_4713.17': 7.925258856383472, 'HeI_4921.93': 19.815460939828625, 'HeI_5015.68': 6.062698242569529, 'HeI_5047.74': 2.8069350823339354, 'HeI_5875.66': 12.732758261207573, 'Hg': 7.389665142194952}"
T43000logg4.2,"{'Ha': 248.16860190630422, 'Hb': 29.984818130372208, 'Hd': 6.394990214668273, 'HeII_4199.83': 4.839279924374546, 'HeII_4686': 107.59208183073116, 'HeII_5411.53': 15.78637352244858, 'HeI_4471.50': 8.720694471550887, 'HeI_4713.17': 5.300769864348925, 'HeI_4921.93': 19.08004120289339, 'HeI_5015.68': 4.249399690873528, 'HeI_5047.74': 2.7920400568172816, 'HeI_5875.66': 18.22219357957876, 'Hg': 6.18028835701274}","{'Ha': 247.18603952728364, 'Hb': 30.124920032632847, 'Hd': 6.3655408196188645, 'HeII_4199.83': 4.6408751881710355, 'HeII_4686': 102.53744264937094, 'HeII_5411.53': 15.031075464633696, 'HeI_4471.50': 7.428642788254866, 'HeI_4713.17': 5.259183707103243, 'HeI_4921.93': 19.025372985338738, 'HeI_5015.68': 4.274015738477243, 'HeI_5047.74': 2.791443730355716, 'HeI_5875.66': 8.13790762026972, 'Hg': 6.215304570085993}","{'Ha': 246.09953803713674, 'Hb': 30.456102558407203, 'Hd': 6.392841841307386, 'HeII_4199.83': 4.428590546367205, 'HeII_4686': 98.43795136041409, 'HeII_5411.53': 14.279786824719967, 'HeI_4471.50': 7.230645047679636, 'HeI_4713.17': 5.351349414980565, 'HeI_4921.93': 18.96655979661869, 'HeI_5015.68': 4.386651508957613, 'HeI_5047.74': 2.790717983957242, 'HeI_5875.66': 3.887710694645213, 'Hg': 6.312265256241628}","{'Ha': 244.78945025864772, 'Hb': 30.99325821408582, 'Hd': 6.492147136418764, 'HeII_4199.83': 4.227918410599072, 'HeII_4686': 95.4824342554474, 'HeII_5411.53': 13.643212948008621, 'HeI_4471.50': 7.643037881354848, 'HeI_4713.17': 5.532688524823441, 'HeI_4921.93': 18.902162336643325, 'HeI_5015.68': 4.55805699931359, 'HeI_5047.74': 2.7899461992807577, 'HeI_5875.66': 2.850908284502192, 'Hg': 6.479710298844749}","{'Ha': 243.27590034133576, 'Hb': 31.769455363111156, 'Hd': 6.671886766364937, 'HeII_4199.83': 4.041393309573359, 'HeII_4686': 93.3459861463946, 'HeII_5411.53': 13.136035985888983, 'HeI_4471.50': 8.375497478637355, 'HeI_4713.17': 5.782792125632999, 'HeI_4921.93': 18.83679955520818, 'HeI_5015.68': 4.745309292928761, 'HeI_5047.74': 2.789209799381249, 'HeI_5875.66': 3.6267913344955467, 'Hg': 6.7243437240562836}","{'Ha': 241.70634723167274, 'Hb': 32.772790163362814, 'Hd': 6.9290115789860245, 'HeII_4199.83': 3.8773944397522966, 'HeII_4686': 91.74650331540813, 'HeII_5411.53': 12.771249028907745, 'HeI_4471.50': 9.283852543476323, 'HeI_4713.17': 6.064323318439592, 'HeI_4921.93': 18.770102227070105, 'HeI_5015.68': 4.922587718799353, 'HeI_5047.74': 2.7884926513771395, 'HeI_5875.66': 5.457360124208652, 'Hg': 7.0393853909914865}","{'Ha': 240.04539641774193, 'Hb': 34.0036781016841, 'Hd': 7.258886411552207, 'HeII_4199.83': 3.7314587089950852, 'HeII_4686': 90.33180422012147, 'HeII_5411.53': 12.521017059842652, 'HeI_4471.50': 10.272225472312929, 'HeI_4713.17': 6.343676895457662, 'HeI_4921.93': 18.705363267342403, 'HeI_5015.68': 5.095434671085259, 'HeI_5047.74': 2.787714088487181, 'HeI_5875.66': 7.7864889461938125, 'Hg': 7.423335447704212}","{'Ha': 238.3538594578987, 'Hb': 35.4159428776597, 'Hd': 7.645693454837181, 'HeII_4199.83': 3.604947585030118, 'HeII_4686': 88.99108487665002, 'HeII_5411.53': 12.367143915844974, 'HeI_4471.50': 11.239129361414202, 'HeI_4713.17': 6.603447717846457, 'HeI_4921.93': 18.65005518630424, 'HeI_5015.68': 5.249367253329838, 'HeI_5047.74': 2.7869201399694523, 'HeI_5875.66': 10.148136474431169, 'Hg': 7.858841291919648}","{'Ha': 236.52450062120775, 'Hb': 36.994412576785905, 'Hd': 8.08217073555568, 'HeII_4199.83': 3.493242834108667, 'HeII_4686': 87.54148544745914, 'HeII_5411.53': 12.278865394481722, 'HeI_4471.50': 12.137248710428361, 'HeI_4713.17': 6.831773933682601, 'HeI_4921.93': 18.603701132188124, 'HeI_5015.68': 5.383098528722466, 'HeI_5047.74': 2.7861903637457015, 'HeI_5875.66': 12.274390974353194, 'Hg': 8.338850191969202}"
T43000logg4.4,"{'Ha': 249.01307865982952, 'Hb': 33.69422631140048, 'Hd': 8.226867837289896, 'HeII_4199.83': 3.931473825231314, 'HeII_4686': 122.43173746009082, 'HeII_5411.53': 14.536784927799266, 'HeI_4471.50': 6.98418233908938, 'HeI_4713.17': 4.164315074172974, 'HeI_4921.93': 15.723719845323632, 'HeI_5015.68': 3.353499976186457, 'HeI_5047.74': 2.696255295066138, 'HeI_5875.66': 28.54167987738901, 'Hg': 7.646579709570727}","{'Ha': 248.15746794404313, 'Hb': 34.00642873444164, 'Hd': 8.261774808119284, 'HeII_4199.83': 3.837032863758633, 'HeII_4686': 117.43455868844727, 'HeII_5411.53': 14.06371544954437, 'HeI_4471.50': 5.008358877914328, 'HeI_4713.17': 3.945385346832318, 'HeI_4921.93': 15.786533959088837, 'HeI_5015.68': 3.2812602340609103, 'HeI_5047.74': 2.6979694501257927, 'HeI_5875.66': 15.645759681164309, 'Hg': 7.724697060247488}","{'Ha': 247.2317556736859, 'Hb': 34.52500965535297, 'Hd': 8.357733740791028, 'HeII_4199.83': 3.737894419521226, 'HeII_4686': 113.20386565492363, 'HeII_5411.53': 13.611183911704716, 'HeI_4471.50': 4.338252446757324, 'HeI_4713.17': 3.969798801654702, 'HeI_4921.93': 15.867335545688407, 'HeI_5015.68': 3.3796361654389524, 'HeI_5047.74': 2.7004355938489604, 'HeI_5875.66': 8.934183680770293, 'Hg': 7.869148424883915}","{'Ha': 246.06086291593942, 'Hb': 35.26474145429041, 'Hd': 8.526631040872468, 'HeII_4199.83': 3.6391722074752475, 'HeII_4686': 109.890942875421, 'HeII_5411.53': 13.227912897551663, 'HeI_4471.50': 4.486454785908102, 'HeI_4713.17': 4.160180357827743, 'HeI_4921.93': 15.962915924865166, 'HeI_5015.68': 3.5829530621550556, 'HeI_5047.74': 2.7034732641160906, 'HeI_5875.66': 6.174640993160035, 'Hg': 8.088312055491397}","{'Ha': 244.7578996983461, 'Hb': 36.23299775701055, 'Hd': 8.769740935250928, 'HeII_4199.83': 3.546411402007346, 'HeII_4686': 107.39519363493113, 'HeII_5411.53': 12.942188891080976, 'HeI_4471.50': 5.128582706887101, 'HeI_4713.17': 4.46389782646577, 'HeI_4921.93': 16.068240301320877, 'HeI_5015.68': 3.8216825357091833, 'HeI_5047.74': 2.7066669350978176, 'HeI_5875.66': 5.930507218878622, 'Hg': 8.38079913407086}","{'Ha': 243.3951521419725, 'Hb': 37.409949447499955, 'Hd': 9.07912899988808, 'HeII_4199.83': 3.4625465770081227, 'HeII_4686': 105.40108682916178, 'HeII_5411.53': 12.75009605926163, 'HeI_4471.50': 6.047700303603511, 'HeI_4713.17': 4.823810829933986, 'HeI_4921.93': 16.175030384844714, 'HeI_5015.68': 4.060524744209638, 'HeI_5047.74': 2.7099073228346957, 'HeI_5875.66': 7.146521994660109, 'Hg': 8.736021974316094}","{'Ha': 241.97064332102642, 'Hb': 38.7898731176503, 'Hd': 9.450436879637664, 'HeII_4199.83': 3.3859713646930016, 'HeII_4686': 103.60306219983967, 'HeII_5411.53': 12.635026619642499, 'HeI_4471.50': 7.119080607501713, 'HeI_4713.17': 5.198184913093493, 'HeI_4921.93': 16.280733603809818, 'HeI_5015.68': 4.296027951538518, 'HeI_5047.74': 2.713270414385232, 'HeI_5875.66': 9.121112807302028, 'Hg': 9.149507166582358}","{'Ha': 240.49445342797404, 'Hb': 40.315636064054495, 'Hd': 9.866647745992893, 'HeII_4199.83': 3.31729860899081, 'HeII_4686': 101.87917919753099, 'HeII_5411.53': 12.582704949592804, 'HeI_4471.50': 8.198268846988197, 'HeI_4713.17': 5.546305888903532, 'HeI_4921.93': 16.380198829193283, 'HeI_5015.68': 4.5089024615477875, 'HeI_5047.74': 2.7165642758012014, 'HeI_5875.66': 11.292299383037905, 'Hg': 9.605909909406721}","{'Ha': 238.91624093620078, 'Hb': 41.94720454148405, 'Hd': 10.315050824358377, 'HeII_4199.83': 3.2557782505290525, 'HeII_4686': 100.10839306835467, 'HeII_5411.53': 12.574210635194111, 'HeI_4471.50': 9.21998510549913, 'HeI_4713.17': 5.857694507868535, 'HeI_4921.93': 16.472190917677008, 'HeI_5015.68': 4.6940206513971985, 'HeI_5047.74': 2.7195487686048065, 'HeI_5875.66': 13.321514838439896, 'Hg': 10.08965468171313}"
T44000logg4.0,"{'Ha': 269.7177260581673, 'Hb': 32.45457479771117, 'Hd': 5.9172344473649, 'HeII_4199.83': 6.133891899575725, 'HeII_4686': 118.27756385731347, 'HeII_5411.53': 21.803998508548403, 'HeI_4471.50': 13.949312681375476, 'HeI_4713.17': 7.8003418321236255, 'HeI_4921.93': 21.316542936706586, 'HeI_5015.68': 6.037876671944974, 'HeI_5047.74': 2.8224409270710096, 'HeI_5875.66': 9.152075149121082, 'Hg': 6.150832912174721}","{'Ha': 268.1210134125745, 'Hb': 32.145197413613005, 'Hd': 5.758679728642015, 'HeII_4199.83': 5.764538410425988, 'HeII_4686': 112.6793158220366, 'HeII_5411.53': 20.43744454351995, 'HeI_4471.50': 13.885313371247912, 'HeI_4713.17': 7.859913122355342, 'HeI_4921.93': 21.151551903797465, 'HeI_5015.68': 6.080600296830586, 'HeI_5047.74': 2.8207412808621877, 'HeI_5875.66': 4.122635007269496, 'Hg': 6.079287235283297}","{'Ha': 266.4301253416704, 'Hb': 31.99686786257519, 'Hd': 5.6425160236215195, 'HeII_4199.83': 5.384652317225845, 'HeII_4686': 107.74416899499043, 'HeII_5411.53': 19.059779883735533, 'HeI_4471.50': 14.189991266086752, 'HeI_4713.17': 7.933151133115735, 'HeI_4921.93': 20.98036883105307, 'HeI_5015.68': 6.132769490969589, 'HeI_5047.74': 2.8187294410759307, 'HeI_5875.66': 2.6535799645387246, 'Hg': 6.057073413178146}","{'Ha': 264.4146157388941, 'Hb': 32.0481948417619, 'Hd': 5.59540459654357, 'HeII_4199.83': 5.020566870353611, 'HeII_4686': 103.79278418973496, 'HeII_5411.53': 17.799400124421034, 'HeI_4471.50': 14.69916102041401, 'HeI_4713.17': 8.022669335921394, 'HeI_4921.93': 20.796954376743475, 'HeI_5015.68': 6.193237748211592, 'HeI_5047.74': 2.816481418732868, 'HeI_5875.66': 3.09607281840706, 'Hg': 6.104257798846623}","{'Ha': 262.21386255277685, 'Hb': 32.352811302533254, 'Hd': 5.6361821318923235, 'HeII_4199.83': 4.694223972304513, 'HeII_4686': 100.82609756608373, 'HeII_5411.53': 16.753680292673938, 'HeI_4471.50': 15.292994617085567, 'HeI_4713.17': 8.124387875912694, 'HeI_4921.93': 20.611536701854114, 'HeI_5015.68': 6.252962751593624, 'HeI_5047.74': 2.8142424791755283, 'HeI_5875.66': 4.5909687643124535, 'Hg': 6.233911085010537}","{'Ha': 259.91239136430175, 'Hb': 32.922034571445515, 'Hd': 5.7689519763713415, 'HeII_4199.83': 4.4126792834719675, 'HeII_4686': 98.52937227546441, 'HeII_5411.53': 15.933829908589551, 'HeI_4471.50': 15.926497646996992, 'HeI_4713.17': 8.230480900544908, 'HeI_4921.93': 20.426852474086065, 'HeI_5015.68': 6.309025882314775, 'HeI_5047.74': 2.812016025542181, 'HeI_5875.66': 6.664713715378416, 'Hg': 6.448126406049176}","{'Ha': 257.50917786278006, 'Hb': 33.771072554302876, 'Hd': 5.993101276596543, 'HeII_4199.83': 4.168743372476679, 'HeII_4686': 96.5589605059499, 'HeII_5411.53': 15.30281658694174, 'HeI_4471.50': 16.571054153069873, 'HeI_4713.17': 8.334523084744061, 'HeI_4921.93': 20.248513937185447, 'HeI_5015.68': 6.362910039504088, 'HeI_5047.74': 2.809690941606037, 'HeI_5875.66': 9.00198082223771, 'Hg': 6.748231757833416}","{'Ha': 255.06687882171852, 'Hb': 34.87777803180178, 'Hd': 6.297479020207929, 'HeII_4199.83': 3.9619062984017726, 'HeII_4686': 94.75541217903199, 'HeII_5411.53': 14.839537947335941, 'HeI_4471.50': 17.1753898362062, 'HeI_4713.17': 8.428384849370552, 'HeI_4921.93': 20.090717987758502, 'HeI_5015.68': 6.411118955516853, 'HeI_5047.74': 2.8073954948692403, 'HeI_5875.66': 11.23743436347057, 'Hg': 7.124122000871421}","{'Ha': 252.55763762513283, 'Hb': 36.20888585558534, 'Hd': 6.6692427727089205, 'HeII_4199.83': 3.7867551539436755, 'HeII_4686': 92.9561967094166, 'HeII_5411.53': 14.502024252302153, 'HeI_4471.50': 17.720701224025, 'HeI_4713.17': 8.511059132130148, 'HeI_4921.93': 19.953991587004445, 'HeI_5015.68': 6.4535408884370025, 'HeI_5047.74': 2.8053032939105758, 'HeI_5875.66': 13.224720985427851, 'Hg': 7.559513387159104}"
T44000logg4.2,"{'Ha': 261.5883281841067, 'Hb': 33.47831651265412, 'Hd': 6.873410104385052, 'HeII_4199.83': 5.155672868596952, 'HeII_4686': 119.74053122734048, 'HeII_5411.53': 18.536207440051722, 'HeI_4471.50': 9.87663985146381, 'HeI_4713.17': 6.367158500899215, 'HeI_4921.93': 21.012121705520634, 'HeI_5015.68': 5.240872275263413, 'HeI_5047.74': 2.8204523432151483, 'HeI_5875.66': 14.939013768042962, 'Hg': 6.704791683029286}","{'Ha': 260.34628795606756, 'Hb': 33.53134214069193, 'Hd': 6.832088838263617, 'HeII_4199.83': 4.950643983276523, 'HeII_4686': 114.62832428894757, 'HeII_5411.53': 17.683156412276137, 'HeI_4471.50': 9.252898936804183, 'HeI_4713.17': 6.421084854814214, 'HeI_4921.93': 20.858226313327872, 'HeI_5015.68': 5.301644878138152, 'HeI_5047.74': 2.8188300171910607, 'HeI_5875.66': 6.734140795909176, 'Hg': 6.726656793952185}","{'Ha': 259.05139725514914, 'Hb': 33.76485077751048, 'Hd': 6.843186835967887, 'HeII_4199.83': 4.7361813544223095, 'HeII_4686': 110.20817873784192, 'HeII_5411.53': 16.829713820750893, 'HeI_4471.50': 9.35140547344206, 'HeI_4713.17': 6.527528998449865, 'HeI_4921.93': 20.699032582681248, 'HeI_5015.68': 5.393025958951363, 'HeI_5047.74': 2.816910677700401, 'HeI_5875.66': 3.3023886779664293, 'Hg': 6.805362020362443}","{'Ha': 257.45282447365554, 'Hb': 34.197617334825246, 'Hd': 6.9246167174598545, 'HeII_4199.83': 4.5252088933846855, 'HeII_4686': 106.70260195994491, 'HeII_5411.53': 16.05746347227064, 'HeI_4471.50': 9.867226863240765, 'HeI_4713.17': 6.679329350474888, 'HeI_4921.93': 20.52829099513918, 'HeI_5015.68': 5.507068523237588, 'HeI_5047.74': 2.8147724495501523, 'HeI_5875.66': 2.6349363094549045, 'Hg': 6.954018151579359}","{'Ha': 255.67976434650714, 'Hb': 34.85879478019734, 'Hd': 7.0850826570990835, 'HeII_4199.83': 4.329874028820675, 'HeII_4686': 104.057986420922, 'HeII_5411.53': 15.424155899515114, 'HeI_4471.50': 10.596495181107423, 'HeI_4713.17': 6.863497769232111, 'HeI_4921.93': 20.355854310445505, 'HeI_5015.68': 5.62310647243471, 'HeI_5047.74': 2.8126527568101065, 'HeI_5875.66': 3.601381618949755, 'Hg': 7.178132080927259}","{'Ha': 253.81650080939653, 'Hb': 35.7454898705616, 'Hd': 7.321688822568105, 'HeII_4199.83': 4.155199065106498, 'HeII_4686': 101.96893744845373, 'HeII_5411.53': 14.93400764314359, 'HeI_4471.50': 11.435282789902791, 'HeI_4713.17': 7.061365785652209, 'HeI_4921.93': 20.18380657252776, 'HeI_5015.68': 5.7324373107244195, 'HeI_5047.74': 2.8105465233902436, 'HeI_5875.66': 5.487392596660735, 'Hg': 7.473002258427218}","{'Ha': 251.86550396914978, 'Hb': 36.863363389604444, 'Hd': 7.631558717495979, 'HeII_4199.83': 3.9977960415193152, 'HeII_4686': 100.12238965749498, 'HeII_5411.53': 14.563794171367526, 'HeI_4471.50': 12.324540476710952, 'HeI_4713.17': 7.258315486904737, 'HeI_4921.93': 20.01768744735944, 'HeI_5015.68': 5.8370130527353075, 'HeI_5047.74': 2.808341611427294, 'HeI_5875.66': 7.822789884675574, 'Hg': 7.836830145955993}","{'Ha': 249.86473332285397, 'Hb': 38.173479549447364, 'Hd': 8.000216572192793, 'HeII_4199.83': 3.858840289142879, 'HeII_4686': 98.38491351454579, 'HeII_5411.53': 14.299202753681532, 'HeI_4471.50': 13.177150933169886, 'HeI_4713.17': 7.437409059222809, 'HeI_4921.93': 19.871236386454253, 'HeI_5015.68': 5.930031267928396, 'HeI_5047.74': 2.8061659527845713, 'HeI_5875.66': 10.155426280666347, 'Hg': 8.256685396691958}","{'Ha': 247.77678269164312, 'Hb': 39.64141562581694, 'Hd': 8.415162683322219, 'HeII_4199.83': 3.7365525482777167, 'HeII_4686': 96.62033837401574, 'HeII_5411.53': 14.113282647780325, 'HeI_4471.50': 13.958956738308812, 'HeI_4713.17': 7.5958313660215175, 'HeI_4921.93': 19.74493894865317, 'HeI_5015.68': 6.010660143070611, 'HeI_5047.74': 2.8041853821335394, 'HeI_5875.66': 12.265178689238875, 'Hg': 8.71692226568356}"
T44000logg4.4,"{'Ha': 257.5493871940741, 'Hb': 34.460935823896705, 'Hd': 7.943657740001247, 'HeII_4199.83': 4.155511272296871, 'HeII_4686': 126.4380553659339, 'HeII_5411.53': 16.230568960364916, 'HeI_4471.50': 7.740096213850876, 'HeI_4713.17': 5.166029947974183, 'HeI_4921.93': 18.90707092035698, 'HeI_5015.68': 4.339737427174325, 'HeI_5047.74': 2.775623094329318, 'HeI_5875.66': 20.404193399042704, 'Hg': 7.5122661929514996}","{'Ha': 256.57092048848835, 'Hb': 34.72601160811033, 'Hd': 7.967980636322945, 'HeII_4199.83': 4.049451100067983, 'HeII_4686': 121.45698573108646, 'HeII_5411.53': 15.681550341663884, 'HeI_4471.50': 6.5461677908181555, 'HeI_4713.17': 5.143370495477958, 'HeI_4921.93': 18.856765896665507, 'HeI_5015.68': 4.381848312762785, 'HeI_5047.74': 2.775436991872763, 'HeI_5875.66': 10.158130986225181, 'Hg': 7.5821500596233955}","{'Ha': 255.52871139207707, 'Hb': 35.193124806716376, 'Hd': 8.052788965973832, 'HeII_4199.83': 3.9376826378936864, 'HeII_4686': 117.1290149484577, 'HeII_5411.53': 15.144127472280308, 'HeI_4471.50': 6.335913350094822, 'HeI_4713.17': 5.241663985001611, 'HeI_4921.93': 18.803416003185404, 'HeI_5015.68': 4.498048085571535, 'HeI_5047.74': 2.7752244620347417, 'HeI_5875.66': 5.297416380276629, 'Hg': 7.717892746611947}","{'Ha': 254.21562049861694, 'Hb': 35.87789427158853, 'Hd': 8.21114365799284, 'HeII_4199.83': 3.826410850380278, 'HeII_4686': 113.65799107909906, 'HeII_5411.53': 14.672596595288802, 'HeI_4471.50': 6.725384434986467, 'HeI_4713.17': 5.430377229492135, 'HeI_4921.93': 18.744212698747493, 'HeI_5015.68': 4.663548392813974, 'HeI_5047.74': 2.7750193228105693, 'HeI_5875.66': 3.732596667763964, 'Hg': 7.928725912044503}","{'Ha': 252.75330250007423, 'Hb': 36.79196882083102, 'Hd': 8.444871957488985, 'HeII_4199.83': 3.7219005889200427, 'HeII_4686': 110.99001483846693, 'HeII_5411.53': 14.302009580460485, 'HeI_4471.50': 7.4557390892070785, 'HeI_4713.17': 5.681911125360185, 'HeI_4921.93': 18.684443803256816, 'HeI_5015.68': 4.8402929297410076, 'HeI_5047.74': 2.774853431552523, 'HeI_5875.66': 4.196740753955587, 'Hg': 8.214198374719691}","{'Ha': 251.21938744581925, 'Hb': 37.91784288714575, 'Hd': 8.746345540791928, 'HeII_4199.83': 3.6272559526699037, 'HeII_4686': 108.83129091487524, 'HeII_5411.53': 14.031385058921355, 'HeI_4471.50': 8.370609695087103, 'HeI_4713.17': 5.962617409666498, 'HeI_4921.93': 18.6232175014495, 'HeI_5015.68': 5.010260725227074, 'HeI_5047.74': 2.7746938472273235, 'HeI_5875.66': 5.820820824064147, 'Hg': 8.564145741143513}","{'Ha': 249.61288164931767, 'Hb': 39.25132557864221, 'Hd': 9.111290199762127, 'HeII_4199.83': 3.5406762337803404, 'HeII_4686': 106.88089742373228, 'HeII_5411.53': 13.843462578065285, 'HeI_4471.50': 9.381208131423538, 'HeI_4713.17': 6.247104322600592, 'HeI_4921.93': 18.563710663693985, 'HeI_5015.68': 5.174286321650231, 'HeI_5047.74': 2.7744998760779525, 'HeI_5875.66': 8.030414350627785, 'Hg': 8.974198146243092}","{'Ha': 247.95205443183417, 'Hb': 40.738157133672466, 'Hd': 9.522971260033618, 'HeII_4199.83': 3.4629371901991055, 'HeII_4686': 105.02153739728865, 'HeII_5411.53': 13.725430661971865, 'HeI_4471.50': 10.37247825322366, 'HeI_4713.17': 6.508230837993237, 'HeI_4921.93': 18.51287568191042, 'HeI_5015.68': 5.320863999482682, 'HeI_5047.74': 2.7742911322907315, 'HeI_5875.66': 10.323639040671207, 'Hg': 9.429027009751836}","{'Ha': 246.1892231227563, 'Hb': 42.33889803765188, 'Hd': 9.968838212017353, 'HeII_4199.83': 3.3931768432005245, 'HeII_4686': 103.12774302226211, 'HeII_5411.53': 13.657612592582645, 'HeI_4471.50': 11.296314444675971, 'HeI_4713.17': 6.74032419282343, 'HeI_4921.93': 18.47086574996469, 'HeI_5015.68': 5.447781999680075, 'HeI_5047.74': 2.7740976189341513, 'HeI_5875.66': 12.4275660689608, 'Hg': 9.912772547965545}"
T45000logg4.0,"{'Ha': 272.54604732998155, 'Hb': 33.04808107162469, 'Hd': 5.976272050195745, 'HeII_4199.83': 6.261892505603167, 'HeII_4686': 114.35931148842208, 'HeII_5411.53': 22.158498739270318, 'HeI_4471.50': 17.28470150217692, 'HeI_4713.17': 8.479167020951794, 'HeI_4921.93': 20.593720429133846, 'HeI_5015.68': 6.469776687709387, 'HeI_5047.74': 2.8097305719273002, 'HeI_5875.66': 7.294298630792679, 'Hg': 6.136285945011296}","{'Ha': 270.8688438414569, 'Hb': 32.681007184376995, 'Hd': 5.797311666194258, 'HeII_4199.83': 5.8804320107712345, 'HeII_4686': 108.84288562201763, 'HeII_5411.53': 20.758635898212, 'HeI_4471.50': 17.402933419152024, 'HeI_4713.17': 8.52154030524078, 'HeI_4921.93': 20.471354647959764, 'HeI_5015.68': 6.4927750229066, 'HeI_5047.74': 2.8084113839533837, 'HeI_5875.66': 5.021014049224488, 'Hg': 6.050865869811358}","{'Ha': 269.11277796292177, 'Hb': 32.47262972175937, 'Hd': 5.659844651578364, 'HeII_4199.83': 5.491107199946827, 'HeII_4686': 104.05141957256427, 'HeII_5411.53': 19.347521148930323, 'HeI_4471.50': 17.702458223834103, 'HeI_4713.17': 8.568573267076761, 'HeI_4921.93': 20.34067032635423, 'HeI_5015.68': 6.51883530227279, 'HeI_5047.74': 2.8068355287967064, 'HeI_5875.66': 4.986778160571871, 'Hg': 6.013043407970221}","{'Ha': 267.0345317341722, 'Hb': 32.46404047290247, 'Hd': 5.591659475815142, 'HeII_4199.83': 5.120401418466023, 'HeII_4686': 100.27386363406059, 'HeII_5411.53': 18.056097170524325, 'HeI_4471.50': 18.102896861628547, 'HeI_4713.17': 8.623369573099318, 'HeI_4921.93': 20.19859289418936, 'HeI_5015.68': 6.548012985912714, 'HeI_5047.74': 2.805068314714252, 'HeI_5875.66': 6.095379259705623, 'Hg': 6.044417150923554}","{'Ha': 264.76813277414146, 'Hb': 32.71140274869171, 'Hd': 5.612665125999667, 'HeII_4199.83': 4.790010806093166, 'HeII_4686': 97.47606443040696, 'HeII_5411.53': 16.98215164959388, 'HeI_4471.50': 18.535902142361206, 'HeI_4713.17': 8.684183603928805, 'HeI_4921.93': 20.0538282562353, 'HeI_5015.68': 6.576585760264733, 'HeI_5047.74': 2.803302746752246, 'HeI_5875.66': 7.779018464732497, 'Hg': 6.159217595044378}","{'Ha': 262.39645663446385, 'Hb': 33.22828728582585, 'Hd': 5.727808408825484, 'HeII_4199.83': 4.5062102642703366, 'HeII_4686': 95.33048664557091, 'HeII_5411.53': 16.136691032002044, 'HeI_4471.50': 18.98150646105496, 'HeI_4713.17': 8.746899577508275, 'HeI_4921.93': 19.90901760917013, 'HeI_5015.68': 6.604035682700405, 'HeI_5047.74': 2.8015442311294505, 'HeI_5875.66': 9.767665063952279, 'Hg': 6.360609068683209}","{'Ha': 259.9184897444317, 'Hb': 34.030804758103464, 'Hd': 5.936750260496801, 'HeII_4199.83': 4.260943479762265, 'HeII_4686': 93.49435221683696, 'HeII_5411.53': 15.482121854811693, 'HeI_4471.50': 19.425526856034843, 'HeI_4713.17': 8.808073521171524, 'HeI_4921.93': 19.768831622496723, 'HeI_5015.68': 6.631101005468156, 'HeI_5047.74': 2.799707309073983, 'HeI_5875.66': 11.875351504156884, 'Hg': 6.6503064624998505}","{'Ha': 257.4006814858695, 'Hb': 35.099253210105715, 'Hd': 6.228940817677747, 'HeII_4199.83': 4.0529565644915495, 'HeII_4686': 91.80718568286053, 'HeII_5411.53': 14.997731473867029, 'HeI_4471.50': 19.837070623567936, 'HeI_4713.17': 8.86311602746495, 'HeI_4921.93': 19.644537819346446, 'HeI_5015.68': 6.655863178868545, 'HeI_5047.74': 2.797891850029276, 'HeI_5875.66': 13.831785499941002, 'Hg': 7.018535318266541}","{'Ha': 254.8184997381653, 'Hb': 36.40083850487974, 'Hd': 6.591770821640646, 'HeII_4199.83': 3.8764602189425874, 'HeII_4686': 90.1119904660746, 'HeII_5411.53': 14.6417339690258, 'HeI_4471.50': 20.20581987550343, 'HeI_4713.17': 8.911551594454682, 'HeI_4921.93': 19.53665988689284, 'HeI_5015.68': 6.678455690967677, 'HeI_5047.74': 2.796235308013969, 'HeI_5875.66': 15.550957005127335, 'Hg': 7.448810729186083}"
T45000logg4.2,"{'Ha': 257.57884678098884, 'Hb': 32.08883046327878, 'Hd': 6.457911204035605, 'HeII_4199.83': 5.259543195874138, 'HeII_4686': 120.5255256135189, 'HeII_5411.53': 19.137868696638265, 'HeI_4471.50': 12.22720123393251, 'HeI_4713.17': 7.287995225726627, 'HeI_4921.93': 21.704050364742173, 'HeI_5015.68': 5.91762923986855, 'HeI_5047.74': 2.828918504152119, 'HeI_5875.66': 10.442322594262862, 'Hg': 6.3909011686104495}","{'Ha': 256.26764007580516, 'Hb': 32.10395226543431, 'Hd': 6.41562525578453, 'HeII_4199.83': 5.0433230698404925, 'HeII_4686': 115.56016890230195, 'HeII_5411.53': 18.26178691072185, 'HeI_4471.50': 12.028686057618602, 'HeI_4713.17': 7.352702706095939, 'HeI_4921.93': 21.51091465805537, 'HeI_5015.68': 5.965388518672785, 'HeI_5047.74': 2.8269384302605793, 'HeI_5875.66': 4.528578816397441, 'Hg': 6.414450672101738}","{'Ha': 254.94070560367615, 'Hb': 32.307777389121284, 'Hd': 6.422162564339304, 'HeII_4199.83': 4.816241062557312, 'HeII_4686': 111.16788817199689, 'HeII_5411.53': 17.371987986502717, 'HeI_4471.50': 12.297664753536926, 'HeI_4713.17': 7.440298840226188, 'HeI_4921.93': 21.313540635054252, 'HeI_5015.68': 6.025282697214906, 'HeI_5047.74': 2.824611708012004, 'HeI_5875.66': 2.5116385875137106, 'Hg': 6.4922917217700755}","{'Ha': 253.30869699668972, 'Hb': 32.70461162738193, 'Hd': 6.495980102251852, 'HeII_4199.83': 4.592912305081138, 'HeII_4686': 107.61405596578787, 'HeII_5411.53': 16.55150601502537, 'HeI_4471.50': 12.833018316339498, 'HeI_4713.17': 7.551680592383468, 'HeI_4921.93': 21.10380304057046, 'HeI_5015.68': 6.095424908312158, 'HeI_5047.74': 2.822017484630003, 'HeI_5875.66': 2.6544363594334266, 'Hg': 6.636876316929392}","{'Ha': 251.50507409815916, 'Hb': 33.32418000462288, 'Hd': 6.646865887771165, 'HeII_4199.83': 4.386772465907347, 'HeII_4686': 104.89350443256883, 'HeII_5411.53': 15.865795901890765, 'HeI_4471.50': 13.490687942038562, 'HeI_4713.17': 7.680493207601334, 'HeI_4921.93': 20.892754818936183, 'HeI_5015.68': 6.165081967004792, 'HeI_5047.74': 2.819437131385533, 'HeI_5875.66': 4.020287979258492, 'Hg': 6.854752925859037}","{'Ha': 249.61961511258627, 'Hb': 34.1652817174413, 'Hd': 6.8736684598687985, 'HeII_4199.83': 4.203315982916987, 'HeII_4686': 102.72927817445853, 'HeII_5411.53': 15.324730260626255, 'HeI_4471.50': 14.207721180984061, 'HeI_4713.17': 7.8159698399381305, 'HeI_4921.93': 20.6830913303535, 'HeI_5015.68': 6.230308773136599, 'HeI_5047.74': 2.816874813102867, 'HeI_5875.66': 6.063551816663722, 'Hg': 7.142819213328084}","{'Ha': 247.65172430105338, 'Hb': 35.23704300395349, 'Hd': 7.17502721286277, 'HeII_4199.83': 4.038980179097504, 'HeII_4686': 100.817114067547, 'HeII_5411.53': 14.907063257052556, 'HeI_4471.50': 14.946918720803357, 'HeI_4713.17': 7.9494237470064215, 'HeI_4921.93': 20.48092810319003, 'HeI_5015.68': 6.2926666171708785, 'HeI_5047.74': 2.814205161892366, 'HeI_5875.66': 8.42321168591704, 'Hg': 7.5007269105931496}","{'Ha': 245.6361380082096, 'Hb': 36.50598437820892, 'Hd': 7.537683716235473, 'HeII_4199.83': 3.8948051276742017, 'HeII_4686': 99.02544388788702, 'HeII_5411.53': 14.600695837424398, 'HeI_4471.50': 15.645277255710996, 'HeI_4713.17': 8.070104703263407, 'HeI_4921.93': 20.302184568484538, 'HeI_5015.68': 6.348226769149459, 'HeI_5047.74': 2.8115792308696426, 'HeI_5875.66': 10.708340518627278, 'Hg': 7.916743319100749}","{'Ha': 243.53484387623487, 'Hb': 37.94113235944413, 'Hd': 7.949875500326452, 'HeII_4199.83': 3.7684986355356673, 'HeII_4686': 97.2153588483929, 'HeII_5411.53': 14.378811012665427, 'HeI_4471.50': 16.27961744822779, 'HeI_4713.17': 8.17654254185528, 'HeI_4921.93': 20.14736755273974, 'HeI_5015.68': 6.396740614274759, 'HeI_5047.74': 2.8091923781346066, 'HeI_5875.66': 12.751136353732571, 'Hg': 8.37582689404163}"
T45000logg4.4,"{'Ha': 257.50907976228604, 'Hb': 34.18115206362051, 'Hd': 7.700330794998515, 'HeII_4199.83': 4.2655759567709275, 'HeII_4686': 125.82727613476247, 'HeII_5411.53': 16.944316338459984, 'HeI_4471.50': 9.359377031580467, 'HeI_4713.17': 6.162602141665329, 'HeI_4921.93': 21.124521304790488, 'HeI_5015.68': 5.247093542340494, 'HeI_5047.74': 2.8195361613047685, 'HeI_5875.66': 14.459051966434686, 'Hg': 7.361785910839968}","{'Ha': 256.4693871767398, 'Hb': 34.434313598341554, 'Hd': 7.725369339434561, 'HeII_4199.83': 4.154633206696536, 'HeII_4686': 121.05975427877013, 'HeII_5411.53': 16.394276609145397, 'HeI_4471.50': 8.729448554294446, 'HeI_4713.17': 6.211678493478276, 'HeI_4921.93': 20.961506788703762, 'HeI_5015.68': 5.308298854810621, 'HeI_5047.74': 2.8179442337640985, 'HeI_5875.66': 6.5469392957825026, 'Hg': 7.435525802694063}","{'Ha': 255.39062448473464, 'Hb': 34.89029519334939, 'Hd': 7.808927584819027, 'HeII_4199.83': 4.037134017418708, 'HeII_4686': 116.87561458475193, 'HeII_5411.53': 15.846220581719253, 'HeI_4471.50': 8.81394072946956, 'HeI_4713.17': 6.319964823259129, 'HeI_4921.93': 20.793838924672706, 'HeI_5015.68': 5.400157526363406, 'HeI_5047.74': 2.816080289885895, 'HeI_5875.66': 3.230270055082907, 'Hg': 7.5729549945239905}","{'Ha': 254.0289757994091, 'Hb': 35.55295876369987, 'Hd': 7.964059007407699, 'HeII_4199.83': 3.9198969900850353, 'HeII_4686': 113.48716796625507, 'HeII_5411.53': 15.354153715957546, 'HeI_4471.50': 9.323923207545413, 'HeI_4713.17': 6.4782097616950045, 'HeI_4921.93': 20.614293007606676, 'HeI_5015.68': 5.514760311623679, 'HeI_5047.74': 2.81400734452736, 'HeI_5875.66': 2.613061991844217, 'Hg': 7.782812874663033}","{'Ha': 252.51170645292726, 'Hb': 36.43544890337491, 'Hd': 8.192813483779158, 'HeII_4199.83': 3.809711686309251, 'HeII_4686': 110.85977610375288, 'HeII_5411.53': 14.956512666351292, 'HeI_4471.50': 10.058203502150878, 'HeI_4713.17': 6.6718757763901415, 'HeI_4921.93': 20.433040773640958, 'HeI_5015.68': 5.631575164754965, 'HeI_5047.74': 2.811962942265873, 'HeI_5875.66': 3.6000615231171262, 'Hg': 8.065221669115989}","{'Ha': 250.92319058944398, 'Hb': 37.523595055181296, 'Hd': 8.488369832929806, 'HeII_4199.83': 3.7098253190679995, 'HeII_4686': 108.71952013912603, 'HeII_5411.53': 14.655876851398473, 'HeI_4471.50': 10.908515232809812, 'HeI_4713.17': 6.880765907839126, 'HeI_4921.93': 20.252085591017305, 'HeI_5015.68': 5.741650647054656, 'HeI_5047.74': 2.8099426806400376, 'HeI_5875.66': 5.490188725894516, 'Hg': 8.410974357843978}","{'Ha': 249.26290751929074, 'Hb': 38.816387221465966, 'Hd': 8.847290384005369, 'HeII_4199.83': 3.6184410970985375, 'HeII_4686': 106.77782506625684, 'HeII_5411.53': 14.436887279218258, 'HeI_4471.50': 11.813459194068102, 'HeI_4713.17': 7.0891485887050605, 'HeI_4921.93': 20.07717463956326, 'HeI_5015.68': 5.846777509768767, 'HeI_5047.74': 2.807832920985949, 'HeI_5875.66': 7.82096851828595, 'Hg': 8.816535322377325}","{'Ha': 247.54911260911626, 'Hb': 40.26364160086942, 'Hd': 9.253638274713479, 'HeII_4199.83': 3.536384093994313, 'HeII_4686': 104.92319135328198, 'HeII_5411.53': 14.288894535701916, 'HeI_4471.50': 12.683881335394291, 'HeI_4713.17': 7.278867535146997, 'HeI_4921.93': 19.92274782897368, 'HeI_5015.68': 5.9402266871913865, 'HeI_5047.74': 2.8057614411150626, 'HeI_5875.66': 10.147972841942945, 'Hg': 9.26726481994301}","{'Ha': 245.73435407565717, 'Hb': 41.82869277059839, 'Hd': 9.69544557894675, 'HeII_4199.83': 3.462714650704195, 'HeII_4686': 103.03302033673383, 'HeII_5411.53': 14.193005054639476, 'HeI_4471.50': 13.485338916733385, 'HeI_4713.17': 7.4468042643329015, 'HeI_4921.93': 19.789294026722633, 'HeI_5015.68': 6.021111945869677, 'HeI_5047.74': 2.8038857645482795, 'HeI_5875.66': 12.254052261302743, 'Hg': 9.747648550965724}"
T46000logg4.0,"{'Ha': 281.1118742254205, 'Hb': 34.581320004775634, 'Hd': 6.116656424924077, 'HeII_4199.83': 6.312578941304531, 'HeII_4686': 114.23410778360474, 'HeII_5411.53': 23.768895307000047, 'HeI_4471.50': 19.90437310067544, 'HeI_4713.17': 8.887456943733469, 'HeI_4921.93': 19.830629126852017, 'HeI_5015.68': 6.662604950803348, 'HeI_5047.74': 2.795508129164029, 'HeI_5875.66': 9.2662899392511, 'Hg': 6.303664272861027}","{'Ha': 279.2392184181924, 'Hb': 34.120344675047704, 'Hd': 5.916499844368694, 'HeII_4199.83': 5.9160321670734515, 'HeII_4686': 108.65007570058671, 'HeII_5411.53': 22.256244876499057, 'HeI_4471.50': 20.04611618836857, 'HeI_4713.17': 8.915354975758447, 'HeI_4921.93': 19.74913500057797, 'HeI_5015.68': 6.6744113033685215, 'HeI_5047.74': 2.794610057169923, 'HeI_5875.66': 8.618967203633563, 'Hg': 6.20222008233166}","{'Ha': 277.3098257260472, 'Hb': 33.81423017879488, 'Hd': 5.755177415009843, 'HeII_4199.83': 5.5114122366605605, 'HeII_4686': 103.7867586122524, 'HeII_5411.53': 20.721872933535646, 'HeI_4471.50': 20.279041475190496, 'HeI_4713.17': 8.94499708475158, 'HeI_4921.93': 19.65914046338639, 'HeI_5015.68': 6.687332711735729, 'HeI_5047.74': 2.793528980350398, 'HeI_5875.66': 9.277026216728322, 'Hg': 6.145618445638483}","{'Ha': 275.04196373212517, 'Hb': 33.70017757222626, 'Hd': 5.661593907731086, 'HeII_4199.83': 5.127042301536381, 'HeII_4686': 99.95004263309005, 'HeII_5411.53': 19.306128983672156, 'HeI_4471.50': 20.562997033604788, 'HeI_4713.17': 8.978766503496066, 'HeI_4921.93': 19.559699253905222, 'HeI_5015.68': 6.701513352244203, 'HeI_5047.74': 2.7923157176371243, 'HeI_5875.66': 10.568419660327722, 'Hg': 6.156340623120617}","{'Ha': 272.5805459816169, 'Hb': 33.841122805101186, 'Hd': 5.657447352942402, 'HeII_4199.83': 4.785652337706882, 'HeII_4686': 97.11270064829617, 'HeII_5411.53': 18.117743736191166, 'HeI_4471.50': 20.858373529456763, 'HeI_4713.17': 9.015827201905815, 'HeI_4921.93': 19.457479567883027, 'HeI_5015.68': 6.7154810145910115, 'HeI_5047.74': 2.7911018947748096, 'HeI_5875.66': 12.138024729524163, 'Hg': 6.250530669996531}","{'Ha': 270.01298821630405, 'Hb': 34.25443765626931, 'Hd': 5.749160772428545, 'HeII_4199.83': 4.493591787236219, 'HeII_4686': 94.94527119851035, 'HeII_5411.53': 17.17219888898917, 'HeI_4471.50': 21.156408006799737, 'HeI_4713.17': 9.053833942742536, 'HeI_4921.93': 19.354749269556788, 'HeI_5015.68': 6.729733607846793, 'HeI_5047.74': 2.7898913847517623, 'HeI_5875.66': 13.846489803204095, 'Hg': 6.432673278018632}","{'Ha': 267.33484654045, 'Hb': 34.95822766814042, 'Hd': 5.937067615924077, 'HeII_4199.83': 4.242308663255226, 'HeII_4686': 93.09901679207431, 'HeII_5411.53': 16.430757354086087, 'HeI_4471.50': 21.449674412349943, 'HeI_4713.17': 9.090812837027443, 'HeI_4921.93': 19.255039399451228, 'HeI_5015.68': 6.744587863655942, 'HeI_5047.74': 2.788625134418885, 'HeI_5875.66': 15.591572082860695, 'Hg': 6.704995865159943}","{'Ha': 264.61775565537823, 'Hb': 35.93803521648013, 'Hd': 6.211728702457055, 'HeII_4199.83': 4.030285857596893, 'HeII_4686': 91.40968356785719, 'HeII_5411.53': 15.873474489139737, 'HeI_4471.50': 21.719540860482656, 'HeI_4713.17': 9.12406311019009, 'HeI_4921.93': 19.166458781810114, 'HeI_5015.68': 6.758775318710496, 'HeI_5047.74': 2.7873705155251485, 'HeI_5875.66': 17.180592552897494, 'Hg': 7.05848557999265}","{'Ha': 261.8382024861381, 'Hb': 37.16257283599034, 'Hd': 6.560789453002472, 'HeII_4199.83': 3.8512488433470744, 'HeII_4686': 89.71491679907416, 'HeII_5411.53': 15.455836322288715, 'HeI_4471.50': 21.960169811677147, 'HeI_4713.17': 9.153333981691885, 'HeI_4921.93': 19.089467996562217, 'HeI_5015.68': 6.772522133754798, 'HeI_5047.74': 2.786223417341306, 'HeI_5875.66': 18.56615814929531, 'Hg': 7.476724270614879}"
T46000logg4.2,"{'Ha': 255.46331520465353, 'Hb': 31.61604347030987, 'Hd': 6.370399727538465, 'HeII_4199.83': 5.276957669200636, 'HeII_4686': 120.65752834802348, 'HeII_5411.53': 19.280643641207718, 'HeI_4471.50': 15.350063764643503, 'HeI_4713.17': 8.045359582446684, 'HeI_4921.93': 21.54186424047215, 'HeI_5015.68': 6.477103968481626, 'HeI_5047.74': 2.823784205377196, 'HeI_5875.66': 7.454575069027922, 'Hg': 6.270193518256774}","{'Ha': 254.05445925950394, 'Hb': 31.61682006515955, 'Hd': 6.341104646065315, 'HeII_4199.83': 5.059087570698221, 'HeII_4686': 115.69265508338607, 'HeII_5411.53': 18.44979469008226, 'HeI_4471.50': 15.414432990776687, 'HeI_4713.17': 8.098012571793188, 'HeI_4921.93': 21.36072988583008, 'HeI_5015.68': 6.50277303349555, 'HeI_5047.74': 2.8219288957882878, 'HeI_5875.66': 4.140239747719839, 'Hg': 6.307410251932999}","{'Ha': 252.67264811989952, 'Hb': 31.824586231174898, 'Hd': 6.35947349002208, 'HeII_4199.83': 4.830444682530288, 'HeII_4686': 111.31883604936536, 'HeII_5411.53': 17.598194108163444, 'HeI_4471.50': 15.734972867752921, 'HeI_4713.17': 8.159331431450044, 'HeI_4921.93': 21.173678117145307, 'HeI_5015.68': 6.532064040016296, 'HeI_5047.74': 2.819742276024701, 'HeI_5875.66': 3.57054215143224, 'Hg': 6.3983359869633025}","{'Ha': 250.99552398557879, 'Hb': 32.22237683443694, 'Hd': 6.441763787865583, 'HeII_4199.83': 4.60592909056967, 'HeII_4686': 107.78403539516994, 'HeII_5411.53': 16.804079646484734, 'HeI_4471.50': 16.20096395292613, 'HeI_4713.17': 8.232473593771589, 'HeI_4921.93': 20.974033355443776, 'HeI_5015.68': 6.564921990194169, 'HeI_5047.74': 2.8172963593594873, 'HeI_5875.66': 4.449797394014803, 'Hg': 6.552863431963804}","{'Ha': 249.1478354740011, 'Hb': 32.835258861976584, 'Hd': 6.59677687835598, 'HeII_4199.83': 4.398976316719384, 'HeII_4686': 105.072893367855, 'HeII_5411.53': 16.132902683108142, 'HeI_4471.50': 16.723015275225848, 'HeI_4713.17': 8.314546657235976, 'HeI_4921.93': 20.772551855525034, 'HeI_5015.68': 6.596881900661458, 'HeI_5047.74': 2.8148549233675864, 'HeI_5875.66': 6.095730380174169, 'Hg': 6.776887074335083}","{'Ha': 247.2191120981411, 'Hb': 33.66188931126082, 'Hd': 6.823892089988558, 'HeII_4199.83': 4.214820286893112, 'HeII_4686': 102.9079525486173, 'HeII_5411.53': 15.597962481528652, 'HeI_4471.50': 17.26916635685209, 'HeI_4713.17': 8.39965452783968, 'HeI_4921.93': 20.5722344851509, 'HeI_5015.68': 6.626970294850031, 'HeI_5047.74': 2.812427215553438, 'HeI_5875.66': 8.155004915754466, 'Hg': 7.067576909592162}","{'Ha': 245.20832684162409, 'Hb': 34.71267692710641, 'Hd': 7.122750844513997, 'HeII_4199.83': 4.049792625861944, 'HeII_4686': 100.98742169827177, 'HeII_5411.53': 15.181398602288679, 'HeI_4471.50': 17.819256211107728, 'HeI_4713.17': 8.482927382081826, 'HeI_4921.93': 20.378928276293546, 'HeI_5015.68': 6.655998997276112, 'HeI_5047.74': 2.8099002333706786, 'HeI_5875.66': 10.389321890588144, 'Hg': 7.425597070044292}","{'Ha': 243.15176505078227, 'Hb': 35.95632254573455, 'Hd': 7.481126221119215, 'HeII_4199.83': 3.904762240969935, 'HeII_4686': 99.18356841004169, 'HeII_5411.53': 14.873308149926988, 'HeI_4471.50': 18.332424340294956, 'HeI_4713.17': 8.557977607131765, 'HeI_4921.93': 20.207700956355993, 'HeI_5015.68': 6.682004543603616, 'HeI_5047.74': 2.807415328198591, 'HeI_5875.66': 12.489427937604702, 'Hg': 7.839928844150907}","{'Ha': 241.0152648769937, 'Hb': 37.36509969053167, 'Hd': 7.888349645378543, 'HeII_4199.83': 3.77734731655531, 'HeII_4686': 97.36087249306722, 'HeII_5411.53': 14.648324488296623, 'HeI_4471.50': 18.794906443942484, 'HeI_4713.17': 8.624078367148647, 'HeI_4921.93': 20.059090799144425, 'HeI_5015.68': 6.705110266691819, 'HeI_5047.74': 2.8051567338484555, 'HeI_5875.66': 14.345132394070692, 'Hg': 8.296172182537745}"
T46000logg4.4,"{'Ha': 257.39451589989324, 'Hb': 34.23700886568543, 'Hd': 7.640265207509642, 'HeII_4199.83': 4.508327254786593, 'HeII_4686': 130.24670353672232, 'HeII_5411.53': 17.453902016488616, 'HeI_4471.50': 11.007472617070958, 'HeI_4713.17': 6.871155190952654, 'HeI_4921.93': 21.61397719861209, 'HeI_5015.68': 5.825501004093741, 'HeI_5047.74': 2.828278510713444, 'HeI_5875.66': 11.030346235221836, 'Hg': 7.352314766654212}","{'Ha': 256.2395225575764, 'Hb': 34.42717509992929, 'Hd': 7.652714994864392, 'HeII_4199.83': 4.389140425946918, 'HeII_4686': 125.01234721794509, 'HeII_5411.53': 16.895919592913884, 'HeI_4471.50': 10.69942468579893, 'HeI_4713.17': 6.935897968653855, 'HeI_4921.93': 21.421141509715035, 'HeI_5015.68': 5.877232114508124, 'HeI_5047.74': 2.8263167348233758, 'HeI_5875.66': 4.793890547651162, 'Hg': 7.416114695745641}","{'Ha': 255.08841893875174, 'Hb': 34.82449532838495, 'Hd': 7.7198007701697255, 'HeII_4199.83': 4.261791650923328, 'HeII_4686': 120.41601035038434, 'HeII_5411.53': 16.328959184017453, 'HeI_4471.50': 10.92512308661298, 'HeI_4713.17': 7.033273930962808, 'HeI_4921.93': 21.22461562699279, 'HeI_5015.68': 5.943559337284628, 'HeI_5047.74': 2.8240206239056436, 'HeI_5875.66': 2.5366057822262347, 'Hg': 7.540868378920864}","{'Ha': 253.65197275170036, 'Hb': 35.42154592569222, 'Hd': 7.855510878278791, 'HeII_4199.83': 4.133615952726058, 'HeII_4686': 116.70373986448702, 'HeII_5411.53': 15.806942019811231, 'HeI_4471.50': 11.464418366453176, 'HeI_4713.17': 7.161950745398757, 'HeI_4921.93': 21.01598991745052, 'HeI_5015.68': 6.022013886961214, 'HeI_5047.74': 2.8214733486402457, 'HeI_5875.66': 2.5352978934110544, 'Hg': 7.735766679786428}","{'Ha': 252.06154210358787, 'Hb': 36.23821187662641, 'Hd': 8.063412814324563, 'HeII_4199.83': 4.0119379654284915, 'HeII_4686': 113.8386311819906, 'HeII_5411.53': 15.373188650558724, 'HeI_4471.50': 12.1579839262932, 'HeI_4713.17': 7.3131998591601235, 'HeI_4921.93': 20.806187750968643, 'HeI_5015.68': 6.1003669739838635, 'HeI_5047.74': 2.8189475067369436, 'HeI_5875.66': 3.831740277354294, 'Hg': 8.002775140612284}","{'Ha': 250.40772274464885, 'Hb': 37.264595277936245, 'Hd': 8.338588025353248, 'HeII_4199.83': 3.900269606107479, 'HeII_4686': 111.52077182648875, 'HeII_5411.53': 15.034981493492744, 'HeI_4471.50': 12.928156303419486, 'HeI_4713.17': 7.4734889883513995, 'HeI_4921.93': 20.597755210786413, 'HeI_5015.68': 6.17361458566602, 'HeI_5047.74': 2.816441055352156, 'HeI_5875.66': 5.8496626038133615, 'Hg': 8.334053841197349}","{'Ha': 248.68724784682396, 'Hb': 38.50135684154097, 'Hd': 8.678578531437868, 'HeII_4199.83': 3.796876531605856, 'HeII_4686': 109.43713797377704, 'HeII_5411.53': 14.77928347788335, 'HeI_4471.50': 13.730287600048344, 'HeI_4713.17': 7.632067361651596, 'HeI_4921.93': 20.396833203283705, 'HeI_5015.68': 6.24332613826678, 'HeI_5047.74': 2.8138260318194894, 'HeI_5875.66': 8.208052810744103, 'Hg': 8.726567227579192}","{'Ha': 246.91676314205108, 'Hb': 39.9019920637449, 'Hd': 9.068456448614224, 'HeII_4199.83': 3.7029962927401945, 'HeII_4686': 107.46716487251551, 'HeII_5411.53': 14.598087211852057, 'HeI_4471.50': 14.492896183357312, 'HeI_4713.17': 7.7758243275945365, 'HeI_4921.93': 20.21935989408117, 'HeI_5015.68': 6.305214411316373, 'HeI_5047.74': 2.811250475886215, 'HeI_5875.66': 10.507096860324118, 'Hg': 9.166356149094744}","{'Ha': 245.0473181556638, 'Hb': 41.43036010354143, 'Hd': 9.4967080300357, 'HeII_4199.83': 3.617910366926001, 'HeII_4686': 105.47341968778778, 'HeII_5411.53': 14.473239606533324, 'HeI_4471.50': 15.189776812115612, 'HeI_4713.17': 7.902836120750275, 'HeI_4921.93': 20.06583010895382, 'HeI_5015.68': 6.358878547164745, 'HeI_5047.74': 2.808907201758752, 'HeI_5875.66': 12.569098295827994, 'Hg': 9.638118108183258}"
T47000logg4.2,"{'Ha': 256.5584270173734, 'Hb': 31.770084960942555, 'Hd': 6.3116268491107155, 'HeII_4199.83': 5.245505235290026, 'HeII_4686': 118.6663789487493, 'HeII_5411.53': 19.517002870985745, 'HeI_4471.50': 17.663376215315417, 'HeI_4713.17': 8.485434049580341, 'HeI_4921.93': 20.982267507208377, 'HeI_5015.68': 6.648136021520221, 'HeI_5047.74': 2.8130910096892774, 'HeI_5875.66': 7.433727414271115, 'Hg': 6.307380488879977}","{'Ha': 255.12362262548584, 'Hb': 31.76162448186199, 'Hd': 6.2670853580677335, 'HeII_4199.83': 5.027203918447719, 'HeII_4686': 114.03354111265398, 'HeII_5411.53': 18.681925016292553, 'HeI_4471.50': 17.797733664076183, 'HeI_4713.17': 8.525518630717903, 'HeI_4921.93': 20.836025011155904, 'HeI_5015.68': 6.662454519020989, 'HeI_5047.74': 2.8115634388389825, 'HeI_5875.66': 5.66680309664665, 'Hg': 6.336599810359816}","{'Ha': 253.73297817346437, 'Hb': 31.955543753866124, 'Hd': 6.270750637128117, 'HeII_4199.83': 4.797385466195783, 'HeII_4686': 109.87123075144649, 'HeII_5411.53': 17.822081926391608, 'HeI_4471.50': 18.089189836814214, 'HeI_4713.17': 8.569704866910039, 'HeI_4921.93': 20.681546294482757, 'HeI_5015.68': 6.678209496340916, 'HeI_5047.74': 2.8097487287889313, 'HeI_5875.66': 5.859399338810433, 'Hg': 6.419439285476045}","{'Ha': 252.02952798154604, 'Hb': 32.33739986779989, 'Hd': 6.339683768148104, 'HeII_4199.83': 4.5713332696502365, 'HeII_4686': 106.45384140626157, 'HeII_5411.53': 17.014691854713547, 'HeI_4471.50': 18.469672698944432, 'HeI_4713.17': 8.621015440146742, 'HeI_4921.93': 20.514832661106286, 'HeI_5015.68': 6.695625050052647, 'HeI_5047.74': 2.80771286414593, 'HeI_5875.66': 7.048615191282109, 'Hg': 6.566947455933749}","{'Ha': 250.1545395174094, 'Hb': 32.9366469844702, 'Hd': 6.483074484973165, 'HeII_4199.83': 4.362964760739318, 'HeII_4686': 103.80435130485769, 'HeII_5411.53': 16.327236780441158, 'HeI_4471.50': 18.87849815533482, 'HeI_4713.17': 8.677821631018647, 'HeI_4921.93': 20.34547170892692, 'HeI_5015.68': 6.71274272665192, 'HeI_5047.74': 2.8056762390951837, 'HeI_5875.66': 8.728361450575123, 'Hg': 6.785588719677134}","{'Ha': 248.2063908490847, 'Hb': 33.75286778388661, 'Hd': 6.700440460161351, 'HeII_4199.83': 4.177781189249128, 'HeII_4686': 101.67602515829763, 'HeII_5411.53': 15.775201412590903, 'HeI_4471.50': 19.297474547819586, 'HeI_4713.17': 8.736341319743529, 'HeI_4921.93': 20.176573748803346, 'HeI_5015.68': 6.729615979168617, 'HeI_5047.74': 2.8036485430338365, 'HeI_5875.66': 10.664803888922956, 'Hg': 7.072591930213277}","{'Ha': 246.18305063019406, 'Hb': 34.796358578929706, 'Hd': 6.99128566643172, 'HeII_4199.83': 4.0121795357906125, 'HeII_4686': 99.78452737211425, 'HeII_5411.53': 15.341881658573305, 'HeI_4471.50': 19.714126605098013, 'HeI_4713.17': 8.793417141493313, 'HeI_4921.93': 20.01327389610224, 'HeI_5015.68': 6.7466497163918095, 'HeI_5047.74': 2.801536811587866, 'HeI_5875.66': 12.695568761880553, 'Hg': 7.428371967756804}","{'Ha': 244.115983400551, 'Hb': 36.03576342077863, 'Hd': 7.34351198630414, 'HeII_4199.83': 3.8669831333584836, 'HeII_4686': 98.00826969654435, 'HeII_5411.53': 15.018560472035926, 'HeI_4471.50': 20.099980144247194, 'HeI_4713.17': 8.84478265723589, 'HeI_4921.93': 19.868331872065383, 'HeI_5015.68': 6.76254762648621, 'HeI_5047.74': 2.799458289481839, 'HeI_5875.66': 14.5715572957628, 'Hg': 7.841783355275438}","{'Ha': 241.9650953165576, 'Hb': 37.44246095580879, 'Hd': 7.746436211553107, 'HeII_4199.83': 3.7396659175846936, 'HeII_4686': 96.2129566879496, 'HeII_5411.53': 14.780092237239131, 'HeI_4471.50': 20.446036100456574, 'HeI_4713.17': 8.890005719475006, 'HeI_4921.93': 19.742310088560302, 'HeI_5015.68': 6.777459998124, 'HeI_5047.74': 2.7975674304453695, 'HeI_5875.66': 16.217712291486013, 'Hg': 8.298132978798405}"
T47000logg4.4,"{'Ha': 251.70805653102116, 'Hb': 33.347549607189826, 'Hd': 7.448919869267862, 'HeII_4199.83': 4.304788014258444, 'HeII_4686': 122.85615361033081, 'HeII_5411.53': 16.952804504947245, 'HeI_4471.50': 13.65124193937977, 'HeI_4713.17': 7.607449551360586, 'HeI_4921.93': 22.43520886936971, 'HeI_5015.68': 6.437803395101324, 'HeI_5047.74': 2.840533166873287, 'HeI_5875.66': 8.261475525166816, 'Hg': 7.156531530763968}","{'Ha': 250.55120713569295, 'Hb': 33.57828351646503, 'Hd': 7.473555396157728, 'HeII_4199.83': 4.191877989782677, 'HeII_4686': 118.25422269196731, 'HeII_5411.53': 16.445719952013892, 'HeI_4471.50': 13.618863757948962, 'HeI_4713.17': 7.66855668732473, 'HeI_4921.93': 22.19345201838618, 'HeI_5015.68': 6.468313683038297, 'HeI_5047.74': 2.838108148697507, 'HeI_5875.66': 3.9252909576431216, 'Hg': 7.236413341759455}","{'Ha': 249.4256730645853, 'Hb': 34.02303646851873, 'Hd': 7.5542559764748, 'HeII_4199.83': 4.0720260674744, 'HeII_4686': 114.21385187712865, 'HeII_5411.53': 15.932359706075777, 'HeI_4471.50': 13.92965360333806, 'HeI_4713.17': 7.744520892063078, 'HeI_4921.93': 21.95002399576372, 'HeI_5015.68': 6.503717024324511, 'HeI_5047.74': 2.835299350724224, 'HeI_5875.66': 2.782502472972087, 'Hg': 7.3776534898838495}","{'Ha': 248.00765220515603, 'Hb': 34.66244686387923, 'Hd': 7.7037037896647576, 'HeII_4199.83': 3.952453380463753, 'HeII_4686': 110.9469533146076, 'HeII_5411.53': 15.461320838834697, 'HeI_4471.50': 14.438853400612746, 'HeI_4713.17': 7.837963726657259, 'HeI_4921.93': 21.694155827509803, 'HeI_5015.68': 6.543984125910278, 'HeI_5047.74': 2.8321947081643204, 'HeI_5875.66': 3.380148576598367, 'Hg': 7.587833219114524}","{'Ha': 246.4346827539281, 'Hb': 35.511020943044876, 'Hd': 7.923838053652485, 'HeII_4199.83': 3.840284013451956, 'HeII_4686': 108.419167570256, 'HeII_5411.53': 15.07214986710844, 'HeI_4471.50': 15.034345829597598, 'HeI_4713.17': 7.944251204095146, 'HeI_4921.93': 21.437922621457183, 'HeI_5015.68': 6.5834615924335225, 'HeI_5047.74': 2.829116002927301, 'HeI_5875.66': 4.934377227614124, 'Hg': 7.867576854959834}","{'Ha': 244.80586025102693, 'Hb': 36.55898157152376, 'Hd': 8.209018295898064, 'HeII_4199.83': 3.7385854516452834, 'HeII_4686': 106.36423138135444, 'HeII_5411.53': 14.77150118992696, 'HeI_4471.50': 15.669289230587882, 'HeI_4713.17': 8.055207506492915, 'HeI_4921.93': 21.18459943861925, 'HeI_5015.68': 6.620148274305309, 'HeI_5047.74': 2.826064574382456, 'HeI_5875.66': 7.011164239736167, 'Hg': 8.208843546554148}","{'Ha': 243.12146345640784, 'Hb': 37.808784748145285, 'Hd': 8.557047116893786, 'HeII_4199.83': 3.645450181796762, 'HeII_4686': 104.50093574658408, 'HeII_5411.53': 14.54783394094296, 'HeI_4471.50': 16.315650887696144, 'HeI_4713.17': 8.16421686850066, 'HeI_4921.93': 20.940855644213116, 'HeI_5015.68': 6.655048238540796, 'HeI_5047.74': 2.8228892612879233, 'HeI_5875.66': 9.32090641774753, 'Hg': 8.609215176654384}","{'Ha': 241.39383985810144, 'Hb': 39.21432666312867, 'Hd': 8.953121194869402, 'HeII_4199.83': 3.5615867859065107, 'HeII_4686': 102.71915207931838, 'HeII_5411.53': 14.393078256059871, 'HeI_4471.50': 16.92238518032859, 'HeI_4713.17': 8.26266777448981, 'HeI_4921.93': 20.725066339119685, 'HeI_5015.68': 6.685973829781273, 'HeI_5047.74': 2.8197635956981264, 'HeI_5875.66': 11.52014960913093, 'Hg': 9.05493171535097}","{'Ha': 239.57207785176092, 'Hb': 40.741932165338284, 'Hd': 9.38623817886902, 'HeII_4199.83': 3.485900022918692, 'HeII_4686': 100.8976540532662, 'HeII_5411.53': 14.289993134582973, 'HeI_4471.50': 17.472169311301762, 'HeI_4713.17': 8.349528859985043, 'HeI_4921.93': 20.5377142878112, 'HeI_5015.68': 6.712832897123178, 'HeI_5047.74': 2.8169176475945155, 'HeI_5875.66': 13.474625615754116, 'Hg': 9.530976405541276}"
T48000logg4.2,"{'Ha': 267.72546747662795, 'Hb': 32.87540586674613, 'Hd': 6.279745147020599, 'HeII_4199.83': 5.211166922307121, 'HeII_4686': 119.15924536964211, 'HeII_5411.53': 20.280262735632153, 'HeI_4471.50': 20.077050263166786, 'HeI_4713.17': 8.827846060697846, 'HeI_4921.93': 20.044838211810468, 'HeI_5015.68': 6.7871868383979495, 'HeI_5047.74': 2.796941565901779, 'HeI_5875.66': 9.799152209181866, 'Hg': 6.253864993358655}","{'Ha': 266.194286348873, 'Hb': 32.8016395559558, 'Hd': 6.199874052181762, 'HeII_4199.83': 4.984915175934771, 'HeII_4686': 114.06484786778424, 'HeII_5411.53': 19.336306580583678, 'HeI_4471.50': 20.218571329400326, 'HeI_4713.17': 8.854691014062519, 'HeI_4921.93': 19.950988787620595, 'HeI_5015.68': 6.792936655577886, 'HeI_5047.74': 2.795899373532803, 'HeI_5875.66': 9.348899292943615, 'Hg': 6.258066736439839}","{'Ha': 264.67463106781423, 'Hb': 32.916233934933686, 'Hd': 6.169768997533906, 'HeII_4199.83': 4.749659077531362, 'HeII_4686': 109.56748489515643, 'HeII_5411.53': 18.3704537096296, 'HeI_4471.50': 20.44315963142057, 'HeI_4713.17': 8.883195998365961, 'HeI_4921.93': 19.847975489781117, 'HeI_5015.68': 6.799008450841039, 'HeI_5047.74': 2.794647735761073, 'HeI_5875.66': 10.07013236290394, 'Hg': 6.315126296120633}","{'Ha': 262.8321599960881, 'Hb': 33.222497169843756, 'Hd': 6.2091610351671545, 'HeII_4199.83': 4.520983608620744, 'HeII_4686': 105.95337980066334, 'HeII_5411.53': 17.470144188408735, 'HeI_4471.50': 20.714881746138786, 'HeI_4713.17': 8.915668896183089, 'HeI_4921.93': 19.73461074489839, 'HeI_5015.68': 6.805562924814633, 'HeI_5047.74': 2.793236348965446, 'HeI_5875.66': 11.359799799007094, 'Hg': 6.439778463205366}","{'Ha': 260.8116360451118, 'Hb': 33.757608745541894, 'Hd': 6.32846114618044, 'HeII_4199.83': 4.3122528943182905, 'HeII_4686': 103.21172817926414, 'HeII_5411.53': 16.707360595564747, 'HeI_4471.50': 20.997365176487136, 'HeI_4713.17': 8.951272532291213, 'HeI_4921.93': 19.618226989861324, 'HeI_5015.68': 6.812162963610098, 'HeI_5047.74': 2.7918188873570946, 'HeI_5875.66': 12.893472430157326, 'Hg': 6.640128088824854}","{'Ha': 258.7090817124409, 'Hb': 34.523559349981596, 'Hd': 6.527514810905943, 'HeII_4199.83': 4.128079265556262, 'HeII_4686': 101.05175430233265, 'HeII_5411.53': 16.095622077800517, 'HeI_4471.50': 21.281927057215448, 'HeI_4713.17': 8.987771694035358, 'HeI_4921.93': 19.501486596745202, 'HeI_5015.68': 6.819548759193341, 'HeI_5047.74': 2.7904042095985253, 'HeI_5875.66': 14.546545942577252, 'Hg': 6.914015891226239}","{'Ha': 256.5209718463965, 'Hb': 35.53042287355144, 'Hd': 6.80529401793705, 'HeII_4199.83': 3.9641112001139054, 'HeII_4686': 99.15710792649861, 'HeII_5411.53': 15.613112774381964, 'HeI_4471.50': 21.56170760725485, 'HeI_4713.17': 9.023290886763064, 'HeI_4921.93': 19.388228265175897, 'HeI_5015.68': 6.827818981734428, 'HeI_5047.74': 2.788929746280704, 'HeI_5875.66': 16.22691055503977, 'Hg': 7.261255438041662}","{'Ha': 254.28688519280243, 'Hb': 36.74762761160982, 'Hd': 7.149346052278482, 'HeII_4199.83': 3.820718647176603, 'HeII_4686': 97.38978172622717, 'HeII_5411.53': 15.249357265741956, 'HeI_4471.50': 21.819046685389015, 'HeI_4713.17': 9.055238206015034, 'HeI_4921.93': 19.287437202600426, 'HeI_5015.68': 6.836129551528108, 'HeI_5047.74': 2.7874779056650154, 'HeI_5875.66': 17.753907654482724, 'Hg': 7.670263874663479}","{'Ha': 251.96827513801153, 'Hb': 38.14384010898877, 'Hd': 7.548258810191507, 'HeII_4199.83': 3.695229674374388, 'HeII_4686': 95.60353518748754, 'HeII_5411.53': 14.976700882952946, 'HeI_4471.50': 22.04876690951254, 'HeI_4713.17': 9.083374156769189, 'HeI_4921.93': 19.199622096574107, 'HeI_5015.68': 6.844690661954776, 'HeI_5047.74': 2.7861570562965756, 'HeI_5875.66': 19.084936958354024, 'Hg': 8.12550786893355}"
T48000logg4.4,"{'Ha': 266.0956067983866, 'Hb': 35.24450955753717, 'Hd': 7.307386567038654, 'HeII_4199.83': 4.297253236183759, 'HeII_4686': 130.66097608996924, 'HeII_5411.53': 19.94362358441763, 'HeI_4471.50': 16.938831815176624, 'HeI_4713.17': 8.279760192196141, 'HeI_4921.93': 21.162759067633456, 'HeI_5015.68': 6.710598782318195, 'HeI_5047.74': 2.8168369489778264, 'HeI_5875.66': 7.220167066867731, 'Hg': 7.12652548638782}","{'Ha': 264.64205118414213, 'Hb': 35.34908501121908, 'Hd': 7.321391636009219, 'HeII_4199.83': 4.176851057789602, 'HeII_4686': 125.61544369188188, 'HeII_5411.53': 19.28541528054701, 'HeI_4471.50': 17.069616550045968, 'HeI_4713.17': 8.323545259409203, 'HeI_4921.93': 21.004765928146675, 'HeI_5015.68': 6.722476433937574, 'HeI_5047.74': 2.815142480566543, 'HeI_5875.66': 5.3330385640094295, 'Hg': 7.198592146409422}","{'Ha': 263.24507253825885, 'Hb': 35.67470836719425, 'Hd': 7.388552649379908, 'HeII_4199.83': 4.049579095568488, 'HeII_4686': 121.14541004418417, 'HeII_5411.53': 18.604735151846153, 'HeI_4471.50': 17.373497917241767, 'HeI_4713.17': 8.37256387583042, 'HeI_4921.93': 20.838183348730055, 'HeI_5015.68': 6.735452740639851, 'HeI_5047.74': 2.8131413878785185, 'HeI_5875.66': 5.456472274270274, 'Hg': 7.3292392346895685}","{'Ha': 261.563141457618, 'Hb': 36.185435417971995, 'Hd': 7.521563916716429, 'HeII_4199.83': 3.9236291752497006, 'HeII_4686': 117.48591962509764, 'HeII_5411.53': 17.96194203064198, 'HeI_4471.50': 17.77785843463925, 'HeI_4713.17': 8.42988477234433, 'HeI_4921.93': 20.658796819738107, 'HeI_5015.68': 6.749732002737763, 'HeI_5047.74': 2.810898498454945, 'HeI_5875.66': 6.620802214176545, 'Hg': 7.524824966230214}","{'Ha': 259.7072468250452, 'Hb': 36.897372305428775, 'Hd': 7.724157469591866, 'HeII_4199.83': 3.8066241240553644, 'HeII_4686': 114.62050548948034, 'HeII_5411.53': 17.40958129334156, 'HeI_4471.50': 18.21765211927996, 'HeI_4713.17': 8.493525758979168, 'HeI_4921.93': 20.47668151417774, 'HeI_5015.68': 6.763788000656072, 'HeI_5047.74': 2.80865275075717, 'HeI_5875.66': 8.306462688458225, 'Hg': 7.788017328324071}","{'Ha': 257.7632697597413, 'Hb': 37.805478528208525, 'Hd': 7.992584386127537, 'HeII_4199.83': 3.701670746061307, 'HeII_4686': 112.27680977892331, 'HeII_5411.53': 16.95986634746288, 'HeI_4471.50': 18.670617897475978, 'HeI_4713.17': 8.55919849564689, 'HeI_4921.93': 20.295318493722426, 'HeI_5015.68': 6.777722965461596, 'HeI_5047.74': 2.806416104498099, 'HeI_5875.66': 10.265047340302003, 'Hg': 8.112885017306342}","{'Ha': 255.7294994055488, 'Hb': 38.916749604220705, 'Hd': 8.325773721960536, 'HeII_4199.83': 3.60662674757696, 'HeII_4686': 110.15530469342752, 'HeII_5411.53': 16.599134654501302, 'HeI_4471.50': 19.122798363889874, 'HeI_4713.17': 8.623327800948445, 'HeI_4921.93': 20.120021184466566, 'HeI_5015.68': 6.7918472581517895, 'HeI_5047.74': 2.8040905524740167, 'HeI_5875.66': 12.325692081889871, 'Hg': 8.498482469899432}","{'Ha': 253.6432396266654, 'Hb': 40.19423809280813, 'Hd': 8.710111758573682, 'HeII_4199.83': 3.5219404784224917, 'HeII_4686': 108.14195650089302, 'HeII_5411.53': 16.32182868640129, 'HeI_4471.50': 19.542679424001168, 'HeI_4713.17': 8.681099333444559, 'HeI_4921.93': 19.964190170711223, 'HeI_5015.68': 6.805089734198823, 'HeI_5047.74': 2.8018082297394526, 'HeI_5875.66': 14.234168203312262, 'Hg': 8.932239139982064}","{'Ha': 251.472150270924, 'Hb': 41.60910760544574, 'Hd': 9.135222791887129, 'HeII_4199.83': 3.446289185718218, 'HeII_4686': 106.1064352077048, 'HeII_5411.53': 16.10905069541366, 'HeI_4471.50': 19.92067468159068, 'HeI_4713.17': 8.731995906830749, 'HeI_4921.93': 19.828416349880285, 'HeI_5015.68': 6.8175870162762875, 'HeI_5047.74': 2.7997354104418317, 'HeI_5875.66': 15.911706207620568, 'Hg': 9.399537192010321}"
T49000logg4.2,"{'Ha': 250.87008207523016, 'Hb': 32.03874249610789, 'Hd': 6.434445179577495, 'HeII_4199.83': 5.235507974708478, 'HeII_4686': 108.12513647019054, 'HeII_5411.53': 18.94423635436452, 'HeI_4471.50': 21.423684705602895, 'HeI_4713.17': 9.063552986165716, 'HeI_4921.93': 19.636278391925337, 'HeI_5015.68': 6.821562715859668, 'HeI_5047.74': 2.789481734180534, 'HeI_5875.66': 12.27639889439, 'Hg': 6.365345716757178}","{'Ha': 249.38596310695826, 'Hb': 32.03600965262409, 'Hd': 6.3833141953435195, 'HeII_4199.83': 5.018974417686091, 'HeII_4686': 103.69540066698353, 'HeII_5411.53': 18.204383871872515, 'HeI_4471.50': 21.54538765309806, 'HeI_4713.17': 9.083372997507137, 'HeI_4921.93': 19.562514956448553, 'HeI_5015.68': 6.824389022679034, 'HeI_5047.74': 2.7886528471680054, 'HeI_5875.66': 12.309112768437604, 'Hg': 6.395356169457127}","{'Ha': 248.00845514831983, 'Hb': 32.23870392166435, 'Hd': 6.380193145319321, 'HeII_4199.83': 4.791165820558338, 'HeII_4686': 99.87953253446034, 'HeII_5411.53': 17.43629825865902, 'HeI_4471.50': 21.721300847558762, 'HeI_4713.17': 9.104104715471761, 'HeI_4921.93': 19.480190502874766, 'HeI_5015.68': 6.8272361552010326, 'HeI_5047.74': 2.7876544481651795, 'HeI_5875.66': 13.153924067881228, 'Hg': 6.4785304729189335}","{'Ha': 246.31515458285236, 'Hb': 32.62284519711304, 'Hd': 6.4407134115971, 'HeII_4199.83': 4.567549620346757, 'HeII_4686': 96.88032366375995, 'HeII_5411.53': 16.70521970724921, 'HeI_4471.50': 21.92763987635194, 'HeI_4713.17': 9.127542389320991, 'HeI_4921.93': 19.38882698090337, 'HeI_5015.68': 6.830229039989651, 'HeI_5047.74': 2.786529473119309, 'HeI_5875.66': 14.37807474758957, 'Hg': 6.625019127238215}","{'Ha': 244.46313941936856, 'Hb': 33.219085064694625, 'Hd': 6.57336568252199, 'HeII_4199.83': 4.362017633899537, 'HeII_4686': 94.64123198201439, 'HeII_5411.53': 16.07417302529308, 'HeI_4471.50': 22.138957283697277, 'HeI_4713.17': 9.15314592648656, 'HeI_4921.93': 19.29463408797026, 'HeI_5015.68': 6.833438766505982, 'HeI_5047.74': 2.785400290288434, 'HeI_5875.66': 15.743971836866258, 'Hg': 6.841227692262739}","{'Ha': 242.5645332980052, 'Hb': 34.02921592651039, 'Hd': 6.778247583165906, 'HeII_4199.83': 4.179740913506616, 'HeII_4686': 92.88598881140241, 'HeII_5411.53': 15.56121336131774, 'HeI_4471.50': 22.3501000993565, 'HeI_4713.17': 9.179343878514716, 'HeI_4921.93': 19.199905126247163, 'HeI_5015.68': 6.837858645360899, 'HeI_5047.74': 2.7842736033247313, 'HeI_5875.66': 17.174379094546136, 'Hg': 7.124345412005222}","{'Ha': 240.61792582609206, 'Hb': 35.06283262879015, 'Hd': 7.055696258051344, 'HeII_4199.83': 4.017057900776282, 'HeII_4686': 91.33105338719842, 'HeII_5411.53': 15.154336899666431, 'HeI_4471.50': 22.556176344051092, 'HeI_4713.17': 9.204817124512797, 'HeI_4921.93': 19.10787335498308, 'HeI_5015.68': 6.843472461497159, 'HeI_5047.74': 2.7830984677690775, 'HeI_5875.66': 18.607884270879865, 'Hg': 7.474788510779112}","{'Ha': 238.64123873699398, 'Hb': 36.287894128676946, 'Hd': 7.394739157149619, 'HeII_4199.83': 3.874586126337092, 'HeII_4686': 89.85342912565415, 'HeII_5411.53': 14.848023244375208, 'HeI_4471.50': 22.744746182434724, 'HeI_4713.17': 9.227732386999891, 'HeI_4921.93': 19.025926192469374, 'HeI_5015.68': 6.849549103129496, 'HeI_5047.74': 2.781939900844903, 'HeI_5875.66': 19.900266111182074, 'Hg': 7.881736657297657}","{'Ha': 236.58447525959184, 'Hb': 37.67603443342464, 'Hd': 7.785678197897216, 'HeII_4199.83': 3.7496164690277243, 'HeII_4686': 88.32991009038993, 'HeII_5411.53': 14.620555666685398, 'HeI_4471.50': 22.912373828536072, 'HeI_4713.17': 9.247927484004565, 'HeI_4921.93': 18.954519396749266, 'HeI_5015.68': 6.856318011024328, 'HeI_5047.74': 2.780885766320359, 'HeI_5875.66': 21.022942917986764, 'Hg': 8.330865005117644}"
T49000logg4.4,"{'Ha': 233.84324317206446, 'Hb': 30.00087058353956, 'Hd': 6.28374643294141, 'HeII_4199.83': 4.412618858652373, 'HeII_4686': 121.4502199730117, 'HeII_5411.53': 16.799175724363067, 'HeI_4471.50': 19.151550255638476, 'HeI_4713.17': 8.67965829898998, 'HeI_4921.93': 20.62426066623842, 'HeI_5015.68': 6.794645790532056, 'HeI_5047.74': 2.805683712771582, 'HeI_5875.66': 8.650845392866128, 'Hg': 6.218079521690917}","{'Ha': 232.6932542266207, 'Hb': 30.195224355294528, 'Hd': 6.3180899601382965, 'HeII_4199.83': 4.275603264948865, 'HeII_4686': 117.17051451700705, 'HeII_5411.53': 16.318898541603826, 'HeI_4471.50': 19.301484299141986, 'HeI_4713.17': 8.710654848932174, 'HeI_4921.93': 20.497133671754504, 'HeI_5015.68': 6.799603886179988, 'HeI_5047.74': 2.8043098906506683, 'HeI_5875.66': 7.784693172837544, 'Hg': 6.307981552527362}","{'Ha': 231.54452825065485, 'Hb': 30.594079844344673, 'Hd': 6.4037684145117115, 'HeII_4199.83': 4.129367466178267, 'HeII_4686': 113.3566720151735, 'HeII_5411.53': 15.825367377139672, 'HeI_4471.50': 19.553536404773233, 'HeI_4713.17': 8.743956207050879, 'HeI_4921.93': 20.360663757084584, 'HeI_5015.68': 6.804801114519292, 'HeI_5047.74': 2.8026680058881115, 'HeI_5875.66': 8.358982716259003, 'Hg': 6.454456890210448}","{'Ha': 230.1260053839667, 'Hb': 31.172449189322357, 'Hd': 6.551391160350114, 'HeII_4199.83': 3.9839847211835515, 'HeII_4686': 110.21181116301113, 'HeII_5411.53': 15.35578150980908, 'HeI_4471.50': 19.86449776246777, 'HeI_4713.17': 8.782129398413524, 'HeI_4921.93': 20.212237898775527, 'HeI_5015.68': 6.810391314097937, 'HeI_5047.74': 2.800814131909662, 'HeI_5875.66': 9.644455633645318, 'Hg': 6.662800166459068}","{'Ha': 228.5647343854163, 'Hb': 31.944649318854587, 'Hd': 6.763605931750177, 'HeII_4199.83': 3.848810691873392, 'HeII_4686': 107.730741692497, 'HeII_5411.53': 14.952470144490809, 'HeI_4471.50': 20.191338155023956, 'HeI_4713.17': 8.824080851656122, 'HeI_4921.93': 20.06080777641196, 'HeI_5015.68': 6.816079418498088, 'HeI_5047.74': 2.7989496486705274, 'HeI_5875.66': 11.254080506706488, 'Hg': 6.934824995804709}","{'Ha': 226.96424502361086, 'Hb': 32.90668648894732, 'Hd': 7.037816386505408, 'HeII_4199.83': 3.7277180575129276, 'HeII_4686': 105.68494571823493, 'HeII_5411.53': 14.629850369795781, 'HeI_4471.50': 20.522393473054198, 'HeI_4713.17': 8.867143617882489, 'HeI_4921.93': 19.909485982076795, 'HeI_5015.68': 6.822654951487442, 'HeI_5047.74': 2.7970900513174457, 'HeI_5875.66': 13.027823509442639, 'Hg': 7.264977400719109}","{'Ha': 225.3245076350199, 'Hb': 34.066748306273496, 'Hd': 7.374804202402697, 'HeII_4199.83': 3.618539956399664, 'HeII_4686': 103.81526833402638, 'HeII_5411.53': 14.381588267754486, 'HeI_4471.50': 20.84950353270104, 'HeI_4713.17': 8.909103366494055, 'HeI_4921.93': 19.762937971411965, 'HeI_5015.68': 6.830186215951408, 'HeI_5047.74': 2.795157855248808, 'HeI_5875.66': 14.850250231032273, 'Hg': 7.653340374768879}","{'Ha': 223.6571618084948, 'Hb': 35.387338946803474, 'Hd': 7.762208175848167, 'HeII_4199.83': 3.5219919665959623, 'HeII_4686': 102.02183966670947, 'HeII_5411.53': 14.204002430692045, 'HeI_4471.50': 21.151460859777828, 'HeI_4713.17': 8.94686373912349, 'HeI_4921.93': 19.632553691257083, 'HeI_5015.68': 6.837871320980463, 'HeI_5047.74': 2.7932634555167843, 'HeI_5875.66': 16.515752083348644, 'Hg': 8.088531608251436}","{'Ha': 221.91555089602167, 'Hb': 36.840866477202525, 'Hd': 8.190945902851631, 'HeII_4199.83': 3.436463994988611, 'HeII_4686': 100.19084216981113, 'HeII_5411.53': 14.081897573758027, 'HeI_4471.50': 21.42201002427295, 'HeI_4713.17': 8.980137147334915, 'HeI_4921.93': 19.518899670634667, 'HeI_5015.68': 6.845922195334548, 'HeI_5047.74': 2.791545493094391, 'HeI_5875.66': 17.970904225335, 'Hg': 8.557328060960826}"
T50000logg4.2,"{'Ha': 269.2333637576367, 'Hb': 32.37349005753355, 'Hd': 5.97278120819421, 'HeII_4199.83': 5.146220216008496, 'HeII_4686': 123.4264075269991, 'HeII_5411.53': 21.715160758393242, 'HeI_4471.50': 22.570859509445842, 'HeI_4713.17': 9.162831567163236, 'HeI_4921.93': 19.022457259829547, 'HeI_5015.68': 6.9103189630797415, 'HeI_5047.74': 2.77786470416545, 'HeI_5875.66': 16.316655579630638, 'Hg': 6.05482192513121}","{'Ha': 267.4721488662546, 'Hb': 32.23502906147632, 'Hd': 5.904087755815243, 'HeII_4199.83': 4.9224949243121285, 'HeII_4686': 118.3410639926585, 'HeII_5411.53': 20.70832260336623, 'HeI_4471.50': 22.666153660806494, 'HeI_4713.17': 9.1761610107572, 'HeI_4921.93': 18.978447381989092, 'HeI_5015.68': 6.909979270647557, 'HeI_5047.74': 2.777361554506653, 'HeI_5875.66': 16.694854694515076, 'Hg': 6.066151279866507}","{'Ha': 265.75848493774487, 'Hb': 32.30272222651799, 'Hd': 5.882816503377583, 'HeII_4199.83': 4.688321709306486, 'HeII_4686': 113.73824297253422, 'HeII_5411.53': 19.665038916877474, 'HeI_4471.50': 22.792761352164376, 'HeI_4713.17': 9.189937612729203, 'HeI_4921.93': 18.927668726736293, 'HeI_5015.68': 6.909328877185273, 'HeI_5047.74': 2.7767560681220758, 'HeI_5875.66': 17.52461730731697, 'Hg': 6.129388153150237}","{'Ha': 263.72500847896754, 'Hb': 32.55865226872549, 'Hd': 5.9274723835960925, 'HeII_4199.83': 4.459684732440563, 'HeII_4686': 109.93216284906218, 'HeII_5411.53': 18.67491258967175, 'HeI_4471.50': 22.9370682589588, 'HeI_4713.17': 9.20544073486727, 'HeI_4921.93': 18.870420255605417, 'HeI_5015.68': 6.908513660686283, 'HeI_5047.74': 2.7760737685741863, 'HeI_5875.66': 18.554138777288625, 'Hg': 6.2567320931373684}","{'Ha': 261.51690801302993, 'Hb': 33.03754032201947, 'Hd': 6.048847255639173, 'HeII_4199.83': 4.250804401514345, 'HeII_4686': 106.97040044622304, 'HeII_5411.53': 17.821435091405352, 'HeI_4471.50': 23.083019821750256, 'HeI_4713.17': 9.222346048537482, 'HeI_4921.93': 18.81086645688356, 'HeI_5015.68': 6.907861391581491, 'HeI_5047.74': 2.7753879701967126, 'HeI_5875.66': 19.637062342688353, 'Hg': 6.456656674060035}","{'Ha': 259.2343559602856, 'Hb': 33.74261097836262, 'Hd': 6.247986303954087, 'HeII_4199.83': 4.0667195659553625, 'HeII_4686': 104.59827772561049, 'HeII_5411.53': 17.125719183359138, 'HeI_4471.50': 23.227791877065396, 'HeI_4713.17': 9.239625048126937, 'HeI_4921.93': 18.750724858527104, 'HeI_5015.68': 6.908481060062964, 'HeI_5047.74': 2.7747029271391033, 'HeI_5875.66': 20.737876969321945, 'Hg': 6.728110728599968}","{'Ha': 256.86728578419195, 'Hb': 34.686145986356564, 'Hd': 6.52517654673581, 'HeII_4199.83': 3.9033040370390957, 'HeII_4686': 102.50775796100946, 'HeII_5411.53': 16.56733621793879, 'HeI_4471.50': 23.368314545708877, 'HeI_4713.17': 9.25642189361428, 'HeI_4921.93': 18.69213085077945, 'HeI_5015.68': 6.910341229069641, 'HeI_5047.74': 2.773988843446694, 'HeI_5875.66': 21.82408936806659, 'Hg': 7.072243655356487}","{'Ha': 254.45765304565393, 'Hb': 35.84298733551755, 'Hd': 6.868941717645259, 'HeII_4199.83': 3.7608412600152694, 'HeII_4686': 100.56444395421686, 'HeII_5411.53': 16.13789696920142, 'HeI_4471.50': 23.496420269029223, 'HeI_4713.17': 9.271551737143978, 'HeI_4921.93': 18.63977858696505, 'HeI_5015.68': 6.912935552223051, 'HeI_5047.74': 2.77328681124474, 'HeI_5875.66': 22.79515352056746, 'Hg': 7.478529271817174}","{'Ha': 251.97028744327488, 'Hb': 37.18603609235631, 'Hd': 7.2685825416546015, 'HeII_4199.83': 3.636442712706683, 'HeII_4686': 98.62070623973533, 'HeII_5411.53': 15.808866850499465, 'HeI_4471.50': 23.610025157935684, 'HeI_4713.17': 9.28491184157061, 'HeI_4921.93': 18.594012393513427, 'HeI_5015.68': 6.916505329946803, 'HeI_5047.74': 2.7726506422580757, 'HeI_5875.66': 23.6358892729288, 'Hg': 7.932146016798891}"
T50000logg4.4,"{'Ha': 262.72260523088175, 'Hb': 34.09366912914255, 'Hd': 7.010173022839683, 'HeII_4199.83': 4.440458010870984, 'HeII_4686': 127.72400748161012, 'HeII_5411.53': 19.497878844900757, 'HeI_4471.50': 20.276865209308077, 'HeI_4713.17': 8.806256109578682, 'HeI_4921.93': 20.05717925005816, 'HeI_5015.68': 6.906402190724494, 'HeI_5047.74': 2.795492092638363, 'HeI_5875.66': 10.505427622306515, 'Hg': 6.865006954908018}","{'Ha': 261.4334032396521, 'Hb': 34.24416776495739, 'Hd': 7.005492210205461, 'HeII_4199.83': 4.314852715718192, 'HeII_4686': 122.99281336974042, 'HeII_5411.53': 18.86468344966393, 'HeI_4471.50': 20.417579434497142, 'HeI_4713.17': 8.831706554948788, 'HeI_4921.93': 19.961647122550556, 'HeI_5015.68': 6.906835895326972, 'HeI_5047.74': 2.7944209680977243, 'HeI_5875.66': 10.255070065026374, 'Hg': 6.925317155451822}","{'Ha': 260.13113775225077, 'Hb': 34.58219639448981, 'Hd': 7.054850757961808, 'HeII_4199.83': 4.180151506555557, 'HeII_4686': 118.7349773859309, 'HeII_5411.53': 18.2064457499681, 'HeI_4471.50': 20.632322033989706, 'HeI_4713.17': 8.858697240872388, 'HeI_4921.93': 19.856393722833687, 'HeI_5015.68': 6.907124415794452, 'HeI_5047.74': 2.793136406962798, 'HeI_5875.66': 11.034801713514144, 'Hg': 7.043408869060193}","{'Ha': 258.52647243674113, 'Hb': 35.110262147666326, 'Hd': 7.172021747901195, 'HeII_4199.83': 4.044995125668778, 'HeII_4686': 115.20396578168709, 'HeII_5411.53': 17.581184948790703, 'HeI_4471.50': 20.88992304450723, 'HeI_4713.17': 8.889441724188714, 'HeI_4921.93': 19.740473480354122, 'HeI_5015.68': 6.907343464770763, 'HeI_5047.74': 2.791687528872138, 'HeI_5875.66': 12.312610495135301, 'Hg': 7.22955347318386}","{'Ha': 256.7503623533365, 'Hb': 35.850394132992164, 'Hd': 7.360510905133847, 'HeII_4199.83': 3.9179104457208633, 'HeII_4686': 112.4158958750186, 'HeII_5411.53': 17.04102304600636, 'HeI_4471.50': 21.157650408003462, 'HeI_4713.17': 8.923115834172291, 'HeI_4921.93': 19.62132209824882, 'HeI_5015.68': 6.907879888759027, 'HeI_5047.74': 2.7902315197293905, 'HeI_5875.66': 13.797308817807119, 'Hg': 7.486805718554609}","{'Ha': 254.89535602118414, 'Hb': 36.79578053778673, 'Hd': 7.616401997259805, 'HeII_4199.83': 3.8026493964572046, 'HeII_4686': 110.1282832296382, 'HeII_5411.53': 16.599601702509716, 'HeI_4471.50': 21.426905560087324, 'HeI_4713.17': 8.957627601827626, 'HeI_4921.93': 19.501860950394136, 'HeI_5015.68': 6.909526890014364, 'HeI_5047.74': 2.7887785161793914, 'HeI_5875.66': 15.380760710600715, 'Hg': 7.808461834755813}","{'Ha': 252.95816590667565, 'Hb': 37.9502474035539, 'Hd': 7.938215432077018, 'HeII_4199.83': 3.6973041835873253, 'HeII_4686': 108.05798254634372, 'HeII_5411.53': 16.244669126602396, 'HeI_4471.50': 21.69147316219331, 'HeI_4713.17': 8.991227069058532, 'HeI_4921.93': 19.385914204248554, 'HeI_5015.68': 6.91217580811879, 'HeI_5047.74': 2.7872665474405687, 'HeI_5875.66': 16.98197870535934, 'Hg': 8.192440356433027}","{'Ha': 250.96722651904852, 'Hb': 39.27269639917086, 'Hd': 8.312500685322098, 'HeII_4199.83': 3.6027300593366607, 'HeII_4686': 106.09513137850108, 'HeII_5411.53': 15.9717666639456, 'HeI_4471.50': 21.934773000787175, 'HeI_4713.17': 9.021466774985251, 'HeI_4921.93': 19.282484779714853, 'HeI_5015.68': 6.915382781740317, 'HeI_5047.74': 2.785781765939194, 'HeI_5875.66': 18.433628039090188, 'Hg': 8.625808637037833}","{'Ha': 248.8829375145032, 'Hb': 40.7304963523911, 'Hd': 8.729180242739492, 'HeII_4199.83': 3.5177609452186225, 'HeII_4686': 104.11096568526035, 'HeII_5411.53': 15.762815522279976, 'HeI_4471.50': 22.152341521838977, 'HeI_4713.17': 9.048126805335354, 'HeI_4921.93': 19.192110529667072, 'HeI_5015.68': 6.919310050483664, 'HeI_5047.74': 2.784433134323796, 'HeI_5875.66': 19.698268012834628, 'Hg': 9.09368134423577}"
