,vsini100,vsini102,vsini104,vsini106,vsini108,vsini110,vsini112,vsini114,vsini116,vsini118,vsini120,vsini122,vsini124,vsini126,vsini128,vsini130,vsini132,vsini134,vsini136,vsini138,vsini140,vsini142,vsini144,vsini146,vsini148,vsini150,vsini152,vsini154,vsini156,vsini158,vsini160,vsini162,vsini164,vsini166,vsini168,vsini170,vsini172,vsini174,vsini176,vsini178,vsini180,vsini182,vsini184,vsini186,vsini188,vsini190,vsini192,vsini194,vsini196,vsini198,vsini200,vsini202,vsini204,vsini206,vsini208,vsini210,vsini212,vsini214,vsini216,vsini218,vsini220,vsini222,vsini224,vsini226,vsini228,vsini230,vsini232,vsini234,vsini236,vsini238,vsini240,vsini242,vsini244,vsini246,vsini248,vsini250,vsini252,vsini254,vsini256,vsini258,vsini260,vsini262,vsini264,vsini266,vsini268,vsini270,vsini272,vsini274,vsini276,vsini278,vsini280,vsini282,vsini284,vsini286,vsini288,vsini290,vsini292,vsini294,vsini296,vsini298,vsini300
T15000logg2.0,7.0472721401842735,6.763892957529116,6.5188010811371555,6.2369549725783475,5.995372714649703,5.789002199524677,5.551083411252161,5.347067151756061,5.175056163184546,4.976250339719326,4.805969347282448,4.664465720725438,4.5005300915189075,4.360567552703598,4.246199496796014,4.113406087742632,4.000713089933483,3.9105136536414458,3.8055622431768223,3.717409789064565,3.648760368893927,3.568714988701318,3.50263737820097,3.4531965562917057,3.3954051353155474,3.3491318085778476,3.316706311842325,3.278787053171766,3.2501861239309977,3.2327601266323787,3.2124682957835518,3.199525498495107,3.195311095050636,3.1904694821608666,3.1912925433228354,3.198662149476748,3.20720998972073,3.2200157849808986,3.237480318619514,3.257464335318028,3.2805782371661945,3.3066938049760064,3.3363612531690876,3.368207646444982,3.4016380109276074,3.4393322061602234,3.4784212584518164,3.517902116085887,3.562090269851459,3.6070240060373893,3.6514256431613736,3.700645944145217,3.750137151506638,3.798418622818464,3.851369371723555,3.9042767774243314,3.955456316710885,4.011072646464706,4.066410422225471,4.119645066658135,4.177010005426784,4.233932024711632,4.288630706117692,4.346839166065258,4.404632665312259,4.46039746576758,4.51860146205787,4.576682551417795,4.632728515507919,4.690710232407429,4.748620821783418,4.804429250033598,4.861930943982693,4.919326687311364,4.974549055740887,5.031337259984344,5.087962302791841,5.1423600330021975,5.1982361213656185,5.253891967196356,5.307347236727141,5.362083367402447,5.416607119452811,5.469035680181921,5.52243345267019,5.575688072976358,5.6270151741728025,5.6789096905325005,5.730775346552981,5.780906337348336,5.831187928946356,5.881562258558241,5.930384265215655,5.978995714854868,6.027796810878525,6.075212552232075,6.122120418931056,6.169307121214667,6.215246161274639,6.260459710803815,6.30602207203862
T15000logg2.2,7.974343085075487,7.672925116925041,7.412061086397477,7.111168076573852,6.852418898706402,6.631146567483953,6.3752674491433226,6.155034627909457,5.969038011805382,5.753401997467583,5.567895451170506,5.413338001985052,5.233700052686388,5.079502833330774,4.95299513017035,4.8055992151919265,4.679643060537589,4.5781892367834605,4.459688857599684,4.359202290399529,4.280136609599042,4.187531611324676,4.109999350761694,4.050932968035505,3.9815088423188185,3.9246059622035956,3.8833377734073133,3.834597099707535,3.7961348515585067,3.770493507873638,3.7402348130954914,3.7181501878545538,3.706262530954642,3.692292081316198,3.6846435920019287,3.6848453946185797,3.6850374084260826,3.689991434107384,3.700800111876633,3.7130888518320724,3.728914641317837,3.748903893949524,3.771407082794061,3.7964712005881402,3.82421321808712,3.8552526473408384,3.888007021351742,3.922157889191531,3.9601709513412393,3.9991634473502646,4.038538343375629,4.082015432363007,4.125906735379852,4.169419595757889,4.217007442622667,4.264610443737695,4.311241547593631,4.361831794266556,4.41212458840235,4.461012573712562,4.51364126796585,4.565747133509575,4.616312596751001,4.670005103252876,4.723187082995898,4.7750268891409435,4.828896594447639,4.882551732257619,4.934861849470932,4.988668742625225,5.042316958256089,5.094561897312692,5.148018700694708,5.201290702448769,5.25307857847557,5.305945062628152,5.358558790377362,5.409604701726179,5.461679420975611,5.513412559122133,5.5635655252289355,5.614610927792785,5.6652813164023845,5.714434195035333,5.76424168537761,5.813698757592865,5.861762822881045,5.910158469180429,5.95827263706279,6.0051445627855005,6.052008044250813,6.098668893777602,6.144230195688067,6.189496471673469,6.2346177354356245,6.278769432147745,6.322394852366569,6.365936907194718,6.408610794436379,6.450596616452999,6.492556293771605
T15000logg2.4,8.601202713571082,8.292775367305868,8.025657758249569,7.717026062150666,7.451129046552813,7.22353063914118,6.959881170124237,6.732483197467187,6.540189189268947,6.316860123077864,6.124266568333217,5.963517852959116,5.776350747165631,5.615215334179273,5.482678158250824,5.32796587320553,5.195261887953744,5.087972543923083,4.962400015894328,4.855385675482723,4.770700883171941,4.671287972352422,4.587460147466458,4.523000804334725,4.447029236621791,4.384067529075161,4.33767101090859,4.282612990701079,4.2383341823065726,4.207760958510161,4.171485567727496,4.143827854785737,4.127170811661246,4.107518277375634,4.09454151724947,4.090141705848115,4.084974258845777,4.084837383885762,4.091239478342291,4.098445669180175,4.1094061874706185,4.125210022958394,4.142850855162197,4.163256962475079,4.186996661412088,4.213398840589752,4.241687771895128,4.271991252960485,4.305591285329255,4.340297098338266,4.375963722690854,4.415243193002268,4.45501730517636,4.4949527980401225,4.538548514826175,4.582195136118256,4.625372003773702,4.6721634317570455,4.71865006366124,4.764204461487015,4.813209538727853,4.861652288526934,4.909017377779823,4.959236407282618,5.008892800026704,5.057668329080258,5.1081950121433595,5.158452471205016,5.207830197767359,5.258408812955021,5.308777660095286,5.358219720642276,5.408543341691395,5.458640957492351,5.5077310870221154,5.557556868314423,5.607087468864553,5.655512809854413,5.704640635828638,5.753370023434564,5.8009589346710975,5.849150592331959,5.896886097652957,5.943515939300037,5.990557000652677,6.037138017078044,6.082709057442157,6.128420629777004,6.173713062629602,6.218117700293771,6.262376339599468,6.306267467092064,6.349385587099566,6.392122602059125,6.434524892480513,6.476258288056607,6.517425315595857,6.558301714597698,6.598584300800873,6.6381751891065885,6.677523585608845
T15000logg2.6,8.186536466307732,7.901316444308748,7.654602916377175,7.369336959170636,7.123548894916524,6.913475099655385,6.669976924531021,6.459981351038695,6.28272140837779,6.076749676554632,5.899184935705637,5.751306908855971,5.579059954285802,5.430871246651745,5.309324116510958,5.167405013637929,5.045814921058966,4.94787320842459,4.833224980036693,4.735703285838213,4.65892543635551,4.56878873375267,4.493017650684102,4.43520303775792,4.367053836358553,4.31087855775519,4.270047798708871,4.221507324662206,4.182899565026567,4.156913117359858,4.126059161666012,4.103096634933566,4.090147524668481,4.074983089891752,4.065842337057175,4.064378831117325,4.0628863783470885,4.065833796291431,4.074516158471443,4.084676189828593,4.098063487604529,4.115591837214933,4.135546687777162,4.15781043478997,4.1827898990808,4.210965055068468,4.240622264603587,4.271748691032241,4.306661841496192,4.342318874086514,4.378453545417251,4.418661919999017,4.459038584805113,4.499146241523018,4.543356102027031,4.587319915748543,4.630427968581653,4.677578614182937,4.724151307800954,4.769443889332265,4.8186034229783035,4.866947928114795,4.913895715271857,4.964108732536492,5.013519714272712,5.0617436150337145,5.1121509328169745,5.162050617980327,5.2107977365173355,5.261146627156332,5.31106854390379,5.3598385190957485,5.409821512125219,5.459399240510325,5.507789139300397,5.557181316347638,5.606134538654056,5.653838402463409,5.702459326010553,5.750565010867222,5.797411855782678,5.845041947544604,5.892117848331768,5.937987248521464,5.98442979394324,6.030326030116668,6.07512232230557,6.12021346383078,6.164805613251966,6.208427769315559,6.252056484289996,6.29524372564942,6.337581346384217,6.379689879426771,6.4213930667460675,6.462355059866873,6.502898470582987,6.543087047482123,6.582613460608279,6.6215874641543095,6.660265402870545
T15000logg2.8,9.594144221934648,9.283282920590985,9.01336156561383,8.701150762086767,8.431684910542256,8.200362730192248,7.932087175689529,7.700209238950412,7.50346608911129,7.274682215738826,7.076883580307519,6.911123741000643,6.717864409936692,6.550965532470143,6.413000525723902,6.251726187630302,6.112842720995353,5.999829611426053,5.867355504573738,5.75385232588552,5.6632353618286535,5.556664453949077,5.466109742266595,5.395575191072329,5.3122510812428825,5.242390247734956,5.189881934195553,5.127299419915834,5.076022641379062,5.0392848453046115,4.995468371919657,4.9607816126002975,4.93791204328308,4.91080439465559,4.890811035568105,4.880187078561219,4.867680533204108,4.860569716321413,4.860793177668793,4.86076890297576,4.864817320688811,4.874530370269488,4.88503891499851,4.898614946444551,4.91635319182587,4.935757428071643,4.957316135347131,4.981716775376389,5.008467707038992,5.0365580502180025,5.066431266688225,5.099030188946186,5.132325411921598,5.1665938556032485,5.203695005828472,5.241017367361659,5.278667729418744,5.319163172553587,5.3594960818496755,5.399679987853405,5.442598263141366,5.485071688682092,5.527252929511913,5.5715779144007485,5.6154524656719635,5.659250083076771,5.704055520327583,5.748716348306127,5.793311499875473,5.838340459809049,5.883288944931777,5.928143228130444,5.973068222371053,6.0179104441918065,6.062578039566933,6.107164892376382,6.151596903141625,6.195737455173153,6.239797489973885,6.283575683301301,6.326993422584052,6.370287757726103,6.413207355253969,6.455760077122197,6.498072709767608,6.539965596006491,6.58154184573982,6.62269270923623,6.663422510206863,6.703911192421181,6.743778701705869,6.7832357990049,6.822519208503037,6.861037425888142,6.899137552202316,6.937121027387576,6.974237555295447,7.01094447670612,7.047563818779752,7.083261777350158,7.118572915880311
T16000logg2.0,6.540271335526112,6.260504467251508,6.0190359304724295,5.741455680072933,5.503979613077908,5.301589417874349,5.0682871206929825,4.868646042473086,4.700785954180191,4.506760797749071,4.340970935045434,4.203664222542544,4.044537459911214,3.9090672031100904,3.798849088223913,3.670798619792429,3.5625291871179154,3.4763789717362057,3.3760650725943306,3.29223594290803,3.2275109961064685,3.151975784674924,3.090103799193671,3.0444445131616495,2.9910279698295033,2.948832559194229,2.919968479781457,2.8863586574928455,2.861711496408032,2.847707278564795,2.8315967910386095,2.8224905005715404,2.821595289679801,2.8207821773831414,2.8253297217370434,2.835931836948432,2.8483561931656536,2.8647847424173523,2.885380304948945,2.909127576925801,2.9357789566009567,2.9648393633467487,2.998278557413885,3.0336049420157742,3.069900494901019,3.1113223345391985,3.153861636086315,3.196200936547548,3.2440461102452742,3.2924211719966907,3.3397119878874366,3.3925156228768283,3.4454534276925273,3.4966728457637677,3.5531348744108486,3.609498911614719,3.6636697018731708,3.7227276135049996,3.7815313102232015,3.8377864019791605,3.898545747990738,3.958937916602048,4.016598658512505,4.078231927318806,4.139488973521841,4.198125959069581,4.259802104380899,4.321334511993722,4.380186471585587,4.4416692812098955,4.503030594329141,4.56159521056336,4.622645526211424,4.683520016414358,4.741516811475674,4.801896501069342,4.862068019595369,4.919328249458376,4.978842064673847,5.038150590111467,5.094605357692456,5.1530384859677305,5.211348119117451,5.2669443283508475,5.324109306669565,5.381296883272622,5.435975241515761,5.491709720656223,5.547655914914147,5.60132210961054,5.655511779551336,5.710105892761378,5.762639755190477,5.815220454536367,5.868368580575002,5.919660619951113,5.970590786128724,6.02223116907755,6.072190915976963,6.121466815268821,6.171559595491123
T16000logg2.2,9.827575673736003,9.45400337473463,9.130418005287996,8.755725140752517,8.432303644973052,8.155277802438714,7.833592176670249,7.555456287497381,7.319930954775141,7.045633792275346,6.808323104068676,6.609785138906238,6.377876807713708,6.177374623790984,6.011841790698433,5.817900415197954,5.650595723160927,5.514543223032815,5.354629596337619,5.217271770689268,5.107572813575766,4.978167280565601,4.867804019130849,4.781651895964541,4.6795662318114575,4.593476482938219,4.528281548484011,4.45061395735335,4.386244824240768,4.339434196183724,4.283647664100416,4.238588581083497,4.207955551427273,4.1715033558390475,4.143494567264847,4.127112152562321,4.107512877017024,4.0944341407074365,4.090612584844208,4.085461591094361,4.085329230041908,4.092433221483164,4.099568687110856,4.110516894728233,4.126914141532166,4.144417200466457,4.164679990853486,4.188819378246894,4.214912103659325,4.242824501295579,4.2733400395894545,4.306291269744989,4.34031550586301,4.375959937960297,4.414210093406782,4.452980131439163,4.492584246209009,4.534846950166485,4.577185617853015,4.619755065261204,4.664922348322875,4.709826262449905,4.75466493448584,4.8016511884628565,4.848276719882043,4.894919384777657,4.942709077208684,4.9903680341391565,5.037935625934947,5.086216293896384,5.134366256107363,5.182254980051914,5.230696546868241,5.278921648299552,5.326702942228491,5.375018548505649,5.423000407083678,5.470357512257165,5.518304880439089,5.5657829066814495,5.612536068764763,5.659831342067147,5.706584167838109,5.752597321854121,5.798986139142891,5.844822902527987,5.889977013089034,5.935238955058546,5.979988766399536,6.024147719894737,6.068117298754135,6.111628061559484,6.154638537608742,6.197208756614711,6.239355577687176,6.2810879101130705,6.32217924938372,6.362898430584877,6.403263559096678,6.442852978361218,6.4821268210334395
T16000logg2.4,10.650708713519988,10.276259140493984,9.95179079739089,9.575399064567518,9.24986669470281,8.97088541369307,8.646370408152404,8.365196548749207,8.126920322467523,7.848971339796941,7.607950295855183,7.406091549840531,7.169945391341117,6.9652471757558585,6.795986678759393,6.597383654730021,6.425535110730776,6.28546974780926,6.120597012411331,5.978444657301301,5.864533704489686,5.729955418847931,5.614624385804632,5.524133939969286,5.416735243673586,5.325564120318982,5.256012104875207,5.172885254248542,5.103366795690724,5.0521184913723705,4.9908775529226475,4.940646265188871,4.905489821242792,4.863676773604208,4.830510943223823,4.809560044097116,4.7847204041277225,4.766529160540767,4.758165424205492,4.747869047370461,4.742683125205057,4.7453460856382925,4.74737983467971,4.753342285646926,4.765369037895277,4.777860523412073,4.793210800361327,4.813027121158238,4.8342294203095175,4.857306459486041,4.883540899826417,4.911737652624688,4.941010318703317,4.972419163097136,5.006060102292322,5.040170172289913,5.075592112545496,5.1133963141512355,5.15117349955008,5.189633005368775,5.230480369274724,5.2709229452614546,5.311759456745325,5.354531100433121,5.3967981021821725,5.43955770540705,5.483224894502522,5.526624751513355,5.570432841766652,5.614665518108122,5.658645319099458,5.702894517432805,5.747338290664675,5.791462391497525,5.835685921071015,5.88005064382169,5.923978107887284,5.967816753419237,6.011863150141073,6.055316509949109,6.098561368554876,6.142007360163299,6.184754264183098,6.227250717781257,6.269840376479394,6.311682460937251,6.3533012073495705,6.394814972698642,6.435582661945382,6.476187625617515,6.5164630501104,6.5560069741619245,6.595446988997947,6.634377541215698,6.672575155374735,6.710724012476157,6.748226215603378,6.785019755603076,6.821793910262071,6.857839512904515,6.893219943044754
T16000logg2.6,11.392177419275551,11.017366004247958,10.692280847523415,10.314731633373281,9.987751027766807,9.707226339439966,9.380546478822252,9.097074094147146,8.856539762386507,8.575649469478503,8.331670696071217,8.127008668102157,7.8873310030591846,7.6791735494594064,7.5067034942501385,7.304128124786441,7.128438060682098,6.984860305972003,6.8156785457196545,6.66939479794505,6.5517495972392545,6.4126143094730255,6.292931651241796,6.1985490364008005,6.08640069963333,5.990713863359798,5.917203029515747,5.829152852355148,5.75501058521084,5.699713278994234,5.633501573943051,5.578586866985913,5.53928949739988,5.492545115589622,5.454674323323781,5.429524644501333,5.399820766884225,5.376925978361474,5.364361853000073,5.3492484244285015,5.33937471808712,5.33788508394651,5.335123116281289,5.336420830721509,5.344326496479746,5.352070682369125,5.362786418129089,5.378507589968276,5.395034849517694,5.413521698523566,5.435694477882047,5.459307606837372,5.4840499721301885,5.511442389345663,5.540605279761919,5.570257748715986,5.601718794381778,5.635157941227639,5.668558182716417,5.703125236176292,5.739721086933969,5.77587588010398,5.812912999734365,5.851534062368761,5.889607887796665,5.928673285853415,5.968284743962803,6.007589994516877,6.047815474556787,6.088082973805811,6.128064844350181,6.168847409731241,6.209403194298425,6.249620359432098,6.290474144106719,6.33103350273551,6.371136420526749,6.411678699653851,6.452008264266694,6.491712379906801,6.531716216144162,6.571538305978033,6.6106045956221,6.649902555561951,6.688961825446011,6.727189050308301,6.765645164857771,6.80372320434405,6.840939927432414,6.8784154509747895,6.915350142771768,6.951409317433401,6.987755652111331,7.023442313904835,7.0582244276217025,7.093318881811741,7.127671855951878,7.16112340998075,7.194886628990377,7.227872387617801,7.259986798091071
T16000logg2.8,11.525384762667041,11.165970538374122,10.854225996670964,10.491842355432984,10.177768925005147,9.90831253656092,9.594258109186232,9.321547218784449,9.09014298859491,8.819702527676334,8.584632149449636,8.387441684429565,8.156339861071116,7.955478221543667,7.789047792276692,7.593418127517491,7.423616944526293,7.284841408388971,7.121195468478132,6.979575183417477,6.865664401887449,6.730846658484081,6.614765116467184,6.523203476058269,6.414316266463163,6.321306202152153,6.249862780030277,6.164118671613749,6.091845004559325,6.037916419667254,5.973227570251243,5.919480569239246,5.880916092894989,5.835057512624974,5.797748336810259,5.772782459468128,5.743419873233407,5.720565071833846,5.707732758531025,5.692479868925133,5.68219628667835,5.680068275299032,5.6767364252859585,5.677236690587261,5.684178624263155,5.690997846805404,5.700588133845196,5.7150682228647405,5.730381454080975,5.747473064777466,5.768176463167861,5.7903482739116106,5.81348244943713,5.839225424903439,5.866775190580512,5.8946577396866395,5.924333945665998,5.956036022968419,5.987548993135397,6.020236707108019,6.055006272137804,6.089190346470322,6.12428783661078,6.161017926155104,6.197066685178987,6.234154123153553,6.27183895616974,6.309086752212052,6.347330210047454,6.38563471053336,6.4235419591827565,6.462364237752272,6.500921664394807,6.539056362832751,6.577972746671972,6.616508590016876,6.65452529272422,6.693146599250455,6.731441712182713,6.769059198077734,6.807150964383231,6.844940763818292,6.881925066098992,6.919316745945904,6.956359978766835,6.992516195612337,7.029071743170003,7.065160366010607,7.100323391456064,7.1359068292185945,7.170886916743278,7.204915572688944,7.239383060276374,7.273156481414934,7.305938953139009,7.339174434442224,7.37165885264379,7.40314607763623,7.43507416548437,7.466233662440913,7.496425049843057
T16000logg3.0,11.575283252621297,11.2341621703878,10.938271391782163,10.59414729823918,10.295812825534227,10.039862700378784,9.741393252179595,9.482146174487129,9.262182886544727,9.004979026421102,8.781359288887348,8.59380141286011,8.373869606408803,8.182675850790039,8.0242923380636,7.838020099209128,7.676311586587104,7.544194545140883,7.388308684311187,7.253385120583841,7.144912670494442,7.016446104602659,6.9058221169296345,6.818630435669839,6.714847544686728,6.626201172537833,6.5582214271908,6.476462367381263,6.407593586820466,6.356309175629413,6.29466364726008,6.2434832241587745,6.206821405817814,6.163212792006197,6.127735763773661,6.104024739374509,6.076228214963812,6.054566865610434,6.042440323306087,6.02815182314812,6.018506512281363,6.016617915091572,6.013723195116719,6.014381973405946,6.021158614781219,6.027967852596983,6.037304218559929,6.051275275626758,6.066198936102884,6.08268938362206,6.102596347880644,6.124064711712584,6.146313507658987,6.171026673986065,6.197624150682103,6.224395875361784,6.252858834235278,6.283412093447382,6.313637216056908,6.344970948612326,6.378441250569724,6.411204013197888,6.444846094126081,6.480160082797823,6.514686541772433,6.550241342020792,6.586426097840842,6.622077675109717,6.658746647830414,6.695479172629126,6.731737521096289,6.76897184408974,6.80589037248123,6.842337343205537,6.879658814867135,6.916506777666871,6.952806245924712,6.989826615471508,7.0264000018052135,7.062280400198191,7.098765390208051,7.1348187111800785,7.170055575254643,7.205835555957208,7.241140908980416,7.2755472009825155,7.310488461749563,7.344851327107075,7.3782707403881505,7.412241905741457,7.445518214012958,7.477818090321289,7.510681539489783,7.542782796080712,7.573858818707905,7.605504837357525,7.636353866541589,7.666163776975148,7.696522885547588,7.726084079245088,7.754632309307878
T17000logg2.2,9.099980450019418,8.736942272758114,8.422768104862065,8.059254548828196,7.7458674377092525,7.477728732246222,7.1665978933842345,6.897961335744395,6.670785908964705,6.406411188997046,6.1780506988915915,5.9873255067303965,5.7646980250617,5.57258006184965,5.414319332674119,5.229015894442511,5.069536641518389,4.94023235840794,4.7883487706210754,4.658281350140979,4.5548351393118285,4.432885867437243,4.329311877821132,4.248949438799294,4.153797521221348,4.074033715785747,4.0141563059924295,3.9429836131893294,3.884508000776597,3.8426398491856384,3.7928760198120033,3.7533053965130097,3.7272943983253883,3.696396424032195,3.673500004948735,3.661447431859974,3.6469740873227767,3.63866915979335,3.638888326094109,3.6385062780613184,3.6428477202678713,3.6536764324633317,3.6653318313104433,3.6804984562204406,3.7003898337326135,3.7221596490070805,3.746424800342655,3.7738923590395563,3.804006575941533,3.83573894157489,3.869456815220929,3.9062058569615594,3.9438978625492305,3.982647409199289,4.024498744256595,4.066809606731874,4.109443174371594,4.1551343642035645,4.200905653055017,4.2464338596746325,4.29488340469279,4.343124093564135,4.390828216791792,4.440997259194227,4.490873899047656,4.540282927114644,4.591183319969299,4.642017828039889,4.6922651299311875,4.743599155329464,4.794867561609709,4.8453601745804935,4.896825512414786,4.94813201852325,4.9984771728791255,5.049786948187092,5.100829916275451,5.150746295768091,5.201656228560768,5.252193368860263,5.301527898446164,5.351761532184189,5.401588330814272,5.450225086379129,5.499537753033953,5.548475776579939,5.5963090456592655,5.644486706981898,5.692371324571471,5.739269873202724,5.7861486546464205,5.832825315860589,5.8786329295551,5.924103243141647,5.96944204021666,6.014023573823536,6.058006151533365,6.101935563602758,6.145194653945765,6.187666899063446,6.230159821939656
T17000logg2.4,11.464695022566316,11.055003275166783,10.700019982717256,10.287691680846644,9.930701264630436,9.624707218135871,9.268283610948949,8.95906348767407,8.696893100172728,8.390618064210148,8.124607220823355,7.901619717889278,7.64033130302942,7.413382332520566,7.225448338332079,7.0045402838349675,6.812896354848469,6.656339412061461,6.471691953516428,6.311951202272519,6.183494227965625,6.03140755049447,5.900473165662759,5.79716997325634,5.674291690584982,5.569301589486096,5.488458515399696,5.391691705548069,5.309952430821649,5.248749729000869,5.1755203612093545,5.114494503666613,5.070564908696392,5.018234624517975,4.975543817448747,4.946870616779384,4.9128106644923255,4.886222798250072,4.871080650237974,4.852700846650955,4.840126468912203,4.836846622975113,4.831813653692262,4.831287322192957,4.838119078074102,4.844435456089339,4.854092065427198,4.8693668655449684,4.88518137140638,4.903259948123515,4.925521601225343,4.949007518499619,4.973876028442865,5.0017987551446526,5.031300637472557,5.061510241954096,5.093858328275933,5.128007991219615,5.162313042849157,5.198044957263853,5.235653366717425,5.272989058255223,5.311381215174691,5.351277563481611,5.390749707708209,5.431314860952538,5.472414080497184,5.513294081299682,5.555123138626405,5.597066475171526,5.638775622556668,5.681226631622462,5.723649126259136,5.765734421439693,5.808331827693943,5.8509196180903675,5.893024674704048,5.935402523575469,5.977892164238719,6.0197238305699585,6.061666103193956,6.103751733877399,6.145060861268818,6.186403818979854,6.227807917458033,6.268380434958072,6.30898488149722,6.349466249191487,6.389112431461294,6.428826450195888,6.468197422718973,6.506744784056627,6.545397903830838,6.583529029678524,6.620832611766558,6.658280014720165,6.69506789947466,6.73105364236141,6.767198239982064,6.802602540802306,6.83725251407555
T17000logg2.6,13.10998358864304,12.679767258818384,12.306686499405316,11.87234388063796,11.495376610940356,11.171895360570218,10.794246921109771,10.465737279533766,10.186789497885544,9.860188778434466,9.575673101558472,9.336682052592769,9.056024738459413,8.811407629634466,8.608272820115035,8.368972622264872,8.160517130832076,7.989565170255305,7.787491768202608,7.6117869678662275,7.469722004722668,7.301141777175824,7.15506487931582,7.038914354866611,6.900430211300305,6.781087120342192,6.688183719651034,6.576595758586657,6.481262735436948,6.40862289660668,6.321451021624524,6.24755704476703,6.192715644087102,6.127340414222793,6.072469636126604,6.033386732125933,5.987120065236215,5.94899774654984,5.923977883248973,5.894104803194679,5.870588485256653,5.857990448959975,5.842041353491562,5.831111054308706,5.829091223647847,5.825057033561297,5.824795228675774,5.83160374396768,5.837611144811206,5.846207482193578,5.860336028997031,5.874522612500366,5.890307067071053,5.910397042355319,5.931069232790328,5.952560170646039,5.977348681508941,6.00310002163106,6.029020866800179,6.057452789165861,6.087049346289649,6.116307990980097,6.147666524805829,6.179877877028169,6.2115568916149595,6.245354663764736,6.279049250998661,6.312398277312546,6.3477167191329755,6.382498391402038,6.4169139867579315,6.45309601643523,6.4885637956747795,6.523566463949706,6.560092566183669,6.595923188377246,6.631129803154422,6.667585440491584,6.7035138315495315,6.738607464865907,6.774739370779133,6.810451136231888,6.8451611503887895,6.880778274285291,6.915985050923526,6.950081428108989,6.985025807949486,7.0194757406007255,7.052757000796853,7.086866308436696,7.120363311126172,7.152651709383687,7.185751579432223,7.218159843053785,7.249306904747242,7.281251415981263,7.312455974044421,7.342389210844492,7.373083262518313,7.403030812656984,7.431736767983492
T17000logg2.8,13.762852924663093,13.343239890422407,12.979269385786267,12.554840163315657,12.185936738173964,11.869285311516379,11.499027492714113,11.1764518728381,10.902438285523834,10.58112169969069,10.300753718057495,10.065121681567556,9.78799956002155,9.5460343544391,9.344949916057063,9.107720635117772,8.900656643555209,8.730662610537214,8.529430725600452,8.354053334347421,8.212033313364424,8.043260512246137,7.896608322614465,7.779742205525983,7.640183216185038,7.519500231294938,7.425302360125786,7.3118462017760395,7.214534775826427,7.140035116460957,7.05042804734246,6.974028314105403,6.916802285667533,6.848593527107568,6.790785617754134,6.748884425091919,6.699471325991708,6.658059711713935,6.629905229545814,6.596601240660182,6.569506444910759,6.553554277098142,6.533903826296452,6.519154015600283,6.513581012056465,6.505644877533395,6.501365497886853,6.504446203414856,6.506410321906283,6.510837227179281,6.521099334619973,6.531155021729745,6.542666059043853,6.558790825512874,6.5752914571693895,6.5924468395254525,6.6132085567459375,6.6347824502021,6.656338374310628,6.680716459571761,6.706148969240282,6.731040561605823,6.758353850888058,6.786427778104823,6.813761509894223,6.843544467542597,6.873142099740105,6.902182861245002,6.933550832983648,6.964266004040288,6.994420818944905,7.026737140062719,7.058159273614562,7.088949204890644,7.1216826144700285,7.1534967462835555,7.184534978027053,7.217252191883792,7.249203733267527,7.280170494237751,7.312602135788883,7.344389107834275,7.375014063530858,7.406959698830228,7.438302969221914,7.4683583864509115,7.499656655798116,7.530313636536237,7.559603956632707,7.590094332014556,7.619875997420232,7.648228133413723,7.677739392496734,7.706513933378417,7.733783217383119,7.7621732076026655,7.789824265161382,7.815942774775482,7.843119819543735,7.869587461542,7.8945473629456835
T17000logg3.0,14.185779591598756,13.783189341645063,13.433839255574622,13.026089473648142,12.671393700378704,12.366808005302332,12.010344709058444,11.699529004428722,11.435385872851356,11.12538173049192,10.85464886155864,10.626999474484357,10.359044924198288,10.124868078032744,9.930141425137618,9.700228357883669,9.499347121216044,9.334310796387687,9.138792359776058,8.968199268778307,8.829927959100301,8.665475885113008,8.52238524004952,8.408226410027511,8.27176976023785,8.15357980569528,8.061228846491638,7.94977554000348,7.854029009881542,7.780583576195584,7.69208687227912,7.616452195058466,7.559557820088369,7.491738260530477,7.434004657940125,7.39181138985115,7.342170531495922,7.300232372256384,7.271267523405904,7.2371786314161195,7.2090340866510605,7.191841355734554,7.17091239564241,7.1546616690722775,7.147471119297614,7.137844334483923,7.131680120010042,7.132823719037138,7.132757874618882,7.134982018434718,7.143043432880353,7.150796622212792,7.15984915937039,7.173562305968678,7.18754913557062,7.202048501143074,7.220237986530488,7.239142354629553,7.25789706531233,7.279591053340749,7.302242753707394,7.324233090094626,7.348799206325168,7.374007874365924,7.398373434013768,7.425374294801101,7.452049399889124,7.478079976203915,7.5066615471505855,7.534407230022799,7.561527756785484,7.591077323490685,7.619488115825991,7.647230574675227,7.677216231922621,7.705993965697022,7.73397814602456,7.763960503322364,7.792868921928305,7.820781290015324,7.850484566960689,7.879238279681145,7.906814781591526,7.936035087596149,7.964370694370976,7.991391725022488,8.019968386311184,8.047656793138525,8.073936213487416,8.10171392821855,8.12857937121578,8.153955159689499,8.180770652269791,8.206691493787252,8.231028104172543,8.256746656995379,8.281611504357693,8.304847260287701,8.329382334850388,8.353128307663498,8.375259985785915
T17000logg3.2,13.913761592702265,13.54406314285197,13.223210200409948,12.848666849946623,12.522877451007268,12.243110702042738,11.915637050653373,11.630135054675513,11.387536053958653,11.102765307739167,10.85412409772361,10.645115346445468,10.399057821550658,10.18409021710644,10.005432009844922,9.794451317608253,9.610201068022011,9.458953836404044,9.279732641702779,9.123466474965618,8.996964849333722,8.84647165956684,8.715653799121792,8.611486018779704,8.486908871564012,8.379162078065757,8.295259499349843,8.193811563789057,8.106881311217236,8.040505164028588,7.960377376729869,7.892118540944549,7.8410510659670045,7.780188643597658,7.728558398846686,7.691097225873226,7.647177515372531,7.610220334873784,7.585030270129,7.5555736872552135,7.531418530988995,7.51715271105593,7.499905409461468,7.486772517934493,7.481773312308289,7.4749971143661735,7.471195203598992,7.473910836877007,7.475971400080176,7.479914601605941,7.489028712741285,7.4982929973512515,7.508525711468755,7.522860710690597,7.537847975171996,7.553083439421853,7.571543180597507,7.591026288699367,7.610152896887475,7.631831312972988,7.654718763369925,7.676784907308978,7.701107556907196,7.726269978043436,7.75047143979069,7.777039743551816,7.803447824716731,7.829119042848876,7.857124588157538,7.884412073071347,7.91101117310966,7.93988353966008,7.967662252394468,7.994748157411957,8.023974324729966,8.051977620919494,8.079194756878703,8.108351235452192,8.136369851838793,8.163424551437643,8.192245290493574,8.220020510739928,8.246667768795048,8.274957278766834,8.30224957420259,8.328285620925707,8.355890361906562,8.382494048379435,8.40775003509384,8.43452637967164,8.460286634304506,8.484619695451482,8.510419720974294,8.535236335045452,8.558530552538095,8.583234627472084,8.607010791376757,8.62921572743505,8.652746156136068,8.675423923845424,8.6965432113945
T18000logg2.2,7.566664020733329,7.252735547962929,6.9810852804585375,6.668140199644971,6.399457651950596,6.169726287717972,5.904375270173023,5.676360343978287,5.483828826822816,5.260841782649566,5.06932653997116,4.909807396272484,4.72454781539054,4.565795944370784,4.435608033638959,4.284003755965489,4.154693728504467,4.050611307461722,3.929085948590097,3.8262670424478644,3.745459995205291,3.6508500817542417,3.5718694884513646,3.511813300833876,3.441267899607693,3.383681110347771,3.3419536244700705,3.2929585550186964,3.2544632599767964,3.228944342806205,3.1990148136131817,3.1774348471453178,3.166213443893367,3.1529803483453382,3.1462793291347504,3.1476102019426584,3.1488597986405784,3.155137384241132,3.167411620501118,3.1810953694650586,3.198582813039213,3.220191686191164,3.244536925328844,3.271575364318582,3.3011704944652918,3.334371532184328,3.36939809407418,3.40568004743948,3.4460987472829325,3.4876506302002124,3.529449487173058,3.5755393334962564,3.6222699864171544,3.6685030496603064,3.7188870668869294,3.7695942870336543,3.8192297721155777,3.8727766220930055,3.9264142814150986,3.978542099519479,4.034286047651689,4.089946495818545,4.1438708776620325,4.2008940142304905,4.257804142928105,4.3130780618166495,4.3704798573440256,4.42801211023571,4.483818842321102,4.541348655202507,4.599024750266337,4.654808421033662,4.7122162686493585,4.769683572253481,4.825113040615742,4.882132548103435,4.9391291159538895,4.993984489545978,5.050384521703702,5.106705471859367,5.1608782104976045,5.216407496575544,5.271882871272555,5.325292088994618,5.379733031389495,5.434214253000759,5.486780682203691,5.539944681657462,5.593289528875014,5.64489981403884,5.696645051379858,5.748717104123001,5.799229062859801,5.849465154695391,5.9001486826615785,5.949436446813874,5.998104421904356,6.047330040794105,6.095298969180953,6.142389079196268,6.190121118166001
T18000logg2.4,10.194810158474478,9.811134999314856,9.478968425931177,9.093745254588706,8.760805197081194,8.47574138734927,8.144237034738378,7.857213087773608,7.614222632453561,7.330830793787934,7.085270365026422,6.879836740493308,6.639528202668799,6.431385553635402,6.259494082948027,6.05779879381387,5.883428101852336,5.74151977800826,5.574458161178939,5.430572928720137,5.315487322308165,5.179500004369708,5.063120500355402,4.972023869892196,4.8638935848121,4.772266427875872,4.702530969740632,4.619314572962773,4.549845575067186,4.498837970583818,4.437977402601181,4.388216217705777,4.353687007879863,4.31259973298708,4.280252152185987,4.260252960567964,4.2364213362308,4.219344233302455,4.212181381836715,4.203161518150463,4.199353107604562,4.203384829517557,4.2069864661061125,4.214563165220052,4.228139180063946,4.2424200370578795,4.259592503556998,4.281133253223715,4.3042971180026255,4.329375828291729,4.357493747739955,4.387784369074004,4.419208061749882,4.452638083487849,4.4884710040750475,4.524853060548891,4.562411558741415,4.602479459407152,4.642625424780882,4.683306358742747,4.726476677598054,4.769363573897334,4.812453504330516,4.857621355892465,4.9023885157585605,4.947409989083306,4.993542276578922,5.03948875423671,5.085565382224468,5.132327698571142,5.178904076469717,5.225419587327878,5.272476355511928,5.319254143977658,5.36576755936157,5.412814400638576,5.459455483274464,5.505632440657036,5.552408855315847,5.5986355569505095,5.644281986502159,5.6904914284103185,5.736071262397754,5.781042305320188,5.826422239502363,5.871157992694487,5.915329769936071,5.959652673922619,6.003366826933922,6.0465964107452965,6.089685278110151,6.132211530507359,6.174332728927589,6.216065442485842,6.257264277753185,6.298135971685907,6.338420832639673,6.378221503794672,6.417749991500035,6.456559263066668,6.494946553098324
T18000logg2.6,12.780674863157714,12.34932518410475,11.975479766078006,11.540282571430113,11.162694598414825,10.838888366802578,10.460899959919365,10.13220899527979,9.853307187168706,9.526785437825268,9.242448160339844,9.003802242607915,8.723565511577643,8.479425988594064,8.276881765860578,8.038285880930905,7.830554274819612,7.66039165890272,7.459250246233626,7.284471977914194,7.14335678242004,6.975899017692199,6.830919215565924,6.715848383073893,6.578647786511696,6.46054461002471,6.368802262886848,6.258652966551651,6.164672162687204,6.093276673128154,6.007637967745574,5.935182276690768,5.881662972037615,5.817875315570372,5.76450764533203,5.726807425047574,5.682162645048699,5.645593090119382,5.621991763882915,5.593777010779148,5.571856667594844,5.560687653632701,5.546448138119132,5.537151606627765,5.536581785131325,5.534285471249899,5.535689146537025,5.543972821943801,5.551732241355676,5.562018072822929,5.5776429165130255,5.593579960656847,5.611063453687975,5.6326600873123995,5.65506532604742,5.678252632206276,5.704549464823312,5.7320102696076765,5.759618761683239,5.789553260310347,5.820832647935669,5.851766245905453,5.884607643660708,5.9184819173660665,5.951818468619718,5.987070911049429,6.022411303696811,6.0573991931753355,6.0941445083455665,6.130557246603089,6.166597823957465,6.204176482990045,6.241273139258851,6.277892675736102,6.315797346645631,6.353252777929886,6.390072205148554,6.4279008528933055,6.465443364108323,6.50214716968718,6.539654961309754,6.576966271212539,6.613285589621831,6.650287678882242,6.687077381577416,6.722784691318264,6.7591282731683,6.795144271465031,6.830038180103838,6.865560757245422,6.900602724873395,6.934498999425405,6.969019896635355,7.002945376569951,7.035687657095415,7.0690541131539035,7.101745479452975,7.133256100979564,7.165368480265532,7.196773087398558,7.2270365012188
T18000logg2.8,14.476688805810905,14.028766297554093,13.640305435682002,13.186989806131756,12.792740796468214,12.454344467594755,12.058368365503089,11.71314006432359,11.419844729279994,11.075652658531139,10.775063984775436,10.522349541194917,10.224890375020776,9.964893986633193,9.748689117055966,9.493398335253433,9.270278050282238,9.08691721272547,8.869660293948476,8.68000254886669,8.526179308549883,8.34319984023201,8.183864874499928,8.05658883732081,7.9044582442190086,7.772529645578862,7.669151996610006,7.544594906022599,7.437323762476457,7.354715668419459,7.255339945054915,7.170128409875794,7.1057405589567235,7.02894742139093,6.963349026398488,6.915127937016719,6.858175212760406,6.809879941112962,6.776162769300603,6.736228280551537,6.7030569539209575,6.6822219862985035,6.656742144982921,6.636634820415846,6.6267785665723,6.613721857268257,6.604718900014019,6.604031349934559,6.601504682101508,6.601757296585169,6.608691843034577,6.614798613749532,6.622602266499658,6.635772131837837,6.648782302489169,6.662623923209496,6.68074334200914,6.699214292380166,6.71779030814291,6.739789786243959,6.762451706289159,6.7846491583266335,6.8098065977682465,6.835395254511746,6.860279804804656,6.888105517548564,6.9154559720010065,6.94226058585243,6.9718420174117055,7.000520936216013,7.028630435038993,7.0593015464182995,7.088887565633708,7.117805056260637,7.14902071178779,7.179179265101125,7.20850311898391,7.23981868415701,7.270277649482016,7.299672086214873,7.330808543764434,7.361245087974138,7.3904239325119905,7.421171005281347,7.451286992556375,7.480007480219629,7.510194350739734,7.539729606628877,7.567782721605494,7.597238641856745,7.625987211957533,7.653182470188623,7.681721578459352,7.709532981644349,7.735709196679781,7.763175850355265,7.789919196741268,7.814997066984811,7.841290219990668,7.866896304604328,7.890862895839848
T18000logg3.0,15.625286084034052,15.18153185003932,14.796547044114329,14.346494111220881,13.954473586062461,13.61783218418933,13.22321621729017,12.878603111713488,12.585647102982406,12.241255335097591,11.939952335487682,11.68642370263066,11.387494953454372,11.125695275565645,10.907740187092642,10.649944813435885,10.424123780584853,10.238249963370011,10.017634046959556,9.824530683824541,9.667569342284986,9.480528576362147,9.317131917263065,9.186214792559312,9.029437996901027,8.892940615615078,8.785575709457742,8.655839995037393,8.543589907636731,8.4566188349345,8.351743446916052,8.261229945520578,8.192110762840935,8.109651688468771,8.038500569084245,7.98525340855576,7.922522674034604,7.8684795893115425,7.829548503551728,7.783716473898854,7.744643376939422,7.718486109677174,7.68698050954893,7.660848870906178,7.645568937250717,7.626410503030483,7.611289504125105,7.605090556943674,7.59642820749864,7.59049968318069,7.591858117382445,7.591829926174277,7.593419529256162,7.6009747188535375,7.6078798750467875,7.615506227392011,7.628001169670337,7.640426246752652,7.652814156526984,7.669210748706519,7.685898289445612,7.701953628740728,7.721563865105295,7.741245091670401,7.760049613643237,7.782406015294203,7.803922504748712,7.82472425295645,7.848938385846692,7.871850962135054,7.894039602568301,7.919457056586878,7.943336227386015,7.966415179540246,7.992477453666771,8.017000248512513,8.04056748513191,8.066812723036406,8.0917229697578,8.115443170198603,8.141576891659232,8.166564731243927,8.190151524240635,8.215952680751094,8.240729696186744,8.263942072303339,8.289234350569979,8.313548642726147,8.336180094149286,8.360792294437651,8.3844434741595,8.406309968352831,8.430060846193397,8.45290484741163,8.473850322495817,8.4965887999248,8.518492127019352,8.538441497343516,8.560069289525996,8.580952877220788,8.599896642378184
T18000logg3.2,16.458055891328037,16.02500913584036,15.649035450960444,15.209061838636131,14.82542663366321,14.49572501749787,14.108847456400786,13.770625237370684,13.482850873560214,13.144211559687022,12.847592993886556,12.597755632197277,12.302884065237926,12.04429923107338,11.828763222567307,11.573566877978733,11.349688637780238,11.165143417237173,10.945874668919249,10.753618150456461,10.597055923298027,10.410293198840002,10.246801925166231,10.115499849581918,9.958081780292677,9.820680890244752,9.712301302795762,9.581098291330738,9.467250341431926,9.378678925681909,9.271684473568524,9.178978281775036,9.10771084311392,9.022627592292602,8.948775914481113,8.892915291115505,8.827139248874806,8.769965520435102,8.728050696885223,8.678798265098473,8.636228367323287,8.606793072275392,8.571536176792925,8.541600635170402,8.522789328783052,8.499620525927636,8.480447262802297,8.470509457061294,8.457643149066056,8.44747146027984,8.44493138901706,8.440564923683656,8.437778639729476,8.441325833336101,8.443814764482726,8.446985115601116,8.455407726929272,8.463381132900395,8.471273145896044,8.48357238869884,8.495804472400645,8.507359147838478,8.522888946091424,8.53812724848539,8.55245117385161,8.570770296490283,8.587868782321532,8.604226799804781,8.624467808780807,8.642992642703033,8.660783723764132,8.682307237804533,8.701826002985015,8.72055592308883,8.742792074179677,8.762994448000372,8.782258600792643,8.804729667502848,8.825367375075029,8.844826221551777,8.867222960694829,8.887995430651113,8.907362521474093,8.92945454761339,8.95008258111194,8.969118681942952,8.990723984342376,9.010963767985377,9.029465559274167,9.050411924588191,9.070070227036226,9.087858864081783,9.107968833939236,9.126908488298959,9.1438358457733,9.162965192100405,9.181056818141226,9.197055534753721,9.2151126049223,9.232275162787985,9.247341877307553
T19000logg2.4,8.91753985155598,8.569662354833582,8.268246454723839,7.919943771078975,7.619773172170733,7.362652449734197,7.06477308022773,6.807705149619258,6.590082391518863,6.337280308616325,6.119062475126969,5.936632859682694,5.724123239390727,5.540902477579739,5.38984900530376,5.213390626487181,5.061707295725939,4.938656256191466,4.794489757228316,4.671240167108679,4.573208372710924,4.457986103889841,4.360365411029759,4.284683582930745,4.1953796496560205,4.120794554752002,4.064945954183241,3.9988293134943436,3.9448335229853466,3.906460856147235,3.8609908506284274,3.8252695868942124,3.802297117676794,3.7749881036183934,3.7553735967413004,3.7459446942781875,3.7344387104748384,3.728912401995674,3.7313637742862786,3.7334354969572026,3.740115317854848,3.7528307767146805,3.7664940396684634,3.783611587235227,3.8050799208296677,3.828477924894533,3.854360631376377,3.8831363979631934,3.91456773565796,3.947648399541096,3.982456853607873,4.0202845181433835,4.059120534399414,4.098796212417593,4.141551790677102,4.1848591790167005,4.228302523526233,4.274775389425145,4.321441892155182,4.36770769808337,4.416849494602571,4.46591665316344,4.514325498813608,4.565108808718749,4.615762920253634,4.665860624578373,4.7173147651884575,4.768893354545742,4.819822374142855,4.871665862903601,4.923651641955706,4.97481244514595,5.026754785542016,5.078746665292781,5.129732511587112,5.181485634440801,5.233168114311968,5.283682217289666,5.334991310911683,5.3861073248987,5.435983013643717,5.486564247246499,5.536901690968582,5.586016849321422,5.6356235136612725,5.685004931619619,5.733253590606832,5.781674978548017,5.829937872877672,5.877189812240276,5.924263911800781,5.971256013309095,6.017356017134982,6.062975800330134,6.108569425098793,6.153384488621999,6.197476039247277,6.241604871168491,6.285045739487712,6.327595970508202,6.370241445778201
T19000logg2.6,11.677324020359709,11.267074368160507,10.911337905068702,10.498087027101557,10.14009285742004,9.832988255239304,9.47528758565624,9.164781276645588,8.901282430045644,8.593511386971347,8.326038561820017,8.101593830428396,7.838674395941924,7.610157625612232,7.420697918542604,7.198085520005961,7.004817845961022,6.846708538598301,6.6603234781524945,6.498937069544718,6.368929411789191,6.215102791564542,6.08252831564886,5.977699091684208,5.853104218565825,5.746498974009631,5.664164166550127,5.565719148373052,5.482398690536975,5.419766632310933,5.344880416934558,5.282307931269494,5.237015760596578,5.183039033445566,5.1388334311017125,5.108857366590922,5.073168286637365,5.045101747380159,5.028707037439107,5.008734062047081,4.994723645951884,4.990247762484929,4.983664030353948,4.981751181890727,4.987439104160581,4.992259534560426,5.0005830093322965,5.014759908087614,5.029147470369698,5.045954233925615,5.067167465060862,5.089308255257314,5.112977016243657,5.139909464739193,5.168158184527353,5.1972497971530425,5.228674618203954,5.261669615121314,5.294944698615701,5.329829998016928,5.366380498569974,5.402777071470467,5.440405353192291,5.479333219963142,5.517952589373905,5.5578368002923195,5.5980469976842535,5.638155604729591,5.679387689309868,5.7205115644596685,5.76152455758406,5.803446646243956,5.8451180614969935,5.886568601341783,5.928685258573131,5.970579558701246,6.01209072478297,6.054014843714658,6.095851900953415,6.137110184052852,6.1786078906083555,6.220067350287687,6.260810414991513,6.301707342670134,6.34250272333712,6.3825098079291545,6.422660753286019,6.462545142001757,6.501621459361946,6.540869559423461,6.579648850746923,6.617615035366367,6.655782628560153,6.693320590300197,6.730024690447361,6.766961838935385,6.803151370580296,6.838517795795061,6.874128181949437,6.9089311881600555,6.942946964752533
T19000logg2.8,13.464561862715941,13.03100233747652,12.655138970492851,12.217024585910446,11.836414802849061,11.509891298820175,11.128264059582715,10.795955413762023,10.513830466847473,10.18315396468584,9.894772893703495,9.65254808785108,9.367797742066543,9.11931519859435,8.912947524178426,8.669590108793722,8.457310586655748,8.283163613242694,8.077101628861259,7.897644166023064,7.752448630056078,7.5799773448088406,7.430245012002548,7.311050717379418,7.168796905654473,7.045915151281961,6.950076211693331,6.834846168262506,6.736095941384083,6.6606030035180614,6.56994378316157,6.492754460754473,6.435129524329104,6.366436278596538,6.308394130848193,6.266604747789601,6.217187418856292,6.176021616870841,6.148392385015403,6.115523974474083,6.089097345530962,6.074003061385378,6.055205596161258,6.041498069601604,6.037089471085854,6.030352604018832,6.027442889291493,6.03195988895297,6.035416584658868,6.041491530707785,6.053420905572909,6.065201806684966,6.078583287701375,6.096561329996829,6.114965544278044,6.134167398327013,6.156930506725965,6.180546433485261,6.204289415518452,6.230786194094133,6.258369006269914,6.285558697919037,6.315073504358201,6.345385262186026,6.3751002358128925,6.407143487619839,6.439046551745626,6.470534063236691,6.504197734044417,6.537282365139364,6.5699388581922,6.6045588804562065,6.638426381861677,6.671767214332808,6.706816303323386,6.741136398856538,6.77476755163817,6.809818864194633,6.844315918473839,6.877906763891163,6.912694443551805,6.947045250463672,6.9803171239064685,7.0146428333839,7.048554441290129,7.081273458470898,7.114976110177805,7.1481934275739265,7.18015511051037,7.213068456815583,7.245388823506882,7.276406202047472,7.308346639548221,7.339623412567636,7.3695360458153365,7.400348168802438,7.430456228076635,7.459185130353674,7.488768912133433,7.517648851817168,7.545180240421311
T19000logg3.0,15.459122355075339,15.005766453242877,14.612519319349598,14.152973325040923,13.752789196782754,13.409195391617414,13.006591256677897,12.655099913524563,12.35634783049851,12.00528892437744,11.698242238724674,11.439926635827435,11.135480878270185,10.868930109867252,10.647062907016666,10.384747915859327,10.15504532974012,9.966019356539235,9.741757972387562,9.54553827765884,9.386087914184822,9.196167354086294,9.03033090189501,8.897502791399509,8.73852484240129,8.600182716399525,8.491383269493443,8.36006059944885,8.246482618551848,8.158524428727656,8.052553564812332,7.961155252940518,7.89145819559854,7.808290690965243,7.736634295802202,7.683160724606198,7.620054246812099,7.565837295663061,7.526968945805623,7.481066880913296,7.442111971109686,7.41625956300703,7.384964729237532,7.359210216592997,7.344451830860034,7.3257452399646175,7.3112277407899455,7.305735648100817,7.29773316982971,7.292599898613012,7.29482048482131,7.295625030279542,7.298169452316625,7.306715640688807,7.314595136231803,7.323307330531177,7.336898528258448,7.350412419958128,7.363992314083594,7.381569733923295,7.3994359639300935,7.416767683560407,7.4376210339568996,7.458555499094261,7.478702597382673,7.502349641932116,7.5251769065170135,7.547373085543324,7.572911430986866,7.5971844192026685,7.620810527858188,7.647568563965983,7.672858664929912,7.697409791850411,7.724825545371755,7.7507977073185526,7.7758629993020145,7.803472392500422,7.829855643727439,7.855089793491684,7.882596001370418,7.909066316649578,7.934174139377945,7.961353427559602,7.987610391281699,8.012343259765213,8.039016256908107,8.064798000041122,8.08894295448438,8.11493393016498,8.140031490921757,8.163395275640763,8.188515265940238,8.212774954981846,8.235192424747513,8.259282923309105,8.28256580310758,8.303955874976124,8.326914476056082,8.34914269570677,8.36949397927377
T19000logg3.2,16.777901489124652,16.32699560574068,15.935747541905386,15.477654199612708,15.078084887763044,14.734865710325822,14.331920910660122,13.979521022991497,13.679811455123795,13.326949616883647,13.01774201882889,12.757384946781631,12.44994301177432,12.180202507532254,11.955412424058107,11.689126914842275,11.455385392807582,11.262717274669399,11.033683072827115,10.832723598156555,10.669046190186918,10.473699580027905,10.302548441731162,10.165028463344118,10.000088607964194,9.855966472483857,9.74216465483095,9.604395897492058,9.484667605892454,9.391365046559482,9.278673119261299,9.180839675870391,9.105457886151617,9.015449807051688,8.937141202483595,8.877714985765387,8.807692375278144,8.746656674603937,8.701671749448918,8.6487659935663,8.60286591761067,8.570813323575193,8.532416986507737,8.499621127499031,8.478583737542987,8.45273029384486,8.431105311853198,8.419267543255295,8.404121058248347,8.391848436749534,8.387681207553852,8.381382446747356,8.37678742144142,8.378930989641734,8.379775383506104,8.381375246174972,8.38857406826626,8.395142466995518,8.401661560592693,8.412885795351844,8.423911778203932,8.434257071351109,8.44883088062953,8.463030180393499,8.476280730904085,8.49374486788041,8.509943418661054,8.525345488506607,8.544821745794133,8.562565002947856,8.579505559525913,8.600336212667845,8.619188470219655,8.637163873517823,8.658773368758489,8.6784088610455,8.697003445385354,8.718906953136745,8.739065708300252,8.757931502935559,8.779816178694423,8.800185534971822,8.819027821573806,8.840659862780482,8.860949464174231,8.87952174306586,8.900715997034581,8.920671477587467,8.938762118874141,8.959340569502478,8.978756142869408,8.996174133597691,9.015949091062147,9.034674152803113,9.051258234009921,9.070075088059092,9.087968691729793,9.103644003241104,9.121404728673758,9.138380133555147,9.153140903850622
T19000logg3.4,18.320935602841757,17.878123867171777,17.493745618823915,17.042747056497852,16.648691809870066,16.310040927720813,15.911616538282063,15.5625329187772,15.26545279066704,14.914943399845601,14.60719136290603,14.347839029613686,14.04093266595343,13.771077920711711,13.545935641332298,13.278665665632232,13.043489353900837,12.849338872299539,12.618048603188296,12.414539820024638,12.248435377617403,12.049760764624013,11.875115528055039,11.7343866248107,11.565206091158863,11.416792032186557,11.299191087564186,11.156358071083854,11.031671032681068,10.933973271533098,10.81564779470693,10.712303742069551,10.631947620206777,10.535934167906987,10.45166191471683,10.386783949229152,10.31046215156196,10.243089216518587,10.192307398737693,10.132817313291351,10.080269751755274,10.04217409118459,9.996928202190123,9.957230090517186,9.92993361873611,9.897037058649651,9.868304862550747,9.85002459901597,9.827702978969992,9.808165360383436,9.797410415472957,9.783852711405506,9.77188029156799,9.76733074573276,9.7608778333515,9.75503311456211,9.755474800642293,9.754746673838351,9.753794756121263,9.75823962360977,9.76199718276975,9.76487877243468,9.77269605803769,9.779668231119112,9.785491604353263,9.796253741020667,9.805279652851437,9.813309672971883,9.826170528789572,9.83679021110881,9.846424919807617,9.860743605342783,9.872521931286858,9.883266228193198,9.89846049497942,9.91109034430474,9.92253347253003,9.938105229064407,9.951345308663402,9.963141777898745,9.978764347312064,9.992318484720967,10.004175753116897,10.019605611383696,10.033196149819602,10.044871770187616,10.059918630962805,10.073302232017326,10.084589659244958,10.09907539242911,10.112056168738981,10.122771164601573,10.136511730219418,10.148945489230444,10.158931526992887,10.171775300556115,10.183518939372453,10.192703822663395,10.204554316567531,10.215510258038451,10.223894446701895
T20000logg2.4,7.353387504629273,7.055688368732911,6.797858758756875,6.501169183461576,6.246511207739035,6.028607815975782,5.777276072744302,5.561411555237991,5.379028870674388,5.168160860602839,4.987188998422878,4.836390142140541,4.661620190546353,4.5120217232205535,4.389328618577926,4.246801672112253,4.125429635784999,4.027779311694058,3.9140930234557274,3.8181376228468134,3.74283193849821,3.654966631417975,3.5818945809348537,3.526523409106193,3.461750964465864,3.409221547436982,3.371492555209347,3.3273693514085876,3.2931702167357466,3.271038985693765,3.2451817004301495,3.227217735533737,3.218840427939798,3.2089696171341795,3.2052776665347573,3.2089622185829136,3.212956102028911,3.2217046098469573,3.2358955904863036,3.2517822901758917,3.271259611029144,3.294440639523305,3.3204628748330203,3.3490584446726333,3.379880023999946,3.4143263773030403,3.4505229889474713,3.487700641241168,3.529010625005605,3.571396319935118,3.613792848551559,3.660487543083341,3.7077689260109588,3.754342584052129,3.805105796588739,3.8561322308806316,3.905894707339883,3.9596440941251063,4.013413993156636,4.0655041875412286,4.121303117002896,4.176945981572742,4.230729690790162,4.287663018002021,4.344436045665766,4.399493864848007,4.456683161581882,4.513980512767686,4.569518208726371,4.626722248759122,4.684073629660462,4.739544890667495,4.796508895584584,4.8535553917500405,4.90860396927017,4.965068752440185,5.02153199292685,5.075907337052941,5.131640769041766,5.187297044465566,5.240866472868976,5.295613676232619,5.350282437723153,5.402951643194605,5.456495077634314,5.510025728054991,5.5617105711253,5.613866606067051,5.666121452776351,5.716711455467261,5.767346544665636,5.818198917405148,5.867559910266461,5.916594050703378,5.965940605134295,6.0139581046535655,6.061343723312984,6.109130974552823,6.155726336731723,6.2014676422915205,6.2476806466913555
T20000logg2.6,9.837291030188458,9.474015699842791,9.159032007646996,8.794369629761617,8.479425056194701,8.209382390329278,7.89596439002475,7.624840530096593,7.3950042101456335,7.127541080517628,6.896037437346633,6.7021312886343,6.4758573760412315,6.280140010220241,6.1183490810684695,5.9290155266122975,5.765618119441159,5.632552198682225,5.476365536016165,5.342155399696413,5.2347972509764,5.108364186921812,5.00050145728692,4.916146869543798,4.816397754503736,4.732253861050084,4.668386483621635,4.592505150925881,4.52959009691048,4.483735429670003,4.429203112592978,4.385160332684679,4.355173887450417,4.3194903621254666,4.2921136297001246,4.276107771088318,4.256864832853745,4.244095297327373,4.2404068154819825,4.23529579985474,4.235209282970625,4.2422371955320335,4.24917241071684,4.259958178902162,4.2761176987296245,4.293233815164114,4.313177095739896,4.336958815193343,4.36253484598643,4.390025774232754,4.420109857499866,4.45247216585962,4.486027935627039,4.521213584891049,4.558855788623034,4.597159321513785,4.636320425732975,4.677999366907586,4.719912548349262,4.762094483771466,4.806722526579481,4.851264250079066,4.895799057763051,4.942293280824981,4.988631508642342,5.035063499570408,5.082420336138364,5.12987651679502,5.177333698549839,5.225249538366262,5.273286020915811,5.321147259395498,5.369308957483746,5.417499790714064,5.465317986136861,5.513427546526776,5.561429304383619,5.608864585221123,5.656657879973167,5.704188442106947,5.751042912059349,5.798223692362655,5.845050375922808,5.891179097831349,5.937486120829237,5.9834151501710515,6.028696983910576,6.073908505214342,6.118767760735381,6.1630639928369,6.207007694896813,6.2506365004796685,6.293785042219469,6.336344998634845,6.37860919166833,6.420473440567921,6.4615653327625076,6.502397821339219,6.542889270550772,6.5824927041477626,6.621880144693762
T20000logg2.8,12.196147296746153,11.787591157478671,11.433135557078476,11.021060158077793,10.663739134368743,10.357025215351783,9.999535662456736,9.688896618023792,9.425093322264454,9.116775261550302,8.848530029571872,8.623234146753573,8.359165825101375,8.1293634913869,7.938618807536403,7.714373793229163,7.519407434892059,7.359668652132391,7.171265909976673,7.007847934366836,6.875937855415992,6.719781220842406,6.584904168141451,6.477956909563321,6.350779351629737,6.241652526872453,6.157060631905116,6.05579666874002,5.9697774668984,5.904739119925147,5.826886871778902,5.76147528141987,5.713633774528016,5.6566073783602615,5.609456430329556,5.576819682931665,5.538031031225849,5.506943746871076,5.48782407633127,5.464708690591927,5.447623913395829,5.440402087820582,5.430627480758309,5.42560205872305,5.4285200389258375,5.430133070831102,5.4353216416582715,5.446708373299201,5.457899922633803,5.471567508695461,5.489982510845079,5.508963087279858,5.529510149512728,5.553654156207425,5.578798443851487,5.60480389401915,5.633465208709312,5.6634267329410335,5.693666474478215,5.725835554784812,5.759426374447689,5.792849919181851,5.827838625202393,5.8638695058260835,5.899588204391072,5.936923253494762,5.974300224943959,6.011586433458383,6.050364341329301,6.088719354707518,6.126988637183041,6.166549673420439,6.2055148394592194,6.244295365037636,6.284127663725898,6.3233816100896725,6.362288476126572,6.401984945287503,6.44125194557673,6.479962892060484,6.519272940090822,6.5582312645203436,6.596475811462652,6.635213375624584,6.673576554081855,6.711130781570481,6.749145366500797,6.786666562945062,6.823335208725482,6.860468257177859,6.896953712115152,6.932556938898883,6.968631248214227,7.003943303798676,7.0383307303719,7.073198180581099,7.1072281935742545,7.140325767390087,7.173892057733636,7.206596245640698,7.2383923563238985
T20000logg3.0,13.923947186946071,13.495222519333714,13.123332241745203,12.6895302492799,12.312326847038396,11.988515890676165,11.609809130741269,11.279735983354268,10.999301539897852,10.670416028906978,10.383310324097774,10.141945265631524,9.858054611237298,9.610050288639203,9.403859692718072,9.160594720316412,8.948132511930693,8.773602770564393,8.56699604525598,8.386802730871997,8.240761120045184,8.067213501177251,7.91628098027247,7.795858876400462,7.652082186450183,7.527610185254569,7.430246899546554,7.313100092606924,7.2124327368649555,7.135147788353768,7.042269192440127,6.962893247947669,6.903236915589907,6.83210109047966,6.771651629826765,6.727635880952804,6.675598587478506,6.631848714970015,6.601847897685824,6.566215338659187,6.5370665590039385,6.519504329486398,6.497819961821972,6.48128582145576,6.474330331828108,6.464628604843076,6.458818278102201,6.460726835839001,6.461179887360422,6.4643120168034,6.473596271259723,6.4823723797804504,6.4928029250402535,6.508128017666867,6.523558818718483,6.53983275197626,6.559962067827024,6.580661562588466,6.601523746670054,6.625432248422694,6.650167984542547,6.674540029835036,6.701536994339242,6.729069943591201,6.756040712340555,6.7856497372459845,6.814844995639331,6.843667857200819,6.874992239070011,6.905434493640188,6.935504536919305,6.9678778960479715,6.999164144348516,7.029990448878517,7.062869108929135,7.094670020432317,7.125846324951619,7.158782359287613,7.190819837445385,7.222004627302981,7.254714866798359,7.2866654610717925,7.31757185980036,7.349845483125539,7.381414006294375,7.411803438258981,7.443472045503185,7.4744037371455745,7.5040698597736295,7.534963998522656,7.565055441450728,7.5938104879756665,7.623745379116319,7.652849723914219,7.680533550922492,7.709354505600441,7.737345328890203,7.763881018390704,7.791490901404691,7.818306860710636,7.843683823432898
T20000logg3.2,15.489048517047731,15.053283080961164,14.67520334146302,14.233163037143498,13.84804588578984,13.517309408741628,13.129604090078532,12.790972245095332,12.503080686160354,12.164658392829278,11.868537099605941,11.619348811417645,11.325568312972777,11.068247113239094,10.854002526756297,10.60062989124356,10.378662301532549,10.195944250303512,9.97911426403012,9.789314868692761,9.635026662286181,9.45121741953671,9.290643563222796,9.16198037496209,9.007952207921187,8.87385501616789,8.768369617323753,8.640964901839181,8.53073913490662,8.445346212966022,8.342399342504129,8.253571834307708,8.185775419056293,8.104870110565187,8.035102174024443,7.982950565031391,7.921445926075952,7.8685234989583615,7.830478694830351,7.785610092820192,7.747437819549714,7.72198554349711,7.691235534684839,7.665824011242815,7.651101727658635,7.6325270600747475,7.617980276287776,7.612220945661175,7.604008778868549,7.598541268401928,7.600247961478781,7.600568488293199,7.602536660622927,7.610375626118481,7.6175593261511665,7.625509578836222,7.638247720222938,7.650907242471598,7.663588212199342,7.68021227794616,7.697107075133957,7.713444664585582,7.733284248682255,7.753160308454158,7.772248522163033,7.794844310999723,7.816554928423343,7.837651504361978,7.8621279350793944,7.885239354319862,7.907741145501296,7.933441214763029,7.9575358669441085,7.980947070716258,8.007309101549568,8.032063399290303,8.055974605584717,8.082529296664728,8.107679930605379,8.131746234740811,8.158191642814192,8.18342117785895,8.207350481604388,8.233461373522038,8.258480458611293,8.282031252668807,8.307630454740947,8.332186016118618,8.355151596345163,8.380066481649386,8.40395740381346,8.426149841592077,8.450194450728093,8.47327155040863,8.494528930089913,8.517547942975284,8.539675617024459,8.559922027100281,8.58181819738921,8.602920382307863,8.622149123844855
T20000logg3.4,17.208616799704114,16.772642607635714,16.394281135601943,15.950820460870105,15.563690438811571,15.231092668530927,14.840240572003117,14.49812457162682,14.207096944610027,13.864139152682629,13.563346516125781,13.31000666845959,13.010587049039327,12.747645472001206,12.528446957391289,12.268569378066227,12.040230372833951,11.851932492542353,11.627912086585523,11.431138721230743,11.270775601928598,11.07922644532449,10.911193479314848,10.776074124997404,10.613861599342815,10.471919229121838,10.359753430815207,10.223748775930833,10.105383312346834,10.013013103114213,9.901301452348184,9.804124364896438,9.729034433690588,9.639366617648891,9.56110241259612,9.50141276007286,9.431183880602166,9.369662863942054,9.323954426470507,9.270356403590858,9.223514794303457,9.19035749162574,9.150844284900762,9.116717971267116,9.094248495009282,9.066925566177158,9.043639983584379,9.030093434199884,9.013181854212075,8.998971130502397,8.992864466962398,8.984560541264278,8.97780324910163,8.977822333909835,8.976476035038727,8.975740423096937,8.980674383115606,8.984914792164068,8.988971375392506,8.99783272200474,9.00643177899741,9.014226891235403,9.026377828444165,9.038081079036978,9.048724448443716,9.063730510017223,9.07738929744722,9.090149683324137,9.107165431694693,9.122330111870195,9.136611608492206,9.154996189570468,9.171241693112648,9.18655214414005,9.205733440124657,9.222750399686404,9.238683027986024,9.258176330038006,9.275717615636754,9.291928796943,9.31141678779784,9.329181187127915,9.345379901694166,9.364625663187052,9.382333323418807,9.398279033248208,9.417097679184355,9.43450491818806,9.449992744295592,9.468209236935097,9.485120315659058,9.499967123603238,9.517398493961258,9.533670206833627,9.54771938288532,9.564214049647322,9.579706610470613,9.592885418757996,9.608346534402802,9.622969475647619,9.635274430494423
T20000logg3.6,18.468478185237544,18.040828871345482,17.66950207453879,17.233811720236332,16.853092380708375,16.52582299440703,16.140801154334106,15.803433234210951,15.51626919396112,15.177473102049388,14.879984847890128,14.629248486107404,14.33254585116254,14.07164756821118,13.853961653984948,13.59554033893684,13.368139044473006,13.18040665587732,12.956750061326561,12.759953925251985,12.599342286808753,12.407219403465295,12.238333552085122,12.10227863765514,11.938676929070999,11.795166006898121,11.681525165004173,11.543382718515982,11.42282571786848,11.32844809082693,11.214010187421248,11.11409439427325,11.036477295107213,10.943631702497477,10.862154405313884,10.799489562604773,10.725698448286158,10.660555091846081,10.611510307445384,10.553999348010116,10.503179526309793,10.466396894125264,10.422642503259878,10.38422624513089,10.357865752332415,10.326038359524352,10.298199032399014,10.280526771255559,10.258909402641999,10.23992902912433,10.22949973997602,10.216340045467156,10.204643646894866,10.200183671070484,10.193874442587846,10.18807267102575,10.188409496214863,10.187617699478494,10.186518846992467,10.190704582638782,10.194227609436066,10.196811053909522,10.204252408596027,10.21085134218349,10.21625863472813,10.226557081536514,10.235099004061945,10.242620815805456,10.254958878073207,10.265000074211047,10.274054486869579,10.287808508722232,10.298927330414728,10.309029496588042,10.323618514185384,10.335523917352571,10.34626936967216,10.36119535942061,10.373655388688626,10.384700978783265,10.39963609376284,10.412360793111016,10.42341772533118,10.438118745458935,10.450839320258865,10.46167000044943,10.475947624301215,10.488428697387821,10.498831329968496,10.512509249228032,10.524561437934754,10.534356595438634,10.547253454622346,10.558738556085855,10.567774837999183,10.579743124894877,10.590524947050916,10.598736937493541,10.609685247936689,10.619669658604355,10.62706318233884
T21000logg2.6,8.273650997345909,7.955274676111282,7.67942364201661,7.3610639142079854,7.086949818350939,6.852214531611783,6.580678896666539,6.346637044532271,6.148633448178033,5.919032471760473,5.72116958885242,5.555942863651168,5.363870193713612,5.198635934122127,5.062661542626571,4.9041967268671876,4.768390365714994,4.658543146513599,4.53019827251088,4.420935463633847,4.334440741582038,4.233097163207914,4.147763793832444,4.08213424491328,4.004971750295821,3.941149527399335,3.8940504706519854,3.838506157501562,3.7939065216741112,3.763140154941463,3.726827314593716,3.6992826445252733,3.682908715846116,3.6635006855612584,3.65098218839036,3.647257686852152,3.6425528955975772,3.6431677445242143,3.6505262348153145,3.6584441184444834,3.6704227246144847,3.687360836967599,3.706017632701188,3.727693595870187,3.752771352987982,3.7804371980802522,3.810235909381562,3.8420862144253505,3.8771667628564908,3.91361332740133,3.9510353846211452,3.9919945543994384,4.033733934619268,4.075633199204659,4.121094781015112,4.166923078485816,4.212267053228182,4.261097780463814,4.309970641292117,4.357876100278461,4.409087081372778,4.460102744920346,4.509942886561751,4.562554585297827,4.614945996538327,4.666301203533759,4.719389222085892,4.772528148964939,4.824586889344012,4.877878227157424,4.931265914939591,4.983452732576001,5.036660084064202,5.089901919919489,5.141807800032847,5.194654767175686,5.247435110035518,5.29875566326919,5.350996514707218,5.403058923730496,5.453622259067721,5.504983231621463,5.556119304436305,5.605802138755752,5.656047396858817,5.7060873624844115,5.7547874943016994,5.803720736762392,5.85251520908149,5.900112050990785,5.947587978970856,5.995000823392585,6.041352278032851,6.087280702161908,6.13320127784448,6.178188917162746,6.222511295371497,6.266887189080502,6.310434763981387,6.353149411299206,6.395973897370211
T21000logg2.8,10.513198309956795,10.144744288757197,9.825109795159868,9.454526099896425,9.13393942551546,8.858880915303486,8.539205864705064,8.262179842438503,8.027137756572367,7.7532622006630945,7.515742437726781,7.316562672454408,7.083845698457867,6.882101742369569,6.715056029821704,6.519331918166857,6.349963966356857,6.211716474906516,6.049241781572753,5.909158410777892,5.796725626710051,5.66413644558087,5.550522505588095,5.461221766353813,5.355465223862203,5.2657073545132125,5.197068931828365,5.115303025850242,5.046921867470548,4.996413071984113,4.936197506394753,4.886846691967267,4.852298253586174,4.811169239916425,4.778647214786661,4.7581799323982565,4.733728713621012,4.715980619731182,4.707966426747983,4.69785109129109,4.692951606797184,4.695832756237279,4.69792021266918,4.704052625580259,4.716209291061958,4.728652438764113,4.744092646218411,4.763986726108869,4.785077844758605,4.8082107061545685,4.834510323248993,4.862578107845658,4.89191678284823,4.923416555838247,4.956950166098694,4.991173245021722,5.026743573934303,5.064493850232011,5.1024598281200575,5.141153198412301,5.182018951987493,5.22274569380857,5.263910495137476,5.306788765004049,5.349442383238901,5.3926347713515606,5.436502138122691,5.4803998631036315,5.5247552930397275,5.569286080521666,5.61387825139595,5.65876766108588,5.703628661051963,5.74847221984854,5.793418169662587,5.838306613346891,5.883039317329372,5.927667978500463,5.972318644881828,6.01663976605309,6.060726182714667,6.104835794159459,6.148497403780472,6.19187801202561,6.235179733936533,6.277979201558159,6.320521915867101,6.362789654817986,6.404550117632485,6.446111390863846,6.48717113155339,6.527731111508352,6.56814839568215,6.607882451964416,6.647108008682506,6.6862457668756825,6.72456589087317,6.762392706602965,6.800165405247931,6.837046021861625,6.873465565895589
T21000logg3.0,12.425378887836578,12.026860382774744,11.680928666164661,11.278487348430144,10.929229146351489,10.629265035680888,10.279442317652617,9.975210364597045,9.716684006819154,9.414391333936779,9.151160692921502,8.929914050115732,8.6704938003187,8.44452896462057,8.256804463930834,8.03604425856747,7.843911677618188,7.686324075637902,7.500410738530176,7.3389638454446136,7.208465664753016,7.053950730023568,6.9203056834133845,6.814145756834769,6.687882244579996,6.5793530735830394,6.495044729892137,6.394048446753207,6.308083822638364,6.242877420774505,6.164767898621544,6.098950896149255,6.050542839603079,5.992840010111185,5.944895659199469,5.9113557323866495,5.871542898625709,5.839336858231678,5.819043748827065,5.794611686468432,5.776140260107489,5.767543226262896,5.756194560982325,5.749561860883455,5.750928885155222,5.750773169899696,5.754177057377522,5.763865190888148,5.773147731956771,5.784897622501051,5.8015003184334,5.818480016672481,5.837017529093202,5.859269384793953,5.882361891409578,5.906303848314267,5.9330259897816715,5.960918829406797,5.989072033395591,6.019286143640022,6.0508122398121085,6.082150971983861,6.115196570240487,6.149180797613856,6.18283488615968,6.218260044198248,6.253616260900295,6.2888704268553495,6.325794828419014,6.362149014754608,6.398423272808842,6.436193384235214,6.4731736030776545,6.509992137648394,6.548081955081734,6.585369038163815,6.622336888130101,6.660320022620678,6.697639005711152,6.73442657128734,6.772037711791279,6.80907191120612,6.8454054248400595,6.88244987711319,6.918915283551803,6.9545703781292225,6.99089359099961,7.026547976709653,7.061330907855057,7.096774058993823,7.131426687033041,7.165160844535708,7.199548742269858,7.233065264530683,7.265603275762226,7.298791292987143,7.331063929299797,7.3623366439247215,7.394235034445325,7.425219651509066,7.455218936768526
T21000logg3.2,13.779173178921216,13.371857299131976,13.018364174713295,12.605991169041598,12.247330241193154,11.939299106458465,11.579065892917262,11.265035109950356,10.998120021659584,10.685136483830023,10.411877837589493,10.182066109052478,9.911830279844821,9.675740907297211,9.479390108759244,9.247810396766912,9.04555850168272,8.87936977804577,8.682716673711365,8.511223775918607,8.37220710346147,8.207083997211132,8.063511479348971,7.948959917692878,7.812253192634531,7.693952159287399,7.601466487186184,7.4901740322218116,7.394627435156727,7.3213507424314574,7.2332564106796156,7.158074980079387,7.101656448680822,7.034377698419852,6.9773087902778546,6.935854301736992,6.886867738061688,6.845784926630691,6.817752456643936,6.784472831855862,6.757367193456865,6.741260181657958,6.721320991610032,6.706285642628837,6.70033652591023,6.691859172529934,6.687079351435515,6.68961311506842,6.6908494519426505,6.694619054421861,6.704210707685058,6.713408238941324,6.724156204893674,6.739530946231134,6.755092608531494,6.771426656715888,6.791400537153292,6.812002327160068,6.832724466609557,6.856323301763796,6.880783471874263,6.904863335313138,6.931438512556245,6.958558820134022,6.985123434261984,7.01423097578959,7.0429096722595315,7.071240788816617,7.1020174073858895,7.131851337890639,7.161362940518264,7.193160363865214,7.223760031966908,7.25397198972495,7.286247950067997,7.317298078045913,7.3478096109108515,7.38011418491264,7.411350206094681,7.441824510485213,7.473871976520108,7.504981114762714,7.535137484976762,7.5667174173419625,7.597418312427989,7.627026888340312,7.657974449399783,7.688024111859884,7.716888249134293,7.747040322055875,7.776248222387363,7.804190962013834,7.833370971892752,7.861600258461937,7.8884711348176015,7.916532336019392,7.94366480214447,7.969393660102453,7.99624516683161,8.022222100224173,8.046803332076081
T21000logg3.4,15.391658725414985,14.980264763500152,14.623178907166633,14.205496997604703,13.84144485545437,13.528681561221807,13.161906495897512,12.841429409277628,12.568880231159046,12.248394040833418,11.967865567850229,11.731727529899493,11.453258145779577,11.209267866327814,11.006069079170707,10.765709175437992,10.555081392328947,10.381660634588567,10.175828671601597,9.995610267671067,9.849087269733051,9.674500242158196,9.521949685959203,9.399709209219004,9.253336964277645,9.12588594704037,9.02565972054325,8.90451770973284,8.799723271273528,8.718572391360278,8.620668590350238,8.536208019880071,8.471754984516899,8.39484517677058,8.328515586708614,8.278926198122429,8.220510104626275,8.170216811949647,8.134053701928321,8.09149065150264,8.055243526699746,8.031081140114367,8.001964403685395,7.977872212635683,7.963936132886915,7.946424827721835,7.932686699186485,7.927298018033843,7.919668504567794,7.914587225931649,7.91632589665276,7.916834391188638,7.9188467847738835,7.926446490415424,7.9335031855539295,7.9412278373826295,7.953516640003516,7.965801774640424,7.978050095475763,7.994069279609281,8.01040136241739,8.026152438219375,8.045277627900779,8.064448170352344,8.082837673257787,8.10464403169268,8.125542243664812,8.145856556543231,8.16950245801834,8.191706437707023,8.213359741322883,8.238205375065643,8.261309954982783,8.283817757312907,8.309304247679142,8.333003339621255,8.355963568164787,8.381621585994502,8.405664154495227,8.428738064248627,8.454263489779642,8.478347865026041,8.501250842823039,8.526418211338694,8.550267598274537,8.572765472744988,8.59739918127842,8.62077426298194,8.64266931165726,8.666601830918284,8.689313764091558,8.710429443048625,8.733483628257401,8.755396305164647,8.77558259943024,8.797611923756094,8.818599349927364,8.837786240667933,8.85869860263259,8.878687209761358,8.896871263454285
T21000logg3.6,16.800421695509893,16.389272743073594,16.032252131757538,15.614017906255954,15.249000646873128,14.935249511809838,14.566754966077774,14.244312023821026,13.969915226886165,13.646752395105509,13.36342856126245,13.124737489212496,12.842801828216977,12.595327136679098,12.388995965729816,12.14451863598121,11.929832529029369,11.752803193337197,11.542314448110965,11.35756239752653,11.207042560032008,11.02736161448068,10.869887251416632,10.743345101791906,10.591512933023251,10.458817707925451,10.35409452378358,10.227147243673176,10.116848424084125,10.030967191165512,9.927059284166958,9.836881520154822,9.767445841539992,9.684436732481782,9.612216423855251,9.557434300675325,9.492854847278828,9.436531202806677,9.395038967132233,9.346235909814387,9.303845779207247,9.274281046967321,9.238831785380988,9.208505189160288,9.189088446329368,9.165198711172328,9.14515618500072,9.134208513412345,9.120193100812905,9.10875834748691,9.10487290156846,9.09901846635378,9.094654080614465,9.096587451509142,9.097326453105019,9.098674857961834,9.10527806782758,9.111309188925484,9.117202077649395,9.127542280222954,9.13769275263044,9.147129827187396,9.160615532844083,9.173679913580845,9.185814264254052,9.202047287699994,9.216912684039286,9.231041037296887,9.249202697371373,9.265439962788712,9.280984775595037,9.300447004424067,9.317649299003953,9.334128185462314,9.35431903313199,9.372191362121047,9.389199546333753,9.409631831878027,9.42793341642536,9.44512767448894,9.465482147232809,9.483917769037005,9.501010456393491,9.521050637235817,9.539348945682738,9.556104760777352,9.575647640424112,9.593573474851993,9.609793865423141,9.628667820335744,9.64603452527581,9.661543373521713,9.679570376273226,9.696242652863626,9.710891348073538,9.727926083191495,9.743776452244653,9.757499150034242,9.773452162663602,9.788399599010411,9.801198511115468
T22000logg2.6,7.509548706000228,7.215866316114833,6.961397037576578,6.668473033597388,6.416829091540182,6.201398494127565,5.952885548850255,5.7392583125643615,5.558665202142234,5.349875646866921,5.170527925098995,5.020982217250269,4.8476995420974465,4.699231918834158,4.577363142926632,4.435842394410396,4.315194917645795,4.218018415911183,4.1049348063834445,4.009359796792889,3.9342340065719736,3.8466279757578556,3.773641650905316,3.7182036433079597,3.653395324099234,3.6006968278879663,3.5627107809556167,3.518274401896176,3.4836826579818068,3.4611142223677667,3.434717575890906,3.4161656042705433,3.40718807558251,3.3965913875955787,3.392144904196735,3.3950890490627237,3.3982071196398076,3.4060648005432315,3.4194080912437186,3.4342963192592033,3.4527755464604653,3.475064058856143,3.4999564191420194,3.5274715218096495,3.5573443955013584,3.5905878020072737,3.625643821946697,3.661813602748149,3.70189101762966,3.7430948631442917,3.7844319704889084,3.829891360034644,3.8759669927044866,3.9214419152301994,3.9709856716634624,4.020797587675357,4.069434959967069,4.121996189091869,4.174557356348742,4.225519184715282,4.280164426717502,4.334618674374267,4.387305487755114,4.443109090303645,4.4987242134277405,4.552734295189106,4.6088140186952415,4.664986580662741,4.7195347570342205,4.775636366524649,4.83188683463798,4.886418189251197,4.9422697628413435,4.998218794587922,5.052342761545752,5.107677503591466,5.163020555890236,5.216448776060533,5.271025655675213,5.325515975168587,5.378087535404711,5.4316422430756885,5.485082541098144,5.536684410049434,5.588993313941447,5.6412253724344765,5.691764656923381,5.742643139211298,5.793528285271419,5.842892525838633,5.892207890988601,5.941621303578319,5.98967749104595,6.037351567630677,6.0851935280308505,6.131831944786692,6.177820044013252,6.224046260623977,6.269198433022488,6.31351082598653,6.358119412538061
T22000logg2.8,9.189300395259485,8.854983657196788,8.565143030915323,8.229871948767105,7.940481605506573,7.692436266120599,7.40485416218971,7.156291147709723,6.945715158472246,6.700977919110915,6.489392261399654,6.312351646228028,6.106069171319034,5.9279283929795135,5.7809004755872335,5.609143087491912,5.461237789537807,5.341078571344083,5.200323364966395,5.079740661762191,4.983642042195355,4.870723425951966,4.774810014137122,4.700245984148297,4.612291939306429,4.538588391708247,4.483217332654943,4.417581012004367,4.363756873538203,4.3252624841499125,4.27958765027072,4.24343597921739,4.219808029748577,4.191754339382085,4.171205206935657,4.160670445155526,4.1479801706926915,4.14109916134193,4.142093177820497,4.142600512392787,4.147577659276516,4.158606898223271,4.170338435885903,4.1854664367796595,4.205026663255996,4.226233461511237,4.249893843655119,4.276557724374086,4.305621284890749,4.336297196433323,4.3688217347119975,4.40416818388155,4.440464724740223,4.477721483056913,4.517933472758904,4.558611538854257,4.599539550149325,4.643450127692035,4.687438975879099,4.731145058355023,4.777727386613503,4.824104658688104,4.869972207848483,4.918195829338836,4.966175274452934,5.013781134429918,5.062686697306507,5.111622650502854,5.16013947249078,5.209433703295993,5.258808696213008,5.30764057728118,5.357016675363897,5.406414547589616,5.455117121718663,5.504290429120732,5.553372553098802,5.6016032133172375,5.650322205382229,5.698809672826321,5.746366985677936,5.794345714580574,5.842010012479289,5.888748954376047,5.935738777127688,5.982396179508559,6.028200987692577,6.073995482685938,6.119486933984172,6.164228410925863,6.208671730538117,6.252851717058508,6.296379961234358,6.339371250366302,6.382120086759002,6.424310670796709,6.465778646502761,6.507040122949701,6.547814439300552,6.587746124195849,6.627513587951894
T22000logg3.0,10.98400722679105,10.617423475976505,10.299300523181842,9.930002794117708,9.610118913722733,9.33553985142398,9.016043021456367,8.738796127798578,8.503426050589416,8.228865282247073,7.990401092822655,7.790267261823654,7.55619326432487,7.3529381436816,7.184453377395507,6.986847957206642,6.815524818507196,6.675463146401852,6.510700129257966,6.368315478276694,6.2537811876755445,6.118588627671166,6.002401610024359,5.91078069268049,5.802169804532891,5.709626906671411,5.638532635907845,5.553696065058489,5.482373197818282,5.4292702449899295,5.365867814844554,5.313460606413957,5.276190303503795,5.231825931040335,5.196170247925108,5.17288815997265,5.145185104041545,5.124254735564664,5.113381977684142,5.100000644085567,5.091891858516687,5.091921328494168,5.090715983561331,5.093630497718665,5.102937360819912,5.112102584570638,5.1243342264060425,5.141379642389609,5.159238866659508,5.17918613203981,5.202645298044529,5.227545618057563,5.253737277828855,5.2824177761000275,5.312865617057085,5.343995409720399,5.376781059008907,5.411537003615347,5.446474336667389,5.48243452268778,5.520398497236318,5.558169325250561,5.596673636632973,5.636733750276496,5.676510457927718,5.717124016384811,5.758254645448927,5.799355831908905,5.841226394924626,5.883088065968027,5.924961619261206,5.967461583279523,6.009708889376203,6.051902212874948,6.094534433789773,6.136863516495735,6.1790021644851025,6.221369245659361,6.263515635597957,6.3052875539019695,6.347145005765331,6.388804005178268,6.429952032504881,6.471122593936721,6.5120260401796095,6.552341541891762,6.5926849660198314,6.632604799791501,6.67190883801961,6.711278533083886,6.750040540554896,6.788170655706757,6.826402928257387,6.863887495619173,6.900709347687925,6.937669416165954,6.973785391101682,7.009236799889172,7.044841631288802,7.079559190880934,7.113635048090241
T22000logg3.2,12.386299867526178,12.005870353896878,11.675573092121144,11.291148915326563,10.957382755750194,10.670675601178923,10.336189070458436,10.045180976641387,9.797857554957114,9.508580499277778,9.256596316941875,9.044779719818637,8.796364939179245,8.579921084490572,8.400093584505312,8.188592384938914,8.004471243224385,7.853451024637502,7.675272909358467,7.520510978614485,7.3954215271060715,7.247306907769353,7.119179036989765,7.017419747840699,6.8963844089770605,6.7923452753221145,6.711582502382795,6.6147642015427195,6.532389291678233,6.469964435015106,6.395141686915435,6.332129953876595,6.2858241070262695,6.230654652518361,6.184835130320373,6.152809333953122,6.1148855661203045,6.084215894471508,6.064938146866195,6.041831842674544,6.024385493451481,6.016381754065123,6.0058656891611975,5.999817662843416,6.001412904587625,6.001675543377178,6.0052895830145125,6.0148981674509,6.02425018975799,6.035896430078866,6.052163856002973,6.068928581641382,6.087108550492453,6.108819400694682,6.131473490835163,6.15485968786787,6.180882081073282,6.2081658539893265,6.235612345448063,6.265010984246743,6.295795793369379,6.326314131371889,6.35846641737549,6.39160531069891,6.424356787934137,6.458832808648613,6.493270276317908,6.527562672612424,6.563510996692528,6.598882215071892,6.634150979975541,6.67093637614099,6.7068755423929405,6.742653645248981,6.7797511849801575,6.815952632515492,6.851851877190996,6.888832915188861,6.925036083708937,6.960731359079469,6.997326729789133,7.033225663298739,7.068447265788016,7.104460538110754,7.139781358800158,7.174310373597731,7.209588407112024,7.244099017551872,7.2777502955458475,7.312139475614089,7.345659497206347,7.378264640054281,7.411595983354184,7.443999345123933,7.47541854057089,7.507553540153731,7.538737306268865,7.5689061020535435,7.599759150061894,7.629679139985334,7.658591945721238
T22000logg3.4,13.909916883196708,13.520250068318463,13.181775391230026,12.786865800399193,12.44326164466062,12.14790065557673,11.80245886528955,11.501211619130439,11.244931481613191,10.944420363249042,10.681958443690935,10.461021612927299,10.201242281958818,9.97420994725375,9.785207321438946,9.56232761422602,9.367605625454742,9.207437368044037,9.017949758977046,8.852648048882187,8.718498593434404,8.559204672606304,8.420647609124268,8.309962537432426,8.177908668229263,8.063587344195835,7.974115175335248,7.866423043897982,7.773947480349961,7.702939455304172,7.6175348941423096,7.5446308679945755,7.489824600839991,7.42445199314596,7.368966838723952,7.328550254023297,7.2807943632145795,7.240689156883942,7.213193517492045,7.180562678881088,7.153908435290886,7.13790160511899,7.118116807128621,7.103082047474111,7.096862959670344,7.088124636410949,7.082966704442087,7.084927511907493,7.085554692379151,7.088636888921374,7.097413373157748,7.105723603512777,7.115541605397644,7.12991468331851,7.144376598749601,7.1595980781713955,7.178433999061539,7.197777397119301,7.217253476901556,7.239623102949446,7.2627093913436696,7.285453483139262,7.3107535212493415,7.336415371882035,7.361588971623839,7.3894030432288975,7.416566809005766,7.443475722931,7.472960974702135,7.501244063513434,7.529318858250746,7.559840352681122,7.588862546615078,7.617629462088709,7.648641101764296,7.678103013421577,7.7071669318415585,7.738215754923347,7.767864875179885,7.796893088374833,7.827689253944698,7.857223572459487,7.885938413510123,7.9162687216597485,7.945414380788163,7.9735893897385495,8.003287790200153,8.031810104231024,8.05925333069898,8.088158706139739,8.115873920684347,8.142414622822583,8.17035539167969,8.197134185554035,8.222629670921686,8.249465417790196,8.27519510996964,8.29957974587528,8.325223097028863,8.349844880983383,8.373112805947107
T22000logg3.6,14.769615917160973,14.386796115715114,14.054397249017882,13.665834945818833,13.327302230662246,13.036401362753107,12.695509107537415,12.397805063957486,12.144609799475948,11.847119057131486,11.586893389665525,11.367876914767576,11.10982379434335,10.883911117965232,10.695841614169574,10.473582104512719,10.279021270002636,10.118946445318686,9.929137824430093,9.763175396396516,9.628406084671091,9.46798825405138,9.328066809531894,9.216162846540433,9.082296020654933,8.96601052697383,8.87485531944017,8.764729078939721,8.66978043157309,8.596619285153468,8.508332354474346,8.432522217399635,8.375105250748252,8.306539370318058,8.247786367336932,8.204375581863074,8.15317334934488,8.109498240053655,8.078723042880691,8.042404865564796,8.011926350539415,7.992439471659946,7.968727358711919,7.949653964609602,7.939768406226728,7.926927794841582,7.917556352792753,7.915681987852085,7.912087096147675,7.910815090517861,7.9156127313698965,7.919620272557557,7.924977481582339,7.9352585734190235,7.945370615167157,7.956056954724287,7.970718396462377,7.98569268176513,8.00058810782772,8.018731830923393,8.037447846132071,8.05558923165463,8.076639843161448,8.097943296166843,8.11851336937086,8.142077328050066,8.164907742808728,8.187227652892535,8.21249978378088,8.236458088959647,8.259966811751053,8.286330955716762,8.311031825337988,8.335260804289922,8.362167132678426,8.387320113441923,8.41187490383913,8.438858578919728,8.464223671569059,8.488772035260133,8.51553236473815,8.540818505347117,8.565083557098271,8.591399221500895,8.61634225393523,8.640099503982546,8.665800126777977,8.690173245184269,8.713233780698694,8.73815682992127,8.761782156878514,8.783977732661123,8.80795226873779,8.830703861193744,8.851894409480758,8.874781997725279,8.896546471204529,8.9166698418783,8.938385886595348,8.959098898380187,8.978157377532376
T22000logg3.8,16.553121482034474,16.17750611320188,15.851256231514514,15.469039806584844,15.135464541231718,14.848696941457373,14.511875093024297,14.217174975983005,13.96638170295665,13.671010088088646,13.41210064119483,13.194006223010508,12.93639744478284,12.710341545072648,12.521927446352432,12.298677106520511,12.102714962843695,11.941214969380542,11.749185520347819,11.580734165561665,11.443615120592446,11.279918166772404,11.13657007422941,11.021540222118789,10.883480848449175,10.762963015583257,10.668089813014376,10.552922197284737,10.45305342346819,10.375557495980312,10.281639492249017,10.200332354441901,10.137977425300727,10.06337956361231,9.998644722284464,9.94978505401799,9.892230319079541,9.842165879577747,9.805563739553321,9.762575610305195,9.72535994763022,9.699766678259675,9.669079983661922,9.642973442946962,9.626728012378667,9.606678399808931,9.590023894701382,9.581566011473083,9.570585698391843,9.561825302757539,9.55985173947609,9.556343760011451,9.554047956239176,9.557405377472538,9.559910862543685,9.562819864183556,9.570442531637816,9.57775715041733,9.584791154825442,9.595821437249175,9.606855013932556,9.61708790821074,9.631001236073795,9.644614415686013,9.657262868399963,9.673704755357772,9.688851839212738,9.703262458482065,9.721460031439536,9.73775126978266,9.753382627650945,9.772743763496754,9.7898006407626,9.806200577757345,9.826174079097969,9.843736710676003,9.8605264376918,9.88064395837769,9.898498998583975,9.915357188515566,9.935312090326644,9.95319130166753,9.969849831966892,9.989416425888216,10.007072289053294,10.023312538526145,10.042316934272064,10.05953562131511,10.075175175113472,10.093456549816665,10.110071238057728,10.124951177442888,10.142344550156757,10.158239203227623,10.17222808479585,10.188600891344056,10.203663142856977,10.216704984054351,10.231975784717322,10.246131401383147,10.258234921136996
T23000logg2.6,7.258626488539962,6.979496407705201,6.737340699761564,6.459300001715885,6.220836726177271,6.016475819488043,5.781379328513923,5.579678721649048,5.409030980864812,5.212326394375371,5.043755836650394,4.903135548200281,4.7407238673916385,4.601977854918046,4.488107448248166,4.356352951700921,4.24445963736898,4.1544391115855275,4.050112710249692,3.962402172086947,3.893663224829843,3.813889907787032,3.747948520380966,3.698194518274203,3.6403735463132154,3.5939695344647027,3.5610197122303946,3.522812358832243,3.4938311376986046,3.47576938179694,3.454855364763028,3.4412898964468783,3.436360947404156,3.4305465568074096,3.430518014691857,3.437089460668655,3.444362329700308,3.4561234401501464,3.4726846383798717,3.491194809836721,3.5131162236700657,3.538235020906015,3.5662989990730583,3.5968477228255806,3.62921449354468,3.6652291555805423,3.7029639444527205,3.741344113632991,3.7838445889546106,3.8274301693598187,3.870743963539159,3.9183380246414763,3.9665547436624355,4.013818745211128,4.065264384390039,4.1170266392795245,4.167306696776384,4.221582973141656,4.275944746990519,4.328437141146852,4.384649191838451,4.440787521333495,4.49492058131207,4.552170244167459,4.609374843585252,4.664762850280803,4.722187619078532,4.7798674281944,4.835727056186213,4.893090405768173,4.9507714345698,5.00654480870056,5.0635884358509164,5.120894356962867,5.176193393828193,5.23265373713144,5.289281472555153,5.343823200594643,5.399457405346636,5.4551609266647265,5.5087877049713505,5.563331423494862,5.617916039531067,5.670518446138794,5.723750735021506,5.777062584976747,5.828551579407382,5.8802934481904865,5.932199528184998,5.9824672001448125,6.032591850134649,6.082973041807821,6.131890700328628,6.180326822723848,6.22909000492853,6.276552923489203,6.323264904966879,6.370369324213291,6.416313091937406,6.461318205174801,6.5067631063443265
T23000logg2.8,8.432386488115474,8.119637965454354,7.848522916312889,7.5355210726890425,7.265816214205047,7.034729527593671,6.7673692282320905,6.536751590944684,6.341523025546754,6.115133199480307,5.919886363746605,5.756723740445725,5.567073402430389,5.403789563779053,5.269298497611656,5.1126054721865275,4.978195868738629,4.8693532724170865,4.742235600421384,4.633901380317659,4.548010258803697,4.447429899236056,4.362623358978699,4.2972591499447,4.220462575795363,4.156823921888694,4.109724838456894,4.054188673401511,4.009478348954477,3.9784727413478596,3.9418770246576216,3.913970550743284,3.8971480040698645,3.8772213021015025,3.864130165835045,3.8597804571964436,3.854365048958858,3.8542324086309345,3.8608259806730643,3.867874856379618,3.8789657066785033,3.8950512167505282,3.9126935260644786,3.933370698789426,3.9575139023493486,3.9840664577460396,4.012779665954934,4.0436215677280325,4.07752874973897,4.112827377847947,4.1491829708100205,4.188938138354628,4.229490239380106,4.270283077677963,4.31453449470964,4.359158339902702,4.40337532837625,4.4510115772161445,4.4986837999911415,4.5454684495273145,4.595508004412851,4.645341654359388,4.694099207730721,4.745554202059209,4.796793010870849,4.847114642225999,4.899065470055256,4.9510860760916025,5.002166518044049,5.054337618143162,5.106639530670643,5.157899765993934,5.209998467531721,5.262178002868561,5.313188930224263,5.364938664961193,5.416667255751907,5.467101101750832,5.518255309819244,5.569262938024595,5.618929118986937,5.669209792015221,5.719278540081025,5.76804200374411,5.817210644680238,5.866166036625258,5.913918731595104,5.961778428841276,6.00947065506763,6.056090732632054,6.102496964982129,6.14879042248954,6.194135853729664,6.238997842730687,6.283781836396033,6.32773503836881,6.370992683704379,6.414216368850119,6.456704496041678,6.498354916481171,6.540016210788757
T23000logg3.0,9.758199451244865,9.421038519327256,9.128617571791887,8.789806278954797,8.496881075849378,8.24566778582774,7.953952143643335,7.701368037898253,7.4872184214502395,7.237947393459297,7.0220138727959895,6.841134034454515,6.630062469115121,6.447366929282039,6.2963380880838455,6.119643889284612,5.967066310444157,5.842821962799715,5.697059582046669,5.571752872105061,5.471542199946944,5.353606274439274,5.252967163357208,5.174308949507434,5.081367229321988,5.002971463873358,4.94358467584578,4.872989196613923,4.814534397501125,4.77206549697374,4.7215497244708455,4.680853265363385,4.653283497532755,4.62055444300614,4.59556253812424,4.581136616995505,4.563944940904741,4.552734816882915,4.549928935691486,4.546086113577977,4.546852965577939,4.55421479448549,4.561712064444447,4.572749723039507,4.588753077857996,4.605863917123793,4.625553387559415,4.648754024094701,4.673875224128736,4.7006990604990815,4.729848042367195,4.761409349234473,4.793972561131669,4.8279405186659305,4.864525645531204,4.901589018904327,4.93931520769396,4.97975216979707,5.020242766623294,5.060840388548048,5.104092150638711,5.147086185390677,5.1899542407434245,5.23496938904547,5.279678996928238,5.324399095586155,5.370208384662967,5.4159852490920635,5.461735620318691,5.508028771971876,5.554346930879484,5.600527964752541,5.646981875705477,5.693412887987137,5.739557335088609,5.785885163317397,5.832076883024093,5.877815644421263,5.923765255626663,5.969424622174729,6.014534140753577,6.059816841699308,6.104704559129068,6.149024995587373,6.193388294300306,6.2373130993925,6.280719161780045,6.323952985031633,6.366750929544086,6.409108184155409,6.451053321224079,6.492576234317649,6.533733140619277,6.574286218587052,6.614413780824241,6.654246293431374,6.69333089247818,6.732008018014019,6.770439016435954,6.808036682231807,6.845259785836577
T23000logg3.2,11.417460144757028,11.055760254611226,10.741659102767231,10.376738414467589,10.060343197284375,9.788547441348697,9.472057802690404,9.19714262298696,8.963540277156136,8.690860671359756,8.45377103153732,8.254573823116448,8.021455621568403,7.818781903631399,7.650551668225699,7.453137323292094,7.281736172389932,7.141368560685327,6.976162424769552,6.833147491581644,6.717843211994141,6.58167576432548,6.464392649819577,6.371618151004486,6.2615836825085935,6.167552679492898,6.095014690064602,6.008352409088829,5.935215082394999,5.880395786954238,5.8148768744663855,5.76039083611356,5.721161365077384,5.674473884987566,5.636526839409787,5.611088961319439,5.580904477827347,5.55751224593075,5.544341308244016,5.5283419322136815,5.517636377727968,5.515272510808852,5.511332967460736,5.511548081171124,5.518385371220358,5.524740613835386,5.5341993678320645,5.548720203229911,5.5637271131175225,5.580856125495417,5.6017578190383635,5.6237922378486624,5.647145770468625,5.673255919075682,5.700848776356625,5.729144411934533,5.759366843629978,5.7913020354207765,5.823430171362454,5.856856868730746,5.8920462275927425,5.927050533630037,5.963077427790904,6.0004128320103955,6.037479336685865,6.075686377802819,6.11414607296083,6.152599280519397,6.192142309294476,6.231383765909471,6.270671106222725,6.310923407687798,6.350595330979917,6.390259545801673,6.430709478767842,6.470513194817382,6.510175100951765,6.550409609059381,6.590086657953674,6.629429253025721,6.6691909088222,6.70843993041826,6.747202349480071,6.786304795558927,6.824858988344395,6.862829780460334,6.901127191523649,6.9387604542276335,6.975760470873776,7.013104681766565,7.049644245387635,7.085513300492473,7.121742756923552,7.157071899372581,7.191679175697377,7.226662617830071,7.260689604876074,7.29397519260593,7.327631449325482,7.360321668858651,7.392280433208453
T23000logg3.4,12.281980995349858,11.921452033621335,11.608352189511674,11.24382667578622,10.927239811042377,10.655235299467881,10.337824758623269,10.061605687548235,9.826818171419522,9.552163064302757,9.312873617491801,9.111713231285725,8.875780720839314,8.670188689198131,8.499378035678728,8.298477436246786,8.12357937633011,7.980139901869321,7.810917306883551,7.663947474893466,7.545188249855508,7.404585816361876,7.282981310093755,7.186455587790516,7.071650198379946,6.973012014191708,6.896543677919617,6.804814136920636,6.726855914933191,6.667893422627491,6.597170959428544,6.537705756007024,6.494115337042458,6.44219700150089,6.399162436378924,6.369199438458503,6.33379278166752,6.305242737626714,6.287463814869096,6.266233185298406,6.250323298907643,6.2433324786383135,6.2341286773799975,6.229111618526879,6.231298647399671,6.232398078400289,6.236613772242654,6.2464605042572146,6.25624785008564,6.268134441519228,6.284344741707664,6.301213368193788,6.319341044650813,6.340757647762131,6.363254971687172,6.386357904529,6.411900072288256,6.4388204980573756,6.465800990420235,6.494577235210466,6.524836578427397,6.554750379543554,6.5861788259975445,6.6186676741888855,6.650711975516562,6.684388463871626,6.718085136208499,6.751592571945174,6.786696872416958,6.821246848207698,6.855670308484125,6.891590222393364,6.926632796612019,6.961516627731555,6.997730689145779,7.032976868144287,7.067940586072962,7.104020649943065,7.139222845395762,7.173948330953675,7.2096239295386795,7.244489665757361,7.2787135612828555,7.313787473817367,7.348055268733394,7.381564697655122,7.415884577235904,7.449332603507184,7.481949443177762,7.515365745266125,7.5478247992823135,7.579391022924528,7.611742926717102,7.643097407680262,7.673482806945477,7.704639724317092,7.7347938927848015,7.763940726735434,7.793823017111543,7.822734055609471,7.850641102735414
T23000logg3.6,13.658817101670085,13.290176343839043,12.969830909868206,12.596167818832217,12.271076513510867,11.991536057728585,11.664703951086942,11.379731428009938,11.13724062792839,10.853015299757423,10.604840442095222,10.395907893837295,10.150359780983864,9.935839123520498,9.757259730092825,9.546776801436023,9.362974487485204,9.211825225625418,9.033104585434401,8.877298389326379,8.750922741080721,8.600945938346287,8.470613930639786,8.366603150799538,8.242579878289886,8.135351011288488,8.051585093900218,7.9507725240152585,7.864376033900516,7.798237235015945,7.718660618452418,7.650926773238975,7.600246626698349,7.539762658774516,7.488637756393637,7.4516863480876765,7.407993685370515,7.371532910143339,7.346907965142289,7.3176296544198305,7.293989705010424,7.280332373654409,7.263279419960549,7.250709684756339,7.246384304821673,7.239850393685432,7.236689555351076,7.24015816600872,7.242546320553038,7.247234272765459,7.257196829892475,7.266902726437113,7.27800737184811,7.293304987801592,7.30886934839628,7.325122809787489,7.344676726511724,7.364889447551008,7.385196394658319,7.408125662736411,7.431893576595309,7.455310422779482,7.481050151266472,7.507243200356424,7.532966405643978,7.5611255158706685,7.588704496615939,7.616063080320087,7.6458278487582305,7.674417772724406,7.702855629748513,7.733605969632816,7.762833623357429,7.791882918936902,7.823072888373341,7.852648114136434,7.881915607734313,7.913089151108703,7.942767133411847,7.971921762308005,8.002785673113841,8.032272730221388,8.061040660970848,8.091380623175285,8.120412277565942,8.148571115966977,8.178221088848474,8.206570932609527,8.233934549912034,8.262735726491629,8.290228667944154,8.316632522459088,8.344417834289757,8.370932939572157,8.396243014557383,8.422879267487616,8.448313767559412,8.47247161044017,8.497878457172064,8.522179856308025,8.545186096892362
T23000logg3.8,14.542810256489663,14.19204467000248,13.887346779936168,13.531246989579492,13.221054449275014,12.954422482272747,12.642054190340108,12.369336721011083,12.137351124698727,11.864866876917228,11.62660722861207,11.42607514359858,11.189880713627852,10.983212521496288,10.811197168035655,10.607984845558612,10.430220962784883,10.284035197601883,10.11075755327057,9.959388681091852,9.83657623919199,9.690441790042112,9.563139046313362,9.461480364541105,9.339891407706267,9.234454558911246,9.152040180587722,9.052377703918403,8.966691324180637,8.900946571906081,8.821502676162966,8.753542374648523,8.702365639413664,8.641207817246833,8.58904848179367,8.550831793164718,8.50578080826148,8.467586859479914,8.441072463043035,8.409806626415884,8.383825335314373,8.367768312400129,8.348156216342872,8.332715404023082,8.325536502224015,8.315962742280712,8.309472356224626,8.309691762456714,8.308638890227474,8.309606675712375,8.315981578033217,8.32191481197581,8.32896985011248,8.340394055295324,8.351913342645876,8.363845006241904,8.37929102460692,8.395243751119313,8.411012251278265,8.429650819335066,8.448991182978872,8.467702700092511,8.489021802130111,8.510656222851926,8.531551558776735,8.555198300118137,8.578125216125494,8.600569940390223,8.625778185966137,8.649637087211826,8.673104458913159,8.699291158358674,8.723722519698601,8.747769871666254,8.774401230653488,8.799146581968753,8.823402552796763,8.850029629963892,8.874874041968164,8.8990258520468,8.925358657755515,8.95003570160079,8.973823442861612,8.999649909469928,9.023915827274859,9.047129869677546,9.072287875910309,9.095935055690825,9.118401029929743,9.142737930131606,9.165606641939233,9.18717250930315,9.210529802613149,9.232511142520059,9.253052014329583,9.275302823276144,9.29629754530193,9.315761528055436,9.33682969733267,9.35678023150134,9.375175031835797
T23000logg4.0,15.835009414159423,15.494052492896888,15.197833912547363,14.851019941101654,14.548512793243722,14.288436745195913,13.983184760214192,13.71629651759908,13.48920543068614,13.221962966440106,12.987918389254446,12.790851980274608,12.558282273465794,12.354425678042901,12.184645364073589,11.983658556067285,11.80748512050807,11.662473773678581,11.4902141395454,11.339376589958931,11.216827415634645,11.070669326098969,10.942975926137784,10.840803308583231,10.71827654241012,10.61164530836296,10.52808431230612,10.426656234435342,10.339077944417374,10.271577923369055,10.189719749200378,10.119265415813835,10.065756805906513,10.001685404280897,9.946510668393753,9.905463094376406,9.857070163444954,9.815409330208848,9.785661736408601,9.750662091713352,9.720823577271071,9.70121624332227,9.67750640029119,9.657873288515402,9.646857714499903,9.632897778011111,9.62193014582582,9.618056632852308,9.612390661052139,9.60864288050139,9.610705907520913,9.611851063664343,9.61399720914423,9.62092995861253,9.627528759273233,9.634399112242738,9.64521213124192,9.656147033060552,9.666739402042346,9.680642252990001,9.694898277938893,9.70835517021629,9.724878464677932,9.74138340437634,9.75697668345456,9.775799518651006,9.793570070221158,9.810687304944683,9.831080627826157,9.849755494536902,9.867886841843836,9.889290089070059,9.908514713584204,9.927228610718267,9.949105600385412,9.96864010034276,9.987571946158305,10.009465849166455,10.0291145273576,10.047957299628964,10.069570840303728,10.089083480114237,10.107581198036707,10.128695948055253,10.147840907658928,10.165786975661971,10.186235706507594,10.204815256190779,10.22203875733568,10.2416676493772,10.259529586167746,10.27588280285917,10.294534874056247,10.311576824307721,10.326939986796186,10.344491749508924,10.360616809761257,10.374943523367378,10.391322481504723,10.406469555770755,10.419774388253082
T24000logg2.8,7.776507113565372,7.48494446159614,7.232199388947791,6.94103639091222,6.690613920421296,6.476116435108535,6.228531974672346,6.015444256907962,5.835186719142348,5.626692284072947,5.447363430923082,5.297700891117735,5.124230144597171,4.975383333991705,4.85305553395947,4.71098153462287,4.5896533462967986,4.491761520641719,4.3778427368863,4.28134692663176,4.205303664565649,4.116625834039277,4.042517487672925,3.9859972654691163,3.9199222523135635,3.8659386466522627,3.8267576988043928,3.7808846788539396,3.744879224204367,3.7210131304540623,3.693064585886754,3.6730004084770003,3.66264077700464,3.6504167284725293,3.6443864539994957,3.6458855523846956,3.6473276277231506,3.6535516537643717,3.6654140950685643,3.6785919293786824,3.695408037435693,3.7162264282924937,3.739368474057324,3.7652106504815603,3.7936177561359177,3.825111288384123,3.858498493117202,3.893201422576022,3.931558215519653,3.9711080254920605,4.010980397857364,4.054763805360971,4.099208096851396,4.143225987645459,4.191149005682922,4.23936281238405,4.286560511647437,4.337567297589793,4.388575719383315,4.438136163969873,4.491292363277278,4.544247325125608,4.595602221166929,4.649961723129884,4.704136794076248,4.756893096063806,4.811573227400548,4.866366420650402,4.919740709476016,4.974480672469326,5.029405134293434,5.082831184861693,5.137350392947113,5.192011790477565,5.2450719235193795,5.29910029039494,5.353177276048943,5.4055554939700325,5.4588496780714815,5.512078665433185,5.563592388446471,5.615879952928111,5.668050054532103,5.718571098527025,5.769621748650388,5.8205670455709555,5.869994489034347,5.919621537552658,5.969201771784686,6.017420892120425,6.0654899448003725,6.113578153541779,6.160453488446694,6.206883443080727,6.253377515042905,6.298798173583798,6.343540441699941,6.388395646461046,6.4322951975818174,6.475357424778577,6.5185767180089105
T24000logg3.0,8.80453877908739,8.491178274426629,8.219547757294636,7.905408679247942,7.634294849815283,7.401985705404434,7.132757610516745,6.900133111152048,6.703157810461202,6.4743683507656105,6.276680037869263,6.111392944290852,5.918964269182294,5.752928582151897,5.616045897860088,5.456308322122865,5.318929749583179,5.207511737825121,5.077168520617929,4.965718033112312,4.877129991520918,4.773204117410936,4.685184026815726,4.617047474448069,4.536827653880157,4.469915581567932,4.420031646370421,4.36100313004127,4.312995141304083,4.279161482537436,4.239105463212704,4.207909226216807,4.188215153409988,4.164913021212098,4.1485609200445985,4.141320440306727,4.132628059423279,4.129280642678454,4.133011384203872,4.1368641574727745,4.144797244376436,4.158094766579388,4.172593789490938,4.190177596866975,4.211593066234919,4.235082122009273,4.260769842537889,4.2889328006279195,4.319871883614368,4.352214104525371,4.38593618681327,4.4228256108823105,4.460492227414103,4.498697599294587,4.540186533933132,4.581995507444259,4.623670885553582,4.6686460315563485,4.713573603753597,4.757870125478589,4.805343262189888,4.852505297255665,4.898844871037477,4.947815826260559,4.99645868510907,5.044437732022442,5.093982787626766,5.143482793389114,5.192306994261512,5.242133020325762,5.291983964524051,5.341075904312657,5.390874938506538,5.440664414666134,5.489577057902305,5.539071804133736,5.588461349597089,5.636845237853249,5.685793084812327,5.734504465289122,5.782152133082949,5.83027546254064,5.878082275631583,5.924845713286052,5.971903983728888,6.018625601181507,6.064388942256859,6.110184045478296,6.155669056827267,6.200307843859241,6.244694487897631,6.288805764840919,6.332177101276986,6.375062882493525,6.417690020498566,6.459677842614438,6.5009993046088,6.542094499250554,6.582628392297771,6.622378364841808,6.661942731273482
T24000logg3.2,9.808284971669012,9.482871048033035,9.20066470187858,8.873395360449647,8.590242675777631,8.347435698109127,8.065249949097106,7.820742867880068,7.613463275806993,7.3720069971015345,7.162695030203091,6.987378343361759,6.782660546053127,6.605337842821044,6.45876093580853,6.287169529999883,6.138886579217279,6.018142712541166,5.876403762932508,5.754455022524212,5.656925218077621,5.542077059859919,5.443978879476405,5.367295436835383,5.27662502350431,5.200058037758731,5.142063502391187,5.073010401334239,5.01577116100566,4.9741576004064,4.924600099280992,4.884592427500075,4.857394779016203,4.825152806523699,4.80040146919683,4.785936583399127,4.768836687196352,4.757484387911569,4.754306729458064,4.75020672124947,4.750507947701217,4.757236789342105,4.764164695545321,4.774461030280945,4.789602908571391,4.805891234937875,4.824609287548423,4.846756234301286,4.870852330088035,4.8965173178313375,4.924455250203241,4.954834368751563,4.986090975331798,5.018722920658915,5.054006412104926,5.089649853518928,5.125944869053757,5.164996881456977,5.203986419546384,5.2430883106826665,5.284894708771544,5.326332101297577,5.367668016445691,5.41119700443553,5.45431765171163,5.4974855309681665,5.5417871913487335,5.58595627943035,5.630158813231382,5.674920515753635,5.719622076292206,5.764277044425649,5.80917342614954,5.853984178078214,5.898622110569791,5.94337590670639,5.987946303628624,6.0321912644005335,6.076562151960992,6.120601808597589,6.1642246368648,6.207934195413348,6.251207220028966,6.294044753946724,6.336849200809917,6.3791668440867415,6.421092467374231,6.462788025733691,6.503991212522597,6.544873473589835,6.585309151997741,6.625256653899871,6.66494944136719,6.70402686820142,6.742603862643702,6.780988343085919,6.818634632538943,6.8557919893952555,6.892796065545949,6.928991260335846,6.9647288027393826
T24000logg3.4,10.677026132253383,10.348313509656162,10.063241546809266,9.731884836832824,9.444670484552747,9.198336381703957,8.91136359229688,8.662204878106861,8.450896122135124,8.204141366327708,7.989744181376427,7.810035926156424,7.599649693755895,7.416923210921644,7.265693244729372,7.0881691541325385,6.934258074801935,6.808682617531217,6.660839299647946,6.533113884577731,6.430640464596819,6.309584473141375,6.205623401268994,6.123943173771871,6.027018536981485,5.94455443589846,5.881599401484301,5.806243703898025,5.743111034640829,5.696502177137905,5.64073118497603,5.5948652682177,5.56260985708056,5.524326940669291,5.493777814756812,5.47422647796992,5.451268104351087,5.434195366837172,5.425969870704022,5.416145425673442,5.410805329746116,5.412568091055251,5.4138667817479,5.418604427643707,5.428848914552648,5.4396228293918725,5.452865605235303,5.4701737497016625,5.488878701941271,5.50914997038596,5.532304235364188,5.5574145082379856,5.583356672665629,5.611258942890509,5.641394363894745,5.671804788821737,5.703426806287682,5.737451311710854,5.771291368905871,5.805783555628517,5.842679641224332,5.879054619794471,5.915858969066719,5.9545866058637005,5.992738164159473,6.03146603333805,6.071069891625347,6.110367725498814,6.150237221702632,6.190392317863698,6.230320287174369,6.270758935575035,6.31112687104636,6.351260781571509,6.391787345333098,6.432098920922215,6.472087663247009,6.512310686785723,6.552336572983888,6.591889251655785,6.63156760360984,6.671038769508476,6.709918001770734,6.748879431869045,6.787555947294464,6.825570680158302,6.863681675289404,6.901361833370649,6.938350911537333,6.975476518772828,7.012008905222312,7.047831138587487,7.08382521479856,7.119112153912116,7.1536533406373355,7.188397973359857,7.222360723558264,7.2555738029543235,7.288997775023478,7.321608603508013,7.353496495601463
T24000logg3.6,11.995437755818099,11.658578476199109,11.366064071484502,11.025451791083382,10.729630280873042,10.475520287227665,10.17896882992285,9.920924079329284,9.70165894559695,9.445162242303207,9.221738537668019,9.034009020811112,8.813844776920977,8.622062320627117,8.462837231284498,8.275594477251676,8.112676265323994,7.979195113468533,7.821753401217862,7.685126113528609,7.574881340068922,7.444395974924127,7.331679977079643,7.242399902696507,7.136241389910201,7.0451965023594445,6.974863512356152,6.890456141430728,6.818933104887983,6.765127415624489,6.700550157896392,6.646495842000412,6.607197571435641,6.560395338637646,6.521866035202672,6.4954333573830825,6.46423899005534,6.439396333363,6.424475829097696,6.406673430218428,6.393774084433269,6.389056327630617,6.382602959137609,6.3799892754873415,6.383940572205262,6.3872053030684395,6.393301189359518,6.404480121414081,6.415935656908733,6.429264953816589,6.446448374718141,6.464574465975518,6.483782215183711,6.505874700560307,6.529289214263541,6.553173970760991,6.5791511948175065,6.606714287680681,6.634238940006465,6.663263748944372,6.693943832936972,6.724212953467691,6.755746331420525,6.788475777017076,6.820725376996622,6.854388286746574,6.888189722189827,6.921783961648655,6.956793291381407,6.991327474416137,7.025740691269094,7.061507771738638,7.0964279596779125,7.131219524324993,7.167231649088868,7.202264710543354,7.237063783770578,7.272896269570353,7.307809015063858,7.342306112979781,7.3776908919893955,7.412206623631149,7.446148151042102,7.480892008856547,7.5147627678077065,7.547945369409401,7.581899997881781,7.614916484508558,7.64716951467813,7.680189398973338,7.712192072582086,7.743365652460651,7.775296724580908,7.806179564678518,7.836152793067794,7.86687184949548,7.8965472530091345,7.925269061533412,7.954702285248208,7.9831320256145615,8.010605333531124
T24000logg3.8,16.800421695509893,16.389272743073594,16.032252131757538,15.614017906255954,15.249000646873128,14.935249511809838,14.566754966077774,14.244312023821026,13.969915226886165,13.646752395105509,13.36342856126245,13.124737489212496,12.842801828216977,12.595327136679098,12.388995965729816,12.14451863598121,11.929832529029369,11.752803193337197,11.542314448110965,11.35756239752653,11.207042560032008,11.02736161448068,10.869887251416632,10.743345101791906,10.591512933023251,10.458817707925451,10.35409452378358,10.227147243673176,10.116848424084125,10.030967191165512,9.927059284166958,9.836881520154822,9.767445841539992,9.684436732481782,9.612216423855251,9.557434300675325,9.492854847278828,9.436531202806677,9.395038967132233,9.346235909814387,9.303845779207247,9.274281046967321,9.238831785380988,9.208505189160288,9.189088446329368,9.165198711172328,9.14515618500072,9.134208513412345,9.120193100812905,9.10875834748691,9.10487290156846,9.09901846635378,9.094654080614465,9.096587451509142,9.097326453105019,9.098674857961834,9.10527806782758,9.111309188925484,9.117202077649395,9.127542280222954,9.13769275263044,9.147129827187396,9.160615532844083,9.173679913580845,9.185814264254052,9.202047287699994,9.216912684039286,9.231041037296887,9.249202697371373,9.265439962788712,9.280984775595037,9.300447004424067,9.317649299003953,9.334128185462314,9.35431903313199,9.372191362121047,9.389199546333753,9.409631831878027,9.42793341642536,9.44512767448894,9.465482147232809,9.483917769037005,9.501010456393491,9.521050637235817,9.539348945682738,9.556104760777352,9.575647640424112,9.593573474851993,9.609793865423141,9.628667820335744,9.64603452527581,9.661543373521713,9.679570376273226,9.696242652863626,9.710891348073538,9.727926083191495,9.743776452244653,9.757499150034242,9.773452162663602,9.788399599010411,9.801198511115468
T24000logg4.0,14.459517500699278,14.131241526583095,13.845912663655676,13.512498295393225,13.222075119894978,12.97230944421168,12.67976754955866,12.424387591161919,12.207058947433826,11.951870984973677,11.728777468285408,11.540951303777135,11.319804685232176,11.12635919467831,10.96532103711422,10.775158833944943,10.60888306103286,10.4721455729011,10.310149285577257,10.168724033673467,10.054010424202197,9.917591988385798,9.79885500128617,9.704103368582821,9.590829888776511,9.492723262052987,9.416155509798122,9.323561461473922,9.244100618466423,9.183296535153445,9.10977325597488,9.047050058513653,9.000018804864988,8.943752258812193,8.895947473640618,8.861165973888875,8.820096522381567,8.78547607450081,8.76175190366264,8.733693530177039,8.71060031699768,8.696760732168194,8.679690970445266,8.666544739427723,8.66109038633174,8.653493027466038,8.648791729597347,8.65031991311496,8.650761615829426,8.653094251151785,8.660432230929107,8.667463910960409,8.675539179144648,8.687647741872615,8.699945487101271,8.712619824163715,8.72852876705662,8.745000120001169,8.761289021235097,8.780218994268326,8.799868653797144,8.818926534649382,8.840409837358283,8.862186016996025,8.88329310473977,8.907004844469633,8.929944871757755,8.952493590609944,8.977696431345535,9.001453034098777,9.02493105423958,9.051057323070244,9.075281571066009,9.09925700469997,9.125777040872954,9.150226689072312,9.174336261356348,9.200802533321403,9.22527429802787,9.249210728978998,9.27533242073152,9.299572042392992,9.323080676720442,9.348645352033532,9.372419817047069,9.395296487170263,9.420141643661802,9.443252820959835,9.465326579422687,9.489300299293156,9.511595528703836,9.532721262378367,9.555670169996052,9.577050074419262,9.597111176008678,9.618914308181246,9.639288061669173,9.658237421013808,9.678823220043542,9.69813904435479,9.715987803561816
T24000logg4.2,16.000249244790165,15.678453593127593,15.39863117427069,15.07118093221092,14.785605309376017,14.539877020801129,14.251634620476203,13.999673304731903,13.785112947117454,13.532784640871528,13.311865659136187,13.125715067506254,12.90618776239588,12.713834615080353,12.553530476934231,12.363905464910912,12.197768867393144,12.060944340670614,11.898538891207595,11.756415246323883,11.64090058234976,11.503244257430932,11.383070649431227,11.286904559882178,11.1716613198384,11.071471915586883,10.992996103830208,10.89775727801636,10.815646566441107,10.752448131226659,10.675747055953842,10.609873531204643,10.559973611922864,10.500115228714439,10.448728485778561,10.41066818595871,10.365665030093906,10.327090996925918,10.299759327292204,10.267445992442823,10.240073249578906,10.222365983714091,10.200738912531886,10.183028538248752,10.17346583868057,10.16106892811225,10.151560993322395,10.148764715989708,10.144222347004703,10.141546919286018,10.144375930046056,10.146279201888339,10.149179155125479,10.156623823953616,10.163682438291147,10.171048076989212,10.18216983664917,10.193322564188172,10.204201250376505,10.21825520081314,10.232529980057983,10.24610795680767,10.262669900633528,10.27902827751096,10.294613074152311,10.313388226442425,10.330878048808241,10.347878967297547,10.368154812436028,10.386434544131514,10.404354994242794,10.4255791844467,10.444309700505661,10.462729629010585,10.484369429882454,10.503330232174456,10.521894805286433,10.543495646183974,10.562503363425328,10.580910575401,10.60217448418456,10.620989785613974,10.638989576232941,10.659699348520181,10.678101616423389,10.695493579284186,10.715483443795975,10.733283372582651,10.749901174642476,10.769019129536908,10.786072355291298,10.801774520691593,10.819867421893886,10.836078959996197,10.850751881758704,10.867700615220112,10.882981875831,10.896583046791134,10.912319246163813,10.92661378803102,10.93916078812941
T25000logg2.8,8.225356057420075,7.927196669380815,7.668016226023692,7.36991947137487,7.113569722987968,6.893342721510899,6.639587256111986,6.421207005396049,6.2358746944907955,6.021912570566205,5.837877074323547,5.683733096330913,5.505422851592041,5.352394201603096,5.226110436779013,5.079747836580373,4.954701228249408,4.853314252926784,4.735593050269734,4.6357951866784655,4.556668384853765,4.464629532631913,4.387596752466038,4.328362872559317,4.259319315638894,4.202747032791085,4.161165129213413,4.112677051277285,4.07437215000755,4.048437279184209,4.018105901693543,3.995981919072937,3.9838599408126347,3.9694119368008147,3.961519112289375,3.9615109089691716,3.9608642580350866,3.965395395566647,3.9759396059107233,3.9871790320936498,4.002451173534192,4.022092354562082,4.043452842250629,4.067884758080718,4.09524300834824,4.12509653164596,4.157201449001464,4.190978207832631,4.227834407670111,4.266234298278267,4.305306228148415,4.347734939172258,4.39117409955802,4.43452742203271,4.481250501222958,4.5286118278710035,4.575286226439075,4.625245806902081,4.67555250166414,4.724733412370752,4.7769852624326505,4.82938462975924,4.880511199373093,4.9340881398589715,4.987842955465229,5.0405231833992294,5.0945178081958,5.149011615368776,5.2024239328561075,5.256585914928276,5.311316204676555,5.364856088528154,5.418912724022114,5.4734670642362575,5.526694167187817,5.580362256259246,5.634398351827287,5.686979719029871,5.739994189143011,5.79322870149534,5.844967251481959,5.897036473218187,5.949243418073861,6.000000618761953,6.050880452033974,6.1018830847186285,6.1515496190528385,6.201040632967857,6.250687792351886,6.299140209665727,6.347096583441376,6.3952517887304765,6.442346933909035,6.488679329764894,6.535234675853602,6.580857133250104,6.625515390734496,6.670421914173563,6.714503429802355,6.757495986572987,6.800753515037238
T25000logg3.0,8.370323676264258,8.069237020080669,7.808165607528878,7.5067174654797695,7.246870108879621,7.024181941669214,6.766547923785538,6.544256037639933,6.356042933803423,6.137836705637977,5.9496110494559105,5.792295810324172,5.609517243333906,5.452138762550953,5.322504809383052,5.171565006662188,5.042099860706354,4.937268270868105,4.8149370187732625,4.7107115586035135,4.628101758065377,4.531466637278018,4.450035251360351,4.3873189305533185,4.3137286551223095,4.2528201485024315,4.207831372564075,4.1548435632750325,4.112301330235038,4.082936609261909,4.048328250909518,4.022103530842779,4.006514668003343,3.988095682490427,3.9762661707034153,3.9727986603774217,3.9684829931980237,3.969251317623888,3.976428911883268,3.984229037281862,3.9959129737285393,4.012348102222641,4.0304307497083975,4.0514410810742065,4.075725704225038,4.1024720161719905,4.131303129218234,4.162107687113367,4.196017645713097,4.231261175854214,4.267432419311845,4.307045981835087,4.347408626623618,4.387900958445235,4.431905646059162,4.476239104441766,4.520067083230493,4.5673821661694545,4.614691103196863,4.661028911326702,4.7106947922141424,4.760118623126657,4.808404679281129,4.859444421358279,4.9102455937541345,4.960084677722621,5.011594235055054,5.0631599493087105,5.113764576366913,5.165463535499309,5.217294667400233,5.268090328376228,5.319680412144391,5.371369698739454,5.421915643095632,5.47312467757265,5.524337814307315,5.574291709843417,5.624875925595387,5.675335708632911,5.724494018405371,5.774176340358158,5.823659015787705,5.8718777970349265,5.920420275008535,5.968749931211758,6.015917515047956,6.06312718970041,6.110156620676899,6.156151974959787,6.201887871222963,6.247484504222044,6.292167986696028,6.33634300893978,6.3804004827043705,6.423658908397437,6.466216367270136,6.508688923509268,6.55045458616489,6.591393198024084,6.632282702827839
T25000logg3.2,9.096761778358228,8.787334196308642,8.519086220400382,8.208386896125209,7.9398882026773725,7.709776489952367,7.44270019636139,7.211609310081545,7.015868186176686,6.788184112797671,6.5911462320745535,6.42631493950842,6.2341453503345825,6.068042269082957,5.9309885263407125,5.770825561737592,5.632793709491902,5.520697724988357,5.389370636861096,5.276788240894888,5.187113154696003,5.0817537325685604,4.99221355758853,4.922664289523391,4.840644812935324,4.7718971520957485,4.720364575129114,4.659217417036202,4.609121327705385,4.573409638163102,4.531028643896887,4.497548445931726,4.475772079109538,4.450022726829385,4.43124172179216,4.421763548355292,4.410543926266767,4.404662723642799,4.406059807160986,4.407317562983047,4.412642711661351,4.42356184353343,4.435400929248935,4.45032785995005,4.469329834490418,4.490132943239735,4.513138622217174,4.538865022018794,4.567124348953099,4.596780271060858,4.628057789454171,4.662293944636645,4.697287153880164,4.733054488970026,4.771933837177681,4.811098248649909,4.8503567326069,4.892778876525554,4.9351044551017385,4.977022078016419,5.022005761850408,5.06661943734525,5.11063682039646,5.157179962461182,5.203335595218683,5.249056826686267,5.296238339267508,5.343316346695482,5.38995998786166,5.4374787327242196,5.484974080902185,5.531969114138818,5.579509624615159,5.627008356910621,5.67389857018713,5.721187930738154,5.768347401456977,5.814768733182575,5.861568193168994,5.908104377501178,5.953836084991113,5.999871957577244,6.0455546726529406,6.090440036068096,6.1354734822098,6.180120340973079,6.224038488070743,6.2678726188872735,6.3113304639029195,6.354154773534038,6.396644878271,6.438778801968245,6.480368274518726,6.521423623636659,6.562124288598712,6.602363882703025,6.641917387074685,6.68113685077427,6.71995650941396,6.757995119679297,6.795734609767466
T25000logg3.4,10.179801507146786,9.860575325752281,9.583621867965428,9.262099322773235,8.983633594298118,8.744730330693487,8.46679693395377,8.225715639589513,8.021220157297236,7.782779387551492,7.575837847861263,7.402376247281111,7.199634117845637,7.023789479048524,6.878289673953784,6.707801610542854,6.560243562752748,6.439926580195867,6.29855828784182,6.176699717746372,6.079055262753905,5.963967121352751,5.865426815947794,5.788182922126875,5.696760188371886,5.619304866638338,5.560405802601757,5.490144216679787,5.431637840651679,5.388798216933515,5.3376776235337955,5.296082691245415,5.267366513810501,5.233294820729434,5.206692040824417,5.190466809737969,5.171324190864195,5.157903537952196,5.1527808605773835,5.146451550172202,5.144504527266986,5.149155548381129,5.153688037905706,5.161592370695895,5.174541739916798,5.188318234690537,5.204533955221265,5.224394149189653,5.245904265753088,5.268989019692247,5.294571068101895,5.32232588853491,5.350956368374564,5.381190300372078,5.413842451620849,5.446842448605227,5.480722049350217,5.517158880066988,5.553510028261925,5.590204024113865,5.6294252224924675,5.66824784301302,5.707207785077911,5.748188181683711,5.788732566477846,5.829571495379432,5.871369862232897,5.913011626308309,5.954950873337463,5.9972497470000645,6.03947620092225,6.081941084288005,6.124409473363066,6.1667959027062835,6.209306167270466,6.251671583026775,6.293863249092092,6.3360277563682255,6.378054799169135,6.41975671500952,6.461333559588967,6.502748262802337,6.543720808006086,6.584537446055174,6.625098604375967,6.66515041354009,6.705073947245361,6.744578474029656,6.783548182927842,6.822443602828565,6.860740948067979,6.898487991159759,6.936209441527984,6.9732021274427165,7.009612564157852,7.046042180691658,7.081655252361799,7.1166814813666175,7.15174908089444,7.18595958349341,7.219604074657892
T25000logg3.6,10.880850339502963,10.565870332997642,10.292545123713186,9.974702029173121,9.699040865655384,9.462473302070142,9.186783735354505,8.947283469708307,8.744036896525161,8.506632934944662,8.30024183536556,8.127125436346034,7.9244196374845615,7.748263214041987,7.602359362685806,7.431070924096782,7.282475188801182,7.161129952835874,7.018263101290016,6.894757704814431,6.795567268836267,6.678396678789179,6.5776958761345785,6.498479660866133,6.404480428002577,6.324434486844871,6.263249144705017,6.189967415571746,6.128518050909605,6.083075368054859,6.028641741777727,5.983817010368371,5.9521958748184,5.914620778929784,5.884557086274212,5.865179796213239,5.842393590540552,5.825327530708547,5.816880978743711,5.806774535599575,5.801032514508641,5.802246755790957,5.802874447813162,5.8068674762104395,5.816283507774541,5.826075773931295,5.838293777906441,5.854541439911478,5.872021022521514,5.891043459428257,5.91295096247602,5.93665102038994,5.961175823693033,5.987692654800313,6.016289609193092,6.045165152026911,6.0753069881003,6.10770807717056,6.139936033639049,6.172893925174622,6.208112390903348,6.2428321371292705,6.278084875577114,6.315099596428901,6.35157690370722,6.38875539960175,6.426632671132197,6.4642551487603095,6.502601095537227,6.54102144781759,6.5792843611566,6.618233786365013,6.656864282671481,6.695344723129509,6.734409698697352,6.772987926255558,6.811333689298893,6.8501137509266,6.888417831174283,6.9263360645615375,6.964580452133414,7.0023458955806115,7.039596614685721,7.07712536854189,7.114116694598637,7.150508921388819,7.187185370826688,7.223206099918757,7.258582622430964,7.294272608996214,7.329176736386846,7.363398915710995,7.3979571704757054,7.431649165156772,7.464604441392682,7.497914226098991,7.53031593179778,7.561956889871287,7.593947732172309,7.625028934926723,7.655360510599753
T25000logg3.8,11.73198945313782,11.420693621580225,11.150258518325096,10.835541558160937,10.562335178205316,10.32758228318667,10.053795961396089,9.815699042326397,9.613360350596736,9.376827849577749,9.170942842849842,8.997968325843797,8.7952534581554,8.618832696669536,8.472421184072083,8.30037519460872,8.150856588926336,8.028455290299565,7.884195246931869,7.759202892083014,7.658492294367335,7.5393887978044765,7.4367219200178845,7.355601078153328,7.259210309103978,7.17678960532737,7.11340048936439,7.037309135953389,6.973134165730222,6.925208799195875,6.867639562925732,6.819795372543284,6.785435654923452,6.744482310778545,6.711151961661981,6.688819779799317,6.6624544811035324,6.641913503479169,6.63034062377388,6.61648451217861,6.607096021274231,6.605056386615001,6.601783790140783,6.601988019669696,6.608037592538317,6.613819527773612,6.622136692289844,6.634925549384035,6.648324960644487,6.663369037234329,6.68175268865678,6.701338342251639,6.721838201330255,6.744791498401431,6.769265109877673,6.794093957776039,6.820655487663965,6.848947765305329,6.8771335380470155,6.906521762768148,6.937664164729464,6.968368494753502,7.000096427365452,7.033070541968137,7.065576743121454,7.099300263876684,7.133175478812075,7.1668834333122895,7.201851671232108,7.236316841727962,7.270725352822471,7.306375990693693,7.341099498464693,7.375785971049861,7.411616928108044,7.446350360878259,7.480961487468478,7.516558753311614,7.551089323434096,7.585329640532445,7.620431753817215,7.654500571963908,7.688128442722034,7.722547828403508,7.7559234757532,7.788745983788123,7.822338944733508,7.854825713698128,7.886681186330576,7.919308297328532,7.950759894025152,7.981510858998696,8.013027148645106,8.043350501985026,8.072887074485372,8.103178047682153,8.132296737921978,8.16057521901559,8.189573427195276,8.217454758775183,8.244482197429353
T25000logg4.0,12.588850736984227,12.288642729770206,12.027918453933118,11.723899306153045,11.459614056318111,11.232587363126285,10.967283723183765,10.736226592627297,10.539909989650198,10.309954615971236,10.109479712293243,9.941066403287461,9.743290928883678,9.570867865126424,9.427762723181491,9.259241527688728,9.11249323055294,8.992318172444467,8.850359014230662,8.727068019689487,8.627651767937046,8.509788965446383,8.407891108073946,8.32726689905771,8.23118661428172,8.148720268638208,8.085177504842564,8.008550147614638,7.94362002425604,7.894912839824043,7.836142060393877,7.786925580147716,7.751192751363153,7.708514191674119,7.673278981359529,7.649062728249552,7.620532402698345,7.59762987126533,7.583764052234963,7.56733883523863,7.555193212033768,7.550537484985049,7.544322126392214,7.541429080072607,7.5445713677970145,7.547113328432662,7.552047416842008,7.561672430349805,7.571600122120425,7.583022559569809,7.598023609385076,7.6139566195574595,7.630640789806137,7.650032238236078,7.670715869640723,7.691576635653164,7.714434881804955,7.738836227099861,7.762937188127641,7.7885174195878,7.815696929305824,7.842235139433811,7.8700875780430355,7.899054350326258,7.927345380689879,7.957153501646207,7.987000762500449,8.016465436568224,8.047520457604564,8.077927527432836,8.108079706698902,8.139843072351297,8.170482215024292,8.200913303123288,8.232887532170121,8.263527371787333,8.293892946908235,8.325660057937114,8.356104419917266,8.386114903426417,8.417407046377916,8.447414129711543,8.476832858588207,8.507457362804253,8.536808504107324,8.565447398527725,8.595257936937667,8.623768546013562,8.65147126842531,8.680328627858916,8.70786045225265,8.734493660107193,8.762254811696419,8.78872006844221,8.81417792555258,8.84073072465307,8.866052932747333,8.890294735672116,8.915573308904182,8.939714276163027,8.962751597471712
T25000logg4.2,13.715471082658208,13.420971909079999,13.165004849634842,12.866265489502538,12.606334039627868,12.382853665516516,12.121430656006487,11.893515462794017,11.699676145179401,11.472369694039502,11.273967399924512,11.107100594469635,10.910904026992025,10.739615360488365,10.597247603756603,10.429368197899752,10.282926261439671,10.162781990564762,10.020642458149016,9.896926967198134,9.796923858910526,9.678159593912161,9.575192884076705,9.493449214515863,9.395831629929395,9.311732442807743,9.246629719902273,9.167895595948295,9.100843363504298,9.050171399961831,8.988828527423209,8.93706541952205,8.89899247625413,8.853372485869933,8.815226916289078,8.788347884748996,8.756566609598634,8.73044283346007,8.7136496256111,8.693704232983492,8.678074305838336,8.670284383650928,8.660311963791585,8.653716599226474,8.653544973967078,8.652148472894838,8.653202515685745,8.659359346569126,8.665216286174207,8.67261822448357,8.684026406137782,8.695794644905643,8.708352972972847,8.724057244112485,8.740515389460029,8.75717798339705,8.776285155762004,8.796428420583126,8.816288075199495,8.838083631798941,8.860992815228329,8.883270865365427,8.907341889287979,8.932028820151645,8.95605844933868,8.98211178294598,9.007675714730851,9.032890538733342,9.06022903516167,9.086358116037225,9.112281594029367,9.140372424111813,9.16674650677669,9.192973340541316,9.221308715496782,9.247711094765807,9.273898673624432,9.30205084630784,9.328298165937412,9.35415788296124,9.381851295570526,9.407709889631377,9.433005648395326,9.46004150739805,9.485298573351756,9.509842340516006,9.53606935022966,9.560545646466426,9.584181705389208,9.60945862144989,9.633018879309903,9.65561597873487,9.679799558517919,9.70236007493746,9.723814819228972,9.746794519017206,9.768280369147844,9.788554685608352,9.810266701209319,9.830637424845087,9.8497464714198
T25000logg4.4,14.80968760045166,14.529503085713824,14.286010133685028,14.001387506354536,13.75350453808615,13.540405993452698,13.290724783020243,13.07282750799747,12.887521998437993,12.6698595895391,12.479666586469197,12.319705874522302,12.131297338908217,11.966604986343532,11.829706807426405,11.667970927915956,11.52668816930441,11.410746411593568,11.273299647587903,11.153469317745396,11.056556570290313,10.941207315419092,10.840995381796414,10.761371328894896,10.666030421602501,10.583680913062667,10.519869694326871,10.442379539494377,10.37618606916323,10.326042026156482,10.265071185407525,10.213380155042826,10.175134446496825,10.129152330365027,10.090387002441219,10.062718572116072,10.029944044792705,10.002595822633412,9.984490274074979,9.962988486227188,9.945603794651738,9.936066883005157,9.924027952623526,9.915215039946965,9.912904815995853,9.909016884291333,9.907454233462595,9.911124784761192,9.914143730147622,9.918590095821626,9.927212448950053,9.935860433095023,9.945181254003705,9.957848853425418,9.97096119230196,9.984155886069153,10.000022042698527,10.016641051898,10.03284763026318,10.0512407361209,10.07048352786916,10.088962096742232,10.109509915207434,10.130418144063981,10.150536984039856,10.172977361587675,10.194679790183882,10.21590136544594,10.239579874152115,10.26177187960101,10.283642674546549,10.308055835418621,10.330427220448893,10.35256016520733,10.377206439808361,10.399563877799096,10.421629211293265,10.446080607758574,10.468263257149593,10.489983938626992,10.513964887332467,10.535759006186584,10.556908396407579,10.580219287863656,10.601426640410272,10.62182145956953,10.644309107692521,10.664760377638153,10.684249840178811,10.705773641255528,10.725342347860908,10.743800994168094,10.76422090299878,10.782830636679119,10.800161452775114,10.819370731355741,10.836951651430809,10.853121597313748,10.871060374727474,10.887570187684315,10.902601490626878
T26000logg3.0,8.359617798660262,8.060149380502411,7.800119797355495,7.500325238668585,7.242071675795008,7.020437224612193,6.764444839141615,6.543731758549163,6.356588935836439,6.140016340499024,5.953355796167747,5.797124035147361,5.615958688824242,5.460116199321052,5.331561271463094,5.1821912894207,5.054217621485463,4.950445561260296,4.829631854683024,4.726847329826981,4.645271537758419,4.550103179294309,4.470066073368093,4.4083593866286614,4.336188947851996,4.276626744141248,4.232603736133171,4.18099310514072,4.139735732228232,4.11134239766683,4.0779873766379575,4.052970540135062,4.038368583820804,4.021043321346592,4.010336618095885,4.00785392894904,4.00448398308233,4.006292946314599,4.01441831692598,4.023058571281546,4.035707257903518,4.0530362937643805,4.071883823770092,4.093794093590292,4.118927918435586,4.146376797176702,4.17605727314028,4.207677434248122,4.242244666521841,4.278305535336155,4.315273637375361,4.3555196831199225,4.3966886676596415,4.437976280510372,4.482608801560524,4.527756402221625,4.572393823568976,4.620347312752015,4.668491028898792,4.715664889278389,4.765984846671093,4.816269582809331,4.865425084990097,4.9171355066951925,4.96882497541518,5.019569937031511,5.071763685035555,5.12424259968619,5.175778739923298,5.228180873015345,5.280944600463912,5.332680917854917,5.384997220245127,5.437628606801138,5.489112754963889,5.541061042060654,5.593210879349372,5.644090308154208,5.695412381114853,5.7467927724716095,5.796857080145728,5.847266274248531,5.8976459230354,5.946745562606341,5.995996858912376,6.045193646070542,6.093211876587529,6.141105968329069,6.188966683439851,6.2357774386746785,6.282168004394162,6.328555868094146,6.37401592278733,6.418812630265651,6.463619098927747,6.507613438975491,6.550760747780705,6.5939389252768805,6.636401094168733,6.677902784769292,6.719456124863601
T26000logg3.2,8.631872538395683,8.33326683351889,8.074349819118325,7.774913584619172,7.516441578164896,7.294913772247888,7.038227599717526,6.81642621604738,6.628586143172699,6.410492000210319,6.222058461562807,6.064499701066971,5.881174221572044,5.723030338044819,5.592664091543285,5.4406499017355,5.309974205058194,5.20402429492729,5.080203414459095,4.974413417107902,4.890382638920058,4.791930618555115,4.708657161304653,4.644287620618243,4.568624129264076,4.505654240662407,4.458858231172959,4.403568153483684,4.358792841156806,4.3274563557259516,4.290416680492644,4.261827743234259,4.244114303615908,4.223199655171056,4.208910448502516,4.2032017620097735,4.196358127957771,4.194602931357645,4.199476504419749,4.204717680298969,4.2138354176680215,4.227948090000721,4.2434340812255344,4.261854993117479,4.283802515695074,4.307950691604523,4.334186855292501,4.362645168901914,4.393977921377662,4.426632851344355,4.46045667018996,4.497530312044843,4.53532378333119,4.57347814318868,4.614991402002042,4.656785696863909,4.698294893345611,4.743177790446258,4.787988113538691,4.832040446022284,4.879335417734474,4.9263089537200955,4.972357595805459,5.021086863648375,5.069493177966389,5.117149559255906,5.166411525134524,5.215641919626943,5.264135434250474,5.313638035415291,5.363195094370809,5.411960277694657,5.4613952824278025,5.510868890917581,5.559454647213537,5.608551211426884,5.657601445775513,5.7056495637444735,5.7541699362357575,5.80251575391261,5.849810117550283,5.8974824510941515,5.944897351694695,5.99128541794301,6.037874789747022,6.084179982273032,6.129544329078874,6.1748580056590585,6.219904620165389,6.264121675429212,6.30801897006457,6.351674547181014,6.394605091220825,6.436998331468133,6.479156996787133,6.520688816768083,6.561518215186276,6.602135709235014,6.642202611168758,6.681462273278878,6.720542097792638
T26000logg3.4,9.385889487437076,9.082955068622715,8.82021754932568,8.515634191617677,8.252170763917565,8.026259591068452,7.763850168573665,7.536573828688148,7.343948385138597,7.119727137475902,6.925481284314214,6.762864558582329,6.573153176992577,6.408983045732154,6.273393518421454,6.11484610463032,5.978020488471351,5.866760084181196,5.73633562510154,5.624339640089456,5.534969507268605,5.429905068930018,5.340421879981951,5.270732315195122,5.188492746047316,5.119352602397963,5.0673298642130655,5.005499940661011,4.954626184754716,4.918098811641066,4.874671391691701,4.840086556691691,4.81720002950093,4.790120765864856,4.769960815193828,4.75912516443016,4.746345432577501,4.7388570872245595,4.738703430565662,4.738201873399747,4.741732035899475,4.750958282970816,4.760864344576856,4.773843272682385,4.7910294810844665,4.809769246897272,4.830704620488946,4.854513163319757,4.880618098453857,4.908113941638268,4.9373969828609106,4.969423249127365,5.002197409000296,5.035919068928911,5.072563066039222,5.109476883672254,5.14666211415049,5.186847163752937,5.226912715020976,5.266753613315264,5.309512711995091,5.351875656766976,5.393837010406487,5.43817499015049,5.48210397461431,5.525804088458697,5.570810419052886,5.6156966374241755,5.660373081221465,5.705741334614703,5.751083262846506,5.796171687897217,5.84158218883973,5.886963946911067,5.931997598212769,5.977181517390552,6.022256038481684,6.066856687147291,6.111581406027021,6.156060888735456,6.1999959441348045,6.243993335110296,6.287645712449559,6.330750766328792,6.3737856285277985,6.416426588076445,6.45857551611069,6.500453187038568,6.5419297843174045,6.582994257233657,6.623571646722411,6.663748651562227,6.703586869419029,6.742773326017115,6.781542674511632,6.8200411863340635,6.857769400607399,6.895084867712201,6.932175335009438,6.968428910738816,7.004294312813538
T26000logg3.6,9.962853138592521,9.664645901416096,9.406029881684248,9.105665832051976,8.845497998736187,8.622411486441681,8.362780254206886,8.137574263075567,7.946677604309369,7.7240236478596085,7.530813006083372,7.369008816547418,7.179852418690608,7.015844793419235,6.880302580444602,6.721457619029138,6.584054177596992,6.472198351817584,6.3407598124864695,6.227562464828492,6.137062260646265,6.030388202367005,5.939181271514635,5.867922245822598,5.7835693024019434,5.712266730437192,5.65834835624493,5.593952201837059,5.540555276465755,5.501796473714741,5.455506542354013,5.4181053898289395,5.392667171780207,5.362540212014207,5.339328824022383,5.32568020295848,5.309713399701135,5.298983077572318,5.295833815486975,5.292005240453524,5.292136931858106,5.2982420893786655,5.304687051226851,5.314140011360774,5.328096060246153,5.343280169424285,5.360589319820033,5.381078820434356,5.403563078872422,5.427355614127764,5.45325028918516,5.4816149138191035,5.510630635614705,5.540913482702561,5.573873870382324,5.606993284113689,5.640706744335824,5.677205689436729,5.713461241109003,5.7498185633246255,5.7889023701325435,5.8274569127293585,5.865946998487242,5.906628441349305,5.946767779154753,5.987026564590799,6.028404663468466,6.0695329909914335,6.110817758323332,6.1525878586797536,6.194214524623673,6.235978283246116,6.277819792499211,6.319535586884298,6.361308927371695,6.402965927265575,6.4444302108129445,6.485829697999506,6.527086900370423,6.568018661091049,6.6088074770941025,6.649409221850095,6.689580112049304,6.729589949472988,6.769310947307056,6.808539729786034,6.8476427161931275,6.886294270344331,6.924430966539151,6.962499292844116,6.999943992358524,7.036857789208545,7.073753346620907,7.109903900642067,7.145490544948713,7.181103076513534,7.215891692230738,7.250108544645445,7.2843715193939556,7.317775526519808,7.350627325845114
T26000logg3.8,11.180575959834453,10.875672669424128,10.610680115772439,10.302634658251126,10.035393303087078,9.805686279601206,9.53811189340109,9.305597501719435,9.107953687345892,8.877224158710579,8.676579147726184,8.507988665069645,8.3107104375662,8.139215271040914,7.996903347248969,7.82995052850711,7.6850632915207395,7.5664985524736155,7.427016732674538,7.306384476012642,7.209270179294133,7.09465832429882,6.996103493361488,6.91835900629138,6.826202213582885,6.7476678203570675,6.687436889892074,6.615362604581132,6.554862664081824,6.509943857154584,6.456133120580389,6.411763430779006,6.38029553569598,6.342831797840703,6.312790358172058,6.293242995671122,6.270126797093523,6.252710401821817,6.243804282708954,6.2330089277197915,6.226601984164585,6.227109403623564,6.226755878744413,6.229822823946686,6.238326542215688,6.246903252094293,6.257987422784689,6.273161990003079,6.289251026824578,6.306987965903938,6.327707610895249,6.34989663797938,6.373033909435905,6.398288576314052,6.425298621066057,6.452725756254665,6.481566436604136,6.512341490005252,6.543094379468176,6.574744819354756,6.608323416904441,6.641568844965802,6.675540424255024,6.710916408964328,6.74594133297491,6.781887174728797,6.818137114239491,6.854339121403969,6.891505739592295,6.928314800634064,6.965188433373928,7.003007465688287,7.04004630565329,7.0771657054461325,7.11513472403024,7.152145812741392,7.189149908474832,7.226852247620441,7.263612413797049,7.300199456814282,7.337371885803684,7.373617452333853,7.409544175763079,7.445999385677755,7.481495986906388,7.5165680065267955,7.552162368531493,7.586712986653539,7.6207688996059675,7.655363147832191,7.688820669631722,7.721721272144647,7.755169233238648,7.7874400973777504,7.819075604544482,7.8512627300349855,7.882272478789217,7.912598085832934,7.94345688991373,7.973177571476684,8.002199671766073
T26000logg4.0,11.284809661416425,11.003588559886946,10.759481281990553,10.475342038532405,10.228752955957969,10.017094012598255,9.77020674598295,9.555607099295448,9.37348183306157,9.160568812033715,8.975379771767352,8.820061679242112,8.638048762476961,8.479812083059784,8.348786428104319,8.194841949799672,8.061254661270617,7.9522215811921715,7.823744362976921,7.712660270646172,7.623521424687246,7.518128083645589,7.427554109102701,7.356410605540473,7.271880720105772,7.199926483267935,7.145109649089463,7.079214067749465,7.024049246557437,6.983450447437627,6.934597888881705,6.8944675438045975,6.866323661967416,6.83278418373656,6.806015043074362,6.78891394868689,6.768816278457588,6.753817251407562,6.746603684697838,6.7380111209791425,6.733264110822035,6.734811082103297,6.735928768497445,6.739985873562891,6.748951485915922,6.75836410421436,6.769851108361381,6.7849842091340555,6.801355409862187,6.8189828661473,6.839223711276118,6.861217843825466,6.883802957429852,6.908201918980838,6.934608763697597,6.961103251342389,6.988766736297833,7.018592489085061,7.048093560636197,7.078300284945066,7.1106431455142785,7.142373025900382,7.174684751953613,7.208586480893205,7.241880283418345,7.275983563272139,7.31057505329547,7.344874753864257,7.38007118883971,7.415062030826032,7.449899023853504,7.485663947125822,7.520742721372149,7.555720679160705,7.5915754564500215,7.626517628578795,7.661305253627132,7.696853858910185,7.731468943540402,7.765790291522025,7.800783357562668,7.834836298152919,7.868467472745906,7.902727052579223,7.936007817874595,7.968770443450037,8.002161039381333,8.034492692263376,8.06623902466113,8.09862993499018,8.129882433122212,8.160487128529315,8.19174271483272,8.221836437385049,8.251200938130799,8.281214920401842,8.31008294268031,8.338169053006338,8.36687810088434,8.394490856877624,8.421308965897449
T26000logg4.2,13.137507768859239,12.847016768683083,12.594313448831851,12.299794053462117,12.043739876873722,11.823407033921352,11.566051501625969,11.341886008458712,11.151084913266693,10.927702191562654,10.732922849294662,10.56898485740325,10.376560659106229,10.208760575898662,10.06920668920405,9.904944915934973,9.761856828452743,9.644412354104613,9.505744650083972,9.385255485616689,9.287845013971847,9.172415008406611,9.07255424627089,8.993299722955129,8.898892421819184,8.817785599305243,8.755054738679714,8.679428009700825,8.61525468848997,8.566896912813796,8.508498188311677,8.459499502897451,8.423714378531303,8.380846349632128,8.345356739537275,8.32073556264457,8.29153597672243,8.267970604934598,8.25338016066923,8.235891334188485,8.222733412077265,8.217076028341978,8.209473079187838,8.205275779740617,8.207185349082224,8.208076194513808,8.211469643809616,8.219677968322413,8.22774906193494,8.237448892850992,8.25089414677249,8.264817419337575,8.279645703164654,8.297382172462166,8.315948057668784,8.334861065476275,8.356000501794906,8.378212644976475,8.400308387868275,8.42413754820915,8.449083223024292,8.473585524872522,8.499689767758287,8.526389328256247,8.552634382241857,8.580719466089247,8.608275951408004,8.635695845721795,8.66505251134683,8.693162694545421,8.721275857991566,8.75136264186485,8.779707495386344,8.808105568926694,8.83841351401637,8.866772740924088,8.895109915227588,8.925211461992113,8.953395690003784,8.981380692561247,9.011001967403919,9.038773485344091,9.066170311993126,9.095115493761336,9.122259056448978,9.148878625370264,9.176997650646253,9.203330387071794,9.229016170468224,9.256168220906162,9.281554018394326,9.306174186820453,9.332216809227809,9.356571415083016,9.380024709719024,9.404849099387219,9.428102397205816,9.450351216180543,9.473894689195543,9.496010719575526,9.517067860772526
T26000logg4.4,13.700426548424923,13.427771025637888,13.190498282488083,12.913936222552572,12.673468327149711,12.466491238148967,12.224715240362169,12.014106005443463,11.834810120518409,11.624877453702009,11.44182247874162,11.287739547688842,11.106864351612577,10.949142785087012,10.817978308485582,10.663571698404745,10.52908395618623,10.418724653451244,10.288396672561493,10.175176403054271,10.083686552980371,9.975235644204488,9.881439391303674,9.807066059163489,9.718405126708646,9.642273416838414,9.583502709348005,9.512510029408931,9.452336461652468,9.407124576558548,9.352373182525696,9.306510997846097,9.273148921738994,9.233064965346513,9.199943731216798,9.177099410176965,9.149922576394616,9.128042397399092,9.114651908262001,9.098520870842439,9.086443427818415,9.081480443013472,9.074647895494765,9.071001706220343,9.073161218299365,9.074322638799874,9.077811285413652,9.085885343110093,9.093803477156722,9.10321008429237,9.116193333370973,9.129609448180371,9.143818652521583,9.160818697709935,9.178584021039171,9.196606741005464,9.21678331890994,9.23795247744028,9.258936460347448,9.281624664691163,9.305329058781314,9.32854340947069,9.353379460398163,9.378666963065676,9.4034824024949,9.430201552456676,9.456203690048644,9.48207719304188,9.509992985393149,9.536426352639744,9.56289534439522,9.591480653086242,9.618045804856145,9.644716841419603,9.67346568382499,9.699965820015397,9.726505738195945,9.754996101093889,9.781260143988472,9.807388519835634,9.835349557006545,9.861154348893617,9.8866424663349,9.913879030921064,9.93902178243253,9.96368747601651,9.990051037944788,10.014360677659504,10.03805505292286,10.063409414606745,10.08676149088652,10.109363080486993,10.13357220856341,10.155892811060175,10.177307305093859,10.20026683493203,10.221492128134141,10.241685371662555,10.26333536860977,10.28343114243026,10.302418357916583
T27000logg3.0,8.873029247226349,8.566143419449352,8.29890850043233,7.991271274845816,7.726264226304026,7.4981358108651195,7.235075505376171,7.008252195407615,6.815284219139038,6.592359247008238,6.400182206936968,6.238731359025464,6.05185582180788,5.8910369008832815,5.75780877355928,5.603310391242496,5.4708524968061125,5.362899474659812,5.2374803261757545,5.130656474834942,5.045340333157665,4.946035157581797,4.862360541265056,4.7973088602560106,4.7214221062522475,4.658582459611544,4.611550700565451,4.556606754699467,4.512385584651774,4.481344320073733,4.444914631952403,4.417201720256607,4.400291493346131,4.380079310077982,4.366904588131076,4.362401676774165,4.3563098663292905,4.355850951107705,4.362174603884817,4.36827771844431,4.378841530430774,4.394541554388669,4.411047640518584,4.431041926311036,4.454706766598684,4.4799920225103325,4.507917751582562,4.538220400815065,4.570799907805352,4.605271999129456,4.641077023170514,4.679517027716603,4.719272410426362,4.759558900246814,4.802570961669988,4.846487069858547,4.890291093730016,4.936811727398644,4.983908233195759,5.030422495404525,5.079486095261467,5.128900892100624,5.177578107529669,5.228180646118379,5.279164184790552,5.329612495993347,5.380821395229713,5.432744061190089,5.484125653716335,5.5356765905165215,5.588016384221454,5.639696901024797,5.691303509812181,5.7436208433831535,5.7951205101435415,5.8464844721514195,5.898406531351837,5.949352542807005,6.000192932871867,6.051408281995183,6.101572691842552,6.151579749554079,6.201840006819991,6.251061341255215,6.299975261201747,6.34908716671431,6.397240078515135,6.444848856471648,6.492648066020563,6.53959725841166,6.585741038462116,6.6320780346596555,6.677668890675643,6.722245349557106,6.767001399343091,6.811110978710459,6.854060296873298,6.897181336248863,6.9397402878420555,6.981065649697318,7.022552678337545
T27000logg3.2,8.576922798954461,8.279521919848104,8.021350526083717,7.723193123862139,7.465992547342585,7.245296511559346,6.989960499383868,6.769484098431691,6.582545733456511,6.365849662298948,6.178773831271329,6.022165075576162,5.840261283103654,5.68348822875955,5.554100517844054,5.403508587245804,5.274195859542427,5.169232773930551,5.046816673840259,4.942371057196483,4.859324792656374,4.762255384211104,4.6803023717466,4.6169081115108535,4.542599108870521,4.480918820186172,4.4350632338079965,4.381106279171705,4.337578530605368,4.307196425973445,4.271396394846443,4.244001889802733,4.2272709429454,4.207468497078324,4.19431401833321,4.189600567013132,4.183748168495494,4.183066215772884,4.188912012104767,4.1950597236386375,4.205195056207163,4.220240591609642,4.2365785365196915,4.255969890402983,4.278820013666987,4.303771579532864,4.330942247347842,4.360283790147904,4.392384891376123,4.4259538340983395,4.460653620478536,4.498474103086563,4.537174545759187,4.5762081439602955,4.618461045255571,4.661168002179096,4.703569793015257,4.7491943523202,4.7949309887853415,4.839897126753335,4.887941582080033,4.935860995443984,4.982850963763458,5.03233882683123,5.081711644662597,5.1303396070239735,5.180367000039869,5.230582645606854,5.2800669252503,5.3303484906076255,5.380905088236648,5.4306651735594444,5.480897510054221,5.5313771805140854,5.580953461205795,5.630860129206303,5.6809140423671725,5.729942477441085,5.779274850021306,5.828613160200664,5.876872908568553,5.925350303295097,5.973740178991495,6.021075087396861,6.068455682755834,6.1157134134145,6.162002305442003,6.2080887094512684,6.2540613560940495,6.299177469302297,6.343825088432414,6.388376735386343,6.4321775610201914,6.475295872577185,6.518318174413325,6.5606896817329,6.6022195925218865,6.643666816185816,6.684543149271386,6.724482978426703,6.764358634910001
T27000logg3.4,9.008164573481437,8.712836800236525,8.456594261994411,8.159930488300407,7.903547780841138,7.683642323412658,7.4285774942411,7.207893678219295,7.020824595720517,6.803413396168699,6.615301464290368,6.457824425366858,6.2744240145512595,6.115956952484096,5.985120727608042,5.832422507286342,5.70089800639302,5.594033229666895,5.469027920954624,5.361957358045011,5.276651543282545,5.1766091310932705,5.091700560528203,5.025766898466273,4.948177760010115,4.883281999005863,4.834713522848336,4.777202575455345,4.730266567926122,4.696960840517321,4.657499929140114,4.626565082270759,4.606706991271704,4.5832389192531,4.566459608444466,4.558467981197495,4.548977041577728,4.544622704037842,4.5471218094293056,4.549639322227979,4.556078195234172,4.5677664674756375,4.580463536990901,4.596149734992998,4.615633668780347,4.636959791787891,4.660426943771822,4.686395447794744,4.714902716690031,4.744776874585165,4.776101473958187,4.810367902990161,4.845388757392602,4.88105115780409,4.919796121518032,4.958844205479523,4.9978844627166215,5.040051361208683,5.082156203416778,5.123779806825606,5.168419764781974,5.212741986135356,5.256423271368021,5.302558915571928,5.348378416195914,5.393740833749152,5.440473526548069,5.4871870048163265,5.533470367458181,5.580502092310489,5.62761207670907,5.674252537192048,5.721270033903074,5.768362733433074,5.814897308384318,5.8616335214204796,5.908364823030369,5.954420872459434,6.000643228522622,6.04672677124821,6.092075181020602,6.137514770881044,6.182720228368092,6.227199634264417,6.2716231957880995,6.315768697849125,6.359255376620254,6.402470083367097,6.44540466567354,6.487772169239473,6.529637817217207,6.5712289020375305,6.612337625518879,6.652766149202642,6.6929078857727085,6.732645719094918,6.771574126114647,6.810221474939854,6.848522134700766,6.885939741684873,6.923097308563568
T27000logg3.6,9.58027437583242,9.28860033626025,9.035482277680085,8.741889121999243,8.487779317367076,8.269757046660228,8.016384092432352,7.796803389510469,7.610580216040806,7.3937212053402614,7.205739374312185,7.048254302735183,6.864466250518604,6.705320751335812,6.573774184409592,6.419910969578045,6.287036199929905,6.178884116653993,6.052076853987325,5.943100061936301,5.856035077645191,5.753662523653332,5.666385800371101,5.598310079110211,5.517954822838932,5.450312820831769,5.399330723494547,5.338667200705929,5.288682223223769,5.252683255591667,5.20983402935163,5.175614774147888,5.152799930016074,5.125814929592177,5.105571445473655,5.094416175251855,5.081322858779378,5.073366829419239,5.072569361442268,5.071396240061925,5.074126475331315,5.0824378269653145,5.091362086910552,5.103261097146998,5.119303692134263,5.136810373863555,5.156435259876143,5.178915015763591,5.2035820962826485,5.229579371697637,5.257384713895501,5.2878094780573335,5.318936718290705,5.351064819775002,5.385984059572221,5.4211392891959544,5.4566456974226085,5.495017100537872,5.533245087528119,5.571352061568632,5.612238118352037,5.652715094779913,5.692919957924336,5.735346888521471,5.77736603843892,5.819307698259569,5.862382318885944,5.90535074466594,5.948283453125138,5.991708364033307,6.035134161702493,6.078505066829374,6.121963024278651,6.165436485383171,6.208776994453042,6.252013291955104,6.2951934195747175,6.338123509311564,6.380918267274413,6.4235235218643325,6.465808262942376,6.507904241593877,6.5497059139995555,6.591178189405416,6.632348215998265,6.673165005212289,6.713697688352685,6.753753934561205,6.793437214633784,6.8329046388493655,6.871711649914458,6.910134090285135,6.94840072084871,6.98587478829009,7.022934082361433,7.05989097154151,7.095967107365663,7.13162038808884,7.167201663665063,7.2018617059289145,7.236112711442419
T27000logg3.8,10.11441064852213,9.829208101356292,9.581618556939208,9.294123226823118,9.0450640580113,8.831288438089047,8.58257418635128,8.366814081590334,8.18374060276079,7.970303290415224,7.785078252265481,7.62980559227617,7.44837906220384,7.291070475045708,7.160933265140682,7.008516462764769,6.876680854222382,6.769248996712344,6.643102375905861,6.534479418279488,6.447549183064735,6.345173655931824,6.257666292583705,6.18923565400052,6.1083071346640105,6.039934975825206,5.988211824498668,5.926462600095138,5.875320081734899,5.838214656620546,5.793879321758641,5.758136259404434,5.733876899506792,5.705097825819289,5.683020547694975,5.670133207980393,5.654987867834041,5.6449328321354555,5.642171966270813,5.638719453156222,5.639127575651604,5.6452967041156885,5.651737567098019,5.661126979453429,5.674870011405568,5.689738512933633,5.706703344069787,5.726751913362293,5.748668685007238,5.771889650645365,5.797160407193295,5.824758955485724,5.853026629387575,5.88254532233705,5.914591726769547,5.946833007701593,5.979681420444303,6.015158775335404,6.050443004186981,6.0858689158645,6.1238554581778715,6.161379511468836,6.198906832164965,6.238440103461974,6.277517033319242,6.316805554565763,6.357003664537182,6.397053448386278,6.4373777846054905,6.477942069485283,6.518481030624934,6.559300412143086,6.59991317168736,6.640534316731294,6.68137295676167,6.72178899279026,6.762152037915954,6.802619753780313,6.842630231815005,6.882454085396117,6.9223074406392975,6.961662880443988,7.0007181324466625,7.039782932972797,7.078261906077462,7.116366729958067,7.1545106089815125,7.191928432344067,7.228932991448126,7.266026604231203,7.302249099849398,7.338025872730204,7.373932889294915,7.408877795011851,7.443326675146688,7.4779400761320955,7.511543105781768,7.544624529527118,7.577880608592508,7.610120919190667,7.641841783515953
T27000logg4.0,10.381671174374834,10.116124310803675,9.885774380015686,9.617928985082917,9.385751504400677,9.186640442725961,8.954660666812051,8.75330260596285,8.582621912901953,8.3833462284184,8.210318153542046,8.06543934591576,7.8959058305636045,7.7488365940141755,7.6273358397220905,7.4848113458010666,7.361476404693051,7.26113443585251,7.143112241669833,7.041443688671864,6.960240080226866,6.864426382895244,6.782500108150426,6.71860111713065,6.642845743831103,6.578831840918095,6.53061470807391,6.472780524178347,6.42491310595627,6.390368579884538,6.348889340766989,6.315468940707383,6.29290810165227,6.266098733295897,6.245511177070587,6.233568855462372,6.219628846000469,6.2103369704551055,6.207885125109638,6.204953597355189,6.205488608722456,6.2114295993988655,6.217781835823677,6.226743998479453,6.2397855516040455,6.254047963602905,6.270108240131485,6.289046507036776,6.309923334902217,6.3318356199949575,6.355649471773982,6.38184775911021,6.408467583964765,6.436238649579959,6.466587095736273,6.496899634020308,6.527761608291499,6.561300594638655,6.5944301533859555,6.627681083666246,6.663538356437265,6.698730108338136,6.733940485451151,6.7711934781609315,6.807802833071518,6.844663724841068,6.882472853670584,6.919953751949321,6.95778437787698,6.995863822800939,7.033759286274663,7.072052248311537,7.110099342487734,7.148025718110663,7.186321195901106,7.224115979109513,7.261753136371985,7.2996706852770625,7.337027479726337,7.3741082717739195,7.411408367094836,7.448098678045216,7.484406352325688,7.52091837637919,7.556739110341546,7.5921020979791995,7.627696668444336,7.662477483808047,7.696755089723992,7.731307776330778,7.764926974613565,7.798001025745074,7.831382281478978,7.863766728567609,7.895544992183063,7.927653536655171,7.958743985409068,7.98919157392914,8.019967279853976,8.049740669024049,8.078868960158763
T27000logg4.2,11.46487878451676,11.20014428253037,10.97016250128976,10.702620012832746,10.470503705705722,10.271121612265006,10.038697955451884,9.836748352979104,9.665250369018366,9.464899210027747,9.290723652089198,9.144568933599032,8.973423155000175,8.824726390383642,8.701558514173882,8.556957612103327,8.431578308547152,8.329234195763945,8.208737620205781,8.104665698696206,8.021176404627072,7.9225498745105485,7.837912626655767,7.77149403413643,7.692634520011173,7.625647525032981,7.574735032058472,7.513528344060965,7.462461546657427,7.425057027787133,7.379990385669803,7.3431744038140385,7.317597543852758,7.2870322629178705,7.262880186576968,7.247785236678957,7.229954429134801,7.216957444021905,7.211244102355905,7.204312015039873,7.201026100312207,7.2036308191282235,7.205882118110755,7.210931824614759,7.22056946892396,7.230671370921263,7.242752082184774,7.258229257027668,7.274918571896022,7.2928077063466334,7.313120256599545,7.33513024481066,7.357707248090069,7.381956937988855,7.408138637216794,7.434409386993721,7.461748219407223,7.491155308642949,7.520259421373771,7.550004989444725,7.581773484356596,7.612971914134082,7.644725086961294,7.6779281753553335,7.7105877434688646,7.744060036842286,7.777853465274925,7.811434380842742,7.845946611977821,7.880051696039734,7.914098867812671,7.949141340717137,7.983256788288704,8.017384457847859,8.052480221069345,8.086396479436694,8.12027974190563,8.155032439846808,8.188572858259572,8.221943979121141,8.256105182591142,8.289047661714172,8.321687702869024,8.355079086808876,8.387222005492443,8.418956014685126,8.451441185652229,8.48261429597467,8.513298035064583,8.54474735209279,8.574827672573333,8.604341348248814,8.634622915424881,8.66353798588313,8.691790465293794,8.720803596482098,8.748495117221033,8.77545386035229,8.803140019923685,8.829583022733125,8.855260537988578
T27000logg4.4,12.586160547684923,12.331895999276552,12.110865252068805,11.853426488888706,11.629850881676031,11.437665727804234,11.213351391648885,11.018230182134811,10.852391899936947,10.658396916421772,10.489536535088702,10.347700644227997,10.181381973256592,10.036670159484734,9.916654088432795,9.775541230589035,9.652972861933147,9.552761446738792,9.434578320995652,9.332283047411272,9.250037412815368,9.1526964708134,9.068923023312514,9.002977179835902,8.92449311416738,8.857566024511971,8.806474119177437,8.744831821459638,8.693122762615307,8.654953379948463,8.608765558312243,8.57069238733265,8.543820322894412,8.511562777370738,8.485621817633497,8.468771304802953,8.448765441205694,8.433520406204323,8.425662616449731,8.416136143137615,8.410208111933436,8.410351921475339,8.409636979183617,8.411706862425678,8.418603256671297,8.425439562961076,8.434259252723944,8.446753046066993,8.459943265225206,8.474339702396167,8.49146602562731,8.509795970269655,8.528696113850575,8.54959791289787,8.571963590765732,8.594416325597585,8.618284819382337,8.64377783126676,8.668959918622798,8.695150354369627,8.722934494464736,8.750139567009331,8.778296349409235,8.807458309411484,8.836079753477131,8.865942114980857,8.895653655275387,8.92517024399308,8.956081104033503,8.986071994528386,9.01604281433142,9.047504195047617,9.077484638071658,9.107533053080402,9.139063336320268,9.16884339000427,9.198650316429433,9.22984600370146,9.25926413694101,9.288564767965141,9.319170609428088,9.348016989949478,9.37659523036534,9.40642722513199,9.434509224995576,9.462191878799896,9.49110976052786,9.518265544728223,9.54491217118886,9.572785780554126,9.59889917217403,9.624393953729983,9.651092698942096,9.676096445530845,9.700351533197985,9.725776096567923,9.749614374627939,9.772599073668268,9.796692308871181,9.819337442266402,9.841067401953605
T28000logg3.0,9.126529979921989,8.82360396671486,8.559016017567506,8.25516784874257,7.993624430137348,7.767780262942611,7.508037945029763,7.284260847635403,7.093277968556999,6.8732669117882566,6.683770500336882,6.524045192375675,6.3397183967002775,6.1812450747738295,6.049505611473877,5.897219049084029,5.766797934915958,5.6601163089685045,5.536601133009299,5.431533663434824,5.347293925502119,5.249620382347899,5.16745176709796,5.103304982885605,5.028803078136364,4.967236939752709,4.920946015781195,4.867148181033493,4.823970209142831,4.793571739347745,4.757979564000577,4.731076528722278,4.714721214247662,4.695026766501634,4.682436880453806,4.678388487058591,4.672532928305683,4.672456366700064,4.679104886813048,4.685238842151742,4.6960077867251595,4.7118781671794325,4.728275261268557,4.748321542743909,4.7720357103795115,4.797088075466206,4.824947383385841,4.855217964016386,4.88746942496182,4.9218040553813776,4.957540078351974,4.995607508329579,5.035212080139847,5.075442337332094,5.1180856360712825,5.1618830786292245,5.205681819231118,5.251870872954793,5.298910318717607,5.345499368800571,5.39428324025171,5.443719307389072,5.4925749911062045,5.5429490657631675,5.594037032971895,5.64477569201514,5.69580236253735,5.74791162591236,5.799665395039206,5.851110010180875,5.903715947160806,5.95582222871569,6.007418117796156,6.060072857596531,6.112042075550182,6.163482607298606,6.21580075335614,6.267254782428891,6.318240805420036,6.369899385670117,6.420603425440936,6.470813779493528,6.521556419458431,6.571343803870375,6.620510419444322,6.670138346202491,6.7188794935287754,6.766783336876213,6.815125698284466,6.862680039864674,6.909154071925561,6.956055360262047,7.002263519317424,7.047199778347835,7.092536848620818,7.137272517966104,7.180611390628962,7.224325697819415,7.26751837251987,7.309263938015011,7.351351548769819
T28000logg3.2,8.671512213268851,8.37523859807475,8.117566270297333,7.820453051394066,7.564271200487217,7.344027101017398,7.089658813215963,6.870129722271812,6.683621617950816,6.467833436625854,6.281645276093337,6.1254500251516,5.944398944488697,5.788460685383428,5.659473392891123,5.509691907442771,5.381172203248763,5.276602844787145,5.1549574899283375,5.051262768124367,4.968599694541134,4.872255796219211,4.791008001106152,4.727980845294614,4.65435098436874,4.593330503532291,4.547806700435806,4.494500324484086,4.451583557701953,4.421565187242482,4.386305514136803,4.35946583192258,4.3431497669242765,4.323746252675658,4.311088161572477,4.306824115138273,4.301244641479367,4.301006244956468,4.30729655631021,4.313645694130335,4.32418331856533,4.339652481118515,4.35615652324802,4.37592076192966,4.399183071855122,4.424275846426271,4.451803453059465,4.481554961477407,4.513789923555858,4.5477192425069,4.582842173782131,4.620811630735866,4.659898527479692,4.699387481159693,4.7418238048059385,4.784962497295998,4.827868144129357,4.873726929817282,4.919955067899241,4.965489514166504,5.013822270934676,5.062298396669688,5.109932726373205,5.159756078381147,5.209749946481764,5.259101027493845,5.309504550631115,5.360400607271188,5.410669190083328,5.461373874046191,5.512661621114461,5.563241326709902,5.613951694604199,5.665200479776023,5.715615196053492,5.766044699956009,5.816889118382205,5.86676210492167,5.916646928589864,5.966782041006645,6.015881764404105,6.064924848728969,6.114104590296071,6.162265600369489,6.210214051398446,6.2582470522206535,6.305342398107763,6.3519909926620794,6.39871760564858,6.4446145715679215,6.489811722221676,6.535089204900783,6.579638421102715,6.623287066301518,6.667000256084809,6.710081743544734,6.752121036947113,6.794218274396442,6.835764101345832,6.876193596201893,6.916676929998719
T28000logg3.4,8.60753303135808,8.321031163772169,8.072321105375694,7.784821189195166,7.5366200147188565,7.323647066224034,7.077036315956779,6.863928538316308,6.683235861276887,6.473615720337365,6.29250868617216,6.14089012677189,5.9646627753358095,5.812664963652967,5.68720755574066,5.5411091536115205,5.41555508478675,5.313627182125586,5.194695530375851,5.093133281789,5.012357926335132,4.91790242142256,4.838073400048104,4.776294675329188,4.703845606841545,4.643632250607817,4.598853014136738,4.546090405824167,4.5034691822225685,4.473676954849882,4.438542993689021,4.411583171853077,4.395016151195083,4.3754572988609395,4.362341388448467,4.357434052818803,4.35147709076841,4.350502589444017,4.355868615522002,4.361610337753423,4.371175807754865,4.385516718983644,4.401188867377837,4.419780447650438,4.441736600764816,4.465812422599324,4.491993102131465,4.5202839955637195,4.551342894809661,4.583769587230439,4.617293632290196,4.653944500796372,4.691385258870367,4.7291470902073325,4.770136784494952,4.811497195201959,4.852557602123209,4.896855081447255,4.94118555389798,4.984766727476043,5.031440575557063,5.077915735088513,5.123501127105204,5.171589337745218,5.219498974635352,5.266716251469777,5.315333557236002,5.364081311242276,5.412171630310898,5.461031165698676,5.510123526195393,5.55852047141409,5.607318283150384,5.656343588337792,5.704587304317784,5.7530580749394735,5.801673266780062,5.8493961733518205,5.897304760323242,5.945223760016233,5.992199984118594,6.039274772307436,6.086266093235821,6.132335321662327,6.178340802575164,6.224222671747521,6.269262505921315,6.314006792465297,6.358629984075435,6.402515292913544,6.445859905222319,6.4890934203731945,6.531685461950629,6.573544424903975,6.615283433683307,6.656470528286031,6.696784619096267,6.736983014177992,6.776699077344673,6.815461745773996,6.854122598832868
T28000logg3.6,8.637589688341999,8.366132332013715,8.130757257816526,7.858131062510261,7.622531408397087,7.420622930119416,7.186344062258371,6.983688495009332,6.812088909106863,6.612605183736925,6.440081152541511,6.295858021677723,6.127871495989435,5.982829842640493,5.863302680117044,5.723802982694903,5.603787094769226,5.5065234575925865,5.392767527148797,5.295506817646393,5.218300932157047,5.127784239340768,5.051175778922726,4.9920209402919875,4.922433093495873,4.8644998933190315,4.821566576585005,4.770700178588218,4.729548978053009,4.700860441649374,4.666879449691953,4.640701380728064,4.624561394052672,4.605580386972065,4.592663830508928,4.587611223520779,4.581748901128334,4.580477689613225,4.585245240100549,4.590637816022905,4.5994798885919765,4.612856441238861,4.627778138088872,4.645281024434707,4.665958022868686,4.688952002311122,4.713736818953879,4.740486211324246,4.770186661708936,4.800959239370902,4.832722413976562,4.867785001266741,4.903356466685604,4.939175483084953,4.978390432218542,5.017706204399323,5.056676489009772,5.099050637540201,5.141196387881936,5.18257125615966,5.227208274142742,5.271392923794141,5.314685069693262,5.360655523554831,5.406198684779674,5.451055508773551,5.497505679975827,5.543835705497391,5.589538976380114,5.636183931087547,5.682828117744103,5.728847933241487,5.775384830644503,5.82195059914681,5.867840547876161,5.914023283290641,5.960183244915817,6.005581687942279,6.051197675071874,6.09668167219296,6.14136631157799,6.18616724635892,6.23075650242655,6.274569619500888,6.3183377167309684,6.361859765476654,6.404682029676023,6.447238549200999,6.489552804194689,6.53126466517498,6.572482685816401,6.613468568922258,6.6539399244352975,6.6937432950999725,6.733304973842248,6.772431784573252,6.810764626698394,6.848862500146971,6.886581993270084,6.923433434645358,6.960071379726681
T28000logg3.8,9.322264869046363,9.051904963329873,8.817319547794163,8.545262039987039,8.309860433440614,8.107955820463983,7.873377814518783,7.670178138639269,7.497941742419492,7.297449401884721,7.123771470632058,6.978392174807772,6.808820064200572,6.662124278642984,6.541020285647334,6.399462792382016,6.277379850996355,6.178197224362533,6.061997397665902,5.962332190618059,5.882932991759445,5.789666087184553,5.710385436138829,5.648829081359879,5.576248917128968,5.515431989684441,5.469967658129173,5.41588381104706,5.371678134344991,5.340313962859095,5.302978149764955,5.273607227086828,5.254644851390405,5.232234754980701,5.216016913673235,5.20802314019729,5.198684675050982,5.194029601535295,5.195781663559923,5.1976541324864645,5.203052284624802,5.213378640126506,5.224734999886047,5.238750372473281,5.256343804577261,5.275755946737283,5.297024541154762,5.320661967932006,5.346787007548906,5.374030662894589,5.402665184303922,5.4341775384824595,5.466223437642565,5.4989107575287095,5.534614474961157,5.57042182350709,5.606270527264468,5.645182020617716,5.683848581592458,5.7221279191610614,5.763355770856461,5.8041016259008344,5.8443468731078765,5.886958232274109,5.929113658599046,5.97098775674872,6.014130142012569,6.057131607769741,6.099926713241905,6.143315528650031,6.186693199970684,6.229882207405834,6.273211650647752,6.316570722945123,6.35969508206366,6.402726045639784,6.445736806686272,6.488421317255676,6.53094833029189,6.5733375855420375,6.615349500823665,6.657130319427276,6.698678462645395,6.73985347397873,6.780673687596526,6.8212062746231785,6.861419272894155,6.9011008886770915,6.940474839197187,6.979602556722192,7.018017533358447,7.056110503439419,7.094020916319451,7.131091927478726,7.167807414632661,7.204395900907974,7.240064066934722,7.275363449948905,7.310567920766012,7.344818054312922,7.37870773765529
T28000logg4.0,9.841187598048867,9.582172253010079,9.357429405270464,9.096453908514052,8.870439285119007,8.676582607290392,8.451053548633066,8.255505830224202,8.089747320205102,7.896526009575782,7.7289712254739085,7.588701710039082,7.42484632154289,7.2829262176211556,7.165737206970387,7.0285337445267135,6.910039351117902,6.813729833514117,6.700692953259171,6.603571897177482,6.52613789495457,6.4349918300108335,6.357334124753198,6.296954961438251,6.225573822250812,6.165569726311549,6.120626571818178,6.066911365172562,6.022811259199688,5.9913569134986675,5.953712115243661,5.923831346595844,5.904217133808956,5.880950222454239,5.863691967425998,5.854561113328362,5.843900609119723,5.837747525541418,5.837963056394538,5.838100200533448,5.841605673805807,5.850070467707155,5.859319879056682,5.871104726479239,5.8865515108097295,5.903558393946959,5.922316058969832,5.943565513153345,5.967048276305792,5.991550694779734,6.017598056067117,6.0462826281668125,6.075404411433546,6.105346688531819,6.138082146915959,6.1708256186893085,6.2038092324630725,6.239651860456689,6.275152373649956,6.310482686399386,6.348571830502548,6.386082844012652,6.4233323128411435,6.462758279356326,6.50164046263345,6.540499761110819,6.580433111890302,6.620144112734463,6.659933080325934,6.700094477638932,6.7401791682686705,6.780388613230301,6.820479745466697,6.860554240333517,6.900727740996198,6.940525320292738,6.98026830303642,7.020029486548824,7.059343124461152,7.098488031956737,7.1376006650036175,7.176201189791686,7.214532731672929,7.252829161897969,7.290513635752125,7.32786235282226,7.36521662340606,7.401817116142483,7.438045184185553,7.474335159521826,7.509730487616387,7.544719891161287,7.579816218911976,7.6139344581617,7.64759365269071,7.6813960952567175,7.7141807434760326,7.746475604395581,7.778924955602114,7.810357724686771,7.8412979006198675
T28000logg4.2,10.611016499349327,10.361404251643792,10.144689931810584,9.892803920164328,9.674493366461453,9.487121080790859,9.268918119894796,9.079562143727967,8.9189333175534,8.731494182329648,8.568796663061232,8.432474514679612,8.273047164184565,8.134803106000499,8.020526089561814,7.8865608739712885,7.7707007623774755,7.676399415575,7.565559899085357,7.47015434771353,7.393938782776685,7.304075364151769,7.227322739305787,7.167477367657855,7.09657331157323,7.0367596489831445,6.991773311411927,6.93780615396237,6.8932699674853914,6.861247715080457,6.8227462200865645,6.7918860603159015,6.771229868214559,6.746606049197081,6.727896254047549,6.717310649796071,6.704867884067724,6.696855878333659,6.695270129850282,6.693252983482647,6.694547816607359,6.700926810584602,6.707695265556337,6.716971738071554,6.730085212083052,6.74434857972484,6.760349758537654,6.7790557105066265,6.7995895109815585,6.821135697527543,6.844469038990386,6.870047747781997,6.896057177305559,6.923151955004773,6.9526661710304385,6.982179125084302,7.012215516100008,7.044753713282785,7.076938332811387,7.109254528904,7.143983876242431,7.178125552291504,7.212333442328713,7.248361149163603,7.283846941403189,7.319663760215466,7.35617624059389,7.392481835613334,7.429246937486997,7.465973979695253,7.502656671991684,7.539874990235686,7.576525986279817,7.613211650464645,7.650423448709796,7.686792964386865,7.723166207485436,7.759989986078512,7.795903817228176,7.831704084864789,7.867900162301208,7.90314170359054,7.938157842947686,7.973555185468911,8.00793031424694,8.041993895287199,8.076461551315141,8.109806900534357,8.142779989597942,8.17619327688856,8.208392696358558,8.240161151224843,8.272393001303838,8.303379831431242,8.333857004637654,8.364810421542593,8.394530924741977,8.423685773688415,8.453303501692943,8.481737371517001,8.509580832312832
T28000logg4.4,11.643547156169163,11.403305141891074,11.194555998923459,10.951686833464407,10.740997009962939,10.560004823497922,10.349010400164007,10.165721169287213,10.010082569056568,9.828263543258075,9.670259888266644,9.537715026171618,9.382522246392597,9.247766849670077,9.136213176175552,9.005271053642696,8.891835426934648,8.799335847701116,8.690454183804935,8.59653349931202,8.521314594889777,8.432476983137754,8.356382626362421,8.29683802379927,8.226138440901204,8.166256538291004,8.120982583854225,8.066488252748005,8.0212481148882,7.988414109509126,7.948759965530268,7.916637484416858,7.894695515091996,7.868395000717241,7.8479390772951865,7.835656277062001,7.821091795356649,7.810916335077669,7.807283684738813,7.802762550622951,7.801536368143552,7.805583044998169,7.809511508749498,7.815962622666614,7.8264928708586945,7.837647705998304,7.850571948342714,7.866479697476454,7.883697832362847,7.901963259738567,7.922321570645412,7.944427493334519,7.966996688875463,7.990977604888537,8.016901691977731,8.042853261069347,8.06967249088793,8.098538396306196,8.127075761452028,8.156106760057025,8.187106674409353,8.217543502032056,8.248436799224761,8.280688748288355,8.312435293601972,8.344932915956852,8.377636099861707,8.410184232605163,8.443643690152339,8.476537495727944,8.509455914637615,8.543391119793547,8.576192747189623,8.609114612039683,8.643059708093388,8.67558315621333,8.708198346756241,8.74176374131558,8.773847920801401,8.805896027167918,8.838833696359332,8.870272178706893,8.901544054951927,8.933677873857354,8.964284525502293,8.994613774404248,9.025809415536262,9.055427649408518,9.084677970905517,9.114808832597742,9.143326140715436,9.171384817056605,9.200323279830522,9.227676704458213,9.254460318068105,9.282110971007999,9.308250661684685,9.333730299747339,9.36003763347043,9.38494099348563,9.409130368344892
T29000logg3.2,9.156840927035528,8.852871676570858,8.587706277439214,8.282487552201173,8.019367860807156,7.792430861378911,7.530823730997807,7.3050738864051885,7.112612419377542,6.890377186550264,6.698625644116442,6.537144548117424,6.350352148321139,6.18943740271818,6.055754341433278,5.9008471257112385,5.7678678038648465,5.65911926601268,5.532892981593755,5.4252032726831105,5.338823048900081,5.23839359688636,5.1535756826230985,5.087250083754415,5.009982537020229,4.945773938794736,4.89730963917952,4.840766501306649,4.794986382759728,4.762403208278462,4.724162594315571,4.694723198708174,4.676184228651783,4.653973007260993,4.6389327103641484,4.6327296481880635,4.624495145327372,4.622064732353249,4.62662741555834,4.630495913704899,4.639012495405237,4.652914930793901,4.667124015589882,4.685024185820314,4.706868757354593,4.729836570759162,4.75565266897072,4.784130794772848,4.814412034120564,4.846792105392487,4.880793741327086,4.916991094832544,4.954707150010647,4.993240147614888,5.0340967260607155,5.0760545690683525,5.118178756405285,5.162652631053102,5.207891700504867,5.252824655517697,5.299956395993689,5.347628625679321,5.394846612159972,5.443628849144481,5.492990859893213,5.542110468882141,5.591606034504602,5.642026429798951,5.692207936049333,5.742148297355952,5.793098338006576,5.843693708074831,5.89378690746954,5.94481243118539,5.995317940033222,6.045259186909422,6.095967995164225,6.14598529537532,6.195483332562003,6.2455462861222895,6.294825990615244,6.343561161518073,6.392714164967786,6.441077314138072,6.488780234397121,6.536818537982052,6.584127231247178,6.630578516756546,6.677329244082298,6.72343972761943,6.768473080283016,6.813780662110772,6.858533053745611,6.9020403809356115,6.945781845361877,6.989050497751879,7.030968469049947,7.0730873853748175,7.114803845689389,7.155133773069737,7.195631720777373
T29000logg3.4,8.63624478382531,8.34811590463219,8.097676739227891,7.808546328470155,7.559060616411307,7.344703256391889,7.096834991645612,6.8827554399896105,6.700988596674235,6.4904425667795245,6.3086398518206686,6.156217740706527,5.979341941748821,5.82687710259458,5.70083882427419,5.554313603090155,5.428478800384195,5.326152366058129,5.206980500804033,5.1052964386071595,5.024277941954651,4.929741607260199,4.849925666211378,4.788034187951345,4.715638305374859,4.655550436598928,4.610746880342921,4.558164042429342,4.51575299014402,4.486059710275531,4.4511350169494674,4.424439811841884,4.40809410648979,4.3887215695152,4.375903191982291,4.371310481648558,4.365509498791504,4.364853615069285,4.370582451574964,4.376478609946741,4.386379946295006,4.401106905016187,4.4169497216700515,4.435894823892933,4.458261742138427,4.482525578933765,4.5090822425787325,4.537811597707958,4.569082515930949,4.60191580345118,4.63591219937105,4.672807406366595,4.7106948193237645,4.748970560146575,4.790246177372744,4.83210235345255,4.873725077266643,4.9183551549926925,4.963234276141375,5.007431443963408,5.054485123153461,5.101563588579014,5.147821752965463,5.1963329268579255,5.2448972066284405,5.292844040826748,5.341920569912799,5.391369162660236,5.440232432423215,5.4895914663133505,5.539424722570381,5.5886203136635455,5.637961840773989,5.687757767700433,5.736814129699629,5.785863571941066,5.835265805108517,5.883805440963827,5.932314180404342,5.981025036748297,6.028814715746384,6.076499457157876,6.124278719342108,6.17115249261546,6.217769533317073,6.264429307548589,6.310260059682051,6.355611480269313,6.400996600695661,6.445653922322615,6.48959383267348,6.53356639821336,6.576905563522625,6.6193430591142635,6.661794765138296,6.703701962646426,6.744578374698354,6.78546206053805,6.825871914885203,6.8651845860269365,6.904503114142591
T29000logg3.6,8.380944256039932,8.112888383533681,7.88031301396187,7.6113707146386265,7.3791932885196845,7.1801045659443545,6.949510706793254,6.750275910971366,6.581493878469108,6.385663280501458,6.216529798834656,6.075097202143209,5.9107045351502885,5.768998510924094,5.652213515072387,5.51622649213286,5.399473708964912,5.304889301247851,5.1945516777766905,5.100468395862583,5.025867297576167,4.9386619586743565,4.865134106311366,4.808499032959064,4.742109455699051,4.687152593121511,4.64662986792009,4.59885856574108,4.560570598880158,4.534232980318317,4.503176087067931,4.47973826508169,4.465909602234931,4.44964766279198,4.439342873243005,4.436547634238812,4.433207559031739,4.434421139248168,4.441361202703099,4.449120237363803,4.4603277863715505,4.475777864208148,4.492940431336047,4.512698636854041,4.535361994461158,4.56047692018152,4.5874163417255955,4.616075866865371,4.647785641305351,4.68062443327514,4.714232104266944,4.751207943282448,4.7887721469180065,4.826381337809572,4.86742836971859,4.908674182085842,4.949388568115065,4.99352235585144,5.037543330611673,5.080623373814091,5.126956170521366,5.172968457949318,5.217932529667881,5.265541223481549,5.312869137615763,5.359367065639819,5.4074039620728405,5.455478015265826,5.502787872572189,5.550975424347667,5.599324326689021,5.646910174960958,5.694954174873278,5.743184238951409,5.790598748948854,5.838251434638975,5.886033542333028,5.932915573992272,5.979961073218378,6.027021987171042,6.073149611315793,6.119335271955154,6.165455003885874,6.210671731230773,6.2557778719501815,6.300783663723242,6.344970677319399,6.388817754005096,6.4325684057421775,6.475605668845578,6.518065434161245,6.56043883631893,6.602194734788659,6.643191107762163,6.68409164639642,6.724462195043044,6.76394249044112,6.803330516371811,6.842253981537653,6.88021295149275,6.91809270351556
T29000logg3.8,8.977495248235366,8.711398550056431,8.480396161179131,8.212819858550366,7.981465577504047,7.782945580422129,7.552616717288888,7.3532723517723175,7.184245844612065,6.987791909883526,6.8177919189265905,6.6754627705899985,6.5097331597846315,6.366548944250039,6.248346825136058,6.110449288090736,5.991721276544838,5.895301753051589,5.782589682388826,5.686131202958549,5.609364747060383,5.519423710419734,5.443207114288732,5.384156480599361,5.314746196314069,5.256854612478495,5.213755577256547,5.162710316728466,5.1212952958318985,5.092210593114041,5.057735456057128,5.031023973127269,5.014284463112532,4.994536263400104,4.980850608346181,4.975019241869804,4.968157849049439,4.965914382662781,4.969746149988765,4.9739499858884315,4.981649834592533,4.993964537946727,5.00753862942336,5.023759100668531,5.043265532426315,5.0647901384621665,5.088179973845712,5.113668910253326,5.14181313013402,5.171108056184896,5.2015444640279185,5.234995517426331,5.269035110949686,5.303484491939881,5.3410598997857,5.378814796712123,5.41639448009972,5.457122227389468,5.497699035583505,5.537685284043441,5.5806815562219105,5.623305519330334,5.665234804199481,5.709573856652118,5.753577919644208,5.797112573132218,5.841947146094539,5.886768209451982,5.931198319949479,5.976246819845971,6.021414877082972,6.0662086220365925,6.111169773655095,6.15628765841456,6.200985627548803,6.245615971173874,6.290350549884096,6.334578017021898,6.3786678032883115,6.422743856696429,6.466267998135756,6.509570898201,6.552766111607005,6.595421889341594,6.637721047684954,6.679859960467718,6.721522477027826,6.762638878345346,6.803578196633427,6.8441242506342,6.883929480318246,6.923546343591066,6.962843249795385,7.001259713598172,7.039457247300321,7.077399951155424,7.114371113134273,7.151109649279136,7.187636159897124,7.223150755058027,7.258436100825183
T29000logg4.0,8.979554620118607,8.736549504511514,8.525865561737401,8.28147507508881,8.070086379595372,7.888968442763915,7.6785200515643925,7.496329312896535,7.342115657005195,7.162607410323114,7.0072451367751185,6.877438462669773,6.726053271927605,6.595262140218242,6.487559284608289,6.3617052991112235,6.253372897401944,6.165669270987792,6.0629671798374085,5.97512758673269,5.905504179812787,5.823772980775045,5.754592301971569,5.701299915774973,5.63849777897463,5.586234458346482,5.547702425976433,5.50182727528398,5.4648015475872675,5.439194552130495,5.408685963088829,5.385281185106216,5.371035998898189,5.3542484244929645,5.3429277547568965,5.338737281388152,5.3339694008696314,5.333272703867462,5.338026922963608,5.343556384157406,5.3520930941138625,5.364723960193032,5.378946890141209,5.39539050312072,5.414688032382445,5.436289460753158,5.4593787060695975,5.484213093342888,5.511950026467517,5.540502048959387,5.569909545118676,5.6025523311623715,5.635481485751269,5.66859188984736,5.7050297768485,5.741372658718204,5.777361179074245,5.816684352626771,5.855605166447395,5.893798702367233,5.935178299941969,5.975955735782777,6.015937608670111,6.058499494022603,6.100514081630426,6.141978425202674,6.184924172015622,6.2276480727472485,6.269934394958565,6.312993065353134,6.355984524858558,6.3986003707788655,6.441483355277346,6.484371390140293,6.526878517649724,6.56936860379138,6.611842956338984,6.653880713780461,6.695792894630142,6.7375965491275895,6.77893926102985,6.820051231345814,6.860976307239847,6.901463749501731,6.941579481255689,6.981463591873467,7.020975909115358,7.059933794923767,7.09864415141293,7.1370635959627595,7.174748398152429,7.212172461065267,7.249374364726697,7.285719752688723,7.321770245047107,7.3576572083630385,7.392612618204738,7.427256233549209,7.461770292786748,7.495322304086816,7.528567013198197
T29000logg4.2,9.653472212993263,9.419266127479979,9.216055595962365,8.980193142746474,8.77606382351595,8.601023091101101,8.397501951196578,8.221194755262115,8.071828312829659,7.8978403797657695,7.747147689483509,7.621116163792359,7.47402453897966,7.346830941049582,7.241965209554722,7.119319858027147,7.0136338808972365,6.927944354128433,6.827499137044754,6.741465317215049,6.673136007330352,6.592825527221406,6.524710143218835,6.472089060228489,6.409972867923124,6.358123935827056,6.319742446580766,6.273887890411736,6.2367045806251635,6.2107762115572775,6.179726106637658,6.155662806293495,6.140668464368895,6.122869191895859,6.1104530928306,6.105138171175483,6.098956322399233,6.096782908581174,6.100091638990653,6.103853848699112,6.110580785157987,6.121498817144745,6.133639631823763,6.147986709905156,6.165333862923187,6.184598092711935,6.205350281192679,6.228030704624924,6.253228940876067,6.279247408637832,6.306333206825669,6.336281873098672,6.366523280926774,6.3971798759991305,6.430806637012886,6.464342283858049,6.497775731413808,6.534202306486309,6.570228658506043,6.605797828219329,6.644221578088044,6.682045780037932,6.719370175384393,6.758929728480331,6.797956108869547,6.836755557626542,6.876667702166151,6.916387221743234,6.9560193911210515,6.996025918195224,7.03601066807654,7.075996591698749,7.115817374877544,7.155703982904556,7.195600492320268,7.235033829545727,7.27451629496256,7.313957142341682,7.352831909753469,7.391657914370205,7.430414014273438,7.468518914714383,7.5064845548048496,7.544392574702229,7.581539659899913,7.618483592757485,7.655420108852907,7.691453298859788,7.727245113718947,7.763091536691417,7.797900688547684,7.83243020494009,7.86706321193072,7.9005861235091785,7.933771606230971,7.9670977755695995,7.999288267991721,8.031099518859877,8.06306290527814,8.09390545305037,8.124352368462747
T29000logg4.4,10.3776559231051,10.150929022833001,9.954116249400835,9.725513323415935,9.527541164683418,9.357695970504643,9.160059950879383,8.988730736171256,8.84350234628697,8.674190972880709,8.527429473627935,8.404607730156364,8.261125487756255,8.136935290513993,8.034466095096187,7.91449645240176,7.8109948507899905,7.72699040761302,7.628397674740302,7.54382306236811,7.47655525287596,7.397377015942864,7.330082639586113,7.277983954041236,7.216363300592845,7.1647718259579465,7.1264558301948595,7.080522476008582,7.0430986754823195,7.016819312340539,6.985200103484421,6.9604556262443324,6.944728247637737,6.925950279259634,6.912468359692603,6.906085972097296,6.898573706036416,6.895000095304505,6.8969572450787995,6.899083001868666,6.904121980220292,6.913456058392588,6.923689074720807,6.936101458561314,6.951658808381036,6.968795633009657,6.987407179125073,7.008119901493306,7.031019350319644,7.054728663527282,7.079699061767045,7.107215517341354,7.1350131638696155,7.163436224166152,7.1945290898130585,7.225516964979111,7.256626542254548,7.290443987950174,7.3238444896075325,7.357026209002469,7.39278424085738,7.4279267689785335,7.462830877791133,7.499677994895775,7.5359870773809945,7.572353811044918,7.609519095904995,7.646498369495033,7.683699642643017,7.720929751400593,7.758157805117169,7.7957207338062195,7.832739605869433,7.869858323424754,7.907336147610225,7.943957734033708,7.980668002537524,8.017690144580435,8.053756626378696,8.089808638399235,8.126141507071509,8.1614512465883,8.196644188579402,8.23212198539325,8.266493933873548,8.300668139430343,8.335164552737291,8.368447461266204,8.401473513056368,8.434868809659424,8.466956919509734,8.49872785521902,8.530899976615656,8.561734960010078,8.592171261197464,8.623027829052642,8.652565048648741,8.681638620077685,8.711125655301888,8.739349324206104,8.767073932658736
T30000logg3.2,9.883794402176084,9.575910216439674,9.30621652669463,8.99651065967815,8.729578410624544,8.498356455848931,8.232461982190552,8.00304060297754,7.806551894715577,7.580243991267373,7.384974250619408,7.219716319894805,7.029052593946033,6.8647626852708665,6.727528472209448,6.568925058159181,6.4326970171129005,6.320597850746688,6.1908323839064945,6.080012722055965,5.990466721467671,5.886653820276687,5.798825552135737,5.729511947593634,5.649004440273052,5.581888198602518,5.530599191030722,5.470907832502075,5.422284813346116,5.387049316458594,5.345659408048017,5.313405662769947,5.292353048642844,5.266957592390984,5.249109096559344,5.240487982830889,5.22904521987712,5.22381386884224,5.226009423766301,5.226698658306351,5.232435425955853,5.243990950401957,5.255098041886823,5.270252146517594,5.289790096759039,5.309732428639412,5.3328567995866365,5.3590955759100085,5.386443767687884,5.4162245688221,5.448089354209103,5.481482790776156,5.516737173972382,5.553274501906475,5.591491822903206,5.631161773880326,5.671462068288636,5.7134817901527795,5.756626023860695,5.799927762321297,5.844791305466394,5.890565593819445,5.936363813359238,5.983042659880313,6.030698133308127,6.078616609041959,6.126152556071933,6.175048060187957,6.22419748249493,6.272349272660111,6.321940839378143,6.37162898585748,6.420117522122948,6.469929791531433,6.519627993654831,6.568129834268039,6.61774660022484,6.667039191761662,6.715237458718361,6.764308922574938,6.812931904338664,6.860487952160653,6.908736237060809,6.956500171620188,7.00312979354134,7.05033727911933,7.097093472377555,7.1425626470575825,7.188543501676616,7.2341383474482885,7.278267831193914,7.322856429883184,7.367122726565246,7.409795999109897,7.452865061298495,7.495674386436148,7.536827147311115,7.578315246877571,7.619597896503904,7.659230956990876,7.6991360851097035
T30000logg3.4,8.800748874494541,8.51088654621197,8.258355113908909,7.967374377416506,7.716446361339205,7.500328644032452,7.25094485299551,7.035692866629079,6.852465656090983,6.640695270250974,6.457953296857249,6.304328132222913,6.126470413939868,5.9732603008713,5.84623451981415,5.698926358875076,5.572505960076133,5.469371400232049,5.349578810435779,5.247440758740414,5.165764295390851,5.070746359127728,4.990592086472865,4.928174342988286,4.8554209961921035,4.795093216265378,4.74985674612898,4.6970279434815305,4.654446337367957,4.624462132643556,4.58929092684457,4.562464365850925,4.545969025455698,4.526294451459036,4.513363648490152,4.5087292146059905,4.502573221832661,4.501817550214539,4.507558990563404,4.513093349979998,4.5229099758757,4.53767493987846,4.553179917756991,4.572058108661079,4.594491899376652,4.618442042749075,4.6449577621454585,4.673790134297762,4.704781814361143,4.737617075191896,4.771766488105639,4.808437247151412,4.846391515238638,4.884887990024592,4.926010689849461,4.9680144376893605,5.009938733171936,5.054498144011521,5.099614615706418,5.144204470812196,5.19126774277689,5.238673230829561,5.285422325203322,5.334012492308616,5.3829889418551105,5.431526865453847,5.480739567118513,5.530678297227078,5.580207439921775,5.629770116604335,5.680160315506334,5.730067895842732,5.779686742804851,5.830091100800692,5.879886984872949,5.9292745009216885,5.979317915517939,6.028610165323784,6.0775002713412,6.1268691623423095,6.175414161151654,6.223507039108834,6.271948687665196,6.319571722597765,6.366612285990673,6.413930098504762,6.460496842601024,6.506277818629633,6.55230791928747,6.597680492974815,6.6420473853343065,6.686643431644418,6.730669780567681,6.773524004516005,6.816572066777229,6.8591339852143935,6.900416752728568,6.941866040593972,6.982897947953483,7.022609973299597,7.062463000501256
T30000logg3.6,8.370087762434263,8.099708311447605,7.86483381635275,7.593604013703414,7.359584128548692,7.15866380410741,6.926294041082193,6.725648228064365,6.555448785662602,6.358289744834859,6.1881204185586824,6.045626117567269,5.880280653822113,5.737856663250747,5.620310257469896,5.483687313518211,5.366485280247389,5.271391708910239,5.160683741481934,5.066380792111857,4.991485394485805,4.904141717898508,4.830595089458478,4.7738503397408305,4.70752247983355,4.652716731355677,4.612217955555267,4.56469204466479,4.526691146994388,4.50054140655372,4.469814013324154,4.446765229527544,4.433285726039821,4.417375703648127,4.407535082970803,4.405216956096987,4.402239058169152,4.403975237838061,4.411471075026518,4.4196262625731695,4.431408111041298,4.447466045750328,4.46507246505659,4.485452221935399,4.5087725693198735,4.534372997494986,4.561979309685899,4.5913420797279825,4.623578870933735,4.657131267163681,4.691488673341636,4.7290344779785265,4.767361205651523,4.805767932244505,4.847429926377802,4.889489898637661,4.931051403024691,4.975846966682866,5.020734214496628,5.064712344906011,5.111749333417601,5.158676235485348,5.204588107712585,5.252935796839056,5.301220285782915,5.348713646738183,5.397514415026638,5.4465803004887725,5.494917841970469,5.543897025666746,5.593263923593946,5.641890835409638,5.690754056932963,5.740016943200785,5.78847387152469,5.836965510748564,5.885783614621047,5.933700399381319,5.981592699513171,6.029682862724396,6.076832094242536,6.123862228370178,6.170996968876245,6.217217978245094,6.263157776918752,6.309158262396106,6.3543278149368225,6.398991225888253,6.443710259823121,6.487703361058151,6.530955959916257,6.574265525123901,6.6169452502118205,6.658705843535759,6.70050592888294,6.74176498177735,6.781981131083264,6.822230445824157,6.862007383502506,6.9006778712775985,6.939380652319702
T30000logg3.8,8.56152064083346,8.302544719011495,8.07770449909972,7.817562007295075,7.592826254138986,7.399990887931127,7.176546208068628,6.983358828183229,6.819583678569657,6.629510841313492,6.465240305079565,6.32776623172233,6.167952224738765,6.030096799501631,5.916382432708558,5.783967281209267,5.670195184320638,5.577925585112641,5.470298669895938,5.378450282421328,5.305522841631824,5.220297439520747,5.148366358298637,5.092863650554154,5.027825340252457,4.973914511931731,4.93407511546886,4.887100064521791,4.849382767419765,4.823336884209466,4.792607109141124,4.769328723319102,4.75544805268091,4.7391179837033,4.728619089385617,4.725476655907657,4.721736206502087,4.7224561075464635,4.728802330934947,4.735883652526702,4.7463476416946735,4.761006044977617,4.777256625153877,4.796065184892271,4.81777031290409,4.84179007745373,4.867614909927519,4.895180854566511,4.9256583499428555,4.957256746725035,4.989667648450985,5.025314013760367,5.0615487797107255,5.097889004720954,5.137545283501671,5.177405378001315,5.216806961120182,5.259516669307896,5.302121780687005,5.343871860403819,5.388766020761724,5.433354068117472,5.476995174743842,5.523164016196811,5.569076293872298,5.614272071834801,5.660881217977479,5.707559831773241,5.753606591653563,5.800377886310565,5.847357162378205,5.89372393117636,5.9403638662636915,5.987249684966461,6.033482354259572,6.079747675479723,6.126207807340213,6.17193538510936,6.21761301567449,6.263370911006446,6.3083620903568995,6.353204208816181,6.398038444027956,6.442130579315653,6.485920836188698,6.529657386008912,6.572727075942926,6.615287300564974,6.657783278832612,6.699707735245131,6.740910095137351,6.782043366273513,6.822690603911781,6.862459329917139,6.902134329479161,6.9414002338659495,6.979681560280321,7.017858535872733,7.0556816398831055,7.09246859765649,7.129152507062915
T30000logg4.0,8.287666009156805,8.056820385949054,7.856709696835386,7.625017680065641,7.424933790418366,7.253569759995936,7.0548631981699135,6.8831681894072325,6.73794601518111,6.5692895513751255,6.423665288379048,6.302146508382158,6.160792416447093,6.039033107629322,5.938970042901176,5.822386416887648,5.722426709172772,5.641764181872327,5.547628365773658,5.467546960588304,5.404411436968807,5.330594613228392,5.268600771851101,5.221283998087404,5.165797663626577,5.120191944461358,5.087146701864113,5.048054600635526,5.0171972426742855,4.996682436483381,4.972411658454393,4.9547233273751115,4.9452408847294,4.934159481436099,4.9281411963301105,4.928408760995403,4.9288667848294985,4.9330948990473,4.942002929768767,4.952350324279427,4.96546917259878,4.981957165659763,5.000651669586936,5.02136844646985,5.044265409307583,5.07001919688544,5.097107041199266,5.125320927265275,5.15691979590897,5.189227917840028,5.221823755114926,5.258071419435264,5.294546855338933,5.330680919765826,5.370500314172856,5.410206493648327,5.449075416923674,5.491583662220199,5.5337075389808055,5.5746543226698995,5.619047991614076,5.662886143197939,5.70550181540877,5.750931319129043,5.795879115268099,5.8398625511047975,5.885553324232436,5.931096357335226,5.975799279301413,6.021493081320839,6.067200303763018,6.1121409193608045,6.157558578782657,6.2030681924753654,6.247820627459287,6.292751397200486,6.337763080817143,6.381980380035511,6.426244497679879,6.470509084547356,6.513975324074873,6.557355090375279,6.600671523311681,6.643233593570175,6.685538368462608,6.727749179559593,6.769292123475883,6.810364406400618,6.8513416804278355,6.891752354712841,6.931483682070374,6.9711208641403895,7.0102795091359855,7.048608972522725,7.086823478156452,7.124636093559175,7.1615195419737505,7.1982791770693675,7.2346892695217075,7.270119339939649,7.305431298261095
T30000logg4.2,9.228639263863212,8.999517138366222,8.800668731456929,8.570093014989208,8.370671620621719,8.199638005323195,8.001001486413564,7.829067155499521,7.6833949498434375,7.513933332118398,7.367309882602012,7.2446924040330005,7.101800716160582,6.978399977263121,6.876697226677961,6.757960308957615,6.655817545816648,6.573065672888383,6.476265043745035,6.393548146818496,6.327954112311261,6.251052074352596,6.186048927662672,6.135978966603785,6.077057767930477,6.028132223262508,5.9921179793872525,5.949277506004438,5.914844477174906,5.891155176060034,5.862916792081615,5.841446311685865,5.828599901198365,5.813403014129029,5.803436325549932,5.800185429820011,5.7964200047079615,5.796568751560804,5.801849268219699,5.807881413964418,5.816818611036782,5.829613336525961,5.843911808721554,5.860374228088128,5.879523619632851,5.900844738321967,5.923632961802086,5.9480585889508495,5.975224447546294,6.003214316632157,6.032001440168988,6.063841483786549,6.096001747273275,6.128325041558674,6.163779769129842,6.199192510282563,6.23426645114804,6.272468222072554,6.310337499650911,6.347525968876915,6.387679883514476,6.427318101097988,6.466239628054878,6.507494563754902,6.548308773823655,6.588680716556175,6.630259805077302,6.671741523623769,6.712923370484042,6.754568703874782,6.79629022505232,6.837801344790456,6.879233999712436,6.920830749640711,6.962230104210852,7.0032458011182595,7.044411322097246,7.085335225827223,7.125759303510278,7.166240267772826,7.206459662284395,7.246079928581298,7.285671233399173,7.325022434337349,7.363649292502924,7.402188934186065,7.440548426045048,7.47802568078322,7.515383013931637,7.552632621493547,7.588850307560948,7.624916145613727,7.660933039396711,7.6958293503741935,7.730520922327053,7.7652106514031916,7.7987399422003385,7.832025844910261,7.865332506249705,7.897482928787756,7.92937217965947
T30000logg4.4,9.640001154449054,9.422929002169761,9.23454959442145,9.016010941315738,8.82696684691929,8.664857723028408,8.476490257960256,8.313422806308367,8.175300624497421,8.014537931931565,7.87542915719967,7.759144449214654,7.623555517711122,7.506458772203366,7.410008939612698,7.29733312878237,7.200408230876571,7.121949852827803,7.030101058130872,6.951627786308522,6.8894747717028695,6.816538973176517,6.754909126813991,6.7075291216167905,6.651695096918274,6.605367042289262,6.571393199300861,6.530845675730191,6.498316868109048,6.476077494745335,6.449436567155532,6.429249915748083,6.417313506720081,6.4031172903296,6.393887134539208,6.391069407184164,6.387785688998927,6.388189590565954,6.393489104743169,6.399548351699286,6.408320772360072,6.420779196856731,6.434706532473587,6.45063860930289,6.469141127351855,6.489752558827424,6.511698109308103,6.535211559427409,6.561385381178085,6.588270356930298,6.615922540951432,6.646538303501749,6.677377058097465,6.708382543754532,6.742424262472852,6.776340107681759,6.809949976880995,6.846587618993614,6.882820449999136,6.918431832568168,6.9569011891166745,6.994793567260237,7.032058216520237,7.0715288968890295,7.110514238027726,7.149171433502018,7.188891341124313,7.228483049348407,7.267915098863435,7.307639688651173,7.347424804825243,7.387167361972287,7.426628125611902,7.466256051560062,7.5058740618095285,7.544885365080624,7.584060224225434,7.623191660726891,7.661593744403178,7.700068938962433,7.73848583578192,7.776078497200423,7.813656840397369,7.851197917698009,7.887803350062973,7.924329032786135,7.960871872925935,7.996341194273441,8.031685997094513,8.06711231896528,8.101340946250993,8.135399942934399,8.169589805166892,8.202521962762784,8.23521726120018,8.268079474488424,8.299673272118518,8.330976616621172,8.362457469958086,8.392701006103447,8.422623240836199
T31000logg3.2,10.369559853057893,10.06789271294286,9.802991133155594,9.499291350134078,9.237664288677513,9.010473672671184,8.74963251424756,8.5246775736417,8.331533210027269,8.109426834611918,7.917867080224905,7.755340423355968,7.568108551768954,7.406833280127755,7.2717685558676175,7.115877428389774,6.982011126583666,6.871557712084341,6.743843669336517,6.634792463589805,6.546423205960286,6.444085786888172,6.357504805997221,6.288961885162354,6.209420728374154,6.143081148820579,6.092232209412165,6.032990573666304,5.984693086812719,5.949539432933741,5.9081398478830165,5.875776631114006,5.8544283312412135,5.8286289207762065,5.810272499743657,5.801001252825182,5.788820052667755,5.782730761910191,5.7839669208295925,5.783629835321431,5.788206289858939,5.798504980027429,5.8083690704353845,5.822107679755383,5.8401646875116295,5.858670032533121,5.880180205250954,5.904793340268095,5.930532982825817,5.958556082219286,5.988705550696581,6.02036312828664,6.053772500550976,6.08855134023677,6.124954646622454,6.162735968954108,6.2012697206083525,6.241426138908755,6.2826610509155945,6.3242070720182415,6.367174046624796,6.411033426184128,6.455109392349403,6.49986434392993,6.545616036508112,6.59186383971157,6.637462620793002,6.684484125032071,6.731987310985023,6.778248415926255,6.8260125300695575,6.8740762007296,6.920751742462629,6.968797097277718,7.016910187020572,7.06368388108241,7.111608324813123,7.1593787025610585,7.205936064965602,7.253406384527189,7.300588069140515,7.346603736725386,7.393358280260089,7.439775490665421,7.484973956790151,7.5308008587648665,7.57631021968313,7.620459347848838,7.665174908314948,7.709627500960084,7.752553350337224,7.7960017030455875,7.839241495098585,7.8808372601943235,7.922903103717321,7.964811463519789,8.005019767970623,8.045643065349243,8.086149864173255,8.12496764175557,8.164138422616452
T31000logg3.4,9.491894350059493,9.194719471056008,8.934717754914226,8.635840372732561,8.378141900385273,8.155198561333123,7.898581244522471,7.677095321487507,7.4876551238280005,7.269275293970145,7.080806027748779,6.921531710245119,6.737630709725695,6.579155350198173,6.446987445144008,6.294141943322404,6.162871426149943,6.055046777541409,5.930166857600034,5.823554044892229,5.737593523610393,5.6378983592614595,5.553612036887626,5.487278280129869,5.410215358821613,5.346060176520826,5.297226138431364,5.240405623333779,5.194248810143652,5.161007922115016,5.122022093151862,5.09181864782684,5.072373673471157,5.048994707094766,5.032847503311007,5.025512973766882,5.015753855880702,5.011924640246795,5.015144388626637,5.017220144064941,5.024101762625016,5.0364790412625435,5.0486989049923485,5.064779642349276,5.084961418780492,5.105795544774191,5.12966171437357,5.156388611289951,5.184444213665116,5.2148026046857305,5.2470139776776366,5.280951743080005,5.316631543018097,5.353382297904253,5.391996539930566,5.431950025967035,5.472338960226248,5.5146228756423765,5.557922743277798,5.601200837596013,5.646216027264515,5.692037208635209,5.737711472860869,5.784453860096913,5.83206519384379,5.879767658776309,5.927301095798729,5.976075011074209,6.024956273330021,6.073022618852441,6.122425095943403,6.1718220616883634,6.2201305714744075,6.269695426441826,6.319082473314855,6.367324566373034,6.416644077608623,6.46560117764316,6.513478803092899,6.562209318126455,6.610470062114331,6.657657057145182,6.705524783104658,6.752898377277158,6.799120021318336,6.845912403463283,6.892251007687099,6.93728282576284,6.982820001108856,7.027973130870796,7.071644797651636,7.115768502411448,7.159574103094708,7.201776671069875,7.2443650134193485,7.286698787460255,7.327370720825568,7.368366686996542,7.409161981027867,7.448305312143596,7.48770933526291
T31000logg3.6,8.625470767346256,8.349326565064608,8.108844794659817,7.8316218354772245,7.592506220600085,7.386665886996931,7.149056372935567,6.943944897448297,6.769458124984901,6.567743184670211,6.3936810383668226,6.247466376932488,6.078168732866262,5.932359737346082,5.8115909319705805,5.671543472384393,5.551403942287176,5.453524072984977,5.339854637413848,5.24301100128998,5.165713730034889,5.075820758786358,5.0000886364195685,4.941282900566825,4.8727728689240415,4.816095278527362,4.773812826187583,4.724438602850971,4.684829375511889,4.657202045103919,4.624823789265702,4.600377958913449,4.585709024631949,4.568264035781999,4.557197488938231,4.553927898586294,4.549514029029757,4.550173180046994,4.556889051909068,4.5637352008979954,4.574575506558968,4.589985145765429,4.606422200643309,4.625987680940885,4.648783215322969,4.673346480440335,4.700263895270152,4.729220441292873,4.760554029849092,4.793548430393033,4.827621285512983,4.864405198538794,4.9023144327655075,4.94056584795751,4.9816131783251185,5.0234026820429225,5.064942901693607,5.109271201297253,5.154033674296784,5.198127093994494,5.244832971745131,5.291773660148527,5.337937913132204,5.386072503217556,5.434497679486681,5.48237761110468,5.531063255347581,5.580383308792186,5.629214462106767,5.678177894271531,5.727896433397511,5.777091164170531,5.826038001343496,5.875729582751452,5.924804340060429,5.9734630434796525,6.02276326416848,6.07132667048029,6.119448018712024,6.1680517222884115,6.215859770094193,6.263160412992372,6.310822992831066,6.357702490333872,6.4039387071893605,6.450469042060139,6.496286772461204,6.54126001340805,6.586499242744095,6.631120176396632,6.674684040074245,6.718493558295559,6.76177155275964,6.803836092561364,6.846108417639601,6.887930266906107,6.928440215772358,6.969129014081733,7.009432209846785,7.048389146942458,7.087498278855223
T31000logg3.8,8.495861530304538,8.234865693442405,8.007926063580689,7.745823822130715,7.519564690374148,7.325119120878323,7.100248164974216,6.90598842583692,6.741040424576641,6.5500092294040275,6.3850595264729755,6.246788950188301,6.086410888307617,5.948210608301465,5.834018138991379,5.7013700825966245,5.58753409245057,5.495052451906088,5.387468033797774,5.2957917153227765,5.222875217112001,5.137925045256548,5.066367034692145,5.011062376315062,4.946497965597916,4.893127902840151,4.853619826991129,4.807296990039637,4.7702493569607745,4.744697977115685,4.714690933460169,4.6921755404798295,4.678950700627968,4.663350646401716,4.653681975390931,4.6513228906403725,4.648309807162483,4.649909874794283,4.657113205557054,4.664942134136163,4.67632690815066,4.691884390056374,4.708920278739831,4.728685797654938,4.751331111526185,4.776165263633276,4.802982434336187,4.831530368876585,4.862851599739994,4.8954823619494645,4.92892002980566,4.965443215028162,5.002753443883673,5.040166880041704,5.080734565269032,5.121716184604805,5.162239012754569,5.205898030425603,5.249671652156531,5.292592371145344,5.338469229478425,5.384268529323796,5.429128051604174,5.476305760837556,5.523466309077277,5.569926309638692,5.617561387196808,5.66551866870863,5.712857584154401,5.760676713490717,5.8089551941763045,5.856621653495025,5.904332599077491,5.952527394559673,6.000055696670211,6.047407377555034,6.095175092681363,6.1421859141686515,6.188954128335465,6.236008283451494,6.282264813107548,6.328190357605852,6.374301051834948,6.4196362607820925,6.464493811830919,6.509481328043028,6.553768395042678,6.597373415816291,6.6410897544446765,6.684201934311418,6.726420868328966,6.768738581908261,6.810539355523757,6.851292017334778,6.892112496041186,6.932495191632553,6.971729374805593,7.011011089290981,7.0499144943955185,7.087627612021002,7.12537479160706
T31000logg4.0,8.169353500005633,7.934787449287103,7.731093128892611,7.495748866209279,7.292691038167921,7.118463507049169,6.916901273203211,6.74290729298941,6.595463351027059,6.424652190158284,6.277325819234713,6.154146686753404,6.011248310235418,5.888309623241815,5.787073278178226,5.669472020615989,5.568787047426277,5.48737133115363,5.392675199505867,5.312267000395819,5.248744325255235,5.174769044771823,5.1128001551818825,5.065413048393289,5.010121437151062,4.964846404266458,4.931977714902863,4.8934055048628755,4.863134990558614,4.843070321653668,4.8195140938482695,4.802619378745454,4.79385282894149,4.783596827491468,4.77854016358175,4.779743823317855,4.781115073781342,4.786445540129115,4.796444031655404,4.807809539324518,4.822151637434935,4.83983967603095,4.859663574957383,4.8817087809133,4.905906657827412,4.932882014345908,4.961393413011591,4.991003011162341,5.023903472269682,5.05772403257504,5.091803829328445,5.1294245510966485,5.167492936351325,5.205190206683075,5.246445077232139,5.287817285614151,5.328321389492511,5.372322231778118,5.416178185374063,5.458826625474421,5.504758962954437,5.55038583422297,5.594764193931894,5.641765334083523,5.68854710180635,5.734348212894989,5.781627557112869,5.829037162419217,5.875587070620372,5.922889358347341,5.970482906909921,6.017275348187289,6.064322185223194,6.111724902141128,6.158319657882869,6.204890536712239,6.251787860981493,6.297826555479688,6.343727743490055,6.389858036252845,6.435118084226133,6.48011900533608,6.525272491509722,6.569597171198303,6.6134962867865665,6.65750840275305,6.700779236218953,6.743410642569237,6.786146816666567,6.828246117097336,6.869493157512927,6.9108403867751145,6.951642914685472,6.991440137372782,7.031311743686543,7.070720021205817,7.109023860548794,7.147385163750466,7.18534203499621,7.222150773466025,7.259007593860449
T31000logg4.2,8.784046776376293,8.5580628432004,8.361754295193517,8.134542791599515,7.938233535337452,7.769722237780288,7.57441732790363,7.405573173783937,7.262408858965739,7.096247318966644,6.952690456999885,6.832564154202007,6.692935134976908,6.572570457628843,6.4733351578392595,6.357815402768358,6.258671541510682,6.178357998796572,6.084724780627865,6.0049636135964946,5.94177283174835,5.867979681117779,5.805882455784495,5.758171869237724,5.702302570964861,5.656230622529689,5.622507457173149,5.582678081791475,5.551038853290661,5.52962825975006,5.504288906773943,5.4855458586058,5.474992305753302,5.462546377098755,5.455236854382762,5.454280117979488,5.453125903707219,5.455863452176388,5.463406004367923,5.4719517846858565,5.48341651951135,5.498422824307156,5.515170626086876,5.534108407560573,5.555433754995282,5.579141800456739,5.604363089877403,5.630942393977056,5.660439624183966,5.690833122900194,5.72176252600443,5.755890018931564,5.790435207563175,5.824897376556733,5.862606312714247,5.900392684325275,5.937606993884465,5.97803444459534,6.01827023805769,6.057603290016353,6.099960398588161,6.141959643982677,6.183028163265433,6.226465437622635,6.2696341379395815,6.312152633776276,6.355896512964685,6.399725128911025,6.4430455254395405,6.486840320596112,6.5308942802828245,6.574523136176402,6.618090635494169,6.661998967967907,6.705491324349547,6.748620720676959,6.792070587477363,6.835060167415618,6.877568101982956,6.920299983500969,6.96255615039653,7.004223545657852,7.046029283165936,7.087388301949399,7.128020943908225,7.168735653813199,7.209072803099454,7.248510080774271,7.287999555284723,7.32719456147589,7.365322623690246,7.403474850318229,7.441403008960043,7.478158933146673,7.51489070942524,7.551456953190731,7.586797005056171,7.622074612677247,7.657222117910204,7.691138381514548,7.724968359851986
T31000logg4.4,9.12104348368402,8.912042494911438,8.730648594136408,8.520469881139356,8.33883763478622,8.183089917696462,8.00236469044128,7.846101754602168,7.713773984131256,7.55999555310383,7.427129587756626,7.316121940077304,7.186917221396567,7.075547126748043,6.9839055326259,6.877068656661891,6.785400425562176,6.71132776209314,6.624827054681728,6.5511829251779625,6.493034192824419,6.424999608551947,6.3678081366007975,6.324084287775405,6.27274945955892,6.230504855609963,6.199858156062689,6.16346299276103,6.1346982733243625,6.115532220487416,6.092697025184069,6.0759916662256614,6.066930428739036,6.056206806726757,6.05020602155119,6.050086930769882,6.049981702925922,6.053392998258511,6.061217821512329,6.070216419249965,6.081802928293144,6.0966239157857185,6.113296629038106,6.131875581787574,6.152604944734819,6.175787803049183,6.200236165839102,6.225865313674943,6.254457170374771,6.283723623512817,6.313400051527669,6.346302520395938,6.379421654351557,6.41237579653605,6.4485941657176635,6.484706173462008,6.520202292681962,6.5589230601554425,6.597281391112664,6.634726860179158,6.675199673322954,6.715157937381228,6.754209510718647,6.795620458951516,6.83662226681225,6.877022272571908,6.918633719085937,6.960198477595824,7.001334766698752,7.042905716425482,7.084623522763361,7.126033775502454,7.167300017032714,7.208821610054328,7.2500749352324885,7.2908494910770525,7.331880825546479,7.372621116099651,7.412745046779914,7.45304365790255,7.493047775091582,7.532322001095747,7.571691659938133,7.610799704729402,7.649046552866656,7.687331344660424,7.725421452061408,7.7624923239746515,7.799565469213366,7.83652117304211,7.872313753457593,7.908072005707042,7.943774519682676,7.978234445625285,8.01260126746915,8.046960339007274,8.08004897476184,8.112995597425998,8.145957589957588,8.177666156729714,8.209201414339082
T32000logg3.4,10.07623915825592,9.778229333180505,9.516732110442604,9.216623736903376,8.957918254160226,8.733422612976197,8.475436729724734,8.252798833812,8.061767029996249,7.841909760667677,7.652166586067274,7.49127237024969,7.305790667847304,7.145921795086522,7.012098037109966,6.857558489594275,6.7247700793990335,6.615243980118637,6.488558922922803,6.380315230732231,6.292614285561572,6.191031323449008,6.105026757306424,6.0369316731543465,5.957914005015369,5.89196109588513,5.841364961836709,5.782487845723978,5.734437020153558,5.699412961424558,5.658244877781915,5.62603139816395,5.6047472310645965,5.579063574543086,5.5607864755863226,5.551540146340703,5.539376093307983,5.533312513540505,5.534544829976777,5.534151187002103,5.5387171078714985,5.549023370002026,5.558755746869478,5.572463909556716,5.590528847076032,5.608865380305765,5.63033286035132,5.654940327848351,5.6805014343920215,5.708471999744068,5.738597297338077,5.770076076832952,5.803420560438917,5.838153285498829,5.874378038042461,5.912080912302097,5.950545843948598,5.990528590544918,6.031678110960175,6.0731406950560975,6.1159471396868454,6.159723163097733,6.203705370285518,6.248322703657381,6.293997242063979,6.340142134884394,6.385628656939439,6.432576790009431,6.479999138481187,6.526133390727902,6.573818637205865,6.621832326232822,6.66833868993825,6.716287640909426,6.764359370128291,6.810921031620107,6.858717583198885,6.906427495902125,6.9527324221895315,7.00002873285513,7.047110465548577,7.092827385266088,7.1393484683143065,7.185610524853291,7.230459896284145,7.2759879773799305,7.3212782941362375,7.365029042523738,7.409378593271294,7.453543470319303,7.496021203551354,7.539033406853654,7.581912459676268,7.623008508783277,7.664565710875626,7.706038800989928,7.74569545874317,7.785741698645053,7.825743887886962,7.863963182827936,7.902496968176484
T32000logg3.6,9.088606341498902,8.807559769905756,8.561844005197829,8.279341119087702,8.035794922957068,7.825274032181817,7.582940951045702,7.373845170891958,7.195186217114553,6.989248789592261,6.811606710751846,6.66167367858478,6.488597340823549,6.339564997668425,6.215474373102413,6.072025695414714,5.948969141847578,5.84810918031224,5.731367361340241,5.6318775073154725,5.551901915070754,5.45923021035104,5.381093740618577,5.319877842646284,5.248845774851782,5.189971623625853,5.145498462364751,5.0938210641910935,5.052177514363301,5.02261368656633,4.988015334950896,4.9616513606810395,4.945279358930447,4.9256324719045015,4.9127329827371256,4.907944014732714,4.901345605415706,4.900245260593762,4.905557932666519,4.910286001606682,4.919441203476243,4.93352514216341,4.947947914598508,4.965906894470441,4.987461359286785,5.0101117317291965,5.035513724432787,5.063327544133087,5.092862819521793,5.124457882588743,5.15750743371227,5.192630499943371,5.229284085064051,5.266654076381815,5.306198439957389,5.346896436201547,5.387713825465302,5.43070736070939,5.474552516633744,5.518093744516995,5.563630097491566,5.609827197891889,5.655621522981607,5.702732293819896,5.750579693891741,5.798275856127546,5.846060184809554,5.894954023433601,5.943742846011478,5.991942460535975,6.041367184901695,6.0906178274731,6.1389431102366485,6.188448720581561,6.237647675879834,6.285808613555361,6.335003271035197,6.383736740737654,6.431458235609678,6.480013213256561,6.528021033413806,6.574996711561635,6.622649942714165,6.669746409693546,6.715715183752355,6.762261672377702,6.808302715647884,6.85305185574933,6.898321185654195,6.94316244664133,6.986533580125478,7.030376602179283,7.073863201442017,7.1157571547895095,7.158060529074095,7.200074748389787,7.24043617280871,7.281148439914169,7.321626826632091,7.360459354592587,7.399582382391987
T32000logg3.8,8.526003344766462,8.264137444681483,8.0359323880642,7.772914646173735,7.546030210799861,7.3505956760837465,7.125081716721848,6.930415916112637,6.764722224021277,6.573280426692733,6.408112275264782,6.269304130949677,6.108709012916124,5.970445432960667,5.855888732681435,5.7231812521812,5.609410509275752,5.516710139077335,5.4091993951002095,5.317697329891849,5.244685964223838,5.159921459329983,5.088628107332768,5.033330704883193,4.969041945833142,4.916006144151501,4.8765652254652005,4.83060399504107,4.793936838071439,4.7685650212780475,4.738901205863776,4.716787365911059,4.703861773010717,4.688532826872116,4.679269637308988,4.677299443267378,4.674489565629362,4.6764952733089595,4.684127905559977,4.692139282988234,4.703933258463704,4.719933766659016,4.737162165297363,4.7573465865909474,4.780456931786838,4.805496600899376,4.832751869127265,4.861796208736337,4.893344398567348,4.92644704300632,4.960424496145106,4.99721164264646,5.035044792117157,5.073054745852679,5.113937695035532,5.155505402051763,5.1966910418676004,5.2407237333386,5.28515313950637,5.328810122713895,5.37512005491945,5.421645629283914,5.46731952984962,5.514981293327406,5.562933719774104,5.61028575005749,5.658445915132354,5.70725208638522,5.755538236054018,5.803928940494415,5.853102918262647,5.901747841981065,5.950081073001433,5.999205351737191,6.0477280917364435,6.095743213138815,6.144459659411411,6.192468994694736,6.239928362621136,6.287937525767543,6.33518838890188,6.381818391658378,6.428879252549712,6.475197576805865,6.520761741693903,6.566686456457448,6.611939521295925,6.65624534870934,6.700879355649747,6.744934827051551,6.787841918456774,6.831051692277139,6.873767619978803,6.915191460192997,6.9568750246316,6.998141970349338,7.038031146166357,7.078143070083567,7.117898766584981,7.156253607645727,7.194796366615426
T32000logg4.0,7.963686538852576,7.729472520066499,7.525822744103389,7.290995377699524,7.088582863587378,6.914689976402146,6.7139525912927684,6.540865988166535,6.394011438783829,6.2242872419595425,6.078088227113678,5.95570945392363,5.814105259437661,5.6924687240019525,5.5922012512278005,5.47605947947037,5.376818331982544,5.296507805843247,5.203402664297914,5.124549173018822,5.062238186011402,4.9899519874866325,4.929621531744158,4.883524915874741,4.8299971865632445,4.786419363336858,4.7548751336767605,4.7181318639133085,4.689590273972709,4.670921458552016,4.649170556844114,4.634012281649697,4.6267202563533765,4.618192985059217,4.614860675667653,4.617590447794325,4.620609997020333,4.627643689395924,4.639176330460152,4.652141642100488,4.668164398667915,4.687369247619192,4.708768701013039,4.732474243213411,4.758179179043256,4.786701806541884,4.816856695873714,4.847969980904418,4.882389514537348,4.917842550674834,4.95342793161817,4.992547009899824,5.032246358823506,5.071458275325417,5.114200159671155,5.157208808305612,5.1992412942716255,5.244722728395015,5.2902241147602,5.334418034063555,5.38182575068423,5.429106827302217,5.4750469826320245,5.523516498117572,5.571957706257745,5.619333888559507,5.668071343784073,5.717141690759307,5.765267710798759,5.814023444813984,5.863274210353279,5.911629808967377,5.9601297048297095,6.009179213008715,6.05731743730338,6.105334770548636,6.153860281430454,6.201418143095703,6.24875015155922,6.296483001459957,6.343235684616291,6.3896430923369225,6.43636878107387,6.482158440482374,6.527433446215219,6.57298385983673,6.617690633473819,6.661662685132537,6.705900153691369,6.749404425090341,6.791953823019972,6.834762842334794,6.876937230965473,6.917996437506215,6.959288895957643,7.000034568332297,7.039562527331902,7.079302517263457,7.118562564105643,7.156562331067534,7.194754528860137
T32000logg4.2,8.249110074052533,8.028369684556534,7.836577572760035,7.6149882107779145,7.42378025466351,7.2596420372094785,7.06978125971034,6.9058916069756755,6.766954744784453,6.606051267418971,6.467293683532927,6.351244874104727,6.21668547684753,6.100960988830766,6.005652415603703,5.895013194512481,5.800347354362271,5.7238086283764895,5.634867436616266,5.559422622703432,5.4998573191601245,5.430572552302333,5.372630360944834,5.328394020668723,5.2768508657592985,5.234771283454008,5.204351038723254,5.168690728704673,5.140884594839053,5.122661812252363,5.101286701101764,5.086219755917557,5.078769581503442,5.0700607598694365,5.066276161924802,5.068337518785141,5.070708781486118,5.076828982065972,5.087284308020774,5.099187165921169,5.113905267490002,5.131708487159491,5.15167837479386,5.173751853391017,5.197777881117972,5.224578945795045,5.252832169622176,5.282034641715766,5.314501897116113,5.347834923596341,5.38132094486884,5.418307891829064,5.455714059413613,5.492677213566257,5.533150101130994,5.573731091959101,5.61339994758944,5.6565085950930065,5.699480494590374,5.741226415749709,5.786188423349659,5.8308698171522355,5.874308084107386,5.920285619952738,5.9660847804869706,6.010925751057175,6.057151335087794,6.103558695673602,6.149152610442117,6.1953764036093375,6.241960378317284,6.287813478706018,6.333763275412886,6.380154728231181,6.425826703930146,6.471291217534757,6.517178369402282,6.562308684604371,6.60710150815197,6.65222535208831,6.6965870308039,6.7404860390544865,6.784637627200652,6.828069134142845,6.870878300760856,6.913893449781592,6.956272769226391,6.997831434239974,7.039577276625561,7.080786035613639,7.12098135593345,7.1613469705954715,7.201261086244539,7.240030503499145,7.278932041263738,7.317455924908039,7.354758353104956,7.392162072954387,7.429239659542274,7.46507296781043,7.500984313458066
T32000logg4.4,8.496377890505434,8.292224642392501,8.114945894721338,7.909976171459383,7.733106198970785,7.581387733228305,7.40575678114147,7.254163827339655,7.125774154242263,6.976967708258206,6.848671396942986,6.741506050574245,6.617145795733144,6.510239404122276,6.422340708779337,6.320217200142271,6.232900506418327,6.162467160832968,6.080544322176334,6.011136645321997,5.95652238948818,5.892931678453535,5.839860241101416,5.799562075191372,5.7525389390575015,5.714296800485334,5.686946942335268,5.654752772351257,5.629872325773907,5.613930176557638,5.595128897019043,5.582190286499722,5.576311648779999,5.569427337527289,5.567075264646225,5.57008883471066,5.5736359092359,5.580581001217492,5.59146092448083,5.6039663658386445,5.618979721150671,5.636760839288754,5.656827004095419,5.678735442265216,5.7023476502859864,5.728813748324786,5.7565051194230215,5.784957144635557,5.816726381143986,5.849161946085376,5.881612617123084,5.917597628322373,5.953822825095769,5.989510116220421,6.028728651404637,6.067891803116961,6.106085552938262,6.147730683507886,6.18909042805203,6.22920078545292,6.27253195065397,6.315447268633051,6.357129453782706,6.401339587659402,6.445253445064429,6.488244944980298,6.532602936157382,6.57703575001311,6.620719818312889,6.664991430530305,6.709533010082646,6.753443052469263,6.797368410977942,6.8416692966553585,6.8853770821427105,6.92876754142553,6.9725328708473855,7.015686508049473,7.058376684522507,7.101362125904601,7.143741469853017,7.185528744716966,7.227538324144131,7.2689874885930195,7.309691226458031,7.350569793001328,7.390969815006198,7.430441345260481,7.470062989943518,7.509299361362692,7.547435466784175,7.585697319849385,7.623651923058337,7.6603990530279376,7.697224744742323,7.733807578109137,7.769129635789751,7.804489765056397,7.839647267010743,7.873541012950582,7.907442548706608
T33000logg3.4,9.974460309270121,9.690491120233833,9.44099702425277,9.1551514521906,8.90900665067143,8.695160341877731,8.449819810722449,8.23834816095517,8.056714530502019,7.8480259829223495,7.668168200266813,7.515537629150051,7.339879243932638,7.188711293126893,7.062109403435199,6.9161411106213695,6.79094807467695,6.687681757701769,6.568425062941789,6.466769479104849,6.384461448233424,6.289292329190904,6.208977477326636,6.145507947537041,6.07200118917339,6.010930719121574,5.964292842475653,5.910089324284465,5.86618379338029,5.834482773376169,5.797252264576937,5.768510128694167,5.749949901208387,5.727561583896517,5.712149388200538,5.705085666929081,5.69565502468951,5.691917866389517,5.694858876964105,5.696695874888434,5.703109834559034,5.71468315030796,5.7262256163951575,5.741365999450749,5.760340692813903,5.780109369396408,5.80266039453452,5.827906845613942,5.854558180338519,5.883323459119624,5.913873478319658,5.946150885226627,5.9800553907542975,6.015040885992302,6.051824096274095,6.089896088874329,6.128476269382549,6.168813822904508,6.210168554396519,6.251627134750893,6.294611114421637,6.338449764190565,6.38232840582347,6.4269725639430995,6.472594004270814,6.51855548504491,6.563949144871531,6.610753900530093,6.657906539583711,6.703879236133973,6.751353630687537,6.799029440976449,6.845329493039984,6.893021325337583,6.940715053501119,6.987037397078154,7.034553368447791,7.081877332426923,7.12792263038443,7.174941979171887,7.221655951015772,7.267115476268085,7.313386757742402,7.359318321889271,7.403930710250058,7.449249775456043,7.494258342132549,7.537804641103017,7.581997588224905,7.6259411047847045,7.6682618975239585,7.711187342428466,7.753922433378804,7.794926535891537,7.836484818205982,7.87790605667907,7.917547755855731,7.957689808067776,7.997735138351419,8.036017614808301,8.074736764398747
T33000logg3.6,9.486132638554253,9.204302648721201,8.95721839822933,8.67365077021783,8.42927873192602,8.217436452824655,7.974025336363454,7.764069366105688,7.584135979241419,7.37711462052773,7.198582272791313,7.047416056379527,6.873237337563557,6.723273794461936,6.597973404804259,6.453387346782745,6.3293481920125085,6.2272874751225515,6.109365216717229,6.0088394973283945,5.9276663768379825,5.833779879117277,5.754565388653854,5.692160972102702,5.61988729580453,5.559893880653193,5.514242952194868,5.46127234703762,5.418449566072795,5.387719283622676,5.351731089348692,5.324110137447957,5.306562021892092,5.285422252586422,5.271182749400386,5.265189643651618,5.257010736212934,5.254497460288598,5.258563624056608,5.2616626512833795,5.269350078350209,5.282132198515046,5.294918823453934,5.311374277132334,5.331601898165125,5.352615326091931,5.376503825796563,5.403001431628976,5.430910578872804,5.461013561100564,5.492787191953491,5.526322871370781,5.561540382449763,5.597703006772124,5.635726586847424,5.675070217239082,5.714769328219743,5.756323349571371,5.798908054048339,5.841430735372659,5.885612273717774,5.930645619636458,5.975530674568835,6.021363217273841,6.068143268114044,6.115047017907715,6.161621875698344,6.209543887079975,6.257625293458114,6.30471063853103,6.353253045350541,6.401858329206769,6.449173911461708,6.497876695624369,6.546481493663448,6.593727830317268,6.642188453372625,6.690375767677638,6.737262489301191,6.785143904033995,6.832650787620678,6.878861856257178,6.925897902994014,6.972536445569689,7.017805225137614,7.063786144021982,7.109408258197306,7.153515701990652,7.198265312171266,7.2427230363997115,7.285506650943965,7.328874802576088,7.372013500794338,7.413374054989494,7.455249859022444,7.496954184627364,7.536839497507238,7.577171247785714,7.617378755000433,7.655793847493062,7.694582020063491
T33000logg3.8,8.600290050912713,8.341587731430167,8.115475623995712,7.855632577694045,7.63174907622299,7.438322097318863,7.215812745044907,7.023981206455926,6.860200380319351,6.671581127975342,6.509068887353046,6.37206333845165,6.214093343056353,6.078293020513087,5.965412232425363,5.835117366806599,5.7236054809651025,5.632441633860844,5.527123615721621,5.437672871805906,5.366054044839782,5.283268704875095,5.2138260439464545,5.159780115111409,5.097265885474617,5.04588287375912,5.007537738136794,4.963152080489711,4.9279297804594915,4.9035638163482655,4.875188544857981,4.854302824459655,4.8423087176595505,4.8279558885227605,4.819707586728974,4.8185787251532215,4.816464321324942,4.819288904207797,4.827636233802624,4.83613782118713,4.848580967168669,4.8651534571010115,4.882731912319168,4.903425872363539,4.9270017917309525,4.952274307314949,4.979936399258903,5.009379974514892,5.041071992144559,5.07451874921129,5.108864515644603,5.145744661870143,5.183901169822372,5.222283267703734,5.263245749732812,5.305150853875728,5.34674097974721,5.390866970521498,5.435671130354269,5.47978562559257,5.526216449252447,5.573166748235696,5.619366381560127,5.667179956695337,5.715612200436346,5.763566688778273,5.811907223763727,5.861247568401751,5.910189907682315,5.958808854903678,6.008565548315351,6.05789901995579,6.1065161138923045,6.15626003277616,6.205489147351889,6.253834958027077,6.303193741798551,6.351917767658182,6.399740080073515,6.448402578938788,6.496370745179887,6.543384142123461,6.591102406623399,6.638136277187958,6.684096375780256,6.730675898359236,6.776637258184255,6.821344897593291,6.866625424744207,6.9113772040363015,6.954687737734878,6.998532270179027,7.041929286727857,7.083755871038609,7.12606140986761,7.167993521721228,7.208288562191604,7.249008477362712,7.289415052547107,7.328184701866281,7.367320933408166
T33000logg4.0,8.21218214881126,7.970117106398892,7.758966302576952,7.51609464295081,7.306872888278089,7.126518274208172,6.918862719601307,6.7399089182818575,6.587518902956909,6.411876701875998,6.260650734657893,6.133552961849601,5.98690569414075,5.860981144935448,5.756706247468215,5.636282756543167,5.533399861663408,5.449700191133374,5.352975100587978,5.271046932945249,5.205886271065316,5.130560250549954,5.0676524219427534,5.0191741778356445,4.963109989731372,4.917384433107779,4.883839433125249,4.845008632274078,4.814682770167977,4.794406981808345,4.770868675248943,4.754226485902915,4.745693023639114,4.7355843214745965,4.73101682500337,4.732808652001452,4.734422267458667,4.740433562388063,4.751252432953499,4.763000799759696,4.778190183185689,4.796852345060821,4.817233294688889,4.8402789654020495,4.865603204068212,4.893282361807204,4.922940253926656,4.953828009747758,4.987566095887692,5.022681758729602,5.05819347425799,5.096788711237762,5.136310863396771,5.175600116618088,5.217973734144678,5.260963803635475,5.3032218121259005,5.348482596401962,5.3941158921257255,5.438678445997191,5.485999014906106,5.5335503811393965,5.579999961143323,5.6284911806676625,5.677324851697622,5.725346812416458,5.774188925019934,5.823756708636187,5.872623799626649,5.921575401840321,5.971410028855981,6.020564858821154,6.069353303788523,6.119051928497293,6.168022716513796,6.216406129429464,6.265624327193805,6.31403007977745,6.361786773976028,6.410238648903549,6.4578438104580265,6.504715634440953,6.552172211751062,6.598810685002716,6.644573599025259,6.690855861254679,6.736400851247571,6.780872280528753,6.825833518868151,6.870158629160283,6.913208898174573,6.956725446838382,6.9996967132027805,7.041251855020151,7.083231176877062,7.124746135275003,7.16476500722219,7.205166518200754,7.245166346714386,7.2836544966306915,7.322479638817189
T33000logg4.2,8.189409074408966,7.964286565115708,7.768276136740695,7.542312782738487,7.347488693169637,7.179880442714193,6.986465967564078,6.819653966726308,6.677914830216272,6.514184819888921,6.3731211709106805,6.254856228015049,6.118102090212397,6.000609650980206,5.903592610794744,5.791305749454155,5.695342293892905,5.617535738410965,5.527422278312912,5.451089961387747,5.390638078091561,5.320592845841561,5.262120784942753,5.217325750582724,5.165380536885381,5.123079017228363,5.092360812824842,5.056617718991037,5.028845191570592,5.0105980974030055,4.989340059721908,4.974512900005395,4.967296764393688,4.958827138784617,4.955448285457885,4.957954712756793,4.96066336041788,4.967327377138311,4.978376519539581,4.990725980087544,5.006105195063632,5.024605761414146,5.045139138852076,5.0679769991545145,5.092798153956477,5.120259013854584,5.149370713933327,5.179462077316736,5.212671809620302,5.246951728758448,5.281415482628421,5.319220723466537,5.357658263284998,5.395683203470616,5.437045411111105,5.47873768052229,5.519546974243412,5.563610631514557,5.60776793007662,5.650728405645497,5.696702101740144,5.742633456458517,5.787355370175092,5.834385952857964,5.8814889229530944,5.927677806316061,5.9749842608609525,6.022738492124876,6.069717334543663,6.117055694137984,6.165017799967582,6.212268261877817,6.259370201090743,6.307159438434589,6.354228833145059,6.400873032180022,6.448165338181182,6.49468410616323,6.540672359940497,6.58719882062619,6.632935956402131,6.678034127543036,6.7235784636343885,6.768370162858242,6.812372033720736,6.8567638889908755,6.900485499193669,6.94322183274082,6.986322900329556,7.028852767331136,7.0702048337834285,7.111899564331044,7.153110005443493,7.193011409279795,7.233213452884412,7.273006715673373,7.311417291647932,7.350089873282986,7.388408457595699,7.425329752248371,7.462475917331756
T33000logg4.4,8.036887264268017,7.833972829944543,7.657568177389712,7.454051748080293,7.2786419041461565,7.128014102526388,6.954073094278132,6.804147700214424,6.6770470649519975,6.530138720690944,6.403692111008585,6.29798737531393,6.175701407246292,6.070798959167501,5.984504969139995,5.88459975725849,5.799415075765832,5.730704906110833,5.651119168249628,5.5839483022451635,5.531153277931815,5.469992765799421,5.419241811895302,5.380835815871329,5.336317809561507,5.300457755012881,5.275030767167578,5.245411243878429,5.222950840991379,5.209000817780637,5.192759497635166,5.18225586043798,5.1784489881487925,5.174057373250396,5.17414005955702,5.179283316526164,5.185257514525086,5.194630695113183,5.207658248274804,5.222552515577832,5.239982841203917,5.259900764512108,5.282340827592721,5.306657065330672,5.332405569957826,5.361227161005388,5.3913229084265595,5.421920787768228,5.456024903614939,5.490865551820973,5.52547597485032,5.563779368117469,5.602415910586779,5.640280328735965,5.68180514400008,5.723389388381629,5.7637793824609105,5.807723621245207,5.851515867187002,5.893841897923872,5.939463090670536,5.9848188761885615,6.028730563789828,6.075222034159514,6.121580315566267,6.166809045393888,6.213436710692889,6.2603115157087394,6.306226622620095,6.352760048248577,6.399734921585161,6.445855372349028,6.492036969651656,6.538754571310576,6.584647741187387,6.63027980212848,6.676438611554687,6.721751541667134,6.766659818760074,6.812010236958488,6.8565224914349185,6.900495424815326,6.944837339837429,6.988393080366103,7.031244821667694,7.07442039731175,7.116900870156643,7.158476969362553,7.200357074227176,7.24164665563452,7.281840421004559,7.3223196464900795,7.362298276276799,7.4010530576035345,7.440052611071374,7.478628258905981,7.515909200969624,7.553397528844104,7.590516281418424,7.626325417316385,7.662308342443842
T34000logg3.4,8.99822895175068,8.752725568875336,8.53694031867254,8.290612424755842,8.079178087772783,7.895499011655765,7.685531855097561,7.505231727513186,7.350489035685705,7.173375339719227,7.021420873265581,6.892695206484714,6.745139156501642,6.618856501936699,6.513428669525897,6.392368475701713,6.289268948026918,6.204676748417688,6.107418285285901,6.0253073622163384,5.95941346516565,5.883624490222504,5.820544876373479,5.771456153251719,5.714966331551142,5.669041729151904,5.634969931114525,5.595659343898817,5.565032276716314,5.544258540336626,5.520067623251783,5.502946845532034,5.493847305286765,5.482877915643721,5.4776153821556735,5.478711385181215,5.479264045164499,5.484360219658776,5.494309430954306,5.504835009441687,5.518903577920688,5.536437120035476,5.555548057052109,5.577309117920084,5.6013583043164905,5.627699378709829,5.655977470742272,5.685568004065005,5.717899609535667,5.751616525138272,5.785883034575929,5.823054351556792,5.8612306551366515,5.899377686156223,5.94036831128166,5.982113972206724,6.0233671579604255,6.067304192087657,6.11180358274352,6.155495938228607,6.201557397030851,6.248082268688724,6.293807033780699,6.341093550081417,6.38901297061798,6.436475991512679,6.484160055138683,6.532933449296236,6.58127756558408,6.62925813866479,6.678421669726797,6.727042082095001,6.775099887628854,6.824252834985261,6.872712650332003,6.920575974238063,6.969381865407591,7.017362651500173,7.064769854176834,7.112967582499904,7.1602853223592655,7.2069799889327815,7.254371792349988,7.300899638166942,7.346666304468774,7.39308804032633,7.438719016876954,7.4833764969561525,7.52868775832561,7.573309621094689,7.616733757794975,7.660828286572211,7.704330370340309,7.746464453055809,7.789275152976976,7.831577725484297,7.872400411974468,7.913892323650826,7.954938471273695,7.994458028322311,8.034613708376588
T34000logg3.6,9.46588779958232,9.194379841683277,8.956087028333455,8.683053689066965,8.448005362750644,8.244042440354344,8.010056667011755,7.808460580333332,7.6355431301490375,7.436909246317268,7.265828594348095,7.120875282320685,6.954115753445282,6.81074515656769,6.690904117079054,6.552817514264942,6.434551191647614,6.3372371671576495,6.224954524902286,6.129440121581323,6.052360111639299,5.963341561433753,5.888451327486965,5.829554910368246,5.761454465741468,5.705159821715491,5.662499816371344,5.613048863432933,5.573343523388697,5.545110584718741,5.51204757838495,5.487001201170025,5.471476642698817,5.452731997830571,5.440571157419544,5.436166302358041,5.4299132882904555,5.429033376866171,5.4342981877479355,5.438906292834752,5.447831496275654,5.461447349484418,5.475395147218816,5.49274207801052,5.513504312363663,5.535364355541156,5.559851912567538,5.586653596342941,5.6151269763869305,5.64558942773585,5.677486362297155,5.711351564927117,5.746738826351971,5.782883945620374,5.82104710757188,5.860409919072089,5.899982305587283,5.941520098726101,5.984000726069386,6.026307869161325,6.070342067147627,6.1151680942706745,6.159767705256034,6.205342498970129,6.251832961120458,6.298397884139563,6.344627142720163,6.3921973141783175,6.439878869816233,6.486575309674748,6.534721941381565,6.582877895927593,6.629782387362572,6.67806097616156,6.72618677083478,6.773008400442894,6.821031484557944,6.868733890890781,6.9151879158620995,6.962636648135909,7.009672223217785,7.055457535283803,7.102082866782875,7.148278336379023,7.19314121657408,7.238744364325484,7.283960612757222,7.327691255909735,7.372103538171171,7.416200186351013,7.458645595606917,7.501728538788465,7.54456276872806,7.585635471265443,7.627291358135571,7.668758629488018,7.708417063368822,7.748601172312476,7.78864374835305,7.826896366955558,7.865608239824716
T34000logg3.8,9.021233436414404,8.759208163831449,8.529625468480598,8.266276665771244,8.039484207611515,7.84303905077249,7.617462315525324,7.423068576203752,7.256649606361902,7.065329987052447,6.900542911633586,6.761215102470513,6.600837379178737,6.46298831438689,6.348037216768214,6.215559249143396,6.102170043719679,6.009132802865718,5.901803566693378,5.810609032607986,5.737275784439522,5.652624810149376,5.581551683481234,5.5259275769928555,5.46166991756858,5.408747040280749,5.36893549848194,5.322892617220992,5.2861879564804335,5.260458393468918,5.23044655219589,5.208101670771877,5.194815625619659,5.178816610414324,5.169110105255165,5.166729958557437,5.162956048331674,5.164317162126509,5.171426113640366,5.178276232018886,5.189254494827987,5.204578922285573,5.220541131533176,5.2397751444853595,5.2621112584285905,5.28579599965547,5.3120157123793454,5.340250602807679,5.370385891798563,5.402428530328347,5.435616788014634,5.470988394243395,5.507801558491625,5.545095057466599,5.584613134548841,5.625250336766627,5.66583190624721,5.708583620846955,5.752199676482724,5.7953897525062485,5.840514908389931,5.88635553472172,5.93172289889165,5.978286608208352,6.025684514359223,6.072905402015031,6.120040270555874,6.168418889174778,6.21669141055563,6.264176804083311,6.3130384090293035,6.361743637463979,6.409308794314024,6.458215804978783,6.506847077583372,6.554217382317572,6.6027887721992595,6.650942197393174,6.697853736830935,6.745772444343364,6.793197103325812,6.839356963139063,6.886372735154481,6.932890734118337,6.978049464126836,7.02396530405684,7.069436986653887,7.113391290377534,7.158043252392614,7.202329406352714,7.244931291620879,7.288181566066394,7.3311374071922,7.372300572462434,7.414048946915716,7.455566852081241,7.495248092401884,7.535449132141581,7.575470474792672,7.613678398695064,7.652333146022263
T34000logg4.0,8.319011371806742,8.076071005595677,7.863657924074229,7.619893224397584,7.41007235278994,7.228765713471102,7.020519824474587,6.841211484358588,6.688140699396717,6.5121643932018864,6.360788000733581,6.233235567366205,6.086457632584049,5.960541532720141,5.855990668659762,5.735586103206787,5.632828156586543,5.548988983793687,5.452394143274073,5.370677385116986,5.305483350559125,5.230371777092062,5.167739397043606,5.119310040806605,5.063522381663517,5.018113712941666,4.984665272726493,4.94615082481409,4.916150922707775,4.896040267730631,4.872767975960786,4.856429753476671,4.84811768912444,4.83818408405908,4.833878118528705,4.835916339235456,4.8376120087153405,4.843836429044988,4.854886451969783,4.866662198832077,4.8820235941651955,4.900879796423254,4.921269057146517,4.9444564243281635,4.969955094191334,4.997625537025404,5.027410453192487,5.058473101857521,5.092196884408688,5.127448295698218,5.163156196709699,5.201753224403044,5.241443244492655,5.280968877089038,5.323377914022719,5.366583850115637,5.409131260063578,5.454470385447194,5.5003760414096545,5.5452900642938285,5.59273513488257,5.64061884040249,5.687488619532704,5.736145759325617,5.78536938467977,5.833882474811227,5.882923707752506,5.932933697078218,5.982338250402194,6.031535417357853,6.081855937203926,6.131571777732024,6.180659004136833,6.230876921917936,6.2804206299631025,6.32914682818153,6.378904825322531,6.427887268633346,6.476015725468148,6.525016358813185,6.573197358463269,6.620457417238647,6.668464890069695,6.71567594571631,6.761835336482779,6.808666043410311,6.854777552928789,6.899647556054054,6.945149504265732,6.990031453584226,7.033476479978999,7.077521891709411,7.121037389773461,7.162981179757021,7.205477502853712,7.247524314771404,7.287929054519954,7.328835086157971,7.3693554154192835,7.408230767290203,7.447547533934884
T34000logg4.2,8.060223314955492,7.835635171201231,7.639639257618199,7.4143224653846405,7.220293607966584,7.052982967566399,6.860492395062744,6.694704759601915,6.553509768045826,6.390937885523905,6.251089570869087,6.133573358274004,5.998161174634322,5.882033046199109,5.785926272090567,5.675119592399248,5.58063113224474,5.503858149694395,5.415324633801798,5.340547755220697,5.281222838961393,5.212830341356236,5.155970657011342,5.11236986400301,5.062126533672872,5.021469779114094,4.991967920104887,4.957965960845357,4.931841420569885,4.91487630366776,4.895293615019473,4.8820881357035715,4.876222326091036,4.869307096150129,4.867504576386582,4.8713988492547955,4.875543774346932,4.883732827332904,4.896158352963381,4.909869970835838,4.926728458162235,4.946567836640911,4.968427598617579,4.9927083417526426,5.018846726692362,5.0475977432620525,5.078127549543189,5.109530928509525,5.144000995036023,5.179691075372562,5.215476442649826,5.25452875547772,5.29438646000861,5.333756236481479,5.376367139041409,5.419502954333786,5.461690674487828,5.507013840937011,5.552644447423674,5.597023103350623,5.644268129422492,5.691703341501195,5.737886211236285,5.786195835871382,5.834829244167006,5.882520774569001,5.93110637247864,5.980411225100879,6.0289109627797774,6.077539890285599,6.127063544788007,6.175830732089745,6.224238799207352,6.273588683118131,6.32215774637082,6.370114626648354,6.4189540845800614,6.466947306882538,6.514242341007356,6.562292376880816,6.609475057751316,6.655861481159061,6.7028986322962165,6.749105201035597,6.794368256539137,6.84021800126286,6.885322518538135,6.929286924852623,6.973806749740611,7.017684977585688,7.060227310904267,7.103298651372054,7.1458207232770885,7.18687312646918,7.228409244839181,7.269477016875687,7.309003207748106,7.3489663399485,7.388522933575588,7.4265302202306955,7.46492189103115
T34000logg4.4,7.885084947273893,7.681470043158624,7.504045570661256,7.2998926940876485,7.124125857666797,6.972833350161325,6.798623162643498,6.648648371329086,6.521197360620368,6.3743402988293,6.2481125828195045,6.142329246078083,6.020365615572661,5.915909213457758,5.829765474764181,5.730408971254364,5.645861732471031,5.577494200628407,5.498646839744237,5.4322745984366865,5.379983648422544,5.319719309310957,5.269899409504086,5.232127088737634,5.18863252850089,5.153806612462018,5.129093149479159,5.100612723843604,5.079258915389061,5.066140438358746,5.0510496142208465,5.041691213511619,5.038835465200632,5.035544354296586,5.036790459111104,5.042973612232127,5.049998414477941,5.060544856461393,5.074652381743956,5.090582295781978,5.109194188597995,5.130199791109187,5.15369117059489,5.179200078385383,5.206056279906113,5.235937832655541,5.267244661309424,5.2989830281858,5.33415602729027,5.370235136959354,5.406027356568379,5.44541518470756,5.485327332216403,5.524421620084316,5.5670556617922475,5.609960572094789,5.651633371065965,5.696715549342809,5.741874058313585,5.785536025733904,5.8323215808285225,5.879086554139097,5.924387000134023,5.972062993968203,6.019867272079041,6.066534181335703,6.114356258492712,6.162704022764512,6.210081988454668,6.257826870311397,6.30629190714185,6.353878854781803,6.401293517933727,6.449509624301775,6.496863035714197,6.543744108308147,6.591401058825396,6.6381621078231134,6.684324609973328,6.731163575114492,6.777108056047216,6.822329991009902,6.868144310678417,6.913114526542696,6.957200793205132,7.001827402635568,7.045702555093468,7.0884923981627885,7.131797993369769,7.174460113412266,7.215841990985485,7.257718180778171,7.299045057335178,7.338960926272732,7.379328453884874,7.41922722123428,7.457645070533584,7.496469858790066,7.5348853623375085,7.571811505490216,7.609096080844814
T35000logg3.4,8.19982773579796,7.983608946056267,7.7937270582815685,7.5775707229867075,7.392576080574706,7.232090508104898,7.049158467041492,6.892627525381604,6.758577726322978,6.6056163310739135,6.474959140612618,6.3646431264158485,6.238610365343334,6.131353598010018,6.042261064921661,5.940331671348648,5.854178883365662,5.784041527729412,5.703744852729825,5.6366798142692405,5.583535417048541,5.522729560319147,5.4729520147408754,5.435060543858012,5.391755034513967,5.357547493633267,5.333276856330601,5.3055441323439085,5.285223786948249,5.2730082729731,5.258994974312227,5.250940675900773,5.249304103383031,5.247288305441715,5.249995182961641,5.257586722913056,5.266006228126129,5.278090927205911,5.293676879982712,5.31109451597013,5.331275577836058,5.353676302570078,5.378826601721102,5.405928902324357,5.434179387607527,5.465806475253444,5.498752219530534,5.531973963072168,5.568925517830459,5.606719382713687,5.644115618981154,5.6853205831603715,5.727047791958928,5.767872782095946,5.8123776690855795,5.8572045515370315,5.900732561393492,5.947725948249094,5.994895095808004,6.040504344091238,6.0892326503045755,6.138074719627664,6.185399670682811,6.2350346328734645,6.284972752973966,6.3337494114150585,6.38352689971274,6.434061600863012,6.483477276968428,6.533324727963138,6.584027000898433,6.633526597502047,6.68324335094449,6.733749834775202,6.782945976282967,6.8322852824142535,6.8823007260338445,6.930922168419001,6.979651857494288,7.028954105908236,7.07685382167199,7.124749074223584,7.173174122224947,7.22025485813827,7.267130902307377,7.3145423157395495,7.360720799768068,7.406422477393454,7.452703553405954,7.497887891667981,7.542314404616045,7.587379488866231,7.631477087103104,7.674590719455197,7.718388892529955,7.7613325228591314,7.803125312014717,7.845628454911831,7.887363532385241,7.927847198120435,7.969032909363238
T35000logg3.6,9.089971844431727,8.836296336018675,8.613545164052356,8.35878861846619,8.139814814239465,7.949746122592296,7.732097237154351,7.544912460184442,7.384360248018427,7.200280940142084,7.042073226969347,6.908089716929523,6.7542526618995895,6.622329597717666,6.512176807521451,6.385501942065312,6.277357898884627,6.188553152832543,6.086303034958233,5.999700554133322,5.930064380488876,5.849843372136337,5.782774490140231,5.730368656735927,5.669956682195401,5.62049977544925,5.583485574093989,5.540718224424512,5.506964683931414,5.483602686472452,5.456339291286205,5.436447867301012,5.4250868799589185,5.411367157453115,5.403649290218533,5.402776324990996,5.400863748874578,5.403790799891636,5.412029668874704,5.420361765361672,5.432525873501868,5.44860404069651,5.465749141037384,5.4858374032890325,5.5086347065392856,5.5332186735572595,5.560019015748452,5.588510283983531,5.61928151642249,5.651689992180369,5.6849865515832265,5.720778498135718,5.757798328371584,5.795094333510903,5.834867597031655,5.875594310990744,5.916104909215712,5.958975622423888,6.002584165468844,6.045639585716713,6.090766589868321,6.136513822166125,6.181694150645723,6.22815900503871,6.275396257807586,6.322395283402327,6.36935086540095,6.417522548741907,6.46550001512883,6.512803255468986,6.561432615829636,6.6097754971422145,6.657187766155137,6.705855716291678,6.754092197532571,6.801337469871289,6.8496825334086715,6.897453842688138,6.94426312308787,6.991995481604201,7.039086490108243,7.085183104863418,7.132079303264127,7.178338615417648,7.223490314293535,7.269370114764833,7.314674285145474,7.358688610126483,7.403399567498764,7.447622896842963,7.490364577165528,7.533786136307107,7.576802800267553,7.618202123844458,7.660254508397568,7.701974386342763,7.742002879970255,7.782649187328268,7.823018034759375,7.861687394285578,7.900923317452193
T35000logg3.8,9.107927352354197,8.850649300436427,8.624947874827212,8.366450328646163,8.14403016848794,7.951142018100689,7.729980423380862,7.5395664675041765,7.37637110508177,7.189032308620734,7.0278330731602265,6.891398746183514,6.7345732971314956,6.599919408244797,6.487530923590166,6.3581729881216535,6.247584076845382,6.156778863116001,6.052151143063294,5.963379230377188,5.891965099918988,5.80963372084185,5.740638541362984,5.686650017362989,5.624366118260305,5.573203483005018,5.534773187396913,5.490368645856147,5.455119459938311,5.430522087730568,5.401829788078157,5.3806467340567625,5.368243778357907,5.353273598241321,5.344454593564729,5.342721949187233,5.339716951864314,5.341716263307257,5.349256522676674,5.356645776236621,5.368039643665441,5.383584277982971,5.399901144444756,5.419356580252632,5.441745454046011,5.4656139628369145,5.491893603117612,5.520059953023962,5.550223020567867,5.582197312000377,5.615227291132572,5.65049947053804,5.687147922819776,5.724218146783198,5.76353891400432,5.803940437540012,5.844253643037924,5.886730163074185,5.930054207684703,5.9729404869144584,6.017724723285055,6.063226145808789,6.108265084558067,6.154430777367776,6.2014532844823975,6.248332983693077,6.295022549868815,6.343001223076919,6.390904596501182,6.437933573796057,6.486380241707292,6.534690065005483,6.581801966030787,6.6302863078417715,6.678505559926771,6.7254301893018065,6.773579162850074,6.821319408788376,6.867793528689331,6.9153011435059195,6.962325765435728,7.008063931029778,7.05469109121381,7.100832841363826,7.1455926374290195,7.19114911315997,7.2362746634128845,7.279858362611615,7.3241858070194485,7.368162179219952,7.410428496989271,7.453397827565642,7.496088830122044,7.536959898292614,7.578480301118148,7.6197860380369855,7.659226277128165,7.699256869942195,7.739121636627406,7.777142678037066,7.81568353459046
T35000logg4.0,8.690791615002338,8.442950893512922,8.22579493851509,7.976946115455043,7.762808896740394,7.577360601420864,7.364659919838887,7.181552372660037,7.024867594501428,6.844989802013061,6.6902696320741795,6.5595628138932245,6.409355614825728,6.28048164567396,6.173163049256962,6.049718973486569,5.944323881237174,5.858038780080688,5.758730215549041,5.674647783519143,5.607280893169494,5.529739318566038,5.464979153833923,5.4146148819064965,5.356642833622541,5.309307978659263,5.27412500053423,5.23362185872112,5.201852511224338,5.180181664884103,5.155049352745652,5.137054837027586,5.127316651175776,5.115609808872266,5.109729575002585,5.1104404133704335,5.1104366763405435,5.115154734348018,5.124947571571991,5.135100036014585,5.149013645399113,5.1666545250172815,5.185505995459403,5.207301752003483,5.231636079095868,5.257843247837536,5.286297150859646,5.316259652588625,5.348587712798885,5.382576170568629,5.417256217615154,5.454529418019259,5.493034877309957,5.531612420715172,5.572776507644804,5.614882824995595,5.656565958271813,5.700739129729059,5.745628188594531,5.789760190004296,5.8361105814077066,5.883054220398485,5.929225428059603,5.976846656528872,6.025201758632888,6.0731033388753435,6.121154965057247,6.170363283025053,6.219213246492347,6.267487803814266,6.317067316921253,6.366265286445101,6.4145028680544875,6.464030836432686,6.513082138764733,6.56102496897748,6.6101350193782435,6.658646906529649,6.706047441416882,6.754437080378907,6.802169606908387,6.8487498336273545,6.896180975823105,6.942965988219039,6.988488591920044,7.034774347531338,7.080480770906165,7.124752527427743,7.169738103924984,7.214234770214667,7.257117524249512,7.300674927657835,7.343825746720417,7.38524338844385,7.42728203499863,7.4689866599351316,7.508904190220004,7.5493839588961,7.5895861641048326,7.628015978468594,7.6669377003965
T35000logg4.2,8.473179984533873,8.240392027305889,8.036634698564725,7.802885487020158,7.601671335405772,7.427614165648969,7.227783352220346,7.055718412414995,6.90867311509085,6.739719638538382,6.594394331032876,6.471809708301533,6.3308486406437705,6.20994171424796,6.10944313532161,5.99380483932592,5.895141676580843,5.814558770721667,5.721810877077074,5.643383550203254,5.580751399593178,5.5086832680214,5.448633516831032,5.4021630587871945,5.34871558075391,5.3052682718725475,5.273261737170241,5.2364643074330095,5.207880766026081,5.188758973777241,5.166665201703805,5.151268711393183,5.143550970359878,5.1343345302959555,5.130560268810379,5.1328512312552785,5.134872913701212,5.141277787898081,5.15228773944326,5.164059519407492,5.17930171554821,5.1978672727996775,5.2179765582817215,5.240794512611294,5.265798326469637,5.292963010776011,5.322177022607685,5.352586956831021,5.38562084689175,5.420141832943594,5.45507514588968,5.492836744949472,5.5316730438812085,5.5703316484194785,5.61179477474442,5.654055659793276,5.695670282043464,5.739982037102514,5.784876365002008,5.828814025948809,5.875169351213185,5.921994186727506,5.967866225331436,6.015384846151512,6.063520409661205,6.111030864921964,6.158899789484005,6.207806038244287,6.256213293083483,6.304214751604734,6.353423065944226,6.402152943525284,6.450025665111048,6.499126671714662,6.547693105124738,6.59519682187886,6.643838343361307,6.691851381455419,6.7387600845304805,6.786649747156805,6.833868563804682,6.879920473527882,6.926826399507679,6.9730818479571575,7.01805069994931,7.063790364865031,7.108951411303455,7.152652172437711,7.197075501387371,7.2410134025112995,7.283315635980193,7.326300308263405,7.368882255818305,7.409715016159437,7.451172680256311,7.492299012614662,7.531627407817042,7.571517847754181,7.611131027589106,7.648965272093646,7.687287913900876
T35000logg4.4,7.796834869896133,7.590683650261108,7.410631667084432,7.204013398212022,7.026315459420502,6.87299858129945,6.6969631710551765,6.545593756157251,6.416645724308548,6.268516379475158,6.14135836759983,6.034530316194688,5.91176389035353,5.806773127643873,5.719967787746974,5.62020240366045,5.535453216250838,5.466744751169388,5.387815251859254,5.32151937613011,5.26915551859688,5.209083464149616,5.15957422454191,5.121951587096484,5.07888001406959,5.044557639328149,5.0201594457941265,4.992300456343365,4.971599069518627,4.95897531114919,4.944603078497823,4.93600702457489,4.9338120004807,4.931275853199924,4.933361433377147,4.94033059595184,4.948129560246873,4.959573332026813,4.974540581839361,4.991286690270762,5.010847380355287,5.032751388097533,5.057123497365871,5.08362905244731,5.111430120391174,5.142239610160579,5.1745901375915695,5.207328356917939,5.24346850640813,5.280644701737469,5.317497903892268,5.357896973943722,5.39896706877861,5.439187894890747,5.482881563192022,5.527008100227754,5.569874061031627,5.61606356393813,5.662505668677994,5.707425442335243,5.755361826565071,5.803466834460686,5.850086191245536,5.898946885046119,5.948138862445674,5.9961820339758685,6.045211037334612,6.094985640319412,6.143770001869952,6.192754809653336,6.242675482367362,6.291675208147909,6.340366754196236,6.390055560487587,6.438816581140675,6.487001423150416,6.536135748014846,6.584292839320627,6.631771141266418,6.680082360377562,6.727409648667894,6.773946720210883,6.82122216799559,6.86756219666248,6.91295279155339,6.959024913080425,7.0042561608488,7.04833263610305,7.093064012833022,7.137066544841482,7.179712178313335,7.22299136372183,7.265640991947143,7.30679575926514,7.348542410700328,7.389745236615399,7.429379333044061,7.469557736156248,7.509258121248568,7.547382203095968,7.585992364277173
T36000logg3.6,8.38163761351332,8.155300889944264,7.9565742949295775,7.729924139534535,7.53561626477205,7.367042761446449,7.174548260286785,7.009509050152235,6.868109780390197,6.706472134264037,6.568076994032993,6.451107687374351,6.317231877655112,6.202968821533358,6.107877224277199,5.9988897041042,5.9064210863973665,5.830895550638648,5.744263571195044,5.671521763665981,5.613550017414193,5.547073801298655,5.492212861342406,5.450011689228447,5.401649650280919,5.362903967810216,5.334788052729325,5.302554055775967,5.278177627391608,5.262543078045198,5.2444903010822586,5.232798190168643,5.228124999254476,5.2224609885828235,5.221899122709698,5.226794226868068,5.231914424383356,5.241065442324038,5.254258036987969,5.268702375626204,5.2862561102154615,5.306550296758781,5.329008857209535,5.353755292588894,5.380141028385346,5.409332200014926,5.44015846093272,5.47171563817786,5.5064666139645855,5.542351348924502,5.578261355591995,5.617480220293604,5.657491780027481,5.6969981741467155,5.739714624580534,5.78300601143353,5.825371507672697,5.870759092435599,5.916556558825151,5.961149366676298,6.00842955598648,6.056043220051268,6.102482679867219,6.150800884725631,6.19963332401553,6.247644787402244,6.296213501538072,6.345750065297452,6.394521685291945,6.443239628319429,6.493036714453906,6.541999626055711,6.590649215877542,6.6403230443882,6.68905313358903,6.737380478546712,6.786608923282231,6.834795663402057,6.882557723879627,6.931091036531795,6.978557370976724,7.025511833528483,7.073162558600111,7.119787618717599,7.165733295007632,7.2123481683740716,7.2580312441461565,7.3028018906371255,7.348252194747151,7.3928885577209655,7.4363740098364985,7.480563827438875,7.524049915893389,7.566204039740185,7.609074554643102,7.651336586237745,7.692146029605516,7.733668346355836,7.774654773694914,7.814134456385265,7.85429776709069
T36000logg3.8,8.651160607304318,8.411135793448935,8.20056252087467,7.959856563799019,7.753106008649648,7.573846419436324,7.3687113048926856,7.192456283488215,7.041487042241877,6.868539766377839,6.720090526530768,6.59459232145425,6.450652836036153,6.327436581280702,6.224794089274711,6.106920898213385,6.006541600692038,5.924380704456312,5.829949570655137,5.750257219923343,5.686484103696973,5.613184117035552,5.552239500976107,5.504984903574933,5.450676145071356,5.4066283024208,5.374119005480987,5.336730540127766,5.3077487651267745,5.2883291230505,5.265798507962776,5.250115624097724,5.242210159189073,5.232643062481538,5.228632403832556,5.230784732381758,5.232506521321039,5.238692214117849,5.249571096858019,5.261077433409594,5.2760983896122395,5.294478222938566,5.314384185460577,5.3369722578920955,5.361768965095869,5.388751965986144,5.417735036318433,5.447956732961753,5.480806772540344,5.515113221011109,5.549898025461923,5.587482427919581,5.626142897716014,5.664707988004926,5.706018736692681,5.748155330822704,5.789738730032404,5.83392169588837,5.878736743374129,5.922692439557461,5.968937551619334,6.015716253946919,6.061644947084073,6.109064354548504,6.157181497552299,6.204790460671746,6.252565899103623,6.3014846546063294,6.349970117068213,6.3979545525132835,6.44721222130148,6.495985673895386,6.543941892649063,6.593132016103127,6.641727753721346,6.689398733944687,6.738172167713434,6.786234446511693,6.833370575637832,6.881447164704351,6.928765469724151,6.975102626019881,7.022266999498336,7.0686947896618255,7.114010983631133,7.16009055953125,7.2055095708568615,7.249623446116185,7.294475430989809,7.338766507282956,7.38155353605132,7.42506526069716,7.46810739780364,7.509505808145262,7.5516025162420135,7.593308906222788,7.633295786929466,7.673944657249622,7.714264092893275,7.752856117508354,7.7920569258097645
T36000logg4.0,8.63748477349767,8.39632842891277,8.184877709688186,7.942933695323728,7.734955910232762,7.554728504413209,7.348318287458001,7.170829000712129,7.018877118295519,6.844685169967465,6.695048491315435,6.568599388277914,6.423493482831483,6.29918129083346,6.195660832492841,6.07674968413339,5.975405997876598,5.892473903214852,5.797156323869889,5.716642674408442,5.65221265659949,5.578166627412059,5.516532349691269,5.468725496809483,5.413798284546703,5.369183034951141,5.336214582597491,5.298337050144637,5.268909093670812,5.249133197917911,5.22623619292841,5.210230172862375,5.20208377074637,5.192260687336203,5.188045110897373,5.190068044151836,5.191632312456315,5.197721589873263,5.20857153337004,5.220013239508111,5.23503785292528,5.253494785457539,5.273406217047989,5.296084682848953,5.321037684924559,5.348093473487181,5.377235461861048,5.407664054599429,5.440649937573489,5.475166335458336,5.510191412124666,5.547961140777693,5.586864644489505,5.625689629872651,5.667217876920445,5.709616103675872,5.7514681111126675,5.795892314961627,5.840983327197284,5.885216986923638,5.931722476312222,5.978790750272443,6.02500832139953,6.072700748320099,6.121115664017419,6.169019114116326,6.217072255603858,6.266288858611592,6.315088006693307,6.363326624951959,6.412874330239092,6.461974811901264,6.510153934726597,6.559620096529374,6.608540154875032,6.656407683310643,6.705436257127765,6.753800449631061,6.801111756933139,6.849411656356122,6.896994768406687,6.943479358232789,6.990824840520159,7.037471045935827,7.082900635020114,7.129113519122234,7.174699609429233,7.218887501249002,7.263819786701667,7.3082215329186075,7.351037542496675,7.394570116595018,7.437659706952667,7.479036203682841,7.521087302206718,7.562771621607195,7.602681085674208,7.643215126457155,7.683440980465491,7.721899474621026,7.760917289133771
T36000logg4.2,8.2412977947587,8.014495314634566,7.815856146796962,7.588448497936387,7.39297123878335,7.22380007971845,7.029992213502489,6.863382175297225,6.720966095692218,6.557694358383152,6.417519715541237,6.299290939505723,6.163654461831754,6.047576908132754,5.951148112470009,5.840463160621172,5.746294442876262,5.6694862810659945,5.581318445153282,5.507052353529433,5.4479043748700935,5.38005778942017,5.323846083026916,5.280578803526969,5.231008519223491,5.191086657806377,5.162010131836932,5.1287589736202115,5.1033966629193115,5.08695278668011,5.068071571911952,5.055600088684007,5.050316857934531,5.043989785534003,5.042856036119835,5.047345197893307,5.051956524308451,5.060734957321163,5.073712811604327,5.087805900357132,5.10517698328861,5.1254817130784955,5.147689891765328,5.172417540785743,5.198969000063,5.228021367722803,5.258952479039164,5.29075599717531,5.325482174892727,5.361557109154861,5.397757537473709,5.437042064601207,5.477296169730491,5.517116629041757,5.559959033932788,5.6035223760385025,5.646210229659439,5.691774869552731,5.737870957963083,5.7828039992457345,5.83030248264038,5.878241414890007,5.925040736859868,5.9736074291742955,6.022780481422298,6.071157447734213,6.119992156155643,6.1698688634076975,6.219074024181152,6.267986104029827,6.318107796624226,6.367570689805907,6.416314166748869,6.466280209929131,6.515526494530116,6.56386473491883,6.613330041965762,6.661984422037385,6.709690977102284,6.758371587516579,6.806207203045345,6.853023619881494,6.9006967201831255,6.947556229358622,6.993261722704171,7.039753311686619,7.085514880106212,7.129930157204283,7.175096925826771,7.219638424998067,7.262638923583284,7.306364764240586,7.349559611946784,7.391080850320552,7.4332847150408545,7.47503938596964,7.515054302565829,7.555700627630614,7.5959609698839055,7.634484998424503,7.673573999510607
T36000logg4.4,7.92577071406858,7.71609502094528,7.53263933681591,7.322537133851468,7.141982656148313,6.985917306088813,6.8070880769966715,6.6534351907062,6.522295407684117,6.371955060235434,6.242999203836592,6.1344477353425315,6.009955472731563,5.903570217353618,5.8154280490593,5.714332280794734,5.628519256528424,5.558790438035342,5.478855487806938,5.411769314456371,5.358646474159752,5.297838559684668,5.247765882850274,5.209598922531489,5.166013748721871,5.131312140518511,5.106534902657366,5.078345093831293,5.057406356576128,5.0445576528038725,5.029964081462017,5.0212343299100475,5.0189415908554205,5.016248408046655,5.018273366361344,5.025237695800473,5.032924431028849,5.0443612867477245,5.059380533547534,5.076063177863496,5.095660397168352,5.117643142010066,5.142011918132333,5.168592863860062,5.196507048229611,5.227357134866675,5.259820748316455,5.292714782852933,5.328927959953975,5.366257077198465,5.4033119318691805,5.443815313269388,5.4850803468590374,5.525548885141635,5.569378218791997,5.613741367436463,5.656899562736315,5.703252783382964,5.7499692393916435,5.795222904908144,5.8433444654039,5.8917551155199295,5.938750756535179,5.987804911027805,6.037327278552384,6.085789342046025,6.135008704637783,6.185132696401762,6.234348914434206,6.283540719518793,6.333824334745154,6.383249734686559,6.432173731931595,6.482232587844186,6.531405913790751,6.579844420506034,6.629350358226919,6.677906082585563,6.725651410885758,6.774332700574595,6.822048196773327,6.868858033445709,6.916500519830813,6.96322155932831,7.008885716528713,7.05532118674311,7.1009284241363035,7.145276622691958,7.19036765763644,7.234742640127371,7.277657271013938,7.321293093811095,7.364312914738375,7.405735277352151,7.447838108846819,7.489410951041845,7.529315268013702,7.569849957227777,7.609920738992028,7.648321337597288,7.687286756149083
T37000logg3.6,7.380342355360361,7.190614057441971,7.02434097767633,6.835414865067914,6.674155888474241,6.534633531017433,6.375922687964115,6.240571745021227,6.125067877079206,5.993576299778078,5.881744737264833,5.787777624343672,5.680715796126901,5.590134593960552,5.515408593342055,5.430199349429254,5.358770791885448,5.301217724163401,5.235606939354225,5.1814876597357715,5.139316554184673,5.091346505174178,5.052889011366742,5.024510833877777,4.992365970561148,4.968004106865922,4.951931020969075,4.933866399772832,4.922076172040261,4.916897802671686,4.91123380991668,4.910547674675804,4.914931504305935,4.920100199547523,4.929146583973643,4.941862717183548,4.956436634750838,4.973949152587564,4.993868887368118,5.0165343206620046,5.041339247998722,5.067386514854006,5.096986190933789,5.128009349408319,5.159304113352946,5.194689542243881,5.2309428145771,5.266683452277481,5.306794540422597,5.34736127849722,5.3868152948094705,5.4306634031250995,5.474695902691387,5.517172022400107,5.5638737827375415,5.610598084688538,5.655422670208358,5.704230159838588,5.752948309114973,5.799548895908898,5.849773232783777,5.899872440059246,5.947921700803144,5.9987990028294575,6.049749711162967,6.0990112076210945,6.149833899915841,6.201175041058605,6.250898398790974,6.3016002502581925,6.352933804483325,6.402617098969933,6.453000769438052,6.503990579063891,6.553273224414381,6.6031172316460935,6.65349342246803,6.702125154519929,6.751222341249902,6.800783700711583,6.848633219417842,6.896779464218824,6.9453787183108835,6.992359975061077,7.039391742630854,7.086909837972785,7.132950805998698,7.178734893760309,7.225071847707479,7.2700922640089,7.314546864122332,7.3596322204851825,7.403550893401577,7.446653235603405,7.490448114552063,7.5332070326576135,7.574960509993527,7.6174457378790565,7.658997627325963,7.699422005126102,7.740581154265174
T37000logg3.8,8.020075579702825,7.802882292565474,7.6124266989553835,7.3952657262949355,7.209207167514049,7.048029882908203,6.864061989960356,6.706468611912187,6.571686449022056,6.417707863300197,6.286027272253567,6.174973280878793,6.047976042616556,5.9397682308346065,5.849966737526619,5.747166988605489,5.660164103031401,5.589373300296351,5.508306241362817,5.440491037285573,5.386749520322329,5.325263068669516,5.274828965397869,5.236395183475289,5.192497343852038,5.1577198607551615,5.132945046168792,5.104702862433057,5.083876210643374,5.071208766332456,5.056709626931847,5.048188021803148,5.0461544790849695,5.043640636039431,5.045906295533477,5.053147843983298,5.0610539749317445,5.072724524919699,5.087998480090479,5.10490984412309,5.124709063673931,5.146855003759851,5.171490165895462,5.198233465624227,5.226258173922626,5.25736536702297,5.289959529691639,5.322956388496795,5.359389852298908,5.396834019797277,5.434002087189613,5.474696135853109,5.516079463546053,5.556681248836831,5.600687690473942,5.645182479752546,5.68849806964082,5.735012913625463,5.781865625007886,5.827281730314934,5.875545938550724,5.924084338018776,5.971231676708316,6.020410115367746,6.070050059109495,6.1186602962947205,6.167984529373793,6.218224411370525,6.267519021555565,6.31688003470657,6.367287681339572,6.416717357796668,6.4658974939495115,6.516097658644509,6.565238405833847,6.613999003345219,6.663675093860564,6.712212326557303,6.760323758298168,6.809228336851351,6.856983651322989,6.904208998890048,6.952156155902437,6.999008855201925,7.045152315230665,7.091993414863076,7.137845076663684,7.182747255645241,7.228358236756449,7.273106256917963,7.316662283375996,7.360949956395068,7.404491026107442,7.4466580306245955,7.489564514518504,7.53182489209894,7.572592858928263,7.614092762200294,7.655024471957779,7.694414046471429,7.734503107764767
T37000logg4.0,8.244878738895128,8.018808229824952,7.8205895679312984,7.594223411443833,7.399975875197885,7.231694601887769,7.039344208575881,6.874283387289841,6.733066769356152,6.571516014264281,6.433082228397965,6.316244320023523,6.182461191938573,6.068200933957186,5.973247174737585,5.864427754865245,5.772056121040181,5.696721154206441,5.6103588692911694,5.537818007142219,5.480097067455369,5.41397369197067,5.359400758921952,5.317499212525475,5.269560628345707,5.231177850176024,5.203392002042859,5.171653673786157,5.147705678302738,5.132453290548932,5.114935863919293,5.103728483638821,5.099504251281752,5.094384708615841,5.094353872568809,5.099757911450123,5.105423502075606,5.115146963133476,5.12889554041826,5.143899457388608,5.162065033269584,5.182977206909011,5.205985013928179,5.23136907286838,5.258401426306501,5.288134921790659,5.319603908240967,5.351800681157672,5.387086209710991,5.423601507491904,5.4601287020000715,5.499868561198787,5.540488748787993,5.580585733428985,5.623800682211951,5.667671859899514,5.710597177377599,5.75646076306408,5.802810510821029,5.847940016555631,5.895669707568898,5.9438088161857925,5.990763885932691,6.039499101227754,6.088824191151947,6.1373239467605005,6.186272243710995,6.236263751345194,6.285529802613029,6.334550436751274,6.384760067268836,6.434222565711235,6.4830866289867,6.533121825995781,6.58232616510262,6.630793148280957,6.680318965178141,6.728919068091179,6.776755874882535,6.825504456731832,6.873299192462239,6.9202539373238405,6.96802044029271,7.014872380295986,7.060734543381617,7.107357174742779,7.153156818374254,7.19775517167928,7.243099339669466,7.287734403856949,7.330953112260273,7.374914096355074,7.418269787081623,7.460055190542349,7.502564321689286,7.544558016441984,7.584893253745955,7.625921844271492,7.666504205348383,7.705410080630559,7.744958370636185
T37000logg4.2,7.5415936092914,7.333388786587129,7.151217898205449,6.943183322466291,6.764815186341812,6.610675570802548,6.434564066973547,6.283635688550013,6.154899761477874,6.007753815437426,5.881911061383009,5.7761029066309675,5.655122014612982,5.55210018607434,5.466914921214753,5.369506751187571,5.287191113139117,5.220529683574814,5.144360345780058,5.080828932937317,5.030818258688314,4.973800594649776,4.927295696201648,4.892244787423892,4.8524358070941265,4.821274778405079,4.799572931252527,4.775100578102344,4.757624812910942,4.747784954244697,4.736775900815307,4.731382803018965,4.731991487390401,4.732709169450902,4.7379130231258575,4.747642951962756,4.758553423725862,4.772999546572028,4.790628335335568,4.810354681796951,4.8327895927836835,4.85719997523114,4.884457497539924,4.913707861360031,4.9438914920483485,4.977462850733165,5.01243729962225,5.047468175122779,5.086231438416663,5.125928206206115,5.165003938302201,5.207902119068473,5.251412378632728,5.2938023958386715,5.339891138065354,5.386392374954109,5.431383942734383,5.479872031579351,5.528625125778618,5.575624409060959,5.625763544240299,5.676111020994007,5.72475590682653,5.77572584885225,5.827089607598635,5.877105054713696,5.92815128345425,5.980030929563272,6.030696380445382,6.081655969242562,6.13362031375336,6.184399467906052,6.235042262942296,6.286714578218276,6.3371654572166625,6.387266785236089,6.438323554839544,6.488101316421857,6.537445349440887,6.587624512757012,6.636526563114741,6.68487239338309,6.733972543968188,6.781861067031218,6.829006493429498,6.8768704125264986,6.923637579165173,6.969418790534659,7.0159165261735845,7.06145162788556,7.105758266169179,7.150787229421215,7.194975512694843,7.237756717187747,7.28124798615658,7.324005855469401,7.365245996320715,7.407172598812527,7.448452152346765,7.488175467725837,7.528541689357888
T37000logg4.4,7.520042653720937,7.319735089613152,7.144503082195484,6.944266992427626,6.77251377388447,6.624123244438739,6.4544931681398765,6.309070019592335,6.185064456224104,6.043270509878913,5.92197783264786,5.820032748389901,5.703447291803154,5.604164293342511,5.522112918595989,5.428299166813334,5.349038531424701,5.284901104899163,5.211648770571363,5.15058589925054,5.102579192618136,5.04788913249879,5.0033397103586115,4.969842565186881,4.9318475383762514,4.902196891959796,4.881667682345746,4.8585709004677335,4.84223271581541,4.83324167313542,4.823258636919213,4.818700480603087,4.819896318266368,4.8213605184176975,4.827154385712765,4.837260112425017,4.848687686133191,4.8635216562465295,4.881356064507869,4.901407196501449,4.924063238786426,4.948549529104597,4.975966282914449,5.00530182948112,5.03545191148352,5.069052866192901,5.104001607173309,5.138906378504633,5.1775976069960565,5.21717661416092,5.2560488086490205,5.298791010219828,5.3421041277281,5.384224041893333,5.430086535004414,5.476324516379235,5.5209917249492655,5.569198190048108,5.617637349542979,5.664272896946527,5.714089429645497,5.764086466430166,5.81234403823392,5.8629584847884555,5.9139465836122,5.963558743924803,6.014227303488589,6.065712877753299,6.115976763907261,6.166528170529081,6.218083759716065,6.268469143340868,6.318674864680445,6.369928206261457,6.41999142684443,6.469638246100382,6.520271735436332,6.569664916722131,6.618548695994351,6.668302414537928,6.716818863064561,6.764704522417589,6.813376279094094,6.860874759941574,6.907560970350042,6.954992558295805,7.001363285511904,7.046687654842826,7.0927493432530975,7.137881167677073,7.181733986620381,7.226323116797653,7.270100441099523,7.312431189606207,7.355478131399795,7.397815709017145,7.43860714655048,7.4800818998090834,7.520928431137543,7.560201061771311,7.600104803363599
T38000logg3.6,6.202369453433267,6.061057560278389,5.937931001930281,5.798874466280104,5.681202414588687,5.580187905243033,5.465995285782922,5.369656236894609,5.288337943815691,5.196379786823285,5.1192753474773705,5.0555077350590825,4.983414268798286,4.923622689512557,4.87548193957084,4.821125141734959,4.776907444858894,4.742684780430154,4.704193346540506,4.674003933756607,4.652200651586388,4.627919133721937,4.610361644816114,4.599639509508472,4.588054495334345,4.581833236307363,4.580971059901975,4.580678465146882,4.584578948885201,4.592447990444931,4.602136323830225,4.615004118720394,4.63054915050647,4.648974233244651,4.669704371594351,4.691932298697591,4.717918744198145,4.745463643034106,4.773446769041616,4.805903057196589,4.8392883197283565,4.872136900785845,4.910102041344501,4.9484319323945245,4.985419624034789,5.0279293246456565,5.070373041760284,5.110832868535876,5.156985255633171,5.202759570485445,5.246063655938655,5.295011410179849,5.343378986284245,5.388922980300701,5.439902347616185,5.490189670405153,5.537390727618969,5.589762067378549,5.641379593201564,5.68975384362283,5.742951193578677,5.795392890299192,5.844687977307073,5.89806277489938,5.950886489887197,6.000911786223729,6.053865515814328,6.1066812128324495,6.156788291015596,6.209281463077653,6.261753886851816,6.3115349679046355,6.363398552433112,6.415258606467015,6.464439396443179,6.515498129737314,6.56654703634348,6.614954990990011,6.66505192116899,6.715147717086722,6.762705924140059,6.811682087580597,6.86072239885163,6.907383628926644,6.9551166905321615,7.0030215531705196,7.0487468542626175,7.095142712409849,7.141846919807525,7.186584886479659,7.231595210139467,7.277055962492199,7.320748087047879,7.364374277552848,7.408569862621005,7.451170807952414,7.493430486465808,7.536346439295432,7.577811479870045,7.6187270504467115,7.6603439069462045
T38000logg3.8,7.120574946943765,6.93609562929707,6.774630422251561,6.591185093927244,6.434668706822927,6.299449972653556,6.14568565396264,6.014638651497603,5.903002115192616,5.775985430881377,5.668067934109884,5.5775831375319775,5.47458100145183,5.387567838794489,5.315984745217718,5.234466892814328,5.166295799154142,5.1115829837336255,5.04932939997108,4.998182687114591,4.958576599027524,4.913657454176063,4.877911061170727,4.851847972712925,4.822476388440448,4.800584924615001,4.786593914467711,4.771046446990707,4.761496272715734,4.75819103698485,4.754787409115033,4.7561204332145035,4.7621882027897495,4.769369566962508,4.780229473321291,4.794456303957943,4.810817098870115,4.829957294720255,4.85122867828311,4.875483901232973,4.901749163115148,4.929009264169291,4.960014233261592,4.992341632735705,5.024716148143873,5.061338770707756,5.098749666356921,5.135442654447915,5.176638349849816,5.218227551840688,5.258517771918736,5.303313935265093,5.348249342845741,5.391461207693055,5.438992740523602,5.486516194614056,5.53198994662026,5.581523606795658,5.630948458364812,5.678123053890592,5.728977823470431,5.779698231529258,5.82825035949308,5.879670447200147,5.931163295121113,5.9808592374148555,6.032149749812772,6.0839622450564015,6.1340760512713075,6.185162335037386,6.236904330477213,6.286946066207112,6.337632177818487,6.388971269625379,6.438573905581444,6.488648127403086,6.53931298855102,6.588215915380542,6.637478164234956,6.687264105068204,6.7353299325693055,6.7835786401348805,6.832336937327529,6.879476760378145,6.926549571680035,6.974161176532941,7.020301453175769,7.066068020587485,7.112434690627629,7.157494600950635,7.201875842206385,7.246927455257135,7.290824221073486,7.333799154487999,7.377497392240398,7.420172827971505,7.4617474376741875,7.504076194264359,7.545486632767931,7.585686507335478,7.626638144217269
T38000logg4.0,7.564740083293627,7.361438393243918,7.183363682473519,6.980522533203205,6.806943986286804,6.656797196116801,6.48563224656828,6.3392429392159695,6.214284432515792,6.0717485238187185,5.950120704774176,5.847813962097968,5.731047288380466,5.631859644480176,5.549849712297789,5.456203036574542,5.37729514037312,5.3134464331013245,5.2405683992418,5.180012291594194,5.132450667654373,5.078278000371165,5.034338068655339,5.001392114407723,4.964011397369856,4.935031238984569,4.915117737201246,4.892680215607352,4.877026063252221,4.86866623914241,4.859335647159696,4.855428449086701,4.857214738267291,4.859297080498755,4.865677888393343,4.8763053409175106,4.888296799708496,4.9036350248304,4.921906231529472,4.9424470254199075,4.9655117665306445,4.9903105057279635,5.018164710085604,5.047814849808983,5.078184605117681,5.112149754029311,5.147331627141278,5.182399628444768,5.2213691072917525,5.261113807069629,5.300106231293077,5.343048958586441,5.386475095237947,5.42867926357066,5.474679420324488,5.520986190891193,5.565705579057204,5.613987272822662,5.662446677826655,5.709090591466202,5.758921912220018,5.80888660578311,5.857103794237273,5.907677866038124,5.9585856216054935,6.008118347237955,6.058695752907269,6.110062782484018,6.160165061253423,6.210637441147738,6.262047656861495,6.312192526401303,6.362348894696505,6.413440371246107,6.463213731352556,6.5128310411388695,6.563299599983555,6.612394373093115,6.6612584930118,6.710867064554173,6.759112350008574,6.8069971667066484,6.855567971402351,6.90284956714291,6.949568419210875,6.996960772009467,7.043186948840002,7.088589899553389,7.134688700657588,7.1797635241899025,7.223754706346989,7.2684733614175006,7.312298235824818,7.354841280631583,7.398126911596343,7.440631640267989,7.481722551249458,7.523554432581853,7.564694224338046,7.604359302455544,7.644737543973611
T38000logg4.2,7.45390667186444,7.252197672354179,7.075643213683506,6.8743970449758525,6.70210231027435,6.553179964219099,6.38333317088211,6.238014362159443,6.114070875149969,5.9726559114757185,5.851950249644167,5.750509468041932,5.6347319877255195,5.536374266933035,5.455134173332078,5.362405424761099,5.284283762955769,5.221152634422399,5.149156207197148,5.089363818267238,5.042485736692186,4.989162309631794,4.945965977535705,4.913674024781975,4.877113552600129,4.848859678243771,4.829573613674305,4.8079350145075805,4.7929946162461725,4.785247462254667,4.776697065702778,4.773498224547743,4.775896857201804,4.778741266784641,4.7858290756796125,4.797072194473569,4.809808680094082,4.825853894023646,4.8447434037154204,4.8660195554565036,4.889793357185013,4.915223094857606,4.943794071681943,4.9741518625389025,5.005152887247438,5.039820958894119,5.075703354982387,5.111390122909753,5.151051753889379,5.191484643878085,5.231079229678935,5.274701038444826,5.318798764535278,5.361587474268937,5.4082484003852604,5.455207479023314,5.5004926923108135,5.549418564689152,5.598513614411159,5.645709682740978,5.696168561787633,5.746753568545386,5.795509042028794,5.846694178832042,5.8982055249217495,5.948258899065561,5.9994313635301575,6.051382771868356,6.102007922569786,6.15303484406035,6.205007669975123,6.2556786292646,6.306343608510456,6.3579731230672625,6.408264174652278,6.458349673410831,6.509326621236374,6.5589144148564325,6.608211899246341,6.658290876671689,6.706992118243621,6.7552712047563075,6.8042650055721285,6.8519561384703,6.899024382822809,6.946786512735613,6.99337064978189,7.039074187633731,7.085485933004349,7.130862927451979,7.175102319852781,7.220072084515996,7.264137381724609,7.306871848949966,7.350340998751575,7.393019024853412,7.434241418270352,7.476186991750306,7.5174314975627246,7.557167938572961,7.597592113645294
T38000logg4.4,7.19878664642835,7.007909249204102,6.840972270387141,6.6506185227622705,6.487651200270603,6.346934059251079,6.186431784854193,6.049144475009945,5.932199639831183,5.7987978559231514,5.685001973855467,5.5895251420774645,5.480621975659596,5.388213408329057,5.3120602531238905,5.225244546388974,5.152254024884724,5.093467605690773,5.026560377166678,4.971191310163924,4.9280193766078035,4.879065887194342,4.839670137124706,4.810527191302656,4.777703485517068,4.752701725629493,4.736080416710608,4.717628897742225,4.705467828701501,4.699970416727483,4.694142541813525,4.693321404994451,4.697622577460663,4.702792647689478,4.711915734490198,4.724767192559658,4.739489213830531,4.757276943716233,4.777525473086939,4.800497754201954,4.8257655502184535,4.852352695730283,4.882365771930507,4.914004821854176,4.9459853251358865,4.98188272037488,5.018862097428866,5.055369828478209,5.096082955556378,5.137454029070209,5.177732392912547,5.22225490109961,5.267152780076452,5.31050668902894,5.357939052531885,5.405579429979005,5.451328993340018,5.500917407323669,5.550596067131355,5.598176323261769,5.649209821448532,5.700301375679447,5.749377197978881,5.801067612022153,5.8530230902324005,5.903337740633126,5.954965171492406,6.007308478354331,6.058166417163257,6.109584745776177,6.161904441176367,6.212792207892862,6.263786804489947,6.315726110581072,6.366220621757401,6.416586000075726,6.467841674127579,6.517616546818944,6.567154778733791,6.617481974797762,6.666349181438618,6.714835345894993,6.764046642513566,6.811879995724178,6.859124258741682,6.90707361195886,6.953774694023054,6.99962502528653,7.046193291110193,7.09166062871137,7.1360180979918555,7.181112891929654,7.225240137405894,7.268063602577595,7.311624355106048,7.354333532795313,7.395614287276823,7.437616616619382,7.478860117484146,7.51862412788309,7.559070901074787
T39000logg3.6,4.987877153340298,4.902635913569253,4.829606370815432,4.748093918612162,4.680522291244086,4.623870756132795,4.560679723668535,4.508859566539092,4.46662657355606,4.4196412552302204,4.381883398468969,4.352380475118543,4.319783755174941,4.294621590700716,4.276403987221064,4.256631995603866,4.242778054094565,4.234588132600357,4.226249341873458,4.222537404056511,4.223249797328115,4.225082487276857,4.2304448087792395,4.239046579702863,4.2499179360277015,4.263392225593623,4.27898692966054,4.29789063498574,4.318613101930143,4.340397917237261,4.366424787383852,4.39358905952111,4.420824524742735,4.45310281980845,4.485924007900313,4.517904548229397,4.555582891954695,4.593293476899165,4.629343783174948,4.671608570761122,4.71347635129497,4.752936683770237,4.799051129197079,4.844385620794563,4.886696833658689,4.935912309231763,4.984059075828171,5.028695928001679,5.08030191965897,5.1306359480729675,5.177095523387827,5.230425382563638,5.282357441561301,5.33015697233579,5.384610146036893,5.437606303712933,5.486289418199777,5.541365266202671,5.594965048634145,5.644155583994239,5.699416131716492,5.753226476298488,5.802740253604115,5.857673610919699,5.911350650468434,5.961037307855435,6.01518549302458,6.068428616901626,6.117794021584098,6.1711322534867445,6.2236935965779825,6.27245550286383,6.324854071372304,6.3765499774425045,6.424535552431599,6.4758748400238515,6.526582882334544,6.573699144284583,6.623876844227856,6.673514439432186,6.719735335575329,6.7686415698322175,6.8171479991931445,6.862459397674885,6.910010047540743,6.957339549649762,7.001730599263704,7.0478679857842685,7.093988707175857,7.13743466165554,7.182143313261893,7.227037816324516,7.269500723512667,7.31280111870919,7.356458857637267,7.397902859267302,7.439820505981726,7.4822297668181665,7.522615211549417,7.563174154834331,7.6043190737909985
T39000logg3.8,6.29387018798889,6.142124304287558,6.009770979309992,5.860038995656395,5.733004459955135,5.623780486460252,5.500132279457074,5.395496363212741,5.306960686360026,5.206726384849639,5.122354262044628,5.052308529140548,4.973031816963801,4.906923083458523,4.853356901436623,4.792791513930585,4.74311271356374,4.704226214565493,4.660408920281762,4.625545965006083,4.599776367384906,4.570992859202168,4.549500113398667,4.535459697012635,4.520130576294476,4.51064710376553,4.507046789601722,4.5036753008307375,4.504891460448515,4.510526634831522,4.517671775595624,4.528330358346165,4.542064173831945,4.558380055167988,4.577299533539074,4.598074128101179,4.622322751316574,4.6484004889839685,4.675235014251234,4.706274764454947,4.738486627375935,4.77044438324746,4.807265782271064,4.844669684292434,4.880985426271132,4.922578449464034,4.964305074627619,5.00428078600619,5.049706800547862,5.09494405206252,5.137933214692644,5.186316535175453,5.234309964056644,5.279698031656601,5.330255568832495,5.380316679405165,5.42750595974384,5.479578586588103,5.531091799311702,5.579578647878636,5.632563666641551,5.684991767808534,5.734501060116013,5.787721935261472,5.840602546136467,5.890933466771132,5.943770146448988,5.9967001677035086,6.0471903857322005,6.099594081531445,6.152226655125164,6.202448183717721,6.254244214308496,6.306291639269118,6.355936687018782,6.406941594284633,6.4581793760365445,6.507041253077281,6.55708730011496,6.607352874858033,6.655333411691063,6.704251312896943,6.753429067786912,6.800467716558543,6.848126001471975,6.896124873651082,6.942171670429605,6.988467241603082,7.035213351842124,7.0802081477303735,7.1250859765474,7.170529810328484,7.214407204136601,7.257863787098654,7.301980476128337,7.344692697310503,7.386745264366594,7.429523916424391,7.471029778319529,7.511706769569391,7.553136641790701
T39000logg4.0,6.753940734564495,6.580440850114103,6.428795836886552,6.256691777100382,6.110051882883842,5.983592569120084,5.839985119934637,5.7178209679160625,5.6139984145117205,5.496076229239656,5.396142870929883,5.312626323313465,5.217767994691643,5.137931159642059,5.072564114118662,4.998346898105603,4.936629421663243,4.887464789243509,4.83175546529054,4.786406693876669,4.751747009650012,4.712682100152998,4.68213153024533,4.660466800263666,4.636320265256937,4.619074553407902,4.60898341336821,4.598095749994869,4.592692715667309,4.592844097779993,4.5935853970888205,4.598615080960013,4.607746253064349,4.618606690177967,4.632758121408295,4.6496969274034035,4.669318610858552,4.6913862731013465,4.715053365478175,4.742198637681583,4.771066277836617,4.800443821636183,4.834005610579941,4.868643115947016,4.902883227086649,4.941764029921289,4.981220248627075,5.019550049932711,5.062736850854334,5.106133145910514,5.147854008299057,5.194404262052582,5.240933177099595,5.285390731790634,5.334465745288,5.383392096865643,5.429946945801068,5.48083826967339,5.531497267652807,5.579608174934352,5.631656104920444,5.683461832271557,5.732819866646878,5.785290815518466,5.83773677035683,5.888116363795351,5.940337653192567,5.992985636685463,6.043688973766895,6.095585974379624,6.148059559705824,6.198614942145199,6.249998491422628,6.301976840074641,6.35202427333103,6.402696306386496,6.453916962406272,6.503199823325413,6.552972639547204,6.603237684831451,6.651623149669591,6.700302622104991,6.749468432222739,6.796871896569921,6.844302209411975,6.892256215626804,6.938609290220203,6.98466776430268,7.0313186004029085,7.076545458751887,7.1211601033745255,7.166442841436591,7.210464023764725,7.253619043842134,7.297498757668503,7.34025821939707,7.381964208286611,7.424428606726876,7.465885611941054,7.50617330944022,7.547219160904772
T39000logg4.2,6.8360064630755,6.656751220677815,6.500075201787387,6.321989880414201,6.170007302529302,6.038915528355907,5.889856484755653,5.76282551417284,5.654811401592439,5.531989415229066,5.427683805535267,5.340423620112762,5.241218236634451,5.157508601655707,5.088844573125675,5.01082880984375,4.9457322615350545,4.893706173535363,4.834719580743429,4.786459587103074,4.749346633820005,4.707486072448032,4.674459489483322,4.650719142941639,4.624220554581511,4.604897928203254,4.593071860422612,4.580230362033894,4.573103554028926,4.5718296747508225,4.57095297061337,4.5745661803475635,4.58255094942616,4.592075199776021,4.6050785927578,4.621115855980592,4.639647635215233,4.660806225407139,4.683785946428425,4.710066682830167,4.738239436350871,4.767127336277526,4.800015241912576,4.834142836815937,4.868056346169536,4.906429407788757,4.945530411980557,4.983663303128274,5.026488292876281,5.069660628177296,5.11129631498248,5.157609988236503,5.20402895023605,5.248502345471876,5.297447486619196,5.34636337019454,5.393023068527096,5.4438775046134795,5.4946121982872915,5.542909260760849,5.594993662861476,5.646945211407337,5.69655794890674,5.749119663380225,5.801765929787115,5.852456898858678,5.904809554259317,5.957701470546825,6.0087800088313665,6.060822008208577,6.113572303848107,6.164553764876947,6.216086200935939,6.268360057602429,6.318857831038824,6.369680789959901,6.421198886646415,6.4709269030944645,6.5208502846164995,6.57139607066109,6.620199812618717,6.669017866516761,6.718431030858899,6.766210022865433,6.81375462052902,6.86191044263023,6.908585213944432,6.954723742816935,7.001521303634727,7.047006728586904,7.091658245548576,7.137023066495432,7.181229731466203,7.224369864161631,7.268258125824254,7.311122088055643,7.352755699571761,7.395151979482335,7.436631378902577,7.4767900104112615,7.517696689449265
T39000logg4.4,6.656060956341639,6.480970839688703,6.328026740878539,6.154086185206266,6.005589076398455,5.877592739134912,5.732010669520642,5.607917662268565,5.50248677483406,5.382597921370203,5.280783090039676,5.195689658790295,5.098979313350162,5.017403642776766,4.950576674030975,4.874717131577073,4.811477484881222,4.761032170387843,4.703932294686758,4.657305212586709,4.621565233707737,4.58136483102879,4.5497818979084,4.527240100421967,4.502209124084787,4.484170183455686,4.473395753867582,4.461864151425919,4.455890464479658,4.455553508302787,4.455857360709852,4.4605205638107615,4.4693589950959245,4.47995551946936,4.493928524166844,4.510756395328242,4.530273776544409,4.552340180213795,4.576062003114049,4.6032625572645145,4.632295844767608,4.661897072686658,4.695642684119112,4.730589757186201,4.7651853137326174,4.804366030584932,4.844248180271837,4.883028569308183,4.926621089677284,4.970539125606293,5.012790412932553,5.059836746760828,5.106968703738871,5.152030033084789,5.20167527001108,5.251274989371457,5.298498754979047,5.350027271594858,5.4014224542820966,5.450267138803361,5.503002373515411,5.555595783330489,5.605743130521966,5.6589354253678845,5.712206191271254,5.763414768927595,5.816383032015528,5.8698825999660915,5.92147950621192,5.974105548020382,6.0274467479812355,6.078947849609019,6.131032361007418,6.183880590654356,6.234893906414077,6.2862419555376166,6.33831570810003,6.388545608937648,6.438970955398739,6.490048542050891,6.539331789600287,6.588626899034324,6.638541524714531,6.6867709254371,6.734763432711019,6.783385852691326,6.83047776791404,6.877031496550856,6.924257137122856,6.970122792724383,7.015153186770577,7.060903426853739,7.105448556456492,7.1489273785093825,7.193152830950857,7.236308513958486,7.2782367962936885,7.320919716683188,7.362642521495734,7.403051507916046,7.444195462473394
T40000logg3.8,5.511455372412587,5.3958443179288915,5.295747529736414,5.1831804957161065,5.088583795738857,5.008060723682013,4.917481320310236,4.84177650089319,4.778625556900469,4.707642717544015,4.648916468912845,4.601197011274884,4.547675869432378,4.504194575688743,4.470182630403658,4.432223600997072,4.402431709081029,4.380605680395592,4.356540635647337,4.3390525492266105,4.328073944621222,4.316417896345119,4.309979157182486,4.308651832629108,4.308055721040231,4.311511438789491,4.318751921635445,4.327976104839152,4.3402523931028005,4.355066699898575,4.37295612873311,4.393035081785607,4.414496018327761,4.4399544894012815,4.466859579936941,4.49409173525089,4.526078408150378,4.558878303924228,4.591059516768713,4.628603262687728,4.666428528850124,4.702769117174137,4.745010967505261,4.787058707583135,4.826910288536986,4.872984320724352,4.918506149206458,4.961270952107736,5.010364144276084,5.058651729660405,5.103763882927069,5.155111038812097,5.205496330823211,5.252409972219468,5.305322209181768,5.357196865477585,5.405387596932366,5.45929124760551,5.512125799001833,5.561160727395933,5.615549434272008,5.668890346533878,5.718550674773838,5.772838885959562,5.826291283297466,5.8764107934783585,5.930064110816424,5.98328067456669,6.033282029449982,6.08626861772752,6.138953084730605,6.188483920355492,6.240651511985018,6.292569851667611,6.341391215742958,6.392593047839109,6.443576884926227,6.491543472781137,6.54165047316718,6.591582914748887,6.638638439116389,6.6875150143741,6.736313219640727,6.782425324510029,6.829969082020565,6.877569824042099,6.922712199277598,6.968848671058499,7.0152036436767204,7.059337246297592,7.1040353654070545,7.1491146272254005,7.192190557957934,7.235463713706507,7.279254581982637,7.321234603513885,7.363109492201881,7.405604154857323,7.446449326130942,7.486954985770333,7.528140843391616
T40000logg4.0,5.990910404852672,5.848335317994236,5.724211908579041,5.583971612320717,5.4652029524333745,5.36333323002543,5.248202379219023,5.151014698752121,5.069050422492974,4.976455687822901,4.898788600792871,4.834610471609821,4.762183147436232,4.702106791380648,4.653778115849825,4.599355190881171,4.555100618347019,4.520886398023664,4.482569615754213,4.452573811944214,4.430962994491406,4.407092983213522,4.389954948499982,4.379605259832456,4.368653614947361,4.363053776952667,4.362716582709948,4.363232301941473,4.367899128466259,4.376410222198506,4.386994217698124,4.400708081698836,4.416969157000694,4.436314192215845,4.457928352676821,4.480914307348578,4.507821411144912,4.536268042155989,4.565028925590972,4.598396982523193,4.632685321043199,4.666317062711521,4.705168362105559,4.7443848004733375,4.78214561434991,4.825500699147994,4.868800556923308,4.910013570248087,4.956961871060458,5.003557675051988,5.047597849494004,5.0972910611782245,5.146451921229389,5.192725540192525,5.244406076426089,5.295465327612256,5.343394035392665,5.396424224725088,5.448786038002599,5.497884053529884,5.551681949526515,5.604827451426803,5.654831825020809,5.708740874476663,5.762222210643844,5.812939735627083,5.866360111091815,5.91978820862762,5.970583076191886,6.023465927966431,6.076506126638487,6.126967289253194,6.179143037854086,6.231517845679836,6.281342669616237,6.332640954937204,6.384133094072086,6.433117249825782,6.483379790945763,6.533831350132454,6.581880033196803,6.630944789907957,6.6802451127502085,6.727301995673837,6.775042639637304,6.823106221802599,6.869125437123461,6.915445959491689,6.962204485147659,7.007129595534858,7.051980757113891,7.0973891470962185,7.141157781512624,7.184541313699728,7.228578680260252,7.271145665896874,7.313083333952832,7.355742744931266,7.397069965215556,7.4375954773298965,7.4788713788669465
T40000logg4.2,6.190490650809213,6.03582224674301,5.9009775012672065,5.748277110061264,5.618547273502053,5.507046508913691,5.380772507310247,5.273772486869637,5.183255686353677,5.080798066233502,4.9944403553771535,4.922743187989503,4.841669756203579,4.7739722841293135,4.719095137015108,4.657158623774642,4.606283007396512,4.566417335092894,4.521631425931382,4.485943272358292,4.459507045985957,4.430130856997916,4.408160331927946,4.393743780738433,4.378164953981238,4.36851526973414,4.364792155553497,4.361462147639296,4.362766772537627,4.368496894704415,4.375892873228485,4.386833109408182,4.400839625478967,4.4175483825533615,4.436896959571743,4.458084217306453,4.482835453194875,4.509462240204796,4.536819340003618,4.568455397841506,4.601313276838306,4.633887234108075,4.671370689199415,4.709492386565624,4.746490187600786,4.788789889683572,4.831281538188579,4.871980792530625,4.918142746323755,4.964176943546922,5.0079230784801,5.057058658036054,5.105874181146109,5.152052538715258,5.203371245445311,5.2542749586921635,5.302283403653419,5.3551206358852514,5.407487584802818,5.45681912289887,5.510554936746523,5.563834559912103,5.614202738392133,5.668146333058484,5.721863321886855,5.773056974665435,5.826579017182551,5.8803230929276795,5.931693602880622,5.984721792220844,6.038140784473396,6.0892510901095385,6.141605397947643,6.194399312192319,6.244908929374166,6.296410326285147,6.348335076937002,6.398001558018954,6.448482104176502,6.499355146665561,6.5480571606248335,6.5973378086795185,6.64702727355087,6.694689457653414,6.742627964407612,6.791032925229912,6.837595909021811,6.884082082220569,6.931121789134427,6.976517598002885,7.021490988340606,7.067109339552486,7.1112645956359355,7.154717596888292,7.198885166913655,7.241747315280257,7.283696757686638,7.3264053003186795,7.3679364342673495,7.408418784689616,7.449669901412893
T41000logg3.8,4.888657485142172,4.806439604018255,4.736188256107522,4.657847647808134,4.593036793809076,4.53889264010248,4.478569408142351,4.4292510704880526,4.389264624023537,4.344853582512486,4.309345295135192,4.28183995556023,4.251537272948493,4.228380552964689,4.21192329477676,4.194175974333198,4.182091629103947,4.1754366934746265,4.168867709631711,4.1667008259029625,4.168736688164895,4.172099347306571,4.17879366887471,4.188520445511404,4.2006952691596755,4.215299442000047,4.231833537318796,4.2518271826444485,4.273487544446245,4.296036253595637,4.3229515737038975,4.350871460630716,4.378705503333519,4.411684579273689,4.445091674872435,4.477518520705148,4.515726887175446,4.553868264030433,4.590226866073915,4.632865854926434,4.675022823347194,4.714667341560529,4.761014238764773,4.806509426682335,4.848892675375926,4.898212312448869,4.94640323460783,4.991011079781241,5.0426067088838185,5.0928808936900305,5.139222019515125,5.192439890550416,5.2442201610138355,5.2918227199292325,5.346075309569841,5.398839842193879,5.447258021800793,5.502057102342252,5.555355950692984,5.604222872399081,5.6591404511085335,5.712589670448655,5.761727959245401,5.81626284656191,5.869527236956444,5.918795985098736,5.972497164962221,6.025283953788727,6.074199859110717,6.127046252022422,6.179114678367824,6.227404544247875,6.279270212559228,6.330441900106239,6.3779335519420925,6.428706958679064,6.478862985127647,6.525463430392141,6.575049388617053,6.624110977060228,6.669796885948271,6.718090329425209,6.766000451227741,6.81076064044177,6.857681584864244,6.904398345962333,6.948224349662843,6.993720397624347,7.039216072910639,7.082085562363381,7.126145879961985,7.170406461985695,7.21228342172495,7.254932927697534,7.297951411320941,7.338802250913249,7.380070390099304,7.421838035542033,7.46162507916557,7.501538987914328,7.54204267132063
T41000logg4.0,5.235406033031057,5.12719110305495,5.033728315230082,4.928819212771056,4.840875053611826,4.766266751860901,4.682558601077063,4.612853026317452,4.554990234952422,4.49018748800079,4.436880396977884,4.393896586070673,4.345939757549735,4.307353816702392,4.277581861160839,4.244625244507975,4.219245713849938,4.2012071910989075,4.181631662491549,4.168116214988345,4.160518286920586,4.152894653748763,4.150033076212218,4.1517230211496585,4.1547464415906425,4.161417660385139,4.1713436437948435,4.18380678024289,4.1989600455520355,4.216155469730785,4.236922281518547,4.259557952915074,4.283117642194231,4.311113772076812,4.340278239950075,4.369349938462162,4.403565773411217,4.438354777619755,4.472140004930167,4.511635780323587,4.551204655300739,4.588936488994063,4.632878329606839,4.676446053502318,4.717495832588383,4.765042586723044,4.811882280051002,4.855672215278846,4.906034241497723,4.955459667158092,5.001444853697233,5.0538815048063,5.105248435489372,5.15290476175514,5.206751425729248,5.259472664215244,5.308293782814511,5.362996147098346,5.416557113416534,5.466123989833766,5.52118746457982,5.575145623343061,5.6252456196061456,5.680101443602739,5.7340739483647365,5.784546719698252,5.838678339253553,5.892330835342735,5.942622731602319,5.99599978147094,6.049047775536407,6.098819880152435,6.151295892287541,6.203512349384858,6.252527361745526,6.303963922661749,6.355182639617507,6.40329324029186,6.4535673654507715,6.50367308818174,6.550823028560745,6.599804372167996,6.6487176484951505,6.694876912303723,6.742468865207189,6.790130721326496,6.8352753350195705,6.881407866989552,6.9277730834417,6.971865648083745,7.01651228375027,7.061554493565409,7.1045483546817545,7.147726455080153,7.191436277997533,7.233295459538593,7.275035949825225,7.317410171929934,7.358099441192545,7.398437575657537,7.439469790861962
T41000logg4.2,5.587336469283493,5.458360165777223,5.346398051019907,5.2202011037117515,5.113665536789055,5.022642116284539,4.920081428676816,4.833887056789948,4.761589630624278,4.680237062230443,4.612437750232716,4.556868198172402,4.494491210097042,4.443264197356625,4.4025960370149155,4.3571513864629345,4.320822891344529,4.293417257382897,4.263109919454883,4.240198016895829,4.224625139509493,4.207881318231428,4.197055295528553,4.192043287759814,4.187413822468179,4.187420012882118,4.191785032834349,4.197893523550864,4.207522791521856,4.220162216288404,4.235677200295147,4.253767867184997,4.273639888947054,4.297316359308155,4.322778064798594,4.348909968704163,4.37961282603122,4.411432147905099,4.442922704075746,4.479607868010238,4.516842688126042,4.552834236076194,4.5945737705751135,4.6363557027359805,4.676145375535367,4.722007693201286,4.76753257113817,4.810478629611803,4.859596643394328,4.908114397916001,4.953624547984893,5.005189634557682,5.056004289657683,5.103515480045687,5.15680684945604,5.209284549594193,5.258247451587751,5.312661710891452,5.366236243885103,5.416190859427025,5.471173813508248,5.5253516121612165,5.5760501530778335,5.63097807579163,5.685334731420434,5.736594681046277,5.7909003136781525,5.84506733906564,5.8962918114223255,5.949926125049037,6.00358796014858,6.054391773839253,6.107193507838945,6.160087921533771,6.210181197620068,6.26199425053154,6.313916095592587,6.363102929014095,6.413783447252483,6.464584950562787,6.512777811805548,6.56217409091457,6.611752313418964,6.6589009832200095,6.706896012094251,6.755173367680104,6.801238122472808,6.8477447343055475,6.894660769088835,6.939590766960096,6.984568217693338,7.030084166980452,7.073821076485826,7.117277370097055,7.161376395307292,7.203877593024336,7.24583958726663,7.288518781327267,7.329749284877773,7.370256463303011,7.41151583518592
T41000logg4.4,5.608897560565595,5.474697266162478,5.358075487504048,5.226429588483007,5.115050113810584,5.019747182479578,4.9122319649440245,4.821638754034141,4.745486285718966,4.659705554179498,4.587980197602022,4.528994642622385,4.462723292523312,4.4080506034097615,4.364404289609436,4.315591114214805,4.276289770918544,4.246330702151742,4.213158249990842,4.187728361513253,4.170006578130563,4.15087475701815,4.137962253977969,4.131181801809762,4.124607621295558,4.122926340858128,4.12586959984543,4.130432248951486,4.138728800576437,4.150259871170006,4.164567140557491,4.181632023348958,4.200673498974868,4.223426234806903,4.24812879739649,4.273672435339664,4.303700376592799,4.3349978508195095,4.366112515614999,4.402347803009338,4.439270858719094,4.47507498939216,4.516557175704842,4.558207575247747,4.597969459956379,4.643737651344592,4.689282279059898,4.732333705716952,4.781495454545928,4.830162406765352,4.875895910193191,4.927621886525886,4.978700150280052,5.026543158146261,5.080095774247392,5.132937179475202,5.182327420533607,5.237086577447641,5.29110747271806,5.3415730032566735,5.396962610945801,5.451651265204315,5.502930753555862,5.558305944379887,5.6132206751413305,5.665117604211625,5.719895978327456,5.774656168929535,5.826568515492052,5.8806860090855855,5.934966519004128,5.986492074996338,6.039784477226309,6.09331092476418,6.144137592394428,6.196445548276422,6.2489971496195915,6.29890586352241,6.35007876585148,6.401491138766213,6.450377366977843,6.500252485463603,6.550409111371881,6.5982112131415835,6.646659887115089,6.6954731902173785,6.742143257188129,6.789068976765023,6.836470256188706,6.881950061229759,6.927303747417077,6.973246402668653,7.01746987170217,7.061253160599136,7.1057139289533024,7.148632607969878,7.190868496110798,7.233842973578092,7.275421002718975,7.316150881704972,7.3576432172379596
T42000logg3.8,4.224777974544014,4.194018778517547,4.169545737763935,4.143524560930796,4.123968361828159,4.109696665927265,4.095024575611677,4.085282014366527,4.079837386961044,4.0750443365584434,4.073936615382086,4.076175331143209,4.080058249665446,4.086610573900238,4.095594957975432,4.107156772382405,4.1205414961463465,4.135477749934883,4.153845827576229,4.1733254856391415,4.193513024481619,4.217903472541014,4.242809379129829,4.267622559269811,4.297336903499114,4.3270741688917145,4.355967399223675,4.390397920965573,4.4244442626191,4.456935183621474,4.495547005166492,4.5334233020011085,4.569075376553981,4.611358698446945,4.652600179245921,4.690999341140911,4.736446268901646,4.780585503555264,4.821325094759906,4.869422561798328,4.915986941538491,4.958649614879143,5.008900306604846,5.05741810290715,5.101623435131797,5.153509225240424,5.203518319067398,5.248896829819661,5.301921252540717,5.352979521625531,5.399177251293729,5.4528817142372334,5.5045790423180225,5.5512633206844315,5.605238010548509,5.657204418901324,5.7040650328997335,5.7579618742767655,5.809872699931239,5.856647534777375,5.91015520038062,5.961728956593624,6.008288697832083,6.061046977479256,6.112043909600886,6.158278864626628,6.2099869513968935,6.260210919704783,6.305811368652557,6.356456863918252,6.405761750793797,6.450581265731146,6.500082164319993,6.548372422577322,6.592333193127433,6.640625547455359,6.687845082281258,6.730916395015303,6.777949841386106,6.8240660076699085,6.866258493598038,6.911974540912188,6.95696540029964,6.998291448357446,7.042647906925703,7.086500318525041,7.126971433566046,7.169945134283545,7.212654199320415,7.2522658269166955,7.29386612863219,7.335432615128964,7.374163784071162,7.414422029215098,7.454843821101237,7.492669248061821,7.531614009843037,7.5708850374871055,7.607775481228596,7.645433644553698,7.683547689001552
T42000logg4.0,4.555273673381961,4.483695697079333,4.422938938583087,4.355556275044014,4.3002478396593355,4.2545070091479005,4.203943883026135,4.1631300966016935,4.130598822067851,4.09489938304968,4.067009667325974,4.046123242315156,4.023590742764101,4.007246453893175,3.9966531430025456,3.985814749664002,3.979801133531951,3.9783231991996777,3.9778824713562795,3.9811136430878844,3.9877103632878272,3.996506106624897,4.007995436003956,4.021734819006271,4.038719545212917,4.057571847321882,4.077622686155736,4.101857576298114,4.127260516370884,4.152874572438828,4.183499703476371,4.214690656871841,4.245175317113826,4.2813705085196565,4.317611472027227,4.352308000615662,4.393280069947202,4.43385525459112,4.472136389763629,4.517132328376684,4.561361621642709,4.602615963164102,4.65095567619693,4.698199416678933,4.741914021268806,4.792904445273273,4.842557886317104,4.888253191821426,4.94123710998264,4.992724203655686,5.039942164627547,5.094303078318445,5.147080753826615,5.19537989591723,5.250562886972432,5.304138122882754,5.353097423539226,5.4086421994898295,5.462589088762713,5.511863263514187,5.567365106484199,5.621320638895627,5.670744719613304,5.7257304038987735,5.779379401460885,5.828821715729239,5.882868775267023,5.935937318699252,5.984946518986661,6.03803602861126,6.090298725210689,6.138619424417532,6.1906335451158565,6.241922070531225,6.289388647400065,6.340225254900812,6.3904261315505835,6.436947603967198,6.486519680674429,6.535559107324053,6.581114780240381,6.629326172224094,6.677153985419082,6.721737113640162,6.768518073972331,6.815099557214069,6.858705540321196,6.904011234034041,6.949322861424818,6.991931809008663,7.035756364064911,7.0797880652579686,7.121367264779652,7.163740130444545,7.206490222950285,7.247010716499208,7.287967492169779,7.329434763909187,7.368864872398248,7.408441151595581,7.448620141689718
T42000logg4.2,5.016056787224003,4.914517271588612,4.82701784823801,4.729002120781342,4.647044871217305,4.57773913975378,4.500202854447963,4.435885134914062,4.382754163469987,4.323493209941225,4.275044818244514,4.236292166485695,4.193318521653942,4.159117359573891,4.1331313719172496,4.104656513616684,4.083232384159931,4.0685797890944295,4.05303206315648,4.043081443554874,4.03850904686319,4.034505163950538,4.0348550095456135,4.0392469493974,4.045520039994927,4.055078114616668,4.067410473221308,4.082780250778845,4.100515785405117,4.119844450271895,4.14319366655907,4.1681243106302315,4.193563926970208,4.223838378222663,4.255030300713663,4.285748044306616,4.321965386920427,4.35853777095348,4.3937557403709,4.435002380249055,4.476132166501581,4.515103613875784,4.560570173135985,4.605497219881383,4.64761227031129,4.6964783302732585,4.744494191569607,4.789192073337907,4.840689369609257,4.891127794328537,4.937882290324091,4.991291505264317,5.0435283186344755,5.091833780262039,5.146511188141508,5.1999779099227315,5.249344102083314,5.304752838144821,5.358948823701837,5.408969570483102,5.464627313200062,5.5191215934473,5.56959027590302,5.624944073292002,5.679364244879799,5.730124423294544,5.784674082276999,5.838696037862672,5.889214987635813,5.942928447756155,5.996277130590717,6.0462276926135035,6.098963419920779,6.151418143883804,6.200564757877281,6.252192007783081,6.303589302871412,6.35178387781317,6.402185516561075,6.452412368670254,6.499599884788869,6.548650571769869,6.597630554428572,6.643783569924256,6.691389955309175,6.7390675060058305,6.784164508062975,6.8302612465304104,6.876594924898257,6.920600771188035,6.965165241117545,7.010131208900975,7.053000567136059,7.096053172933987,7.139644181791788,7.181342205246951,7.222917418298252,7.265134092476938,7.305628377305869,7.345766942912849,7.386607841052463
T42000logg4.4,4.759052071164027,4.6530900860786915,4.561671402857637,4.459159080450272,4.373254997499703,4.300487104629091,4.21905504844419,4.151342003004574,4.095261604096628,4.03275181427265,3.981494897275499,3.9403245339422193,3.894746604359223,3.8583179844849136,3.8304308300243606,3.799965300992561,3.776870438116647,3.760806536849008,3.743851330369764,3.7327649820674447,3.7272490298605843,3.7223990105773233,3.7221286485655374,3.7260238763815496,3.7319793211555963,3.7413966138505272,3.753637951529309,3.769160888597314,3.7871704604725407,3.806770568071258,3.83064499769114,3.8561908622673076,3.882213534128631,3.913304657110667,3.945395682810066,3.9769594368136265,4.014236513404217,4.0519493960422714,4.088231899103624,4.130748619920808,4.173221795735581,4.213437549485149,4.260347298593088,4.306781560629867,4.350288394548558,4.4007313545102305,4.450384130707537,4.496594884360521,4.549770300862781,4.601950655020363,4.65032515011674,4.705488851712822,4.759557433354952,4.809582199391421,4.866072575605815,4.921446672697448,4.9726171308124,5.029881072420729,5.086038819109098,5.13793173823895,5.1954611490385885,5.251947516284327,5.304331752109853,5.361556535896425,5.417980722942111,5.4706816109745064,5.527091263635186,5.583117847908659,5.635603056629672,5.691146760853622,5.746491531500815,5.79842156204851,5.852949796715929,5.907378260525518,5.958492809193108,6.0118691419500205,6.0651981436368,6.11532094314386,6.167420805311803,6.219519723644235,6.268576067756269,6.319265514929441,6.370044751770968,6.41799410539936,6.46717117935179,6.51656542715793,6.563376974543891,6.610967963911438,6.658927044924473,6.704556955720228,6.750531541983197,6.797024019854398,6.8414194760582845,6.885793030918295,6.930807629618605,6.973930218628954,7.016735999005478,7.0602751134004915,7.102093887001546,7.143377900988322,7.185446901143657
T43000logg4.0,3.965092527311343,3.9394181891992988,3.9177989518122986,3.9000819247048035,3.8860412144138086,3.8754642700908213,3.8681529763799185,3.863922862828189,3.862602537769447,3.86402856440714,3.868037199466186,3.8743942151076425,3.883340868953068,3.894499645983152,3.907878844350384,3.9234448654129195,3.9410954598602874,3.9607311567319528,3.982253804772306,4.005563390906898,4.030559638171296,4.057133762319309,4.085156195749195,4.11440190574499,4.144293583838168,4.17689784790291,4.2112142802539,4.246803397251188,4.283626436064527,4.3216209925113915,4.360724704811961,4.400871494563678,4.441991289152215,4.48400321180123,4.5268026673548,4.570207310110448,4.6136008448965695,4.658404485098642,4.705073355471774,4.752647600634032,4.80082364305174,4.849546036605501,4.898752390730304,4.948377943390006,4.998355448548742,5.048610462880112,5.099053225748996,5.149543308143808,5.19964759167167,5.2498319342398725,5.301331327547689,5.353547458478196,5.405804051745449,5.458044430611097,5.510226440669226,5.562306342603044,5.614238962545712,5.665974628433084,5.717453729154144,5.768585704370747,5.819142793051643,5.869153094490066,5.91949977185656,5.970287082377144,6.020962083570524,6.071260839728215,6.121168902249727,6.170667971544135,6.219740611185488,6.2683680199139555,6.316526246064628,6.364172940788525,6.411189587992109,6.457677703939026,6.503675116441802,6.549916010516335,6.596174912890387,6.6420163754393,6.687417365441612,6.732376882366744,6.776890520639118,6.820951374485033,6.864547988070699,6.907655783186607,6.950204378028923,6.992319237991382,7.033589307407761,7.0752365993951205,7.11655078750765,7.15771141094182,7.198445639212172,7.23875313510041,7.278631547697953,7.318076169092718,7.3570787462921725,7.395622074422873,7.433659917176506,7.4712921939873285,7.508179012804717,7.545039933055042,7.581677801847199
T43000logg4.2,3.8856362116157124,3.8336979548715475,3.787212695435528,3.7459751325788067,3.709708271379191,3.678149705908803,3.651052290034498,3.628186654016489,3.6093394260553358,3.594317551093611,3.5829448557249486,3.5750320256180435,3.5714094966962153,3.5690111978916814,3.5700317810180398,3.574100076105994,3.581080908564063,3.5908413507214174,3.603246641428072,3.61816582232816,3.6354643570142846,3.6550056005404974,3.6766332791960457,3.7000887348334524,3.725160757132736,3.7529132215243117,3.782872161264746,3.8145883699024448,3.8480313178529832,3.8831174893542304,3.9197603790625477,3.957871010113817,3.9973537364177973,4.038102710333869,4.0799861294013535,4.122778349006057,4.166037994657476,4.21093932472902,4.257884127473341,4.305938106296211,4.354845265918949,4.404529596027681,4.454914547034308,4.505922947472157,4.557474494709294,4.609482076852091,4.661839702284578,4.714376394768782,4.766519410404672,4.819580300023787,4.8734613546215435,4.9283133020162095,4.983301331751614,5.038370941131309,5.093468564889296,5.148541711747817,5.203536280412875,5.258394543813142,5.313047024486281,5.367383085533487,5.421049210690124,5.474579035175001,5.528320458592965,5.582609316556489,5.6367130540895305,5.690462278895106,5.743831364237645,5.796795576766402,5.8493301306810634,5.90140907260462,5.9530004728066555,6.004047548425919,6.054384238930251,6.104306602912497,6.153905004460765,6.203373906677158,6.252942275784363,6.302051692904838,6.3506883426517815,6.398847918509217,6.446523505254376,6.493705547867555,6.540378606161071,6.586509475308217,6.632006320595924,6.67715969333673,6.7214301629390265,6.765770687198495,6.81002566180366,6.853939601812577,6.897377207490776,6.940339450505586,6.9828245020942985,7.024828161360508,7.066342141561335,7.107344587569232,7.147776122736121,7.1879062769442825,7.2270469442374345,7.266405015824603,7.305197814470613
T43000logg4.4,4.696302702092851,4.607528692136567,4.531401458301826,4.446478214660273,4.375881948945975,4.316608182734118,4.250670767952689,4.1964583518261,4.152175323818619,4.103187891800654,4.063720265704212,4.0327656509753504,3.99888281885307,3.9726500323151033,3.9535254310537256,3.933082577083341,3.9187148436564465,3.9100878648621955,3.9016238294720678,3.8979060271473496,3.8986107072059144,3.9008361079075438,3.9066735768233625,3.9156710262283467,3.927406619013276,3.941779386943126,3.958115257373216,3.9782560085539127,4.000195046482384,4.02298344423347,4.0504777232679965,4.079057154967087,4.107466694695101,4.141324695381541,4.175666844455048,4.208916845977377,4.2482169755921975,4.287494329306919,4.324855570185281,4.368741554206341,4.412180083674404,4.45295116380811,4.500659939568007,4.547541026366895,4.591147973438595,4.641904431046685,4.691558781986499,4.737475138045092,4.790552304204114,4.842351190129796,4.890083632722888,4.944804393318058,4.998160843711225,5.047235991536848,5.10299385004291,5.157372074628433,5.207328620455156,5.2636185346557225,5.318545386629604,5.369000967699925,5.425365946815304,5.480432735843971,5.531191999700929,5.587109797847248,5.641965437963386,5.692879196064135,5.747883612845491,5.802225178125438,5.852798664445596,5.906859554790557,5.9604317850002815,6.010361407925709,6.0633486744102045,6.115946667083007,6.1650121446547015,6.216806509113524,6.268277699394385,6.316340564405742,6.366834713444307,6.417074687740887,6.46408721128113,6.513164783929481,6.56210461993847,6.608045583161063,6.655621130058901,6.703212311517217,6.748066026239487,6.794081466254321,6.840288838024592,6.884024813176844,6.928463509809193,6.973267721107692,7.015843718800501,7.058730666688057,7.102128155309785,7.143511802834155,7.18488604381389,7.2268810901173755,7.2670423381375455,7.30694974081766,7.3475458240161835
T44000logg4.0,4.181542239398248,4.16996396487113,4.1624555939197405,4.155792864460944,4.15285583936642,4.153124230946599,4.155103129073311,4.159681710458959,4.16662906680408,4.17607701869637,4.1872247863850705,4.199944644006559,4.215910719279125,4.232851692741302,4.250606979250947,4.272309732545174,4.2943923359717076,4.3165660481333505,4.343331665046552,4.369982684666293,4.396036204724581,4.427263483368858,4.457967568379848,4.487423696827354,4.522581198115621,4.556882996638651,4.5893282679870335,4.627954960649124,4.66545498950189,4.700523439080362,4.742213571153087,4.782545591342808,4.819906687390653,4.864273250317035,4.9070805522397425,4.946419566623729,4.993071433304643,5.037990224668192,5.078993957319597,5.1275290377777285,5.174185440034611,5.216527044775666,5.266549022307201,5.314563357472312,5.3579393555727695,5.409028179552874,5.4580231343099515,5.502134612121128,5.553885775816821,5.60349930709711,5.648059097373575,5.700098470548926,5.749994727109593,5.794732939968888,5.846727371802372,5.896603472979163,5.941268620102949,5.992933409540531,6.042522389829532,6.086901391381737,6.137981295801308,6.187051446521423,6.231042624004137,6.281241202709813,6.3295992866673405,6.3731143589973485,6.422196085641838,6.469688980053948,6.512488723637919,6.560447158127347,6.6069661793940835,6.64894877113173,6.695722481952577,6.7412011171571296,6.782316883825358,6.827862651304395,6.872266911002644,6.912503359423411,6.956791569602731,7.0001057969897715,7.0394841424714265,7.082475415882277,7.124691923506564,7.163233074304761,7.204902730249609,7.246020077847822,7.283742668085138,7.32408034033127,7.3641029545936485,7.401009450635199,7.440031762845965,7.478965727634863,7.515041582224789,7.5527822701617975,7.590630686739465,7.625857417088898,7.662347905917452,7.6991102241142135,7.733465495682346,7.7687354989118,7.804411356698868
T44000logg4.2,4.131333906783649,4.093393036336695,4.062568398838009,4.029462084728486,4.0038133419454605,3.9842105419149534,3.963644200709994,3.948850424090741,3.9390331624231028,3.9294584966387758,3.9242704457403383,3.923014581826079,3.9231163216449243,3.9264609439756035,3.932728926013125,3.9413857912642976,3.9523320422814483,3.9652309296040125,3.981458480973194,3.9991741530083647,4.017914056077774,4.040828475335993,4.064559425390021,4.088435594458316,4.117247983033545,4.146317632207914,4.174709034765609,4.208719308656955,4.242520833074071,4.274870500869674,4.313447774515478,4.351415879639326,4.3872125368311385,4.429752995601827,4.4713386427198305,4.510095763808352,4.55600768896241,4.600670754474991,4.641919814587325,4.690627847746621,4.737844217658287,4.781119413390293,4.832093731771585,4.881360843745561,4.926262897919443,4.978955129151728,5.029790661096881,5.075940574304832,5.129827821200141,5.181770712875322,5.228804647672523,5.2833970081385715,5.336012949869079,5.383580779852252,5.438439053812695,5.491335516407378,5.539105654662577,5.59386505172863,5.646702621936047,5.694402706678738,5.748742218714636,5.801231918955034,5.848736215501295,5.902278621112524,5.954172354537082,6.001376640601529,6.053797762100957,6.104885208211334,6.151448286621661,6.202736435909135,6.2528514493114296,6.298595696245567,6.34866219001122,6.397687734316982,6.442503999301995,6.491279891534324,6.539143472069212,6.582980435668279,6.63041043564845,6.677069841971806,6.7199313210335205,6.765950542909487,6.811380491812972,6.853277721289595,6.897841592704777,6.942027522310703,6.982970542803215,7.02605623341886,7.068992833780909,7.10897537984044,7.1505938037686185,7.19228349160543,7.231283870338549,7.271473808970401,7.311922656325571,7.349919532796682,7.3887221547132444,7.427934308243026,7.464902494941134,7.502357204871853,7.5403337479521175
T44000logg4.4,4.280309678430495,4.221532792192268,4.172140089600793,4.117874296815637,4.073904283288148,4.038136711301799,3.999167180126832,3.968422946670089,3.944668803111932,3.9192438594607255,3.9003127252644685,3.887163397350262,3.8737425270271446,3.865363947280182,3.861583852637109,3.8588070976581093,3.859855274936916,3.8643570365169735,3.8710292619289337,3.880503394016799,3.8923328748165558,3.907394614095466,3.9243917941002917,3.942698600900998,3.9651891590348196,3.988880536449452,4.0128966658131375,4.041936856949238,4.071555440182205,4.100578618600518,4.135352790794337,4.170173097690057,4.203549730900032,4.243281841535409,4.282606493597293,4.3197180033406495,4.363667236603302,4.406826748228783,4.447088447957079,4.494555681631319,4.540916252993006,4.583758392778926,4.634115009745919,4.68308242958169,4.728033893679409,4.780635563376824,4.831649740917833,4.878272381382485,4.932509366995928,4.985039140110634,5.032916286058055,5.088218089506736,5.141764096678626,5.190493548584631,5.2463489120925875,5.300456923563384,5.349650998124673,5.405635612934936,5.459909708838583,5.509249997679829,5.564986397227342,5.619087887999334,5.668420665024923,5.723470897819611,5.777108699881069,5.826311972800184,5.880291636438721,5.933216526438649,5.981881752130018,6.034773403023367,6.086779559332358,6.134672014411507,6.186368472561433,6.237298744934899,6.284259021971013,6.334669780602834,6.384417007966374,6.430356492818584,6.479404046470723,6.527899641602421,6.57280155664959,6.620398142491334,6.667598795772036,6.711462223551068,6.75754655743315,6.803424873052071,6.846250431154198,6.890786111949496,6.93532517284704,6.977097167590152,7.020085189132058,7.063280222464372,7.103969361463606,7.1454456959106505,7.18730110503605,7.226882170884629,7.266890569964054,7.307413025971368,7.345859359400736,7.38444610252379,7.423639966398854
T45000logg4.0,4.6847727692658525,4.69274202989534,4.702268745581559,4.714855806752616,4.728199194081912,4.742460092651712,4.760294485212281,4.778260044547636,4.796537535811892,4.818856491126467,4.840822028207438,4.862532061703357,4.888725841530222,4.914189137491752,4.938864187279947,4.968442918241051,4.996992613664403,5.024250986041456,5.056807000934143,5.088095296954855,5.117616265696263,5.152798484918744,5.186521163058456,5.21802687746935,5.255526353887664,5.291414501145751,5.324663865308636,5.364209521505943,5.402024887601346,5.436801792643246,5.478153708141647,5.517675173351639,5.553782636400462,5.5967086130963715,5.637718258520412,5.674967071203959,5.719226202187993,5.761495142258539,5.799691200485901,5.845024050615832,5.888304493437799,5.927234302060206,5.973369032647836,6.017398255535072,6.0568533972730485,6.1034988230606135,6.148010279303126,6.187780757620488,6.234651165267646,6.279386032586918,6.319268162087871,6.366099418749979,6.4108179209735665,6.450621256847967,6.497176917109842,6.541660727110376,6.581206950583947,6.627279910588278,6.671333002005901,6.710467566845514,6.755871339271801,6.799323479427128,6.837970619469564,6.882493400223617,6.92520627652011,6.963297515663134,7.006783967909756,7.048656482941924,7.086043341720424,7.128488678932862,7.169456601540856,7.2060910193081735,7.247453651718032,7.287483822130529,7.323351389242296,7.363607266812721,7.402687975727119,7.437795195738554,7.476930952145622,7.515061644084539,7.549435368688793,7.5874326446603035,7.624617659688059,7.658282824301013,7.6951330969014435,7.731379770248756,7.764358618541708,7.800060247011535,7.83537647726347,7.86767544774514,7.902244306614869,7.936637408749876,7.968248354235926,8.001711955067632,8.03518487839587,8.066095332734191,8.098478386879195,8.131032407932757,8.161227830932653,8.192555524295662,8.22419285108046
T45000logg4.2,4.147844075147719,4.129984805071196,4.116951043902903,4.104077397769304,4.095836226152199,4.091492416813049,4.088295427961304,4.088458683096212,4.0916121030658195,4.096811525645613,4.104345222496259,4.113999602758121,4.126542226928935,4.140586267299393,4.155921031952455,4.1749304312730295,4.194753309971875,4.215073442849686,4.23978510277308,4.264736544413988,4.289429809897841,4.319158036953958,4.348650534772453,4.377172374950777,4.411309982748613,4.444822745820547,4.476699680740984,4.514717135163734,4.551791575285192,4.586603822796747,4.628032960219381,4.66824605798914,4.705611793482048,4.750003400072995,4.792942654409025,4.832498168266654,4.879404161316907,4.924655867459426,4.966044915428213,5.015015445351833,5.062164247740487,5.105022064778305,5.15562594123423,5.204260603773033,5.248260378427643,5.300046093991038,5.349764028090111,5.39458876025494,5.447122308437728,5.497537012559366,5.5428814785848814,5.595758872463146,5.646509528040693,5.692083984092086,5.744945447149057,5.795706967163234,5.841239966483513,5.893781908890076,5.944270852195621,5.989536504881023,6.041490656137046,6.091464623881515,6.13635972844252,6.187411181556821,6.2366650023995565,6.281100570255339,6.330990526352186,6.379356596154156,6.42306597975321,6.471788100503481,6.5191425062035,6.562002609515606,6.60949003730615,6.655753167234673,6.697697218355319,6.743902709367595,6.789031323683141,6.830036815274877,6.874925777457361,6.918898531289356,6.9589841953930325,7.00251178303234,7.045318489800806,7.08450529038193,7.126642878985897,7.168280642938749,7.206586583792725,7.2473229175014495,7.287795764753428,7.325222437466601,7.364576135167373,7.4038923678308155,7.440424976514443,7.478435472306921,7.516602143380443,7.552222785578231,7.5889281282264385,7.625948594274757,7.660635156744682,7.696071978088773,7.731949075817195
T45000logg4.4,4.147154955370296,4.1114132300841035,4.0825057889380565,4.051627703998518,4.027881108957516,4.009918396940907,3.991286498435623,3.9781540248040836,3.96975294949517,3.961871431924092,3.95814338239554,3.9581166780850157,3.9597040102948178,3.9643324591572915,3.9716662417373607,3.9816221610539615,3.9936922899685867,4.007509894971851,4.024867940426059,4.043562742254922,4.063089878025502,4.086985155807943,4.111565633522315,4.1361120758355385,4.165769748192463,4.195569295201905,4.224523483782527,4.259250707872331,4.293665960709624,4.326474890753046,4.365641823934141,4.404108392702156,4.4402630144668365,4.483268778092269,4.525239567093472,4.564256144871022,4.610512561020392,4.655451151458289,4.696865187883377,4.745804253706214,4.793193344902036,4.8365447680242655,4.887646365954461,4.936991938626044,4.981889937881428,5.034615900892438,5.085445973741534,5.13152179370404,5.185359806869588,5.237223700424714,5.284123515984634,5.338593475329636,5.391066669400163,5.438449376700874,5.493120870709847,5.545819275457219,5.593360277148147,5.647877084350692,5.700468085524346,5.747901411211126,5.801947714543225,5.854147305266496,5.901349207707876,5.954555765051104,6.006121031089636,6.0529895606970925,6.105040315461782,6.155766225833901,6.201968141018278,6.252852129771313,6.302575652847697,6.347934512451737,6.39756621865777,6.446171061995718,6.490576275671469,6.53888880161869,6.586302252485412,6.629701608686943,6.676641014955514,6.722821182990384,6.765219319696089,6.810720818300091,6.8556431476712305,6.8970525971198064,6.9410728450449195,6.984724437435729,7.025156673806812,7.067674760165093,7.110051982895218,7.149501982827407,7.190530979821947,7.231638439658976,7.270085745587462,7.309666835056644,7.34951286337712,7.38693709577859,7.425115029124529,7.463707059150356,7.500084533160939,7.536903719617405,7.574246581685962
T46000logg4.0,5.545082182893304,5.561831946790889,5.578738699622899,5.599485747909547,5.619438234938694,5.639090548830044,5.662880154125796,5.685566736794623,5.70752685080292,5.733893428300648,5.758928821059392,5.782842309281247,5.811415943308107,5.838490977978418,5.864075946186823,5.894565136949725,5.923434042282923,5.950468097781236,5.98264303833188,6.013108516377802,6.041413835437948,6.075085623894071,6.106981612098545,6.1364091618664345,6.17141359711791,6.204593663908802,6.23501433512468,6.271203324820341,6.305533332919615,6.33682674930957,6.374064405573721,6.409415625658095,6.441469172641274,6.479619989115019,6.515861832401332,6.5485643470816255,6.587482290355758,6.624472266465786,6.657704910171767,6.697224258088687,6.734801115747646,6.768427002507618,6.8083674251529125,6.846353662819168,6.88023287469613,6.920395448373496,6.95860676201801,6.992595095215666,7.032783466681059,7.071039566687817,7.104996383787165,7.145026661261885,7.183158207580077,7.216950361500363,7.256655063896394,7.294505686371357,7.328007281024013,7.3672372087193425,7.404664446883479,7.437764145426837,7.476384649950049,7.513265036444398,7.5459063546872285,7.58376913042613,7.620005327572352,7.65213685903584,7.689139956025141,7.724664429524901,7.756196252616116,7.792331636138037,7.827105928449999,7.858019291123511,7.893256974098653,7.9272645740811765,7.957560655672864,7.9918846135824,8.025122529422095,8.05481307335501,8.088217424099712,8.120690161053007,8.149799030275428,8.182276397262292,8.213991782210368,8.242540762100358,8.274089635874548,8.305055542465562,8.333064253929555,8.363684592702167,8.393907750349205,8.42138294511484,8.45108535950332,8.48057000000739,8.507506618959631,8.536308856747226,8.565056469502146,8.591446823948509,8.619365369043267,8.647376617250117,8.673211669225887,8.700263472935985,8.727539929909687
T46000logg4.2,4.466798811484415,4.468850810884637,4.473289866957136,4.480204775713597,4.488819860988764,4.499085388186148,4.512466250334414,4.526745133164075,4.541972403977542,4.560896534241108,4.580088272972295,4.599567538229623,4.6232911550236215,4.646784537727548,4.669943297608587,4.69786266168588,4.725151065904134,4.751516254799542,4.7831182051004975,4.813762537659079,4.842926826846845,4.877759355793948,4.911369453232945,4.942975714069768,4.980641532607479,5.016873610857877,5.050613277183505,5.090766205238863,5.129317869001115,5.1649158725995905,5.2072522437133335,5.24784558928658,5.285053405351781,5.329282427691854,5.371646011809204,5.410227084701558,5.4560509483744095,5.499904316866047,5.539620291571552,5.586726158696048,5.6317750996177836,5.672371487069575,5.720444084883985,5.766384331768124,5.807620476840889,5.8563228919739725,5.902849592486568,5.944486440846342,5.993491736450133,6.040310783193334,6.082117329321888,6.1311231874355405,6.177961840441865,6.219721091289466,6.268457998463429,6.31506973274002,6.356579066289867,6.404815657268318,6.45098230942219,6.492069593067868,6.539598774513486,6.585132074316955,6.625717315417196,6.672299442411419,6.717044384546126,6.757056314851546,6.802508081307532,6.846346231327393,6.885603552408021,6.929922214743436,6.9727742634346805,7.011208982070103,7.054349326164461,7.096171554982304,7.133755704592596,7.175690891959792,7.21646537155868,7.253199625851675,7.293913589845002,7.333636818173812,7.369549565739145,7.409018314129146,7.447693516848462,7.4828120702789676,7.5210234473710145,7.558657866630419,7.5930057422599875,7.629958727827327,7.6665627946236645,7.700147247052309,7.735863206366246,7.771447658088771,7.804259936113201,7.838774340858894,7.873346475736868,7.905373662061189,7.938719876853787,7.972284055160344,8.003509872704392,8.035720007676915,8.06828056487564
T46000logg4.4,4.164991921974347,4.144288405867673,4.128704782308743,4.112976570053466,4.102270626645363,4.095737309399508,4.090106612407692,4.088172324849947,4.089478531105055,4.0926414192301905,4.098423035599842,4.106546345967939,4.117412287997889,4.130017913335129,4.144104804494913,4.161757130552301,4.180421802934948,4.199744565327975,4.223381921749471,4.247424537365797,4.271341400227203,4.300244681927026,4.329048841501961,4.356987925129922,4.390518186162141,4.4235347744163125,4.454996075206341,4.492591804812666,4.52933293122292,4.563870448765014,4.605030061416108,4.645043305598163,4.682249549989775,4.72649221358169,4.769336039062033,4.808821899569096,4.855668512336388,4.900902694578762,4.942289206987136,4.991268299415647,5.038459384896293,5.08136429727409,5.132031194892629,5.1807550158105204,5.224843121414689,5.276734053406297,5.326579740428697,5.3715298061374215,5.424199380681368,5.474772424694835,5.520274674859005,5.573307487585039,5.6242379011645,5.66999576566653,5.72301931352013,5.7739721328125535,5.8197050230347385,5.872409158388445,5.923095197450318,5.968572849164721,6.020684579186477,6.070857263414115,6.1159754958397246,6.167172883341849,6.21662216415844,6.261291342773208,6.311306491032244,6.3598588323319305,6.4038004411776885,6.452626869214725,6.500150535387564,6.54322907806478,6.590797054426346,6.6372041287119234,6.6793415502447,6.725601344108526,6.770842433735309,6.812009473212244,6.856923486375163,6.900973468871754,6.941186981101664,6.9847063657251,7.027553071208737,7.066833622346388,7.108928041645212,7.150568133076748,7.188933525099481,7.2295914158325045,7.270028439988716,7.307479294367212,7.346719583027334,7.385962202293175,7.422482880636355,7.460347362495716,7.4984048452345515,7.533977839381423,7.570509416779374,7.60738877884477,7.641992788082104,7.67723299338779,7.712939378026242
T47000logg4.2,4.970999029242273,4.983122355479734,4.9962473228525415,5.012904247857653,5.029659166355696,5.046822576882625,5.067953511812994,5.088668769032665,5.109235599692486,5.134163017538148,5.15828257338163,5.181735605918362,5.209920399476273,5.236997952251285,5.262925942976786,5.293937719669883,5.323609516392586,5.351678324009114,5.385160828098937,5.4171220393604145,5.447053749421331,5.482704669518332,5.5166913939442805,5.548247222277252,5.585800701656766,5.62158034091569,5.6545541888563795,5.693777865483161,5.731144371156979,5.765350235314383,5.806037834205908,5.844799454434745,5.880067774327515,5.922020547703669,5.961988625098951,5.998157287242896,6.041166280501555,6.082140491662393,6.119041407316773,6.162878921152643,6.204641550890793,6.242088663646184,6.286516298635394,6.328834501908475,6.366644700866964,6.411402520780977,6.454038541993101,6.492026259965051,6.536860349326821,6.579583838253059,6.6175693140336165,6.662245115324214,6.704842492392454,6.742657190768045,6.786963746593153,6.829240150215595,6.86672591379406,6.910480087135833,6.952261340840042,6.989281973064779,7.032317762903944,7.073452488969204,7.109943112168568,7.1520727767269054,7.192439985565366,7.228342399433996,7.269430146914289,7.308942200132011,7.344128284329412,7.384172102727835,7.42277591425807,7.4572083296037555,7.496175529343556,7.533846501318887,7.56751670403053,7.605391006592654,7.64212343731751,7.675041966055797,7.711817019110229,7.747615666242648,7.779812768452943,7.815475959916264,7.850349702029597,7.881853373814007,7.916401550778915,7.950361954951925,7.98119687362451,8.014633117984491,8.047691757120827,8.077866808363286,8.110210853163027,8.142378010724514,8.17188788762772,8.203169493374604,8.23445154861724,8.263286726089262,8.2935336847012,8.323934985451585,8.352083501727412,8.381323129724622,8.410848390789406
T47000logg4.4,4.410708626455891,4.405330974649931,4.4032520485389925,4.40282272410379,4.405194717483475,4.410050246967357,4.417332822267678,4.426434425536093,4.437233530838835,4.451166494295931,4.466135052868702,4.4820549753564904,4.5017690339426375,4.521890864383007,4.542257762365962,4.567035936961902,4.591710475539281,4.6159596695827,4.645185083978491,4.673885530010571,4.701525620380853,4.7346503953043655,4.766905570962404,4.7975031526356,4.834044581039193,4.869437163547206,4.902615822006662,4.942150043533021,4.9803112838959835,5.01573448581331,5.0578900635616515,5.098480964754164,5.135844072037548,5.180263998706134,5.222953336186944,5.261966642591071,5.308290549661264,5.352742615112001,5.3931198542155165,5.440979478711664,5.486851744492462,5.528294737524251,5.577330211760051,5.624277139143453,5.666513108294876,5.716343226158635,5.764022840853938,5.806784307254182,5.8570410179425,5.905124456113105,5.948153419230485,5.998495477847015,6.046676500967863,6.089728724800662,6.139851829495059,6.187854470580307,6.2307014695264265,6.28034874319331,6.327931601053379,6.37038260394302,6.419325050107432,6.466280859814278,6.508248996817831,6.55621970742122,6.6023758214375095,6.643785098729708,6.690572743907233,6.735793063377178,6.77642901058056,6.822031561586861,6.866219183531783,6.905990109374605,6.9503548521616825,6.993450995211433,7.032311555811,7.075405612899228,7.117383035596834,7.15532544344377,7.197126881060771,7.237976700475704,7.275028398402843,7.3155055539828755,7.355227580716195,7.391416162350315,7.430551286289427,7.469150883192923,7.504499579142576,7.542290166574106,7.579777455051838,7.614292459318292,7.650761682331204,7.687148891299848,7.720819747596291,7.756008860014507,7.791306018790276,7.824118519496658,7.8580675274616265,7.89228182202339,7.924217998313766,7.956965723809275,7.990103449859552
T48000logg4.2,5.825375313030337,5.843954662414998,5.862424856576142,5.884929959565282,5.906325984223244,5.927179069759065,5.952322399745647,5.976103311707954,5.998939654473042,6.026294342084565,6.052104474625315,6.07660033616972,6.105829421936517,6.133386251549346,6.159287313584623,6.190128682437598,6.219208686658581,6.246314925436616,6.278560724997166,6.308984423687415,6.337136356184713,6.370617758154255,6.4022355011440695,6.431300715143947,6.465871937559056,6.498552651128303,6.528417461580331,6.5639477891371,6.597572358979786,6.628130886948631,6.6645019459058235,6.698956529042926,6.7301100748758715,6.7672029166900325,6.802371072029598,6.834021874318461,6.871706020022352,6.907459580036358,6.939502155119859,6.97762904599328,7.013823083516795,7.046135558688695,7.084543997216774,7.121018967457376,7.153476970985388,7.191987896375533,7.228577567073062,7.261052352037914,7.299488692015587,7.336030116270159,7.368395676436275,7.406591221673708,7.4429309560131935,7.47506754977351,7.51287069910655,7.548867241751162,7.5806616358658525,7.617938891546272,7.653464482619661,7.684817795901814,7.721448908815362,7.756393399415753,7.787257791547985,7.823109465520677,7.8573866097737435,7.88771817877042,7.92270026992984,7.956251498245866,7.985971687447954,8.020080054762428,8.052873285180118,8.08196792323295,8.115178481888478,8.147202024014558,8.175674731497885,8.207978113042113,8.239233549543192,8.267098892007695,8.298494440309845,8.328990136957367,8.356274876400754,8.386758807607642,8.416505668279836,8.44323437394379,8.472808522577921,8.501818138291764,8.528012862374196,8.556681257958026,8.584963409872156,8.610632964738002,8.638409517440849,8.665971546852912,8.69111342503544,8.718018965546422,8.744865573955163,8.76947440212609,8.795528627913512,8.821663453563152,8.845732189577417,8.870955023800514,8.896382207153641
T48000logg4.4,5.043258676435425,5.0547020861121155,5.067219941848944,5.0832209132268735,5.099419549841597,5.116088541262155,5.136691272220062,5.156960335566247,5.177131460256196,5.201643836018642,5.225415152017142,5.248559253170301,5.276427797905172,5.303242442502844,5.328936035847498,5.359716058571121,5.389198248084107,5.417095973879751,5.450416727781512,5.482246881327708,5.512056706042256,5.547596123133244,5.5814937078504405,5.612962260284631,5.650439034696725,5.686158031959147,5.719067435527694,5.758236723692804,5.795560704447523,5.829715915144645,5.870362664756348,5.909091405598541,5.944315103664861,5.986230512031291,6.026165426648961,6.062287104785892,6.105252189607529,6.146184051841366,6.183028510628581,6.2268070236579085,6.268510844860802,6.305885741942228,6.3502346915112815,6.392474089143516,6.4301943992250985,6.474851275481955,6.517386742140728,6.555266491011464,6.599974945292253,6.642574107474267,6.6804325054522735,6.724953669956891,6.76739971665812,6.80506599901163,6.8491866553611604,6.891283267711702,6.928597741922696,6.972133860528576,7.013706651141968,7.050533338890813,7.093320424600923,7.134219347688422,7.170495942465322,7.212344524400507,7.252447771164732,7.2881169957606176,7.328888671359579,7.368106846781355,7.403035704233864,7.442729406838779,7.481006631618256,7.51515262312005,7.553736116426627,7.591045423158387,7.6243964277529015,7.66185393999152,7.698188699626815,7.730754480289681,7.767079242456889,7.802443981284501,7.834256301144414,7.869434544277083,7.903838851619199,7.934927529457247,7.968955461692245,8.002411537035542,8.032801897000288,8.065684122332858,8.098205280162093,8.127907091886303,8.159666148216628,8.19126505651704,8.220273402534232,8.250943491793475,8.281629411128492,8.309935283557717,8.339548908657552,8.36932888932502,8.39692040434703,8.425510008334546,8.454391415108494
T49000logg4.2,6.486375873070981,6.506047496545328,6.525226608144222,6.548360481487979,6.570025498107009,6.5908487404408325,6.615803355065392,6.639144750509779,6.661323509405115,6.687789682059753,6.712546380819953,6.735846572185958,6.763580337151287,6.789545713006961,6.813784761377238,6.842600141312583,6.869614806388526,6.8946532010639325,6.9244088254088725,6.952349801428002,6.978080687682625,7.0086671631492905,7.037436333790031,7.0637748780126985,7.095100160329719,7.124612533414827,7.151486578737956,7.18346621301099,7.213642551902799,7.24098248833074,7.273537431837262,7.304298908852249,7.332037396457196,7.365084113342528,7.396346935197516,7.424414997134917,7.457858484970713,7.4895276832984425,7.517848335391557,7.551577269728197,7.583543276392091,7.612025417237655,7.645917468428996,7.678058119367254,7.706607150840304,7.740524953960039,7.772711477444774,7.801228177437792,7.835034169976752,7.867138478791909,7.895524311061994,7.9290870653412195,7.96098672582883,7.989146804453836,8.022345028577451,8.05392599642076,8.081769913338881,8.114495790045643,8.14565492577538,8.173103364482962,8.20526096797539,8.235910148557394,8.262924829550755,8.29440919585301,8.324480789472359,8.351026581125781,8.381769620976193,8.411219061843935,8.43724011944034,8.467236565846823,8.496041285648293,8.521532506079586,8.550763503412533,8.578917448462068,8.603886375569392,8.6323456683694,8.6598528052842,8.684314082569145,8.712003594491057,8.738873124237537,8.762850379829336,8.789770051122543,8.816013161323573,8.839528171605824,8.865681792601295,8.8913088976805,8.914381210616012,8.939771824198477,8.96479087451359,8.987428672809553,9.012066462023745,9.03648272443382,9.058684711105629,9.082584645526259,9.106401339861831,9.128164103709084,9.151340576710327,9.17456034097092,9.19587939981763,9.218347185071405,9.240973364043139
T49000logg4.4,5.63824677379667,5.65525078806666,5.672452934237244,5.69360072100158,5.713967700952038,5.7340440614340125,5.758370092437159,5.781582866316877,5.804052009781886,5.831043628112387,5.856677499782419,5.881150612147852,5.9104022994097765,5.938118260735406,5.96428797216251,5.995481388469379,6.025009531813236,6.052632811614821,6.085513704507102,6.1166349266340605,6.1455153831620635,6.179873256997146,6.212402265805601,6.24237492779325,6.278028258764485,6.311804141436708,6.342728723685019,6.379517782944255,6.414395994311818,6.446143124910997,6.483923620597925,6.519766988834558,6.552216894664282,6.590846554447132,6.627517475867838,6.660553934003958,6.699879288743906,6.737228052284513,6.770727279876717,6.810575443220106,6.848434601148478,6.882255322418956,6.922441051782261,6.960628575962307,6.994628710323806,7.034948396732188,7.0732761169553,7.107309794563094,7.1475625946951755,7.185846198539294,7.219770557396482,7.259768092488608,7.29783502244706,7.33151515440847,7.3710880684716615,7.408780476797608,7.442089599061957,7.481088348478634,7.518263728254603,7.55109145561147,7.589382390655637,7.6259185470060995,7.658213086506285,7.695646032623595,7.7314470260668795,7.763161008858252,7.799633993674835,7.83463407437069,7.8656743443026,7.901186594182432,7.935349377698256,7.965695453764766,8.000223995988765,8.03353619750142,8.063189091971788,8.096725897268932,8.129189494111287,8.158165249010516,8.190710660406314,8.222336014536527,8.250666402851426,8.282215768227378,8.313015952757603,8.340729752225084,8.371284711005114,8.40127318819539,8.428395103124483,8.457961743827358,8.487151382330737,8.513691764193824,8.54228840360718,8.5706890101382,8.596644590258139,8.624297738745634,8.651916439414014,8.677280917543401,8.704016071723473,8.730858347002362,8.755622941333892,8.781465369382959,8.807537199626225
T50000logg4.2,7.344685152498711,7.363301107118128,7.381202907250265,7.4026439025692055,7.422488913549504,7.4413656226648355,7.463891277690098,7.4847692557389305,7.504446030313286,7.527868580172449,7.549618523791386,7.569954361800745,7.594127259201001,7.616622525686553,7.637508150936403,7.662320576484914,7.685464776489065,7.706818234761671,7.73219020305281,7.75591269296071,7.777674826335857,7.80354777431269,7.827794232828385,7.849919676169207,7.8762453209005905,7.9009690186136625,7.92341948467671,7.9501520242369,7.975307732581521,7.998044491910574,8.025138089621123,8.050677554739352,8.07366037012845,8.101062799806375,8.126931875026772,8.150117239667026,8.1777661852935,8.203901553405663,8.227239020770774,8.25506029924051,8.281387535501516,8.304815965091453,8.332725965807565,8.359161072437933,8.382615925284506,8.410520684230516,8.436974245277385,8.460386950714982,8.48819047645337,8.514571953794334,8.537873306716822,8.565482342960882,8.591704088025152,8.614826664547882,8.642154199112845,8.668133620545339,8.691012438068014,8.717980110790384,8.743642166119116,8.76621976789783,8.79275863791151,8.81803948053776,8.840287362800607,8.86632273767351,8.891173484134058,8.913065400714869,8.938549758984967,8.962938645368267,8.98443963233229,9.009365026115894,9.033276078490715,9.054385978598562,9.078735876670429,9.102164719763655,9.122890817761732,9.146659213163176,9.169608592123529,9.189961647878416,9.213149721239814,9.23562584691637,9.255622150496013,9.278230058408953,9.300240279615203,9.319895119204112,9.341924820933654,9.363475336676029,9.38280336945632,9.40425421999918,9.425349178903561,9.444357151010529,9.465232984975405,9.485874495034718,9.50456252716978,9.524870263222185,9.545059041881752,9.56342603990693,9.583171954623769,9.602908388092466,9.620952477158582,9.640143610587069,9.659428899862238
T50000logg4.4,6.211847994141758,6.231088364793836,6.250017824744602,6.272986406943981,6.294665796047896,6.315634082794326,6.3408582777207565,6.36458924032775,6.387240706991984,6.414340094458874,6.439803629493996,6.463850381622223,6.492525428354682,6.519469429724562,6.544686883851458,6.574707168624698,6.6029340895888256,6.629147190626363,6.660331086675294,6.68968318221893,6.716753305208248,6.748954579916233,6.779301065179339,6.807113728724058,6.840206496412199,6.871433729005811,6.899891593995303,6.933764339273576,6.965769420924451,6.994782271902418,7.02933244892376,7.062015999785315,7.091499017247539,7.126623047499551,7.15988334518825,7.189751686224783,7.225335887410896,7.259059716778145,7.289220915849628,7.32513362455334,7.359191866522752,7.389537977582272,7.425635876235257,7.459886045329469,7.490307011276096,7.5264304845265855,7.56072407431071,7.591105748014595,7.6270959132003675,7.661286273596433,7.6915158993504305,7.727223087439793,7.761171756786797,7.791141904945658,7.82642961288075,7.860009164387529,7.88961835356584,7.924367102496683,7.957462959811866,7.986623074258169,8.020725342192861,8.053239230083857,8.081909271404836,8.115246094244936,8.147101754704924,8.175243427983196,8.207735156530017,8.238881191204683,8.26642545336025,8.29807055125819,8.328480496059976,8.355416764220031,8.386196761983125,8.415862965169273,8.442196812788177,8.47210665573585,8.501033361065085,8.526780949089028,8.555822779879954,8.584020663907076,8.609210315638165,8.63738278435339,8.66486479251205,8.689522436819416,8.716829120397648,8.74360822424669,8.767756251789987,8.794203154887763,8.82029074350228,8.843939034903611,8.86954209038449,8.894947593447554,8.918095247671182,8.942876833262442,8.967606561579784,8.990249306524813,9.014230453458065,9.03828960223162,9.060421529361877,9.083623523704452,9.107017614546788
