,vsini60,vsini85,vsini110,vsini135,vsini160,vsini185,vsini210,vsini235,vsini260
T15000logg2.0,"{'HeI_3819.62': 434.01839892283857, 'HeI_4009.26': 159.8297574098053, 'HeI_4143.76': 176.32455510646352, 'HeI_4387.93': 239.5905795487424, 'HeI_4471.50': 728.9753618684374, 'HeI_4713.17': 98.02314436627151, 'HeI_4921.93': 313.0358600596346, 'Hf': 1561.233876045672, 'Hn': 598.0202769318169}","{'HeI_3819.62': 241.4273086216016, 'HeI_4009.26': 63.634135548906265, 'HeI_4143.76': 59.30479501297446, 'HeI_4387.93': 78.12749173036357, 'HeI_4471.50': 428.7834031403466, 'HeI_4713.17': 29.381592616401498, 'HeI_4921.93': 101.67277112708965, 'Hf': 1163.1625328145367, 'Hn': 392.71889068232235}","{'HeI_3819.62': 201.46628228791437, 'HeI_4009.26': 27.106926662904172, 'HeI_4143.76': 20.440353037579875, 'HeI_4387.93': 30.28022494780909, 'HeI_4471.50': 294.1901885715665, 'HeI_4713.17': 17.790649028522015, 'HeI_4921.93': 30.581208385664485, 'Hf': 847.7967341182095, 'Hn': 260.81179130415126}","{'HeI_3819.62': 237.5416204130215, 'HeI_4009.26': 19.522749631740215, 'HeI_4143.76': 20.41325217747064, 'HeI_4387.93': 39.20397635392038, 'HeI_4471.50': 251.12693918040947, 'HeI_4713.17': 31.491755109509388, 'HeI_4921.93': 30.06482435751496, 'Hf': 624.4925146456187, 'Hn': 183.44875268765492}","{'HeI_3819.62': 308.66597920561304, 'HeI_4009.26': 25.642287955009184, 'HeI_4143.76': 37.41427445968372, 'HeI_4387.93': 71.41231963047588, 'HeI_4471.50': 256.0787523260244, 'HeI_4713.17': 53.736771327164796, 'HeI_4921.93': 63.22828346268889, 'Hf': 482.0036188168644, 'Hn': 141.78674977884896}","{'HeI_3819.62': 390.9232697176203, 'HeI_4009.26': 38.36047572343879, 'HeI_4143.76': 59.57773246552237, 'HeI_4387.93': 109.9773920103293, 'HeI_4471.50': 283.2820770920211, 'HeI_4713.17': 76.2119752384127, 'HeI_4921.93': 108.92509575924858, 'Hf': 407.19310104455764, 'Hn': 122.95623477493865}","{'HeI_3819.62': 473.72365433472345, 'HeI_4009.26': 54.15386370369454, 'HeI_4143.76': 82.26887530780556, 'HeI_4387.93': 149.57845670754097, 'HeI_4471.50': 318.30324804908474, 'HeI_4713.17': 96.54854911253345, 'HeI_4921.93': 156.81384658687088, 'Hf': 378.70270622218453, 'Hn': 119.05672710216311}","{'HeI_3819.62': 552.8770132417496, 'HeI_4009.26': 70.94748247550186, 'HeI_4143.76': 104.068064959673, 'HeI_4387.93': 187.04804282412383, 'HeI_4471.50': 355.35227266572514, 'HeI_4713.17': 114.54272325132324, 'HeI_4921.93': 203.2768595536451, 'Hf': 380.6309688850414, 'Hn': 127.16671323149768}","{'HeI_3819.62': 625.1871540585346, 'HeI_4009.26': 86.90155469193286, 'HeI_4143.76': 124.27234357594348, 'HeI_4387.93': 219.38215176290097, 'HeI_4471.50': 391.8746519118483, 'HeI_4713.17': 130.3265599659436, 'HeI_4921.93': 246.94279870689925, 'Hf': 402.22742744025874, 'Hn': 146.60252540570943}"
T15000logg2.2,"{'HeI_3819.62': 409.92885934689986, 'HeI_4009.26': 419.6579597616572, 'HeI_4143.76': 389.3154316596842, 'HeI_4387.93': 422.0160481529048, 'HeI_4471.50': 787.1127754507158, 'HeI_4713.17': 196.0146880998116, 'HeI_4921.93': 451.86352738848973, 'Hf': 3094.1800578947955, 'Hn': 1533.354746042617}","{'HeI_3819.62': 145.8508813651564, 'HeI_4009.26': 227.05270463589775, 'HeI_4143.76': 192.19283376630824, 'HeI_4387.93': 193.55177770976195, 'HeI_4471.50': 455.70072920637296, 'HeI_4713.17': 78.64876804124131, 'HeI_4921.93': 198.39070033499485, 'Hf': 2788.152940939507, 'Hn': 1363.1640405763299}","{'HeI_3819.62': 57.40898187657078, 'HeI_4009.26': 132.203652106961, 'HeI_4143.76': 104.88572530862359, 'HeI_4387.93': 100.06038841494254, 'HeI_4471.50': 294.8277905099263, 'HeI_4713.17': 41.19172960430733, 'HeI_4921.93': 93.84667403143264, 'Hf': 2506.1597398430463, 'Hn': 1211.5192182004257}","{'HeI_3819.62': 65.05385817772624, 'HeI_4009.26': 88.99361734469299, 'HeI_4143.76': 76.5669176009379, 'HeI_4387.93': 80.56482533525553, 'HeI_4471.50': 232.49936244024923, 'HeI_4713.17': 41.443026837446915, 'HeI_4921.93': 70.10229211643318, 'Hf': 2264.2128141935186, 'Hn': 1075.9975520588198}","{'HeI_3819.62': 121.06386034957619, 'HeI_4009.26': 73.10102813151644, 'HeI_4143.76': 76.80068794592921, 'HeI_4387.93': 94.84931860062693, 'HeI_4471.50': 223.68020150956946, 'HeI_4713.17': 56.534445764761045, 'HeI_4921.93': 87.68171644843913, 'Hf': 2064.6041476687005, 'Hn': 955.0967771722592}","{'HeI_3819.62': 196.81821863647426, 'HeI_4009.26': 72.79951807032967, 'HeI_4143.76': 88.86314398080933, 'HeI_4387.93': 122.57784928182062, 'HeI_4471.50': 242.21287450143953, 'HeI_4713.17': 75.17311042014973, 'HeI_4921.93': 123.60497336649028, 'Hf': 1912.5304001223637, 'Hn': 854.6773456429645}","{'HeI_3819.62': 277.9316191081555, 'HeI_4009.26': 81.1669653922784, 'HeI_4143.76': 104.97899243561886, 'HeI_4387.93': 155.84596511599233, 'HeI_4471.50': 272.39585726024313, 'HeI_4713.17': 93.25876481016165, 'HeI_4921.93': 165.45811946908367, 'Hf': 1798.2168012988857, 'Hn': 774.1935609536117}","{'HeI_3819.62': 358.00431485010074, 'HeI_4009.26': 94.10298855527974, 'HeI_4143.76': 122.13480461809375, 'HeI_4387.93': 189.58091200748015, 'HeI_4471.50': 306.8454490485205, 'HeI_4713.17': 109.79199213220997, 'HeI_4921.93': 208.20409073787607, 'Hf': 1712.077826819153, 'Hn': 712.4994917172131}","{'HeI_3819.62': 432.67459445712575, 'HeI_4009.26': 108.35437757384774, 'HeI_4143.76': 138.9093585900551, 'HeI_4387.93': 219.68180349797643, 'HeI_4471.50': 341.9935013979783, 'HeI_4713.17': 124.7174607304036, 'HeI_4921.93': 249.70695936281484, 'Hf': 1650.6901417317704, 'Hn': 670.9897298520864}"
T15000logg2.4,"{'HeI_3819.62': 354.4802090072608, 'HeI_4009.26': 386.20463401138284, 'HeI_4143.76': 337.93796140139193, 'HeI_4387.93': 349.749612219348, 'HeI_4471.50': 797.1040265185287, 'HeI_4713.17': 178.33425032325104, 'HeI_4921.93': 351.04885091944857, 'Hf': 4815.345201772003, 'Hn': 2545.724848790896}","{'HeI_3819.62': 118.65653841732228, 'HeI_4009.26': 219.92019732241587, 'HeI_4143.76': 170.37635564061694, 'HeI_4387.93': 166.16680983296033, 'HeI_4471.50': 479.0502137056301, 'HeI_4713.17': 70.8779203710161, 'HeI_4921.93': 149.20986375926475, 'Hf': 4589.755288418265, 'Hn': 2409.8067890705943}","{'HeI_3819.62': 35.529029676142834, 'HeI_4009.26': 135.41402518286446, 'HeI_4143.76': 95.86647134086057, 'HeI_4387.93': 92.90879273112982, 'HeI_4471.50': 320.966684803893, 'HeI_4713.17': 37.90373067885749, 'HeI_4921.93': 70.05411159873792, 'Hf': 4369.336708629734, 'Hn': 2275.2427007575084}","{'HeI_3819.62': 40.81643836051752, 'HeI_4009.26': 96.35646504343082, 'HeI_4143.76': 72.73916081818193, 'HeI_4387.93': 81.93919779687099, 'HeI_4471.50': 256.863442816468, 'HeI_4713.17': 40.216699991512435, 'HeI_4921.93': 58.2708345752666, 'Hf': 4163.658434544567, 'Hn': 2144.6447712095714}","{'HeI_3819.62': 92.90934627078308, 'HeI_4009.26': 82.37714588444834, 'HeI_4143.76': 75.09760393991378, 'HeI_4387.93': 99.41813159137915, 'HeI_4471.50': 244.61308834694344, 'HeI_4713.17': 56.33991278162306, 'HeI_4921.93': 81.61245347139737, 'Hf': 3974.3250272057876, 'Hn': 2018.827865682834}","{'HeI_3819.62': 165.32159562961863, 'HeI_4009.26': 83.01878876514112, 'HeI_4143.76': 88.20652291927053, 'HeI_4387.93': 127.73617011468602, 'HeI_4471.50': 259.6685787100851, 'HeI_4713.17': 75.528263102969, 'HeI_4921.93': 120.24688204945964, 'Hf': 3810.8369901904816, 'Hn': 1905.8620445387546}","{'HeI_3819.62': 244.1168841452987, 'HeI_4009.26': 92.00077467629157, 'HeI_4143.76': 104.97129033584162, 'HeI_4387.93': 160.12704696661822, 'HeI_4471.50': 286.834739096879, 'HeI_4713.17': 93.94162478157241, 'HeI_4921.93': 163.50588744745988, 'Hf': 3669.115687021601, 'Hn': 1806.6446410473065}","{'HeI_3819.62': 322.756369438859, 'HeI_4009.26': 105.42872377635112, 'HeI_4143.76': 122.55836927806274, 'HeI_4387.93': 192.38294636139497, 'HeI_4471.50': 318.754515117964, 'HeI_4713.17': 110.69233243644734, 'HeI_4921.93': 207.12710613182423, 'Hf': 3543.620256800572, 'Hn': 1720.862766217837}","{'HeI_3819.62': 396.7081777785127, 'HeI_4009.26': 120.13626897890074, 'HeI_4143.76': 139.5385886646646, 'HeI_4387.93': 221.2135884940795, 'HeI_4471.50': 351.9574948103432, 'HeI_4713.17': 125.74905632742652, 'HeI_4921.93': 249.12299004072233, 'Hf': 3436.1988248187436, 'Hn': 1652.061117508619}"
T15000logg2.6,"{'HeI_3819.62': 271.9631069578596, 'HeI_4009.26': 217.90141826128212, 'HeI_4143.76': 196.272654417094, 'HeI_4387.93': 199.60153251321594, 'HeI_4471.50': 767.224832662424, 'HeI_4713.17': 122.65979660605294, 'HeI_4921.93': 221.80007728782357, 'Hf': 5828.365732553379, 'Hn': 3213.0152019379316}","{'HeI_3819.62': 84.2380881468541, 'HeI_4009.26': 109.47406239944937, 'HeI_4143.76': 82.18697569285534, 'HeI_4387.93': 73.27693802772453, 'HeI_4471.50': 471.75540107143894, 'HeI_4713.17': 40.79410856350163, 'HeI_4921.93': 73.57577211702744, 'Hf': 5646.284208958647, 'Hn': 3101.506430775268}","{'HeI_3819.62': 24.32990376134099, 'HeI_4009.26': 58.797689922366274, 'HeI_4143.76': 38.00451201883112, 'HeI_4387.93': 33.77856251315653, 'HeI_4471.50': 326.07699753340916, 'HeI_4713.17': 21.16257225613261, 'HeI_4921.93': 27.469044922523953, 'Hf': 5463.311219060936, 'Hn': 2988.255628252067}","{'HeI_3819.62': 39.59752188836629, 'HeI_4009.26': 40.15954512382376, 'HeI_4143.76': 32.058123227993235, 'HeI_4387.93': 42.2322281466261, 'HeI_4471.50': 268.16036268893424, 'HeI_4713.17': 30.42377113254402, 'HeI_4921.93': 34.845794039686055, 'Hf': 5286.166997583133, 'Hn': 2876.392324948945}","{'HeI_3819.62': 95.27840749449373, 'HeI_4009.26': 38.77181016109683, 'HeI_4143.76': 44.47147437528214, 'HeI_4387.93': 70.86040122617112, 'HeI_4471.50': 258.59871092607926, 'HeI_4713.17': 50.36757582347701, 'HeI_4921.93': 69.22539549884517, 'Hf': 5115.538366524911, 'Hn': 2766.005970599059}","{'HeI_3819.62': 168.34966363280634, 'HeI_4009.26': 46.74201565066712, 'HeI_4143.76': 63.56761184624395, 'HeI_4387.93': 104.98540913771566, 'HeI_4471.50': 274.1556143997904, 'HeI_4713.17': 71.7530695080899, 'HeI_4921.93': 113.91373496154145, 'Hf': 4960.808887143965, 'Hn': 2663.3449217564844}","{'HeI_3819.62': 246.72562270530412, 'HeI_4009.26': 59.63571316721226, 'HeI_4143.76': 84.22167676792662, 'HeI_4387.93': 139.62402058224106, 'HeI_4471.50': 300.63766954870727, 'HeI_4713.17': 91.5717154500756, 'HeI_4921.93': 160.54296058856528, 'Hf': 4819.468099416963, 'Hn': 2568.8420660491274}","{'HeI_3819.62': 324.6190150904444, 'HeI_4009.26': 74.7813032691327, 'HeI_4143.76': 104.57811635358955, 'HeI_4387.93': 172.30390284587904, 'HeI_4471.50': 331.5286198426444, 'HeI_4713.17': 109.3066509325782, 'HeI_4921.93': 206.1225332018985, 'Hf': 4687.284348655942, 'Hn': 2482.2028642747805}","{'HeI_3819.62': 397.80427581874414, 'HeI_4009.26': 89.96454607099881, 'HeI_4143.76': 123.54542921375536, 'HeI_4387.93': 201.108854798779, 'HeI_4471.50': 363.86991482030004, 'HeI_4713.17': 125.00212898223103, 'HeI_4921.93': 249.14619614914042, 'Hf': 4567.81166747843, 'Hn': 2407.7766192673603}"
T15000logg2.8,"{'HeI_3819.62': 279.0678854869432, 'HeI_4009.26': 216.00684594335453, 'HeI_4143.76': 192.2711599389219, 'HeI_4387.93': 189.1936611952171, 'HeI_4471.50': 775.8032287487031, 'HeI_4713.17': 121.90325266802189, 'HeI_4921.93': 208.2218945475958, 'Hf': 7758.170337386017, 'Hn': 4484.432175504951}","{'HeI_3819.62': 102.02717434652888, 'HeI_4009.26': 115.99007321521064, 'HeI_4143.76': 86.55814764665473, 'HeI_4387.93': 76.30726263851487, 'HeI_4471.50': 482.2630047376508, 'HeI_4713.17': 41.30080608069929, 'HeI_4921.93': 70.58418992954127, 'Hf': 7601.553113434225, 'Hn': 4388.67933174383}","{'HeI_3819.62': 42.38789258833276, 'HeI_4009.26': 67.73813621112043, 'HeI_4143.76': 44.75284743022107, 'HeI_4387.93': 41.179677117282985, 'HeI_4471.50': 335.23151064679604, 'HeI_4713.17': 22.18973396058652, 'HeI_4921.93': 28.52450776476511, 'Hf': 7441.3135846155255, 'Hn': 4287.729047350475}","{'HeI_3819.62': 54.63127077578739, 'HeI_4009.26': 49.24835217030019, 'HeI_4143.76': 38.81804783041215, 'HeI_4387.93': 50.04165430226579, 'HeI_4471.50': 274.6070485786677, 'HeI_4713.17': 31.56051817933991, 'HeI_4921.93': 36.96113203102596, 'Hf': 7280.755027896491, 'Hn': 4184.009658043164}","{'HeI_3819.62': 106.88641312411058, 'HeI_4009.26': 47.1421669518093, 'HeI_4143.76': 50.47789130878934, 'HeI_4387.93': 77.639283294339, 'HeI_4471.50': 262.0420860880473, 'HeI_4713.17': 51.39079566164938, 'HeI_4921.93': 71.25524926971254, 'Hf': 7117.802924493725, 'Hn': 4077.3017186628426}","{'HeI_3819.62': 177.16952557555723, 'HeI_4009.26': 53.89199335349548, 'HeI_4143.76': 68.82957225029301, 'HeI_4387.93': 110.2809467286827, 'HeI_4471.50': 275.0145114109576, 'HeI_4713.17': 72.57492813573059, 'HeI_4921.93': 115.50364965418899, 'Hf': 6962.386775099776, 'Hn': 3973.9699651307005}","{'HeI_3819.62': 253.5179251712509, 'HeI_4009.26': 65.2270040466679, 'HeI_4143.76': 88.91407940004831, 'HeI_4387.93': 143.15459389356835, 'HeI_4471.50': 299.49273768510835, 'HeI_4713.17': 92.18535965390669, 'HeI_4921.93': 161.6561173498378, 'Hf': 6812.770949453579, 'Hn': 3874.8360606500582}","{'HeI_3819.62': 329.9851602881779, 'HeI_4009.26': 78.69578172841393, 'HeI_4143.76': 108.87597850368324, 'HeI_4387.93': 174.02362241399268, 'HeI_4471.50': 328.87030683143087, 'HeI_4713.17': 109.74608774738378, 'HeI_4921.93': 206.84261358178628, 'Hf': 6664.684179126435, 'Hn': 3779.5937140946294}","{'HeI_3819.62': 402.2427309730447, 'HeI_4009.26': 92.30685256197211, 'HeI_4143.76': 127.51806638774114, 'HeI_4387.93': 201.39369773473064, 'HeI_4471.50': 360.1357765178415, 'HeI_4713.17': 125.31237852457141, 'HeI_4921.93': 249.5584404988275, 'Hf': 6524.021539218809, 'Hn': 3693.162543787604}"
T15000logg3.0,"{'HeI_3819.62': 231.12576556836518, 'HeI_4009.26': 183.95199102734068, 'HeI_4143.76': 149.7715272659278, 'HeI_4387.93': 131.12241545222903, 'HeI_4471.50': 701.9321467833144, 'HeI_4713.17': 86.53365001952024, 'HeI_4921.93': 130.84523446265067, 'Hf': 9322.733358062, 'Hn': 5718.012884749877}","{'HeI_3819.62': 103.89292591936062, 'HeI_4009.26': 105.23207064504273, 'HeI_4143.76': 68.08971089605238, 'HeI_4387.93': 53.8371366939557, 'HeI_4471.50': 446.0616784104085, 'HeI_4713.17': 25.215606350559113, 'HeI_4921.93': 38.46757967968999, 'Hf': 9205.114005962298, 'Hn': 5641.752218}","{'HeI_3819.62': 66.95582895429867, 'HeI_4009.26': 66.59116739258708, 'HeI_4143.76': 37.321768115387094, 'HeI_4387.93': 35.24280754152164, 'HeI_4471.50': 319.554477200642, 'HeI_4713.17': 15.289934389867925, 'HeI_4921.93': 18.531848347335785, 'Hf': 9080.439008899222, 'Hn': 5558.991871092825}","{'HeI_3819.62': 88.20151861913276, 'HeI_4009.26': 52.28171171744464, 'HeI_4143.76': 36.19399920234036, 'HeI_4387.93': 50.64062284907231, 'HeI_4471.50': 269.4033524791581, 'HeI_4713.17': 28.923693704018678, 'HeI_4921.93': 37.06067992951371, 'Hf': 8950.633313096154, 'Hn': 5471.644245715196}","{'HeI_3819.62': 143.1853448979472, 'HeI_4009.26': 51.87992657093613, 'HeI_4143.76': 49.92933920193392, 'HeI_4387.93': 80.30080063138924, 'HeI_4471.50': 261.76267198791965, 'HeI_4713.17': 50.77356143157066, 'HeI_4921.93': 75.5311333567102, 'Hf': 8813.68775664011, 'Hn': 5379.065274131031}","{'HeI_3819.62': 213.47172123816483, 'HeI_4009.26': 59.086107031523895, 'HeI_4143.76': 69.24612350600401, 'HeI_4387.93': 113.05936217513393, 'HeI_4471.50': 276.7057383406653, 'HeI_4713.17': 72.90872244983055, 'HeI_4921.93': 121.08558062895328, 'Hf': 8677.174906597198, 'Hn': 5286.661868341783}","{'HeI_3819.62': 288.92078028904575, 'HeI_4009.26': 70.2187910185621, 'HeI_4143.76': 89.88982508254502, 'HeI_4387.93': 145.1554887545917, 'HeI_4471.50': 301.8456418487918, 'HeI_4713.17': 93.00719103858313, 'HeI_4921.93': 167.41127037479933, 'Hf': 8539.865723362027, 'Hn': 5195.096868266399}","{'HeI_3819.62': 364.24078659278916, 'HeI_4009.26': 83.12579172239015, 'HeI_4143.76': 110.21023127435652, 'HeI_4387.93': 175.0241846058959, 'HeI_4471.50': 331.36943135776744, 'HeI_4713.17': 110.84756123777872, 'HeI_4921.93': 212.39215993786863, 'Hf': 8398.642482903588, 'Hn': 5103.764207778508}","{'HeI_3819.62': 435.3222631488622, 'HeI_4009.26': 96.04597416604788, 'HeI_4143.76': 129.033645339997, 'HeI_4387.93': 201.5833268471463, 'HeI_4471.50': 362.63231269857414, 'HeI_4713.17': 126.53525261943963, 'HeI_4921.93': 254.66232654137272, 'Hf': 8259.1796225073, 'Hn': 5017.398160023629}"
T16000logg2.0,"{'HeI_3819.62': 633.6963100118992, 'HeI_4009.26': 184.14487296329628, 'HeI_4143.76': 207.90348411633843, 'HeI_4387.93': 289.91120904151944, 'HeI_4471.50': 613.5840865222942, 'HeI_4713.17': 109.81206785675487, 'HeI_4921.93': 326.839484365769, 'Hf': 1291.1578780209925, 'Hn': 555.1412624339615}","{'HeI_3819.62': 448.13800753694284, 'HeI_4009.26': 93.13085958881797, 'HeI_4143.76': 90.622757413832, 'HeI_4387.93': 117.56515220853073, 'HeI_4471.50': 363.49370257778287, 'HeI_4713.17': 48.833572042327795, 'HeI_4921.93': 104.85580117462074, 'Hf': 885.1629018576422, 'Hn': 336.48509411223614}","{'HeI_3819.62': 415.1010211766748, 'HeI_4009.26': 60.196348767386404, 'HeI_4143.76': 52.965835611095606, 'HeI_4387.93': 65.2350492537018, 'HeI_4471.50': 261.06862601328044, 'HeI_4713.17': 41.26698893130543, 'HeI_4921.93': 33.59078806150108, 'Hf': 595.3315925252937, 'Hn': 229.5244220499492}","{'HeI_3819.62': 455.4249832187831, 'HeI_4009.26': 54.6208646885873, 'HeI_4143.76': 54.29749718252379, 'HeI_4387.93': 71.97551564649451, 'HeI_4471.50': 238.96577274422495, 'HeI_4713.17': 56.946906066265065, 'HeI_4921.93': 34.53966596528978, 'Hf': 419.58126965572194, 'Hn': 196.93526899415238}","{'HeI_3819.62': 528.8337713489141, 'HeI_4009.26': 61.50863268812406, 'HeI_4143.76': 72.25706708744309, 'HeI_4387.93': 103.30586252903494, 'HeI_4471.50': 258.34303427103407, 'HeI_4713.17': 80.10461487328796, 'HeI_4921.93': 68.01757532287186, 'Hf': 335.0409514604636, 'Hn': 205.05361305886038}","{'HeI_3819.62': 611.7761274110229, 'HeI_4009.26': 74.27721576507918, 'HeI_4143.76': 94.9161040060244, 'HeI_4387.93': 141.99931099328344, 'HeI_4471.50': 295.19040418896174, 'HeI_4713.17': 102.96266326691358, 'HeI_4921.93': 113.15273861681156, 'Hf': 317.5130865800117, 'Hn': 229.52411888597473}","{'HeI_3819.62': 694.3413045574617, 'HeI_4009.26': 89.74437961370158, 'HeI_4143.76': 117.82610916215076, 'HeI_4387.93': 182.75814292882478, 'HeI_4471.50': 336.7944982281359, 'HeI_4713.17': 123.44118741631551, 'HeI_4921.93': 160.1410046100382, 'Hf': 341.37542656446203, 'Hn': 260.5085163822342}","{'HeI_3819.62': 772.9732591271044, 'HeI_4009.26': 106.05468109853314, 'HeI_4143.76': 139.67836591096, 'HeI_4387.93': 221.94782304588344, 'HeI_4471.50': 378.5939178700249, 'HeI_4713.17': 141.46436070863047, 'HeI_4921.93': 205.69263168390637, 'Hf': 389.7993012296685, 'Hn': 296.0567656731934}","{'HeI_3819.62': 844.4037549234956, 'HeI_4009.26': 121.40875043475891, 'HeI_4143.76': 160.05304090322403, 'HeI_4387.93': 255.82661932576133, 'HeI_4471.50': 418.43402428430215, 'HeI_4713.17': 157.2054938059618, 'HeI_4921.93': 248.73612675301558, 'Hf': 449.7450292086997, 'Hn': 336.16002590852247}"
T16000logg2.2,"{'HeI_3819.62': 412.10384705528423, 'HeI_4009.26': 230.71613301955588, 'HeI_4143.76': 242.2494678468018, 'HeI_4387.93': 317.2493543089224, 'HeI_4471.50': 658.9554861709842, 'HeI_4713.17': 142.54782437869542, 'HeI_4921.93': 378.76693325885157, 'Hf': 1673.7698141982355, 'Hn': 662.2813013375223}","{'HeI_3819.62': 175.6290270541309, 'HeI_4009.26': 99.12003246685757, 'HeI_4143.76': 90.9123569448827, 'HeI_4387.93': 115.21148169855695, 'HeI_4471.50': 368.77622001333526, 'HeI_4713.17': 47.42932492861592, 'HeI_4921.93': 136.14669395350202, 'Hf': 1348.7313379665216, 'Hn': 491.5536168218446}","{'HeI_3819.62': 111.36454823993137, 'HeI_4009.26': 42.88434618351826, 'HeI_4143.76': 33.22526392179541, 'HeI_4387.93': 43.2921382717612, 'HeI_4471.50': 237.22845792967536, 'HeI_4713.17': 22.29336731119447, 'HeI_4921.93': 48.985478752200876, 'Hf': 1077.0295853510786, 'Hn': 381.0695255921617}","{'HeI_3819.62': 134.0882685313247, 'HeI_4009.26': 24.08216368412564, 'HeI_4143.76': 23.326802707811865, 'HeI_4387.93': 38.75482740130037, 'HeI_4471.50': 195.60244568897656, 'HeI_4713.17': 29.27372231188026, 'HeI_4921.93': 39.2295971811413, 'Hf': 872.2605743042994, 'Hn': 313.2353526637498}","{'HeI_3819.62': 198.26249769279738, 'HeI_4009.26': 23.756198446057898, 'HeI_4143.76': 35.13648624853384, 'HeI_4387.93': 63.45719393156695, 'HeI_4471.50': 201.85215145292744, 'HeI_4713.17': 48.148215063566674, 'HeI_4921.93': 65.81127096114997, 'Hf': 729.2858271180578, 'Hn': 272.0742536751865}","{'HeI_3819.62': 277.4751356321202, 'HeI_4009.26': 33.362096921047595, 'HeI_4143.76': 54.42208031339156, 'HeI_4387.93': 98.19577614920375, 'HeI_4471.50': 230.26836911177108, 'HeI_4713.17': 68.95845450637783, 'HeI_4921.93': 106.82476865089075, 'Hf': 643.4837692182716, 'Hn': 247.06075340925292}","{'HeI_3819.62': 359.48710877548655, 'HeI_4009.26': 48.236740141466015, 'HeI_4143.76': 75.30684809487298, 'HeI_4387.93': 136.26504466068315, 'HeI_4471.50': 266.52408712494986, 'HeI_4713.17': 88.4163627950564, 'HeI_4921.93': 151.41177442896526, 'Hf': 599.1854788059001, 'Hn': 232.6227137233446}","{'HeI_3819.62': 439.49344686362076, 'HeI_4009.26': 65.51191090024346, 'HeI_4143.76': 95.77499331829286, 'HeI_4387.93': 173.49964791641702, 'HeI_4471.50': 304.98553663835713, 'HeI_4713.17': 105.90489032840982, 'HeI_4921.93': 195.58279558629656, 'Hf': 583.1916495458375, 'Hn': 227.24604437061868}","{'HeI_3819.62': 513.390887884157, 'HeI_4009.26': 82.62311456299238, 'HeI_4143.76': 114.95868135143878, 'HeI_4387.93': 206.19885481616626, 'HeI_4471.50': 342.9624576131903, 'HeI_4713.17': 121.47152214626222, 'HeI_4921.93': 237.90540399981444, 'Hf': 587.9598747849151, 'Hn': 231.8711150958955}"
T16000logg2.4,"{'HeI_3819.62': 390.50264927182883, 'HeI_4009.26': 300.86829784151803, 'HeI_4143.76': 300.83744731641855, 'HeI_4387.93': 349.73399816938695, 'HeI_4471.50': 710.6319640890883, 'HeI_4713.17': 181.67628656717898, 'HeI_4921.93': 398.02616745494663, 'Hf': 2891.6671477773166, 'Hn': 1421.3241910695021}","{'HeI_3819.62': 132.35113466950588, 'HeI_4009.26': 148.00008306019663, 'HeI_4143.76': 133.56553479670382, 'HeI_4387.93': 143.65289826639435, 'HeI_4471.50': 406.7268336906911, 'HeI_4713.17': 69.93434644466976, 'HeI_4921.93': 156.80756534132985, 'Hf': 2645.305367880224, 'Hn': 1290.3695239727692}","{'HeI_3819.62': 47.386862670959026, 'HeI_4009.26': 76.84551051467575, 'HeI_4143.76': 64.19313056575523, 'HeI_4387.93': 64.81114608207153, 'HeI_4471.50': 261.1697636513873, 'HeI_4713.17': 35.60876178873174, 'HeI_4921.93': 65.3128387496801, 'Hf': 2418.6859367430607, 'Hn': 1183.3309135464347}","{'HeI_3819.62': 55.10720358152999, 'HeI_4009.26': 48.19184825794473, 'HeI_4143.76': 46.54830311043152, 'HeI_4387.93': 54.39759510247793, 'HeI_4471.50': 207.94556529453763, 'HeI_4713.17': 37.58322806690998, 'HeI_4921.93': 50.964346580453956, 'Hf': 2224.0212739804133, 'Hn': 1094.2148737618188}","{'HeI_3819.62': 109.39063730098626, 'HeI_4009.26': 41.54814828092894, 'HeI_4143.76': 53.463582197514256, 'HeI_4387.93': 74.44072955237856, 'HeI_4471.50': 205.0257991258116, 'HeI_4713.17': 53.642899953159464, 'HeI_4921.93': 74.15777952216597, 'Hf': 2061.2574933573396, 'Hn': 1017.5757238932285}","{'HeI_3819.62': 182.96280330976407, 'HeI_4009.26': 47.12134194729457, 'HeI_4143.76': 69.80414942145103, 'HeI_4387.93': 105.59811753281906, 'HeI_4471.50': 226.85765970573382, 'HeI_4713.17': 72.84162519557819, 'HeI_4921.93': 113.03321874532409, 'Hf': 1936.7100931001744, 'Hn': 952.8904587099901}","{'HeI_3819.62': 262.0948687863467, 'HeI_4009.26': 59.23809854131119, 'HeI_4143.76': 88.81619135585852, 'HeI_4387.93': 140.59393566696437, 'HeI_4471.50': 258.5705591422586, 'HeI_4713.17': 91.28844416446393, 'HeI_4921.93': 156.35260857461864, 'Hf': 1842.8182296942605, 'Hn': 898.4870217077297}","{'HeI_3819.62': 340.916208126131, 'HeI_4009.26': 74.52036247663484, 'HeI_4143.76': 107.98884691182262, 'HeI_4387.93': 175.11884486639198, 'HeI_4471.50': 293.875466499489, 'HeI_4713.17': 108.08025892294006, 'HeI_4921.93': 199.79567897942604, 'Hf': 1770.8647402227207, 'Hn': 853.9748943899143}","{'HeI_3819.62': 414.8161754237193, 'HeI_4009.26': 90.20402898974572, 'HeI_4143.76': 126.11914803941632, 'HeI_4387.93': 205.7201153317443, 'HeI_4471.50': 329.7451662080057, 'HeI_4713.17': 123.18829431006435, 'HeI_4921.93': 241.68897550822936, 'Hf': 1719.46116419248, 'Hn': 821.7987887333792}"
T16000logg2.6,"{'HeI_3819.62': 387.32058299095786, 'HeI_4009.26': 330.91766181816456, 'HeI_4143.76': 313.3278319986748, 'HeI_4387.93': 347.60938241838403, 'HeI_4471.50': 725.5338897227219, 'HeI_4713.17': 195.17281145887574, 'HeI_4921.93': 379.8205637210731, 'Hf': 4554.357276244092, 'Hn': 2442.1338106748212}","{'HeI_3819.62': 135.34545976602024, 'HeI_4009.26': 178.3364912742144, 'HeI_4143.76': 150.9346025813775, 'HeI_4387.93': 156.54824417038841, 'HeI_4471.50': 426.1821594112085, 'HeI_4713.17': 79.61154734365373, 'HeI_4921.93': 156.6978569830229, 'Hf': 4360.633166159446, 'Hn': 2334.878924235239}","{'HeI_3819.62': 43.317123057022734, 'HeI_4009.26': 103.61890348370257, 'HeI_4143.76': 81.13099543531783, 'HeI_4387.93': 80.71445413779384, 'HeI_4471.50': 278.0604835423451, 'HeI_4713.17': 42.764888000879175, 'HeI_4921.93': 70.69329256786291, 'Hf': 4171.160288678789, 'Hn': 2233.126770601859}","{'HeI_3819.62': 41.88211279702206, 'HeI_4009.26': 71.16052493073228, 'HeI_4143.76': 61.647688034640765, 'HeI_4387.93': 69.27802048677572, 'HeI_4471.50': 219.92576018986657, 'HeI_4713.17': 43.17365748910213, 'HeI_4921.93': 57.235603203522444, 'Hf': 3994.5080216307647, 'Hn': 2136.541931325823}","{'HeI_3819.62': 88.36888973516078, 'HeI_4009.26': 61.40723036103533, 'HeI_4143.76': 66.63552727962245, 'HeI_4387.93': 87.28176823004725, 'HeI_4471.50': 211.7761439368455, 'HeI_4713.17': 58.25120345108975, 'HeI_4921.93': 80.03712105009468, 'Hf': 3830.4066156244257, 'Hn': 2043.678020996158}","{'HeI_3819.62': 156.5787970615105, 'HeI_4009.26': 64.66941698022104, 'HeI_4143.76': 81.46555784095865, 'HeI_4387.93': 116.38234410072336, 'HeI_4471.50': 229.22015096916206, 'HeI_4713.17': 76.83732809104028, 'HeI_4921.93': 118.32410098355753, 'Hf': 3688.7687212306173, 'Hn': 1958.3174303769008}","{'HeI_3819.62': 232.38541617863623, 'HeI_4009.26': 75.14786814548229, 'HeI_4143.76': 99.35750014804646, 'HeI_4387.93': 149.24812411395078, 'HeI_4471.50': 257.61257403761334, 'HeI_4713.17': 94.8719876633758, 'HeI_4921.93': 161.1810633075753, 'Hf': 3566.1299785251767, 'Hn': 1880.6336732685993}","{'HeI_3819.62': 309.2898520519546, 'HeI_4009.26': 89.31319828188329, 'HeI_4143.76': 117.69368579343539, 'HeI_4387.93': 181.7409146062236, 'HeI_4471.50': 290.42207642728795, 'HeI_4713.17': 111.3648936089891, 'HeI_4921.93': 204.33447129193752, 'Hf': 3456.335812070665, 'Hn': 1810.9054806055076}","{'HeI_3819.62': 382.3258291159705, 'HeI_4009.26': 104.31625870018742, 'HeI_4143.76': 135.12995102278717, 'HeI_4387.93': 210.7724396852359, 'HeI_4471.50': 324.48242470722715, 'HeI_4713.17': 126.2618627236677, 'HeI_4921.93': 246.01834439167638, 'Hf': 3362.405178507834, 'Hn': 1752.8788784962223}"
T16000logg2.8,"{'HeI_3819.62': 365.9804382505581, 'HeI_4009.26': 329.55113625694645, 'HeI_4143.76': 297.7902716409524, 'HeI_4387.93': 311.21055836725156, 'HeI_4471.50': 704.2673254672364, 'HeI_4713.17': 176.46262813549217, 'HeI_4921.93': 313.4214074314408, 'Hf': 6294.066825381609, 'Hn': 3575.769779361951}","{'HeI_3819.62': 146.99501242521376, 'HeI_4009.26': 190.47256443699536, 'HeI_4143.76': 151.2463062563425, 'HeI_4387.93': 152.55690144681273, 'HeI_4471.50': 427.252354160024, 'HeI_4713.17': 70.58824739359254, 'HeI_4921.93': 128.68153378463705, 'Hf': 6147.039504257182, 'Hn': 3489.651521033267}","{'HeI_3819.62': 63.664167445531454, 'HeI_4009.26': 119.63062913034616, 'HeI_4143.76': 86.98361992449179, 'HeI_4387.93': 89.80021640206127, 'HeI_4471.50': 288.2889988196, 'HeI_4713.17': 38.27874458799917, 'HeI_4921.93': 59.967056085643286, 'Hf': 5997.248540636694, 'Hn': 3401.1131193477063}","{'HeI_3819.62': 62.09440019595094, 'HeI_4009.26': 87.5919547466954, 'HeI_4143.76': 68.99738693358975, 'HeI_4387.93': 82.47416195469415, 'HeI_4471.50': 232.45504067702112, 'HeI_4713.17': 40.85774704617898, 'HeI_4921.93': 54.05999707908598, 'Hf': 5849.498450130267, 'Hn': 3311.373168140969}","{'HeI_3819.62': 105.91191696160675, 'HeI_4009.26': 77.14242036101056, 'HeI_4143.76': 74.02099282536382, 'HeI_4387.93': 100.8182653760033, 'HeI_4471.50': 223.53953697674356, 'HeI_4713.17': 57.05334577430714, 'HeI_4921.93': 80.22788658006579, 'Hf': 5702.027408854274, 'Hn': 3219.97567110513}","{'HeI_3819.62': 171.24213500243965, 'HeI_4009.26': 79.18672192944663, 'HeI_4143.76': 88.56162822839012, 'HeI_4387.93': 128.69150275703967, 'HeI_4471.50': 239.3892161061475, 'HeI_4713.17': 76.24603409706334, 'HeI_4921.93': 119.96511131401581, 'Hf': 5564.6563720091735, 'Hn': 3131.8329213999723}","{'HeI_3819.62': 244.5906646855003, 'HeI_4009.26': 88.2072159123048, 'HeI_4143.76': 106.17599850635385, 'HeI_4387.93': 159.4725107642948, 'HeI_4471.50': 266.27907320790376, 'HeI_4713.17': 94.6512522332295, 'HeI_4921.93': 163.50993189113407, 'Hf': 5435.772028807253, 'Hn': 3047.7026900619653}","{'HeI_3819.62': 319.4661862920174, 'HeI_4009.26': 100.89740146621862, 'HeI_4143.76': 124.31858333344593, 'HeI_4387.93': 189.6154333303858, 'HeI_4471.50': 297.82880151019464, 'HeI_4713.17': 111.39999743282371, 'HeI_4921.93': 207.06687422694856, 'Hf': 5310.439872706646, 'Hn': 2967.858607952113}","{'HeI_3819.62': 390.94971755426633, 'HeI_4009.26': 114.54879515934442, 'HeI_4143.76': 141.57520004683718, 'HeI_4387.93': 216.71996708266894, 'HeI_4471.50': 330.8964403545124, 'HeI_4713.17': 126.46546033938633, 'HeI_4921.93': 248.9033435742758, 'Hf': 5194.156226812097, 'Hn': 2896.5367908085304}"
T16000logg3.0,"{'HeI_3819.62': 349.5675808986842, 'HeI_4009.26': 303.9933055535428, 'HeI_4143.76': 264.2174537405881, 'HeI_4387.93': 258.8226975240428, 'HeI_4471.50': 665.2439582077538, 'HeI_4713.17': 149.29750041305087, 'HeI_4921.93': 246.69976741823945, 'Hf': 7896.97777452277, 'Hn': 4689.792461271565}","{'HeI_3819.62': 168.03658320078944, 'HeI_4009.26': 185.13039724725547, 'HeI_4143.76': 140.6575654947252, 'HeI_4387.93': 133.6725182777903, 'HeI_4471.50': 412.3212487907415, 'HeI_4713.17': 56.51859518638812, 'HeI_4921.93': 97.3533295115255, 'Hf': 7782.77670424218, 'Hn': 4619.572225210946}","{'HeI_3819.62': 99.06195059278667, 'HeI_4009.26': 122.46083596897383, 'HeI_4143.76': 86.18387409168157, 'HeI_4387.93': 86.23231360782724, 'HeI_4471.50': 285.7740144762402, 'HeI_4713.17': 30.617793456213576, 'HeI_4921.93': 45.84020901862312, 'Hf': 7663.303638012974, 'Hn': 4544.265126952545}","{'HeI_3819.62': 101.47465073586854, 'HeI_4009.26': 93.40820145861322, 'HeI_4143.76': 71.94701417240954, 'HeI_4387.93': 84.90412516586392, 'HeI_4471.50': 235.42278856144236, 'HeI_4713.17': 36.360172673744295, 'HeI_4921.93': 48.03717490384715, 'Hf': 7541.171541587728, 'Hn': 4465.443398712329}","{'HeI_3819.62': 145.27663528271233, 'HeI_4009.26': 83.74918524805251, 'HeI_4143.76': 78.23111318571466, 'HeI_4387.93': 105.1211835464875, 'HeI_4471.50': 228.28657241689805, 'HeI_4713.17': 54.22066147803588, 'HeI_4921.93': 78.1088211410702, 'Hf': 7413.7850002459545, 'Hn': 4382.7045367716655}","{'HeI_3819.62': 209.35650792222245, 'HeI_4009.26': 85.44905307911878, 'HeI_4143.76': 93.161969084343, 'HeI_4387.93': 133.0287108120485, 'HeI_4471.50': 244.22257725472096, 'HeI_4713.17': 74.3243322871896, 'HeI_4921.93': 119.68651828384803, 'Hf': 7289.556605869404, 'Hn': 4300.748606344648}","{'HeI_3819.62': 281.3162593620127, 'HeI_4009.26': 93.43771898373052, 'HeI_4143.76': 110.91805798686256, 'HeI_4387.93': 162.90689609441316, 'HeI_4471.50': 270.62892139509756, 'HeI_4713.17': 93.28447307295906, 'HeI_4921.93': 164.16406162175534, 'Hf': 7167.29643630463, 'Hn': 4220.289134911425}","{'HeI_3819.62': 354.9136621285645, 'HeI_4009.26': 104.70011174126155, 'HeI_4143.76': 129.11959734806499, 'HeI_4387.93': 191.82730561874683, 'HeI_4471.50': 301.56405063935995, 'HeI_4713.17': 110.41220928083195, 'HeI_4921.93': 208.25851391036818, 'Hf': 7042.973316237575, 'Hn': 4141.253524070804}","{'HeI_3819.62': 425.3199851207997, 'HeI_4009.26': 116.8246046439698, 'HeI_4143.76': 146.31971343811384, 'HeI_4387.93': 217.86701838025277, 'HeI_4471.50': 334.07745953322757, 'HeI_4713.17': 125.72226995896489, 'HeI_4921.93': 250.33038220191347, 'Hf': 6922.398033161177, 'Hn': 4067.8041499533465}"
T16000logg3.2,"{'HeI_3819.62': 434.50411489251326, 'HeI_4009.26': 305.0629146397483, 'HeI_4143.76': 265.84550429345614, 'HeI_4387.93': 271.5457972523494, 'HeI_4471.50': 692.842403126173, 'HeI_4713.17': 161.12002754311382, 'HeI_4921.93': 263.702129655342, 'Hf': 9631.05355553124, 'Hn': 5995.086436094068}","{'HeI_3819.62': 260.9330936144777, 'HeI_4009.26': 196.15420456568143, 'HeI_4143.76': 148.34206682149198, 'HeI_4387.93': 152.89766204727673, 'HeI_4471.50': 438.4435468102942, 'HeI_4713.17': 63.232650391756565, 'HeI_4921.93': 112.04036763458504, 'Hf': 9533.125474419414, 'Hn': 5935.004547815762}","{'HeI_3819.62': 193.10401130692813, 'HeI_4009.26': 137.3699055692418, 'HeI_4143.76': 95.17328782565193, 'HeI_4387.93': 107.05085388964325, 'HeI_4471.50': 308.99510877237105, 'HeI_4713.17': 34.68845753431006, 'HeI_4921.93': 57.16201508442926, 'Hf': 9428.4243000866, 'Hn': 5868.876738628945}","{'HeI_3819.62': 193.77867584338708, 'HeI_4009.26': 109.46626913403391, 'HeI_4143.76': 80.22271757508508, 'HeI_4387.93': 104.84379400182155, 'HeI_4471.50': 255.35993674062294, 'HeI_4713.17': 39.02067760266428, 'HeI_4921.93': 56.43413584158595, 'Hf': 9317.92079714998, 'Hn': 5797.483899207684}","{'HeI_3819.62': 234.9264672723025, 'HeI_4009.26': 99.64130992943795, 'HeI_4143.76': 85.1205425189116, 'HeI_4387.93': 123.06020456267147, 'HeI_4471.50': 244.99181516888038, 'HeI_4713.17': 56.07281107748808, 'HeI_4921.93': 84.43869097360407, 'Hf': 9198.080386224052, 'Hn': 5720.143146063965}","{'HeI_3819.62': 296.59040834821246, 'HeI_4009.26': 100.4007754088666, 'HeI_4143.76': 98.77428144988053, 'HeI_4387.93': 148.61201805909522, 'HeI_4471.50': 258.137413979016, 'HeI_4713.17': 75.70721968105855, 'HeI_4921.93': 124.70059256046011, 'Hf': 9076.49549084691, 'Hn': 5641.061692743581}","{'HeI_3819.62': 366.57004665645854, 'HeI_4009.26': 107.0010482670122, 'HeI_4143.76': 115.54917164136458, 'HeI_4387.93': 175.980779709657, 'HeI_4471.50': 282.24751097918465, 'HeI_4713.17': 94.3601213626354, 'HeI_4921.93': 168.33359330787155, 'Hf': 8952.408847659988, 'Hn': 5560.981243035333}","{'HeI_3819.62': 438.4868961456801, 'HeI_4009.26': 116.67144032753855, 'HeI_4143.76': 133.06509603828476, 'HeI_4387.93': 202.4967508999549, 'HeI_4471.50': 311.27600684585656, 'HeI_4713.17': 111.26505180030036, 'HeI_4921.93': 211.86931425095364, 'Hf': 8821.270441093164, 'Hn': 5479.809524548862}","{'HeI_3819.62': 507.53163877837744, 'HeI_4009.26': 127.28481329906484, 'HeI_4143.76': 149.81959129697287, 'HeI_4387.93': 226.5555047569961, 'HeI_4471.50': 342.27196819564017, 'HeI_4713.17': 126.42218807700468, 'HeI_4921.93': 253.5951239899648, 'Hf': 8690.116674461733, 'Hn': 5401.454128473443}"
T17000logg2.2,"{'HeI_3819.62': 472.2297863371109, 'HeI_4009.26': 261.5627094714845, 'HeI_4143.76': 274.0879462172591, 'HeI_4387.93': 383.2613260122681, 'HeI_4471.50': 505.4664028112951, 'HeI_4713.17': 125.24700225451703, 'HeI_4921.93': 441.53689863670434, 'Hf': 1191.9947854081363, 'Hn': 420.3627681661683}","{'HeI_3819.62': 244.4959855984797, 'HeI_4009.26': 114.44993394323802, 'HeI_4143.76': 106.11256917286441, 'HeI_4387.93': 149.54069556083792, 'HeI_4471.50': 260.91778552358363, 'HeI_4713.17': 38.422993371770744, 'HeI_4921.93': 173.99999223044205, 'Hf': 853.524660072625, 'Hn': 227.94933949365455}","{'HeI_3819.62': 189.83463310430153, 'HeI_4009.26': 50.85449153912671, 'HeI_4143.76': 40.839541255464226, 'HeI_4387.93': 60.80851255889887, 'HeI_4471.50': 159.15605020656537, 'HeI_4713.17': 17.914081516018424, 'HeI_4921.93': 89.0511271396124, 'Hf': 593.1905365122867, 'Hn': 132.208230430461}","{'HeI_3819.62': 218.93012912295913, 'HeI_4009.26': 28.059845478367798, 'HeI_4143.76': 28.651941360508683, 'HeI_4387.93': 46.96990944536144, 'HeI_4471.50': 137.49371565437556, 'HeI_4713.17': 27.391683363962947, 'HeI_4921.93': 82.27335028532465, 'Hf': 419.20324919482925, 'Hn': 97.73256968727581}","{'HeI_3819.62': 286.41493967411407, 'HeI_4009.26': 25.39231933361962, 'HeI_4143.76': 40.113764431426866, 'HeI_4387.93': 66.65748483684004, 'HeI_4471.50': 158.20227468956742, 'HeI_4713.17': 47.619016783306954, 'HeI_4921.93': 105.4343136680057, 'Hf': 319.42993215785344, 'Hn': 95.62790212412497}","{'HeI_3819.62': 366.9202410146032, 'HeI_4009.26': 34.126094311350904, 'HeI_4143.76': 59.063835270379315, 'HeI_4387.93': 99.3384807015308, 'HeI_4471.50': 196.7082655208475, 'HeI_4713.17': 69.17313700463605, 'HeI_4921.93': 139.67296337054566, 'Hf': 279.67320283915, 'Hn': 105.63352432472539}","{'HeI_3819.62': 449.0448777211827, 'HeI_4009.26': 49.170179874167594, 'HeI_4143.76': 79.30880693148178, 'HeI_4387.93': 137.96230784581445, 'HeI_4471.50': 240.08698607619988, 'HeI_4713.17': 89.08044995209328, 'HeI_4921.93': 176.83956668175546, 'Hf': 280.02816039033456, 'Hn': 120.2053140054992}","{'HeI_3819.62': 528.6123673888484, 'HeI_4009.26': 67.26299147932752, 'HeI_4143.76': 98.86707914679529, 'HeI_4387.93': 177.17837884780707, 'HeI_4471.50': 283.6601891039466, 'HeI_4713.17': 106.86884052938433, 'HeI_4921.93': 214.29899284463713, 'Hf': 305.86621411234887, 'Hn': 138.2917647905024}","{'HeI_3819.62': 601.784161176427, 'HeI_4009.26': 85.3792917888322, 'HeI_4143.76': 117.05373461847556, 'HeI_4387.93': 211.77096553525354, 'HeI_4471.50': 325.0553622309941, 'HeI_4713.17': 122.63123237390677, 'HeI_4921.93': 251.53709060368888, 'Hf': 346.8869642523653, 'Hn': 161.25378991260428}"
T17000logg2.4,"{'HeI_3819.62': 420.17968064457114, 'HeI_4009.26': 312.51171054657766, 'HeI_4143.76': 319.9004220142722, 'HeI_4387.93': 399.75561137801685, 'HeI_4471.50': 611.4472947740475, 'HeI_4713.17': 197.41025768708064, 'HeI_4921.93': 448.47371927579064, 'Hf': 2065.4085162584543, 'Hn': 977.217798397244}","{'HeI_3819.62': 148.93953979231367, 'HeI_4009.26': 150.3339372790045, 'HeI_4143.76': 139.99635289362703, 'HeI_4387.93': 167.62208823337758, 'HeI_4471.50': 331.03973213162726, 'HeI_4713.17': 77.38841602950959, 'HeI_4921.93': 182.1878354063876, 'Hf': 1801.5555572537305, 'Hn': 832.2941390645024}","{'HeI_3819.62': 62.69751897110689, 'HeI_4009.26': 75.86893151834954, 'HeI_4143.76': 65.43878570797551, 'HeI_4387.93': 75.73756680837796, 'HeI_4471.50': 201.58864262084694, 'HeI_4713.17': 38.904272259871604, 'HeI_4921.93': 83.62870782270619, 'Hf': 1569.2150754551951, 'Hn': 736.5002442316203}","{'HeI_3819.62': 71.76444027591407, 'HeI_4009.26': 46.01280543483833, 'HeI_4143.76': 46.17358789424994, 'HeI_4387.93': 58.66005179778425, 'HeI_4471.50': 160.1087997175027, 'HeI_4713.17': 38.782935847470036, 'HeI_4921.93': 66.68217396007569, 'Hf': 1381.7563200779555, 'Hn': 672.426963434734}","{'HeI_3819.62': 127.15392143840539, 'HeI_4009.26': 38.97279274894134, 'HeI_4143.76': 52.834122833032744, 'HeI_4387.93': 75.45094063018493, 'HeI_4471.50': 166.29401999559724, 'HeI_4713.17': 53.70631472028246, 'HeI_4921.93': 86.8066557722283, 'Hf': 1238.6413006349385, 'Hn': 626.5070686407649}","{'HeI_3819.62': 201.41264749068944, 'HeI_4009.26': 45.33318619133765, 'HeI_4143.76': 69.10655181277315, 'HeI_4387.93': 105.54696574990436, 'HeI_4471.50': 194.70961117051039, 'HeI_4713.17': 72.25765117666707, 'HeI_4921.93': 122.30532801419801, 'Hf': 1140.5978944884766, 'Hn': 590.7536930864745}","{'HeI_3819.62': 280.9133177207072, 'HeI_4009.26': 59.33450217296583, 'HeI_4143.76': 87.95131598626156, 'HeI_4387.93': 141.2584026101426, 'HeI_4471.50': 231.1807437500602, 'HeI_4713.17': 90.2973367630612, 'HeI_4921.93': 162.43887957454663, 'Hf': 1077.311649129205, 'Hn': 561.5468038520568}","{'HeI_3819.62': 359.9343229799381, 'HeI_4009.26': 77.20183051954305, 'HeI_4143.76': 106.77250282327337, 'HeI_4387.93': 177.44919186878613, 'HeI_4471.50': 270.1402013930344, 'HeI_4713.17': 106.80443362215034, 'HeI_4921.93': 203.1379240023665, 'Hf': 1038.8103548263166, 'Hn': 538.5264449793684}","{'HeI_3819.62': 433.98689478100766, 'HeI_4009.26': 95.62333151457493, 'HeI_4143.76': 124.49275637671586, 'HeI_4387.93': 209.64857230377456, 'HeI_4471.50': 308.7775302655581, 'HeI_4713.17': 121.72937325682783, 'HeI_4921.93': 243.06190752535352, 'Hf': 1020.4473603455027, 'Hn': 524.1074272083383}"
T17000logg2.6,"{'HeI_3819.62': 431.5191754671802, 'HeI_4009.26': 391.20001708489303, 'HeI_4143.76': 382.3178616797507, 'HeI_4387.93': 437.69845815337095, 'HeI_4471.50': 652.1489564819709, 'HeI_4713.17': 231.3306635577741, 'HeI_4921.93': 462.89231342043416, 'Hf': 3459.463438489912, 'Hn': 1852.6770223534375}","{'HeI_3819.62': 152.0697028868468, 'HeI_4009.26': 211.90390369231218, 'HeI_4143.76': 190.97311955348275, 'HeI_4387.93': 207.33434715314988, 'HeI_4471.50': 368.69299193337827, 'HeI_4713.17': 99.90846134113752, 'HeI_4921.93': 204.14347372204782, 'Hf': 3262.524613972997, 'Hn': 1746.4557681043655}","{'HeI_3819.62': 49.66083936101106, 'HeI_4009.26': 123.42469168678835, 'HeI_4143.76': 106.44083088266885, 'HeI_4387.93': 109.79227677008653, 'HeI_4471.50': 230.75948281274685, 'HeI_4713.17': 54.61580243494633, 'HeI_4921.93': 102.77670429774857, 'Hf': 3074.8313851300672, 'Hn': 1658.1693862088161}","{'HeI_3819.62': 44.26575374128979, 'HeI_4009.26': 83.45113279291482, 'HeI_4143.76': 79.76825915598373, 'HeI_4387.93': 86.40649001648607, 'HeI_4471.50': 180.07263600835796, 'HeI_4713.17': 50.52106729322582, 'HeI_4921.93': 81.60837116675467, 'Hf': 2905.94768465293, 'Hn': 1581.1229987932222}","{'HeI_3819.62': 88.79449446607025, 'HeI_4009.26': 69.28457730756213, 'HeI_4143.76': 81.18320431552245, 'HeI_4387.93': 97.88342871332435, 'HeI_4471.50': 177.87777787474946, 'HeI_4713.17': 63.049325965912466, 'HeI_4921.93': 98.65891067316707, 'Hf': 2757.152072755719, 'Hn': 1510.4058013459535}","{'HeI_3819.62': 155.93304779120447, 'HeI_4009.26': 70.58524124598061, 'HeI_4143.76': 93.9332859787123, 'HeI_4387.93': 123.85861183321634, 'HeI_4471.50': 199.74829195187107, 'HeI_4713.17': 80.13211174343644, 'HeI_4921.93': 132.35516808492562, 'Hf': 2635.2579762386254, 'Hn': 1446.0820583297511}","{'HeI_3819.62': 231.0477563119826, 'HeI_4009.26': 80.62487158937535, 'HeI_4143.76': 110.3208771908272, 'HeI_4387.93': 155.8199850133512, 'HeI_4471.50': 231.4534919213193, 'HeI_4713.17': 97.19317685773265, 'HeI_4921.93': 171.5329645968617, 'Hf': 2536.055744441335, 'Hn': 1387.6733619926902}","{'HeI_3819.62': 307.46522954189345, 'HeI_4009.26': 95.18175466811357, 'HeI_4143.76': 127.33565716538178, 'HeI_4387.93': 188.5662255781612, 'HeI_4471.50': 266.9499255957957, 'HeI_4713.17': 112.99271994524453, 'HeI_4921.93': 211.75101030710638, 'Hf': 2453.188664176345, 'Hn': 1335.7634067765837}","{'HeI_3819.62': 380.2600564855721, 'HeI_4009.26': 110.93511568692523, 'HeI_4143.76': 143.61266886957642, 'HeI_4387.93': 218.12693642582434, 'HeI_4471.50': 303.170903944379, 'HeI_4713.17': 127.41772525193717, 'HeI_4921.93': 251.37800625134702, 'Hf': 2387.1826929191207, 'Hn': 1293.7874891296126}"
T17000logg2.8,"{'HeI_3819.62': 445.849143868577, 'HeI_4009.26': 424.62087842657184, 'HeI_4143.76': 399.3014701834387, 'HeI_4387.93': 439.1199475155544, 'HeI_4471.50': 656.8836923599819, 'HeI_4713.17': 236.28060449600733, 'HeI_4921.93': 438.1370857644062, 'Hf': 4985.251464740515, 'Hn': 2810.57579120068}","{'HeI_3819.62': 181.61825840265791, 'HeI_4009.26': 248.54749494759005, 'HeI_4143.76': 213.57298518613962, 'HeI_4387.93': 230.025520176177, 'HeI_4471.50': 385.0762798985917, 'HeI_4713.17': 104.79401858958425, 'HeI_4921.93': 202.20566443253531, 'Hf': 4833.660698386822, 'Hn': 2726.795005712809}","{'HeI_3819.62': 76.62266746932859, 'HeI_4009.26': 157.76365077677627, 'HeI_4143.76': 128.50354122928815, 'HeI_4387.93': 138.48613043638738, 'HeI_4471.50': 249.2831733493669, 'HeI_4713.17': 58.94641472806461, 'HeI_4921.93': 107.73029569656953, 'Hf': 4682.944062598926, 'Hn': 2646.9933663454535}","{'HeI_3819.62': 64.26894009901275, 'HeI_4009.26': 114.3367929207314, 'HeI_4143.76': 99.70041923628378, 'HeI_4387.93': 114.93150185954029, 'HeI_4471.50': 196.50317181603342, 'HeI_4713.17': 54.317853451241156, 'HeI_4921.93': 87.92404622205224, 'Hf': 4538.900937004936, 'Hn': 2569.3042779141274}","{'HeI_3819.62': 102.00248631837684, 'HeI_4009.26': 96.82459117773507, 'HeI_4143.76': 98.95300461675619, 'HeI_4387.93': 124.05988687840812, 'HeI_4471.50': 190.74748554103124, 'HeI_4713.17': 66.4306447425704, 'HeI_4921.93': 105.00692685661292, 'Hf': 4401.171598147142, 'Hn': 2491.8203787212133}","{'HeI_3819.62': 163.95650694974515, 'HeI_4009.26': 95.1344692619675, 'HeI_4143.76': 110.14371677377063, 'HeI_4387.93': 147.12649440866426, 'HeI_4471.50': 209.30228359070009, 'HeI_4713.17': 83.22015824859284, 'HeI_4921.93': 138.51545572123803, 'Hf': 4277.94706082589, 'Hn': 2417.4276653192333}","{'HeI_3819.62': 235.35728889104882, 'HeI_4009.26': 102.62216702340342, 'HeI_4143.76': 125.49292972223441, 'HeI_4387.93': 175.86645803070752, 'HeI_4471.50': 238.44658037422093, 'HeI_4713.17': 100.06888332579527, 'HeI_4921.93': 177.56785696928438, 'Hf': 4167.322616166418, 'Hn': 2346.6401297157704}","{'HeI_3819.62': 309.11435800524646, 'HeI_4009.26': 115.09554286742308, 'HeI_4143.76': 141.83858419249407, 'HeI_4387.93': 205.42689548263115, 'HeI_4471.50': 271.98012506544734, 'HeI_4713.17': 115.70912372263284, 'HeI_4921.93': 217.75280422439135, 'Hf': 4064.1519892449987, 'Hn': 2280.1872270370764}","{'HeI_3819.62': 380.1088706283044, 'HeI_4009.26': 129.28208873112027, 'HeI_4143.76': 157.60782206875245, 'HeI_4387.93': 232.36573454579195, 'HeI_4471.50': 306.714602314268, 'HeI_4713.17': 130.0160524520406, 'HeI_4921.93': 257.312531618387, 'Hf': 3972.2526396023964, 'Hn': 2221.956261796873}"
T17000logg3.0,"{'HeI_3819.62': 463.8435211587231, 'HeI_4009.26': 432.48386861374786, 'HeI_4143.76': 393.05458664844474, 'HeI_4387.93': 420.9249571569473, 'HeI_4471.50': 653.3941683577958, 'HeI_4713.17': 227.30840824225191, 'HeI_4921.93': 397.35093938396903, 'Hf': 6622.227762795536, 'Hn': 3874.5429143850806}","{'HeI_3819.62': 227.20321981715006, 'HeI_4009.26': 269.7973435748834, 'HeI_4143.76': 222.47927215484387, 'HeI_4387.93': 238.78171812870087, 'HeI_4471.50': 397.45308846899906, 'HeI_4713.17': 101.06443291872398, 'HeI_4921.93': 187.8315982037305, 'Hf': 6501.828201585447, 'Hn': 3805.7327006821497}","{'HeI_3819.62': 127.72547113576782, 'HeI_4009.26': 182.28399836170226, 'HeI_4143.76': 141.8638369413866, 'HeI_4387.93': 157.2919506012178, 'HeI_4471.50': 267.454032194451, 'HeI_4713.17': 57.50529642814249, 'HeI_4921.93': 103.50843775278054, 'Hf': 6377.856988904322, 'Hn': 3734.4369053042183}","{'HeI_3819.62': 113.06369591451781, 'HeI_4009.26': 138.52722230628578, 'HeI_4143.76': 113.29960950739292, 'HeI_4387.93': 135.9920633792684, 'HeI_4471.50': 215.12404732645592, 'HeI_4713.17': 53.89542020698214, 'HeI_4921.93': 87.26073992114573, 'Hf': 6253.579355862893, 'Hn': 3660.9127003756366}","{'HeI_3819.62': 146.58021842332553, 'HeI_4009.26': 119.64054274547586, 'HeI_4143.76': 111.33060358335946, 'HeI_4387.93': 144.2600070403944, 'HeI_4471.50': 207.43719716210288, 'HeI_4713.17': 66.49867705851315, 'HeI_4921.93': 105.75820082128352, 'Hf': 6127.484517950497, 'Hn': 3584.4709662922555}","{'HeI_3819.62': 204.58608848199222, 'HeI_4009.26': 115.8998214985474, 'HeI_4143.76': 121.07710592839402, 'HeI_4387.93': 165.34552537566267, 'HeI_4471.50': 223.54294073956643, 'HeI_4713.17': 83.53674172959538, 'HeI_4921.93': 139.98402564706453, 'Hf': 6007.3051672096235, 'Hn': 3508.880510150063}","{'HeI_3819.62': 272.8362425711422, 'HeI_4009.26': 120.82235200640908, 'HeI_4143.76': 135.1415749979415, 'HeI_4387.93': 191.51542972010816, 'HeI_4471.50': 250.47063914840805, 'HeI_4713.17': 100.52626385611032, 'HeI_4921.93': 179.55635908375632, 'Hf': 5892.0680643877495, 'Hn': 3434.930055891188}","{'HeI_3819.62': 344.0892963489211, 'HeI_4009.26': 130.44787795067788, 'HeI_4143.76': 150.43776313161166, 'HeI_4387.93': 218.40820522915607, 'HeI_4471.50': 282.1022870806271, 'HeI_4713.17': 116.2590806511418, 'HeI_4921.93': 220.19447625181073, 'Hf': 5777.2636905590425, 'Hn': 3363.1532976600683}","{'HeI_3819.62': 413.236230701874, 'HeI_4009.26': 141.83562946168044, 'HeI_4143.76': 165.35639449059957, 'HeI_4387.93': 243.16132842477555, 'HeI_4471.50': 315.28541238312283, 'HeI_4713.17': 130.62533738292422, 'HeI_4921.93': 260.05957985938136, 'Hf': 5668.303227242782, 'Hn': 3297.32007439901}"
T17000logg3.2,"{'HeI_3819.62': 504.7720224537037, 'HeI_4009.26': 427.65622112974245, 'HeI_4143.76': 377.48004808049376, 'HeI_4387.93': 402.4100559246942, 'HeI_4471.50': 639.8216443734839, 'HeI_4713.17': 209.88052428050267, 'HeI_4921.93': 351.4689003075189, 'Hf': 8247.687017206987, 'Hn': 5014.7597395449275}","{'HeI_3819.62': 300.20870140835046, 'HeI_4009.26': 282.46262459103303, 'HeI_4143.76': 224.52182562351513, 'HeI_4387.93': 248.76227716956132, 'HeI_4471.50': 403.398975605115, 'HeI_4713.17': 92.09424606725547, 'HeI_4921.93': 170.14442363603618, 'Hf': 8153.498006439187, 'Hn': 4959.208659317929}","{'HeI_3819.62': 211.63627267612097, 'HeI_4009.26': 201.5269484979775, 'HeI_4143.76': 150.57646826679536, 'HeI_4387.93': 179.28973490799714, 'HeI_4471.50': 282.26603436288525, 'HeI_4713.17': 52.51744150958852, 'HeI_4921.93': 97.45131074885268, 'Hf': 8053.789816056489, 'Hn': 4898.990954137088}","{'HeI_3819.62': 198.76894702473172, 'HeI_4009.26': 159.69226655780992, 'HeI_4143.76': 123.75494369752688, 'HeI_4387.93': 161.67094566362806, 'HeI_4471.50': 232.69233253909675, 'HeI_4713.17': 50.81754348753132, 'HeI_4921.93': 86.0227414877885, 'Hf': 7949.63391488861, 'Hn': 4834.561143247074}","{'HeI_3819.62': 230.8015772381585, 'HeI_4009.26': 140.6194987242888, 'HeI_4143.76': 121.60426670360592, 'HeI_4387.93': 170.007283538123, 'HeI_4471.50': 224.6596865238403, 'HeI_4713.17': 64.4279493869281, 'HeI_4921.93': 106.79718593609324, 'Hf': 7838.8160988909, 'Hn': 4765.324751982208}","{'HeI_3819.62': 286.4646880035934, 'HeI_4009.26': 135.76163026028, 'HeI_4143.76': 130.78354405485283, 'HeI_4387.93': 189.68272075625558, 'HeI_4471.50': 239.25456077587125, 'HeI_4713.17': 82.03268758120154, 'HeI_4921.93': 142.1394740336308, 'Hf': 7727.609180757931, 'Hn': 4694.8007137310115}","{'HeI_3819.62': 352.3866787390955, 'HeI_4009.26': 139.05236195954976, 'HeI_4143.76': 144.34169439810714, 'HeI_4387.93': 213.71284109724343, 'HeI_4471.50': 264.45149937962753, 'HeI_4713.17': 99.37695781647689, 'HeI_4921.93': 182.32251928708288, 'Hf': 7615.430438372625, 'Hn': 4623.734050323161}","{'HeI_3819.62': 421.44291102373603, 'HeI_4009.26': 146.7913856715088, 'HeI_4143.76': 159.25450656520377, 'HeI_4387.93': 238.27425836731067, 'HeI_4471.50': 294.4222377656063, 'HeI_4713.17': 115.35809644936566, 'HeI_4921.93': 223.33600174361365, 'Hf': 7498.502089955016, 'Hn': 4552.428677372577}","{'HeI_3819.62': 488.65567869921136, 'HeI_4009.26': 156.34202334590466, 'HeI_4143.76': 173.83094472649097, 'HeI_4387.93': 261.0192556724594, 'HeI_4471.50': 326.1797737133242, 'HeI_4713.17': 129.8925110610443, 'HeI_4921.93': 263.3487310138939, 'Hf': 7382.556695806382, 'Hn': 4484.391495693992}"
T18000logg2.2,"{'HeI_3819.62': 586.4128368797009, 'HeI_4009.26': 236.22236411827723, 'HeI_4143.76': 251.64210991127692, 'HeI_4387.93': 397.8403319539686, 'HeI_4471.50': 406.2613211867082, 'HeI_4713.17': 96.9369235911452, 'HeI_4921.93': 438.50427537083226, 'Hf': 1057.4519496122257, 'Hn': 774.8547286993875}","{'HeI_3819.62': 389.0863595933549, 'HeI_4009.26': 102.38448005302224, 'HeI_4143.76': 92.4728053246019, 'HeI_4387.93': 159.28479708595464, 'HeI_4471.50': 220.30698316695685, 'HeI_4713.17': 30.35992189586139, 'HeI_4921.93': 166.69401039383143, 'Hf': 711.8372974118386, 'Hn': 575.7652024400584}","{'HeI_3819.62': 353.20178369407444, 'HeI_4009.26': 46.7702272824622, 'HeI_4143.76': 32.9540763455847, 'HeI_4387.93': 69.61522352844445, 'HeI_4471.50': 153.35362479115526, 'HeI_4713.17': 20.093952903207907, 'HeI_4921.93': 75.24696798377597, 'Hf': 466.92083015148273, 'Hn': 456.5875176520951}","{'HeI_3819.62': 392.36648696181027, 'HeI_4009.26': 28.58226692915155, 'HeI_4143.76': 23.42811498273255, 'HeI_4387.93': 55.577499314017764, 'HeI_4471.50': 150.56079038443445, 'HeI_4713.17': 34.514210265011414, 'HeI_4921.93': 64.95016469941386, 'Hf': 322.6944627994102, 'Hn': 392.817420544919}","{'HeI_3819.62': 464.68297077247024, 'HeI_4009.26': 28.606489907689, 'HeI_4143.76': 35.984523905220875, 'HeI_4387.93': 75.40097922968603, 'HeI_4471.50': 180.24694281989937, 'HeI_4713.17': 57.05474269587507, 'HeI_4921.93': 88.00207040030695, 'Hf': 259.1262491117387, 'Hn': 365.52699686729363}","{'HeI_3819.62': 546.7290557245038, 'HeI_4009.26': 39.30586689324428, 'HeI_4143.76': 55.63467281591834, 'HeI_4387.93': 108.36237849235317, 'HeI_4471.50': 223.90745479401207, 'HeI_4713.17': 79.62326932414886, 'HeI_4921.93': 123.7392413914987, 'Hf': 254.47088972603828, 'Hn': 363.8120698922512}","{'HeI_3819.62': 628.6316829581858, 'HeI_4009.26': 56.32694310462031, 'HeI_4143.76': 76.53891210141683, 'HeI_4387.93': 147.1864478967273, 'HeI_4471.50': 271.97564743768135, 'HeI_4713.17': 99.948187356753, 'HeI_4921.93': 162.85648241047923, 'Hf': 286.0565425035072, 'Hn': 380.494626326722}","{'HeI_3819.62': 707.1213699421222, 'HeI_4009.26': 76.47720024716169, 'HeI_4143.76': 96.77926420238774, 'HeI_4387.93': 186.4495366583329, 'HeI_4471.50': 319.9219946350396, 'HeI_4713.17': 117.8768306177639, 'HeI_4921.93': 202.106267404232, 'Hf': 339.0734383394336, 'Hn': 412.0596774602239}","{'HeI_3819.62': 778.7418341719426, 'HeI_4009.26': 96.46144122258542, 'HeI_4143.76': 115.74526283789692, 'HeI_4387.93': 221.03723613541533, 'HeI_4471.50': 364.5587502596098, 'HeI_4713.17': 133.59488361570627, 'HeI_4921.93': 240.7143737587858, 'Hf': 401.82535351503753, 'Hn': 455.56915364199494}"
T18000logg2.4,"{'HeI_3819.62': 409.4783757130492, 'HeI_4009.26': 217.66057066289247, 'HeI_4143.76': 225.31101430719565, 'HeI_4387.93': 326.0750842567043, 'HeI_4471.50': 464.79824264255154, 'HeI_4713.17': 149.77131196962097, 'HeI_4921.93': 381.36759773842084, 'Hf': 1217.7139671264824, 'Hn': 572.5057228921924}","{'HeI_3819.62': 178.8808995623252, 'HeI_4009.26': 92.35293502592891, 'HeI_4143.76': 81.54092775409673, 'HeI_4387.93': 123.58833737406222, 'HeI_4471.50': 234.7516814287118, 'HeI_4713.17': 50.9085177556179, 'HeI_4921.93': 138.0896044078032, 'Hf': 963.4792845264615, 'Hn': 395.55023735263836}","{'HeI_3819.62': 120.83859456393938, 'HeI_4009.26': 39.664641990683286, 'HeI_4143.76': 28.4068633023653, 'HeI_4387.93': 50.094564828264055, 'HeI_4471.50': 138.91272880416813, 'HeI_4713.17': 24.02123525570507, 'HeI_4921.93': 65.18180957480276, 'Hf': 756.0249456774767, 'Hn': 307.5315357709001}","{'HeI_3819.62': 146.70200313798654, 'HeI_4009.26': 22.75448995933737, 'HeI_4143.76': 21.857880439434425, 'HeI_4387.93': 43.7628143244339, 'HeI_4471.50': 119.5928407312017, 'HeI_4713.17': 30.173825300054794, 'HeI_4921.93': 64.58354707260655, 'Hf': 606.4589616575682, 'Hn': 275.16420541942097}","{'HeI_3819.62': 211.09748266869664, 'HeI_4009.26': 23.4532154641417, 'HeI_4143.76': 36.01151609064282, 'HeI_4387.93': 67.2165624682917, 'HeI_4471.50': 140.96536847011237, 'HeI_4713.17': 48.592524562709535, 'HeI_4921.93': 91.22668822024625, 'Hf': 510.5203625103993, 'Hn': 270.2966147737925}","{'HeI_3819.62': 289.42598575726777, 'HeI_4009.26': 34.0088809004667, 'HeI_4143.76': 56.428674342061775, 'HeI_4387.93': 101.63613921992805, 'HeI_4471.50': 179.28648965449722, 'HeI_4713.17': 69.13273394929558, 'HeI_4921.93': 127.49315208980425, 'Hf': 461.8602377506696, 'Hn': 272.63841052454654}","{'HeI_3819.62': 370.33624297647077, 'HeI_4009.26': 50.05548445291185, 'HeI_4143.76': 77.6144622496506, 'HeI_4387.93': 140.56494295576752, 'HeI_4471.50': 222.24629296811062, 'HeI_4713.17': 88.4086801503611, 'HeI_4921.93': 165.94403884373438, 'Hf': 447.1611470315921, 'Hn': 274.94936879246785}","{'HeI_3819.62': 449.38010817521035, 'HeI_4009.26': 68.75829675056075, 'HeI_4143.76': 97.76275748059811, 'HeI_4387.93': 179.3584862828364, 'HeI_4471.50': 265.70066820413666, 'HeI_4713.17': 105.75959392661807, 'HeI_4921.93': 204.29673766788198, 'Hf': 455.9614717735105, 'Hn': 276.88608165973216}","{'HeI_3819.62': 522.7096402156566, 'HeI_4009.26': 87.25694185944505, 'HeI_4143.76': 116.26547062174176, 'HeI_4387.93': 213.54889732794535, 'HeI_4471.50': 307.399073215155, 'HeI_4713.17': 121.24093295252875, 'HeI_4921.93': 242.17123483831622, 'Hf': 480.61628056147015, 'Hn': 281.8296429572496}"
T18000logg2.6,"{'HeI_3819.62': 433.64711880850734, 'HeI_4009.26': 527.4547745853441, 'HeI_4143.76': 503.619189111613, 'HeI_4387.93': 580.9561529065653, 'HeI_4471.50': 553.1673185339683, 'HeI_4713.17': 246.26160961713637, 'HeI_4921.93': 590.2406799563112, 'Hf': 2803.055554479516, 'Hn': 1381.7488920276487}","{'HeI_3819.62': 150.0900114546675, 'HeI_4009.26': 303.26371780913803, 'HeI_4143.76': 275.89574552163634, 'HeI_4387.93': 308.3964157881336, 'HeI_4471.50': 292.00397287841275, 'HeI_4713.17': 107.84586945730312, 'HeI_4921.93': 299.0013345019952, 'Hf': 2609.127032131992, 'Hn': 1277.874922438738}","{'HeI_3819.62': 50.350823711267, 'HeI_4009.26': 188.41816692009562, 'HeI_4143.76': 169.797951400186, 'HeI_4387.93': 182.16423031805544, 'HeI_4471.50': 168.9870759682906, 'HeI_4713.17': 58.96353481747268, 'HeI_4921.93': 179.68613574614986, 'Hf': 2426.263612798019, 'Hn': 1186.8922356904568}","{'HeI_3819.62': 49.32002848699426, 'HeI_4009.26': 132.21015511257679, 'HeI_4143.76': 130.7661897820306, 'HeI_4387.93': 139.86353297747897, 'HeI_4471.50': 128.36359882732154, 'HeI_4713.17': 52.99600009546398, 'HeI_4921.93': 146.60184690238333, 'Hf': 2265.1778720438033, 'Hn': 1104.687487620118}","{'HeI_3819.62': 97.91568067837603, 'HeI_4009.26': 107.42646566173923, 'HeI_4143.76': 124.87728800160951, 'HeI_4387.93': 138.99108161797713, 'HeI_4471.50': 133.5632187149333, 'HeI_4713.17': 64.4561368368898, 'HeI_4921.93': 153.2259476097068, 'Hf': 2128.3393254800094, 'Hn': 1029.6508422720121}","{'HeI_3819.62': 168.17733270021137, 'HeI_4009.26': 102.74350054636108, 'HeI_4143.76': 132.97385142039062, 'HeI_4387.93': 157.6266466181042, 'HeI_4471.50': 161.9047067791305, 'HeI_4713.17': 80.88366043886374, 'HeI_4921.93': 178.0857095535035, 'Hf': 2021.1006061427645, 'Hn': 964.8387461788768}","{'HeI_3819.62': 245.47491768817144, 'HeI_4009.26': 110.20037690292648, 'HeI_4143.76': 146.00395601146985, 'HeI_4387.93': 186.1248734215198, 'HeI_4471.50': 200.07063151909546, 'HeI_4713.17': 97.50000803930132, 'HeI_4921.93': 210.04701597637845, 'Hf': 1938.613196715548, 'Hn': 910.980935796047}","{'HeI_3819.62': 323.3689581811347, 'HeI_4009.26': 124.4172597762105, 'HeI_4143.76': 160.2767852773588, 'HeI_4387.93': 217.78965026701331, 'HeI_4471.50': 241.36936949895966, 'HeI_4713.17': 112.96772454405985, 'HeI_4921.93': 244.48759925492158, 'Hf': 1875.0399916388208, 'Hn': 868.5319157562058}","{'HeI_3819.62': 397.074041344135, 'HeI_4009.26': 141.17364285233091, 'HeI_4143.76': 174.17368691259293, 'HeI_4387.93': 247.1433407050063, 'HeI_4471.50': 281.90010446798607, 'HeI_4713.17': 127.15411873396798, 'HeI_4921.93': 279.78746509763164, 'Hf': 1828.5416510316363, 'Hn': 839.3068595911521}"
T18000logg2.8,"{'HeI_3819.62': 435.9710051088094, 'HeI_4009.26': 426.1525455146157, 'HeI_4143.76': 411.61378778820966, 'HeI_4387.93': 471.69125307224925, 'HeI_4471.50': 579.6134758987591, 'HeI_4713.17': 248.56241987268956, 'HeI_4921.93': 479.3400710080938, 'Hf': 3810.003464609366, 'Hn': 2155.9004151213458}","{'HeI_3819.62': 162.5114900126831, 'HeI_4009.26': 241.3432097029086, 'HeI_4143.76': 217.03400213720218, 'HeI_4387.93': 242.1803043222884, 'HeI_4471.50': 324.7767053050047, 'HeI_4713.17': 111.15343724339861, 'HeI_4921.93': 224.0757156133284, 'Hf': 3654.801468050456, 'Hn': 2068.701619277894}","{'HeI_3819.62': 59.192410827711946, 'HeI_4009.26': 147.8016393189849, 'HeI_4143.76': 128.97792709441526, 'HeI_4387.93': 140.3173295695804, 'HeI_4471.50': 200.93613130045347, 'HeI_4713.17': 62.283423727577926, 'HeI_4921.93': 125.42411566876787, 'Hf': 3503.7627583009635, 'Hn': 1997.2881199461146}","{'HeI_3819.62': 50.350380225508644, 'HeI_4009.26': 103.72868878284284, 'HeI_4143.76': 99.74631292369038, 'HeI_4387.93': 111.67369173001926, 'HeI_4471.50': 157.17834699871838, 'HeI_4713.17': 56.10910817454528, 'HeI_4921.93': 104.68912485020525, 'Hf': 3364.0967874184003, 'Hn': 1934.1092546383275}","{'HeI_3819.62': 90.76530974589241, 'HeI_4009.26': 86.22125943624363, 'HeI_4143.76': 99.30497344887658, 'HeI_4387.93': 118.53621402127598, 'HeI_4471.50': 158.50472890835823, 'HeI_4713.17': 67.36439168809694, 'HeI_4921.93': 119.78937642800882, 'Hf': 3237.389784765667, 'Hn': 1873.92220448381}","{'HeI_3819.62': 154.3441593289658, 'HeI_4009.26': 85.13283088358196, 'HeI_4143.76': 110.50396720519636, 'HeI_4387.93': 141.10205137783663, 'HeI_4471.50': 182.1669325873748, 'HeI_4713.17': 83.64257950464402, 'HeI_4921.93': 150.58521288740067, 'Hf': 3129.6391637085176, 'Hn': 1816.216302730312}","{'HeI_3819.62': 226.7094063718733, 'HeI_4009.26': 93.47564724632772, 'HeI_4143.76': 125.49103375771197, 'HeI_4387.93': 170.71056083684635, 'HeI_4471.50': 214.9980238155188, 'HeI_4713.17': 100.1561156027443, 'HeI_4921.93': 186.84843379177482, 'Hf': 3038.1775077314287, 'Hn': 1760.7622650758638}","{'HeI_3819.62': 301.12540749223206, 'HeI_4009.26': 106.84122371009923, 'HeI_4143.76': 141.1657407984918, 'HeI_4387.93': 201.87169036545671, 'HeI_4471.50': 251.4387654918123, 'HeI_4713.17': 115.55328930642447, 'HeI_4921.93': 224.52203488733386, 'Hf': 2958.919908139153, 'Hn': 1708.5004547968742}","{'HeI_3819.62': 372.6215580820517, 'HeI_4009.26': 121.82851106559549, 'HeI_4143.76': 156.15319151121872, 'HeI_4387.93': 230.3739249404342, 'HeI_4471.50': 288.49846671155905, 'HeI_4713.17': 129.6923624560112, 'HeI_4921.93': 262.1876913508613, 'Hf': 2892.3099659247127, 'Hn': 1663.285595138846}"
T18000logg3.0,"{'HeI_3819.62': 443.9960364987426, 'HeI_4009.26': 354.4076558074111, 'HeI_4143.76': 339.2059106982861, 'HeI_4387.93': 367.3570180738907, 'HeI_4471.50': 590.4182635199342, 'HeI_4713.17': 238.3098842241413, 'HeI_4921.93': 373.6112858152385, 'Hf': 5513.56866186646, 'Hn': 3063.7313252035988}","{'HeI_3819.62': 196.0144169441693, 'HeI_4009.26': 205.76451426358014, 'HeI_4143.76': 181.30973420954703, 'HeI_4387.93': 189.13288225642304, 'HeI_4471.50': 346.7077800267286, 'HeI_4713.17': 107.58022832103848, 'HeI_4921.93': 167.66864661028947, 'Hf': 5387.901324570889, 'Hn': 2992.957116583384}","{'HeI_3819.62': 93.98649725372472, 'HeI_4009.26': 130.1293786945103, 'HeI_4143.76': 111.4701163436875, 'HeI_4387.93': 113.62218733196936, 'HeI_4471.50': 224.83705362631483, 'HeI_4713.17': 61.674205398168915, 'HeI_4921.93': 95.45632169456995, 'Hf': 5260.493579497718, 'Hn': 2922.2183245158335}","{'HeI_3819.62': 80.32396890299229, 'HeI_4009.26': 95.497880599175, 'HeI_4143.76': 91.8650207280576, 'HeI_4387.93': 98.0513320453331, 'HeI_4471.50': 178.6063796033246, 'HeI_4713.17': 56.84885459804949, 'HeI_4921.93': 88.47337393732248, 'Hf': 5135.578369694225, 'Hn': 2851.545540977651}","{'HeI_3819.62': 115.99900177939786, 'HeI_4009.26': 83.50210705224129, 'HeI_4143.76': 96.90817301961427, 'HeI_4387.93': 111.37513438297341, 'HeI_4471.50': 176.1423181006048, 'HeI_4713.17': 68.78307839195513, 'HeI_4921.93': 110.84076558170223, 'Hf': 5013.337479695845, 'Hn': 2780.374388967324}","{'HeI_3819.62': 176.10838620479132, 'HeI_4009.26': 85.57447877993853, 'HeI_4143.76': 111.38011570860384, 'HeI_4387.93': 136.72972108150887, 'HeI_4471.50': 196.89555207376011, 'HeI_4713.17': 85.43635974519364, 'HeI_4921.93': 145.39484907748252, 'Hf': 4900.378102593334, 'Hn': 2712.0061077378173}","{'HeI_3819.62': 246.090095289281, 'HeI_4009.26': 95.7747930923869, 'HeI_4143.76': 128.48635070826543, 'HeI_4387.93': 166.71166217523947, 'HeI_4471.50': 228.09577008836936, 'HeI_4713.17': 102.18625206844769, 'HeI_4921.93': 183.69410423041842, 'Hf': 4795.4821631318955, 'Hn': 2647.165861541548}","{'HeI_3819.62': 318.83179045876483, 'HeI_4009.26': 110.23251861242906, 'HeI_4143.76': 145.64597700266012, 'HeI_4387.93': 197.05525535957983, 'HeI_4471.50': 263.3585509454095, 'HeI_4713.17': 117.75322973239683, 'HeI_4921.93': 222.60173518407274, 'Hf': 4695.242182601368, 'Hn': 2586.4715048582193}","{'HeI_3819.62': 389.14961144130694, 'HeI_4009.26': 125.82549070817198, 'HeI_4143.76': 161.58016076889947, 'HeI_4387.93': 224.7000518145371, 'HeI_4471.50': 299.2184136394658, 'HeI_4713.17': 132.0097662933592, 'HeI_4921.93': 260.98449951339956, 'Hf': 4602.641823210137, 'Hn': 2533.1349355575435}"
T18000logg3.2,"{'HeI_3819.62': 498.9321073727501, 'HeI_4009.26': 377.5683809685915, 'HeI_4143.76': 345.897912220209, 'HeI_4387.93': 366.9422329777487, 'HeI_4471.50': 596.6869718410288, 'HeI_4713.17': 232.20201921615705, 'HeI_4921.93': 340.8672243230322, 'Hf': 7160.659272182829, 'Hn': 4223.522565716748}","{'HeI_3819.62': 275.5046951199616, 'HeI_4009.26': 237.01649466767154, 'HeI_4143.76': 197.41517366879737, 'HeI_4387.93': 210.86282596945483, 'HeI_4471.50': 368.9693019003349, 'HeI_4713.17': 105.49402458938545, 'HeI_4921.93': 158.01068326004813, 'Hf': 7063.295849356186, 'Hn': 4167.471495893708}","{'HeI_3819.62': 177.47784285063233, 'HeI_4009.26': 161.91028916332598, 'HeI_4143.76': 128.637164186216, 'HeI_4387.93': 142.45025856598033, 'HeI_4471.50': 252.74347129795564, 'HeI_4713.17': 61.097466995777374, 'HeI_4921.93': 91.60998929493196, 'Hf': 6961.124044927206, 'Hn': 4108.1274552424675}","{'HeI_3819.62': 160.3921299940828, 'HeI_4009.26': 125.41737874202242, 'HeI_4143.76': 106.93115487998045, 'HeI_4387.93': 127.19620325637622, 'HeI_4471.50': 206.66611027048293, 'HeI_4713.17': 56.80088931310036, 'HeI_4921.93': 85.63115005283619, 'Hf': 6855.6962597232, 'Hn': 4045.789035728926}","{'HeI_3819.62': 190.91253677094517, 'HeI_4009.26': 110.9840733228643, 'HeI_4143.76': 109.10117867945907, 'HeI_4387.93': 138.36730475124074, 'HeI_4471.50': 201.73215519231746, 'HeI_4713.17': 68.91460507053316, 'HeI_4921.93': 108.6625965133313, 'Hf': 6745.8487489320005, 'Hn': 3979.965069564276}","{'HeI_3819.62': 246.26899991161005, 'HeI_4009.26': 110.5567977402453, 'HeI_4143.76': 121.12638993084565, 'HeI_4387.93': 160.93196873048515, 'HeI_4471.50': 219.21118747318263, 'HeI_4713.17': 85.62052231085077, 'HeI_4921.93': 144.11095020636466, 'Hf': 6637.447676829011, 'Hn': 3913.9383361053237}","{'HeI_3819.62': 312.40953801333865, 'HeI_4009.26': 118.33610571980353, 'HeI_4143.76': 136.3746024919844, 'HeI_4387.93': 187.90095597081188, 'HeI_4471.50': 247.1608515948118, 'HeI_4713.17': 102.38044408959605, 'HeI_4921.93': 183.42762575893195, 'Hf': 6529.901527733921, 'Hn': 3848.5385778260447}","{'HeI_3819.62': 381.9674281092108, 'HeI_4009.26': 130.54636676028147, 'HeI_4143.76': 152.18923690269185, 'HeI_4387.93': 215.34654120665792, 'HeI_4471.50': 279.52684787985294, 'HeI_4713.17': 117.94765584155857, 'HeI_4921.93': 223.29974365333484, 'Hf': 6420.446163732211, 'Hn': 3784.2936209136187}","{'HeI_3819.62': 449.78236396884813, 'HeI_4009.26': 144.21916937228946, 'HeI_4143.76': 167.17813279147987, 'HeI_4387.93': 240.6459753073489, 'HeI_4471.50': 313.08527596468355, 'HeI_4713.17': 132.19963001772905, 'HeI_4921.93': 262.38306043722423, 'Hf': 6313.329201118765, 'Hn': 3724.457812188788}"
T18000logg3.4,"{'HeI_3819.62': 578.7712567955375, 'HeI_4009.26': 398.1024263235476, 'HeI_4143.76': 360.73110129066356, 'HeI_4387.93': 378.78602931611243, 'HeI_4471.50': 586.3139686713417, 'HeI_4713.17': 230.02731781781387, 'HeI_4921.93': 334.5206292082409, 'Hf': 8341.535470440866, 'Hn': 5129.62528233376}","{'HeI_3819.62': 381.30548186804833, 'HeI_4009.26': 266.65749391000173, 'HeI_4143.76': 220.30739082255917, 'HeI_4387.93': 237.95459601328344, 'HeI_4471.50': 373.8758492701566, 'HeI_4713.17': 105.27527613412488, 'HeI_4921.93': 164.24880526739904, 'Hf': 8262.259416803263, 'Hn': 5083.614235517857}","{'HeI_3819.62': 293.06435490021664, 'HeI_4009.26': 193.30380108715838, 'HeI_4143.76': 152.78370759050446, 'HeI_4387.93': 174.74704599776706, 'HeI_4471.50': 265.06656009101573, 'HeI_4713.17': 61.53473433826192, 'HeI_4921.93': 99.98499606765527, 'Hf': 8178.3911165528825, 'Hn': 5034.064777198334}","{'HeI_3819.62': 277.87483891499693, 'HeI_4009.26': 155.7187118605083, 'HeI_4143.76': 129.49786746254614, 'HeI_4387.93': 159.643477363225, 'HeI_4471.50': 221.59495650395442, 'HeI_4713.17': 57.38898652711082, 'HeI_4921.93': 93.11626604684035, 'Hf': 8090.3068030685545, 'Hn': 4981.132003069221}","{'HeI_3819.62': 307.10933305739945, 'HeI_4009.26': 138.98030721952804, 'HeI_4143.76': 129.31097250323396, 'HeI_4387.93': 168.83971014918993, 'HeI_4471.50': 216.64642166093267, 'HeI_4713.17': 69.50679571140664, 'HeI_4921.93': 115.16706889761605, 'Hf': 7996.362684576763, 'Hn': 4924.284668777311}","{'HeI_3819.62': 360.1745015194851, 'HeI_4009.26': 135.81362097277554, 'HeI_4143.76': 139.36298782616697, 'HeI_4387.93': 188.7317958316404, 'HeI_4471.50': 232.89850203750194, 'HeI_4713.17': 86.2088936286367, 'HeI_4921.93': 150.08010639799602, 'Hf': 7900.895152157641, 'Hn': 4866.268661430971}","{'HeI_3819.62': 423.8627631094278, 'HeI_4009.26': 140.60596571757617, 'HeI_4143.76': 153.16616199371208, 'HeI_4387.93': 212.75333672960932, 'HeI_4471.50': 259.19641268914546, 'HeI_4713.17': 102.96847208781443, 'HeI_4921.93': 189.22452438339892, 'Hf': 7803.105076392772, 'Hn': 4807.71953242404}","{'HeI_3819.62': 491.2371962518818, 'HeI_4009.26': 149.73384037219535, 'HeI_4143.76': 167.93492611913464, 'HeI_4387.93': 237.30061887081075, 'HeI_4471.50': 289.85469478349563, 'HeI_4713.17': 118.52807847724296, 'HeI_4921.93': 229.11433319871804, 'Hf': 7700.507378879165, 'Hn': 4748.873323829186}","{'HeI_3819.62': 557.0269065472226, 'HeI_4009.26': 160.58526412854636, 'HeI_4143.76': 182.11021638111342, 'HeI_4387.93': 260.15230544064497, 'HeI_4471.50': 321.9159532606015, 'HeI_4713.17': 132.75885548994833, 'HeI_4921.93': 268.2324276907792, 'Hf': 7596.843399389265, 'Hn': 4692.439572388682}"
T19000logg2.4,"{'HeI_3819.62': 443.2129033409881, 'HeI_4009.26': 264.4826265882817, 'HeI_4143.76': 271.0884403883657, 'HeI_4387.93': 380.21305829095314, 'HeI_4471.50': 377.16678097149736, 'HeI_4713.17': 148.72471438588317, 'HeI_4921.93': 438.8196826604549, 'Hf': 978.5924607022868, 'Hn': 500.43525429687026}","{'HeI_3819.62': 221.5460041100095, 'HeI_4009.26': 118.25790627067592, 'HeI_4143.76': 109.31952703886851, 'HeI_4387.93': 153.6706064167547, 'HeI_4471.50': 176.05334876839777, 'HeI_4713.17': 50.55137431949198, 'HeI_4921.93': 181.61597690898517, 'Hf': 737.4490186624364, 'Hn': 363.5811309645262}","{'HeI_3819.62': 170.04580194583042, 'HeI_4009.26': 54.407896195525616, 'HeI_4143.76': 46.1129439216386, 'HeI_4387.93': 64.99706980225136, 'HeI_4471.50': 96.70800846361963, 'HeI_4713.17': 24.127595590626346, 'HeI_4921.93': 99.14310404543336, 'Hf': 546.7765985289229, 'Hn': 263.268482241211}","{'HeI_3819.62': 200.21319530894183, 'HeI_4009.26': 31.223279093714122, 'HeI_4143.76': 34.07149678438753, 'HeI_4387.93': 49.400604166788284, 'HeI_4471.50': 85.28430971814356, 'HeI_4713.17': 30.528056481793133, 'HeI_4921.93': 92.44514956796655, 'Hf': 417.0296947335265, 'Hn': 193.35750981905673}","{'HeI_3819.62': 267.33520290089695, 'HeI_4009.26': 28.328124332477724, 'HeI_4143.76': 45.256150631046594, 'HeI_4387.93': 67.40999454917042, 'HeI_4471.50': 109.6649979230049, 'HeI_4713.17': 49.03272738374702, 'HeI_4921.93': 114.52447211977604, 'Hf': 342.4410922299258, 'Hn': 148.3124099307573}","{'HeI_3819.62': 347.150661420744, 'HeI_4009.26': 37.58911971655185, 'HeI_4143.76': 63.95736419040284, 'HeI_4387.93': 98.9209914675605, 'HeI_4471.50': 150.96309919894287, 'HeI_4713.17': 69.57328622352345, 'HeI_4921.93': 147.30266361672506, 'Hf': 314.11093146769844, 'Hn': 125.87122878101843}","{'HeI_3819.62': 428.661207105126, 'HeI_4009.26': 53.73355740960906, 'HeI_4143.76': 83.9916026508528, 'HeI_4387.93': 136.41443366960607, 'HeI_4471.50': 198.9465824382512, 'HeI_4713.17': 88.79914309215968, 'HeI_4921.93': 183.0796231371858, 'Hf': 317.9364233503672, 'Hn': 122.77032001931192}","{'HeI_3819.62': 507.6525497797029, 'HeI_4009.26': 73.14779865003537, 'HeI_4143.76': 103.28210340075125, 'HeI_4387.93': 174.5266579272256, 'HeI_4471.50': 247.7712745948251, 'HeI_4713.17': 106.07363494116808, 'HeI_4921.93': 219.3101607481954, 'Hf': 343.3256069710473, 'Hn': 136.7408870869485}","{'HeI_3819.62': 580.6069679226895, 'HeI_4009.26': 92.57404318822014, 'HeI_4143.76': 121.0884179775081, 'HeI_4387.93': 208.3989898351417, 'HeI_4471.50': 293.34933972050794, 'HeI_4713.17': 121.47761244659894, 'HeI_4921.93': 255.54349472670023, 'Hf': 382.0847664859473, 'Hn': 165.4437658384059}"
T19000logg2.6,"{'HeI_3819.62': 378.1760959131711, 'HeI_4009.26': 311.59270947820306, 'HeI_4143.76': 320.0800325915296, 'HeI_4387.93': 401.91614030544605, 'HeI_4471.50': 436.2161123729601, 'HeI_4713.17': 180.12048095737265, 'HeI_4921.93': 460.91196700877055, 'Hf': 1594.7514177210487, 'Hn': 636.9771177685677}","{'HeI_3819.62': 140.1410941642906, 'HeI_4009.26': 151.35600251834907, 'HeI_4143.76': 146.88862828025293, 'HeI_4387.93': 174.40598928004206, 'HeI_4471.50': 214.47211213385467, 'HeI_4713.17': 68.83949825735306, 'HeI_4921.93': 204.21286233661888, 'Hf': 1396.0185689588861, 'Hn': 532.4605606334931}","{'HeI_3819.62': 73.52050771213257, 'HeI_4009.26': 77.26818717835366, 'HeI_4143.76': 75.89392790157108, 'HeI_4387.93': 81.8112569119162, 'HeI_4471.50': 118.92479025832053, 'HeI_4713.17': 34.99860234249127, 'HeI_4921.93': 122.71841520291072, 'Hf': 1223.3005569071304, 'Hn': 455.84599461074527}","{'HeI_3819.62': 92.93969348303138, 'HeI_4009.26': 47.349189906001364, 'HeI_4143.76': 59.596001095169626, 'HeI_4387.93': 62.78343999687387, 'HeI_4471.50': 96.36244918074578, 'HeI_4713.17': 37.36120901147812, 'HeI_4921.93': 115.48043642564504, 'Hf': 1087.4086222892056, 'Hn': 399.7997540469401}","{'HeI_3819.62': 152.96539719562296, 'HeI_4009.26': 40.07774273557893, 'HeI_4143.76': 68.5170184667919, 'HeI_4387.93': 78.03969495135799, 'HeI_4471.50': 113.28891151032813, 'HeI_4713.17': 53.63414303727824, 'HeI_4921.93': 135.3688528393409, 'Hf': 988.3062651219957, 'Hn': 358.8292939650951}","{'HeI_3819.62': 228.81361833071273, 'HeI_4009.26': 46.44179511324932, 'HeI_4143.76': 85.74082668730584, 'HeI_4387.93': 107.42790734037939, 'HeI_4471.50': 149.21377468239183, 'HeI_4713.17': 72.91697511359385, 'HeI_4921.93': 165.44403884729127, 'Hf': 925.3308080862163, 'Hn': 330.38399818116903}","{'HeI_3819.62': 308.5244662404333, 'HeI_4009.26': 60.614637982530674, 'HeI_4143.76': 104.55859527049925, 'HeI_4387.93': 143.0547211949175, 'HeI_4471.50': 192.77190399733243, 'HeI_4713.17': 91.38313431579536, 'HeI_4921.93': 198.68236077844955, 'Hf': 890.2901178472133, 'Hn': 312.86494351264764}","{'HeI_3819.62': 387.13470731816085, 'HeI_4009.26': 78.67843527724963, 'HeI_4143.76': 122.62448699244288, 'HeI_4387.93': 179.5830184117939, 'HeI_4471.50': 238.2216094033777, 'HeI_4713.17': 108.16355106657005, 'HeI_4921.93': 232.828537687844, 'Hf': 875.7727623293189, 'Hn': 305.9710882038301}","{'HeI_3819.62': 460.67608893347114, 'HeI_4009.26': 97.32302037542807, 'HeI_4143.76': 139.09008515868695, 'HeI_4387.93': 212.39310575875902, 'HeI_4471.50': 281.90552246038334, 'HeI_4713.17': 123.26661175149437, 'HeI_4921.93': 267.5550564378273, 'Hf': 876.7569281331538, 'Hn': 310.1254527298877}"
T19000logg2.8,"{'HeI_3819.62': 380.5163661146548, 'HeI_4009.26': 268.45675809766067, 'HeI_4143.76': 276.48984242874235, 'HeI_4387.93': 337.7826084693287, 'HeI_4471.50': 494.3108137868421, 'HeI_4713.17': 222.23050192427922, 'HeI_4921.93': 400.3354609371203, 'Hf': 2861.9068005715008, 'Hn': 1368.8898452374206}","{'HeI_3819.62': 127.38721839719315, 'HeI_4009.26': 133.26107924596712, 'HeI_4143.76': 129.96580243370454, 'HeI_4387.93': 148.19783268194692, 'HeI_4471.50': 260.27794436028665, 'HeI_4713.17': 94.97174877794944, 'HeI_4921.93': 171.89038835990394, 'Hf': 2699.8791645067595, 'Hn': 1280.4593370452785}","{'HeI_3819.62': 40.44100032833289, 'HeI_4009.26': 70.51976855166379, 'HeI_4143.76': 71.29003518295279, 'HeI_4387.93': 73.48674271398949, 'HeI_4471.50': 151.03634382949204, 'HeI_4713.17': 52.05519746496412, 'HeI_4921.93': 103.69998001960948, 'Hf': 2547.3435060672514, 'Hn': 1206.4337215332707}","{'HeI_3819.62': 43.984490330938364, 'HeI_4009.26': 46.19224196056188, 'HeI_4143.76': 60.81454399619422, 'HeI_4387.93': 62.54134216873594, 'HeI_4471.50': 117.12528968254882, 'HeI_4713.17': 49.33976383176958, 'HeI_4921.93': 102.69112193093868, 'Hf': 2412.98832278367, 'Hn': 1143.6142157805375}","{'HeI_3819.62': 93.60108694370257, 'HeI_4009.26': 42.17229829683609, 'HeI_4143.76': 72.58386430306102, 'HeI_4387.93': 81.22518896863981, 'HeI_4471.50': 125.76540056093047, 'HeI_4713.17': 62.684402551218305, 'HeI_4921.93': 126.0854357479787, 'Hf': 2298.455377890338, 'Hn': 1088.8979989661668}","{'HeI_3819.62': 163.46247698107763, 'HeI_4009.26': 50.58697720255848, 'HeI_4143.76': 91.08405644967786, 'HeI_4387.93': 111.69952670756741, 'HeI_4471.50': 155.9313466346688, 'HeI_4713.17': 80.24183318674997, 'HeI_4921.93': 158.34290613686588, 'Hf': 2207.998015567809, 'Hn': 1042.2046202322924}","{'HeI_3819.62': 240.0029368480767, 'HeI_4009.26': 66.1779463991658, 'HeI_4143.76': 110.38310758154726, 'HeI_4387.93': 147.0013338077822, 'HeI_4471.50': 195.22593799578507, 'HeI_4713.17': 97.60080208680786, 'HeI_4921.93': 193.054657031272, 'Hf': 2137.538788307091, 'Hn': 1002.8892773483652}","{'HeI_3819.62': 317.19141168710286, 'HeI_4009.26': 85.31568330681355, 'HeI_4143.76': 128.55039907763125, 'HeI_4387.93': 182.58433960606848, 'HeI_4471.50': 237.29675556591704, 'HeI_4713.17': 113.60239160511978, 'HeI_4921.93': 228.30563729278495, 'Hf': 2082.1862790542737, 'Hn': 971.2294352941168}","{'HeI_3819.62': 390.34875213742026, 'HeI_4009.26': 104.72884912116756, 'HeI_4143.76': 144.84830594095106, 'HeI_4387.93': 214.51316214836513, 'HeI_4471.50': 278.3045553735048, 'HeI_4713.17': 128.1657161872763, 'HeI_4921.93': 263.8121159012039, 'Hf': 2040.6739802170653, 'Hn': 949.2174000546058}"
T19000logg3.0,"{'HeI_3819.62': 406.9217968296688, 'HeI_4009.26': 323.89046159767355, 'HeI_4143.76': 323.2724217509062, 'HeI_4387.93': 369.3280601618531, 'HeI_4471.50': 516.2681664202337, 'HeI_4713.17': 235.73225937737422, 'HeI_4921.93': 397.3468642243666, 'Hf': 4301.865327899369, 'Hn': 2322.7309364650478}","{'HeI_3819.62': 158.7752826571347, 'HeI_4009.26': 178.98684969659922, 'HeI_4143.76': 167.95264033676625, 'HeI_4387.93': 184.26375865077244, 'HeI_4471.50': 288.8213955353181, 'HeI_4713.17': 105.13125846808082, 'HeI_4921.93': 181.2230142808552, 'Hf': 4176.0593819042815, 'Hn': 2253.4212735931674}","{'HeI_3819.62': 63.11114228445117, 'HeI_4009.26': 107.4967054736142, 'HeI_4143.76': 101.56542724611805, 'HeI_4387.93': 106.49796950168057, 'HeI_4471.50': 178.2828785983272, 'HeI_4713.17': 59.61484689128522, 'HeI_4921.93': 111.7835705948059, 'Hf': 4051.1095548713442, 'Hn': 2189.3490142444007}","{'HeI_3819.62': 56.05428423690365, 'HeI_4009.26': 76.38016769741284, 'HeI_4143.76': 85.38748212350346, 'HeI_4387.93': 90.70147988782747, 'HeI_4471.50': 140.2772759811959, 'HeI_4713.17': 55.145035111617716, 'HeI_4921.93': 107.66217255120722, 'Hf': 3932.0817562444577, 'Hn': 2128.7205483448633}","{'HeI_3819.62': 96.78158842613921, 'HeI_4009.26': 67.12766016359988, 'HeI_4143.76': 93.3130873721128, 'HeI_4387.93': 104.7679039844318, 'HeI_4471.50': 144.20507422404387, 'HeI_4713.17': 67.33635501386799, 'HeI_4921.93': 129.46259467502423, 'Hf': 3820.111536336351, 'Hn': 2069.8552184140003}","{'HeI_3819.62': 160.31981850528328, 'HeI_4009.26': 71.50033593288954, 'HeI_4143.76': 109.67685601384457, 'HeI_4387.93': 131.43327612939942, 'HeI_4471.50': 169.9999979958216, 'HeI_4713.17': 84.15232124374516, 'HeI_4921.93': 161.43772373607814, 'Hf': 3720.795813388845, 'Hn': 2014.4465101987248}","{'HeI_3819.62': 232.5700775510288, 'HeI_4009.26': 83.66134203692604, 'HeI_4143.76': 127.89090386912486, 'HeI_4387.93': 163.32395296944776, 'HeI_4471.50': 205.43223447203025, 'HeI_4713.17': 101.01328037346566, 'HeI_4921.93': 196.55469430049672, 'Hf': 3632.4888089293127, 'Hn': 1962.873472898441}","{'HeI_3819.62': 306.8808571837079, 'HeI_4009.26': 99.74298472772405, 'HeI_4143.76': 145.56305633132777, 'HeI_4387.93': 195.86016444435847, 'HeI_4471.50': 244.24590283050185, 'HeI_4713.17': 116.6619305199282, 'HeI_4921.93': 232.4387601532893, 'Hf': 3552.1402062796324, 'Hn': 1915.8898069580662}","{'HeI_3819.62': 378.25989243269237, 'HeI_4009.26': 116.61366278690687, 'HeI_4143.76': 161.5992448067622, 'HeI_4387.93': 225.43604663040537, 'HeI_4471.50': 282.8219015493369, 'HeI_4713.17': 130.97838954802836, 'HeI_4921.93': 268.47387955563124, 'Hf': 3480.882734633535, 'Hn': 1876.4044786818538}"
T19000logg3.2,"{'HeI_3819.62': 455.25563064712605, 'HeI_4009.26': 349.45457714282577, 'HeI_4143.76': 339.77998094251, 'HeI_4387.93': 366.5981740575465, 'HeI_4471.50': 521.0226692662102, 'HeI_4713.17': 239.12239352599232, 'HeI_4921.93': 365.7367734031669, 'Hf': 5801.938428850172, 'Hn': 3329.0844748644054}","{'HeI_3819.62': 224.7118982438822, 'HeI_4009.26': 209.6116645265511, 'HeI_4143.76': 190.98235082799934, 'HeI_4387.93': 201.46472395941308, 'HeI_4471.50': 308.72122374960725, 'HeI_4713.17': 109.02298164361643, 'HeI_4921.93': 171.54976273047492, 'Hf': 5704.660065878552, 'Hn': 3274.5749682616447}","{'HeI_3819.62': 127.99241816910124, 'HeI_4009.26': 136.9515473320614, 'HeI_4143.76': 124.52215968604807, 'HeI_4387.93': 129.8839956778068, 'HeI_4471.50': 203.09351035414537, 'HeI_4713.17': 63.037668671626825, 'HeI_4921.93': 107.22462805383114, 'Hf': 5605.457136332768, 'Hn': 3220.726203864697}","{'HeI_3819.62': 114.29471024415483, 'HeI_4009.26': 103.2026375547465, 'HeI_4143.76': 106.06963107237483, 'HeI_4387.93': 114.20012409469963, 'HeI_4471.50': 164.91754934054342, 'HeI_4713.17': 58.00753350319641, 'HeI_4921.93': 103.83222544534782, 'Hf': 5506.718712872664, 'Hn': 3166.7796204779547}","{'HeI_3819.62': 147.9849988548442, 'HeI_4009.26': 91.24818143154464, 'HeI_4143.76': 111.32823025101129, 'HeI_4387.93': 126.22930082970333, 'HeI_4471.50': 166.39078470158762, 'HeI_4713.17': 69.75430021871175, 'HeI_4921.93': 126.31807104743189, 'Hf': 5408.0764221017425, 'Hn': 3111.4973352278043}","{'HeI_3819.62': 205.789835712078, 'HeI_4009.26': 93.1819974357587, 'HeI_4143.76': 125.4919171096771, 'HeI_4387.93': 150.3136636687948, 'HeI_4471.50': 189.01598020660336, 'HeI_4713.17': 86.25974420618057, 'HeI_4921.93': 159.3239455187834, 'Hf': 5314.253347852832, 'Hn': 3056.817376730425}","{'HeI_3819.62': 273.67798798212476, 'HeI_4009.26': 103.32223154386068, 'HeI_4143.76': 142.01235348757112, 'HeI_4387.93': 179.3154554132255, 'HeI_4471.50': 221.25531642618262, 'HeI_4713.17': 102.8980840294052, 'HeI_4921.93': 195.61347911000155, 'Hf': 5224.304234551974, 'Hn': 3003.2327296134836}","{'HeI_3819.62': 344.6960064618027, 'HeI_4009.26': 117.84409974408237, 'HeI_4143.76': 158.3787474219028, 'HeI_4387.93': 208.9720899884442, 'HeI_4471.50': 257.1878254411955, 'HeI_4713.17': 118.3809976561979, 'HeI_4921.93': 232.59969399242337, 'Hf': 5135.899439733443, 'Hn': 2951.400172495621}","{'HeI_3819.62': 413.64252652900893, 'HeI_4009.26': 133.6398408258326, 'HeI_4143.76': 173.37590899923634, 'HeI_4387.93': 236.18532549292013, 'HeI_4471.50': 293.47533549916886, 'HeI_4713.17': 132.5778674904614, 'HeI_4921.93': 269.4637468882284, 'Hf': 5051.481367068693, 'Hn': 2904.2647934105444}"
T19000logg3.4,"{'HeI_3819.62': 518.198585623655, 'HeI_4009.26': 376.8428953374755, 'HeI_4143.76': 347.6854538422565, 'HeI_4387.93': 370.600369710817, 'HeI_4471.50': 524.6420851857473, 'HeI_4713.17': 231.41740340900074, 'HeI_4921.93': 331.3520616715493, 'Hf': 7153.027126977075, 'Hn': 4248.582621332215}","{'HeI_3819.62': 315.1026034384397, 'HeI_4009.26': 244.3470198847961, 'HeI_4143.76': 206.9663563750819, 'HeI_4387.93': 226.51216364942104, 'HeI_4471.50': 327.3448556379642, 'HeI_4713.17': 105.86645463664762, 'HeI_4921.93': 161.91415928552388, 'Hf': 7078.686060759463, 'Hn': 4205.366299957687}","{'HeI_3819.62': 226.19780341106377, 'HeI_4009.26': 172.1579538541654, 'HeI_4143.76': 140.95953926240736, 'HeI_4387.93': 161.97409287303685, 'HeI_4471.50': 227.7702133540204, 'HeI_4713.17': 61.69496926090511, 'HeI_4921.93': 102.49684447621952, 'Hf': 6999.591076408752, 'Hn': 4159.527885217676}","{'HeI_3819.62': 212.09674281026676, 'HeI_4009.26': 136.42615754834128, 'HeI_4143.76': 120.0423386291515, 'HeI_4387.93': 146.79384652891522, 'HeI_4471.50': 190.6176532426712, 'HeI_4713.17': 57.353426185525386, 'HeI_4921.93': 99.24999089948969, 'Hf': 6916.674825712437, 'Hn': 4111.070555057032}","{'HeI_3819.62': 242.7079034147481, 'HeI_4009.26': 121.70696232185897, 'HeI_4143.76': 122.26577086239554, 'HeI_4387.93': 156.83039445349442, 'HeI_4471.50': 190.4949626124935, 'HeI_4713.17': 69.38528162966917, 'HeI_4921.93': 122.26834718949102, 'Hf': 6829.186097642561, 'Hn': 4059.4968123612903}","{'HeI_3819.62': 296.9667224091822, 'HeI_4009.26': 120.5479095445409, 'HeI_4143.76': 134.08216294210882, 'HeI_4387.93': 178.15513124331946, 'HeI_4471.50': 210.51982641042736, 'HeI_4713.17': 86.02297916437749, 'HeI_4921.93': 156.4808458641646, 'Hf': 6741.485336418251, 'Hn': 4007.1951837193737}","{'HeI_3819.62': 361.5879055674099, 'HeI_4009.26': 127.34619744461114, 'HeI_4143.76': 149.01547267814777, 'HeI_4387.93': 204.02331225885152, 'HeI_4471.50': 239.93631083608136, 'HeI_4713.17': 102.72529208796742, 'HeI_4921.93': 194.26311044043533, 'Hf': 6653.083342132296, 'Hn': 3954.8373625460595}","{'HeI_3819.62': 429.75186096784444, 'HeI_4009.26': 138.38587579013836, 'HeI_4143.76': 164.40830323937917, 'HeI_4387.93': 230.57639494970073, 'HeI_4471.50': 273.2039736720731, 'HeI_4713.17': 118.24226237243114, 'HeI_4921.93': 232.6994875022225, 'Hf': 6562.012337596049, 'Hn': 3902.893117092983}","{'HeI_3819.62': 496.2560441548486, 'HeI_4009.26': 150.947693165039, 'HeI_4143.76': 178.85145520111206, 'HeI_4387.93': 255.24496662093316, 'HeI_4471.50': 307.29250906254464, 'HeI_4713.17': 132.45350604379033, 'HeI_4921.93': 270.63008061715084, 'Hf': 6471.268037154868, 'Hn': 3853.942159309494}"
T19000logg3.6,"{'HeI_3819.62': 746.0731636791652, 'HeI_4009.26': 674.395425817588, 'HeI_4143.76': 612.8447967408507, 'HeI_4387.93': 693.7495421257993, 'HeI_4471.50': 550.5930010102676, 'HeI_4713.17': 272.648179914489, 'HeI_4921.93': 532.7628591856761, 'Hf': 8703.586808747226, 'Hn': 5589.248297621272}","{'HeI_3819.62': 554.4026606044504, 'HeI_4009.26': 493.03733514593677, 'HeI_4143.76': 423.230223142225, 'HeI_4387.93': 516.4883065249202, 'HeI_4471.50': 370.6481750287483, 'HeI_4713.17': 133.71500175975612, 'HeI_4921.93': 337.22227712686333, 'Hf': 8645.311486694041, 'Hn': 5555.51589468284}","{'HeI_3819.62': 463.5345542600767, 'HeI_4009.26': 382.23447588782466, 'HeI_4143.76': 319.8794907729636, 'HeI_4387.93': 418.5414063999104, 'HeI_4471.50': 277.0456969269553, 'HeI_4713.17': 81.24286862892649, 'HeI_4921.93': 248.65140909867614, 'Hf': 8583.982625780929, 'Hn': 5520.001445745554}","{'HeI_3819.62': 442.5243057938054, 'HeI_4009.26': 316.85283793646556, 'HeI_4143.76': 271.69430086680273, 'HeI_4387.93': 374.41187767943273, 'HeI_4471.50': 239.91758211359854, 'HeI_4713.17': 71.85927483379868, 'HeI_4921.93': 221.2625474329487, 'Hf': 8518.35225063701, 'Hn': 5481.42256584294}","{'HeI_3819.62': 465.173484342524, 'HeI_4009.26': 278.9595629895684, 'HeI_4143.76': 253.840618262522, 'HeI_4387.93': 360.51955857532965, 'HeI_4471.50': 237.0471509761307, 'HeI_4713.17': 80.71670338410027, 'HeI_4921.93': 225.87480657636812, 'Hf': 8446.336855107289, 'Hn': 5438.402226139925}","{'HeI_3819.62': 512.3191386334897, 'HeI_4009.26': 259.7379135856076, 'HeI_4143.76': 251.24029374355848, 'HeI_4387.93': 363.07447895809906, 'HeI_4471.50': 253.3517234755289, 'HeI_4713.17': 95.34607603051795, 'HeI_4921.93': 246.82346255932828, 'Hf': 8370.212389738226, 'Hn': 5392.360620967813}","{'HeI_3819.62': 571.0049088117099, 'HeI_4009.26': 251.74572582784032, 'HeI_4143.76': 255.41560418481558, 'HeI_4387.93': 373.8936840863585, 'HeI_4471.50': 278.97725044122615, 'HeI_4713.17': 110.68777238235694, 'HeI_4921.93': 275.02920032956683, 'Hf': 8289.22004670966, 'Hn': 5343.793777733097}","{'HeI_3819.62': 634.2180172290535, 'HeI_4009.26': 250.13552605375767, 'HeI_4143.76': 262.31907107845177, 'HeI_4387.93': 387.9132658483633, 'HeI_4471.50': 308.72750485698856, 'HeI_4713.17': 125.20131245022428, 'HeI_4921.93': 306.34922962031965, 'Hf': 8201.728532236219, 'Hn': 5293.035451364535}","{'HeI_3819.62': 696.6124051053181, 'HeI_4009.26': 252.15703515280302, 'HeI_4143.76': 269.8352809924661, 'HeI_4387.93': 402.24282410895955, 'HeI_4471.50': 339.7720372604919, 'HeI_4713.17': 138.6735658602793, 'HeI_4921.93': 338.9961293592557, 'Hf': 8110.570114543999, 'Hn': 5242.447332325887}"
T20000logg2.4,"{'HeI_3819.62': 448.3385946320715, 'HeI_4009.26': 129.3058720313796, 'HeI_4143.76': 136.7180883576365, 'HeI_4387.93': 237.3908197243572, 'HeI_4471.50': 295.20626754860353, 'HeI_4713.17': 95.22398326350928, 'HeI_4921.93': 304.68481777456486, 'Hf': 830.0244490043174, 'Hn': 408.54901488928004}","{'HeI_3819.62': 278.3706046895244, 'HeI_4009.26': 49.418210522199594, 'HeI_4143.76': 40.22170285545945, 'HeI_4387.93': 88.61749209463936, 'HeI_4471.50': 135.668617577846, 'HeI_4713.17': 27.38688793771709, 'HeI_4921.93': 106.41224071280249, 'Hf': 570.3315057083962, 'Hn': 241.2440125241553}","{'HeI_3819.62': 254.58009977649593, 'HeI_4009.26': 21.8239666621366, 'HeI_4143.76': 12.121164263339868, 'HeI_4387.93': 44.542696882111045, 'HeI_4471.50': 82.04460790975524, 'HeI_4713.17': 16.061484966349834, 'HeI_4921.93': 67.34970862823488, 'Hf': 380.5167875454543, 'Hn': 150.0587925789286}","{'HeI_3819.62': 298.3970050630246, 'HeI_4009.26': 19.04452635025196, 'HeI_4143.76': 19.012480252276276, 'HeI_4387.93': 53.676810697308824, 'HeI_4471.50': 86.45038853323076, 'HeI_4713.17': 29.844580278776736, 'HeI_4921.93': 85.145653570446, 'Hf': 265.91641883671423, 'Hn': 114.66219348536934}","{'HeI_3819.62': 371.3740370953336, 'HeI_4009.26': 27.787014212601292, 'HeI_4143.76': 40.334628955207044, 'HeI_4387.93': 85.6622648331523, 'HeI_4471.50': 120.89738163715496, 'HeI_4713.17': 52.03361571150929, 'HeI_4921.93': 117.42174479652992, 'Hf': 214.71846678649501, 'Hn': 112.32807790723899}","{'HeI_3819.62': 452.5489397485559, 'HeI_4009.26': 42.277375807565114, 'HeI_4143.76': 64.23670335451995, 'HeI_4387.93': 124.58641797734654, 'HeI_4471.50': 167.49834808188731, 'HeI_4713.17': 74.43837226604084, 'HeI_4921.93': 152.34338224614655, 'Hf': 211.56581845789555, 'Hn': 125.71346843936334}","{'HeI_3819.62': 533.1403573469705, 'HeI_4009.26': 59.486174726587336, 'HeI_4143.76': 86.95141919396666, 'HeI_4387.93': 165.0294556270427, 'HeI_4471.50': 217.27135749006226, 'HeI_4713.17': 94.65949933849197, 'HeI_4921.93': 186.7361131883945, 'Hf': 239.3198090807627, 'Hn': 147.62265828228584}","{'HeI_3819.62': 610.0982204598151, 'HeI_4009.26': 77.58259754469732, 'HeI_4143.76': 107.66072537815498, 'HeI_4387.93': 203.5463459773878, 'HeI_4471.50': 265.8615032971086, 'HeI_4713.17': 112.4887667503992, 'HeI_4921.93': 220.51864610132634, 'Hf': 286.241425076143, 'Hn': 176.42860496531998}","{'HeI_3819.62': 680.5823790479817, 'HeI_4009.26': 94.53490978181811, 'HeI_4143.76': 126.2022990254308, 'HeI_4387.93': 237.02383830054106, 'HeI_4471.50': 310.6466841318743, 'HeI_4713.17': 128.1516598579538, 'HeI_4921.93': 254.47222572422527, 'Hf': 342.9426331396253, 'Hn': 211.91842855767553}"
T20000logg2.6,"{'HeI_3819.62': 374.21053613997134, 'HeI_4009.26': 249.30907600282848, 'HeI_4143.76': 262.38190861610593, 'HeI_4387.93': 351.8264801493628, 'HeI_4471.50': 354.52778004829116, 'HeI_4713.17': 153.022558925938, 'HeI_4921.93': 432.7941325898889, 'Hf': 1140.0997109555274, 'Hn': 435.18651608667346}","{'HeI_3819.62': 160.48981875418824, 'HeI_4009.26': 112.0235101790101, 'HeI_4143.76': 109.54932902125758, 'HeI_4387.93': 143.40232143719714, 'HeI_4471.50': 161.79477571917434, 'HeI_4713.17': 53.43255226480604, 'HeI_4921.93': 189.11396835468415, 'Hf': 960.0964400457094, 'Hn': 333.73857349983297}","{'HeI_3819.62': 110.5700866876351, 'HeI_4009.26': 51.58157398890001, 'HeI_4143.76': 50.1400581375231, 'HeI_4387.93': 61.94959670033618, 'HeI_4471.50': 84.94466781135289, 'HeI_4713.17': 25.945787791627385, 'HeI_4921.93': 120.63255868822644, 'Hf': 808.7137098719908, 'Hn': 263.0322257899144}","{'HeI_3819.62': 139.83875822959507, 'HeI_4009.26': 29.90027660575924, 'HeI_4143.76': 40.34018617046508, 'HeI_4387.93': 49.25537548758511, 'HeI_4471.50': 73.97389622737101, 'HeI_4713.17': 31.713327679119114, 'HeI_4921.93': 121.06022737902316, 'Hf': 696.8015020263093, 'Hn': 216.05986198225153}","{'HeI_3819.62': 205.10812076771177, 'HeI_4009.26': 27.60618545739949, 'HeI_4143.76': 52.905764100131044, 'HeI_4387.93': 68.3980990170939, 'HeI_4471.50': 98.12856062017416, 'HeI_4713.17': 49.84225480477452, 'HeI_4921.93': 143.19232410372132, 'Hf': 623.4295485787294, 'Hn': 186.15637089982297}","{'HeI_3819.62': 283.2569385168684, 'HeI_4009.26': 36.39582074249219, 'HeI_4143.76': 72.12486413909735, 'HeI_4387.93': 100.23828563855582, 'HeI_4471.50': 138.74820425719315, 'HeI_4713.17': 70.1797764965567, 'HeI_4921.93': 172.49170883637188, 'Hf': 585.4264803117676, 'Hn': 169.30193024472257}","{'HeI_3819.62': 363.6248948083907, 'HeI_4009.26': 51.20747184665799, 'HeI_4143.76': 92.08876927162395, 'HeI_4387.93': 137.36298885711463, 'HeI_4471.50': 185.8299633946489, 'HeI_4713.17': 89.29124983272017, 'HeI_4921.93': 203.81500974179716, 'Hf': 573.9753441605407, 'Hn': 163.43787947389495}","{'HeI_3819.62': 441.97271205365996, 'HeI_4009.26': 68.81415121400019, 'HeI_4143.76': 110.87499208830165, 'HeI_4387.93': 174.763649871477, 'HeI_4471.50': 233.86366424304097, 'HeI_4713.17': 106.49558511077271, 'HeI_4921.93': 235.8696837788151, 'Hf': 581.7110068751203, 'Hn': 168.02078971370108}","{'HeI_3819.62': 514.835886345707, 'HeI_4009.26': 86.43937929876112, 'HeI_4143.76': 127.87942843579008, 'HeI_4387.93': 208.09900033977087, 'HeI_4471.50': 279.32057930671476, 'HeI_4713.17': 121.87705628671269, 'HeI_4921.93': 268.87015173291985, 'Hf': 602.942073652296, 'Hn': 182.9971313470613}"
T20000logg2.8,"{'HeI_3819.62': 335.96479774384346, 'HeI_4009.26': 187.61604861692237, 'HeI_4143.76': 199.58242175939586, 'HeI_4387.93': 269.13664892370826, 'HeI_4471.50': 400.4834993157679, 'HeI_4713.17': 185.07662172012354, 'HeI_4921.93': 380.76876587752, 'Hf': 2005.8711409342948, 'Hn': 878.7080892849958}","{'HeI_3819.62': 110.49345776255278, 'HeI_4009.26': 82.09519371213686, 'HeI_4143.76': 81.94151448598755, 'HeI_4387.93': 104.80632159159585, 'HeI_4471.50': 192.98680389462683, 'HeI_4713.17': 73.0249236652071, 'HeI_4921.93': 160.92880779015417, 'Hf': 1832.5020355361469, 'Hn': 781.2163871344969}","{'HeI_3819.62': 45.98509674898123, 'HeI_4009.26': 37.41281281613586, 'HeI_4143.76': 40.19880558697263, 'HeI_4387.93': 46.2878846367024, 'HeI_4471.50': 102.7522034923698, 'HeI_4713.17': 38.36623991744046, 'HeI_4921.93': 109.46881581451834, 'Hf': 1680.5909028476085, 'Hn': 715.1514246276323}","{'HeI_3819.62': 64.00374606542174, 'HeI_4009.26': 24.182860588134762, 'HeI_4143.76': 39.66281370544025, 'HeI_4387.93': 45.37235150562604, 'HeI_4471.50': 81.9238623759408, 'HeI_4713.17': 40.15546714180326, 'HeI_4921.93': 118.95272423154803, 'Hf': 1557.9841639210078, 'Hn': 671.5158827680677}","{'HeI_3819.62': 121.81729284427128, 'HeI_4009.26': 27.020026283496026, 'HeI_4143.76': 57.247774734203915, 'HeI_4387.93': 70.46599713281712, 'HeI_4471.50': 99.70421588579899, 'HeI_4713.17': 56.044468961521524, 'HeI_4921.93': 144.74283077340277, 'Hf': 1464.2399094069933, 'Hn': 641.3173796744206}","{'HeI_3819.62': 195.7579858246652, 'HeI_4009.26': 39.3285499173937, 'HeI_4143.76': 79.02884577536776, 'HeI_4387.93': 105.0525745131033, 'HeI_4471.50': 136.14843502035257, 'HeI_4713.17': 75.09991981412165, 'HeI_4921.93': 174.87885998648963, 'Hf': 1399.3723526529743, 'Hn': 618.530385856553}","{'HeI_3819.62': 274.1025023949363, 'HeI_4009.26': 57.093651293902724, 'HeI_4143.76': 100.21238605708447, 'HeI_4387.93': 143.1431902447336, 'HeI_4471.50': 180.04236756058035, 'HeI_4713.17': 93.43085156762994, 'HeI_4921.93': 205.8135104056412, 'Hf': 1357.122942881518, 'Hn': 600.7056517854676}","{'HeI_3819.62': 351.8281991666838, 'HeI_4009.26': 77.40521162876034, 'HeI_4143.76': 119.40718301517308, 'HeI_4387.93': 180.73713969883514, 'HeI_4471.50': 225.53834060890756, 'HeI_4713.17': 110.12289660823559, 'HeI_4921.93': 237.15949791508672, 'Hf': 1331.6384315642736, 'Hn': 588.1191152696816}","{'HeI_3819.62': 424.95918958812507, 'HeI_4009.26': 97.4142080225599, 'HeI_4143.76': 136.2150883477096, 'HeI_4387.93': 214.16174305236706, 'HeI_4471.50': 269.15669897653595, 'HeI_4713.17': 125.17668727299352, 'HeI_4921.93': 269.53161579256846, 'Hf': 1319.3241276638405, 'Hn': 582.7705084568054}"
T20000logg3.0,"{'HeI_3819.62': 334.47034611174865, 'HeI_4009.26': 248.19898698645838, 'HeI_4143.76': 261.38308605450516, 'HeI_4387.93': 313.06901816074014, 'HeI_4471.50': 421.76724309108636, 'HeI_4713.17': 204.94146977271285, 'HeI_4921.93': 395.0098401917141, 'Hf': 3076.8820717101435, 'Hn': 1582.840405833937}","{'HeI_3819.62': 108.70409497315235, 'HeI_4009.26': 125.12681718459413, 'HeI_4143.76': 126.98868333941296, 'HeI_4387.93': 142.90564377556177, 'HeI_4471.50': 217.8714289528414, 'HeI_4713.17': 86.2227413905923, 'HeI_4921.93': 180.87241791810908, 'Hf': 2949.9720599984457, 'Hn': 1511.8826132685683}","{'HeI_3819.62': 33.77037679218723, 'HeI_4009.26': 67.69154636859035, 'HeI_4143.76': 73.65478361930266, 'HeI_4387.93': 75.8227583856253, 'HeI_4471.50': 124.7569140342521, 'HeI_4713.17': 47.39894977829524, 'HeI_4921.93': 124.21092926895439, 'Hf': 2830.925626917715, 'Hn': 1457.650852495857}","{'HeI_3819.62': 41.47174182614902, 'HeI_4009.26': 45.73526281457711, 'HeI_4143.76': 65.83648729641361, 'HeI_4387.93': 67.36173727192615, 'HeI_4471.50': 99.42496564322003, 'HeI_4713.17': 46.70854321119279, 'HeI_4921.93': 128.60998307006577, 'Hf': 2725.441743734251, 'Hn': 1414.390308798117}","{'HeI_3819.62': 91.55498361443685, 'HeI_4009.26': 42.592441798380854, 'HeI_4143.76': 78.98890549966697, 'HeI_4387.93': 86.6612839323758, 'HeI_4471.50': 112.76726718534567, 'HeI_4713.17': 61.1176165741914, 'HeI_4921.93': 151.93374960125556, 'Hf': 2634.245458072134, 'Hn': 1376.9760260309204}","{'HeI_3819.62': 160.49712188082282, 'HeI_4009.26': 50.73559698279388, 'HeI_4143.76': 98.20690990289516, 'HeI_4387.93': 117.12781411184105, 'HeI_4471.50': 145.29971316143246, 'HeI_4713.17': 79.27711353668066, 'HeI_4921.93': 181.4463355910092, 'Hf': 2560.2869703613665, 'Hn': 1343.1832426883784}","{'HeI_3819.62': 235.8219552187344, 'HeI_4009.26': 65.26238625573814, 'HeI_4143.76': 117.85395042153357, 'HeI_4387.93': 152.03119471916264, 'HeI_4471.50': 185.71645201266023, 'HeI_4713.17': 97.02717234549338, 'HeI_4921.93': 212.67460773130315, 'Hf': 2500.580726688919, 'Hn': 1312.199900247969}","{'HeI_3819.62': 311.8698889606667, 'HeI_4009.26': 82.8758302251611, 'HeI_4143.76': 136.06425329288686, 'HeI_4387.93': 187.07601763031843, 'HeI_4471.50': 228.33440578556525, 'HeI_4713.17': 113.31563451234057, 'HeI_4921.93': 244.63392985362086, 'Hf': 2451.5719724648243, 'Hn': 1284.7743198385165}","{'HeI_3819.62': 384.20308422005166, 'HeI_4009.26': 100.74173939368168, 'HeI_4143.76': 152.1308312978387, 'HeI_4387.93': 218.65138267980188, 'HeI_4471.50': 269.8097421459893, 'HeI_4713.17': 128.09012530543518, 'HeI_4921.93': 277.5317409800523, 'Hf': 2412.3317509665835, 'Hn': 1263.4853537931178}"
T20000logg3.2,"{'HeI_3819.62': 367.2606851207707, 'HeI_4009.26': 287.15105777978215, 'HeI_4143.76': 292.5706413223938, 'HeI_4387.93': 328.90582833567936, 'HeI_4471.50': 437.1572170868116, 'HeI_4713.17': 215.26627884196785, 'HeI_4921.93': 371.10600420051634, 'Hf': 4414.003844322461, 'Hn': 2433.4912171432843}","{'HeI_3819.62': 149.2379683953952, 'HeI_4009.26': 161.68365513921822, 'HeI_4143.76': 155.89797711245487, 'HeI_4387.93': 168.84795353606114, 'HeI_4471.50': 242.16496362230873, 'HeI_4713.17': 93.73355357414643, 'HeI_4921.93': 174.47622385283245, 'Hf': 4314.832166537644, 'Hn': 2379.1113335285395}","{'HeI_3819.62': 67.53179781663611, 'HeI_4009.26': 99.3808776621465, 'HeI_4143.76': 98.43614974502805, 'HeI_4387.93': 102.6668564059812, 'HeI_4471.50': 149.7478565617642, 'HeI_4713.17': 52.78692246110377, 'HeI_4921.93': 118.10750964417976, 'Hf': 4217.682777550268, 'Hn': 2331.871440287457}","{'HeI_3819.62': 65.80318898235419, 'HeI_4009.26': 72.77946237930674, 'HeI_4143.76': 86.60344044639905, 'HeI_4387.93': 91.65698757322482, 'HeI_4471.50': 121.72293221395938, 'HeI_4713.17': 50.69060630717796, 'HeI_4921.93': 120.47160787949774, 'Hf': 4126.101450220736, 'Hn': 2289.1564618993084}","{'HeI_3819.62': 107.78960835117276, 'HeI_4009.26': 65.8560172119119, 'HeI_4143.76': 96.43246768014895, 'HeI_4387.93': 107.63394072263264, 'HeI_4471.50': 131.22890600840768, 'HeI_4713.17': 64.20037951966127, 'HeI_4921.93': 143.77489347519887, 'Hf': 4040.369727742348, 'Hn': 2248.2847465166733}","{'HeI_3819.62': 170.92593077546488, 'HeI_4009.26': 71.1694522531691, 'HeI_4143.76': 113.26287613417807, 'HeI_4387.93': 135.01227112652208, 'HeI_4471.50': 160.00414701934767, 'HeI_4713.17': 81.78934804223923, 'HeI_4921.93': 174.70501920507766, 'Hf': 3963.9111688432727, 'Hn': 2209.1633958089947}","{'HeI_3819.62': 242.29946163526265, 'HeI_4009.26': 83.67428069219243, 'HeI_4143.76': 131.20914830372175, 'HeI_4387.93': 166.97889317572913, 'HeI_4471.50': 197.0793089694142, 'HeI_4713.17': 99.15241249018896, 'HeI_4921.93': 207.89812870831094, 'Hf': 3895.0716547579323, 'Hn': 2171.6997100011963}","{'HeI_3819.62': 315.7096242283599, 'HeI_4009.26': 99.89755867043901, 'HeI_4143.76': 148.21056135907364, 'HeI_4387.93': 199.3547248526222, 'HeI_4471.50': 236.84952742779032, 'HeI_4713.17': 115.16013139771741, 'HeI_4921.93': 241.8003929522228, 'Hf': 3831.3171228742526, 'Hn': 2136.6327877768213}","{'HeI_3819.62': 386.3723608969339, 'HeI_4009.26': 116.91948262292868, 'HeI_4143.76': 163.40663033220574, 'HeI_4387.93': 228.88981314403782, 'HeI_4471.50': 276.08099143595626, 'HeI_4713.17': 129.73459348031037, 'HeI_4921.93': 276.2189557175064, 'Hf': 3773.2469265027685, 'Hn': 2106.590453268753}"
T20000logg3.4,"{'HeI_3819.62': 437.9031687558763, 'HeI_4009.26': 331.89696068875895, 'HeI_4143.76': 322.48448362723974, 'HeI_4387.93': 352.1862219168323, 'HeI_4471.50': 456.26991929606044, 'HeI_4713.17': 222.79728830002298, 'HeI_4921.93': 346.9672672123773, 'Hf': 5865.3310789620455, 'Hn': 3402.154887439845}","{'HeI_3819.62': 234.95220893780254, 'HeI_4009.26': 204.96770678007326, 'HeI_4143.76': 185.75775391746296, 'HeI_4387.93': 204.7307102549973, 'HeI_4471.50': 271.9107716291482, 'HeI_4713.17': 99.83301701737524, 'HeI_4921.93': 171.2121741896386, 'Hf': 5788.779900840737, 'Hn': 3359.600689812026}","{'HeI_3819.62': 152.06123094344017, 'HeI_4009.26': 138.2624308141726, 'HeI_4143.76': 124.51294027453659, 'HeI_4387.93': 140.22338205033194, 'HeI_4471.50': 181.64116953412605, 'HeI_4713.17': 57.38781793867476, 'HeI_4921.93': 116.20596626399517, 'Hf': 5709.759751268472, 'Hn': 3317.803047679574}","{'HeI_3819.62': 144.50872809223026, 'HeI_4009.26': 107.11780885850749, 'HeI_4143.76': 108.1897632671032, 'HeI_4387.93': 126.54146322381747, 'HeI_4471.50': 151.70055155217332, 'HeI_4713.17': 54.16274428398662, 'HeI_4921.93': 116.51973920922364, 'Hf': 5629.791602431409, 'Hn': 3275.7977240723217}","{'HeI_3819.62': 180.4472719100223, 'HeI_4009.26': 96.23322063813939, 'HeI_4143.76': 114.12986375282863, 'HeI_4387.93': 138.66946063591377, 'HeI_4471.50': 157.53459954744824, 'HeI_4713.17': 66.90325410180863, 'HeI_4921.93': 139.38760264958788, 'Hf': 5548.634719421782, 'Hn': 3232.3598619260156}","{'HeI_3819.62': 238.6068434858663, 'HeI_4009.26': 98.28289227744, 'HeI_4143.76': 128.29946026180787, 'HeI_4387.93': 162.2958412106382, 'HeI_4471.50': 182.3805404156957, 'HeI_4713.17': 83.98888287315016, 'HeI_4921.93': 171.31510994930466, 'Hf': 5470.022024768449, 'Hn': 3188.7553953305037}","{'HeI_3819.62': 306.04424674079416, 'HeI_4009.26': 108.04882670997685, 'HeI_4143.76': 144.54076077059662, 'HeI_4387.93': 190.67603839928336, 'HeI_4471.50': 215.80689459685337, 'HeI_4713.17': 101.00007393525297, 'HeI_4921.93': 206.13908460632481, 'Hf': 5393.250069209062, 'Hn': 3145.415222684269}","{'HeI_3819.62': 376.2849653129085, 'HeI_4009.26': 121.92620911551093, 'HeI_4143.76': 160.49805441569993, 'HeI_4387.93': 219.75765699218553, 'HeI_4471.50': 252.38467450010356, 'HeI_4713.17': 116.74531009796469, 'HeI_4921.93': 241.73319230130352, 'Hf': 5316.500537162869, 'Hn': 3102.986311401251}","{'HeI_3819.62': 444.4171365158535, 'HeI_4009.26': 137.05006887312518, 'HeI_4143.76': 175.04323338320685, 'HeI_4387.93': 246.61849891987336, 'HeI_4471.50': 289.070853333888, 'HeI_4713.17': 131.12717662953347, 'HeI_4921.93': 277.4792423188421, 'Hf': 5241.641768595712, 'Hn': 3063.9531120753672}"
T20000logg3.6,"{'HeI_3819.62': 521.3107010042919, 'HeI_4009.26': 349.81505682430907, 'HeI_4143.76': 336.1346510782045, 'HeI_4387.93': 357.3241138925416, 'HeI_4471.50': 448.9527950003422, 'HeI_4713.17': 212.93215383530978, 'HeI_4921.93': 316.7516167379473, 'Hf': 7019.500584891712, 'Hn': 4251.3321509673715}","{'HeI_3819.62': 348.477864627072, 'HeI_4009.26': 233.32797806363936, 'HeI_4143.76': 209.6509469976151, 'HeI_4387.93': 231.9006801723514, 'HeI_4471.50': 285.5937014332603, 'HeI_4713.17': 95.85337803211029, 'HeI_4921.93': 165.71625832039422, 'Hf': 6963.242213266655, 'Hn': 4219.553295496245}","{'HeI_3819.62': 275.63857961192105, 'HeI_4009.26': 168.83938887055987, 'HeI_4143.76': 150.28326369977228, 'HeI_4387.93': 175.39602877448277, 'HeI_4471.50': 205.1861939903565, 'HeI_4713.17': 55.74101689354288, 'HeI_4921.93': 117.24125441475684, 'Hf': 6905.24369151112, 'Hn': 4187.551548350422}","{'HeI_3819.62': 269.1401418944879, 'HeI_4009.26': 136.634227516655, 'HeI_4143.76': 132.37725037863865, 'HeI_4387.93': 162.82739209856476, 'HeI_4471.50': 178.39661852259349, 'HeI_4713.17': 53.396554829024794, 'HeI_4921.93': 118.5957409372489, 'Hf': 6845.488738389903, 'Hn': 4154.713751360876}","{'HeI_3819.62': 302.8483011831666, 'HeI_4009.26': 123.44168639704286, 'HeI_4143.76': 135.81600858730766, 'HeI_4387.93': 173.3585661256007, 'HeI_4471.50': 183.85093357352088, 'HeI_4713.17': 66.4941956646315, 'HeI_4921.93': 141.84771702750677, 'Hf': 6782.659995369589, 'Hn': 4119.963192749082}","{'HeI_3819.62': 357.9307872110588, 'HeI_4009.26': 122.48081653175028, 'HeI_4143.76': 147.88209421337515, 'HeI_4387.93': 194.5282218138811, 'HeI_4471.50': 206.7321567850037, 'HeI_4713.17': 83.77034819259818, 'HeI_4921.93': 174.32559410616778, 'Hf': 6718.904219249288, 'Hn': 4084.2370975731556}","{'HeI_3819.62': 422.40404722133997, 'HeI_4009.26': 128.6368130767152, 'HeI_4143.76': 162.57773499709236, 'HeI_4387.93': 220.0648629564446, 'HeI_4471.50': 237.64274130877277, 'HeI_4713.17': 100.91151098975578, 'HeI_4921.93': 209.87150029865558, 'Hf': 6653.315291363386, 'Hn': 4047.718873829049}","{'HeI_3819.62': 490.0528801264381, 'HeI_4009.26': 138.54374723722557, 'HeI_4143.76': 177.42485986335603, 'HeI_4387.93': 246.2916443038451, 'HeI_4471.50': 271.7026337787847, 'HeI_4713.17': 116.75239052069244, 'HeI_4921.93': 246.20859569261862, 'Hf': 6584.206211621472, 'Hn': 4010.7132199753255}","{'HeI_3819.62': 555.910357620917, 'HeI_4009.26': 149.77591520871272, 'HeI_4143.76': 191.1096000083016, 'HeI_4387.93': 270.75288026160047, 'HeI_4471.50': 306.2079110774048, 'HeI_4713.17': 131.19337043470978, 'HeI_4921.93': 282.5004617165881, 'Hf': 6513.437118625395, 'Hn': 3975.16489283057}"
T20000logg3.8,"{'HeI_3819.62': 672.2338701051899, 'HeI_4009.26': 556.719556029568, 'HeI_4143.76': 497.39386706954616, 'HeI_4387.93': 563.7872352275749, 'HeI_4471.50': 454.3466422889531, 'HeI_4713.17': 225.27985440496215, 'HeI_4921.93': 448.0474964763454, 'Hf': 7680.529538208193, 'Hn': 4898.026861555235}","{'HeI_3819.62': 528.0619382331915, 'HeI_4009.26': 417.4590433429362, 'HeI_4143.76': 351.50303412882516, 'HeI_4387.93': 434.4166677880277, 'HeI_4471.50': 308.74691725803075, 'HeI_4713.17': 105.39663622928394, 'HeI_4921.93': 292.7971315679815, 'Hf': 7638.530387806055, 'Hn': 4876.542738497731}","{'HeI_3819.62': 467.13588064154123, 'HeI_4009.26': 331.48050090391115, 'HeI_4143.76': 272.9009733044074, 'HeI_4387.93': 364.37818312550513, 'HeI_4471.50': 236.72507387679693, 'HeI_4713.17': 62.707924441397296, 'HeI_4921.93': 228.83971355074783, 'Hf': 7599.39943545438, 'Hn': 4857.33733581739}","{'HeI_3819.62': 463.97548119630426, 'HeI_4009.26': 281.2683003570727, 'HeI_4143.76': 238.69771560278951, 'HeI_4387.93': 335.82441540871133, 'HeI_4471.50': 212.80381804973345, 'HeI_4713.17': 58.508267029041654, 'HeI_4921.93': 215.134652211267, 'Hf': 7560.967130283268, 'Hn': 4838.5242562047615}","{'HeI_3819.62': 497.1181871976743, 'HeI_4009.26': 253.22937690083407, 'HeI_4143.76': 229.05237894468343, 'HeI_4387.93': 331.22454963728336, 'HeI_4471.50': 218.0040372906663, 'HeI_4713.17': 70.38100184217448, 'HeI_4921.93': 226.6240820797946, 'Hf': 7520.2845518528675, 'Hn': 4818.096103745108}","{'HeI_3819.62': 550.0396148711715, 'HeI_4009.26': 240.30707599872102, 'HeI_4143.76': 231.27461688412095, 'HeI_4387.93': 339.6786793060149, 'HeI_4471.50': 239.15364557946842, 'HeI_4713.17': 86.91161545680747, 'HeI_4921.93': 250.5655131167086, 'Hf': 7476.979284838507, 'Hn': 4795.718386417117}","{'HeI_3819.62': 611.8580572460843, 'HeI_4009.26': 236.51377345471937, 'HeI_4143.76': 238.44311803197675, 'HeI_4387.93': 354.6285703866748, 'HeI_4471.50': 267.81943924070595, 'HeI_4713.17': 103.58783957481604, 'HeI_4921.93': 279.84227386293827, 'Hf': 7429.410997865796, 'Hn': 4771.230078584158}","{'HeI_3819.62': 676.7431486251909, 'HeI_4009.26': 237.85842248581304, 'HeI_4143.76': 247.298329055445, 'HeI_4387.93': 371.89378242474857, 'HeI_4471.50': 299.58892530447264, 'HeI_4713.17': 119.12704555105005, 'HeI_4921.93': 311.3527485839852, 'Hf': 7375.910620800197, 'Hn': 4744.771898826271}","{'HeI_3819.62': 739.8833184069316, 'HeI_4009.26': 241.94008405197025, 'HeI_4143.76': 256.05511579245086, 'HeI_4387.93': 388.905685905712, 'HeI_4471.50': 332.01470049912285, 'HeI_4713.17': 133.38694479896822, 'HeI_4921.93': 343.79462519550634, 'Hf': 7318.0127816025815, 'Hn': 4717.8328159367475}"
T21000logg2.4,"{'HeI_3819.62': 589.5745793467081, 'HeI_4009.26': 108.20687620217703, 'HeI_4143.76': 110.88382039724351, 'HeI_4387.93': 221.3395939627861, 'HeI_4471.50': 286.3793544308872, 'HeI_4713.17': 74.06074559172916, 'HeI_4921.93': 255.11307159867138, 'Hf': 831.9119008824605, 'Hn': 1335.2483687681438}","{'HeI_3819.62': 461.36243376747206, 'HeI_4009.26': 60.94372152367236, 'HeI_4143.76': 46.307510703552886, 'HeI_4387.93': 104.32069829720035, 'HeI_4471.50': 163.76976431211583, 'HeI_4713.17': 33.66308867017315, 'HeI_4921.93': 69.35624468334997, 'Hf': 543.1064807676166, 'Hn': 1114.4404035346317}","{'HeI_3819.62': 456.83324681426467, 'HeI_4009.26': 50.27946490126952, 'HeI_4143.76': 34.60138440020099, 'HeI_4387.93': 79.0589700283367, 'HeI_4471.50': 130.87744735541932, 'HeI_4713.17': 34.98544704181871, 'HeI_4921.93': 22.542331394631578, 'Hf': 351.89225088349116, 'Hn': 955.0236420056219}","{'HeI_3819.62': 509.240698278486, 'HeI_4009.26': 56.126272874240016, 'HeI_4143.76': 48.325364967187916, 'HeI_4387.93': 98.35648654068909, 'HeI_4471.50': 145.61681056666924, 'HeI_4713.17': 54.095511289752686, 'HeI_4921.93': 37.25491860762732, 'Hf': 251.78138191500776, 'Hn': 843.5092131551286}","{'HeI_3819.62': 585.5836137676756, 'HeI_4009.26': 68.95461897881407, 'HeI_4143.76': 71.80626076388253, 'HeI_4387.93': 135.60147153522018, 'HeI_4471.50': 183.67758694985102, 'HeI_4713.17': 78.2278408301132, 'HeI_4921.93': 76.10529517631176, 'Hf': 222.51176596020767, 'Hn': 774.5134044058748}","{'HeI_3819.62': 667.1547549195888, 'HeI_4009.26': 84.29244259878769, 'HeI_4143.76': 96.49374650100762, 'HeI_4387.93': 176.88478029459668, 'HeI_4471.50': 231.33565633063648, 'HeI_4713.17': 101.12427909983481, 'HeI_4921.93': 121.87839804305882, 'Hf': 242.2100760106679, 'Hn': 747.4603211444338}","{'HeI_3819.62': 746.3403138793963, 'HeI_4009.26': 100.06246974161475, 'HeI_4143.76': 119.68657448574757, 'HeI_4387.93': 217.4252639520786, 'HeI_4471.50': 281.55574205571975, 'HeI_4713.17': 121.24918720382132, 'HeI_4921.93': 167.35044244348234, 'Hf': 290.974821264852, 'Hn': 754.141746968276}","{'HeI_3819.62': 820.7629403191769, 'HeI_4009.26': 115.36433769228894, 'HeI_4143.76': 140.85842570486548, 'HeI_4387.93': 254.6555634003877, 'HeI_4471.50': 330.09714473235056, 'HeI_4713.17': 138.7485936421404, 'HeI_4921.93': 210.54795644778852, 'Hf': 355.8186992361246, 'Hn': 786.8854477384115}","{'HeI_3819.62': 888.2803060610515, 'HeI_4009.26': 129.0390646586014, 'HeI_4143.76': 159.94979553106336, 'HeI_4387.93': 286.67052346993705, 'HeI_4471.50': 374.43715493009927, 'HeI_4713.17': 153.97823372414823, 'HeI_4921.93': 251.50533989197314, 'Hf': 426.5394978767932, 'Hn': 839.0508413058293}"
T21000logg2.6,"{'HeI_3819.62': 384.8076311850394, 'HeI_4009.26': 159.69405120073174, 'HeI_4143.76': 163.56744142489916, 'HeI_4387.93': 229.50268149685098, 'HeI_4471.50': 303.4913592399691, 'HeI_4713.17': 119.61584624849411, 'HeI_4921.93': 271.5773353111685, 'Hf': 873.1443111863886, 'Hn': 354.3610573404281}","{'HeI_3819.62': 197.82910250498486, 'HeI_4009.26': 62.37373439863693, 'HeI_4143.76': 53.64199592779504, 'HeI_4387.93': 80.66526043444408, 'HeI_4471.50': 134.604918493026, 'HeI_4713.17': 37.22419739695447, 'HeI_4921.93': 95.70557734664503, 'Hf': 696.6397718176377, 'Hn': 253.87308376616906}","{'HeI_3819.62': 162.70186260879643, 'HeI_4009.26': 24.268224657943087, 'HeI_4143.76': 17.35347083240472, 'HeI_4387.93': 32.688354843285275, 'HeI_4471.50': 72.58544656504066, 'HeI_4713.17': 18.423132658881432, 'HeI_4921.93': 61.96616516370812, 'Hf': 555.5183396314393, 'Hn': 181.39590043378132}","{'HeI_3819.62': 199.98859671099956, 'HeI_4009.26': 15.44569857239807, 'HeI_4143.76': 19.632293517523944, 'HeI_4387.93': 38.430069183094744, 'HeI_4471.50': 70.54780299242405, 'HeI_4713.17': 28.547632300871015, 'HeI_4921.93': 80.83379279039093, 'Hf': 458.8061142126956, 'Hn': 133.52704686845678}","{'HeI_3819.62': 269.4469084126911, 'HeI_4009.26': 20.698710510635784, 'HeI_4143.76': 38.50313300738575, 'HeI_4387.93': 68.0715354113431, 'HeI_4471.50': 100.12382780750082, 'HeI_4713.17': 48.92448821395006, 'HeI_4921.93': 113.61669900225286, 'Hf': 403.53449941952306, 'Hn': 105.67788849233698}","{'HeI_3819.62': 349.4041074887714, 'HeI_4009.26': 33.18237421816464, 'HeI_4143.76': 61.20526745813086, 'HeI_4387.93': 105.62746536547598, 'HeI_4471.50': 144.0160775910773, 'HeI_4713.17': 70.46580103537707, 'HeI_4921.93': 149.11222728778887, 'Hf': 383.8301480646014, 'Hn': 94.60897028263403}","{'HeI_3819.62': 430.14865932609456, 'HeI_4009.26': 49.2246619552124, 'HeI_4143.76': 83.32407591265907, 'HeI_4387.93': 145.09257378783732, 'HeI_4471.50': 193.12081344151989, 'HeI_4713.17': 90.26668563530448, 'HeI_4921.93': 184.21279524318194, 'Hf': 389.9432290563565, 'Hn': 97.81035257540697}","{'HeI_3819.62': 507.98642114079064, 'HeI_4009.26': 66.6534794658303, 'HeI_4143.76': 103.64692626660228, 'HeI_4387.93': 182.89812460578642, 'HeI_4471.50': 242.2387396048196, 'HeI_4713.17': 107.89411130370321, 'HeI_4921.93': 218.69945282256953, 'Hf': 414.12354751341724, 'Hn': 113.9565766473945}","{'HeI_3819.62': 579.9372030399952, 'HeI_4009.26': 83.3922650907111, 'HeI_4143.76': 121.86992323162472, 'HeI_4387.93': 216.12840295392712, 'HeI_4471.50': 287.94156420434643, 'HeI_4713.17': 123.53480332703528, 'HeI_4921.93': 253.2402911284938, 'Hf': 450.0807743468213, 'Hn': 141.79682789302922}"
T21000logg2.8,"{'HeI_3819.62': 313.0263764782097, 'HeI_4009.26': 173.41177433340147, 'HeI_4143.76': 175.31305486078725, 'HeI_4387.93': 233.8034101587102, 'HeI_4471.50': 325.0169632056883, 'HeI_4713.17': 147.65402010445925, 'HeI_4921.93': 332.9862789137311, 'Hf': 1426.0482564630624, 'Hn': 535.2430441715182}","{'HeI_3819.62': 116.35832290037176, 'HeI_4009.26': 72.55726476053766, 'HeI_4143.76': 65.65394257740479, 'HeI_4387.93': 86.402043668933, 'HeI_4471.50': 146.34180420259273, 'HeI_4713.17': 51.61231355512825, 'HeI_4921.93': 138.23706164828738, 'Hf': 1285.1168390551663, 'Hn': 458.5362505309334}","{'HeI_3819.62': 70.68087726079818, 'HeI_4009.26': 30.25978742745629, 'HeI_4143.76': 28.154511638843847, 'HeI_4387.93': 36.20158138238558, 'HeI_4471.50': 74.9392960513035, 'HeI_4713.17': 25.527258313068373, 'HeI_4921.93': 99.12586201783685, 'Hf': 1165.0012566391003, 'Hn': 407.98887220917237}","{'HeI_3819.62': 99.65753446250899, 'HeI_4009.26': 18.218726922104988, 'HeI_4143.76': 29.56475831367788, 'HeI_4387.93': 39.334372079477845, 'HeI_4471.50': 65.77679390575102, 'HeI_4713.17': 31.877903492265126, 'HeI_4921.93': 114.28023231596002, 'Hf': 1072.5062248380564, 'Hn': 376.4052696867255}","{'HeI_3819.62': 163.2548698524732, 'HeI_4009.26': 21.36711631088114, 'HeI_4143.76': 47.91802695704189, 'HeI_4387.93': 66.67447917356051, 'HeI_4471.50': 90.45717818103134, 'HeI_4713.17': 50.28240831085598, 'HeI_4921.93': 141.93305753327377, 'Hf': 1007.2141026293177, 'Hn': 357.02950496885086}","{'HeI_3819.62': 239.75148352183484, 'HeI_4009.26': 32.79190179549129, 'HeI_4143.76': 70.13084513251437, 'HeI_4387.93': 102.58363365340118, 'HeI_4471.50': 131.01372833791353, 'HeI_4713.17': 70.7742970668684, 'HeI_4921.93': 172.02560461659328, 'Hf': 968.2325953231036, 'Hn': 345.2852242021916}","{'HeI_3819.62': 318.9034052015759, 'HeI_4009.26': 48.4697069743929, 'HeI_4143.76': 91.6932686611712, 'HeI_4387.93': 141.21213764449283, 'HeI_4471.50': 177.7264058607746, 'HeI_4713.17': 89.98674257877163, 'HeI_4921.93': 202.2462970740914, 'Hf': 949.989240470739, 'Hn': 339.5797114431277}","{'HeI_3819.62': 396.49072546697806, 'HeI_4009.26': 65.91371504206242, 'HeI_4143.76': 111.2938906288531, 'HeI_4387.93': 178.83961835444882, 'HeI_4471.50': 225.31147991842224, 'HeI_4713.17': 107.26235757987372, 'HeI_4921.93': 232.77877371448957, 'Hf': 947.2176290085525, 'Hn': 340.2101601362366}","{'HeI_3819.62': 469.05516337956703, 'HeI_4009.26': 82.87414484628076, 'HeI_4143.76': 128.57245315604254, 'HeI_4387.93': 212.19990689532275, 'HeI_4471.50': 270.35463422690975, 'HeI_4713.17': 122.70131508999344, 'HeI_4921.93': 264.4475061157483, 'Hf': 955.9659916992954, 'Hn': 348.29873818261524}"
T21000logg3.0,"{'HeI_3819.62': 294.3539945425686, 'HeI_4009.26': 242.12433708610098, 'HeI_4143.76': 248.6533395301079, 'HeI_4387.93': 301.56371074235443, 'HeI_4471.50': 351.939624113814, 'HeI_4713.17': 173.69614102946, 'HeI_4921.93': 407.93351132267213, 'Hf': 2408.278181069553, 'Hn': 1131.1309958777963}","{'HeI_3819.62': 89.02773671564088, 'HeI_4009.26': 120.44306926855232, 'HeI_4143.76': 117.57015490667307, 'HeI_4387.93': 137.23591301073026, 'HeI_4471.50': 167.90306325374053, 'HeI_4713.17': 66.9858599122246, 'HeI_4921.93': 198.39192377131573, 'Hf': 2286.3380433420884, 'Hn': 1065.375138586969}","{'HeI_3819.62': 30.476406047744113, 'HeI_4009.26': 63.54550003979583, 'HeI_4143.76': 66.10115581191276, 'HeI_4387.93': 72.08669388106239, 'HeI_4471.50': 88.78208465980919, 'HeI_4713.17': 34.804069622039826, 'HeI_4921.93': 147.45996306616325, 'Hf': 2177.169903353856, 'Hn': 1019.1042357768312}","{'HeI_3819.62': 48.980769664403304, 'HeI_4009.26': 41.812783232210485, 'HeI_4143.76': 59.31065969188213, 'HeI_4387.93': 64.1143560781364, 'HeI_4471.50': 72.84379753934309, 'HeI_4713.17': 37.79127118910682, 'HeI_4921.93': 154.27927451060165, 'Hf': 2085.6400657759523, 'Hn': 985.7943972491728}","{'HeI_3819.62': 105.42474656680932, 'HeI_4009.26': 38.65492126666997, 'HeI_4143.76': 72.85778185856363, 'HeI_4387.93': 83.59201968044725, 'HeI_4471.50': 92.42240359390027, 'HeI_4713.17': 54.30232836906226, 'HeI_4921.93': 176.05438608186796, 'Hf': 2011.766280940482, 'Hn': 959.602016176496}","{'HeI_3819.62': 177.7548942347627, 'HeI_4009.26': 46.454154850851126, 'HeI_4143.76': 92.05471192975406, 'HeI_4387.93': 114.33685491041504, 'HeI_4471.50': 129.25834728893608, 'HeI_4713.17': 73.71280656992826, 'HeI_4921.93': 202.10015008733464, 'Hf': 1956.6299731808444, 'Hn': 937.302555433887}","{'HeI_3819.62': 254.74535445399056, 'HeI_4009.26': 60.42457761553484, 'HeI_4143.76': 111.48690793151641, 'HeI_4387.93': 149.6625595020254, 'HeI_4471.50': 173.0584894270589, 'HeI_4713.17': 92.2610565102428, 'HeI_4921.93': 229.47400436211265, 'Hf': 1916.6875903630562, 'Hn': 918.0800740466539}","{'HeI_3819.62': 331.43679054674936, 'HeI_4009.26': 77.4101948331393, 'HeI_4143.76': 129.39807565828943, 'HeI_4387.93': 185.20584843714292, 'HeI_4471.50': 218.38617737319927, 'HeI_4713.17': 109.09148365024387, 'HeI_4921.93': 257.90351311228983, 'Hf': 1888.1035935145221, 'Hn': 902.75008065951}","{'HeI_3819.62': 403.986966133799, 'HeI_4009.26': 94.70640815453596, 'HeI_4143.76': 145.22046477270115, 'HeI_4387.93': 217.3282980864173, 'HeI_4471.50': 261.83814445269553, 'HeI_4713.17': 124.24066840226374, 'HeI_4921.93': 288.0364100339712, 'Hf': 1868.818598966613, 'Hn': 893.4337796042558}"
T21000logg3.2,"{'HeI_3819.62': 291.12679597351837, 'HeI_4009.26': 233.40213596705573, 'HeI_4143.76': 247.7461007678516, 'HeI_4387.93': 290.38908080049976, 'HeI_4471.50': 362.16219382690315, 'HeI_4713.17': 183.33656359372353, 'HeI_4921.93': 386.73256425448653, 'Hf': 3312.215140919371, 'Hn': 1777.145528690872}","{'HeI_3819.62': 94.2015000641981, 'HeI_4009.26': 121.0727758381985, 'HeI_4143.76': 123.63014919579014, 'HeI_4387.93': 139.4532677526599, 'HeI_4471.50': 184.76556068562493, 'HeI_4713.17': 74.16272610197134, 'HeI_4921.93': 189.2073493660464, 'Hf': 3213.1558326391623, 'Hn': 1721.608905080274}","{'HeI_3819.62': 32.115213822744295, 'HeI_4009.26': 67.72259608312088, 'HeI_4143.76': 74.36960508755747, 'HeI_4387.93': 79.71040561737793, 'HeI_4471.50': 105.96660773723615, 'HeI_4713.17': 40.17151574062725, 'HeI_4921.93': 141.6850512035306, 'Hf': 3121.1026720570167, 'Hn': 1681.59087020348}","{'HeI_3819.62': 44.53676861523968, 'HeI_4009.26': 47.169762176342665, 'HeI_4143.76': 68.00816775222236, 'HeI_4387.93': 73.30810521123979, 'HeI_4471.50': 88.06528487334946, 'HeI_4713.17': 41.96977780406723, 'HeI_4921.93': 149.50905965421452, 'Hf': 3039.752788773442, 'Hn': 1651.1782901834683}","{'HeI_3819.62': 95.56909678274677, 'HeI_4009.26': 44.25181782710162, 'HeI_4143.76': 81.33338984576834, 'HeI_4387.93': 92.76271948829665, 'HeI_4471.50': 105.13327127766549, 'HeI_4713.17': 57.74248037685577, 'HeI_4921.93': 172.3038748564052, 'Hf': 2969.1701880890096, 'Hn': 1625.0268816633206}","{'HeI_3819.62': 163.93406896727228, 'HeI_4009.26': 51.72870351074, 'HeI_4143.76': 100.06706357980393, 'HeI_4387.93': 122.83961245321437, 'HeI_4471.50': 139.26819563387403, 'HeI_4713.17': 76.70354932604765, 'HeI_4921.93': 199.49391356028954, 'Hf': 2911.187201244859, 'Hn': 1600.402975100959}","{'HeI_3819.62': 238.2361742685122, 'HeI_4009.26': 64.90987963647109, 'HeI_4143.76': 118.95357513096495, 'HeI_4387.93': 157.0978542419686, 'HeI_4471.50': 180.21307112780158, 'HeI_4713.17': 94.97288915889095, 'HeI_4921.93': 227.98284162031757, 'Hf': 2863.407654465143, 'Hn': 1576.5128717446999}","{'HeI_3819.62': 313.2344002745742, 'HeI_4009.26': 80.81058846119421, 'HeI_4143.76': 136.31452979635452, 'HeI_4387.93': 191.47429962107338, 'HeI_4471.50': 222.89918679349333, 'HeI_4713.17': 111.62731927382515, 'HeI_4921.93': 257.41613621546594, 'Hf': 2822.918298632889, 'Hn': 1554.2220806152511}","{'HeI_3819.62': 384.75265139835017, 'HeI_4009.26': 96.92893098881365, 'HeI_4143.76': 151.58874887000496, 'HeI_4387.93': 222.65546018787322, 'HeI_4471.50': 264.415311940566, 'HeI_4713.17': 126.66098295507987, 'HeI_4921.93': 288.3056021124127, 'Hf': 2788.9398247265326, 'Hn': 1536.136954974072}"
T21000logg3.4,"{'HeI_3819.62': 340.1372435485121, 'HeI_4009.26': 273.60109651142136, 'HeI_4143.76': 280.8122334375148, 'HeI_4387.93': 315.04826285720355, 'HeI_4471.50': 388.55648866024995, 'HeI_4713.17': 196.51335455791528, 'HeI_4921.93': 366.05817319348586, 'Hf': 4603.90464547416, 'Hn': 2591.013388384126}","{'HeI_3819.62': 148.92660908112092, 'HeI_4009.26': 158.4893701244315, 'HeI_4143.76': 154.8662204952247, 'HeI_4387.93': 171.9986154085953, 'HeI_4471.50': 216.710324145796, 'HeI_4713.17': 83.27453854809197, 'HeI_4921.93': 185.18357509402858, 'Hf': 4522.711553163926, 'Hn': 2547.7721311839928}","{'HeI_3819.62': 80.35449250706559, 'HeI_4009.26': 100.32616428523318, 'HeI_4143.76': 101.66250501542112, 'HeI_4387.93': 111.95239243381886, 'HeI_4471.50': 136.84352017905496, 'HeI_4713.17': 46.51135070901803, 'HeI_4921.93': 137.0392973409221, 'Hf': 4443.906699131826, 'Hn': 2511.8589147702305}","{'HeI_3819.62': 84.26967096323493, 'HeI_4009.26': 75.27752471287378, 'HeI_4143.76': 91.37225774780244, 'HeI_4387.93': 102.16744461011962, 'HeI_4471.50': 115.32248147649261, 'HeI_4713.17': 46.56936722253187, 'HeI_4921.93': 142.34404640548263, 'Hf': 4369.503908798583, 'Hn': 2480.199360315098}","{'HeI_3819.62': 128.1124524712767, 'HeI_4009.26': 68.72622747439644, 'HeI_4143.76': 101.54943317848529, 'HeI_4387.93': 117.61669366967959, 'HeI_4471.50': 128.046697456917, 'HeI_4713.17': 61.26553535659919, 'HeI_4921.93': 165.04899767411018, 'Hf': 4299.159365957674, 'Hn': 2449.7336633151344}","{'HeI_3819.62': 191.30949290348542, 'HeI_4009.26': 73.51077630567335, 'HeI_4143.76': 118.20880770375237, 'HeI_4387.93': 144.0430880239816, 'HeI_4471.50': 158.20804731684473, 'HeI_4713.17': 79.56616348566081, 'HeI_4921.93': 193.82293468742586, 'Hf': 4235.2294235783, 'Hn': 2419.60316539376}","{'HeI_3819.62': 262.0365559835088, 'HeI_4009.26': 84.72552616193094, 'HeI_4143.76': 135.7698310874179, 'HeI_4387.93': 174.9637589952691, 'HeI_4471.50': 195.7716742261917, 'HeI_4713.17': 97.40500571729653, 'HeI_4921.93': 224.52062238677416, 'Hf': 4176.287190532792, 'Hn': 2389.6579481712306}","{'HeI_3819.62': 334.56996851618015, 'HeI_4009.26': 99.18597929723474, 'HeI_4143.76': 152.28021977661575, 'HeI_4387.93': 206.38232945023617, 'HeI_4471.50': 235.61064255042055, 'HeI_4713.17': 113.75696428960413, 'HeI_4921.93': 256.12833227906873, 'Hf': 4120.158501706032, 'Hn': 2360.6950887102666}","{'HeI_3819.62': 404.42475960275374, 'HeI_4009.26': 114.29420241057613, 'HeI_4143.76': 166.94021010618516, 'HeI_4387.93': 235.24031372083948, 'HeI_4471.50': 274.8621351637317, 'HeI_4713.17': 128.57926173547636, 'HeI_4921.93': 288.7271942403984, 'Hf': 4067.3517628222107, 'Hn': 2335.1602607558298}"
T21000logg3.6,"{'HeI_3819.62': 416.23967334050764, 'HeI_4009.26': 308.1413484510885, 'HeI_4143.76': 309.5099912556728, 'HeI_4387.93': 342.37611006822084, 'HeI_4471.50': 403.1764851918176, 'HeI_4713.17': 203.72645155317, 'HeI_4921.93': 349.7431896348629, 'Hf': 5807.713423367075, 'Hn': 3406.2900300076276}","{'HeI_3819.62': 241.6559921079636, 'HeI_4009.26': 196.6417192547093, 'HeI_4143.76': 186.16415268756754, 'HeI_4387.93': 212.5108818859566, 'HeI_4471.50': 243.22024726648107, 'HeI_4713.17': 89.08540032412402, 'HeI_4921.93': 186.53030000751892, 'Hf': 5744.182126972784, 'Hn': 3372.863219131623}","{'HeI_3819.62': 174.44000492416438, 'HeI_4009.26': 137.1097807377973, 'HeI_4143.76': 130.8475269570877, 'HeI_4387.93': 155.3270581678386, 'HeI_4471.50': 167.05917217341505, 'HeI_4713.17': 50.90884275159533, 'HeI_4921.93': 138.89772586021292, 'Hf': 5681.348398236102, 'Hn': 3342.749468673764}","{'HeI_3819.62': 174.60272597569977, 'HeI_4009.26': 109.20375418898158, 'HeI_4143.76': 117.01805391146874, 'HeI_4387.93': 143.799632916511, 'HeI_4471.50': 144.9194548044927, 'HeI_4713.17': 49.89480330387202, 'HeI_4921.93': 141.76224164200283, 'Hf': 5620.0571538116565, 'Hn': 3314.268367356179}","{'HeI_3819.62': 213.87179450575488, 'HeI_4009.26': 99.60919757123685, 'HeI_4143.76': 123.79839798441252, 'HeI_4387.93': 156.00508777700048, 'HeI_4471.50': 155.04677955171513, 'HeI_4713.17': 63.85193590024525, 'HeI_4921.93': 163.62118141518624, 'Hf': 5559.391523505502, 'Hn': 3285.4159595122114}","{'HeI_3819.62': 273.1105757660746, 'HeI_4009.26': 101.55379229961538, 'HeI_4143.76': 138.0306963151791, 'HeI_4387.93': 179.037938451805, 'HeI_4471.50': 182.05924085012649, 'HeI_4713.17': 81.6724086077801, 'HeI_4921.93': 192.92460303609928, 'Hf': 5501.101949454784, 'Hn': 3256.0614286581554}","{'HeI_3819.62': 340.67511740270135, 'HeI_4009.26': 110.16255549630047, 'HeI_4143.76': 153.9901225671904, 'HeI_4387.93': 206.59918306580224, 'HeI_4471.50': 216.50049933472167, 'HeI_4713.17': 99.18856583794684, 'HeI_4921.93': 224.81976893057814, 'Hf': 5443.962325205997, 'Hn': 3226.1352768598776}","{'HeI_3819.62': 410.70397634444623, 'HeI_4009.26': 122.27681940131015, 'HeI_4143.76': 169.4696468163914, 'HeI_4387.93': 234.85320402702175, 'HeI_4471.50': 253.49384936710004, 'HeI_4713.17': 115.3135307886952, 'HeI_4921.93': 257.79906840537365, 'Hf': 5386.051045318996, 'Hn': 3196.1215270709818}","{'HeI_3819.62': 478.5589493503754, 'HeI_4009.26': 135.38683399956594, 'HeI_4143.76': 183.41400649051985, 'HeI_4387.93': 261.08035618392773, 'HeI_4471.50': 290.3628346089434, 'HeI_4713.17': 129.97580883222503, 'HeI_4921.93': 291.54773774583504, 'Hf': 5328.285537377092, 'Hn': 3168.058300603465}"
T21000logg3.8,"{'HeI_3819.62': 546.0155685005038, 'HeI_4009.26': 344.7385953578478, 'HeI_4143.76': 341.28555029730654, 'HeI_4387.93': 372.5457923496359, 'HeI_4471.50': 415.5771730597167, 'HeI_4713.17': 203.33782550427946, 'HeI_4921.93': 346.9952995667974, 'Hf': 7039.9015800590505, 'Hn': 4310.194322667441}","{'HeI_3819.62': 398.6323502596901, 'HeI_4009.26': 240.8358719699749, 'HeI_4143.76': 223.9818870796236, 'HeI_4387.93': 258.6174843666022, 'HeI_4471.50': 272.4033552503454, 'HeI_4713.17': 91.18419017292068, 'HeI_4921.93': 201.95474207874446, 'Hf': 6992.24542115556, 'Hn': 4286.3329524869105}","{'HeI_3819.62': 340.0196150764536, 'HeI_4009.26': 182.26226031564778, 'HeI_4143.76': 168.2048572740757, 'HeI_4387.93': 205.85794011555257, 'HeI_4471.50': 203.36859166181756, 'HeI_4713.17': 53.32967083651152, 'HeI_4921.93': 156.62677650322334, 'Hf': 6945.882779994564, 'Hn': 4265.0330833125445}","{'HeI_3819.62': 340.67466393366675, 'HeI_4009.26': 152.71625282946715, 'HeI_4143.76': 151.45148822513784, 'HeI_4387.93': 193.05855555789063, 'HeI_4471.50': 182.73319648705828, 'HeI_4713.17': 52.03134406068696, 'HeI_4921.93': 157.98981397304283, 'Hf': 6899.632103545687, 'Hn': 4244.521397426408}","{'HeI_3819.62': 377.5496817724019, 'HeI_4009.26': 140.68982204695183, 'HeI_4143.76': 154.95918311563076, 'HeI_4387.93': 201.80211348493512, 'HeI_4471.50': 191.36790154441331, 'HeI_4713.17': 65.6339891454956, 'HeI_4921.93': 178.7991656424913, 'Hf': 6851.515343749319, 'Hn': 4222.758209986564}","{'HeI_3819.62': 433.6574064074839, 'HeI_4009.26': 140.15761046003462, 'HeI_4143.76': 166.65551677898284, 'HeI_4387.93': 220.90228196763695, 'HeI_4471.50': 215.64034086824736, 'HeI_4713.17': 83.18176783034109, 'HeI_4921.93': 207.86430283084698, 'Hf': 6802.0540099834, 'Hn': 4199.280395199984}","{'HeI_3819.62': 498.1195903204388, 'HeI_4009.26': 146.5023122372003, 'HeI_4143.76': 180.80541093786965, 'HeI_4387.93': 244.52086779471085, 'HeI_4471.50': 246.99323315720105, 'HeI_4713.17': 100.50619810023932, 'HeI_4921.93': 239.94793322555188, 'Hf': 6749.958231098565, 'Hn': 4173.939428464116}","{'HeI_3819.62': 565.2381951559042, 'HeI_4009.26': 156.62671811986021, 'HeI_4143.76': 194.9735725381961, 'HeI_4387.93': 269.078060390853, 'HeI_4471.50': 280.98706780297465, 'HeI_4713.17': 116.49866359394439, 'HeI_4921.93': 273.178451775281, 'Hf': 6693.514765881739, 'Hn': 4147.045491958371}","{'HeI_3819.62': 630.4108724708055, 'HeI_4009.26': 168.06485581389342, 'HeI_4143.76': 207.85723631566495, 'HeI_4387.93': 292.1635429829598, 'HeI_4471.50': 315.19817854087836, 'HeI_4713.17': 131.07432490448335, 'HeI_4921.93': 306.9878876180626, 'Hf': 6633.908925526773, 'Hn': 4120.3786075845865}"
T21000logg4.0,"{'HeI_3819.62': 745.6999073971737, 'HeI_4009.26': 539.0221226816963, 'HeI_4143.76': 511.5732451881919, 'HeI_4387.93': 604.9099439677378, 'HeI_4471.50': 441.3366012591966, 'HeI_4713.17': 210.0322099371628, 'HeI_4921.93': 476.06140868169297, 'Hf': 8105.413146616655, 'Hn': 5173.847434855819}","{'HeI_3819.62': 625.5554621058719, 'HeI_4009.26': 416.45078830787145, 'HeI_4143.76': 375.2561245523083, 'HeI_4387.93': 486.5112221752637, 'HeI_4471.50': 315.42802007288753, 'HeI_4713.17': 97.94130589079525, 'HeI_4921.93': 333.3000329853708, 'Hf': 8073.415400054419, 'Hn': 5158.409477907241}","{'HeI_3819.62': 577.3859664713016, 'HeI_4009.26': 339.7100843436636, 'HeI_4143.76': 300.52665502247334, 'HeI_4387.93': 419.9989281330315, 'HeI_4471.50': 254.02694123748074, 'HeI_4713.17': 58.89930356183878, 'HeI_4921.93': 274.66545398545634, 'Hf': 8045.458825132741, 'Hn': 5145.562314659299}","{'HeI_3819.62': 580.4772565395482, 'HeI_4009.26': 294.5523038027776, 'HeI_4143.76': 267.5225793678502, 'HeI_4387.93': 390.99314534096015, 'HeI_4471.50': 235.1623788996905, 'HeI_4713.17': 56.41721682512382, 'HeI_4921.93': 261.6074864269616, 'Hf': 8018.389992206448, 'Hn': 5133.176479604008}","{'HeI_3819.62': 616.3934996848839, 'HeI_4009.26': 269.3344216772507, 'HeI_4143.76': 257.8888610632202, 'HeI_4387.93': 384.17414746951846, 'HeI_4471.50': 242.31869062993573, 'HeI_4713.17': 69.10025632603333, 'HeI_4921.93': 271.0137503765533, 'Hf': 7988.907451465785, 'Hn': 5119.069560964838}","{'HeI_3819.62': 670.2832372292598, 'HeI_4009.26': 257.8659973640032, 'HeI_4143.76': 259.5987517170593, 'HeI_4387.93': 389.8702047462393, 'HeI_4471.50': 263.7594313031363, 'HeI_4713.17': 86.01352640157094, 'HeI_4921.93': 291.9342098425462, 'Hf': 7955.85595178243, 'Hn': 5102.422968652346}","{'HeI_3819.62': 732.180071861649, 'HeI_4009.26': 254.8092579128843, 'HeI_4143.76': 266.0412028388453, 'HeI_4387.93': 402.03497872122415, 'HeI_4471.50': 291.928348296567, 'HeI_4713.17': 102.89597588320419, 'HeI_4921.93': 318.2116856827906, 'Hf': 7917.715562003479, 'Hn': 5083.040823115995}","{'HeI_3819.62': 796.6289753956476, 'HeI_4009.26': 256.59522031891197, 'HeI_4143.76': 274.0027499758578, 'HeI_4387.93': 416.6875142545069, 'HeI_4471.50': 322.85289570584706, 'HeI_4713.17': 118.56806220570743, 'HeI_4921.93': 347.0577725649508, 'Hf': 7873.030549369674, 'Hn': 5061.0114729687575}","{'HeI_3819.62': 859.1234685544304, 'HeI_4009.26': 260.81156230924756, 'HeI_4143.76': 281.69434848306173, 'HeI_4387.93': 431.43663743365374, 'HeI_4471.50': 354.19731318153123, 'HeI_4713.17': 132.9213983271878, 'HeI_4921.93': 377.3769302165697, 'Hf': 7822.929060816723, 'Hn': 5037.731655772143}"
T22000logg2.6,"{'HeI_3819.62': 375.1694015724903, 'HeI_4009.26': 236.71736472179825, 'HeI_4143.76': 264.82324742347265, 'HeI_4387.93': 337.32417207867115, 'HeI_4471.50': 279.2835842985531, 'HeI_4713.17': 116.65744960069898, 'HeI_4921.93': 404.23902482096025, 'Hf': 938.4113825963727, 'Hn': 427.8421479569927}","{'HeI_3819.62': 193.74878787256623, 'HeI_4009.26': 104.087750602396, 'HeI_4143.76': 111.12956487260955, 'HeI_4387.93': 132.71492479460474, 'HeI_4471.50': 118.51282248123626, 'HeI_4713.17': 36.166267896781015, 'HeI_4921.93': 178.5720583803631, 'Hf': 750.4049241178391, 'Hn': 310.60915571025953}","{'HeI_3819.62': 161.50094164878638, 'HeI_4009.26': 47.60879781061053, 'HeI_4143.76': 51.777292120739986, 'HeI_4387.93': 53.647113110731375, 'HeI_4471.50': 61.74364242310331, 'HeI_4713.17': 18.276898967397436, 'HeI_4921.93': 115.97818400711479, 'Hf': 597.3837613893123, 'Hn': 225.0301121519315}","{'HeI_3819.62': 200.894559301881, 'HeI_4009.26': 28.806411767416126, 'HeI_4143.76': 42.07319785030265, 'HeI_4387.93': 42.45016489729204, 'HeI_4471.50': 63.660725441484416, 'HeI_4713.17': 28.830667804146596, 'HeI_4921.93': 119.79577866751036, 'Hf': 492.02894390865936, 'Hn': 166.44912233567575}","{'HeI_3819.62': 272.03505110002317, 'HeI_4009.26': 28.353739561227236, 'HeI_4143.76': 54.61002835035384, 'HeI_4387.93': 62.92083486396454, 'HeI_4471.50': 96.37445572200349, 'HeI_4713.17': 49.38176538987896, 'HeI_4921.93': 144.7088117506609, 'Hf': 432.064185080582, 'Hn': 129.12165304782155}","{'HeI_3819.62': 353.1492763696495, 'HeI_4009.26': 37.66146362268062, 'HeI_4143.76': 73.98483387165834, 'HeI_4387.93': 95.59673568566662, 'HeI_4471.50': 142.07761390741197, 'HeI_4713.17': 70.997633193792, 'HeI_4921.93': 175.98418966735593, 'Hf': 410.2036878247494, 'Hn': 109.83119118551413}","{'HeI_3819.62': 434.40905233488377, 'HeI_4009.26': 51.829888986819086, 'HeI_4143.76': 94.29262367413851, 'HeI_4387.93': 131.92249355375108, 'HeI_4471.50': 191.5653302613754, 'HeI_4713.17': 90.81596875395559, 'HeI_4921.93': 208.64244667386367, 'Hf': 415.3430845844093, 'Hn': 106.17537850791163}","{'HeI_3819.62': 512.1780631468058, 'HeI_4009.26': 68.09939335414303, 'HeI_4143.76': 113.65013063287661, 'HeI_4387.93': 167.24252189759179, 'HeI_4471.50': 240.20714907969065, 'HeI_4713.17': 108.43498011784641, 'HeI_4921.93': 241.4333116275289, 'Hf': 439.15881604343843, 'Hn': 116.5683844757541}","{'HeI_3819.62': 583.7978910171695, 'HeI_4009.26': 84.18125516862344, 'HeI_4143.76': 131.40497028414418, 'HeI_4387.93': 198.64574875304024, 'HeI_4471.50': 285.1831171581494, 'HeI_4713.17': 124.08287641865492, 'HeI_4921.93': 274.8387572053789, 'Hf': 474.9851540443415, 'Hn': 139.75807120919717}"
T22000logg2.8,"{'HeI_3819.62': 317.7929370687257, 'HeI_4009.26': 181.28812439076472, 'HeI_4143.76': 190.7701991110541, 'HeI_4387.93': 245.70048525543453, 'HeI_4471.50': 295.4166786398451, 'HeI_4713.17': 135.98814922509015, 'HeI_4921.93': 332.7165124132271, 'Hf': 1349.3621897748835, 'Hn': 511.49073186250695}","{'HeI_3819.62': 129.38257576799577, 'HeI_4009.26': 75.78257517737997, 'HeI_4143.76': 72.86726070623277, 'HeI_4387.93': 90.23803202222531, 'HeI_4471.50': 128.6440205589143, 'HeI_4713.17': 45.675435914478726, 'HeI_4921.93': 140.1091237896651, 'Hf': 1209.9734011485973, 'Hn': 431.6570090100591}","{'HeI_3819.62': 89.34177077562029, 'HeI_4009.26': 31.607617670141277, 'HeI_4143.76': 31.381332729114586, 'HeI_4387.93': 35.75166088930587, 'HeI_4471.50': 64.80027746685934, 'HeI_4713.17': 22.531854027794374, 'HeI_4921.93': 100.78050266702975, 'Hf': 1089.2757136258722, 'Hn': 374.3144363197335}","{'HeI_3819.62': 122.11085481256796, 'HeI_4009.26': 18.780938858144385, 'HeI_4143.76': 30.906662691850865, 'HeI_4387.93': 36.813903485731295, 'HeI_4471.50': 60.331051265119186, 'HeI_4713.17': 30.37796424192821, 'HeI_4921.93': 115.91446629550006, 'Hf': 996.0537669425524, 'Hn': 334.70315192166396}","{'HeI_3819.62': 188.16967272425822, 'HeI_4009.26': 21.475122346937443, 'HeI_4143.76': 48.34581829882281, 'HeI_4387.93': 63.342689488684385, 'HeI_4471.50': 87.87246511774872, 'HeI_4713.17': 49.55228659052754, 'HeI_4921.93': 143.83083475872255, 'Hf': 930.6375660122152, 'Hn': 307.7835369220214}","{'HeI_3819.62': 266.0475339132176, 'HeI_4009.26': 32.32919697178881, 'HeI_4143.76': 70.1151282991807, 'HeI_4387.93': 98.97384983831292, 'HeI_4471.50': 130.1490972994152, 'HeI_4713.17': 70.45679345520338, 'HeI_4921.93': 174.20272001207977, 'Hf': 892.1422421904243, 'Hn': 290.46733595852163}","{'HeI_3819.62': 345.8033841680912, 'HeI_4009.26': 47.184647552590995, 'HeI_4143.76': 91.45690851860054, 'HeI_4387.93': 137.13927596462673, 'HeI_4471.50': 177.95569305863293, 'HeI_4713.17': 89.9015520405276, 'HeI_4921.93': 204.66153140771175, 'Hf': 874.9981165769207, 'Hn': 281.5156786394469}","{'HeI_3819.62': 423.45385971696345, 'HeI_4009.26': 63.660866620123514, 'HeI_4143.76': 110.98766813606927, 'HeI_4387.93': 174.08004091499896, 'HeI_4471.50': 226.22551112096122, 'HeI_4713.17': 107.3224699100264, 'HeI_4921.93': 235.32334474081262, 'Hf': 873.9593835282592, 'Hn': 280.943606927962}","{'HeI_3819.62': 495.7919381675891, 'HeI_4009.26': 79.68129676607288, 'HeI_4143.76': 128.34022419214568, 'HeI_4387.93': 206.93345678280915, 'HeI_4471.50': 271.52281452119405, 'HeI_4713.17': 122.8694448079475, 'HeI_4921.93': 267.05123436317365, 'Hf': 884.9842038646593, 'Hn': 289.3787625657012}"
T22000logg3.0,"{'HeI_3819.62': 265.1896667771091, 'HeI_4009.26': 163.07585132215578, 'HeI_4143.76': 168.59776651328417, 'HeI_4387.93': 208.1935186747288, 'HeI_4471.50': 297.3673034706557, 'HeI_4713.17': 140.87604603578376, 'HeI_4921.93': 325.27371028010316, 'Hf': 1831.1152945293597, 'Hn': 770.0253373836473}","{'HeI_3819.62': 84.60221085500034, 'HeI_4009.26': 69.91832567250576, 'HeI_4143.76': 66.9321592776124, 'HeI_4387.93': 78.55034678265794, 'HeI_4471.50': 133.26630584323158, 'HeI_4713.17': 49.03689405040098, 'HeI_4921.93': 147.22284254378093, 'Hf': 1723.380661445921, 'Hn': 711.7101718730962}","{'HeI_3819.62': 42.974385318398035, 'HeI_4009.26': 30.262230869991157, 'HeI_4143.76': 32.41696393410372, 'HeI_4387.93': 35.01134089328745, 'HeI_4471.50': 67.83372498298374, 'HeI_4713.17': 24.725679672740377, 'HeI_4921.93': 116.18373393304114, 'Hf': 1629.6393146101225, 'Hn': 673.1550124217749}","{'HeI_3819.62': 71.68879204797699, 'HeI_4009.26': 19.047463114277466, 'HeI_4143.76': 34.85540650404798, 'HeI_4387.93': 40.14128041374434, 'HeI_4471.50': 60.76679967350104, 'HeI_4713.17': 31.840278797823984, 'HeI_4921.93': 133.94872102517715, 'Hf': 1554.3925753733092, 'Hn': 648.3443554134193}","{'HeI_3819.62': 133.7401225098524, 'HeI_4009.26': 22.28340303647115, 'HeI_4143.76': 53.33521095935302, 'HeI_4387.93': 67.79697882961932, 'HeI_4471.50': 85.90073442527014, 'HeI_4713.17': 50.59021421054922, 'HeI_4921.93': 160.92439625463462, 'Hf': 1497.4875266762808, 'Hn': 631.6732983919604}","{'HeI_3819.62': 208.70479111080505, 'HeI_4009.26': 33.21278597264119, 'HeI_4143.76': 75.2858893093059, 'HeI_4387.93': 103.48694951356102, 'HeI_4471.50': 126.04353196552664, 'HeI_4713.17': 71.26349034118532, 'HeI_4921.93': 188.93959648817582, 'Hf': 1459.0411127904638, 'Hn': 619.5161007532588}","{'HeI_3819.62': 286.6875714677679, 'HeI_4009.26': 48.008065221876976, 'HeI_4143.76': 96.42216992586809, 'HeI_4387.93': 141.4784464520211, 'HeI_4471.50': 171.87495393329445, 'HeI_4713.17': 90.58392466104517, 'HeI_4921.93': 216.7888895030719, 'Hf': 1435.5889177740235, 'Hn': 610.8862020243809}","{'HeI_3819.62': 363.48612324106807, 'HeI_4009.26': 64.40710341683499, 'HeI_4143.76': 115.50867848933096, 'HeI_4387.93': 178.31130198034515, 'HeI_4471.50': 218.60935548891564, 'HeI_4713.17': 107.92996691151893, 'HeI_4921.93': 245.1542777594112, 'Hf': 1423.4950429338448, 'Hn': 606.4981390453931}","{'HeI_3819.62': 435.72077217480916, 'HeI_4009.26': 80.40407388634775, 'HeI_4143.76': 132.23853601564724, 'HeI_4387.93': 211.14488064972267, 'HeI_4471.50': 263.0437613692121, 'HeI_4713.17': 123.42537760638463, 'HeI_4921.93': 275.1157903310551, 'Hf': 1420.2708675648148, 'Hn': 608.1191400555945}"
T22000logg3.2,"{'HeI_3819.62': 246.08319045656424, 'HeI_4009.26': 168.84375509063628, 'HeI_4143.76': 182.39273321321062, 'HeI_4387.93': 214.98400983080302, 'HeI_4471.50': 308.97275798308533, 'HeI_4713.17': 150.64701115843278, 'HeI_4921.93': 342.38808232265126, 'Hf': 2599.5528872304017, 'Hn': 1261.4885063459635}","{'HeI_3819.62': 69.22289410585805, 'HeI_4009.26': 78.36536575065091, 'HeI_4143.76': 81.9514241533694, 'HeI_4387.93': 90.650427342343, 'HeI_4471.50': 147.4798846369636, 'HeI_4713.17': 55.40851979608872, 'HeI_4921.93': 163.5218419794211, 'Hf': 2506.6251979550893, 'Hn': 1211.1874697380326}","{'HeI_3819.62': 22.48481352842489, 'HeI_4009.26': 38.22516647407175, 'HeI_4143.76': 46.43649486799593, 'HeI_4387.93': 47.199323063553585, 'HeI_4471.50': 80.06671629538525, 'HeI_4713.17': 28.892778287891556, 'HeI_4921.93': 130.52614830018146, 'Hf': 2424.751010843302, 'Hn': 1178.1971241449976}","{'HeI_3819.62': 44.9387991087142, 'HeI_4009.26': 25.81619704447992, 'HeI_4143.76': 47.754525872220306, 'HeI_4387.93': 50.53678981467967, 'HeI_4471.50': 69.80040809480914, 'HeI_4713.17': 34.68941719822665, 'HeI_4921.93': 146.3526010073203, 'Hf': 2356.44317662147, 'Hn': 1156.5021855299901}","{'HeI_3819.62': 101.95066073848642, 'HeI_4009.26': 27.98924146681181, 'HeI_4143.76': 65.28508702018283, 'HeI_4387.93': 76.00344579419301, 'HeI_4471.50': 91.8722483317172, 'HeI_4713.17': 52.67532182445405, 'HeI_4921.93': 171.85707501793902, 'Hf': 2301.098688363256, 'Hn': 1140.3676983201956}","{'HeI_3819.62': 173.53892574173193, 'HeI_4009.26': 38.25974346498826, 'HeI_4143.76': 86.33105859525162, 'HeI_4387.93': 109.80642969496394, 'HeI_4471.50': 129.36312640895312, 'HeI_4713.17': 72.91014666201391, 'HeI_4921.93': 198.86173761121555, 'Hf': 2259.250450404678, 'Hn': 1126.1947370020862}","{'HeI_3819.62': 249.4977693355862, 'HeI_4009.26': 52.77622510767846, 'HeI_4143.76': 106.5616167541932, 'HeI_4387.93': 146.36216105814944, 'HeI_4471.50': 172.82196469036683, 'HeI_4713.17': 91.97223193336302, 'HeI_4921.93': 226.00997468049263, 'Hf': 2228.235457187287, 'Hn': 1113.030195007171}","{'HeI_3819.62': 325.27728345109676, 'HeI_4009.26': 69.16505561905355, 'HeI_4143.76': 124.727174042159, 'HeI_4387.93': 182.2191932524315, 'HeI_4471.50': 217.503601001572, 'HeI_4713.17': 109.16131072112942, 'HeI_4921.93': 253.88965504555003, 'Hf': 2205.1038504944368, 'Hn': 1101.735088701987}","{'HeI_3819.62': 397.13248968734985, 'HeI_4009.26': 85.31435695459149, 'HeI_4143.76': 140.5128373290084, 'HeI_4387.93': 214.49316746466317, 'HeI_4471.50': 260.3584746694945, 'HeI_4713.17': 124.55896234147752, 'HeI_4921.93': 283.49663215909095, 'Hf': 2188.3356254123405, 'Hn': 1094.5617973751457}"
T22000logg3.4,"{'HeI_3819.62': 270.2757665496227, 'HeI_4009.26': 260.3335795742966, 'HeI_4143.76': 274.65011865646557, 'HeI_4387.93': 311.4568479371466, 'HeI_4471.50': 324.4449927825408, 'HeI_4713.17': 166.44503728444082, 'HeI_4921.93': 384.9762740938919, 'Hf': 4008.795471193705, 'Hn': 2233.9023849958735}","{'HeI_3819.62': 98.35943222829012, 'HeI_4009.26': 147.46735693371244, 'HeI_4143.76': 151.1340228318288, 'HeI_4387.93': 172.07630970236238, 'HeI_4471.50': 168.65857675757465, 'HeI_4713.17': 65.36801776171875, 'HeI_4921.93': 207.37321070981494, 'Hf': 3932.8823785123677, 'Hn': 2192.5883558701644}","{'HeI_3819.62': 45.92307449562643, 'HeI_4009.26': 90.86881962971307, 'HeI_4143.76': 99.59248547626906, 'HeI_4387.93': 113.26330628837302, 'HeI_4471.50': 100.49746592497218, 'HeI_4713.17': 35.297498030680345, 'HeI_4921.93': 164.71523814251512, 'Hf': 3862.8130448785496, 'Hn': 2162.316624491129}","{'HeI_3819.62': 60.773620566370106, 'HeI_4009.26': 66.91362868263046, 'HeI_4143.76': 90.5968869025686, 'HeI_4387.93': 103.98209716061542, 'HeI_4471.50': 87.19344956230967, 'HeI_4713.17': 39.029303054788585, 'HeI_4921.93': 172.35567539542365, 'Hf': 3799.630314607045, 'Hn': 2138.3497641308973}","{'HeI_3819.62': 111.20359527403326, 'HeI_4009.26': 60.96169483879478, 'HeI_4143.76': 101.65128151072825, 'HeI_4387.93': 119.89556876173037, 'HeI_4471.50': 105.69907032559324, 'HeI_4713.17': 55.801122098987385, 'HeI_4921.93': 193.3877815531405, 'Hf': 3742.3007194667493, 'Hn': 2116.169636907031}","{'HeI_3819.62': 178.03945004137518, 'HeI_4009.26': 65.68798254072472, 'HeI_4143.76': 118.77145261158323, 'HeI_4387.93': 146.96470743112394, 'HeI_4471.50': 139.82673097941088, 'HeI_4713.17': 75.3230895694802, 'HeI_4921.93': 218.4969792165178, 'Hf': 3691.9661880428766, 'Hn': 2093.5084575486544}","{'HeI_3819.62': 250.70686973856922, 'HeI_4009.26': 76.33984125240309, 'HeI_4143.76': 136.50395574668505, 'HeI_4387.93': 178.72330450892707, 'HeI_4471.50': 180.28108872041022, 'HeI_4713.17': 93.93933836431786, 'HeI_4921.93': 245.11993280748123, 'Hf': 3646.9757036499223, 'Hn': 2069.9317752271772}","{'HeI_3819.62': 324.22567458410526, 'HeI_4009.26': 89.95749671258837, 'HeI_4143.76': 152.94328321605136, 'HeI_4387.93': 211.1033581501764, 'HeI_4471.50': 222.44828442314284, 'HeI_4713.17': 110.8285076186164, 'HeI_4921.93': 273.01150271850224, 'Hf': 3605.1410224129622, 'Hn': 2046.3710390274925}","{'HeI_3819.62': 394.6603388373073, 'HeI_4009.26': 104.1833403559388, 'HeI_4143.76': 167.38118158567426, 'HeI_4387.93': 240.98113129357782, 'HeI_4471.50': 263.41499491581186, 'HeI_4713.17': 126.03295488656576, 'HeI_4921.93': 302.6938614197129, 'Hf': 3566.335303598748, 'Hn': 2025.413777953865}"
T22000logg3.6,"{'HeI_3819.62': 291.1085131704962, 'HeI_4009.26': 216.4764001836931, 'HeI_4143.76': 234.97916264854481, 'HeI_4387.93': 259.92843944817514, 'HeI_4471.50': 326.3207102931667, 'HeI_4713.17': 166.2671385205364, 'HeI_4921.93': 333.2655100090078, 'Hf': 4456.535338424523, 'Hn': 2499.272285947681}","{'HeI_3819.62': 136.59239055384435, 'HeI_4009.26': 125.84935422843591, 'HeI_4143.76': 132.05102218536337, 'HeI_4387.93': 144.45846536025923, 'HeI_4471.50': 181.46934514462384, 'HeI_4713.17': 66.37423632929254, 'HeI_4921.93': 173.53537281632381, 'Hf': 4395.769538901744, 'Hn': 2468.428171843222}","{'HeI_3819.62': 87.69643921796295, 'HeI_4009.26': 80.7160814271043, 'HeI_4143.76': 90.60548075052151, 'HeI_4387.93': 99.03427046665665, 'HeI_4471.50': 117.25270539944076, 'HeI_4713.17': 36.46151359014478, 'HeI_4921.93': 137.10295847605124, 'Hf': 4338.753614943311, 'Hn': 2445.100001592346}","{'HeI_3819.62': 101.41029426863489, 'HeI_4009.26': 62.69899556131537, 'HeI_4143.76': 85.98316527750539, 'HeI_4387.93': 96.50743769159988, 'HeI_4471.50': 104.36677907820057, 'HeI_4713.17': 40.04641078548111, 'HeI_4921.93': 147.7158594221801, 'Hf': 4286.678119332826, 'Hn': 2426.4315769265795}","{'HeI_3819.62': 149.83790376885995, 'HeI_4009.26': 60.051315647560315, 'HeI_4143.76': 98.81664897027052, 'HeI_4387.93': 115.62750543029281, 'HeI_4471.50': 121.70015185842753, 'HeI_4713.17': 56.65255915581543, 'HeI_4921.93': 171.98850629269666, 'Hf': 4238.89990494901, 'Hn': 2409.4515624102532}","{'HeI_3819.62': 214.82038884922278, 'HeI_4009.26': 66.64009040646441, 'HeI_4143.76': 116.85571056309888, 'HeI_4387.93': 143.90305198762965, 'HeI_4471.50': 154.168248118589, 'HeI_4713.17': 76.0504199951674, 'HeI_4921.93': 200.49544132162904, 'Hf': 4196.301240899131, 'Hn': 2392.690900865268}","{'HeI_3819.62': 285.9730658915871, 'HeI_4009.26': 78.3515763240135, 'HeI_4143.76': 135.26165108134987, 'HeI_4387.93': 175.6317356956702, 'HeI_4471.50': 192.82859688878355, 'HeI_4713.17': 94.58651526378719, 'HeI_4921.93': 230.2479864225811, 'Hf': 4157.259443530412, 'Hn': 2375.725569781373}","{'HeI_3819.62': 358.2882063479325, 'HeI_4009.26': 92.57819517138805, 'HeI_4143.76': 152.3251663221899, 'HeI_4387.93': 207.35142014264528, 'HeI_4471.50': 233.16894564487208, 'HeI_4713.17': 111.42680627932356, 'HeI_4921.93': 260.81444073694536, 'Hf': 4119.70741915501, 'Hn': 2359.1464292207893}","{'HeI_3819.62': 427.66049640577694, 'HeI_4009.26': 107.10357507195913, 'HeI_4143.76': 167.30480659232936, 'HeI_4387.93': 236.41595723309877, 'HeI_4471.50': 272.56621549432225, 'HeI_4713.17': 126.5913540505131, 'HeI_4921.93': 292.53050351676023, 'Hf': 4083.495816579675, 'Hn': 2344.9132399342707}"
T22000logg3.8,"{'HeI_3819.62': 389.6263469513065, 'HeI_4009.26': 235.10180765750616, 'HeI_4143.76': 249.93933375937073, 'HeI_4387.93': 271.00168783402086, 'HeI_4471.50': 341.1687323272975, 'HeI_4713.17': 170.21949865034304, 'HeI_4921.93': 302.6190474713892, 'Hf': 5700.210612618471, 'Hn': 3350.5051455864177}","{'HeI_3819.62': 250.88624976513327, 'HeI_4009.26': 151.05913563529356, 'HeI_4143.76': 152.3632177916244, 'HeI_4387.93': 169.99981977758588, 'HeI_4471.50': 208.76923610876196, 'HeI_4713.17': 70.46029500135973, 'HeI_4921.93': 164.4121998603464, 'Hf': 5653.365401984702, 'Hn': 3327.8772895304623}","{'HeI_3819.62': 203.48929884420969, 'HeI_4009.26': 107.3140709702331, 'HeI_4143.76': 111.03914608305452, 'HeI_4387.93': 129.0818740176249, 'HeI_4471.50': 148.6619380200057, 'HeI_4713.17': 39.800647613986186, 'HeI_4921.93': 131.47636809474548, 'Hf': 5607.967451915763, 'Hn': 3309.253989109998}","{'HeI_3819.62': 213.98779962947683, 'HeI_4009.26': 88.6060410189, 'HeI_4143.76': 104.48736141990646, 'HeI_4387.93': 126.17031244182876, 'HeI_4471.50': 135.39617433495488, 'HeI_4713.17': 42.615739086198786, 'HeI_4921.93': 141.87202883990417, 'Hf': 5563.878921155791, 'Hn': 3292.837398418154}","{'HeI_3819.62': 258.47632276494653, 'HeI_4009.26': 84.55262299639215, 'HeI_4143.76': 115.00037534461892, 'HeI_4387.93': 142.9937444557898, 'HeI_4471.50': 150.21875881724566, 'HeI_4713.17': 58.64282941733667, 'HeI_4921.93': 166.86620759162733, 'Hf': 5519.95294119019, 'Hn': 3276.5895285326733}","{'HeI_3819.62': 320.00406661318294, 'HeI_4009.26': 89.5179863498402, 'HeI_4143.76': 131.17565182242566, 'HeI_4387.93': 168.46555896544595, 'HeI_4471.50': 179.59244151215697, 'HeI_4713.17': 77.65787047672933, 'HeI_4921.93': 196.95853285595572, 'Hf': 5476.987479032819, 'Hn': 3259.711722260753}","{'HeI_3819.62': 388.28938376085307, 'HeI_4009.26': 99.52460958091181, 'HeI_4143.76': 148.20808955322016, 'HeI_4387.93': 197.26152176939314, 'HeI_4471.50': 215.211415635958, 'HeI_4713.17': 95.94404515961043, 'HeI_4921.93': 228.6181361615753, 'Hf': 5433.7188466039315, 'Hn': 3241.9545650484088}","{'HeI_3819.62': 458.19537177708713, 'HeI_4009.26': 112.04615040252496, 'HeI_4143.76': 164.28742858119335, 'HeI_4387.93': 226.16463166945005, 'HeI_4471.50': 252.76968053812504, 'HeI_4713.17': 112.61913672458694, 'HeI_4921.93': 261.00777040743554, 'Hf': 5388.3838799336345, 'Hn': 3223.721247843678}","{'HeI_3819.62': 525.4815298336489, 'HeI_4009.26': 124.99204562576759, 'HeI_4143.76': 178.54015179925855, 'HeI_4387.93': 252.82542701407922, 'HeI_4471.50': 289.8032740043526, 'HeI_4713.17': 127.6748397334166, 'HeI_4921.93': 294.1433220120101, 'Hf': 5341.559001969132, 'Hn': 3206.6722748656307}"
T22000logg4.0,"{'HeI_3819.62': 516.3030339441358, 'HeI_4009.26': 283.1814210898945, 'HeI_4143.76': 298.36372361732543, 'HeI_4387.93': 335.98411507015464, 'HeI_4471.50': 362.96412515953756, 'HeI_4713.17': 172.53909023834603, 'HeI_4921.93': 315.32194554205, 'Hf': 6624.214599817301, 'Hn': 4027.9705419936313}","{'HeI_3819.62': 397.64897061229715, 'HeI_4009.26': 200.33173276338258, 'HeI_4143.76': 199.8381879041154, 'HeI_4387.93': 243.11224035051654, 'HeI_4471.50': 242.35537325138242, 'HeI_4713.17': 73.44735308916172, 'HeI_4921.93': 191.85476822506598, 'Hf': 6588.977398813113, 'Hn': 4012.1441310857567}","{'HeI_3819.62': 357.27028841201553, 'HeI_4009.26': 154.21465301583748, 'HeI_4143.76': 154.0934183854349, 'HeI_4387.93': 201.97685106732143, 'HeI_4471.50': 187.23330141038312, 'HeI_4713.17': 42.39938385838748, 'HeI_4921.93': 158.11938166213443, 'Hf': 6555.583881664995, 'Hn': 3999.399868626057}","{'HeI_3819.62': 368.80602029190663, 'HeI_4009.26': 132.24782032786592, 'HeI_4143.76': 142.3373689140773, 'HeI_4387.93': 195.18657564048664, 'HeI_4471.50': 174.9165097906815, 'HeI_4713.17': 44.738738241448374, 'HeI_4921.93': 164.99320542777647, 'Hf': 6522.993869258917, 'Hn': 3988.14920490684}","{'HeI_3819.62': 411.97073104351506, 'HeI_4009.26': 125.00649462780419, 'HeI_4143.76': 148.09788869806485, 'HeI_4387.93': 207.16808610215625, 'HeI_4471.50': 188.39646000642156, 'HeI_4713.17': 60.40384730501211, 'HeI_4921.93': 187.7535433965075, 'Hf': 6489.4730587299555, 'Hn': 3976.5684063720655}","{'HeI_3819.62': 471.3933446111953, 'HeI_4009.26': 127.17007960593679, 'HeI_4143.76': 160.58405615967007, 'HeI_4387.93': 228.06328916398488, 'HeI_4471.50': 215.36396713426956, 'HeI_4713.17': 79.1882301425691, 'HeI_4921.93': 216.9057409201722, 'Hf': 6454.948589669202, 'Hn': 3963.80711313761}","{'HeI_3819.62': 537.4230085050089, 'HeI_4009.26': 134.77826311473152, 'HeI_4143.76': 174.8459361336472, 'HeI_4387.93': 252.6800903578529, 'HeI_4471.50': 248.190539783032, 'HeI_4713.17': 97.32227714902791, 'HeI_4921.93': 248.31291434840566, 'Hf': 6418.0886635468405, 'Hn': 3949.5480706211256}","{'HeI_3819.62': 605.0946386582337, 'HeI_4009.26': 145.2505318652882, 'HeI_4143.76': 188.84318441445643, 'HeI_4387.93': 277.87562150678315, 'HeI_4471.50': 283.0126820132695, 'HeI_4713.17': 113.88965823723252, 'HeI_4921.93': 280.65427553065155, 'Hf': 6377.302850818639, 'Hn': 3934.014377500017}","{'HeI_3819.62': 670.2385598548647, 'HeI_4009.26': 156.49667695662384, 'HeI_4143.76': 201.4902754299213, 'HeI_4387.93': 301.53808822093066, 'HeI_4471.50': 317.61027052443563, 'HeI_4713.17': 128.8748952029167, 'HeI_4921.93': 313.64558796075073, 'Hf': 6333.117030705769, 'Hn': 3918.6714119565504}"
T23000logg2.6,"{'HeI_3819.62': 596.6190349055927, 'HeI_4009.26': 129.99987494044493, 'HeI_4143.76': 155.12999922782615, 'HeI_4387.93': 257.253216135176, 'HeI_4471.50': 280.5001717812247, 'HeI_4713.17': 83.75132890863863, 'HeI_4921.93': 169.98897299655795, 'Hf': 740.8146692527987, 'Hn': 548.0198584615471}","{'HeI_3819.62': 478.4833369013953, 'HeI_4009.26': 112.29876067457938, 'HeI_4143.76': 127.63729091929015, 'HeI_4387.93': 205.32210603040537, 'HeI_4471.50': 154.60443836874106, 'HeI_4713.17': 35.44777519224157, 'HeI_4921.93': 65.27700997976092, 'Hf': 496.1991597074404, 'Hn': 372.1320592810915}","{'HeI_3819.62': 478.0391367080939, 'HeI_4009.26': 114.66935514272454, 'HeI_4143.76': 131.93827716277966, 'HeI_4387.93': 209.79134455910926, 'HeI_4471.50': 120.44697997942899, 'HeI_4713.17': 33.38348081926323, 'HeI_4921.93': 66.94128698444129, 'Hf': 328.840671222896, 'Hn': 283.2892349459229}","{'HeI_3819.62': 532.1226532977992, 'HeI_4009.26': 125.70445781749719, 'HeI_4143.76': 151.39689936040836, 'HeI_4387.93': 240.8439288526429, 'HeI_4471.50': 136.44310777164182, 'HeI_4713.17': 51.24076587786447, 'HeI_4921.93': 103.01297020622134, 'Hf': 241.32268670036805, 'Hn': 262.142153560461}","{'HeI_3819.62': 608.977786104025, 'HeI_4009.26': 139.8915431486041, 'HeI_4143.76': 175.7260891316883, 'HeI_4387.93': 281.3974185306666, 'HeI_4471.50': 177.94006946093475, 'HeI_4713.17': 75.04414782293928, 'HeI_4921.93': 145.37775683201494, 'Hf': 217.85280201576077, 'Hn': 279.58109384192176}","{'HeI_3819.62': 690.276295227009, 'HeI_4009.26': 154.2245160830704, 'HeI_4143.76': 199.03143568291694, 'HeI_4387.93': 322.0189958428664, 'HeI_4471.50': 227.24329430875537, 'HeI_4713.17': 97.97183260100844, 'HeI_4921.93': 186.19935191555433, 'Hf': 238.81094123847802, 'Hn': 311.2941599834278}","{'HeI_3819.62': 768.7756186375362, 'HeI_4009.26': 167.70906119680885, 'HeI_4143.76': 219.95084459140148, 'HeI_4387.93': 359.7979024984354, 'HeI_4471.50': 276.02430963652756, 'HeI_4713.17': 118.24617782565824, 'HeI_4921.93': 224.01631460379994, 'Hf': 286.61822166724625, 'Hn': 347.5718023174446}","{'HeI_3819.62': 842.3008612533242, 'HeI_4009.26': 180.17896566520253, 'HeI_4143.76': 238.56649246882907, 'HeI_4387.93': 393.4564361431696, 'HeI_4471.50': 321.9383283358955, 'HeI_4713.17': 135.9334034396404, 'HeI_4921.93': 259.63699963967684, 'Hf': 350.1993585715426, 'Hn': 386.8179971136612}","{'HeI_3819.62': 908.8150893666682, 'HeI_4009.26': 191.0448061920483, 'HeI_4143.76': 255.1206024576501, 'HeI_4387.93': 422.057199021359, 'HeI_4471.50': 364.1962845820183, 'HeI_4713.17': 151.3708832136563, 'HeI_4921.93': 294.15208999778696, 'Hf': 420.6046571631935, 'Hn': 429.59494566786145}"
T23000logg2.8,"{'HeI_3819.62': 339.9007587777785, 'HeI_4009.26': 111.03004456728229, 'HeI_4143.76': 115.45561190434157, 'HeI_4387.93': 168.51753342665123, 'HeI_4471.50': 266.73402578096244, 'HeI_4713.17': 110.59374428088016, 'HeI_4921.93': 230.66029624038316, 'Hf': 1030.339107384565, 'Hn': 353.9088736735449}","{'HeI_3819.62': 172.03093803368932, 'HeI_4009.26': 40.36609885764184, 'HeI_4143.76': 33.072126660758215, 'HeI_4387.93': 54.90713486302108, 'HeI_4471.50': 115.21420576121375, 'HeI_4713.17': 33.532085805210436, 'HeI_4921.93': 78.73259556849874, 'Hf': 883.1919727521331, 'Hn': 269.32873666315976}","{'HeI_3819.62': 143.8850884563815, 'HeI_4009.26': 15.933847754531, 'HeI_4143.76': 10.709594081965333, 'HeI_4387.93': 25.027975628156113, 'HeI_4471.50': 61.601243035517854, 'HeI_4713.17': 17.147803707268796, 'HeI_4921.93': 57.86928110624915, 'Hf': 761.4820323660164, 'Hn': 207.6563240979683}","{'HeI_3819.62': 183.72442482591822, 'HeI_4009.26': 14.379192670572449, 'HeI_4143.76': 19.603101800487543, 'HeI_4387.93': 39.75644200196251, 'HeI_4471.50': 63.847764217397525, 'HeI_4713.17': 28.36538170951098, 'HeI_4921.93': 82.93575410383733, 'Hf': 674.1256808457017, 'Hn': 166.78670454946743}","{'HeI_3819.62': 253.98428773885777, 'HeI_4009.26': 23.55898415103294, 'HeI_4143.76': 41.31883073165642, 'HeI_4387.93': 73.83610578906357, 'HeI_4471.50': 95.60473130317567, 'HeI_4713.17': 49.24061123345902, 'HeI_4921.93': 118.19365666300536, 'Hf': 619.9932547866607, 'Hn': 142.50244444579803}","{'HeI_3819.62': 333.9816470974577, 'HeI_4009.26': 37.56848358537718, 'HeI_4143.76': 65.15558957297529, 'HeI_4387.93': 113.3345635955496, 'HeI_4471.50': 140.1848638735631, 'HeI_4713.17': 71.03014023085275, 'HeI_4921.93': 154.21597707950826, 'Hf': 595.4667384372852, 'Hn': 131.48053878424534}","{'HeI_3819.62': 414.4266000896291, 'HeI_4009.26': 53.413182323225655, 'HeI_4143.76': 87.64659509072013, 'HeI_4387.93': 152.85133774884852, 'HeI_4471.50': 188.8700459464087, 'HeI_4713.17': 90.9657511332507, 'HeI_4921.93': 188.94367676773228, 'Hf': 593.4870011501165, 'Hn': 131.692979165366}","{'HeI_3819.62': 491.7888456374977, 'HeI_4009.26': 69.5950997966231, 'HeI_4143.76': 107.98165463939411, 'HeI_4387.93': 189.6432978205698, 'HeI_4471.50': 237.19490142448043, 'HeI_4713.17': 108.67992726194719, 'HeI_4921.93': 222.72250770018016, 'Hf': 608.1350543802255, 'Hn': 142.34908112816404}","{'HeI_3819.62': 563.3044041669292, 'HeI_4009.26': 84.66332533557551, 'HeI_4143.76': 126.0641849113799, 'HeI_4387.93': 221.83874205315834, 'HeI_4471.50': 282.30568035515086, 'HeI_4713.17': 124.40359354452583, 'HeI_4921.93': 256.6246534535244, 'Hf': 634.5064994930278, 'Hn': 163.19378559513655}"
T23000logg3.0,"{'HeI_3819.62': 270.3940027282385, 'HeI_4009.26': 148.87589022694064, 'HeI_4143.76': 153.5439988026461, 'HeI_4387.93': 190.21670338779325, 'HeI_4471.50': 274.59320446581694, 'HeI_4713.17': 131.5095656945933, 'HeI_4921.93': 281.6639387994793, 'Hf': 1641.3332644780314, 'Hn': 616.4412365222507}","{'HeI_3819.62': 96.09817649578828, 'HeI_4009.26': 60.82455956543156, 'HeI_4143.76': 56.60187093112701, 'HeI_4387.93': 67.33779354562911, 'HeI_4471.50': 120.1142948713118, 'HeI_4713.17': 44.08270499724861, 'HeI_4921.93': 119.33074847748685, 'Hf': 1538.6793216571516, 'Hn': 561.5089492131066}","{'HeI_3819.62': 58.870653392649814, 'HeI_4009.26': 24.674800236143465, 'HeI_4143.76': 24.90290086096726, 'HeI_4387.93': 27.705143539593806, 'HeI_4471.50': 60.67631335491988, 'HeI_4713.17': 22.078776348480705, 'HeI_4921.93': 93.02218161684483, 'Hf': 1448.7173038271483, 'Hn': 521.586233747478}","{'HeI_3819.62': 90.95875713672626, 'HeI_4009.26': 15.76228113487122, 'HeI_4143.76': 28.674217369595855, 'HeI_4387.93': 35.09202299680254, 'HeI_4471.50': 57.204602615747916, 'HeI_4713.17': 30.3835498096855, 'HeI_4921.93': 113.32497940796817, 'Hf': 1377.0804281178428, 'Hn': 493.50288711619663}","{'HeI_3819.62': 155.57912562458165, 'HeI_4009.26': 20.418139053181985, 'HeI_4143.76': 47.749819299974746, 'HeI_4387.93': 64.16930269889939, 'HeI_4471.50': 84.36003290729552, 'HeI_4713.17': 49.752303439013, 'HeI_4921.93': 143.17202642649642, 'Hf': 1324.125772159404, 'Hn': 473.83854226902446}","{'HeI_3819.62': 232.26301879679414, 'HeI_4009.26': 31.853042102673054, 'HeI_4143.76': 70.13736997188153, 'HeI_4387.93': 100.64831329612099, 'HeI_4471.50': 125.82190824899169, 'HeI_4713.17': 70.76020440016916, 'HeI_4921.93': 174.08650445148942, 'Hf': 1289.9633420651592, 'Hn': 460.55339098882456}","{'HeI_3819.62': 311.2248385021286, 'HeI_4009.26': 46.31994820891843, 'HeI_4143.76': 91.70573608295629, 'HeI_4387.93': 138.67166446175744, 'HeI_4471.50': 172.72856190803827, 'HeI_4713.17': 90.26977535193981, 'HeI_4921.93': 204.54776519876012, 'Hf': 1271.2906506232332, 'Hn': 453.0754497668989}","{'HeI_3819.62': 388.40667427327446, 'HeI_4009.26': 61.82474944207178, 'HeI_4143.76': 111.28110426022089, 'HeI_4387.93': 175.0587918456722, 'HeI_4471.50': 220.23830263819517, 'HeI_4713.17': 107.73558407112384, 'HeI_4921.93': 235.04677174050977, 'Hf': 1264.5966389461905, 'Hn': 451.8312545547311}","{'HeI_3819.62': 460.6501550125606, 'HeI_4009.26': 76.68626739427087, 'HeI_4143.76': 128.5692573514376, 'HeI_4387.93': 207.49766620229647, 'HeI_4471.50': 265.0977998559796, 'HeI_4713.17': 123.32570970024727, 'HeI_4921.93': 266.63187641015014, 'Hf': 1267.2644986833134, 'Hn': 457.910261640964}"
T23000logg3.2,"{'HeI_3819.62': 228.36042501318127, 'HeI_4009.26': 141.99796180116158, 'HeI_4143.76': 149.9972222897987, 'HeI_4387.93': 173.7764225129932, 'HeI_4471.50': 273.77835120384384, 'HeI_4713.17': 135.06937374243944, 'HeI_4921.93': 292.5793200197085, 'Hf': 2303.5863541685208, 'Hn': 1021.7989410535315}","{'HeI_3819.62': 63.654418672166145, 'HeI_4009.26': 61.28095606006359, 'HeI_4143.76': 61.79305718103545, 'HeI_4387.93': 67.00489571721316, 'HeI_4471.50': 124.75029148839411, 'HeI_4713.17': 47.08469695554225, 'HeI_4921.93': 136.06551374432436, 'Hf': 2218.9731092950983, 'Hn': 977.583915318091}","{'HeI_3819.62': 25.20864036869364, 'HeI_4009.26': 26.98107312913388, 'HeI_4143.76': 32.92226882976522, 'HeI_4387.93': 33.23425847165726, 'HeI_4471.50': 65.36998178933118, 'HeI_4713.17': 24.255293123941172, 'HeI_4921.93': 113.00241552007107, 'Hf': 2146.0372813662925, 'Hn': 948.309123258867}","{'HeI_3819.62': 53.05126452586589, 'HeI_4009.26': 18.11366428687128, 'HeI_4143.76': 37.46754901113887, 'HeI_4387.93': 41.89778932002342, 'HeI_4471.50': 60.01864613251262, 'HeI_4713.17': 31.904945081698145, 'HeI_4921.93': 133.4861013085715, 'Hf': 2086.986968123296, 'Hn': 929.4347749744996}","{'HeI_3819.62': 113.40775983411847, 'HeI_4009.26': 22.334381417001563, 'HeI_4143.76': 56.49839883159019, 'HeI_4387.93': 70.51792886737579, 'HeI_4471.50': 84.98196138419304, 'HeI_4713.17': 50.84002273411363, 'HeI_4921.93': 161.45155225852278, 'Hf': 2041.01222063309, 'Hn': 916.3254415208075}","{'HeI_3819.62': 186.91876100931964, 'HeI_4009.26': 33.282197355539765, 'HeI_4143.76': 78.44294506650846, 'HeI_4387.93': 106.14305447363054, 'HeI_4471.50': 124.30130435633203, 'HeI_4713.17': 71.58992857606214, 'HeI_4921.93': 189.79297970430585, 'Hf': 2007.9815893272946, 'Hn': 905.9567854107531}","{'HeI_3819.62': 263.8447262745779, 'HeI_4009.26': 47.339766140464384, 'HeI_4143.76': 99.3766587299344, 'HeI_4387.93': 143.45797569652524, 'HeI_4471.50': 169.15003957792715, 'HeI_4713.17': 90.95166418148888, 'HeI_4921.93': 217.72652900807932, 'Hf': 1985.3665814187868, 'Hn': 897.5574589317873}","{'HeI_3819.62': 339.9177359790867, 'HeI_4009.26': 62.52502346320125, 'HeI_4143.76': 118.1907092180419, 'HeI_4387.93': 179.42155356874127, 'HeI_4471.50': 214.9563971152855, 'HeI_4713.17': 108.3272279559454, 'HeI_4921.93': 246.0982173257944, 'Hf': 1970.4492754233884, 'Hn': 891.8660282285952}","{'HeI_3819.62': 411.77709254297923, 'HeI_4009.26': 77.16799958298671, 'HeI_4143.76': 134.62767624750214, 'HeI_4387.93': 211.65691944884162, 'HeI_4471.50': 258.7007556969683, 'HeI_4713.17': 123.85091617076462, 'HeI_4921.93': 276.05461128796117, 'Hf': 1961.5265136620037, 'Hn': 890.7152828927127}"
T23000logg3.4,"{'HeI_3819.62': 212.09772743123142, 'HeI_4009.26': 159.35259213026868, 'HeI_4143.76': 172.72272724183418, 'HeI_4387.93': 194.12983783781274, 'HeI_4471.50': 272.2334436145943, 'HeI_4713.17': 137.1910509164664, 'HeI_4921.93': 316.5878656333407, 'Hf': 3035.504899819262, 'Hn': 1544.2523488189054}","{'HeI_3819.62': 60.64192555558158, 'HeI_4009.26': 78.05851591357482, 'HeI_4143.76': 82.49176053388769, 'HeI_4387.93': 89.23901419514826, 'HeI_4471.50': 132.22588318005626, 'HeI_4713.17': 48.90586931396915, 'HeI_4921.93': 159.12712013755487, 'Hf': 2969.203727847164, 'Hn': 1509.6324103563165}","{'HeI_3819.62': 22.877082074679688, 'HeI_4009.26': 41.09159320612267, 'HeI_4143.76': 50.63629769169651, 'HeI_4387.93': 53.11264943343899, 'HeI_4471.50': 75.16954617029229, 'HeI_4713.17': 25.65646529893469, 'HeI_4921.93': 132.6206361934185, 'Hf': 2912.3756813798773, 'Hn': 1488.0777564247528}","{'HeI_3819.62': 47.49681335237507, 'HeI_4009.26': 29.465812319802044, 'HeI_4143.76': 52.69206946175867, 'HeI_4387.93': 58.20461649261718, 'HeI_4471.50': 69.24178794398551, 'HeI_4713.17': 32.98640884607282, 'HeI_4921.93': 149.74778344310886, 'Hf': 2865.9984622287056, 'Hn': 1475.1314782888428}","{'HeI_3819.62': 104.21924370003454, 'HeI_4009.26': 31.446487802220737, 'HeI_4143.76': 69.86318267406395, 'HeI_4387.93': 83.38028872222273, 'HeI_4471.50': 92.606852842963, 'HeI_4713.17': 51.71480661823597, 'HeI_4921.93': 175.12004948354135, 'Hf': 2828.719200053328, 'Hn': 1466.1050014752427}","{'HeI_3819.62': 174.8255832348553, 'HeI_4009.26': 40.811877885248556, 'HeI_4143.76': 90.44819561083794, 'HeI_4387.93': 116.28466908726693, 'HeI_4471.50': 130.0287769581595, 'HeI_4713.17': 72.34240296387709, 'HeI_4921.93': 201.615917935713, 'Hf': 2799.9604041973994, 'Hn': 1457.8674459615208}","{'HeI_3819.62': 249.6746997534631, 'HeI_4009.26': 53.804612472409296, 'HeI_4143.76': 110.32854110017742, 'HeI_4387.93': 151.59926270535615, 'HeI_4471.50': 172.89802650462795, 'HeI_4713.17': 91.63273556262025, 'HeI_4921.93': 228.2459542368658, 'Hf': 2777.436924303494, 'Hn': 1449.5405845488426}","{'HeI_3819.62': 324.37958570848497, 'HeI_4009.26': 68.28813840211338, 'HeI_4143.76': 128.2654753407105, 'HeI_4387.93': 186.12817783197977, 'HeI_4471.50': 216.85815464587265, 'HeI_4713.17': 108.96662116426843, 'HeI_4921.93': 255.6824217147536, 'Hf': 2758.825429642637, 'Hn': 1441.8526884461855}","{'HeI_3819.62': 395.40068088818265, 'HeI_4009.26': 82.49445624340304, 'HeI_4143.76': 143.90387895028582, 'HeI_4387.93': 217.35453389141142, 'HeI_4471.50': 259.1104471862925, 'HeI_4713.17': 124.46860701229708, 'HeI_4921.93': 284.94530908864084, 'Hf': 2743.089954907295, 'Hn': 1436.8585222817856}"
T23000logg3.6,"{'HeI_3819.62': 241.76724522652134, 'HeI_4009.26': 165.03388065765597, 'HeI_4143.76': 188.74945922699197, 'HeI_4387.93': 207.1904787974478, 'HeI_4471.50': 294.85680647053596, 'HeI_4713.17': 149.39647509221834, 'HeI_4921.93': 323.417708671872, 'Hf': 3901.3857133128854, 'Hn': 2102.405316781463}","{'HeI_3819.62': 95.55764290399475, 'HeI_4009.26': 88.01002086113328, 'HeI_4143.76': 100.16766011949302, 'HeI_4387.93': 106.0066073689949, 'HeI_4471.50': 155.90118581907691, 'HeI_4713.17': 56.41920027855293, 'HeI_4921.93': 169.40902645226157, 'Hf': 3837.097380232649, 'Hn': 2071.126446845009}","{'HeI_3819.62': 54.902056869737685, 'HeI_4009.26': 51.791119707617916, 'HeI_4143.76': 67.65649781698107, 'HeI_4387.93': 70.2004125305514, 'HeI_4471.50': 96.60490451351947, 'HeI_4713.17': 30.394269736116286, 'HeI_4921.93': 141.73326474813942, 'Hf': 3779.177557460292, 'Hn': 2049.9972928529096}","{'HeI_3819.62': 74.91836274481642, 'HeI_4009.26': 39.65611725810058, 'HeI_4143.76': 68.460990932647, 'HeI_4387.93': 74.09897959733227, 'HeI_4471.50': 87.57119715665655, 'HeI_4713.17': 36.139952955364734, 'HeI_4921.93': 157.49237737569845, 'Hf': 3728.7866391423763, 'Hn': 2035.472766236952}","{'HeI_3819.62': 127.64216995224685, 'HeI_4009.26': 40.88259329336647, 'HeI_4143.76': 84.4404081270849, 'HeI_4387.93': 97.62986288765943, 'HeI_4471.50': 107.92122050807147, 'HeI_4713.17': 53.94676835713707, 'HeI_4921.93': 182.48583330251304, 'Hf': 3685.0362984273524, 'Hn': 2023.719238213869}","{'HeI_3819.62': 195.35353615561394, 'HeI_4009.26': 49.69260364286763, 'HeI_4143.76': 104.12201208577197, 'HeI_4387.93': 128.94899327571568, 'HeI_4471.50': 142.8687661993449, 'HeI_4713.17': 74.03967057624408, 'HeI_4921.93': 209.273184669256, 'Hf': 3648.0707351160127, 'Hn': 2012.3325519020832}","{'HeI_3819.62': 268.18586500847, 'HeI_4009.26': 62.41228303197809, 'HeI_4143.76': 123.31853713576612, 'HeI_4387.93': 162.81046569904598, 'HeI_4471.50': 183.7174024289189, 'HeI_4713.17': 93.0063041472136, 'HeI_4921.93': 236.46282085545982, 'Hf': 3615.9431400284448, 'Hn': 2000.6376324733997}","{'HeI_3819.62': 341.4908036642364, 'HeI_4009.26': 76.83476760322287, 'HeI_4143.76': 140.69341912307112, 'HeI_4387.93': 196.08349412681062, 'HeI_4471.50': 225.90789085322237, 'HeI_4713.17': 110.13180206203522, 'HeI_4921.93': 264.45440615457636, 'Hf': 3586.3925885841736, 'Hn': 1989.2962142411704}","{'HeI_3819.62': 411.55082556193105, 'HeI_4009.26': 91.10455167722886, 'HeI_4143.76': 155.79507235880726, 'HeI_4387.93': 226.3954946989206, 'HeI_4471.50': 266.69143195453137, 'HeI_4713.17': 125.50040922681829, 'HeI_4921.93': 294.1839071207007, 'Hf': 3558.692728924448, 'Hn': 1980.3991591465356}"
T23000logg3.8,"{'HeI_3819.62': 278.63756794381857, 'HeI_4009.26': 192.19941571701926, 'HeI_4143.76': 217.6742800800208, 'HeI_4387.93': 235.4038430225194, 'HeI_4471.50': 283.37658230316356, 'HeI_4713.17': 143.04568368016837, 'HeI_4921.93': 309.22447433037087, 'Hf': 4696.476963793822, 'Hn': 2685.971912920916}","{'HeI_3819.62': 154.00817193476135, 'HeI_4009.26': 116.34887130901957, 'HeI_4143.76': 129.24981416483294, 'HeI_4387.93': 142.55531104518403, 'HeI_4471.50': 162.25403829109166, 'HeI_4713.17': 54.28306775852716, 'HeI_4921.93': 173.720200135802, 'Hf': 4651.3477092660305, 'Hn': 2665.2752566698837}","{'HeI_3819.62': 120.11498232357417, 'HeI_4009.26': 78.23601323401834, 'HeI_4143.76': 94.12341794067787, 'HeI_4387.93': 107.1843046444312, 'HeI_4471.50': 111.05042409915305, 'HeI_4713.17': 29.850854149230432, 'HeI_4921.93': 147.1326248399252, 'Hf': 4611.025718173516, 'Hn': 2651.7223659123124}","{'HeI_3819.62': 140.68735493110842, 'HeI_4009.26': 63.463813543997354, 'HeI_4143.76': 91.73371457115731, 'HeI_4387.93': 108.29810798172657, 'HeI_4471.50': 104.66430284101145, 'HeI_4713.17': 36.12965673735414, 'HeI_4921.93': 160.86820348008354, 'Hf': 4575.3887292159025, 'Hn': 2642.6404020746145}","{'HeI_3819.62': 191.84997286880082, 'HeI_4009.26': 62.1577289148266, 'HeI_4143.76': 104.94897285473422, 'HeI_4387.93': 128.3022130008923, 'HeI_4471.50': 124.89170963698464, 'HeI_4713.17': 54.116335200227034, 'HeI_4921.93': 185.17020871675732, 'Hf': 4543.034308430339, 'Hn': 2635.039668907257}","{'HeI_3819.62': 257.47435549766215, 'HeI_4009.26': 68.83751342566698, 'HeI_4143.76': 122.72351848316015, 'HeI_4387.93': 156.37947909121746, 'HeI_4471.50': 158.3866456650966, 'HeI_4713.17': 74.27325277419551, 'HeI_4921.93': 212.43473776764387, 'Hf': 4513.660150658278, 'Hn': 2627.0315514067756}","{'HeI_3819.62': 328.2675110216526, 'HeI_4009.26': 79.87284452084272, 'HeI_4143.76': 140.67267953789215, 'HeI_4387.93': 187.40207079247605, 'HeI_4471.50': 197.1797920891323, 'HeI_4713.17': 93.27242103079872, 'HeI_4921.93': 240.6372707377854, 'Hf': 4485.573993750558, 'Hn': 2618.01552069349}","{'HeI_3819.62': 399.7574124819179, 'HeI_4009.26': 93.01438692483282, 'HeI_4143.76': 157.228360388194, 'HeI_4387.93': 218.24753766183088, 'HeI_4471.50': 237.26839775761206, 'HeI_4713.17': 110.42542549087895, 'HeI_4921.93': 269.7336114651832, 'Hf': 4456.8869963888255, 'Hn': 2608.457525531677}","{'HeI_3819.62': 468.2090408541158, 'HeI_4009.26': 106.35800655563108, 'HeI_4143.76': 171.6987288987485, 'HeI_4387.93': 246.58568264627036, 'HeI_4471.50': 276.22570000563536, 'HeI_4713.17': 125.80916699091163, 'HeI_4921.93': 300.2684010394324, 'Hf': 4427.345078906057, 'Hn': 2600.156375691273}"
T23000logg4.0,"{'HeI_3819.62': 381.22051576681326, 'HeI_4009.26': 206.51959566818067, 'HeI_4143.76': 233.6760602548168, 'HeI_4387.93': 259.1842143036388, 'HeI_4471.50': 307.6092791996116, 'HeI_4713.17': 148.78341658130867, 'HeI_4921.93': 293.38807024748087, 'Hf': 5597.555672899616, 'Hn': 3294.788332092735}","{'HeI_3819.62': 270.1667149694274, 'HeI_4009.26': 138.12410204219168, 'HeI_4143.76': 149.89392645750738, 'HeI_4387.93': 176.69010634590748, 'HeI_4471.50': 195.0083663336144, 'HeI_4713.17': 59.26826787423934, 'HeI_4921.93': 173.70939153110143, 'Hf': 5564.184866540821, 'Hn': 3280.3120334148366}","{'HeI_3819.62': 238.83897912099937, 'HeI_4009.26': 102.71884511334947, 'HeI_4143.76': 114.95169348284546, 'HeI_4387.93': 144.55082236698405, 'HeI_4471.50': 146.54886234359924, 'HeI_4713.17': 33.68086903231293, 'HeI_4921.93': 148.75597381715156, 'Hf': 5533.4881969292555, 'Hn': 3270.510006013863}","{'HeI_3819.62': 257.8853822904866, 'HeI_4009.26': 88.43472867860703, 'HeI_4143.76': 110.97288629565152, 'HeI_4387.93': 145.09483033273855, 'HeI_4471.50': 139.75283092910996, 'HeI_4713.17': 38.99524943396487, 'HeI_4921.93': 161.70729453765497, 'Hf': 5504.975995538591, 'Hn': 3263.4481100444805}","{'HeI_3819.62': 306.51298500798475, 'HeI_4009.26': 86.70342827826123, 'HeI_4143.76': 122.30466621764639, 'HeI_4387.93': 162.981515637486, 'HeI_4471.50': 157.89795747506585, 'HeI_4713.17': 56.299573793858514, 'HeI_4921.93': 186.56562865478472, 'Hf': 5477.411577414723, 'Hn': 3257.017102347795}","{'HeI_3819.62': 369.6860354803093, 'HeI_4009.26': 92.5998481403398, 'HeI_4143.76': 138.64127754047425, 'HeI_4387.93': 188.50785872083395, 'HeI_4471.50': 188.7117497672354, 'HeI_4713.17': 76.020389573679, 'HeI_4921.93': 215.40232490919925, 'Hf': 5450.546364024861, 'Hn': 3249.9017709051573}","{'HeI_3819.62': 438.36549697245096, 'HeI_4009.26': 102.73010396187884, 'HeI_4143.76': 155.60115877072207, 'HeI_4387.93': 216.8863307010023, 'HeI_4471.50': 224.73834546230313, 'HeI_4713.17': 94.74288837468096, 'HeI_4921.93': 245.4984385030093, 'Hf': 5422.975914508884, 'Hn': 3241.6388639641027}","{'HeI_3819.62': 508.05139321824964, 'HeI_4009.26': 114.95382968157722, 'HeI_4143.76': 171.49387928651421, 'HeI_4387.93': 245.2137116614311, 'HeI_4471.50': 262.22084522458545, 'HeI_4713.17': 111.71844502886204, 'HeI_4921.93': 276.3582276084246, 'Hf': 5393.045693205143, 'Hn': 3232.516554350992}","{'HeI_3819.62': 574.8913212230011, 'HeI_4009.26': 127.4334410124651, 'HeI_4143.76': 185.46679702143405, 'HeI_4387.93': 271.3913507882653, 'HeI_4471.50': 298.9132693411646, 'HeI_4713.17': 126.99233253730043, 'HeI_4921.93': 308.199919124817, 'Hf': 5360.733962628769, 'Hn': 3223.9891547646594}"
T23000logg4.2,"{'HeI_3819.62': 535.6284544941511, 'HeI_4009.26': 251.51515427718698, 'HeI_4143.76': 291.99330745638656, 'HeI_4387.93': 340.3141456130386, 'HeI_4471.50': 328.54527265273845, 'HeI_4713.17': 148.15077147957425, 'HeI_4921.93': 336.0143479150379, 'Hf': 6522.058687669466, 'Hn': 3989.9219307549192}","{'HeI_3819.62': 446.02015339132976, 'HeI_4009.26': 184.75869161485912, 'HeI_4143.76': 205.96010715681766, 'HeI_4387.93': 261.5010297638826, 'HeI_4471.50': 230.00286017669276, 'HeI_4713.17': 60.8014554715356, 'HeI_4921.93': 225.54975448960994, 'Hf': 6498.928583487217, 'Hn': 3981.745636580073}","{'HeI_3819.62': 422.8520687969918, 'HeI_4009.26': 147.62787736868205, 'HeI_4143.76': 166.2657372310035, 'HeI_4387.93': 226.81611965200665, 'HeI_4471.50': 187.6812959902975, 'HeI_4713.17': 35.473599501076244, 'HeI_4921.93': 197.53622416461414, 'Hf': 6478.598347390961, 'Hn': 3977.5389527488337}","{'HeI_3819.62': 443.86172451651083, 'HeI_4009.26': 130.45085298789996, 'HeI_4143.76': 157.16846650698892, 'HeI_4387.93': 222.22301660970996, 'HeI_4471.50': 182.34953385953818, 'HeI_4713.17': 40.533075363903755, 'HeI_4921.93': 205.63028925911743, 'Hf': 6459.654068117173, 'Hn': 3975.5006738015936}","{'HeI_3819.62': 491.90029721420746, 'HeI_4009.26': 125.67839034834354, 'HeI_4143.76': 163.88219444914554, 'HeI_4387.93': 234.44444823439028, 'HeI_4471.50': 199.41204752398514, 'HeI_4713.17': 57.53903273791466, 'HeI_4921.93': 226.910606194496, 'Hf': 6440.260389993536, 'Hn': 3973.6197348706055}","{'HeI_3819.62': 553.521391991934, 'HeI_4009.26': 128.77538603550272, 'HeI_4143.76': 176.49649417169596, 'HeI_4387.93': 254.78467122232874, 'HeI_4471.50': 228.01950602963691, 'HeI_4713.17': 77.0481420091164, 'HeI_4921.93': 253.47357742046898, 'Hf': 6419.478796244108, 'Hn': 3970.4944489792238}","{'HeI_3819.62': 620.2921551569708, 'HeI_4009.26': 136.3014574285497, 'HeI_4143.76': 190.47391957605552, 'HeI_4387.93': 278.5317408900783, 'HeI_4471.50': 261.4425443570997, 'HeI_4713.17': 95.63363470775097, 'HeI_4921.93': 282.12308516744304, 'Hf': 6395.884468906105, 'Hn': 3965.6001091768717}","{'HeI_3819.62': 687.8919030046926, 'HeI_4009.26': 146.05432242195906, 'HeI_4143.76': 203.91950155629257, 'HeI_4387.93': 302.79771686789246, 'HeI_4471.50': 296.283238462798, 'HeI_4713.17': 112.52293569038876, 'HeI_4921.93': 311.9098079599184, 'Hf': 6368.025570077787, 'Hn': 3959.103230782944}","{'HeI_3819.62': 752.6171012629025, 'HeI_4009.26': 156.26679480043623, 'HeI_4143.76': 215.82839659477185, 'HeI_4387.93': 325.6764330388035, 'HeI_4471.50': 330.6444332049196, 'HeI_4713.17': 127.75045840465066, 'HeI_4921.93': 342.8509457731837, 'Hf': 6336.013618549652, 'Hn': 3952.27919452468}"
T24000logg2.8,"{'HeI_3819.62': 379.9323945892136, 'HeI_4009.26': 82.96335876765312, 'HeI_4143.76': 89.8994713641498, 'HeI_4387.93': 157.0768425300872, 'HeI_4471.50': 264.0197607301889, 'HeI_4713.17': 111.66300549870375, 'HeI_4921.93': 210.34007356086778, 'Hf': 1037.758866594517, 'Hn': 467.41899471217846}","{'HeI_3819.62': 217.54478105403504, 'HeI_4009.26': 34.194081639887735, 'HeI_4143.76': 26.17016326658642, 'HeI_4387.93': 58.27877711794979, 'HeI_4471.50': 114.45484055693167, 'HeI_4713.17': 34.15257785704565, 'HeI_4921.93': 61.99960718977607, 'Hf': 845.9942130056954, 'Hn': 348.83025757036245}","{'HeI_3819.62': 193.3378943285487, 'HeI_4009.26': 21.915872625668598, 'HeI_4143.76': 13.808136199548285, 'HeI_4387.93': 38.1705813504422, 'HeI_4471.50': 62.48111325907733, 'HeI_4713.17': 17.631417099117424, 'HeI_4921.93': 41.35915524004792, 'Hf': 688.782901940655, 'Hn': 251.54548308785954}","{'HeI_3819.62': 236.27948946529517, 'HeI_4009.26': 26.877053628813005, 'HeI_4143.76': 27.334520921662556, 'HeI_4387.93': 58.50039404391672, 'HeI_4471.50': 66.29167175233744, 'HeI_4713.17': 28.813259161969576, 'HeI_4921.93': 68.061282954581, 'Hf': 578.4394535848811, 'Hn': 179.3489386223573}","{'HeI_3819.62': 308.91580371317036, 'HeI_4009.26': 39.45926923913378, 'HeI_4143.76': 50.86765173584579, 'HeI_4387.93': 95.62321003284399, 'HeI_4471.50': 99.18248367648518, 'HeI_4713.17': 49.65393714416235, 'HeI_4921.93': 106.87820925825753, 'Hf': 512.4396648761634, 'Hn': 131.34811754020015}","{'HeI_3819.62': 390.3780632059635, 'HeI_4009.26': 54.98584297498697, 'HeI_4143.76': 75.36951528448441, 'HeI_4387.93': 136.52309397994043, 'HeI_4471.50': 144.52864252609484, 'HeI_4713.17': 71.41953461540635, 'HeI_4921.93': 146.78988075565465, 'Hf': 483.68598856224145, 'Hn': 106.28261925943836}","{'HeI_3819.62': 471.364458235086, 'HeI_4009.26': 71.11984978147728, 'HeI_4143.76': 98.07932980827681, 'HeI_4387.93': 176.16380703537016, 'HeI_4471.50': 193.58355052481804, 'HeI_4713.17': 91.32813931552299, 'HeI_4921.93': 184.84319434140141, 'Hf': 481.84634369797925, 'Hn': 101.01407291379859}","{'HeI_3819.62': 548.5142552870292, 'HeI_4009.26': 86.80379940448468, 'HeI_4143.76': 118.51903048224386, 'HeI_4387.93': 212.25692591246676, 'HeI_4471.50': 241.92370720078833, 'HeI_4713.17': 109.02384229154754, 'HeI_4921.93': 221.1109352173836, 'Hf': 499.08547485133937, 'Hn': 112.78966142139572}","{'HeI_3819.62': 619.4025070790436, 'HeI_4009.26': 100.92004258134398, 'HeI_4143.76': 136.74680319700994, 'HeI_4387.93': 243.53701206908775, 'HeI_4471.50': 286.8887868992127, 'HeI_4713.17': 124.7773348426382, 'HeI_4921.93': 256.6982486294359, 'Hf': 529.3158925001238, 'Hn': 139.3910381231576}"
T24000logg3.0,"{'HeI_3819.62': 280.2643845170293, 'HeI_4009.26': 143.1844692317253, 'HeI_4143.76': 151.8539942127599, 'HeI_4387.93': 189.5993207917135, 'HeI_4471.50': 255.4916706262877, 'HeI_4713.17': 121.86430753263431, 'HeI_4921.93': 246.2091323749609, 'Hf': 1558.6722388589592, 'Hn': 570.2008443635262}","{'HeI_3819.62': 112.88640214871289, 'HeI_4009.26': 56.63233211825679, 'HeI_4143.76': 53.49166862727286, 'HeI_4387.93': 64.38120717483581, 'HeI_4471.50': 109.72269081213025, 'HeI_4713.17': 39.3366333289325, 'HeI_4921.93': 93.86314191893581, 'Hf': 1456.3084047760965, 'Hn': 510.95588948111254}","{'HeI_3819.62': 80.53222434917124, 'HeI_4009.26': 22.200355980042062, 'HeI_4143.76': 21.613940674752595, 'HeI_4387.93': 24.314804804079035, 'HeI_4471.50': 55.987660236799464, 'HeI_4713.17': 19.885387025546137, 'HeI_4921.93': 68.10090683351706, 'Hf': 1364.4665555538083, 'Hn': 461.447041591058}","{'HeI_3819.62': 116.35433612795407, 'HeI_4009.26': 14.621669294477517, 'HeI_4143.76': 25.250557761024346, 'HeI_4387.93': 31.96032050725803, 'HeI_4471.50': 56.40105544471204, 'HeI_4713.17': 29.48239753967295, 'HeI_4921.93': 89.15447043179128, 'Hf': 1290.5193318715667, 'Hn': 421.9268995348613}","{'HeI_3819.62': 183.7854322343412, 'HeI_4009.26': 20.174919629918335, 'HeI_4143.76': 44.21808300698648, 'HeI_4387.93': 61.60636850015166, 'HeI_4471.50': 86.15618653612286, 'HeI_4713.17': 49.5141146208782, 'HeI_4921.93': 121.95758116801956, 'Hf': 1235.6148631456433, 'Hn': 391.6891132161104}","{'HeI_3819.62': 262.25353300385694, 'HeI_4009.26': 32.00997154167106, 'HeI_4143.76': 66.76573297356879, 'HeI_4387.93': 98.58606242922951, 'HeI_4471.50': 129.1621376565086, 'HeI_4713.17': 70.871248847004, 'HeI_4921.93': 156.7241899876021, 'Hf': 1200.1928313835795, 'Hn': 370.90993844904943}","{'HeI_3819.62': 342.1367028044805, 'HeI_4009.26': 46.40933858078207, 'HeI_4143.76': 88.70997257312362, 'HeI_4387.93': 136.62255384029132, 'HeI_4471.50': 176.7994423222384, 'HeI_4713.17': 90.5768558704253, 'HeI_4921.93': 190.97988492091628, 'Hf': 1181.189742422825, 'Hn': 359.4587750578311}","{'HeI_3819.62': 419.578994654622, 'HeI_4009.26': 61.53698398963688, 'HeI_4143.76': 108.82550466202558, 'HeI_4387.93': 172.5429910006151, 'HeI_4471.50': 224.54119827528265, 'HeI_4713.17': 108.16687729701827, 'HeI_4921.93': 224.6977668887036, 'Hf': 1175.2979998070284, 'Hn': 357.3682630877141}","{'HeI_3819.62': 491.6410091275095, 'HeI_4009.26': 75.87752340623996, 'HeI_4143.76': 126.7706098115983, 'HeI_4387.93': 204.34323450014656, 'HeI_4471.50': 269.4245139321174, 'HeI_4713.17': 123.84320727076027, 'HeI_4921.93': 258.6927742856965, 'Hf': 1179.885613063245, 'Hn': 365.06193793864276}"
T24000logg3.2,"{'HeI_3819.62': 218.0935190371011, 'HeI_4009.26': 122.03894085316446, 'HeI_4143.76': 130.79229387817043, 'HeI_4387.93': 157.093393538999, 'HeI_4471.50': 239.0959726541586, 'HeI_4713.17': 112.27711398106496, 'HeI_4921.93': 266.8921178963144, 'Hf': 1946.156132467689, 'Hn': 784.8260512049181}","{'HeI_3819.62': 68.09720971108639, 'HeI_4009.26': 49.04243411949914, 'HeI_4143.76': 49.10522232131224, 'HeI_4387.93': 55.23315321661464, 'HeI_4471.50': 105.41107552948921, 'HeI_4713.17': 35.561886743074105, 'HeI_4921.93': 117.9142402656588, 'Hf': 1875.7536030085148, 'Hn': 747.9707443650223}","{'HeI_3819.62': 38.39198130021971, 'HeI_4009.26': 19.694067256793762, 'HeI_4143.76': 24.364917050557633, 'HeI_4387.93': 25.255261070523673, 'HeI_4471.50': 55.68685815986199, 'HeI_4713.17': 18.536283385217263, 'HeI_4921.93': 98.38563014845997, 'Hf': 1814.569322670595, 'Hn': 722.7515235693348}","{'HeI_3819.62': 71.91941664166325, 'HeI_4009.26': 13.883274361982815, 'HeI_4143.76': 31.01177159597574, 'HeI_4387.93': 36.62349403286914, 'HeI_4471.50': 56.23199130945511, 'HeI_4713.17': 29.129229570111352, 'HeI_4921.93': 121.14003543660858, 'Hf': 1765.5545327308682, 'Hn': 706.117208360749}","{'HeI_3819.62': 136.14217162112521, 'HeI_4009.26': 19.950923744267016, 'HeI_4143.76': 51.016264716016984, 'HeI_4387.93': 67.14265447917677, 'HeI_4471.50': 84.6724021778406, 'HeI_4713.17': 49.59974093375426, 'HeI_4921.93': 151.0755325303208, 'Hf': 1728.7311644442805, 'Hn': 694.9766241207755}","{'HeI_3819.62': 212.00685098153258, 'HeI_4009.26': 31.76112618566931, 'HeI_4143.76': 73.55924150448023, 'HeI_4387.93': 103.97967841098796, 'HeI_4471.50': 126.04537593368724, 'HeI_4713.17': 71.1696133580181, 'HeI_4921.93': 181.05146860001315, 'Hf': 1704.2415389747791, 'Hn': 687.424409531958}","{'HeI_3819.62': 290.21696924852085, 'HeI_4009.26': 45.95544119846766, 'HeI_4143.76': 94.9930348839436, 'HeI_4387.93': 141.83617779049675, 'HeI_4471.50': 172.13873982104008, 'HeI_4713.17': 90.99912217369364, 'HeI_4921.93': 210.28159612011726, 'Hf': 1690.0631931583034, 'Hn': 683.0966506596985}","{'HeI_3819.62': 366.8296358943539, 'HeI_4009.26': 60.83897195380488, 'HeI_4143.76': 114.29866972270113, 'HeI_4387.93': 177.87085943832903, 'HeI_4471.50': 218.66853310294584, 'HeI_4713.17': 108.67150173140907, 'HeI_4921.93': 239.63006921180565, 'Hf': 1683.8314651622643, 'Hn': 682.6401766909212}","{'HeI_3819.62': 438.6805837934301, 'HeI_4009.26': 74.9768213148807, 'HeI_4143.76': 131.2374199951912, 'HeI_4387.93': 210.02189379374548, 'HeI_4471.50': 262.79353968803514, 'HeI_4713.17': 124.39351201784392, 'HeI_4921.93': 270.28667521438484, 'Hf': 1683.791509575734, 'Hn': 687.442458182124}"
T24000logg3.4,"{'HeI_3819.62': 201.0121368744816, 'HeI_4009.26': 141.70119821867215, 'HeI_4143.76': 158.85027793668706, 'HeI_4387.93': 181.29769972059617, 'HeI_4471.50': 248.82602026514002, 'HeI_4713.17': 124.92008221763126, 'HeI_4921.93': 319.456178570287, 'Hf': 2830.714328471652, 'Hn': 1437.3355144505986}","{'HeI_3819.62': 53.00883733453869, 'HeI_4009.26': 64.90799410441915, 'HeI_4143.76': 72.80050860718899, 'HeI_4387.93': 78.06514676210921, 'HeI_4471.50': 116.63343440049869, 'HeI_4713.17': 42.40480059799011, 'HeI_4921.93': 160.56487108902465, 'Hf': 2768.9568794189504, 'Hn': 1402.2063618936431}","{'HeI_3819.62': 18.589502750310487, 'HeI_4009.26': 31.30989091438862, 'HeI_4143.76': 44.044205878805606, 'HeI_4387.93': 43.99780196978154, 'HeI_4471.50': 64.75274165392703, 'HeI_4713.17': 22.197331083524904, 'HeI_4921.93': 136.15401813699992, 'Hf': 2713.5942756081085, 'Hn': 1380.2980499307769}","{'HeI_3819.62': 46.12960556332279, 'HeI_4009.26': 22.103547185211752, 'HeI_4143.76': 47.86053885212625, 'HeI_4387.93': 51.11715000187547, 'HeI_4471.50': 62.15154024107266, 'HeI_4713.17': 31.100636719217864, 'HeI_4921.93': 154.88531177559187, 'Hf': 2666.6776941686976, 'Hn': 1366.4449147100981}","{'HeI_3819.62': 105.19478037014886, 'HeI_4009.26': 25.73984495160567, 'HeI_4143.76': 65.89365974245584, 'HeI_4387.93': 78.02735792310854, 'HeI_4471.50': 87.58336585306515, 'HeI_4713.17': 50.65341811198244, 'HeI_4921.93': 180.48203465888508, 'Hf': 2627.9349098167017, 'Hn': 1355.7384680830032}","{'HeI_3819.62': 177.47148334462386, 'HeI_4009.26': 36.05494704051188, 'HeI_4143.76': 86.98095707313657, 'HeI_4387.93': 112.25106968733192, 'HeI_4471.50': 126.4161823060633, 'HeI_4713.17': 71.72641983736455, 'HeI_4921.93': 206.38449271879333, 'Hf': 2597.684250363911, 'Hn': 1345.2352972043564}","{'HeI_3819.62': 253.43186616065248, 'HeI_4009.26': 49.505611097480106, 'HeI_4143.76': 107.23116849330547, 'HeI_4387.93': 148.42466279763755, 'HeI_4471.50': 170.38435649776721, 'HeI_4713.17': 91.27372659252889, 'HeI_4921.93': 232.12558211713664, 'Hf': 2574.300940978298, 'Hn': 1334.3650563332837}","{'HeI_3819.62': 328.80055178232027, 'HeI_4009.26': 64.15463496524158, 'HeI_4143.76': 125.45186557832639, 'HeI_4387.93': 183.48695921307797, 'HeI_4471.50': 215.223298498794, 'HeI_4713.17': 108.77299130582553, 'HeI_4921.93': 258.6524556622827, 'Hf': 2555.784358157826, 'Hn': 1324.0653290233179}","{'HeI_3819.62': 400.1966649405136, 'HeI_4009.26': 78.38558711780507, 'HeI_4143.76': 141.3328498335808, 'HeI_4387.93': 215.16180920095184, 'HeI_4471.50': 258.1555401093151, 'HeI_4713.17': 124.38973062606479, 'HeI_4921.93': 287.2258336930594, 'Hf': 2541.080539241875, 'Hn': 1316.609573537628}"
T24000logg3.6,"{'HeI_3819.62': 193.24876576280502, 'HeI_4009.26': 138.58183076263552, 'HeI_4143.76': 161.00137635629287, 'HeI_4387.93': 174.26487495892542, 'HeI_4471.50': 246.33710754663267, 'HeI_4713.17': 124.8314861759412, 'HeI_4921.93': 307.38852091351225, 'Hf': 3331.4952142194616, 'Hn': 1767.8969217477625}","{'HeI_3819.62': 62.15075380205874, 'HeI_4009.26': 69.4009044920915, 'HeI_4143.76': 81.08693172603091, 'HeI_4387.93': 83.48235167657828, 'HeI_4471.50': 123.31938702719087, 'HeI_4713.17': 43.17587410477708, 'HeI_4921.93': 161.59771708467957, 'Hf': 3280.8465020363024, 'Hn': 1742.1017339613477}","{'HeI_3819.62': 32.019891505206424, 'HeI_4009.26': 38.2090239023536, 'HeI_4143.76': 53.79271220837957, 'HeI_4387.93': 53.997740676587135, 'HeI_4471.50': 74.44861094109736, 'HeI_4713.17': 23.046598982407083, 'HeI_4921.93': 139.48740482448014, 'Hf': 3236.572775799636, 'Hn': 1727.2069864962436}","{'HeI_3819.62': 58.78424697246364, 'HeI_4009.26': 29.32327472861186, 'HeI_4143.76': 57.489106738904454, 'HeI_4387.93': 61.79055935253186, 'HeI_4471.50': 72.00184791188745, 'HeI_4713.17': 31.824336530938915, 'HeI_4921.93': 157.87294295066448, 'Hf': 3199.3972847979157, 'Hn': 1719.0796170281887}","{'HeI_3819.62': 115.58826038960912, 'HeI_4009.26': 32.60975128495025, 'HeI_4143.76': 74.97278226382092, 'HeI_4387.93': 87.87125250828696, 'HeI_4471.50': 96.50965625595332, 'HeI_4713.17': 51.24712275787756, 'HeI_4921.93': 183.37711663423926, 'Hf': 3168.3975848177547, 'Hn': 1713.5150057038843}","{'HeI_3819.62': 185.55239509605747, 'HeI_4009.26': 42.4779047453965, 'HeI_4143.76': 95.45975206842455, 'HeI_4387.93': 120.85790653460576, 'HeI_4471.50': 134.03691498544595, 'HeI_4713.17': 72.23327974370606, 'HeI_4921.93': 209.61841278543935, 'Hf': 3143.289569827484, 'Hn': 1707.7609170124636}","{'HeI_3819.62': 259.56995602405635, 'HeI_4009.26': 55.59900680561929, 'HeI_4143.76': 115.13786104685629, 'HeI_4387.93': 155.73121721353937, 'HeI_4471.50': 176.54148694802205, 'HeI_4713.17': 91.72921911049475, 'HeI_4921.93': 235.90548825177447, 'Hf': 3122.328993154182, 'Hn': 1701.1083245374855}","{'HeI_3819.62': 333.44206763359534, 'HeI_4009.26': 70.06511824988675, 'HeI_4143.76': 132.84216749500857, 'HeI_4387.93': 189.62103977059286, 'HeI_4471.50': 219.90087602037465, 'HeI_4713.17': 109.19258139069164, 'HeI_4921.93': 263.0073808008204, 'Hf': 3103.5916920915784, 'Hn': 1694.3159300628217}","{'HeI_3819.62': 403.7305632483602, 'HeI_4009.26': 84.22783785825392, 'HeI_4143.76': 148.22298458128714, 'HeI_4387.93': 220.40589954736478, 'HeI_4471.50': 261.537274725296, 'HeI_4713.17': 124.77533785237034, 'HeI_4921.93': 292.0338907977248, 'Hf': 3086.31493756617, 'Hn': 1689.4622722223608}"
T24000logg3.8,"{'HeI_3819.62': 218.56744729338848, 'HeI_4009.26': 144.14296443416436, 'HeI_4143.76': 173.59280092962464, 'HeI_4387.93': 185.1303170716157, 'HeI_4471.50': 247.97648217550025, 'HeI_4713.17': 123.82370257557449, 'HeI_4921.93': 296.82272659927395, 'Hf': 4088.0754381824127, 'Hn': 2297.0540341487845}","{'HeI_3819.62': 104.00609524704842, 'HeI_4009.26': 80.34077515982419, 'HeI_4143.76': 97.37008352134012, 'HeI_4387.93': 104.1702178537332, 'HeI_4471.50': 135.741256300173, 'HeI_4713.17': 43.414900700538965, 'HeI_4921.93': 165.47921940447404, 'Hf': 4047.4933214845128, 'Hn': 2277.356003642917}","{'HeI_3819.62': 78.10482409921168, 'HeI_4009.26': 50.347052530327566, 'HeI_4143.76': 70.15413043328441, 'HeI_4387.93': 77.1286936382794, 'HeI_4471.50': 91.01904086137256, 'HeI_4713.17': 23.47201074114614, 'HeI_4921.93': 145.3411233792831, 'Hf': 4012.657840837163, 'Hn': 2267.013821313988}","{'HeI_3819.62': 104.40620129005227, 'HeI_4009.26': 40.98762110471398, 'HeI_4143.76': 72.69219717865548, 'HeI_4387.93': 83.87793217161638, 'HeI_4471.50': 89.19743719728355, 'HeI_4713.17': 32.225903868420325, 'HeI_4921.93': 163.13374995263356, 'Hf': 3983.392319352536, 'Hn': 2262.339405186181}","{'HeI_3819.62': 159.38909697192497, 'HeI_4009.26': 43.27282073818002, 'HeI_4143.76': 88.85440649965975, 'HeI_4387.93': 107.83052900135947, 'HeI_4471.50': 112.59682975725443, 'HeI_4713.17': 51.61609394394553, 'HeI_4921.93': 188.58519736363806, 'Hf': 3958.3148436213514, 'Hn': 2259.4812544846836}","{'HeI_3819.62': 227.38896486469415, 'HeI_4009.26': 52.01891487168425, 'HeI_4143.76': 108.31557893462178, 'HeI_4387.93': 138.69042405629224, 'HeI_4471.50': 148.30932871261908, 'HeI_4713.17': 72.59180260053513, 'HeI_4921.93': 215.31623651014047, 'Hf': 3936.706572831129, 'Hn': 2255.8152704064814}","{'HeI_3819.62': 299.6285730485396, 'HeI_4009.26': 63.9694985337289, 'HeI_4143.76': 127.2406910168875, 'HeI_4387.93': 171.70506078248894, 'HeI_4471.50': 188.75818574757895, 'HeI_4713.17': 92.0864332968377, 'HeI_4921.93': 242.31781263472897, 'Hf': 3916.866859358304, 'Hn': 2250.550285883509}","{'HeI_3819.62': 371.98141123087163, 'HeI_4009.26': 77.25445331015908, 'HeI_4143.76': 144.37679302985933, 'HeI_4387.93': 204.09213762840824, 'HeI_4471.50': 230.11300376022652, 'HeI_4713.17': 109.54915878643969, 'HeI_4921.93': 270.1143214936625, 'Hf': 3897.0107914284035, 'Hn': 2244.3060256317663}","{'HeI_3819.62': 440.99828997823766, 'HeI_4009.26': 90.31104839179797, 'HeI_4143.76': 159.26150212848245, 'HeI_4387.93': 233.7780655176734, 'HeI_4471.50': 270.0700938937987, 'HeI_4713.17': 125.13138333236036, 'HeI_4921.93': 299.6461068663219, 'Hf': 3876.613320941305, 'Hn': 2239.063179406984}"
T24000logg4.0,"{'HeI_3819.62': 285.65922823452405, 'HeI_4009.26': 152.88834888895084, 'HeI_4143.76': 190.27060267263826, 'HeI_4387.93': 206.54074601714524, 'HeI_4471.50': 259.87416654769584, 'HeI_4713.17': 126.69110237632748, 'HeI_4921.93': 288.1228967842237, 'Hf': 4823.908996854349, 'Hn': 2782.1372578071596}","{'HeI_3819.62': 185.3644880356166, 'HeI_4009.26': 94.41014086112884, 'HeI_4143.76': 117.06088917038235, 'HeI_4387.93': 132.91810146360362, 'HeI_4471.50': 156.09417970441086, 'HeI_4713.17': 46.434111699896626, 'HeI_4921.93': 169.75787851794198, 'Hf': 4790.3659246629195, 'Hn': 2768.5825303878314}","{'HeI_3819.62': 163.61317324197591, 'HeI_4009.26': 65.94436954893729, 'HeI_4143.76': 89.31750666900015, 'HeI_4387.93': 107.58367522648737, 'HeI_4471.50': 114.5391884728116, 'HeI_4713.17': 26.00978872842006, 'HeI_4921.93': 150.50290822720027, 'Hf': 4761.134145763163, 'Hn': 2761.7909984495755}","{'HeI_3819.62': 189.70820824247224, 'HeI_4009.26': 56.49490313865003, 'HeI_4143.76': 90.06424151283393, 'HeI_4387.93': 113.23643882122556, 'HeI_4471.50': 113.0160875517243, 'HeI_4713.17': 34.150908911473444, 'HeI_4921.93': 167.11813153729983, 'Hf': 4735.8266423518635, 'Hn': 2759.1665746651706}","{'HeI_3819.62': 243.04167149426183, 'HeI_4009.26': 58.1142433282666, 'HeI_4143.76': 104.38774190060859, 'HeI_4387.93': 135.05059450833284, 'HeI_4471.50': 135.2243742206113, 'HeI_4713.17': 53.02462778877352, 'HeI_4921.93': 192.45516330453748, 'Hf': 4713.2084280597865, 'Hn': 2757.9088156066937}","{'HeI_3819.62': 309.12018214335507, 'HeI_4009.26': 66.0653290543953, 'HeI_4143.76': 122.48375866718723, 'HeI_4387.93': 163.61458293655113, 'HeI_4471.50': 169.12198955281448, 'HeI_4713.17': 73.6436585628774, 'HeI_4921.93': 219.9405720259846, 'Hf': 4692.6029382067645, 'Hn': 2756.019915609029}","{'HeI_3819.62': 379.5001356764309, 'HeI_4009.26': 77.25227358474446, 'HeI_4143.76': 140.46607482737045, 'HeI_4387.93': 194.40943123348802, 'HeI_4471.50': 207.5209687657194, 'HeI_4713.17': 92.9115126439763, 'HeI_4921.93': 248.04321324975123, 'Hf': 4672.399431813304, 'Hn': 2752.822908318227}","{'HeI_3819.62': 450.120446413971, 'HeI_4009.26': 89.84728305473192, 'HeI_4143.76': 156.95435321887047, 'HeI_4387.93': 224.76524883704323, 'HeI_4471.50': 246.82658694000267, 'HeI_4713.17': 110.23935587976578, 'HeI_4921.93': 276.92295961595073, 'Hf': 4650.834393488096, 'Hn': 2748.7461156573163}","{'HeI_3819.62': 517.5779515150344, 'HeI_4009.26': 102.30617604982878, 'HeI_4143.76': 171.34196222052725, 'HeI_4387.93': 252.76478079555923, 'HeI_4471.50': 284.9823978927128, 'HeI_4713.17': 125.74868896360883, 'HeI_4921.93': 307.29071739269705, 'Hf': 4627.438101124744, 'Hn': 2745.371726935109}"
T24000logg4.2,"{'HeI_3819.62': 403.2225165750736, 'HeI_4009.26': 166.39854571642906, 'HeI_4143.76': 206.50093240858482, 'HeI_4387.93': 225.45254386556607, 'HeI_4471.50': 274.81399502596037, 'HeI_4713.17': 127.43261885637594, 'HeI_4921.93': 265.9900201648663, 'Hf': 5641.511420757415, 'Hn': 3323.1754285710176}","{'HeI_3819.62': 318.5776903191655, 'HeI_4009.26': 115.26079886270917, 'HeI_4143.76': 138.55886342394774, 'HeI_4387.93': 162.54629851429246, 'HeI_4471.50': 182.16222115887885, 'HeI_4713.17': 48.82531926815204, 'HeI_4921.93': 167.10020793695017, 'Hf': 5617.543147478879, 'Hn': 3315.2754751037282}","{'HeI_3819.62': 301.7435189842449, 'HeI_4009.26': 89.7924635054374, 'HeI_4143.76': 111.62851908642385, 'HeI_4387.93': 140.8455320202289, 'HeI_4471.50': 145.14575462186582, 'HeI_4713.17': 28.293622496648183, 'HeI_4921.93': 151.06202060761288, 'Hf': 5597.278403465398, 'Hn': 3312.270507184467}","{'HeI_3819.62': 328.31193355256727, 'HeI_4009.26': 81.1711160462381, 'HeI_4143.76': 111.18299485015348, 'HeI_4387.93': 146.23412572852797, 'HeI_4471.50': 144.35468363375833, 'HeI_4713.17': 35.91456438513737, 'HeI_4921.93': 167.55510588435672, 'Hf': 5579.588087102548, 'Hn': 3312.2799001311887}","{'HeI_3819.62': 380.6475795257799, 'HeI_4009.26': 82.67189901506816, 'HeI_4143.76': 123.87237994099317, 'HeI_4387.93': 166.07074815392707, 'HeI_4471.50': 165.29240291811598, 'HeI_4713.17': 54.316517093005466, 'HeI_4921.93': 193.7152049710624, 'Hf': 5562.928531590431, 'Hn': 3313.210900552649}","{'HeI_3819.62': 445.3128493018072, 'HeI_4009.26': 90.14731729752931, 'HeI_4143.76': 140.7432671611262, 'HeI_4387.93': 192.1721015429037, 'HeI_4471.50': 197.1145307247079, 'HeI_4713.17': 74.62482622836677, 'HeI_4921.93': 222.84830323603177, 'Hf': 5546.353514457784, 'Hn': 3313.4858190728924}","{'HeI_3819.62': 514.2476663825859, 'HeI_4009.26': 100.81473369531781, 'HeI_4143.76': 157.94698395671963, 'HeI_4387.93': 220.48895833052472, 'HeI_4471.50': 233.1957985496836, 'HeI_4713.17': 93.71323676810228, 'HeI_4921.93': 252.83993982375412, 'Hf': 5528.352027716427, 'Hn': 3312.504956662258}","{'HeI_3819.62': 583.4806211782401, 'HeI_4009.26': 112.9530670136241, 'HeI_4143.76': 173.96018942838165, 'HeI_4387.93': 248.60582150701364, 'HeI_4471.50': 270.1916491985366, 'HeI_4713.17': 110.94861430177308, 'HeI_4921.93': 283.4314065553225, 'Hf': 5507.338580340713, 'Hn': 3310.493685786656}","{'HeI_3819.62': 649.5155937626128, 'HeI_4009.26': 125.02070785289021, 'HeI_4143.76': 187.9801251580459, 'HeI_4387.93': 274.7921399711145, 'HeI_4471.50': 306.23469068057113, 'HeI_4713.17': 126.41662158277039, 'HeI_4921.93': 315.0226857414452, 'Hf': 5483.027505239738, 'Hn': 3308.667225787526}"
T24000logg4.4,"{'HeI_3819.62': 541.311280850152, 'HeI_4009.26': 175.25192365429933, 'HeI_4143.76': 227.00292568034664, 'HeI_4387.93': 257.5577855780446, 'HeI_4471.50': 289.87335138379166, 'HeI_4713.17': 121.62402731688228, 'HeI_4921.93': 273.4985304756925, 'Hf': 6031.995434091154, 'Hn': 3652.8479246411716}","{'HeI_3819.62': 479.692107553986, 'HeI_4009.26': 132.5106253020437, 'HeI_4143.76': 165.0527616453579, 'HeI_4387.93': 205.24454020796057, 'HeI_4471.50': 210.3386821264131, 'HeI_4713.17': 47.65615306825447, 'HeI_4921.93': 189.2784378801466, 'Hf': 6018.4346679985, 'Hn': 3650.4578818069926}","{'HeI_3819.62': 473.733681583944, 'HeI_4009.26': 110.79671847446947, 'HeI_4143.76': 139.22453820817765, 'HeI_4387.93': 187.061889573324, 'HeI_4471.50': 179.77419654840514, 'HeI_4713.17': 28.655400275651832, 'HeI_4921.93': 175.0239910798983, 'Hf': 6009.570629127483, 'Hn': 3652.9014887181115}","{'HeI_3819.62': 504.7706845813695, 'HeI_4009.26': 103.43452542596604, 'HeI_4143.76': 137.63096837981564, 'HeI_4387.93': 192.1461844973615, 'HeI_4471.50': 181.3315455820691, 'HeI_4713.17': 36.63705645669842, 'HeI_4921.93': 190.16554466317513, 'Hf': 6003.362811305122, 'Hn': 3658.18036969783}","{'HeI_3819.62': 558.4618981387267, 'HeI_4009.26': 104.98769749519366, 'HeI_4143.76': 148.41637753977372, 'HeI_4387.93': 210.0308826597313, 'HeI_4471.50': 202.17535895504227, 'HeI_4713.17': 55.03295293892332, 'HeI_4921.93': 215.133734416462, 'Hf': 5997.725856779946, 'Hn': 3664.205501894167}","{'HeI_3819.62': 622.9126600861697, 'HeI_4009.26': 111.93623187201953, 'HeI_4143.76': 163.43593029812982, 'HeI_4387.93': 233.6008390386028, 'HeI_4471.50': 232.69828830930203, 'HeI_4713.17': 75.27055412477964, 'HeI_4921.93': 243.5880851896011, 'Hf': 5990.901655376743, 'Hn': 3669.196426505252}","{'HeI_3819.62': 690.8087589842597, 'HeI_4009.26': 121.82194319412743, 'HeI_4143.76': 179.01911660809745, 'HeI_4387.93': 259.13862265880186, 'HeI_4471.50': 266.9242790042306, 'HeI_4713.17': 94.29623551967221, 'HeI_4921.93': 273.23538163098965, 'Hf': 5981.326305238507, 'Hn': 3672.444583224049}","{'HeI_3819.62': 758.4963029671943, 'HeI_4009.26': 133.06905356080523, 'HeI_4143.76': 193.6497124016697, 'HeI_4387.93': 284.418960036133, 'HeI_4471.50': 301.88339789935543, 'HeI_4713.17': 111.48935870417912, 'HeI_4921.93': 303.62167817954315, 'Hf': 5967.659674334941, 'Hn': 3674.1898113789102}","{'HeI_3819.62': 822.6940600474492, 'HeI_4009.26': 144.24975655702687, 'HeI_4143.76': 206.48886553348757, 'HeI_4387.93': 307.9805442226779, 'HeI_4471.50': 336.0358919071147, 'HeI_4713.17': 126.94693232395417, 'HeI_4921.93': 334.9952567490318, 'Hf': 5949.641985239166, 'Hn': 3675.226061272466}"
T25000logg2.8,"{'HeI_3819.62': 461.8048997464393, 'HeI_4009.26': 96.56392923191105, 'HeI_4143.76': 107.60830653335637, 'HeI_4387.93': 186.58749667658188, 'HeI_4471.50': 264.44073745743407, 'HeI_4713.17': 99.8495949054172, 'HeI_4921.93': 145.81276101215937, 'Hf': 691.1964509496022, 'Hn': 441.7163914740934}","{'HeI_3819.62': 322.4035836870803, 'HeI_4009.26': 78.34180573176758, 'HeI_4143.76': 79.12506468739474, 'HeI_4387.93': 135.3916864247207, 'HeI_4471.50': 126.8042620279243, 'HeI_4713.17': 30.31653726159628, 'HeI_4921.93': 52.928227105769835, 'Hf': 493.7909613107613, 'Hn': 319.21905327786135}","{'HeI_3819.62': 310.8744446779706, 'HeI_4009.26': 80.54434160581735, 'HeI_4143.76': 82.91102432917438, 'HeI_4387.93': 139.33239564183012, 'HeI_4471.50': 83.26071362558574, 'HeI_4713.17': 18.225614321406226, 'HeI_4921.93': 50.6027367856378, 'Hf': 343.3889894622051, 'Hn': 232.3066505553636}","{'HeI_3819.62': 360.59322841779897, 'HeI_4009.26': 91.62486213637385, 'HeI_4143.76': 102.05642690194168, 'HeI_4387.93': 169.87906574369597, 'HeI_4471.50': 92.95706305537756, 'HeI_4713.17': 31.678817366337, 'HeI_4921.93': 85.43074853601003, 'Hf': 252.52199004814025, 'Hn': 182.01352494415812}","{'HeI_3819.62': 436.55714449357026, 'HeI_4009.26': 105.9863626598832, 'HeI_4143.76': 126.2171493310304, 'HeI_4387.93': 210.23839628035049, 'HeI_4471.50': 129.79565010845477, 'HeI_4713.17': 53.62108781001388, 'HeI_4921.93': 131.7919416376787, 'Hf': 214.29583407291014, 'Hn': 160.96934260182417}","{'HeI_3819.62': 518.9257880757375, 'HeI_4009.26': 120.73007535451477, 'HeI_4143.76': 149.64918479255624, 'HeI_4387.93': 250.95881083514277, 'HeI_4471.50': 177.02245485373453, 'HeI_4713.17': 75.90582924709014, 'HeI_4921.93': 178.68827962095085, 'Hf': 215.55943256359, 'Hn': 161.62543900315134}","{'HeI_3819.62': 599.17498293757, 'HeI_4009.26': 134.6679160111507, 'HeI_4143.76': 170.82584808396126, 'HeI_4387.93': 288.63088188002513, 'HeI_4471.50': 226.030873615144, 'HeI_4713.17': 96.04813724415203, 'HeI_4921.93': 222.41990018676253, 'Hf': 242.76465116319073, 'Hn': 178.40742290872123}","{'HeI_3819.62': 674.520769223172, 'HeI_4009.26': 147.48064634631933, 'HeI_4143.76': 189.74115622196604, 'HeI_4387.93': 321.94765992029903, 'HeI_4471.50': 273.25727924005, 'HeI_4713.17': 113.84185314169034, 'HeI_4921.93': 262.7146589934073, 'Hf': 287.1126826781257, 'Hn': 208.2106461075537}","{'HeI_3819.62': 743.109190777221, 'HeI_4009.26': 158.59243833848467, 'HeI_4143.76': 206.64541625357276, 'HeI_4387.93': 350.39709916394503, 'HeI_4471.50': 316.96291422044476, 'HeI_4713.17': 129.60936872213983, 'HeI_4921.93': 300.55639102250353, 'Hf': 341.6415466642764, 'Hn': 249.17153923958392}"
T25000logg3.0,"{'HeI_3819.62': 318.4623792636335, 'HeI_4009.26': 98.31192554036944, 'HeI_4143.76': 110.69797388669627, 'HeI_4387.93': 173.42442680028137, 'HeI_4471.50': 241.1701659318366, 'HeI_4713.17': 102.23478398084664, 'HeI_4921.93': 258.2042829244119, 'Hf': 1213.992735114983, 'Hn': 419.91913340917927}","{'HeI_3819.62': 168.06766305845872, 'HeI_4009.26': 36.00667327746654, 'HeI_4143.76': 30.635769969037728, 'HeI_4387.93': 54.728556825043015, 'HeI_4471.50': 105.41451241875937, 'HeI_4713.17': 30.095491956015223, 'HeI_4921.93': 85.39237694485853, 'Hf': 1092.4917618999323, 'Hn': 347.88901589444936}","{'HeI_3819.62': 146.663038030981, 'HeI_4009.26': 16.03945697617758, 'HeI_4143.76': 9.62474205895345, 'HeI_4387.93': 22.199590925802767, 'HeI_4471.50': 59.31553978985401, 'HeI_4713.17': 16.040639782647947, 'HeI_4921.93': 51.6511459366444, 'Hf': 987.6199846464096, 'Hn': 290.82998439942014}","{'HeI_3819.62': 189.61155798747606, 'HeI_4009.26': 16.858866836766964, 'HeI_4143.76': 18.87529310319425, 'HeI_4387.93': 35.519859356556054, 'HeI_4471.50': 65.24763788128215, 'HeI_4713.17': 28.324765049274603, 'HeI_4921.93': 71.03215969211273, 'Hf': 908.4436369104527, 'Hn': 248.87931662221203}","{'HeI_3819.62': 261.5804691787322, 'HeI_4009.26': 27.256853055950224, 'HeI_4143.76': 40.4697499887867, 'HeI_4387.93': 68.91699526755889, 'HeI_4471.50': 98.63192754652411, 'HeI_4713.17': 49.688127068192706, 'HeI_4921.93': 105.61938865123228, 'Hf': 855.2068622025511, 'Hn': 219.9739656188642}","{'HeI_3819.62': 342.33776116484006, 'HeI_4009.26': 41.560001892070964, 'HeI_4143.76': 64.30737784710331, 'HeI_4387.93': 108.12199681087611, 'HeI_4471.50': 143.57426864489926, 'HeI_4713.17': 71.70586048524035, 'HeI_4921.93': 143.35297571610494, 'Hf': 826.2797028460484, 'Hn': 202.78582679330265}","{'HeI_3819.62': 422.88274103785886, 'HeI_4009.26': 56.9625101007375, 'HeI_4143.76': 86.99298052258862, 'HeI_4387.93': 147.19879248957054, 'HeI_4471.50': 191.75454956140194, 'HeI_4713.17': 91.75402920189636, 'HeI_4921.93': 180.4640041891647, 'Hf': 817.0140507270966, 'Hn': 196.3334577258035}","{'HeI_3819.62': 499.8949013494367, 'HeI_4009.26': 72.26814789600576, 'HeI_4143.76': 107.68551414333669, 'HeI_4387.93': 183.335885018077, 'HeI_4471.50': 239.28722618119383, 'HeI_4713.17': 109.54161985254517, 'HeI_4921.93': 216.4945652244745, 'Hf': 823.2541836346658, 'Hn': 200.2185896909079}","{'HeI_3819.62': 570.8114805437024, 'HeI_4009.26': 86.31757002740389, 'HeI_4143.76': 126.24908730251168, 'HeI_4387.93': 214.9895822562198, 'HeI_4471.50': 283.8273301571072, 'HeI_4713.17': 125.33559773724889, 'HeI_4921.93': 252.23979033301063, 'Hf': 841.3932857816544, 'Hn': 214.50696184159898}"
T25000logg3.2,"{'HeI_3819.62': 227.82055745520242, 'HeI_4009.26': 100.09440196432821, 'HeI_4143.76': 105.81127015520651, 'HeI_4387.93': 133.98765730293923, 'HeI_4471.50': 222.6671182762038, 'HeI_4713.17': 102.29261533777434, 'HeI_4921.93': 218.1725995778958, 'Hf': 1679.9540691733184, 'Hn': 586.4737674602295}","{'HeI_3819.62': 85.31957554208388, 'HeI_4009.26': 36.75572422990897, 'HeI_4143.76': 33.26524348227047, 'HeI_4387.93': 41.87763437733888, 'HeI_4471.50': 96.63664972117625, 'HeI_4713.17': 30.867644846094798, 'HeI_4921.93': 84.88462807309654, 'Hf': 1613.6273103359065, 'Hn': 551.1499565998357}","{'HeI_3819.62': 61.286947737630115, 'HeI_4009.26': 13.795505751921871, 'HeI_4143.76': 13.831679220633324, 'HeI_4387.93': 18.1481091024163, 'HeI_4471.50': 51.958146680015695, 'HeI_4713.17': 16.554560073625392, 'HeI_4921.93': 69.97494446464349, 'Hf': 1555.477901427485, 'Hn': 523.8754039626865}","{'HeI_3819.62': 99.19276235357277, 'HeI_4009.26': 12.082219359724338, 'HeI_4143.76': 23.000745541640207, 'HeI_4387.93': 33.241311759832136, 'HeI_4471.50': 55.93453895798281, 'HeI_4713.17': 28.48920257833469, 'HeI_4921.93': 95.62527340637368, 'Hf': 1509.318490156305, 'Hn': 503.9267767799636}","{'HeI_3819.62': 166.61528174986003, 'HeI_4009.26': 20.740147612505215, 'HeI_4143.76': 44.13897077676522, 'HeI_4387.93': 66.0349778608754, 'HeI_4471.50': 86.62541245921129, 'HeI_4713.17': 49.62475876025828, 'HeI_4921.93': 129.43435733756692, 'Hf': 1475.6412546141235, 'Hn': 490.1310730712783}","{'HeI_3819.62': 244.4471046488565, 'HeI_4009.26': 33.914823432844635, 'HeI_4143.76': 67.40501770586224, 'HeI_4387.93': 104.12835127989962, 'HeI_4471.50': 129.3536837804473, 'HeI_4713.17': 71.52983333210916, 'HeI_4921.93': 163.54973208962903, 'Hf': 1454.6413513244697, 'Hn': 481.9666386058559}","{'HeI_3819.62': 323.64304896712764, 'HeI_4009.26': 48.56394941393276, 'HeI_4143.76': 89.47830135473541, 'HeI_4387.93': 142.33497885465778, 'HeI_4471.50': 176.1170272484858, 'HeI_4713.17': 91.53503958957835, 'HeI_4921.93': 196.54024099260124, 'Hf': 1444.6288519891923, 'Hn': 479.3873386483028}","{'HeI_3819.62': 400.5162852139116, 'HeI_4009.26': 63.32201747764849, 'HeI_4143.76': 109.47257558002386, 'HeI_4387.93': 178.07463039721884, 'HeI_4471.50': 222.90071212839806, 'HeI_4713.17': 109.30391466877691, 'HeI_4921.93': 228.9683731937902, 'Hf': 1443.532603635746, 'Hn': 482.79598115614226}","{'HeI_3819.62': 472.1440717131312, 'HeI_4009.26': 77.02703824733251, 'HeI_4143.76': 127.18340371505502, 'HeI_4387.93': 209.67736404528992, 'HeI_4471.50': 267.1167728686995, 'HeI_4713.17': 125.08021575707784, 'HeI_4921.93': 261.9039454000833, 'Hf': 1449.5281186104519, 'Hn': 492.9826154847067}"
T25000logg3.4,"{'HeI_3819.62': 185.39924423852264, 'HeI_4009.26': 144.28917401931, 'HeI_4143.76': 161.56067234776498, 'HeI_4387.93': 183.99949734255716, 'HeI_4471.50': 218.988943400607, 'HeI_4713.17': 111.41163244265735, 'HeI_4921.93': 286.00849922998304, 'Hf': 2493.9244845945946, 'Hn': 1127.7130834346535}","{'HeI_3819.62': 48.14726791870639, 'HeI_4009.26': 65.23822017863947, 'HeI_4143.76': 70.93317220993119, 'HeI_4387.93': 77.70684486909992, 'HeI_4471.50': 99.53347092819851, 'HeI_4713.17': 35.79835944009438, 'HeI_4921.93': 139.05514323027904, 'Hf': 2449.901328742463, 'Hn': 1105.3362302510582}","{'HeI_3819.62': 20.196811708954506, 'HeI_4009.26': 30.900978979296532, 'HeI_4143.76': 39.92005631508797, 'HeI_4387.93': 41.321187611602326, 'HeI_4471.50': 55.26242853395771, 'HeI_4713.17': 18.999122206882145, 'HeI_4921.93': 116.03821128002814, 'Hf': 2409.256604877531, 'Hn': 1089.1920069556063}","{'HeI_3819.62': 52.09164225062592, 'HeI_4009.26': 21.48201794442189, 'HeI_4143.76': 42.697703667981905, 'HeI_4387.93': 46.93692917278227, 'HeI_4471.50': 57.109608799857014, 'HeI_4713.17': 29.561655130857947, 'HeI_4921.93': 135.35267242625406, 'Hf': 2374.0325997730865, 'Hn': 1077.2578226227329}","{'HeI_3819.62': 114.17616536935485, 'HeI_4009.26': 25.008053167707114, 'HeI_4143.76': 60.40741181756755, 'HeI_4387.93': 73.10645540031365, 'HeI_4471.50': 85.06921279195709, 'HeI_4713.17': 49.95581597175202, 'HeI_4921.93': 162.9454128474493, 'Hf': 2344.743991509175, 'Hn': 1067.801719135273}","{'HeI_3819.62': 188.3384092900519, 'HeI_4009.26': 35.0107974740073, 'HeI_4143.76': 81.65270468009881, 'HeI_4387.93': 106.94705628486285, 'HeI_4471.50': 125.35791367384567, 'HeI_4713.17': 71.47223288192399, 'HeI_4921.93': 191.4920670991938, 'Hf': 2322.243757220113, 'Hn': 1060.1497786225857}","{'HeI_3819.62': 265.3745618104401, 'HeI_4009.26': 47.795180927544514, 'HeI_4143.76': 102.33299022707222, 'HeI_4387.93': 142.58567134348044, 'HeI_4471.50': 170.2332275469147, 'HeI_4713.17': 91.26959337684269, 'HeI_4921.93': 219.91269921344866, 'Hf': 2305.7144828477385, 'Hn': 1054.4873407722203}","{'HeI_3819.62': 341.2395156211048, 'HeI_4009.26': 61.50891349915602, 'HeI_4143.76': 121.17550823030963, 'HeI_4387.93': 176.89296884202918, 'HeI_4471.50': 215.6215266685247, 'HeI_4713.17': 108.91970177355071, 'HeI_4921.93': 248.78699947932336, 'Hf': 2293.71298468783, 'Hn': 1051.5416900343039}","{'HeI_3819.62': 412.7155397353291, 'HeI_4009.26': 74.71318617427431, 'HeI_4143.76': 137.78927292434264, 'HeI_4387.93': 207.81800990013517, 'HeI_4471.50': 258.8301459189507, 'HeI_4713.17': 124.62884964739135, 'HeI_4921.93': 279.1577971076974, 'Hf': 2285.3603497693903, 'Hn': 1052.6887747766004}"
T25000logg3.6,"{'HeI_3819.62': 170.50669776765298, 'HeI_4009.26': 144.21875354529536, 'HeI_4143.76': 164.66077511654223, 'HeI_4387.93': 178.9282596247661, 'HeI_4471.50': 214.92914058946064, 'HeI_4713.17': 110.01565487536841, 'HeI_4921.93': 295.4418457101241, 'Hf': 3104.7748513645433, 'Hn': 1609.4250430000593}","{'HeI_3819.62': 48.087280463103156, 'HeI_4009.26': 72.11029457780204, 'HeI_4143.76': 82.27536427642313, 'HeI_4387.93': 87.80162656388408, 'HeI_4471.50': 104.12260950990242, 'HeI_4713.17': 35.8170756667729, 'HeI_4921.93': 157.44850084540104, 'Hf': 3068.288897268977, 'Hn': 1590.768020518898}","{'HeI_3819.62': 23.13167904109615, 'HeI_4009.26': 39.19802817373635, 'HeI_4143.76': 53.50902894126396, 'HeI_4387.93': 56.70042809956364, 'HeI_4471.50': 62.68045825460746, 'HeI_4713.17': 19.38234352863071, 'HeI_4921.93': 136.69748419063237, 'Hf': 3036.524063373541, 'Hn': 1580.7776724005903}","{'HeI_3819.62': 53.256758123886534, 'HeI_4009.26': 29.286827545518932, 'HeI_4143.76': 56.21477266693276, 'HeI_4387.93': 62.93165488111068, 'HeI_4471.50': 64.55322203550246, 'HeI_4713.17': 29.963055533576682, 'HeI_4921.93': 155.2044175047062, 'Hf': 3009.8442171813954, 'Hn': 1575.8262357167312}","{'HeI_3819.62': 112.33833751512694, 'HeI_4009.26': 31.83405977258795, 'HeI_4143.76': 73.04895755392357, 'HeI_4387.93': 87.96618473626748, 'HeI_4471.50': 91.41010421290906, 'HeI_4713.17': 50.29441420135463, 'HeI_4921.93': 180.91244275391523, 'Hf': 2987.606190972327, 'Hn': 1572.5412055001325}","{'HeI_3819.62': 183.74856485619048, 'HeI_4009.26': 40.923526759632026, 'HeI_4143.76': 93.26962084999515, 'HeI_4387.93': 120.34689845127491, 'HeI_4471.50': 130.16546762791356, 'HeI_4713.17': 71.75630265338206, 'HeI_4921.93': 207.44957892811578, 'Hf': 2969.6247009540307, 'Hn': 1568.866023203949}","{'HeI_3819.62': 258.6547848176962, 'HeI_4009.26': 53.071656521027336, 'HeI_4143.76': 112.94307644300277, 'HeI_4387.93': 154.73847362063884, 'HeI_4471.50': 173.3405397706995, 'HeI_4713.17': 91.51998346999588, 'HeI_4921.93': 234.0830925382725, 'Hf': 2954.735686885869, 'Hn': 1564.4556474426624}","{'HeI_3819.62': 333.0354550006546, 'HeI_4009.26': 66.42209911982215, 'HeI_4143.76': 130.8030497213154, 'HeI_4387.93': 188.18718930643138, 'HeI_4471.50': 217.12739338346103, 'HeI_4713.17': 109.15079838887952, 'HeI_4921.93': 261.5172094178287, 'Hf': 2941.506635354519, 'Hn': 1560.1180358569954}","{'HeI_3819.62': 403.5768257647487, 'HeI_4009.26': 79.48085326338618, 'HeI_4143.76': 146.44606205773755, 'HeI_4387.93': 218.64965772966153, 'HeI_4471.50': 259.07862493598407, 'HeI_4713.17': 124.84584360673973, 'HeI_4921.93': 290.7832517499713, 'Hf': 2929.3135719793813, 'Hn': 1557.6913148443616}"
T25000logg3.8,"{'HeI_3819.62': 179.30918388000808, 'HeI_4009.26': 121.29703212125312, 'HeI_4143.76': 150.57014551226766, 'HeI_4387.93': 155.25639537952944, 'HeI_4471.50': 216.53660782781918, 'HeI_4713.17': 109.01851643915143, 'HeI_4921.93': 280.28371459477046, 'Hf': 3628.3824990505045, 'Hn': 2006.9216618522319}","{'HeI_3819.62': 73.0992591355317, 'HeI_4009.26': 63.136827836040595, 'HeI_4143.76': 80.87021943001568, 'HeI_4387.93': 80.94096557786794, 'HeI_4471.50': 113.15813305764037, 'HeI_4713.17': 36.12878941213746, 'HeI_4921.93': 153.76557649576478, 'Hf': 3593.731685409372, 'Hn': 1989.1786218569891}","{'HeI_3819.62': 53.1912823300215, 'HeI_4009.26': 36.892727558685756, 'HeI_4143.76': 57.672669034075994, 'HeI_4387.93': 58.42604237904987, 'HeI_4471.50': 74.50563542752579, 'HeI_4713.17': 19.95996842953502, 'HeI_4921.93': 137.3429919041165, 'Hf': 3565.054105224205, 'Hn': 1981.481356491429}","{'HeI_3819.62': 83.47266214118814, 'HeI_4009.26': 30.025473222325115, 'HeI_4143.76': 62.48262532677142, 'HeI_4387.93': 68.21411277059332, 'HeI_4471.50': 76.71194860625232, 'HeI_4713.17': 30.480083265255857, 'HeI_4921.93': 157.27895027935543, 'Hf': 3542.3738664195776, 'Hn': 1979.8457764994866}","{'HeI_3819.62': 141.0509000917286, 'HeI_4009.26': 33.980609622233914, 'HeI_4143.76': 79.8793136086433, 'HeI_4387.93': 94.25419921757565, 'HeI_4471.50': 102.7360604579778, 'HeI_4713.17': 50.687468025447856, 'HeI_4921.93': 183.61919803558243, 'Hf': 3524.488907848802, 'Hn': 1980.1826884110203}","{'HeI_3819.62': 210.71139131413423, 'HeI_4009.26': 43.76254095251145, 'HeI_4143.76': 100.06118179357347, 'HeI_4387.93': 126.51186829677111, 'HeI_4471.50': 140.16701478229228, 'HeI_4713.17': 72.0575298509828, 'HeI_4921.93': 210.5272240166401, 'Hf': 3510.393526998286, 'Hn': 1979.6527036181349}","{'HeI_3819.62': 284.0283334924278, 'HeI_4009.26': 56.36151116942121, 'HeI_4143.76': 119.46826217911901, 'HeI_4387.93': 160.3436913250205, 'HeI_4471.50': 181.80429138331982, 'HeI_4713.17': 91.76500722958154, 'HeI_4921.93': 237.39474980001023, 'Hf': 3498.4165774299986, 'Hn': 1977.425612668226}","{'HeI_3819.62': 357.07328298257715, 'HeI_4009.26': 70.08324080786093, 'HeI_4143.76': 136.97294918897938, 'HeI_4387.93': 193.12111695029586, 'HeI_4471.50': 224.05238793227008, 'HeI_4713.17': 109.36258020962363, 'HeI_4921.93': 264.98044328438544, 'Hf': 3486.874816261568, 'Hn': 1974.1868764466114}","{'HeI_3819.62': 426.57490310137524, 'HeI_4009.26': 83.46159964027908, 'HeI_4143.76': 152.20105145194094, 'HeI_4387.93': 222.99500956889426, 'HeI_4471.50': 264.67545416025865, 'HeI_4713.17': 125.04002310042526, 'HeI_4921.93': 294.33109072859213, 'Hf': 3475.0110131904207, 'Hn': 1971.831206865458}"
T25000logg4.0,"{'HeI_3819.62': 231.79588196509806, 'HeI_4009.26': 130.0513736447528, 'HeI_4143.76': 164.71408389036276, 'HeI_4387.93': 174.85449978211187, 'HeI_4471.50': 222.85252639502002, 'HeI_4713.17': 108.45502417813084, 'HeI_4921.93': 274.9910536192722, 'Hf': 4311.857982390631, 'Hn': 2470.0657685508245}","{'HeI_3819.62': 142.1909115876025, 'HeI_4009.26': 76.93873807671886, 'HeI_4143.76': 97.6520637033696, 'HeI_4387.93': 108.7399777255917, 'HeI_4471.50': 129.7017803765403, 'HeI_4713.17': 36.70681847317888, 'HeI_4921.93': 163.24441327693646, 'Hf': 4286.725874573696, 'Hn': 2459.5248612288206}","{'HeI_3819.62': 127.8241332662769, 'HeI_4009.26': 52.08198574172875, 'HeI_4143.76': 73.81687048192097, 'HeI_4387.93': 88.01123544233442, 'HeI_4471.50': 95.1602734464847, 'HeI_4713.17': 20.7534950055681, 'HeI_4921.93': 148.4617888672073, 'Hf': 4266.664126539238, 'Hn': 2456.6442076545104}","{'HeI_3819.62': 158.67122775502216, 'HeI_4009.26': 45.1267615909206, 'HeI_4143.76': 76.93305643987526, 'HeI_4387.93': 96.4794629924936, 'HeI_4471.50': 98.13048728323415, 'HeI_4713.17': 31.203179155371735, 'HeI_4921.93': 167.287869112646, 'Hf': 4251.08291154732, 'Hn': 2458.406938782059}","{'HeI_3819.62': 214.96480108213396, 'HeI_4009.26': 48.46591487762197, 'HeI_4143.76': 92.55183861220199, 'HeI_4387.93': 120.14498122237148, 'HeI_4471.50': 123.2173823641553, 'HeI_4713.17': 51.29048599283154, 'HeI_4921.93': 193.11359424217693, 'Hf': 4238.627858976773, 'Hn': 2461.647029176962}","{'HeI_3819.62': 282.84887524556353, 'HeI_4009.26': 57.42528115421192, 'HeI_4143.76': 111.2911314400008, 'HeI_4387.93': 149.9600918050402, 'HeI_4471.50': 158.9877016958836, 'HeI_4713.17': 72.57148321482138, 'HeI_4921.93': 220.1782819369545, 'Hf': 4228.102854745443, 'Hn': 2464.0320623555094}","{'HeI_3819.62': 354.3359205337778, 'HeI_4009.26': 69.10595137071165, 'HeI_4143.76': 129.574871630762, 'HeI_4387.93': 181.55778259300698, 'HeI_4471.50': 198.66883816959663, 'HeI_4713.17': 92.22043064430066, 'HeI_4921.93': 247.53406708002856, 'Hf': 4217.932747655565, 'Hn': 2464.772660091147}","{'HeI_3819.62': 425.6308340349007, 'HeI_4009.26': 81.87462063968893, 'HeI_4143.76': 146.2010559309147, 'HeI_4387.93': 212.4037778154859, 'HeI_4471.50': 238.94174529545603, 'HeI_4713.17': 109.77936217907936, 'HeI_4921.93': 275.6594920746074, 'Hf': 4206.5165648484335, 'Hn': 2464.4053505917846}","{'HeI_3819.62': 493.5714775108215, 'HeI_4009.26': 94.34790177668778, 'HeI_4143.76': 160.72256543615202, 'HeI_4387.93': 240.72228133803918, 'HeI_4471.50': 277.8258129582454, 'HeI_4713.17': 125.43720703362096, 'HeI_4921.93': 305.38781483079646, 'Hf': 4193.204021779051, 'Hn': 2464.408574947707}"
T25000logg4.2,"{'HeI_3819.62': 326.0743270277754, 'HeI_4009.26': 149.84965866327857, 'HeI_4143.76': 198.09522142689661, 'HeI_4387.93': 217.33569124767317, 'HeI_4471.50': 250.0752077702334, 'HeI_4713.17': 117.21966133297062, 'HeI_4921.93': 304.09297654317754, 'Hf': 5299.404670588021, 'Hn': 3210.7351493380716}","{'HeI_3819.62': 250.8110364994618, 'HeI_4009.26': 100.69788459024447, 'HeI_4143.76': 130.59112768231634, 'HeI_4387.93': 155.69000391065663, 'HeI_4471.50': 163.2608286374133, 'HeI_4713.17': 42.84024100127514, 'HeI_4921.93': 198.64433777606365, 'Hf': 5278.445644268322, 'Hn': 3201.547598986379}","{'HeI_3819.62': 241.2254527064576, 'HeI_4009.26': 76.64412188069856, 'HeI_4143.76': 104.3208692028301, 'HeI_4387.93': 134.23792588165557, 'HeI_4471.50': 130.28205051548264, 'HeI_4713.17': 24.760808633710315, 'HeI_4921.93': 181.39564388283554, 'Hf': 5261.72944670554, 'Hn': 3199.8217721066667}","{'HeI_3819.62': 272.46159370531336, 'HeI_4009.26': 69.07204162754891, 'HeI_4143.76': 105.04754315410642, 'HeI_4387.93': 139.7367721914495, 'HeI_4471.50': 132.5592940609133, 'HeI_4713.17': 33.8032549684499, 'HeI_4921.93': 196.66270929675568, 'Hf': 5247.855880000338, 'Hn': 3202.032392582969}","{'HeI_3819.62': 327.33853793646665, 'HeI_4009.26': 71.28692660904991, 'HeI_4143.76': 118.85980944136392, 'HeI_4387.93': 159.77975040064393, 'HeI_4471.50': 155.86084415178212, 'HeI_4713.17': 52.99202720920458, 'HeI_4921.93': 219.8999389110157, 'Hf': 5235.123057178313, 'Hn': 3204.5758399548304}","{'HeI_3819.62': 393.36707456902974, 'HeI_4009.26': 79.07647578571564, 'HeI_4143.76': 136.40925892249462, 'HeI_4387.93': 186.16107360716245, 'HeI_4471.50': 189.4684553919406, 'HeI_4713.17': 73.76448352489955, 'HeI_4921.93': 245.38986791567416, 'Hf': 5222.240284228337, 'Hn': 3204.9380522241836}","{'HeI_3819.62': 462.9092464392409, 'HeI_4009.26': 89.67752361124194, 'HeI_4143.76': 153.84794423891643, 'HeI_4387.93': 214.60752766775158, 'HeI_4471.50': 226.72298892284425, 'HeI_4713.17': 93.11626954318183, 'HeI_4921.93': 271.7932311043817, 'Hf': 5207.818594903367, 'Hn': 3202.1926077365893}","{'HeI_3819.62': 532.2123401471152, 'HeI_4009.26': 101.44956240475233, 'HeI_4143.76': 169.78382763894476, 'HeI_4387.93': 242.60791831942458, 'HeI_4471.50': 264.5699638518565, 'HeI_4713.17': 110.46821034130974, 'HeI_4921.93': 299.2418603810202, 'Hf': 5190.385036976526, 'Hn': 3197.316416488149}","{'HeI_3819.62': 598.4726848972665, 'HeI_4009.26': 113.04610770668455, 'HeI_4143.76': 183.62326416320593, 'HeI_4387.93': 268.75913133836343, 'HeI_4471.50': 301.2381693645422, 'HeI_4713.17': 126.0580010476856, 'HeI_4921.93': 328.446105700598, 'Hf': 5169.772123466179, 'Hn': 3191.0788152953087}"
T26000logg2.8,"{'HeI_3819.62': 575.9443515176421, 'HeI_4009.26': 246.06089256980957, 'HeI_4143.76': 299.75105747798403, 'HeI_4387.93': 490.29790325593456, 'HeI_4471.50': 315.8963917171884, 'HeI_4713.17': 103.43357890124666, 'HeI_4921.93': 280.17406075422184, 'Hf': 646.9988570540924, 'Hn': 761.0304212344074}","{'HeI_3819.62': 476.8426170391259, 'HeI_4009.26': 248.28565088060242, 'HeI_4143.76': 302.15468734334485, 'HeI_4387.93': 490.324300647685, 'HeI_4471.50': 194.78914753053635, 'HeI_4713.17': 55.901847125067206, 'HeI_4921.93': 264.7225575637619, 'Hf': 431.9380602182279, 'Hn': 621.2459217571845}","{'HeI_3819.62': 483.9168803839967, 'HeI_4009.26': 255.76077174208964, 'HeI_4143.76': 314.631402633734, 'HeI_4387.93': 512.1675895894857, 'HeI_4471.50': 162.3062686648806, 'HeI_4713.17': 54.37219973573335, 'HeI_4921.93': 289.2601634675467, 'Hf': 284.80488787130014, 'Hn': 529.2001832357087}","{'HeI_3819.62': 541.1203766200204, 'HeI_4009.26': 265.0708800630532, 'HeI_4143.76': 331.4275495916497, 'HeI_4387.93': 543.2765054362523, 'HeI_4471.50': 178.67324755697211, 'HeI_4713.17': 72.45370873530497, 'HeI_4921.93': 328.57020442444184, 'Hf': 211.97410184038785, 'Hn': 484.0687075221516}","{'HeI_3819.62': 618.8905463332557, 'HeI_4009.26': 274.5581166936494, 'HeI_4143.76': 348.67228077363205, 'HeI_4387.93': 576.269617201917, 'HeI_4471.50': 219.12716212666658, 'HeI_4713.17': 96.18148155007444, 'HeI_4921.93': 370.80317295937107, 'Hf': 199.5101162649135, 'Hn': 474.81443808757194}","{'HeI_3819.62': 699.6819247207616, 'HeI_4009.26': 283.2079224842071, 'HeI_4143.76': 364.15153223790816, 'HeI_4387.93': 606.847975472458, 'HeI_4471.50': 267.42366922318394, 'HeI_4713.17': 118.96517060319849, 'HeI_4921.93': 410.33981113047463, 'Hf': 227.7776305755419, 'Hn': 490.5616800891956}","{'HeI_3819.62': 776.5054309806394, 'HeI_4009.26': 290.79785866930695, 'HeI_4143.76': 377.6053272680271, 'HeI_4387.93': 633.9321152061921, 'HeI_4471.50': 315.4892675160527, 'HeI_4713.17': 139.05945236502208, 'HeI_4921.93': 445.6747068724296, 'Hf': 279.98731827095213, 'Hn': 523.229309120477}","{'HeI_3819.62': 847.4838947600133, 'HeI_4009.26': 297.4078701920123, 'HeI_4143.76': 389.36163527641594, 'HeI_4387.93': 657.3153812127933, 'HeI_4471.50': 360.7865225886972, 'HeI_4713.17': 156.57507191255374, 'HeI_4921.93': 477.3321386472175, 'Hf': 346.03444547897067, 'Hn': 568.3272979286072}","{'HeI_3819.62': 911.3332526006969, 'HeI_4009.26': 302.85194842457, 'HeI_4143.76': 399.74750727560456, 'HeI_4387.93': 677.0062518563593, 'HeI_4471.50': 402.49689827347214, 'HeI_4713.17': 171.9262244575699, 'HeI_4921.93': 506.3899970317267, 'Hf': 417.9829866645412, 'Hn': 623.1547345011909}"
T26000logg3.0,"{'HeI_3819.62': 335.23501600066965, 'HeI_4009.26': 78.96357044936512, 'HeI_4143.76': 90.77377861022138, 'HeI_4387.93': 140.57251349448748, 'HeI_4471.50': 252.91837416182176, 'HeI_4713.17': 131.6556248592054, 'HeI_4921.93': 164.11258255515403, 'Hf': 1227.6525952565148, 'Hn': 493.83803753814374}","{'HeI_3819.62': 171.26684979433307, 'HeI_4009.26': 29.302182917373383, 'HeI_4143.76': 25.073414417142107, 'HeI_4387.93': 47.1926719890953, 'HeI_4471.50': 107.95821841708502, 'HeI_4713.17': 44.6611512706707, 'HeI_4921.93': 44.457297648765376, 'Hf': 1106.7508155051291, 'Hn': 399.7300463049868}","{'HeI_3819.62': 143.34283546300824, 'HeI_4009.26': 16.346959687086628, 'HeI_4143.76': 11.341776394522876, 'HeI_4387.93': 27.036352058247264, 'HeI_4471.50': 55.46594957268899, 'HeI_4713.17': 23.13030608986652, 'HeI_4921.93': 27.692232570772205, 'Hf': 1000.1076931130023, 'Hn': 308.3398676914851}","{'HeI_3819.62': 184.30168657040497, 'HeI_4009.26': 20.904506882008835, 'HeI_4143.76': 23.822717193535276, 'HeI_4387.93': 46.15690483054518, 'HeI_4471.50': 57.87464965621386, 'HeI_4713.17': 31.7698834173091, 'HeI_4921.93': 55.49968730523651, 'Hf': 918.5835885360937, 'Hn': 228.57327312572733}","{'HeI_3819.62': 256.4441946045753, 'HeI_4009.26': 33.3514901953976, 'HeI_4143.76': 46.69914499277087, 'HeI_4387.93': 82.4518928473368, 'HeI_4471.50': 89.31451965581965, 'HeI_4713.17': 51.274666966618874, 'HeI_4921.93': 97.68741069746176, 'Hf': 864.0905927472495, 'Hn': 166.85206806217218}","{'HeI_3819.62': 338.2625742006319, 'HeI_4009.26': 49.15603419148924, 'HeI_4143.76': 71.1623449827563, 'HeI_4387.93': 122.99441779725348, 'HeI_4471.50': 133.5564266804622, 'HeI_4713.17': 72.34268296222203, 'HeI_4921.93': 141.88094087440453, 'Hf': 834.5524447307806, 'Hn': 128.2925513037704}","{'HeI_3819.62': 419.8106837286097, 'HeI_4009.26': 65.80625257152072, 'HeI_4143.76': 94.20604683043952, 'HeI_4387.93': 162.1799193245417, 'HeI_4471.50': 181.6598541869692, 'HeI_4713.17': 91.86278024350212, 'HeI_4921.93': 183.98159529203934, 'Hf': 824.7939060999714, 'Hn': 112.53603151912452}","{'HeI_3819.62': 497.3978109899415, 'HeI_4009.26': 82.02739732943121, 'HeI_4143.76': 115.17305943343545, 'HeI_4387.93': 197.63669906465432, 'HeI_4471.50': 229.2327324657583, 'HeI_4713.17': 109.3272336607688, 'HeI_4921.93': 223.39206888561677, 'Hf': 830.2960129304996, 'Hn': 117.06776790375284}","{'HeI_3819.62': 568.8192801834124, 'HeI_4009.26': 96.63485024144748, 'HeI_4143.76': 134.04835305703702, 'HeI_4387.93': 228.50243286786994, 'HeI_4471.50': 273.7574274919115, 'HeI_4713.17': 125.06364942363749, 'HeI_4921.93': 261.25566153885825, 'Hf': 847.4264371915568, 'Hn': 139.23145451131361}"
T26000logg3.2,"{'HeI_3819.62': 257.90368950121643, 'HeI_4009.26': 88.80654534204984, 'HeI_4143.76': 95.32004063550256, 'HeI_4387.93': 128.04671606532796, 'HeI_4471.50': 228.82814234370085, 'HeI_4713.17': 106.37196864259059, 'HeI_4921.93': 197.36285772050613, 'Hf': 1681.960196537462, 'Hn': 555.9985763793264}","{'HeI_3819.62': 108.72927544961435, 'HeI_4009.26': 31.665053379246977, 'HeI_4143.76': 26.925990878182922, 'HeI_4387.93': 37.876070956237626, 'HeI_4471.50': 98.45048349963777, 'HeI_4713.17': 32.470048317666986, 'HeI_4921.93': 66.06902788469581, 'Hf': 1592.9083065313714, 'Hn': 506.68062068494714}","{'HeI_3819.62': 83.31676201355775, 'HeI_4009.26': 12.9334007966387, 'HeI_4143.76': 10.256872964469053, 'HeI_4387.93': 16.34069086113698, 'HeI_4471.50': 51.79230429616207, 'HeI_4713.17': 17.143310928699215, 'HeI_4921.93': 49.193603198448976, 'Hf': 1514.6083285822997, 'Hn': 465.50772651659844}","{'HeI_3819.62': 122.32854039869378, 'HeI_4009.26': 13.877469197832843, 'HeI_4143.76': 20.88439534675126, 'HeI_4387.93': 33.182568597913836, 'HeI_4471.50': 55.38083994192324, 'HeI_4713.17': 28.69732502582975, 'HeI_4921.93': 74.89295726901379, 'Hf': 1452.8629456194174, 'Hn': 433.28584182227866}","{'HeI_3819.62': 191.47724024723632, 'HeI_4009.26': 24.13167380478823, 'HeI_4143.76': 42.74417142169862, 'HeI_4387.93': 67.28465715542397, 'HeI_4471.50': 86.28364521987926, 'HeI_4713.17': 49.642205408361264, 'HeI_4921.93': 111.43738733453921, 'Hf': 1407.9506828768626, 'Hn': 409.43382673073774}","{'HeI_3819.62': 270.8628687012256, 'HeI_4009.26': 38.23309306012327, 'HeI_4143.76': 66.591414969738, 'HeI_4387.93': 106.26811485848518, 'HeI_4471.50': 129.47979494858, 'HeI_4713.17': 71.4698226316454, 'HeI_4921.93': 149.41125065539507, 'Hf': 1379.2250728276756, 'Hn': 393.85529407899355}","{'HeI_3819.62': 350.987132541049, 'HeI_4009.26': 53.37926693518801, 'HeI_4143.76': 89.19065907905681, 'HeI_4387.93': 144.7219679300751, 'HeI_4471.50': 176.5489475224783, 'HeI_4713.17': 91.42528456506655, 'HeI_4921.93': 186.16502886209693, 'Hf': 1364.3968809637574, 'Hn': 386.5015275178358}","{'HeI_3819.62': 428.06572262289865, 'HeI_4009.26': 68.34623676936296, 'HeI_4143.76': 109.69775665777541, 'HeI_4387.93': 180.1335437338148, 'HeI_4471.50': 223.47110127973153, 'HeI_4713.17': 109.14467035827525, 'HeI_4921.93': 221.63287627826722, 'Hf': 1361.00903766243, 'Hn': 387.5844973226483}","{'HeI_3819.62': 499.69221773951796, 'HeI_4009.26': 82.09864506031295, 'HeI_4143.76': 128.01694351642718, 'HeI_4387.93': 211.35065373263288, 'HeI_4471.50': 267.7029614981396, 'HeI_4713.17': 124.97949417938091, 'HeI_4921.93': 257.0038923720302, 'Hf': 1366.913681550833, 'Hn': 397.17880622910184}"
T26000logg3.4,"{'HeI_3819.62': 198.2070068327138, 'HeI_4009.26': 125.71728083120233, 'HeI_4143.76': 143.60285208800374, 'HeI_4387.93': 165.42240930943075, 'HeI_4471.50': 220.76190645329274, 'HeI_4713.17': 111.46516252582951, 'HeI_4921.93': 267.33212777980066, 'Hf': 2546.0703509906766, 'Hn': 906.7765677071444}","{'HeI_3819.62': 56.26156457251361, 'HeI_4009.26': 52.81476112066792, 'HeI_4143.76': 58.5641194744866, 'HeI_4387.93': 64.33053484004694, 'HeI_4471.50': 99.5567697050493, 'HeI_4713.17': 35.80430218176131, 'HeI_4921.93': 124.62660094288732, 'Hf': 2495.2066029523194, 'Hn': 869.9066236840181}","{'HeI_3819.62': 26.198677002200412, 'HeI_4009.26': 22.66798395264055, 'HeI_4143.76': 31.114130193544174, 'HeI_4387.93': 31.531903394314796, 'HeI_4471.50': 54.24693004677032, 'HeI_4713.17': 19.01280627025486, 'HeI_4921.93': 103.20681041339057, 'Hf': 2448.1676817381003, 'Hn': 834.6783218962755}","{'HeI_3819.62': 58.16846430077488, 'HeI_4009.26': 16.044425430804363, 'HeI_4143.76': 35.96051127311841, 'HeI_4387.93': 39.62516723122487, 'HeI_4471.50': 55.89054889492498, 'HeI_4713.17': 29.623824937670157, 'HeI_4921.93': 123.92315899717164, 'Hf': 2406.9744719140094, 'Hn': 803.3159956046043}","{'HeI_3819.62': 121.33478316208951, 'HeI_4009.26': 21.489736604665374, 'HeI_4143.76': 54.823561073285504, 'HeI_4387.93': 67.51766498510258, 'HeI_4471.50': 84.01375565509049, 'HeI_4713.17': 50.02618752500215, 'HeI_4921.93': 153.13810836422027, 'Hf': 2372.1886171760134, 'Hn': 778.2525235830445}","{'HeI_3819.62': 196.87738480457205, 'HeI_4009.26': 32.90921507193461, 'HeI_4143.76': 76.79129198445719, 'HeI_4387.93': 102.48245013405433, 'HeI_4471.50': 124.72418660263084, 'HeI_4713.17': 71.5626330258947, 'HeI_4921.93': 183.2678055832603, 'Hf': 2344.620743438597, 'Hn': 761.9193669685465}","{'HeI_3819.62': 275.0545006017297, 'HeI_4009.26': 46.87945156428444, 'HeI_4143.76': 97.95511876507163, 'HeI_4387.93': 138.5697379171232, 'HeI_4471.50': 169.90780944643288, 'HeI_4713.17': 91.3639106644642, 'HeI_4921.93': 213.0121619802859, 'Hf': 2323.59162418789, 'Hn': 754.7846950843294}","{'HeI_3819.62': 351.57757765294883, 'HeI_4009.26': 61.62049541919838, 'HeI_4143.76': 117.16906113295839, 'HeI_4387.93': 172.79611975017548, 'HeI_4471.50': 215.440591773576, 'HeI_4713.17': 108.99956461159373, 'HeI_4921.93': 242.83933323169367, 'Hf': 2307.7028843159587, 'Hn': 756.6693446823977}","{'HeI_3819.62': 423.6090368395678, 'HeI_4009.26': 75.70894886128458, 'HeI_4143.76': 134.19863413687466, 'HeI_4387.93': 203.66419759253458, 'HeI_4471.50': 258.6238412123215, 'HeI_4713.17': 124.7861251514255, 'HeI_4921.93': 274.01336800268797, 'Hf': 2296.1359770879217, 'Hn': 766.5568139453378}"
T26000logg3.6,"{'HeI_3819.62': 156.49358863094696, 'HeI_4009.26': 122.8473263714917, 'HeI_4143.76': 142.71995811860077, 'HeI_4387.93': 157.88891933256488, 'HeI_4471.50': 193.8368788608639, 'HeI_4713.17': 97.1112767886185, 'HeI_4921.93': 260.6946940082741, 'Hf': 3025.2231303870203, 'Hn': 1556.3966244183514}","{'HeI_3819.62': 39.08661952510876, 'HeI_4009.26': 56.6338159286201, 'HeI_4143.76': 65.51341181008694, 'HeI_4387.93': 70.94268803480675, 'HeI_4471.50': 90.6730400663301, 'HeI_4713.17': 29.671897924815774, 'HeI_4921.93': 129.6059483302031, 'Hf': 2988.106133442342, 'Hn': 1534.9584294998913}","{'HeI_3819.62': 17.741305041133515, 'HeI_4009.26': 28.046819085957615, 'HeI_4143.76': 40.16060538551882, 'HeI_4387.93': 43.29141931053945, 'HeI_4471.50': 54.23886809412427, 'HeI_4713.17': 16.660922417407527, 'HeI_4921.93': 111.451018564631, 'Hf': 2954.87696636041, 'Hn': 1522.6231558302634}","{'HeI_3819.62': 50.84246322557108, 'HeI_4009.26': 21.21227667634142, 'HeI_4143.76': 44.79802511372561, 'HeI_4387.93': 52.06009248778843, 'HeI_4471.50': 59.47596822627102, 'HeI_4713.17': 28.933983331909655, 'HeI_4921.93': 131.93753340673774, 'Hf': 2926.638546756529, 'Hn': 1515.5957246832095}","{'HeI_3819.62': 112.2474670448158, 'HeI_4009.26': 25.87699701639746, 'HeI_4143.76': 62.76704045082357, 'HeI_4387.93': 78.87422365682463, 'HeI_4471.50': 88.47028707275707, 'HeI_4713.17': 50.09860069283766, 'HeI_4921.93': 160.04263624724447, 'Hf': 2903.000883108865, 'Hn': 1510.2297208764357}","{'HeI_3819.62': 185.280496515439, 'HeI_4009.26': 36.212420452284825, 'HeI_4143.76': 83.90385931998317, 'HeI_4387.93': 112.39715981753953, 'HeI_4471.50': 128.40590676018712, 'HeI_4713.17': 71.99133357646726, 'HeI_4921.93': 189.06693490973453, 'Hf': 2883.9648605435086, 'Hn': 1504.370288848683}","{'HeI_3819.62': 261.177922862038, 'HeI_4009.26': 48.94424326841406, 'HeI_4143.76': 104.44567704027705, 'HeI_4387.93': 147.3150824993853, 'HeI_4471.50': 171.993995090337, 'HeI_4713.17': 91.98258155621484, 'HeI_4921.93': 217.96098515828433, 'Hf': 2868.6267035744117, 'Hn': 1497.679004473095}","{'HeI_3819.62': 336.00410273089807, 'HeI_4009.26': 62.445599027304354, 'HeI_4143.76': 123.16991626854364, 'HeI_4387.93': 180.80127028541355, 'HeI_4471.50': 215.84476239593533, 'HeI_4713.17': 109.73007629275097, 'HeI_4921.93': 247.2913705921984, 'Hf': 2855.709623040706, 'Hn': 1491.1481775362474}","{'HeI_3819.62': 406.7268487344129, 'HeI_4009.26': 75.426339618603, 'HeI_4143.76': 139.694312792412, 'HeI_4387.93': 211.10894874150966, 'HeI_4471.50': 257.80393422807697, 'HeI_4713.17': 125.49745234220457, 'HeI_4921.93': 278.05307025528657, 'Hf': 2844.571909905656, 'Hn': 1486.435218500513}"
T26000logg3.8,"{'HeI_3819.62': 167.2968923275029, 'HeI_4009.26': 114.03357388160072, 'HeI_4143.76': 138.9654685360412, 'HeI_4387.93': 142.39757769944526, 'HeI_4471.50': 207.84432835037822, 'HeI_4713.17': 108.59297335951642, 'HeI_4921.93': 258.6211646383143, 'Hf': 3718.768973568685, 'Hn': 2023.3254845572358}","{'HeI_3819.62': 63.021652045106244, 'HeI_4009.26': 57.99251033612793, 'HeI_4143.76': 70.86166459231578, 'HeI_4387.93': 72.36835264908379, 'HeI_4471.50': 107.5122453643696, 'HeI_4713.17': 35.739692842851994, 'HeI_4921.93': 140.66241918463598, 'Hf': 3684.362418306515, 'Hn': 2005.8462392387498}","{'HeI_3819.62': 44.65048090961789, 'HeI_4009.26': 33.2364140583957, 'HeI_4143.76': 48.520955208547754, 'HeI_4387.93': 51.56488171640367, 'HeI_4471.50': 70.68288546984024, 'HeI_4713.17': 19.670555065311717, 'HeI_4921.93': 126.03983913692097, 'Hf': 3655.053416661376, 'Hn': 1997.2986702386447}","{'HeI_3819.62': 76.31443060598552, 'HeI_4009.26': 27.428677254349317, 'HeI_4143.76': 53.848084378122365, 'HeI_4387.93': 61.88110240647551, 'HeI_4471.50': 74.15823399478093, 'HeI_4713.17': 30.311376546005864, 'HeI_4921.93': 146.5398060569448, 'Hf': 3631.1861344743274, 'Hn': 1994.2290475367022}","{'HeI_3819.62': 134.92611869452992, 'HeI_4009.26': 32.060291768906175, 'HeI_4143.76': 71.60714996098763, 'HeI_4387.93': 87.97900220562995, 'HeI_4471.50': 101.00099183602809, 'HeI_4713.17': 50.5769538875496, 'HeI_4921.93': 173.7163133371248, 'Hf': 3611.8489089389404, 'Hn': 1992.892214915247}","{'HeI_3819.62': 205.3805937309279, 'HeI_4009.26': 42.08833716857756, 'HeI_4143.76': 92.1895620715381, 'HeI_4387.93': 120.10205008978092, 'HeI_4471.50': 138.93889691556072, 'HeI_4713.17': 72.00644411568912, 'HeI_4921.93': 201.74733967870037, 'Hf': 3596.2040874966456, 'Hn': 1990.7743665090647}","{'HeI_3819.62': 279.19516860221916, 'HeI_4009.26': 54.53940583856618, 'HeI_4143.76': 112.00968629275836, 'HeI_4387.93': 153.47283922625633, 'HeI_4471.50': 180.61704156726816, 'HeI_4713.17': 91.74339231130782, 'HeI_4921.93': 229.79465976550975, 'Hf': 3582.8260714806984, 'Hn': 1987.135812625396}","{'HeI_3819.62': 352.38544637898787, 'HeI_4009.26': 67.82217023814243, 'HeI_4143.76': 129.9643162415668, 'HeI_4387.93': 185.49207249199537, 'HeI_4471.50': 222.70780082497612, 'HeI_4713.17': 109.30719140587868, 'HeI_4921.93': 258.4062277699733, 'Hf': 3570.04428111454, 'Hn': 1983.0011039562685}","{'HeI_3819.62': 422.0982720704421, 'HeI_4009.26': 80.66739917385395, 'HeI_4143.76': 145.72920769831526, 'HeI_4387.93': 214.7608307817028, 'HeI_4471.50': 263.08834814834006, 'HeI_4713.17': 125.03264929321801, 'HeI_4921.93': 288.68407090379253, 'Hf': 3557.1923254715257, 'Hn': 1979.2583473047266}"
T26000logg4.0,"{'HeI_3819.62': 202.57133727603005, 'HeI_4009.26': 132.3943043656942, 'HeI_4143.76': 170.57553256492307, 'HeI_4387.93': 190.05221922051547, 'HeI_4471.50': 200.1124106040822, 'HeI_4713.17': 98.2956167784085, 'HeI_4921.93': 288.5740568868739, 'Hf': 4465.766199879148, 'Hn': 2699.3324723036944}","{'HeI_3819.62': 117.29292398200232, 'HeI_4009.26': 77.186778817711, 'HeI_4143.76': 99.72838450598138, 'HeI_4387.93': 119.29476852163437, 'HeI_4471.50': 114.67070759046014, 'HeI_4713.17': 31.744501503845694, 'HeI_4921.93': 172.80762193168118, 'Hf': 4441.498023610695, 'Hn': 2683.562379744843}","{'HeI_3819.62': 105.92983648540263, 'HeI_4009.26': 51.31583385240074, 'HeI_4143.76': 73.98262513708136, 'HeI_4387.93': 95.22455981928701, 'HeI_4471.50': 84.87728302978866, 'HeI_4713.17': 18.320524364949502, 'HeI_4921.93': 154.97072409387604, 'Hf': 4420.694300494603, 'Hn': 2677.858565696679}","{'HeI_3819.62': 138.81419095338137, 'HeI_4009.26': 43.79895669167272, 'HeI_4143.76': 76.23719721051573, 'HeI_4387.93': 101.54314294178671, 'HeI_4471.50': 90.67785733737215, 'HeI_4713.17': 29.974477376333308, 'HeI_4921.93': 171.81973224676975, 'Hf': 4403.1629884431795, 'Hn': 2677.455778603764}","{'HeI_3819.62': 196.42656814931175, 'HeI_4009.26': 46.69099069662141, 'HeI_4143.76': 91.5304652506941, 'HeI_4387.93': 123.83820824750897, 'HeI_4471.50': 117.36615732429324, 'HeI_4713.17': 50.641533016871094, 'HeI_4921.93': 196.3341313988667, 'Hf': 4387.719091710077, 'Hn': 2677.7442923983945}","{'HeI_3819.62': 265.1471813644123, 'HeI_4009.26': 55.13150878212538, 'HeI_4143.76': 110.29610573537315, 'HeI_4387.93': 152.7863246346679, 'HeI_4471.50': 153.89410437807535, 'HeI_4713.17': 72.22324999438139, 'HeI_4921.93': 222.54050463258423, 'Hf': 4373.530433656187, 'Hn': 2675.6716144611664}","{'HeI_3819.62': 337.1543145410712, 'HeI_4009.26': 66.1497855674933, 'HeI_4143.76': 128.7857244490089, 'HeI_4387.93': 183.72428351803134, 'HeI_4471.50': 193.7814922978073, 'HeI_4713.17': 92.03905651490783, 'HeI_4921.93': 249.33140100829007, 'Hf': 4359.3350181867045, 'Hn': 2670.2245494192375}","{'HeI_3819.62': 408.7491866688597, 'HeI_4009.26': 78.15801993813103, 'HeI_4143.76': 145.68977661098276, 'HeI_4387.93': 214.0070826836429, 'HeI_4471.50': 234.0885418285214, 'HeI_4713.17': 109.69546160971325, 'HeI_4921.93': 277.0726403528494, 'Hf': 4343.716013343327, 'Hn': 2662.3445019842625}","{'HeI_3819.62': 476.95215399313537, 'HeI_4009.26': 89.89230197408182, 'HeI_4143.76': 160.54482117101486, 'HeI_4387.93': 241.9932904186963, 'HeI_4471.50': 273.0238882616205, 'HeI_4713.17': 125.42100353333807, 'HeI_4921.93': 306.53527518628397, 'Hf': 4326.217672826666, 'Hn': 2653.8606684217357}"
T26000logg4.2,"{'HeI_3819.62': 264.33066714906636, 'HeI_4009.26': 104.20488448421455, 'HeI_4143.76': 147.25843244702338, 'HeI_4387.93': 151.73995058739422, 'HeI_4471.50': 209.561368870353, 'HeI_4713.17': 95.96782188714315, 'HeI_4921.93': 235.09965128655432, 'Hf': 4566.598676283049, 'Hn': 2594.2609651218086}","{'HeI_3819.62': 194.99214233898635, 'HeI_4009.26': 65.06249608797452, 'HeI_4143.76': 93.58109062925006, 'HeI_4387.93': 103.82616789986446, 'HeI_4471.50': 130.88677303682968, 'HeI_4713.17': 31.534915682099896, 'HeI_4921.93': 147.40227268232775, 'Hf': 4549.8700228104835, 'Hn': 2590.375178396393}","{'HeI_3819.62': 190.37265463059785, 'HeI_4009.26': 47.76263207143679, 'HeI_4143.76': 75.88552765312922, 'HeI_4387.93': 92.36361156566718, 'HeI_4471.50': 103.83584044944777, 'HeI_4713.17': 18.767672566549955, 'HeI_4921.93': 140.50359324134288, 'Hf': 4538.279202466835, 'Hn': 2592.798713258566}","{'HeI_3819.62': 225.5367672869615, 'HeI_4009.26': 44.70768736522587, 'HeI_4143.76': 81.13653220534484, 'HeI_4387.93': 104.85736743139648, 'HeI_4471.50': 110.09824571151904, 'HeI_4713.17': 30.524342469577444, 'HeI_4921.93': 161.94068607694453, 'Hf': 4530.709860035299, 'Hn': 2599.188871508266}","{'HeI_3819.62': 283.44179654010816, 'HeI_4009.26': 49.970081282787355, 'HeI_4143.76': 97.21536538688757, 'HeI_4387.93': 129.9140705827809, 'HeI_4471.50': 136.04821655878155, 'HeI_4713.17': 51.12078476772814, 'HeI_4921.93': 189.33183859286427, 'Hf': 4525.697513964536, 'Hn': 2607.0191114979666}","{'HeI_3819.62': 351.5351265556725, 'HeI_4009.26': 59.675249138217254, 'HeI_4143.76': 116.07344353218116, 'HeI_4387.93': 159.87935593189397, 'HeI_4471.50': 171.6104450218607, 'HeI_4713.17': 72.62383021748683, 'HeI_4921.93': 217.68817697581437, 'Hf': 4521.750665626769, 'Hn': 2614.2713806192914}","{'HeI_3819.62': 422.46654812340125, 'HeI_4009.26': 71.43881737259063, 'HeI_4143.76': 134.48800800589896, 'HeI_4387.93': 190.96661924735912, 'HeI_4471.50': 210.5193204683363, 'HeI_4713.17': 92.38184104639964, 'HeI_4921.93': 246.15602433236862, 'Hf': 4517.3001486911435, 'Hn': 2620.186952155503}","{'HeI_3819.62': 492.7505822089157, 'HeI_4009.26': 83.92566624299172, 'HeI_4143.76': 151.2858046975184, 'HeI_4387.93': 221.05411087267785, 'HeI_4471.50': 249.77794670132738, 'HeI_4713.17': 109.9995447607437, 'HeI_4921.93': 275.1737676284747, 'Hf': 4510.806170345376, 'Hn': 2625.3492166434758}","{'HeI_3819.62': 559.566175640805, 'HeI_4009.26': 95.97421380014582, 'HeI_4143.76': 166.01730146481904, 'HeI_4387.93': 248.88011664082813, 'HeI_4471.50': 287.610416862818, 'HeI_4713.17': 125.70658575748351, 'HeI_4921.93': 305.59123768324406, 'Hf': 4501.60836921964, 'Hn': 2630.394496785484}"
T26000logg4.4,"{'HeI_3819.62': 357.157433910378, 'HeI_4009.26': 106.97049704472249, 'HeI_4143.76': 164.2226056805223, 'HeI_4387.93': 175.42298139991806, 'HeI_4471.50': 217.55285615892174, 'HeI_4713.17': 91.26663166568865, 'HeI_4921.93': 240.59852494589524, 'Hf': 4963.320636723918, 'Hn': 2895.344272682051}","{'HeI_3819.62': 305.3216160210795, 'HeI_4009.26': 74.18751714130461, 'HeI_4143.76': 114.20827035220184, 'HeI_4387.93': 133.8487950781145, 'HeI_4471.50': 149.57696127366205, 'HeI_4713.17': 30.644617710783056, 'HeI_4921.93': 162.51641635003304, 'Hf': 4953.276061182288, 'Hn': 2894.953594443989}","{'HeI_3819.62': 308.7038608520151, 'HeI_4009.26': 59.64575256825861, 'HeI_4143.76': 97.00463754984277, 'HeI_4387.93': 124.18789757683788, 'HeI_4471.50': 127.75244227742161, 'HeI_4713.17': 19.054635605242545, 'HeI_4921.93': 156.01864344749805, 'Hf': 4948.463285752477, 'Hn': 2900.3047968353903}","{'HeI_3819.62': 346.8150578629807, 'HeI_4009.26': 57.336959243130046, 'HeI_4143.76': 101.31494021171012, 'HeI_4387.93': 135.94085943962315, 'HeI_4471.50': 135.9382114831001, 'HeI_4713.17': 31.01875517724711, 'HeI_4921.93': 176.149149603772, 'Hf': 4947.277393598292, 'Hn': 2909.2154155511216}","{'HeI_3819.62': 405.2492557985578, 'HeI_4009.26': 62.39199303461596, 'HeI_4143.76': 115.98232496916941, 'HeI_4387.93': 159.1659619339798, 'HeI_4471.50': 161.90130862896197, 'HeI_4713.17': 51.555967484079304, 'HeI_4921.93': 202.92046480570428, 'Hf': 4948.037709160059, 'Hn': 2919.364694433427}","{'HeI_3819.62': 472.6889357442721, 'HeI_4009.26': 71.47791855059198, 'HeI_4143.76': 133.44600221423835, 'HeI_4387.93': 187.00250774917845, 'HeI_4471.50': 196.46240871360607, 'HeI_4713.17': 72.9790645259556, 'HeI_4921.93': 231.32820738270402, 'Hf': 4948.859984209976, 'Hn': 2928.7339696401827}","{'HeI_3819.62': 542.4275784643002, 'HeI_4009.26': 82.47061516650582, 'HeI_4143.76': 150.60016839959886, 'HeI_4387.93': 215.9720494166576, 'HeI_4471.50': 233.8524301381869, 'HeI_4713.17': 92.68918702634143, 'HeI_4921.93': 260.1573147778596, 'Hf': 4948.14374193421, 'Hn': 2936.484551590019}","{'HeI_3819.62': 611.2881304842972, 'HeI_4009.26': 94.15126567340594, 'HeI_4143.76': 166.27998969616598, 'HeI_4387.93': 244.08840209993159, 'HeI_4471.50': 271.39772217755984, 'HeI_4713.17': 110.2905760649528, 'HeI_4921.93': 289.5678343796901, 'Hf': 4944.446423196917, 'Hn': 2943.1015114269776}","{'HeI_3819.62': 676.5041729590058, 'HeI_4009.26': 105.41843178839507, 'HeI_4143.76': 179.99639321364012, 'HeI_4387.93': 270.1745725884345, 'HeI_4471.50': 307.6043692856878, 'HeI_4713.17': 125.99989133056577, 'HeI_4921.93': 320.1978995143791, 'Hf': 4937.13634626334, 'Hn': 2949.0926942461288}"
T27000logg3.0,"{'HeI_3819.62': 450.4915638745007, 'HeI_4009.26': 102.56058110824752, 'HeI_4143.76': 119.84704363755901, 'HeI_4387.93': 196.94792686048655, 'HeI_4471.50': 225.23902722922145, 'HeI_4713.17': 83.49083306565281, 'HeI_4921.93': 161.0100430591733, 'Hf': 786.3665740419983, 'Hn': 367.8676412103391}","{'HeI_3819.62': 340.9493931372004, 'HeI_4009.26': 91.99459593497636, 'HeI_4143.76': 103.66820748023525, 'HeI_4387.93': 169.66799138673102, 'HeI_4471.50': 120.40680182705186, 'HeI_4713.17': 23.614258069568383, 'HeI_4921.93': 103.0562112705706, 'Hf': 621.937486240408, 'Hn': 266.0795515412098}","{'HeI_3819.62': 346.2374600193831, 'HeI_4009.26': 97.36341995075942, 'HeI_4143.76': 112.3605428676254, 'HeI_4387.93': 183.89699977316076, 'HeI_4471.50': 98.40481735817562, 'HeI_4713.17': 18.30989213612365, 'HeI_4921.93': 116.42040992468621, 'Hf': 491.44448630320875, 'Hn': 186.3882161715713}","{'HeI_3819.62': 403.33446962428343, 'HeI_4009.26': 109.10134895957587, 'HeI_4143.76': 132.40437284850233, 'HeI_4387.93': 217.156555302917, 'HeI_4471.50': 119.86753773246251, 'HeI_4713.17': 35.713084041480236, 'HeI_4921.93': 156.75557376834723, 'Hf': 408.74910759475614, 'Hn': 133.59793698073065}","{'HeI_3819.62': 480.50271031530445, 'HeI_4009.26': 122.77085208374797, 'HeI_4143.76': 155.16353598852848, 'HeI_4387.93': 256.279485796086, 'HeI_4471.50': 162.63308536499594, 'HeI_4713.17': 59.307079224793654, 'HeI_4921.93': 203.55193260531934, 'Hf': 369.35201702736686, 'Hn': 104.97540701401174}","{'HeI_3819.62': 560.855429569261, 'HeI_4009.26': 136.39654324940483, 'HeI_4143.76': 176.42750242192, 'HeI_4387.93': 294.1697677904086, 'HeI_4471.50': 211.31379296766943, 'HeI_4713.17': 82.10286271199924, 'HeI_4921.93': 248.3995306186678, 'Hf': 362.7589207630201, 'Hn': 96.39423218955855}","{'HeI_3819.62': 637.600239796599, 'HeI_4009.26': 149.00932700450764, 'HeI_4143.76': 195.39696053065117, 'HeI_4387.93': 328.60468366850677, 'HeI_4471.50': 259.66975658267353, 'HeI_4713.17': 102.32685203625817, 'HeI_4921.93': 289.25716651576033, 'Hf': 379.1618100090699, 'Hn': 104.32747636888259}","{'HeI_3819.62': 708.3135265638991, 'HeI_4009.26': 160.3867000877553, 'HeI_4143.76': 212.04373795678634, 'HeI_4387.93': 358.4563061359252, 'HeI_4471.50': 305.0431858580836, 'HeI_4713.17': 119.95680098515264, 'HeI_4921.93': 325.9643813374475, 'Hf': 412.3351558387748, 'Hn': 126.35210895524243}","{'HeI_3819.62': 772.0087815285151, 'HeI_4009.26': 170.07477716026156, 'HeI_4143.76': 226.70060065458972, 'HeI_4387.93': 383.59556945616873, 'HeI_4471.50': 346.39718008140164, 'HeI_4713.17': 135.4481431938049, 'HeI_4921.93': 359.76920930316976, 'Hf': 456.912023987538, 'Hn': 160.3318346974186}"
T27000logg3.2,"{'HeI_3819.62': 577.6979543365185, 'HeI_4009.26': 165.16948085503114, 'HeI_4143.76': 172.4333063159961, 'HeI_4387.93': 288.70982288631535, 'HeI_4471.50': 370.3595498964429, 'HeI_4713.17': 72.77695191693907, 'HeI_4921.93': 199.19362230868754, 'Hf': 477.59954056069705, 'Hn': 114.93346733527609}","{'HeI_3819.62': 533.4013262250874, 'HeI_4009.26': 165.5505483554642, 'HeI_4143.76': 171.2212523656163, 'HeI_4387.93': 272.90929183130555, 'HeI_4471.50': 287.85935998290347, 'HeI_4713.17': 60.02871531236032, 'HeI_4921.93': 160.24322136044415, 'Hf': 402.35182379771106, 'Hn': 73.96690130192961}","{'HeI_3819.62': 563.8232837824161, 'HeI_4009.26': 173.6220848510286, 'HeI_4143.76': 184.45505960750825, 'HeI_4387.93': 293.1885276390303, 'HeI_4471.50': 281.0698322513707, 'HeI_4713.17': 73.09198463741153, 'HeI_4921.93': 179.4272146421014, 'Hf': 352.6321203723, 'Hn': 52.41501078898797}","{'HeI_3819.62': 625.3463473659418, 'HeI_4009.26': 184.4351690702294, 'HeI_4143.76': 203.8524364195659, 'HeI_4387.93': 326.1335734967634, 'HeI_4471.50': 310.27517549203554, 'HeI_4713.17': 95.55322395666201, 'HeI_4921.93': 219.64236881478038, 'Hf': 329.84554352219783, 'Hn': 48.34219882746297}","{'HeI_3819.62': 697.5589426807074, 'HeI_4009.26': 195.64286251866216, 'HeI_4143.76': 223.35151796602005, 'HeI_4387.93': 360.36286465413014, 'HeI_4471.50': 354.683284821193, 'HeI_4713.17': 118.69098384401042, 'HeI_4921.93': 265.03642031081733, 'Hf': 330.14422846513594, 'Hn': 57.11830665601359}","{'HeI_3819.62': 769.1205602795402, 'HeI_4009.26': 205.96824388804686, 'HeI_4143.76': 240.80561406173527, 'HeI_4387.93': 391.9214471367873, 'HeI_4471.50': 401.86830641908716, 'HeI_4713.17': 139.18423301985192, 'HeI_4921.93': 308.8667205909326, 'Hf': 348.5505404949609, 'Hn': 74.39429830206296}","{'HeI_3819.62': 836.0178000795161, 'HeI_4009.26': 215.096162413498, 'HeI_4143.76': 256.8009480437408, 'HeI_4387.93': 420.7092870331055, 'HeI_4471.50': 446.9138181636162, 'HeI_4713.17': 156.76915748847955, 'HeI_4921.93': 348.9908976665468, 'Hf': 380.89246765662665, 'Hn': 98.80945612255587}","{'HeI_3819.62': 896.397641284983, 'HeI_4009.26': 223.21492632902041, 'HeI_4143.76': 271.6723121001425, 'HeI_4387.93': 445.87020394197714, 'HeI_4471.50': 488.13344735027084, 'HeI_4713.17': 171.61348259546682, 'HeI_4921.93': 384.8672071656631, 'Hf': 423.48982779795807, 'Hn': 129.83673641197558}","{'HeI_3819.62': 949.9727846676656, 'HeI_4009.26': 230.26515887190953, 'HeI_4143.76': 285.99343422652066, 'HeI_4387.93': 467.5013923295813, 'HeI_4471.50': 525.4736908112116, 'HeI_4713.17': 184.26746141859942, 'HeI_4921.93': 417.53110604641574, 'Hf': 472.55845078104085, 'Hn': 167.33256452750075}"
T27000logg3.4,"{'HeI_3819.62': 200.4564991568423, 'HeI_4009.26': 77.10878643408653, 'HeI_4143.76': 90.31388033661739, 'HeI_4387.93': 110.50930907431858, 'HeI_4471.50': 201.68896197798844, 'HeI_4713.17': 100.47016384087216, 'HeI_4921.93': 215.48363650552392, 'Hf': 2202.9571598522584, 'Hn': 831.8359682503097}","{'HeI_3819.62': 65.75454292800389, 'HeI_4009.26': 26.32099606000872, 'HeI_4143.76': 28.100436301833334, 'HeI_4387.93': 32.684201440300036, 'HeI_4471.50': 88.07325437077608, 'HeI_4713.17': 30.760152035472625, 'HeI_4921.93': 87.05312814536661, 'Hf': 2147.962189737077, 'Hn': 803.0331617496271}","{'HeI_3819.62': 41.58051639792144, 'HeI_4009.26': 9.541891075270614, 'HeI_4143.76': 13.383120870719443, 'HeI_4387.93': 14.956195689645172, 'HeI_4471.50': 48.02382097173251, 'HeI_4713.17': 17.008847139791083, 'HeI_4921.93': 73.46203559051028, 'Hf': 2098.6168415031434, 'Hn': 780.8166142655972}","{'HeI_3819.62': 78.10823486521069, 'HeI_4009.26': 10.911432602821147, 'HeI_4143.76': 24.602183425533248, 'HeI_4387.93': 32.127243171847475, 'HeI_4471.50': 53.484282981724505, 'HeI_4713.17': 29.116514682046287, 'HeI_4921.93': 99.43617965588038, 'Hf': 2057.7976928124444, 'Hn': 764.0910523645115}","{'HeI_3819.62': 144.4641501085274, 'HeI_4009.26': 21.18696464499096, 'HeI_4143.76': 46.49524503072348, 'HeI_4387.93': 65.45844926513578, 'HeI_4471.50': 84.24124425314437, 'HeI_4713.17': 50.25621797352564, 'HeI_4921.93': 133.22023064761788, 'Hf': 2025.9351794688541, 'Hn': 751.280022020602}","{'HeI_3819.62': 221.82871477275467, 'HeI_4009.26': 35.345676932151804, 'HeI_4143.76': 70.02656098189884, 'HeI_4387.93': 103.50887573676506, 'HeI_4471.50': 126.36934001260363, 'HeI_4713.17': 72.16513190647271, 'HeI_4921.93': 167.19472338102403, 'Hf': 2003.1073007849427, 'Hn': 741.7410853090431}","{'HeI_3819.62': 300.78690175738524, 'HeI_4009.26': 50.70239272889372, 'HeI_4143.76': 92.12098581324813, 'HeI_4387.93': 141.08036264433315, 'HeI_4471.50': 171.79793009265242, 'HeI_4713.17': 92.16373267766664, 'HeI_4921.93': 199.9254562062558, 'Hf': 1988.4776909710297, 'Hn': 735.7618821038502}","{'HeI_3819.62': 377.3640483540448, 'HeI_4009.26': 65.96770302160095, 'HeI_4143.76': 112.03485277572793, 'HeI_4387.93': 175.76389915894035, 'HeI_4471.50': 217.05173800730665, 'HeI_4713.17': 109.90489330131892, 'HeI_4921.93': 231.95682942420703, 'Hf': 1980.7025002172359, 'Hn': 734.2861693403507}","{'HeI_3819.62': 449.03804025425876, 'HeI_4009.26': 80.05349481780378, 'HeI_4143.76': 129.70961545890898, 'HeI_4387.93': 206.521101823703, 'HeI_4471.50': 260.00739008173656, 'HeI_4713.17': 125.77309683724063, 'HeI_4921.93': 264.7014601933392, 'Hf': 1978.7156142623924, 'Hn': 737.882121985191}"
T27000logg3.6,"{'HeI_3819.62': 137.14889927723829, 'HeI_4009.26': 103.86306726661894, 'HeI_4143.76': 111.98027891882522, 'HeI_4387.93': 123.32737087479897, 'HeI_4471.50': 144.8272866250282, 'HeI_4713.17': 70.71534739777498, 'HeI_4921.93': 180.77973210365988, 'Hf': 3103.1359203040847, 'Hn': 1657.2826390972577}","{'HeI_3819.62': 35.06218353284831, 'HeI_4009.26': 42.288424959582706, 'HeI_4143.76': 44.084457304408296, 'HeI_4387.93': 46.13969820060511, 'HeI_4471.50': 61.14384870596196, 'HeI_4713.17': 18.17822979242212, 'HeI_4921.93': 69.41313089277224, 'Hf': 3058.8740327244436, 'Hn': 1624.643170022041}","{'HeI_3819.62': 28.247666644235732, 'HeI_4009.26': 18.140981532181392, 'HeI_4143.76': 25.97135958017077, 'HeI_4387.93': 26.692978173818183, 'HeI_4471.50': 40.74101577867107, 'HeI_4713.17': 15.00487153245744, 'HeI_4921.93': 63.107793434421346, 'Hf': 3019.423435562698, 'Hn': 1606.2266356119649}","{'HeI_3819.62': 71.44203747677746, 'HeI_4009.26': 14.809751458525668, 'HeI_4143.76': 35.43695666786371, 'HeI_4387.93': 41.540195719990884, 'HeI_4471.50': 56.81362716897775, 'HeI_4713.17': 32.7680635237935, 'HeI_4921.93': 91.45414739342253, 'Hf': 2986.3690403264372, 'Hn': 1595.5144587609145}","{'HeI_3819.62': 138.6605138115086, 'HeI_4009.26': 21.850598408964043, 'HeI_4143.76': 56.20656137100786, 'HeI_4387.93': 72.15685968468486, 'HeI_4471.50': 93.07223283692937, 'HeI_4713.17': 56.37227622799187, 'HeI_4921.93': 126.87161274480356, 'Hf': 2958.7281978105484, 'Hn': 1586.254714476875}","{'HeI_3819.62': 214.66484413389986, 'HeI_4009.26': 33.675484138643036, 'HeI_4143.76': 78.89476747689943, 'HeI_4387.93': 107.92896863117699, 'HeI_4471.50': 136.63200644367103, 'HeI_4713.17': 79.16723592285528, 'HeI_4921.93': 162.7263655429014, 'Hf': 2935.8939955219207, 'Hn': 1574.8724356347773}","{'HeI_3819.62': 291.40906869294247, 'HeI_4009.26': 47.170527355152224, 'HeI_4143.76': 100.34483017582339, 'HeI_4387.93': 144.0151611915291, 'HeI_4471.50': 181.54574581998412, 'HeI_4713.17': 99.35510672177757, 'HeI_4921.93': 197.40844726569634, 'Hf': 2917.446771141391, 'Hn': 1560.9684750847196}","{'HeI_3819.62': 365.7596220109856, 'HeI_4009.26': 60.997611449489916, 'HeI_4143.76': 119.61248348990951, 'HeI_4387.93': 177.95855402167254, 'HeI_4471.50': 225.41117886892826, 'HeI_4713.17': 117.00744329562475, 'HeI_4921.93': 231.26819394241605, 'Hf': 2902.1889343288835, 'Hn': 1545.85248379806}","{'HeI_3819.62': 435.3929244338965, 'HeI_4009.26': 74.03683755665469, 'HeI_4143.76': 136.50108760476886, 'HeI_4387.93': 208.28558198107615, 'HeI_4471.50': 266.3222704677715, 'HeI_4713.17': 132.48745068535314, 'HeI_4921.93': 265.1338287013551, 'Hf': 2889.306839514411, 'Hn': 1532.339854989652}"
T27000logg3.8,"{'HeI_3819.62': 144.49979096822852, 'HeI_4009.26': 96.08706352286343, 'HeI_4143.76': 121.04498375327158, 'HeI_4387.93': 129.40949876787437, 'HeI_4471.50': 187.03468918494113, 'HeI_4713.17': 96.35492024015738, 'HeI_4921.93': 235.88248849835682, 'Hf': 3364.876511662755, 'Hn': 1731.4891030104736}","{'HeI_3819.62': 42.55514418556082, 'HeI_4009.26': 43.89725824526083, 'HeI_4143.76': 55.9286489603528, 'HeI_4387.93': 60.1667569412397, 'HeI_4471.50': 92.25766572915468, 'HeI_4713.17': 29.802642731657375, 'HeI_4921.93': 120.84709553861308, 'Hf': 3334.058936057888, 'Hn': 1716.3161331705985}","{'HeI_3819.62': 26.90706641856255, 'HeI_4009.26': 22.354869816002232, 'HeI_4143.76': 35.99887733768185, 'HeI_4387.93': 40.702418049510946, 'HeI_4471.50': 59.09451434865068, 'HeI_4713.17': 16.981799760300795, 'HeI_4921.93': 107.07818784992166, 'Hf': 3307.5355732365147, 'Hn': 1708.923019723317}","{'HeI_3819.62': 61.500286959367955, 'HeI_4009.26': 18.97101289180101, 'HeI_4143.76': 42.82508458226335, 'HeI_4387.93': 52.49835701753755, 'HeI_4471.50': 65.06762715696848, 'HeI_4713.17': 29.240185301861356, 'HeI_4921.93': 128.80542795516322, 'Hf': 3286.048159644705, 'Hn': 1706.3261040264335}","{'HeI_3819.62': 122.74724608735117, 'HeI_4009.26': 25.347876212898985, 'HeI_4143.76': 61.55880351965702, 'HeI_4387.93': 80.07641672787437, 'HeI_4471.50': 93.55157292893897, 'HeI_4713.17': 50.314202355479146, 'HeI_4921.93': 158.01854221233882, 'Hf': 3269.0253050795245, 'Hn': 1705.3590576631505}","{'HeI_3819.62': 195.1622856285277, 'HeI_4009.26': 36.49896051975942, 'HeI_4143.76': 82.99952357676318, 'HeI_4387.93': 113.49148024397725, 'HeI_4471.50': 132.6235871309706, 'HeI_4713.17': 72.15839470829918, 'HeI_4921.93': 188.31409794933336, 'Hf': 3255.8398308832784, 'Hn': 1704.0038522186114}","{'HeI_3819.62': 270.26735382825063, 'HeI_4009.26': 49.60401020074807, 'HeI_4143.76': 103.66260003132399, 'HeI_4387.93': 147.80294161974726, 'HeI_4471.50': 175.02305018725912, 'HeI_4713.17': 92.11581295340653, 'HeI_4921.93': 218.42658822578986, 'Hf': 3245.349412014507, 'Hn': 1701.7827667643992}","{'HeI_3819.62': 344.17366432626636, 'HeI_4009.26': 63.236471319391164, 'HeI_4143.76': 122.46638918589008, 'HeI_4387.93': 180.46621943430856, 'HeI_4471.50': 217.61413821087766, 'HeI_4713.17': 109.79951627173519, 'HeI_4921.93': 248.73043663298196, 'Hf': 3236.0910246594717, 'Hn': 1699.7287857970373}","{'HeI_3819.62': 414.2846543051543, 'HeI_4009.26': 76.24921447772476, 'HeI_4143.76': 139.10041993661972, 'HeI_4387.93': 210.22906723810783, 'HeI_4471.50': 258.4142395369261, 'HeI_4713.17': 125.61278788803867, 'HeI_4921.93': 280.2784558839885, 'Hf': 3227.411604333461, 'Hn': 1698.584330975473}"
T27000logg4.0,"{'HeI_3819.62': 166.51124346167217, 'HeI_4009.26': 104.55394516554624, 'HeI_4143.76': 137.2639365963285, 'HeI_4387.93': 148.45041310727888, 'HeI_4471.50': 175.771642257154, 'HeI_4713.17': 88.35492453310768, 'HeI_4921.93': 238.9511048720074, 'Hf': 4018.134504185015, 'Hn': 2281.873610187296}","{'HeI_3819.62': 84.39602664688051, 'HeI_4009.26': 56.0643713982477, 'HeI_4143.76': 75.01862803332428, 'HeI_4387.93': 86.8605131299308, 'HeI_4471.50': 96.45918849612941, 'HeI_4713.17': 26.984214425345645, 'HeI_4921.93': 136.14348381223695, 'Hf': 4000.948866507291, 'Hn': 2272.876392909793}","{'HeI_3819.62': 75.43686704579505, 'HeI_4009.26': 34.77557382820445, 'HeI_4143.76': 54.554228023170054, 'HeI_4387.93': 68.95020689398659, 'HeI_4471.50': 70.52807278561652, 'HeI_4713.17': 16.229882624080137, 'HeI_4921.93': 124.46581172673959, 'Hf': 3986.5978471715243, 'Hn': 2271.138070672083}","{'HeI_3819.62': 110.5930246589337, 'HeI_4009.26': 30.393617754403227, 'HeI_4143.76': 59.62999846546285, 'HeI_4387.93': 79.30928211339898, 'HeI_4471.50': 78.77890267976055, 'HeI_4713.17': 29.204455734292022, 'HeI_4921.93': 145.09768565373875, 'Hf': 3974.9335619502717, 'Hn': 2273.3412888280395}","{'HeI_3819.62': 170.27617486236068, 'HeI_4009.26': 35.462815829785036, 'HeI_4143.76': 76.4664843707374, 'HeI_4387.93': 104.37772546358939, 'HeI_4471.50': 107.01899681940561, 'HeI_4713.17': 50.52093776727115, 'HeI_4921.93': 172.86565767647318, 'Hf': 3965.1415189634963, 'Hn': 2276.2828295542195}","{'HeI_3819.62': 240.63713191601101, 'HeI_4009.26': 45.32424031262115, 'HeI_4143.76': 96.2912229667034, 'HeI_4387.93': 135.23828827360327, 'HeI_4471.50': 144.65812662257485, 'HeI_4713.17': 72.42460768852153, 'HeI_4921.93': 201.93550363382008, 'Hf': 3956.4700368339268, 'Hn': 2277.8446135846166}","{'HeI_3819.62': 313.8557986896269, 'HeI_4009.26': 57.24111458658241, 'HeI_4143.76': 115.68220899160173, 'HeI_4387.93': 167.44380225628225, 'HeI_4471.50': 185.39696718399253, 'HeI_4713.17': 92.4034625473911, 'HeI_4921.93': 231.1529761231958, 'Hf': 3947.9189061963543, 'Hn': 2277.4051754350817}","{'HeI_3819.62': 386.2792973132794, 'HeI_4009.26': 69.81193808307263, 'HeI_4143.76': 133.45500330741706, 'HeI_4387.93': 198.56246375294026, 'HeI_4471.50': 226.34921326860658, 'HeI_4713.17': 110.14597606303853, 'HeI_4921.93': 260.8624717565755, 'Hf': 3938.2832690665473, 'Hn': 2275.7944029424934}","{'HeI_3819.62': 455.03706974376723, 'HeI_4009.26': 81.89637330644406, 'HeI_4143.76': 149.17828971210128, 'HeI_4387.93': 227.15672223414836, 'HeI_4471.50': 265.74824012733734, 'HeI_4713.17': 125.91985073170676, 'HeI_4921.93': 291.88128961608925, 'Hf': 3927.046363800704, 'Hn': 2274.227744624039}"
T27000logg4.2,"{'HeI_3819.62': 226.25908218532703, 'HeI_4009.26': 96.6851378831922, 'HeI_4143.76': 141.16224363416433, 'HeI_4387.93': 151.33769393048618, 'HeI_4471.50': 183.31641945303042, 'HeI_4713.17': 85.94030945786784, 'HeI_4921.93': 236.12390363656272, 'Hf': 4400.2580273697795, 'Hn': 2528.521800720525}","{'HeI_3819.62': 161.59960195672014, 'HeI_4009.26': 57.966561669741026, 'HeI_4143.76': 86.45359464550864, 'HeI_4387.93': 101.30470893684813, 'HeI_4471.50': 112.710155946393, 'HeI_4713.17': 26.745840609072733, 'HeI_4921.93': 146.28705256066243, 'Hf': 4388.882687250488, 'Hn': 2525.0248941180203}","{'HeI_3819.62': 160.14202724068258, 'HeI_4009.26': 41.21541250485289, 'HeI_4143.76': 68.48696888929918, 'HeI_4387.93': 88.38086043779933, 'HeI_4471.50': 90.56907898292249, 'HeI_4713.17': 16.625861720389384, 'HeI_4921.93': 137.583070313538, 'Hf': 4381.167718637508, 'Hn': 2527.8123065240925}","{'HeI_3819.62': 197.42452759075687, 'HeI_4009.26': 38.65905563936863, 'HeI_4143.76': 73.77093613632485, 'HeI_4387.93': 100.0613654533725, 'HeI_4471.50': 99.7265224816081, 'HeI_4713.17': 29.676153280635006, 'HeI_4921.93': 158.05899646097384, 'Hf': 4376.199323864857, 'Hn': 2534.1260165167123}","{'HeI_3819.62': 256.7398148055655, 'HeI_4009.26': 44.312759014955965, 'HeI_4143.76': 89.96189525270589, 'HeI_4387.93': 124.75199619853336, 'HeI_4471.50': 127.35142287067808, 'HeI_4713.17': 50.91561563023947, 'HeI_4921.93': 185.1518165215153, 'Hf': 4372.813522641189, 'Hn': 2541.2529427061445}","{'HeI_3819.62': 325.7254684283031, 'HeI_4009.26': 54.204149365838504, 'HeI_4143.76': 108.99576265310043, 'HeI_4387.93': 154.567949717791, 'HeI_4471.50': 163.79532250822433, 'HeI_4713.17': 72.74355195811249, 'HeI_4921.93': 213.59824311412444, 'Hf': 4369.791006278882, 'Hn': 2547.2077949058576}","{'HeI_3819.62': 397.2374152908912, 'HeI_4009.26': 65.93785226833613, 'HeI_4143.76': 127.62860715366598, 'HeI_4387.93': 185.5201088540241, 'HeI_4471.50': 203.1219337000309, 'HeI_4713.17': 92.67293717786377, 'HeI_4921.93': 242.36970863455386, 'Hf': 4365.926117417957, 'Hn': 2551.3061339395495}","{'HeI_3819.62': 467.9165399273519, 'HeI_4009.26': 78.24564228815755, 'HeI_4143.76': 144.68522977667612, 'HeI_4387.93': 215.42140795932784, 'HeI_4471.50': 242.61192481095492, 'HeI_4713.17': 110.3860750074496, 'HeI_4921.93': 271.78029165574395, 'Hf': 4359.981977406563, 'Hn': 2554.214084962736}","{'HeI_3819.62': 535.0055800807368, 'HeI_4009.26': 90.04552685050481, 'HeI_4143.76': 159.72699804791833, 'HeI_4387.93': 243.03754345904582, 'HeI_4471.50': 280.64862387571276, 'HeI_4713.17': 126.14787694344362, 'HeI_4921.93': 302.586181888191, 'Hf': 4351.39934341831, 'Hn': 2556.8617396816176}"
T27000logg4.4,"{'HeI_3819.62': 320.840157571052, 'HeI_4009.26': 93.00122783608643, 'HeI_4143.76': 146.37123384193418, 'HeI_4387.93': 153.74727264959765, 'HeI_4471.50': 196.18270936993443, 'HeI_4713.17': 84.57991855202087, 'HeI_4921.93': 226.68414964878096, 'Hf': 4835.737729745115, 'Hn': 2831.12240132449}","{'HeI_3819.62': 272.52706709478934, 'HeI_4009.26': 63.28616175244769, 'HeI_4143.76': 99.53094477879891, 'HeI_4387.93': 116.08893460893225, 'HeI_4471.50': 133.89464490331423, 'HeI_4713.17': 27.308881044771308, 'HeI_4921.93': 152.66613101066238, 'Hf': 4829.351256209487, 'Hn': 2831.438740262693}","{'HeI_3819.62': 278.20120812581604, 'HeI_4009.26': 50.962734291256645, 'HeI_4143.76': 84.40600251718602, 'HeI_4387.93': 108.72662537005863, 'HeI_4471.50': 115.43496622448988, 'HeI_4713.17': 17.461984234532647, 'HeI_4921.93': 148.01506658102983, 'Hf': 4827.163113490827, 'Hn': 2837.3989442535094}","{'HeI_3819.62': 317.8081080868641, 'HeI_4009.26': 50.283352912973285, 'HeI_4143.76': 90.0757965839048, 'HeI_4387.93': 121.83571174056185, 'HeI_4471.50': 125.64726529840038, 'HeI_4713.17': 30.319963581277243, 'HeI_4921.93': 169.06045262790522, 'Hf': 4827.526379372478, 'Hn': 2846.551583131976}","{'HeI_3819.62': 377.16565552270725, 'HeI_4009.26': 56.51895364552044, 'HeI_4143.76': 105.64465609169599, 'HeI_4387.93': 145.91275854200128, 'HeI_4471.50': 152.78802938282007, 'HeI_4713.17': 51.2929430441394, 'HeI_4921.93': 196.3035258918765, 'Hf': 4828.961339169638, 'Hn': 2856.438921938922}","{'HeI_3819.62': 445.2908675696028, 'HeI_4009.26': 66.37053234703431, 'HeI_4143.76': 123.78311067449891, 'HeI_4387.93': 174.34008137484156, 'HeI_4471.50': 188.0768854396226, 'HeI_4713.17': 72.95682079328921, 'HeI_4921.93': 225.03478699564403, 'Hf': 4829.884518484337, 'Hn': 2865.133116776149}","{'HeI_3819.62': 515.5167958190932, 'HeI_4009.26': 77.80253282206323, 'HeI_4143.76': 141.47266993450657, 'HeI_4387.93': 203.67189465024254, 'HeI_4471.50': 225.84025693347118, 'HeI_4713.17': 92.79113096615576, 'HeI_4921.93': 254.1184094418568, 'Hf': 4828.952309833317, 'Hn': 2871.801202935432}","{'HeI_3819.62': 584.6290827528794, 'HeI_4009.26': 89.68635545333424, 'HeI_4143.76': 157.64407260164913, 'HeI_4387.93': 232.00930377576216, 'HeI_4471.50': 263.59859394959284, 'HeI_4713.17': 110.40985481579408, 'HeI_4921.93': 283.7630164893846, 'Hf': 4824.871745634468, 'Hn': 2877.12898288683}","{'HeI_3819.62': 650.2700113941966, 'HeI_4009.26': 101.04484580023122, 'HeI_4143.76': 171.80346018817662, 'HeI_4387.93': 258.32682925219734, 'HeI_4471.50': 299.9030429565848, 'HeI_4713.17': 126.19513572443103, 'HeI_4921.93': 314.59917847106914, 'Hf': 4817.321102246578, 'Hn': 2881.5239563470814}"
T28000logg3.0,"{'HeI_3819.62': 480.17775098027636, 'HeI_4009.26': 236.65715049357001, 'HeI_4143.76': 291.0514642139932, 'HeI_4387.93': 477.89167324937915, 'HeI_4471.50': 300.8049860589938, 'HeI_4713.17': 91.41438242916155, 'HeI_4921.93': 303.58912893518533, 'Hf': 660.7227050956244, 'Hn': 576.7967314548588}","{'HeI_3819.62': 371.5484586734474, 'HeI_4009.26': 239.60837909722107, 'HeI_4143.76': 295.5033208920907, 'HeI_4387.93': 483.1588254763748, 'HeI_4471.50': 168.341079046269, 'HeI_4713.17': 33.978768077412624, 'HeI_4921.93': 297.2483829755013, 'Hf': 464.2139187160959, 'Hn': 445.2045952632797}","{'HeI_3819.62': 373.74827791395444, 'HeI_4009.26': 246.20290970282258, 'HeI_4143.76': 307.2972267561554, 'HeI_4387.93': 505.1560138051044, 'HeI_4471.50': 127.98596931637618, 'HeI_4713.17': 28.018755506841497, 'HeI_4921.93': 322.66110077374606, 'Hf': 315.77062283086156, 'Hn': 342.19983542402565}","{'HeI_3819.62': 429.6952431966911, 'HeI_4009.26': 253.95610339571502, 'HeI_4143.76': 322.09824105395427, 'HeI_4387.93': 534.0428410411088, 'HeI_4471.50': 139.86869543310937, 'HeI_4713.17': 44.31975559338178, 'HeI_4921.93': 360.7113409736968, 'Hf': 228.52373164936444, 'Hn': 274.9402155705521}","{'HeI_3819.62': 507.8067581590947, 'HeI_4009.26': 261.6529873315013, 'HeI_4143.76': 336.90788897150975, 'HeI_4387.93': 563.9764802527532, 'HeI_4471.50': 177.81873358875862, 'HeI_4713.17': 67.38680362406134, 'HeI_4921.93': 401.30065562772285, 'Hf': 194.64678648506106, 'Hn': 240.5255221284522}","{'HeI_3819.62': 589.5411753433933, 'HeI_4009.26': 268.60030211015237, 'HeI_4143.76': 350.1101189643069, 'HeI_4387.93': 591.551142256388, 'HeI_4471.50': 225.40129198178707, 'HeI_4713.17': 90.0476846772686, 'HeI_4921.93': 439.1900791036337, 'Hf': 199.62170545569285, 'Hn': 234.05266365004437}","{'HeI_3819.62': 667.2600099252802, 'HeI_4009.26': 274.6285556817996, 'HeI_4143.76': 361.52064523862765, 'HeI_4387.93': 615.8240146062054, 'HeI_4471.50': 273.3438422029182, 'HeI_4713.17': 110.21859737295802, 'HeI_4921.93': 472.7129984266636, 'Hf': 229.81899188961867, 'Hn': 249.46965582318572}","{'HeI_3819.62': 738.8605524614042, 'HeI_4009.26': 279.7506686920101, 'HeI_4143.76': 371.4291057222407, 'HeI_4387.93': 636.6108731291084, 'HeI_4471.50': 318.8363166884369, 'HeI_4713.17': 127.8497703840041, 'HeI_4921.93': 502.29110631257174, 'Hf': 276.7000997683796, 'Hn': 281.72849282573236}","{'HeI_3819.62': 803.4831762155743, 'HeI_4009.26': 283.78648186314626, 'HeI_4143.76': 380.2323612160419, 'HeI_4387.93': 654.1983269560274, 'HeI_4471.50': 360.8654369630995, 'HeI_4713.17': 143.56201026743278, 'HeI_4921.93': 529.2942668512947, 'Hf': 333.6389032763755, 'Hn': 328.1974567568543}"
T28000logg3.2,"{'HeI_3819.62': 328.7129555160961, 'HeI_4009.26': 69.80766207306709, 'HeI_4143.76': 75.16802653277597, 'HeI_4387.93': 121.25991235758484, 'HeI_4471.50': 213.5953593391664, 'HeI_4713.17': 96.85563506998135, 'HeI_4921.93': 137.97125791801287, 'Hf': 1029.7281183710452, 'Hn': 299.65189269378465}","{'HeI_3819.62': 198.38149980747886, 'HeI_4009.26': 49.91650378809472, 'HeI_4143.76': 43.477198252782024, 'HeI_4387.93': 69.13673905893346, 'HeI_4471.50': 94.9251371583554, 'HeI_4713.17': 28.000002903176277, 'HeI_4921.93': 40.54585503924967, 'Hf': 936.1820340491968, 'Hn': 243.8917792347016}","{'HeI_3819.62': 186.351513136658, 'HeI_4009.26': 50.96233206490504, 'HeI_4143.76': 45.509256181391095, 'HeI_4387.93': 70.52404305596862, 'HeI_4471.50': 56.92021359167343, 'HeI_4713.17': 15.680441094011696, 'HeI_4921.93': 35.3601180634915, 'Hf': 857.5823178174572, 'Hn': 196.77965275781415}","{'HeI_3819.62': 234.8831709126518, 'HeI_4009.26': 61.54696738452568, 'HeI_4143.76': 64.00152439066807, 'HeI_4387.93': 99.17129614477021, 'HeI_4471.50': 67.24242059876214, 'HeI_4713.17': 28.82811729934077, 'HeI_4921.93': 68.47272897879144, 'Hf': 802.2886717717246, 'Hn': 161.70538097023538}","{'HeI_3819.62': 310.2326047173693, 'HeI_4009.26': 75.91300732024035, 'HeI_4143.76': 88.16759592748596, 'HeI_4387.93': 138.75860624324704, 'HeI_4471.50': 103.16207662187654, 'HeI_4713.17': 50.54115717338003, 'HeI_4921.93': 113.52548705116125, 'Hf': 769.9228318673537, 'Hn': 138.94636537841856}","{'HeI_3819.62': 392.4202168427388, 'HeI_4009.26': 91.04705957567428, 'HeI_4143.76': 112.00326668703238, 'HeI_4387.93': 179.54244261163325, 'HeI_4471.50': 149.34186806566728, 'HeI_4713.17': 72.71239068340131, 'HeI_4921.93': 159.6290923907362, 'Hf': 757.4904185946568, 'Hn': 128.44407349128323}","{'HeI_3819.62': 472.71920984173886, 'HeI_4009.26': 105.63212569298616, 'HeI_4143.76': 133.68989051836695, 'HeI_4387.93': 217.5450566387662, 'HeI_4471.50': 197.12500204934304, 'HeI_4713.17': 92.80782656636268, 'HeI_4921.93': 202.9361089477633, 'Hf': 761.4090899313386, 'Hn': 129.61312297982695}","{'HeI_3819.62': 548.1819332900392, 'HeI_4009.26': 119.20788504078544, 'HeI_4143.76': 153.06128481222476, 'HeI_4387.93': 251.21357436436728, 'HeI_4471.50': 243.36675251860385, 'HeI_4713.17': 110.59860655333298, 'HeI_4921.93': 243.02290217391644, 'Hf': 778.9366307773432, 'Hn': 141.8200115744594}","{'HeI_3819.62': 617.1369877304144, 'HeI_4009.26': 131.13730307818207, 'HeI_4143.76': 170.35735879134285, 'HeI_4387.93': 280.1613828932891, 'HeI_4471.50': 286.5798941865444, 'HeI_4713.17': 126.57089909451588, 'HeI_4921.93': 281.1614081564636, 'Hf': 807.3652335957481, 'Hn': 164.6767492405817}"
T28000logg3.4,"{'HeI_3819.62': 235.30654730825964, 'HeI_4009.26': 66.49994568481883, 'HeI_4143.76': 79.47096634225763, 'HeI_4387.93': 108.32594281443215, 'HeI_4471.50': 199.73554475028928, 'HeI_4713.17': 98.07310718698234, 'HeI_4921.93': 177.02187817084058, 'Hf': 1940.7676574730242, 'Hn': 710.841378625111}","{'HeI_3819.62': 101.41365567943556, 'HeI_4009.26': 23.846421019153837, 'HeI_4143.76': 21.921168331038334, 'HeI_4387.93': 30.70551796403663, 'HeI_4471.50': 84.35575740817004, 'HeI_4713.17': 29.02720395856036, 'HeI_4921.93': 54.173871490891756, 'Hf': 1873.2824090138668, 'Hn': 672.7232439308153}","{'HeI_3819.62': 81.691573458112, 'HeI_4009.26': 12.593770926875743, 'HeI_4143.76': 10.60166582650671, 'HeI_4387.93': 15.350007615101797, 'HeI_4471.50': 44.83217387490186, 'HeI_4713.17': 16.061982914293004, 'HeI_4921.93': 38.05622426643377, 'Hf': 1813.0077443481096, 'Hn': 644.1615920832621}","{'HeI_3819.62': 123.61743438560131, 'HeI_4009.26': 17.30016458961632, 'HeI_4143.76': 23.61713110420807, 'HeI_4387.93': 34.60696613793533, 'HeI_4471.50': 52.24857245414641, 'HeI_4713.17': 28.729165596142803, 'HeI_4921.93': 64.04425652545274, 'Hf': 1764.9258114550278, 'Hn': 623.3837335137263}","{'HeI_3819.62': 194.53047599274123, 'HeI_4009.26': 29.390413494887582, 'HeI_4143.76': 46.44098410916464, 'HeI_4387.93': 69.45315417108844, 'HeI_4471.50': 85.41613511078346, 'HeI_4713.17': 50.16919739497656, 'HeI_4921.93': 102.2502827592362, 'Hf': 1729.021712988588, 'Hn': 607.5938182490637}","{'HeI_3819.62': 274.70680158582786, 'HeI_4009.26': 44.25277024276981, 'HeI_4143.76': 70.76508139778628, 'HeI_4387.93': 108.58373221775119, 'HeI_4471.50': 129.58371458174355, 'HeI_4713.17': 72.24228638890773, 'HeI_4921.93': 142.64747888417762, 'Hf': 1704.6480743152147, 'Hn': 595.3391737580772}","{'HeI_3819.62': 354.81489697003525, 'HeI_4009.26': 59.613878785890606, 'HeI_4143.76': 93.61594309265661, 'HeI_4387.93': 146.70450741465137, 'HeI_4471.50': 175.92988203856427, 'HeI_4713.17': 92.31446287640158, 'HeI_4921.93': 181.8001453992113, 'Hf': 1690.8361900864052, 'Hn': 586.8492755764804}","{'HeI_3819.62': 431.2435747398339, 'HeI_4009.26': 74.52374349651436, 'HeI_4143.76': 114.27976956808239, 'HeI_4387.93': 181.37816057262478, 'HeI_4471.50': 221.3196506561685, 'HeI_4713.17': 110.08736413650371, 'HeI_4921.93': 219.30740214133206, 'Hf': 1686.3114551933934, 'Hn': 583.2415684730872}","{'HeI_3819.62': 502.1049855452835, 'HeI_4009.26': 88.12967409148374, 'HeI_4143.76': 132.85065766816973, 'HeI_4387.93': 211.9416629418596, 'HeI_4471.50': 264.0637052727986, 'HeI_4713.17': 126.04262579670623, 'HeI_4921.93': 256.1569896781761, 'Hf': 1689.8287152066991, 'Hn': 585.1789259346514}"
T28000logg3.6,"{'HeI_3819.62': 159.6108700923614, 'HeI_4009.26': 80.3445986047242, 'HeI_4143.76': 98.38224691261523, 'HeI_4387.93': 120.27925332283665, 'HeI_4471.50': 171.56189782667767, 'HeI_4713.17': 85.58828049690965, 'HeI_4921.93': 199.52219678269327, 'Hf': 2561.9032644301287, 'Hn': 1139.4037328214913}","{'HeI_3819.62': 45.95975858340247, 'HeI_4009.26': 29.03425609148545, 'HeI_4143.76': 32.92497175325972, 'HeI_4387.93': 40.988692465893656, 'HeI_4471.50': 75.79860861732595, 'HeI_4713.17': 24.479305374432837, 'HeI_4921.93': 77.75976275651107, 'Hf': 2526.5685249703906, 'Hn': 1118.276670955952}","{'HeI_3819.62': 30.175758904332003, 'HeI_4009.26': 10.939681928226046, 'HeI_4143.76': 15.551057867225975, 'HeI_4387.93': 20.15594427530951, 'HeI_4471.50': 44.54270307859373, 'HeI_4713.17': 14.817917448203701, 'HeI_4921.93': 60.47808298926796, 'Hf': 2495.228656104782, 'Hn': 1105.0517208189767}","{'HeI_3819.62': 69.74909873762965, 'HeI_4009.26': 11.03846313025417, 'HeI_4143.76': 24.70339088226173, 'HeI_4387.93': 34.106946317787866, 'HeI_4471.50': 53.78400196646311, 'HeI_4713.17': 28.772254179395077, 'HeI_4921.93': 83.4594714478118, 'Hf': 2470.0916102574492, 'Hn': 1096.9087536719287}","{'HeI_3819.62': 137.0102274881579, 'HeI_4009.26': 20.250540014970188, 'HeI_4143.76': 45.29981136206887, 'HeI_4387.93': 64.84738429855474, 'HeI_4471.50': 85.89776104982985, 'HeI_4713.17': 50.73651843729142, 'HeI_4921.93': 117.60316918632401, 'Hf': 2450.85793017218, 'Hn': 1090.8858202192691}","{'HeI_3819.62': 214.1605090233373, 'HeI_4009.26': 33.4070666425219, 'HeI_4143.76': 68.42617351967296, 'HeI_4387.93': 101.12740336498928, 'HeI_4471.50': 128.08857920663732, 'HeI_4713.17': 73.01687446398677, 'HeI_4921.93': 153.98659894368947, 'Hf': 2437.0818653909114, 'Hn': 1085.4063138961399}","{'HeI_3819.62': 292.4288388385851, 'HeI_4009.26': 47.7565792635766, 'HeI_4143.76': 90.69586331151189, 'HeI_4387.93': 137.54334194510977, 'HeI_4471.50': 172.89692587526082, 'HeI_4713.17': 93.18562257185624, 'HeI_4921.93': 189.84038912296822, 'Hf': 2428.2909246683093, 'Hn': 1080.4717095287772}","{'HeI_3819.62': 368.1893571160074, 'HeI_4009.26': 62.07257862512247, 'HeI_4143.76': 111.08673367572635, 'HeI_4387.93': 171.4621809335482, 'HeI_4471.50': 217.2712354242737, 'HeI_4713.17': 111.00547069584894, 'HeI_4921.93': 224.8896005361847, 'Hf': 2423.663284664765, 'Hn': 1077.1871697475858}","{'HeI_3819.62': 438.9526124462842, 'HeI_4009.26': 75.35660142484853, 'HeI_4143.76': 129.32783596883485, 'HeI_4387.93': 201.73933192268703, 'HeI_4471.50': 259.45923902894845, 'HeI_4713.17': 126.90508581420507, 'HeI_4921.93': 260.08138390713736, 'Hf': 2422.656548256482, 'Hn': 1076.6480348732018}"
T28000logg3.8,"{'HeI_3819.62': 129.89121153895337, 'HeI_4009.26': 83.13408389745028, 'HeI_4143.76': 105.98823364621155, 'HeI_4387.93': 118.62225271742948, 'HeI_4471.50': 165.11803360408982, 'HeI_4713.17': 84.8303008351849, 'HeI_4921.93': 204.3933012301591, 'Hf': 3028.4837089549333, 'Hn': 1488.3673213662478}","{'HeI_3819.62': 31.62516303205431, 'HeI_4009.26': 34.213352761068414, 'HeI_4143.76': 43.562775526510364, 'HeI_4387.93': 49.99182948995306, 'HeI_4471.50': 78.59558407790456, 'HeI_4713.17': 24.683110653123265, 'HeI_4921.93': 95.26979618290804, 'Hf': 3004.406707190331, 'Hn': 1475.937429330481}","{'HeI_3819.62': 19.234622400500193, 'HeI_4009.26': 15.380799810027158, 'HeI_4143.76': 25.816399524511706, 'HeI_4387.93': 31.692364389041302, 'HeI_4471.50': 50.612782880995184, 'HeI_4713.17': 15.09489868413135, 'HeI_4921.93': 82.44898769980375, 'Hf': 2983.2458142615214, 'Hn': 1470.1629025151829}","{'HeI_3819.62': 56.95875887515997, 'HeI_4009.26': 13.994307985422354, 'HeI_4143.76': 33.83477291519471, 'HeI_4387.93': 44.768747303813115, 'HeI_4471.50': 59.849603426344004, 'HeI_4713.17': 28.899924907857006, 'HeI_4921.93': 105.26600496742397, 'Hf': 2966.0806084724204, 'Hn': 1468.3954581378796}","{'HeI_3819.62': 120.95631105231233, 'HeI_4009.26': 21.784558420806572, 'HeI_4143.76': 53.24852292852543, 'HeI_4387.93': 73.58450524484148, 'HeI_4471.50': 90.47774068881996, 'HeI_4713.17': 50.718210137579895, 'HeI_4921.93': 136.9360168548548, 'Hf': 2952.6886810430956, 'Hn': 1468.0168181820397}","{'HeI_3819.62': 195.31317712417294, 'HeI_4009.26': 33.830595431584186, 'HeI_4143.76': 75.27074507502152, 'HeI_4387.93': 107.94762746381822, 'HeI_4471.50': 130.87789806151818, 'HeI_4713.17': 72.903396841763, 'HeI_4921.93': 170.24355182904628, 'Hf': 2942.681363193793, 'Hn': 1467.4929417595686}","{'HeI_3819.62': 271.6594112037938, 'HeI_4009.26': 47.43908993166471, 'HeI_4143.76': 96.54757597001955, 'HeI_4387.93': 142.84940902266857, 'HeI_4471.50': 174.10216920643913, 'HeI_4713.17': 93.02211446052482, 'HeI_4921.93': 203.2940306815841, 'Hf': 2935.3538687934692, 'Hn': 1466.6064443343305}","{'HeI_3819.62': 346.296786659536, 'HeI_4009.26': 61.3209103997331, 'HeI_4143.76': 116.02271611337419, 'HeI_4387.93': 175.79694799118815, 'HeI_4471.50': 217.16141331027458, 'HeI_4713.17': 110.82323478057798, 'HeI_4921.93': 236.10956916694525, 'Hf': 2929.6379693269882, 'Hn': 1466.3054412148847}","{'HeI_3819.62': 416.62237030890384, 'HeI_4009.26': 74.41106148030082, 'HeI_4143.76': 133.38823471358813, 'HeI_4387.93': 205.59844194401353, 'HeI_4471.50': 258.27368134916003, 'HeI_4713.17': 126.69003029255796, 'HeI_4921.93': 269.63217401857247, 'Hf': 2924.9921632152295, 'Hn': 1467.520290922127}"
T28000logg4.0,"{'HeI_3819.62': 152.08528631001744, 'HeI_4009.26': 85.15140578515553, 'HeI_4143.76': 116.20958326100765, 'HeI_4387.93': 123.21623429222221, 'HeI_4471.50': 179.0769059488889, 'HeI_4713.17': 90.35676429134413, 'HeI_4921.93': 210.0528893590324, 'Hf': 3914.4836649583444, 'Hn': 2047.8518721625314}","{'HeI_3819.62': 65.60111140833548, 'HeI_4009.26': 41.63472703410432, 'HeI_4143.76': 58.386783241953985, 'HeI_4387.93': 66.25797560824377, 'HeI_4471.50': 97.65536743043135, 'HeI_4713.17': 27.749911096153674, 'HeI_4921.93': 113.31872682057055, 'Hf': 3896.6350322183043, 'Hn': 2041.103985424424}","{'HeI_3819.62': 54.707331781849405, 'HeI_4009.26': 23.843237226392056, 'HeI_4143.76': 40.909428291966655, 'HeI_4387.93': 51.37988166267785, 'HeI_4471.50': 70.14334454601381, 'HeI_4713.17': 16.513327154920628, 'HeI_4921.93': 103.43598773018599, 'Hf': 3881.360506304839, 'Hn': 2039.3315136222943}","{'HeI_3819.62': 89.78391556447069, 'HeI_4009.26': 21.87843776042183, 'HeI_4143.76': 47.943494061176644, 'HeI_4387.93': 63.80231784713661, 'HeI_4471.50': 77.6434191258365, 'HeI_4713.17': 29.356840331055402, 'HeI_4921.93': 125.46146618507622, 'Hf': 3868.547578048398, 'Hn': 2040.4982687490456}","{'HeI_3819.62': 150.1792920290807, 'HeI_4009.26': 28.633520465285855, 'HeI_4143.76': 66.10929771436841, 'HeI_4387.93': 90.33660890391569, 'HeI_4471.50': 105.62054556838746, 'HeI_4713.17': 50.61314393024784, 'HeI_4921.93': 155.1058837238264, 'Hf': 3857.533949029002, 'Hn': 2042.4360727942958}","{'HeI_3819.62': 221.62364202748893, 'HeI_4009.26': 39.654389165785275, 'HeI_4143.76': 87.02271271106532, 'HeI_4387.93': 122.23369933423824, 'HeI_4471.50': 143.48583214169517, 'HeI_4713.17': 72.52917402566423, 'HeI_4921.93': 186.28712700463763, 'Hf': 3847.7123532775904, 'Hn': 2043.8648607932168}","{'HeI_3819.62': 295.8456769901428, 'HeI_4009.26': 52.358603534554064, 'HeI_4143.76': 107.31993740207743, 'HeI_4387.93': 154.92930938268393, 'HeI_4471.50': 184.487053878742, 'HeI_4713.17': 92.51257526835026, 'HeI_4921.93': 217.45243381437217, 'Hf': 3838.3231893915267, 'Hn': 2044.402034513859}","{'HeI_3819.62': 368.8791961769868, 'HeI_4009.26': 65.43771022223916, 'HeI_4143.76': 125.87696924615743, 'HeI_4387.93': 186.034191251104, 'HeI_4471.50': 225.6567404698007, 'HeI_4713.17': 110.21619351074143, 'HeI_4921.93': 248.7838064719253, 'Hf': 3828.347743695831, 'Hn': 2045.0081198663715}","{'HeI_3819.62': 438.42351521351117, 'HeI_4009.26': 77.87828298810274, 'HeI_4143.76': 142.39795920789783, 'HeI_4387.93': 214.5055163665948, 'HeI_4471.50': 265.1434029898304, 'HeI_4713.17': 126.05468893391985, 'HeI_4921.93': 281.0760461820527, 'Hf': 3817.0734104799876, 'Hn': 2045.9569477771756}"
T28000logg4.2,"{'HeI_3819.62': 184.48226209698524, 'HeI_4009.26': 76.50277707739603, 'HeI_4143.76': 116.49575726421301, 'HeI_4387.93': 124.29448682654852, 'HeI_4471.50': 167.75242049282014, 'HeI_4713.17': 79.76255862114498, 'HeI_4921.93': 208.70116932691488, 'Hf': 4091.977040287557, 'Hn': 2257.395806718296}","{'HeI_3819.62': 120.4522973759143, 'HeI_4009.26': 41.66704599056006, 'HeI_4143.76': 66.12617683567322, 'HeI_4387.93': 78.00531611291089, 'HeI_4471.50': 100.30256040310785, 'HeI_4713.17': 23.860262809922645, 'HeI_4921.93': 122.94257578318296, 'Hf': 4081.814953563949, 'Hn': 2255.369386744403}","{'HeI_3819.62': 119.94155842319539, 'HeI_4009.26': 27.93372279262579, 'HeI_4143.76': 51.186634473248446, 'HeI_4387.93': 68.09534838493538, 'HeI_4471.50': 80.13114568669603, 'HeI_4713.17': 15.459552088033261, 'HeI_4921.93': 116.37848638870197, 'Hf': 4074.9431160374124, 'Hn': 2259.036493606715}","{'HeI_3819.62': 158.59827363157495, 'HeI_4009.26': 27.60741707843402, 'HeI_4143.76': 58.3634985855552, 'HeI_4387.93': 82.01368107219466, 'HeI_4471.50': 90.66714716369773, 'HeI_4713.17': 29.375869521676062, 'HeI_4921.93': 138.71257396368244, 'Hf': 4070.5272755428223, 'Hn': 2265.957389130983}","{'HeI_3819.62': 219.40080129041314, 'HeI_4009.26': 34.85081606732875, 'HeI_4143.76': 75.74326698649541, 'HeI_4387.93': 108.36048339809585, 'HeI_4471.50': 119.2512002175321, 'HeI_4713.17': 51.03226222285704, 'HeI_4921.93': 167.88080615847707, 'Hf': 4067.63281338774, 'Hn': 2273.752981652684}","{'HeI_3819.62': 289.7566334259232, 'HeI_4009.26': 45.79156038554598, 'HeI_4143.76': 95.61976300399395, 'HeI_4387.93': 139.3616583399879, 'HeI_4471.50': 156.48668081520188, 'HeI_4713.17': 73.07246138819444, 'HeI_4921.93': 198.3960429787673, 'Hf': 4065.180134427025, 'Hn': 2280.722624388217}","{'HeI_3819.62': 362.37744132199924, 'HeI_4009.26': 58.17549365038463, 'HeI_4143.76': 114.93314185936342, 'HeI_4387.93': 171.0605497065936, 'HeI_4471.50': 196.38989551978202, 'HeI_4713.17': 93.10327475861939, 'HeI_4921.93': 228.95190179327884, 'Hf': 4062.0992159430975, 'Hn': 2286.2725238629746}","{'HeI_3819.62': 433.8270606170127, 'HeI_4009.26': 70.85783995499413, 'HeI_4143.76': 132.6513750720599, 'HeI_4387.93': 201.37983970547967, 'HeI_4471.50': 236.3104845621937, 'HeI_4713.17': 110.8371414353033, 'HeI_4921.93': 259.74032150795045, 'Hf': 4057.1844396839456, 'Hn': 2291.1659350010427}","{'HeI_3819.62': 501.5814380995377, 'HeI_4009.26': 82.87977485243047, 'HeI_4143.76': 148.3715403353155, 'HeI_4387.93': 229.30058063647326, 'HeI_4471.50': 274.6541466663628, 'HeI_4713.17': 126.64890587076549, 'HeI_4921.93': 291.6076157399639, 'Hf': 4050.0196172153646, 'Hn': 2295.964262985173}"
T29000logg3.0,"{'HeI_3819.62': 2314.209531372432, 'HeI_4009.26': 416.24123344445877, 'HeI_4143.76': 450.7746632588986, 'HeI_4387.93': 1091.5888095916387, 'HeI_4471.50': 1193.3708577397585, 'HeI_4713.17': 395.9792895652486, 'HeI_4921.93': 979.4887089947991, 'Hf': 1319.408804979769, 'Hn': 2293.1115266656425}","{'HeI_3819.62': 2318.5757522813255, 'HeI_4009.26': 415.34421603498913, 'HeI_4143.76': 450.02639798659084, 'HeI_4387.93': 1086.9869705960386, 'HeI_4471.50': 1189.304997494203, 'HeI_4713.17': 397.29746380395426, 'HeI_4921.93': 970.4129247006385, 'Hf': 1281.968795751903, 'Hn': 2277.3587115572955}","{'HeI_3819.62': 2323.4699843119165, 'HeI_4009.26': 414.37600476658764, 'HeI_4143.76': 449.4979456262618, 'HeI_4387.93': 1083.0005248309224, 'HeI_4471.50': 1194.3425812107275, 'HeI_4713.17': 398.7993383602477, 'HeI_4921.93': 961.3932695697076, 'Hf': 1300.3121882397184, 'Hn': 2293.0679553665536}","{'HeI_3819.62': 2328.3397045418656, 'HeI_4009.26': 413.4684128677234, 'HeI_4143.76': 449.362646380069, 'HeI_4387.93': 1079.4577158548666, 'HeI_4471.50': 1201.954746362664, 'HeI_4713.17': 400.29302176541717, 'HeI_4921.93': 952.7034566678013, 'Hf': 1333.5272687267168, 'Hn': 2321.19178472588}","{'HeI_3819.62': 2332.957217439635, 'HeI_4009.26': 412.68218202468086, 'HeI_4143.76': 450.0132038287494, 'HeI_4387.93': 1076.4871741376162, 'HeI_4471.50': 1208.8139646078366, 'HeI_4713.17': 401.6641521276952, 'HeI_4921.93': 944.597548234527, 'Hf': 1380.4116614193288, 'Hn': 2357.2273994416514}","{'HeI_3819.62': 2337.0469010449024, 'HeI_4009.26': 412.0701003636385, 'HeI_4143.76': 451.7452857470005, 'HeI_4387.93': 1074.0953749844855, 'HeI_4471.50': 1213.6611244580738, 'HeI_4713.17': 402.83484479893235, 'HeI_4921.93': 937.4677187873677, 'Hf': 1439.871100643354, 'Hn': 2398.076879987472}","{'HeI_3819.62': 2340.669105209461, 'HeI_4009.26': 411.6123781807275, 'HeI_4143.76': 454.6971766836129, 'HeI_4387.93': 1072.246588175579, 'HeI_4471.50': 1216.49139133985, 'HeI_4713.17': 403.82561307430257, 'HeI_4921.93': 931.2838255908464, 'Hf': 1509.8027219572925, 'Hn': 2442.294743385308}","{'HeI_3819.62': 2343.979363810228, 'HeI_4009.26': 411.26899294854337, 'HeI_4143.76': 458.9625441571791, 'HeI_4387.93': 1071.0057420852481, 'HeI_4471.50': 1217.8961521321933, 'HeI_4713.17': 404.69117078156626, 'HeI_4921.93': 925.7948864273149, 'Hf': 1587.2425889542792, 'Hn': 2489.5479883399044}","{'HeI_3819.62': 2347.0383381801216, 'HeI_4009.26': 411.030337524956, 'HeI_4143.76': 464.3639929298255, 'HeI_4387.93': 1070.2657688770194, 'HeI_4471.50': 1218.5791627847068, 'HeI_4713.17': 405.4637836593786, 'HeI_4921.93': 920.8775223100521, 'Hf': 1665.5162857826074, 'Hn': 2538.3044222303006}"
T29000logg3.2,"{'HeI_3819.62': 378.1348660963901, 'HeI_4009.26': 126.37525993115068, 'HeI_4143.76': 136.38806176016607, 'HeI_4387.93': 207.54359209534434, 'HeI_4471.50': 231.8778770414018, 'HeI_4713.17': 88.30682921547084, 'HeI_4921.93': 152.6197904322416, 'Hf': 783.9440565232275, 'Hn': 294.94884027404913}","{'HeI_3819.62': 262.4690064504803, 'HeI_4009.26': 124.45662248121351, 'HeI_4143.76': 130.58571900892144, 'HeI_4387.93': 193.970423981234, 'HeI_4471.50': 114.07695265820396, 'HeI_4713.17': 25.21506408496164, 'HeI_4921.93': 110.34294744502328, 'Hf': 678.8499178397249, 'Hn': 225.64742068055727}","{'HeI_3819.62': 259.2078517680924, 'HeI_4009.26': 131.82982369469707, 'HeI_4143.76': 142.03646502934504, 'HeI_4387.93': 212.15616208832373, 'HeI_4471.50': 77.9099119309982, 'HeI_4713.17': 16.151376149972553, 'HeI_4921.93': 125.90104413837967, 'Hf': 593.5282485330348, 'Hn': 164.75002083227}","{'HeI_3819.62': 312.60224342814377, 'HeI_4009.26': 142.93454948353767, 'HeI_4143.76': 161.29809537610979, 'HeI_4387.93': 245.16030608840728, 'HeI_4471.50': 89.99202697073248, 'HeI_4713.17': 30.95162205041301, 'HeI_4921.93': 165.8554274878867, 'Hf': 537.9167713821003, 'Hn': 119.15099463271635}","{'HeI_3819.62': 390.0727802811778, 'HeI_4009.26': 155.03721506201052, 'HeI_4143.76': 182.32705876794375, 'HeI_4387.93': 282.8889814676155, 'HeI_4471.50': 127.06734304407011, 'HeI_4713.17': 53.4045022966796, 'HeI_4921.93': 212.85446416526793, 'Hf': 510.6644094051276, 'Hn': 90.95704147088745}","{'HeI_3819.62': 472.33930382197497, 'HeI_4009.26': 166.6523874660678, 'HeI_4143.76': 201.82440797073565, 'HeI_4387.93': 319.1913721668677, 'HeI_4471.50': 173.9883551516288, 'HeI_4713.17': 75.88176082530602, 'HeI_4921.93': 258.5877862591592, 'Hf': 506.69854362472574, 'Hn': 80.61680424715091}","{'HeI_3819.62': 551.2965045371313, 'HeI_4009.26': 177.25764941257228, 'HeI_4143.76': 219.02685372435724, 'HeI_4387.93': 351.8377877646933, 'HeI_4471.50': 221.78643873438557, 'HeI_4713.17': 96.06654885468356, 'HeI_4921.93': 300.1399311867935, 'Hf': 520.7288960162465, 'Hn': 86.58085069058487}","{'HeI_3819.62': 624.5006347434218, 'HeI_4009.26': 186.73490782136702, 'HeI_4143.76': 234.11664136272688, 'HeI_4387.93': 380.1286154976667, 'HeI_4471.50': 267.59703990010007, 'HeI_4713.17': 113.8337133440207, 'HeI_4921.93': 337.5397923550707, 'Hf': 549.0845372382829, 'Hn': 106.81530627037698}","{'HeI_3819.62': 690.9479430979744, 'HeI_4009.26': 194.73143154789088, 'HeI_4143.76': 247.5437765458777, 'HeI_4387.93': 404.2438398893467, 'HeI_4471.50': 310.2496339926915, 'HeI_4713.17': 129.76966322074674, 'HeI_4921.93': 372.1981776196934, 'Hf': 588.483485324471, 'Hn': 139.9000128997363}"
T29000logg3.4,"{'HeI_3819.62': 267.4520557453892, 'HeI_4009.26': 57.69275255507042, 'HeI_4143.76': 65.71545952338296, 'HeI_4387.93': 96.81166518415077, 'HeI_4471.50': 189.90915694667586, 'HeI_4713.17': 87.43196323066493, 'HeI_4921.93': 137.04672864566257, 'Hf': 1400.3514000677035, 'Hn': 383.24844024803383}","{'HeI_3819.62': 146.48982564884915, 'HeI_4009.26': 32.137021405126795, 'HeI_4143.76': 26.65531822259408, 'HeI_4387.93': 38.55148082988323, 'HeI_4471.50': 84.24391575928925, 'HeI_4713.17': 24.58574935545284, 'HeI_4921.93': 36.26588877294935, 'Hf': 1343.9180967700113, 'Hn': 350.34264882891813}","{'HeI_3819.62': 135.76550004064055, 'HeI_4009.26': 30.139967379124098, 'HeI_4143.76': 24.952097574362398, 'HeI_4387.93': 34.991227731008294, 'HeI_4471.50': 51.01735470835226, 'HeI_4713.17': 14.86474498035641, 'HeI_4921.93': 28.052122003369433, 'Hf': 1295.1717346544708, 'Hn': 321.54410218681755}","{'HeI_3819.62': 183.51900331799982, 'HeI_4009.26': 39.432535899562865, 'HeI_4143.76': 42.00374735839514, 'HeI_4387.93': 60.719019438624514, 'HeI_4471.50': 62.269595000168984, 'HeI_4713.17': 29.097998074512358, 'HeI_4921.93': 58.796299089828025, 'Hf': 1259.3276874249243, 'Hn': 299.0507016146305}","{'HeI_3819.62': 257.87261818797714, 'HeI_4009.26': 53.53207441898057, 'HeI_4143.76': 65.99346312163792, 'HeI_4387.93': 99.00872052995253, 'HeI_4471.50': 97.55818758960902, 'HeI_4713.17': 51.27182475050122, 'HeI_4921.93': 102.09677123434625, 'Hf': 1236.6767030317735, 'Hn': 283.65880427740086}","{'HeI_3819.62': 339.46094440077616, 'HeI_4009.26': 68.94055812860222, 'HeI_4143.76': 90.27393669792966, 'HeI_4387.93': 139.55358634542247, 'HeI_4471.50': 142.9123840194529, 'HeI_4713.17': 73.65343127090888, 'HeI_4921.93': 147.205652178641, 'Hf': 1226.1930496007355, 'Hn': 276.1961859808574}","{'HeI_3819.62': 419.5585849383045, 'HeI_4009.26': 84.05094663017562, 'HeI_4143.76': 112.64985791166815, 'HeI_4387.93': 177.8376749170009, 'HeI_4471.50': 189.97403160044934, 'HeI_4713.17': 93.85187712485187, 'HeI_4921.93': 190.13901894139084, 'Hf': 1226.8308583769067, 'Hn': 277.0193650080437}","{'HeI_3819.62': 495.07185128773466, 'HeI_4009.26': 98.27215891446261, 'HeI_4143.76': 132.76380977802702, 'HeI_4387.93': 212.03168322479394, 'HeI_4471.50': 235.72285121210507, 'HeI_4713.17': 111.69401694879252, 'HeI_4921.93': 230.3047893702165, 'Hf': 1237.4336878073905, 'Hn': 286.3212801617447}","{'HeI_3819.62': 564.397027668506, 'HeI_4009.26': 110.92706712436069, 'HeI_4143.76': 150.7649456790509, 'HeI_4387.93': 241.67533011243594, 'HeI_4471.50': 278.6734430934655, 'HeI_4713.17': 127.70955405646349, 'HeI_4921.93': 268.77325116141026, 'Hf': 1256.6066975739793, 'Hn': 304.0359993493651}"
T29000logg3.6,"{'HeI_3819.62': 181.8995397681796, 'HeI_4009.26': 58.555940455678154, 'HeI_4143.76': 74.12016698231191, 'HeI_4387.93': 94.41350590151615, 'HeI_4471.50': 171.2181171017297, 'HeI_4713.17': 86.0791295668139, 'HeI_4921.93': 158.63500471688525, 'Hf': 2238.037764810727, 'Hn': 818.6977248697074}","{'HeI_3819.62': 67.37107986717159, 'HeI_4009.26': 19.893652987863675, 'HeI_4143.76': 20.469513342706925, 'HeI_4387.93': 25.872168332076928, 'HeI_4471.50': 75.22651904111427, 'HeI_4713.17': 24.512341700369937, 'HeI_4921.93': 49.117629989792476, 'Hf': 2200.66061105131, 'Hn': 798.9138377341087}","{'HeI_3819.62': 53.823597959577015, 'HeI_4009.26': 9.790954613931833, 'HeI_4143.76': 10.161276458179259, 'HeI_4387.93': 12.719908009110105, 'HeI_4471.50': 44.03769720893405, 'HeI_4713.17': 14.871677140307368, 'HeI_4921.93': 35.33240427549465, 'Hf': 2167.187495225846, 'Hn': 783.2330719654478}","{'HeI_3819.62': 96.68492173455205, 'HeI_4009.26': 14.666834270114913, 'HeI_4143.76': 23.0442378486359, 'HeI_4387.93': 31.685077589476794, 'HeI_4471.50': 53.859481334122385, 'HeI_4713.17': 28.940201392403946, 'HeI_4921.93': 61.189354716339196, 'Hf': 2140.456635361854, 'Hn': 771.6049886712411}","{'HeI_3819.62': 166.92725575786937, 'HeI_4009.26': 26.6882957810693, 'HeI_4143.76': 45.48379549374969, 'HeI_4387.93': 65.74586865904102, 'HeI_4471.50': 86.66478695667695, 'HeI_4713.17': 50.975374773988825, 'HeI_4921.93': 99.57808004766734, 'Hf': 2120.5597898986775, 'Hn': 763.3530177217309}","{'HeI_3819.62': 246.16406605431106, 'HeI_4009.26': 41.44221650567101, 'HeI_4143.76': 69.55675168169495, 'HeI_4387.93': 104.06591161532967, 'HeI_4471.50': 129.79024356888812, 'HeI_4713.17': 73.30101261591388, 'HeI_4921.93': 140.5768012670236, 'Hf': 2107.1055915867987, 'Hn': 758.3959348510832}","{'HeI_3819.62': 325.50748792228745, 'HeI_4009.26': 56.68756835223932, 'HeI_4143.76': 92.33052182226697, 'HeI_4387.93': 141.4518313638587, 'HeI_4471.50': 175.2696895131097, 'HeI_4713.17': 93.48799590087633, 'HeI_4921.93': 180.5291249052234, 'Hf': 2099.692760715493, 'Hn': 757.0864492584798}","{'HeI_3819.62': 401.4437905151662, 'HeI_4009.26': 71.47180069993789, 'HeI_4143.76': 113.0491666781566, 'HeI_4387.93': 175.5773812888925, 'HeI_4471.50': 220.04103379534791, 'HeI_4713.17': 111.30410209127992, 'HeI_4921.93': 218.8299795214525, 'Hf': 2097.5448903036527, 'Hn': 760.2381560356013}","{'HeI_3819.62': 471.97179068254025, 'HeI_4009.26': 84.9513152784934, 'HeI_4143.76': 131.65043209459895, 'HeI_4387.93': 205.69941438476687, 'HeI_4471.50': 262.4226411780697, 'HeI_4713.17': 127.26284147896432, 'HeI_4921.93': 256.31324782680997, 'Hf': 2100.0365131331355, 'Hn': 768.0549622089592}"
T29000logg3.8,"{'HeI_3819.62': 133.81199462386775, 'HeI_4009.26': 67.0229678496516, 'HeI_4143.76': 90.06161638306395, 'HeI_4387.93': 106.8411873556008, 'HeI_4471.50': 162.93262972387626, 'HeI_4713.17': 83.98814273602653, 'HeI_4921.93': 181.81388991252635, 'Hf': 2947.1007125510605, 'Hn': 1310.4186236298426}","{'HeI_3819.62': 33.05032409169724, 'HeI_4009.26': 23.744344846432867, 'HeI_4143.76': 31.11636393887692, 'HeI_4387.93': 38.91456961556254, 'HeI_4471.50': 76.07992814114264, 'HeI_4713.17': 23.906376045213563, 'HeI_4921.93': 74.09281754762497, 'Hf': 2922.0279175740475, 'Hn': 1298.1377570017155}","{'HeI_3819.62': 20.92995516241671, 'HeI_4009.26': 9.106254697836818, 'HeI_4143.76': 16.000283560054974, 'HeI_4387.93': 21.975545005472807, 'HeI_4471.50': 47.68869307906763, 'HeI_4713.17': 14.513555605261436, 'HeI_4921.93': 59.45448535405689, 'Hf': 2899.2456100603845, 'Hn': 1290.3516195577608}","{'HeI_3819.62': 60.53884512482986, 'HeI_4009.26': 10.60525004294679, 'HeI_4143.76': 25.683171816396303, 'HeI_4387.93': 36.452327460009585, 'HeI_4471.50': 57.02410965093665, 'HeI_4713.17': 28.538901721204002, 'HeI_4921.93': 82.30669928700927, 'Hf': 2880.273651342358, 'Hn': 1285.7618869310393}","{'HeI_3819.62': 126.79608872987399, 'HeI_4009.26': 20.32540961238271, 'HeI_4143.76': 46.15308753787754, 'HeI_4387.93': 66.5359011709067, 'HeI_4471.50': 88.00398694299221, 'HeI_4713.17': 50.524800890425496, 'HeI_4921.93': 116.4001912648742, 'Hf': 2865.107442211969, 'Hn': 1282.793755426156}","{'HeI_3819.62': 203.06471148055888, 'HeI_4009.26': 33.60177150418249, 'HeI_4143.76': 69.01494940934384, 'HeI_4387.93': 101.9149389093116, 'HeI_4471.50': 129.03791240034255, 'HeI_4713.17': 72.84056497298934, 'HeI_4921.93': 153.1863767884733, 'Hf': 2853.5071170717406, 'Hn': 1280.6981608419298}","{'HeI_3819.62': 280.69409204427166, 'HeI_4009.26': 47.96986343782942, 'HeI_4143.76': 91.00278592202005, 'HeI_4387.93': 137.398357004566, 'HeI_4471.50': 172.7239323174503, 'HeI_4713.17': 93.01846704799675, 'HeI_4921.93': 189.66830822875454, 'Hf': 2845.105061087765, 'Hn': 1279.5509401901838}","{'HeI_3819.62': 355.942326018839, 'HeI_4009.26': 62.29883651374113, 'HeI_4143.76': 111.13536237333226, 'HeI_4387.93': 170.49940520719, 'HeI_4471.50': 216.08095779502867, 'HeI_4713.17': 110.80365000481454, 'HeI_4921.93': 225.40944464341047, 'Hf': 2839.0836713765557, 'Hn': 1280.3382718227033}","{'HeI_3819.62': 426.5599320601076, 'HeI_4009.26': 75.63988037697635, 'HeI_4143.76': 129.24883572165248, 'HeI_4387.93': 200.2261339724229, 'HeI_4471.50': 257.3841086859793, 'HeI_4713.17': 126.70272345168144, 'HeI_4921.93': 261.1084295439735, 'Hf': 2835.0094828912825, 'Hn': 1283.4201480657086}"
T29000logg4.0,"{'HeI_3819.62': 117.86877755261754, 'HeI_4009.26': 71.58347375517425, 'HeI_4143.76': 100.48024789199955, 'HeI_4387.93': 112.67513611392378, 'HeI_4471.50': 147.18107657699173, 'HeI_4713.17': 74.72065646507781, 'HeI_4921.93': 169.12849797296707, 'Hf': 3622.7351117096055, 'Hn': 1794.7857150154568}","{'HeI_3819.62': 37.08474941543645, 'HeI_4009.26': 30.178198394469746, 'HeI_4143.76': 42.92068534745224, 'HeI_4387.93': 54.46283710295684, 'HeI_4471.50': 74.66715587952321, 'HeI_4713.17': 20.832545584755508, 'HeI_4921.93': 80.29932038571425, 'Hf': 3609.895878433224, 'Hn': 1790.3459867469328}","{'HeI_3819.62': 31.994570829786657, 'HeI_4009.26': 14.742993042676273, 'HeI_4143.76': 26.45496744503272, 'HeI_4387.93': 39.199206647717325, 'HeI_4471.50': 52.86839845519328, 'HeI_4713.17': 14.125296230632994, 'HeI_4921.93': 70.49493905235822, 'Hf': 3598.7324942795303, 'Hn': 1789.1143718751327}","{'HeI_3819.62': 72.41429969732673, 'HeI_4009.26': 14.793431663067595, 'HeI_4143.76': 34.23780615222363, 'HeI_4387.93': 51.850094168761736, 'HeI_4471.50': 64.15205717393725, 'HeI_4713.17': 29.17185968653621, 'HeI_4921.93': 93.17761102340509, 'Hf': 3589.344955563352, 'Hn': 1790.1035416248508}","{'HeI_3819.62': 137.29620609491073, 'HeI_4009.26': 23.0940805190121, 'HeI_4143.76': 53.03535433065355, 'HeI_4387.93': 79.08192201893772, 'HeI_4471.50': 94.65095736473722, 'HeI_4713.17': 51.48722619496663, 'HeI_4921.93': 125.95166848657428, 'Hf': 3581.287382915275, 'Hn': 1792.1200174738692}","{'HeI_3819.62': 211.91241846067072, 'HeI_4009.26': 35.12810551919565, 'HeI_4143.76': 74.66237074188413, 'HeI_4387.93': 111.75143236104775, 'HeI_4471.50': 134.23642771668864, 'HeI_4713.17': 73.88570825489106, 'HeI_4921.93': 161.46663377414512, 'Hf': 3574.086335953756, 'Hn': 1794.4860506080497}","{'HeI_3819.62': 288.1951533858493, 'HeI_4009.26': 48.415770416276985, 'HeI_4143.76': 95.78768632330609, 'HeI_4387.93': 145.0386408315532, 'HeI_4471.50': 176.35644960387674, 'HeI_4713.17': 94.08545776271602, 'HeI_4921.93': 197.04092674442373, 'Hf': 3567.1866536895764, 'Hn': 1797.052249711215}","{'HeI_3819.62': 362.5032506403159, 'HeI_4009.26': 61.80467327941247, 'HeI_4143.76': 115.30796974250572, 'HeI_4387.93': 176.5267494056696, 'HeI_4471.50': 218.31659128717524, 'HeI_4713.17': 111.86995809914951, 'HeI_4921.93': 232.21166951038367, 'Hf': 3559.6787107441705, 'Hn': 1800.5590290480616}","{'HeI_3819.62': 432.49798040996825, 'HeI_4009.26': 74.38227016294275, 'HeI_4143.76': 132.85896116837716, 'HeI_4387.93': 205.15737585804285, 'HeI_4471.50': 258.5196834920128, 'HeI_4713.17': 127.7393393285384, 'HeI_4921.93': 267.5129209902167, 'Hf': 3551.290582181593, 'Hn': 1805.028039848721}"
T29000logg4.2,"{'HeI_3819.62': 154.2992282057062, 'HeI_4009.26': 68.90827278702733, 'HeI_4143.76': 107.43284027359209, 'HeI_4387.93': 119.71714227361103, 'HeI_4471.50': 154.66623337767447, 'HeI_4713.17': 75.01018280878876, 'HeI_4921.93': 189.64904138624954, 'Hf': 4122.038553063835, 'Hn': 2225.184395189502}","{'HeI_3819.62': 89.64724575215067, 'HeI_4009.26': 34.87173572792357, 'HeI_4143.76': 56.810822464517024, 'HeI_4387.93': 72.46833902548242, 'HeI_4471.50': 90.38375016721736, 'HeI_4713.17': 21.75512112996035, 'HeI_4921.93': 106.05395791405248, 'Hf': 4113.6765033344955, 'Hn': 2222.63100075458}","{'HeI_3819.62': 89.16460905222029, 'HeI_4009.26': 22.009571338261544, 'HeI_4143.76': 42.15087954561448, 'HeI_4387.93': 61.8654844132309, 'HeI_4471.50': 71.9330585485898, 'HeI_4713.17': 14.751857330102844, 'HeI_4921.93': 98.46954990794796, 'Hf': 4107.317382754993, 'Hn': 2224.792562313766}","{'HeI_3819.62': 128.65388715530915, 'HeI_4009.26': 22.448298830905006, 'HeI_4143.76': 49.69998609000119, 'HeI_4387.93': 75.43602147061884, 'HeI_4471.50': 83.53732016352717, 'HeI_4713.17': 29.37356195563403, 'HeI_4921.93': 120.66673332753511, 'Hf': 4102.506284236936, 'Hn': 2229.4964095650494}","{'HeI_3819.62': 190.6249700465101, 'HeI_4009.26': 30.30329023362722, 'HeI_4143.76': 67.53847342612004, 'HeI_4387.93': 101.74344350484236, 'HeI_4471.50': 112.78229081662846, 'HeI_4713.17': 51.36788688609745, 'HeI_4921.93': 151.23931656933453, 'Hf': 4098.481918442706, 'Hn': 2234.635835934402}","{'HeI_3819.62': 262.1373210165932, 'HeI_4009.26': 41.66459847532201, 'HeI_4143.76': 88.0392681927172, 'HeI_4387.93': 132.89374760385238, 'HeI_4471.50': 150.46519618616318, 'HeI_4713.17': 73.57637365362206, 'HeI_4921.93': 183.93574068929234, 'Hf': 4094.4443930871216, 'Hn': 2238.861939210657}","{'HeI_3819.62': 335.73410854517505, 'HeI_4009.26': 54.28723786288929, 'HeI_4143.76': 108.05558034787569, 'HeI_4387.93': 164.71853915394928, 'HeI_4471.50': 190.5797219927578, 'HeI_4713.17': 93.68275372224754, 'HeI_4921.93': 216.76511870548453, 'Hf': 4089.6502194318914, 'Hn': 2241.741611038177}","{'HeI_3819.62': 407.89581390634464, 'HeI_4009.26': 67.07094962063509, 'HeI_4143.76': 126.5040549730124, 'HeI_4387.93': 195.06673901525465, 'HeI_4471.50': 230.60798754869666, 'HeI_4713.17': 111.42680575720803, 'HeI_4921.93': 249.5819338172456, 'Hf': 4083.1224743163766, 'Hn': 2244.100791663797}","{'HeI_3819.62': 476.2994333241804, 'HeI_4009.26': 79.11825148628239, 'HeI_4143.76': 142.97917918527926, 'HeI_4387.93': 222.93004876028192, 'HeI_4471.50': 269.0555375439333, 'HeI_4713.17': 127.26777222561685, 'HeI_4921.93': 283.0050418597848, 'Hf': 4074.6253275418057, 'Hn': 2246.3197197330924}"
T30000logg3.2,"{'HeI_3819.62': 1777.516018735259, 'HeI_4009.26': 353.7302732014703, 'HeI_4143.76': 442.33909933596675, 'HeI_4387.93': 941.18822582471, 'HeI_4471.50': 941.4052461917306, 'HeI_4713.17': 323.0148863990498, 'HeI_4921.93': 1018.8919800073259, 'Hf': 160.88680060266097, 'Hn': 374.34979742870314}","{'HeI_3819.62': 1783.748809800591, 'HeI_4009.26': 352.6491188584501, 'HeI_4143.76': 440.90230138208534, 'HeI_4387.93': 933.6996026699801, 'HeI_4471.50': 943.9881169417595, 'HeI_4713.17': 325.132423142266, 'HeI_4921.93': 1005.8199628315372, 'Hf': 117.9848975744441, 'Hn': 348.84360235370565}","{'HeI_3819.62': 1790.913000244002, 'HeI_4009.26': 351.46616018120426, 'HeI_4143.76': 439.72207809915403, 'HeI_4387.93': 926.1891592833736, 'HeI_4471.50': 956.7386243194687, 'HeI_4713.17': 327.5480657194736, 'HeI_4921.93': 992.9697627379473, 'Hf': 101.39309536561157, 'Hn': 339.8170578863817}","{'HeI_3819.62': 1797.9462324048498, 'HeI_4009.26': 350.3229468265399, 'HeI_4143.76': 439.0081914018941, 'HeI_4387.93': 919.1317628813333, 'HeI_4471.50': 973.0029722391143, 'HeI_4713.17': 329.9324579738206, 'HeI_4921.93': 980.6156879189703, 'Hf': 104.06631226180404, 'Hn': 345.23651807436534}","{'HeI_3819.62': 1804.3307244824086, 'HeI_4009.26': 349.28510496178546, 'HeI_4143.76': 439.22502423544034, 'HeI_4387.93': 912.9307434311789, 'HeI_4471.50': 989.165948867759, 'HeI_4713.17': 332.07323275531303, 'HeI_4921.93': 969.1055975620241, 'Hf': 125.50143254711261, 'Hn': 363.51411294470665}","{'HeI_3819.62': 1809.6036830571052, 'HeI_4009.26': 348.41506795830657, 'HeI_4143.76': 440.72856787613415, 'HeI_4387.93': 907.8980344069647, 'HeI_4471.50': 1003.3961213941506, 'HeI_4713.17': 333.8716239882574, 'HeI_4921.93': 958.9016350815834, 'Hf': 163.9862905225754, 'Hn': 392.8216505621639}","{'HeI_3819.62': 1813.777001838602, 'HeI_4009.26': 347.69701799263794, 'HeI_4143.76': 443.6344019808987, 'HeI_4387.93': 904.0723347474047, 'HeI_4471.50': 1015.1452701144939, 'HeI_4713.17': 335.3621614658702, 'HeI_4921.93': 950.0516338169973, 'Hf': 216.29605568543477, 'Hn': 431.4090915660638}","{'HeI_3819.62': 1817.0419472363121, 'HeI_4009.26': 347.0887372782963, 'HeI_4143.76': 447.97548425450225, 'HeI_4387.93': 901.4035653983592, 'HeI_4471.50': 1024.8358277242653, 'HeI_4713.17': 336.6166232066581, 'HeI_4921.93': 942.2685657580716, 'Hf': 279.03712190991104, 'Hn': 478.1756381457344}","{'HeI_3819.62': 1819.5357890052203, 'HeI_4009.26': 346.5821976155505, 'HeI_4143.76': 453.6315885223767, 'HeI_4387.93': 899.728204425798, 'HeI_4471.50': 1033.0858054972105, 'HeI_4713.17': 337.68275068415244, 'HeI_4921.93': 935.2666585086913, 'Hf': 347.1619725501839, 'Hn': 532.207907913444}"
T30000logg3.4,"{'HeI_3819.62': 306.0791701300966, 'HeI_4009.26': 88.57986952599971, 'HeI_4143.76': 92.67358403503266, 'HeI_4387.93': 137.64081090386338, 'HeI_4471.50': 211.92128764065913, 'HeI_4713.17': 97.68184501747275, 'HeI_4921.93': 124.26861084852187, 'Hf': 1351.4552493487292, 'Hn': 349.25339411050334}","{'HeI_3819.62': 183.7418785985591, 'HeI_4009.26': 83.42359307771306, 'HeI_4143.76': 82.1576931077865, 'HeI_4387.93': 119.69161909672002, 'HeI_4471.50': 97.11033421965978, 'HeI_4713.17': 28.492356812547918, 'HeI_4921.93': 77.7123219163622, 'Hf': 1280.2736770245776, 'Hn': 301.775205721559}","{'HeI_3819.62': 174.52699696486567, 'HeI_4009.26': 89.98371349351427, 'HeI_4143.76': 92.17660317458804, 'HeI_4387.93': 135.0240898914249, 'HeI_4471.50': 58.82489346285121, 'HeI_4713.17': 16.05158447271873, 'HeI_4921.93': 90.86187801545528, 'Hf': 1217.2165890463775, 'Hn': 256.3179036038962}","{'HeI_3819.62': 224.24638746042595, 'HeI_4009.26': 101.60549102062754, 'HeI_4143.76': 111.83555317312418, 'HeI_4387.93': 167.36717689520728, 'HeI_4471.50': 67.78353450890114, 'HeI_4713.17': 29.17720609504226, 'HeI_4921.93': 130.106408929798, 'Hf': 1169.1111706561499, 'Hn': 218.50275200422362}","{'HeI_3819.62': 300.0775774338627, 'HeI_4009.26': 114.90622205775428, 'HeI_4143.76': 134.09922340501095, 'HeI_4387.93': 206.03314543659366, 'HeI_4471.50': 101.90745947331888, 'HeI_4713.17': 50.8328898402524, 'HeI_4921.93': 177.10552476125542, 'Hf': 1137.2508674131866, 'Hn': 191.46891872179603}","{'HeI_3819.62': 382.5459919494244, 'HeI_4009.26': 128.10213646169535, 'HeI_4143.76': 155.15669800937428, 'HeI_4387.93': 244.08586895732134, 'HeI_4471.50': 146.7228217380704, 'HeI_4713.17': 72.9995909822044, 'HeI_4921.93': 223.35061180543173, 'Hf': 1120.33966709438, 'Hn': 177.2452833652238}","{'HeI_3819.62': 462.77521629002274, 'HeI_4009.26': 140.37585975969768, 'HeI_4143.76': 173.92225079978746, 'HeI_4387.93': 278.58724560992977, 'HeI_4471.50': 193.39913690970693, 'HeI_4713.17': 93.09268453209619, 'HeI_4921.93': 265.6083646582882, 'Hf': 1116.4014942764795, 'Hn': 176.05066583997146}","{'HeI_3819.62': 537.6890145038977, 'HeI_4009.26': 151.4334450533159, 'HeI_4143.76': 190.4648429491633, 'HeI_4387.93': 308.554765142751, 'HeI_4471.50': 238.83753135878834, 'HeI_4713.17': 110.90620108141212, 'HeI_4921.93': 303.864754218298, 'Hf': 1123.6974995470346, 'Hn': 187.07523261521118}","{'HeI_3819.62': 606.3422465789197, 'HeI_4009.26': 160.88270613977514, 'HeI_4143.76': 205.2734353409653, 'HeI_4387.93': 334.35126364901464, 'HeI_4471.50': 281.6232454589686, 'HeI_4713.17': 126.97032335824416, 'HeI_4921.93': 339.4815801669088, 'Hf': 1139.7774650751212, 'Hn': 209.3888597695189}"
T30000logg3.6,"{'HeI_3819.62': 212.8329187474107, 'HeI_4009.26': 51.17957681712146, 'HeI_4143.76': 61.957826149927186, 'HeI_4387.93': 83.94707930883634, 'HeI_4471.50': 170.9153304841108, 'HeI_4713.17': 79.70480060246406, 'HeI_4921.93': 134.9780713900986, 'Hf': 1900.0711600006202, 'Hn': 596.7754311512789}","{'HeI_3819.62': 102.41433312199912, 'HeI_4009.26': 24.619998442331706, 'HeI_4143.76': 20.908885096939652, 'HeI_4387.93': 26.178587143334102, 'HeI_4471.50': 76.1482607335259, 'HeI_4713.17': 21.898223256045053, 'HeI_4921.93': 35.18198262438239, 'Hf': 1860.5857003822814, 'Hn': 574.5749294734736}","{'HeI_3819.62': 93.79284243750145, 'HeI_4009.26': 21.53578853989656, 'HeI_4143.76': 17.666735992855337, 'HeI_4387.93': 20.982355177634556, 'HeI_4471.50': 46.75869314097865, 'HeI_4713.17': 14.364999037841093, 'HeI_4921.93': 25.283031618326053, 'Hf': 1825.5434291432034, 'Hn': 555.0715584766838}","{'HeI_3819.62': 141.07734929885368, 'HeI_4009.26': 30.126298751498645, 'HeI_4143.76': 33.83544589208289, 'HeI_4387.93': 44.87270528787906, 'HeI_4471.50': 58.51970602949172, 'HeI_4713.17': 29.501539364097784, 'HeI_4921.93': 54.20363113666386, 'Hf': 1798.452423909177, 'Hn': 539.6289408486602}","{'HeI_3819.62': 214.5154035019088, 'HeI_4009.26': 43.8895389854712, 'HeI_4143.76': 57.47943461828681, 'HeI_4387.93': 81.79583292609338, 'HeI_4471.50': 92.94106467411419, 'HeI_4713.17': 52.03041429628356, 'HeI_4921.93': 96.26710956058176, 'Hf': 1779.500666132971, 'Hn': 528.7551271447134}","{'HeI_3819.62': 295.3324590011732, 'HeI_4009.26': 59.19532140816758, 'HeI_4143.76': 81.82037326365749, 'HeI_4387.93': 121.57786394757828, 'HeI_4471.50': 137.20512249787345, 'HeI_4713.17': 74.56556227867192, 'HeI_4921.93': 140.8322463545368, 'Hf': 1768.1531132348016, 'Hn': 523.1779138435448}","{'HeI_3819.62': 374.94165591791267, 'HeI_4009.26': 74.35358982333196, 'HeI_4143.76': 104.45456334257273, 'HeI_4387.93': 159.5168058407085, 'HeI_4471.50': 183.24847192958364, 'HeI_4713.17': 94.82611654784786, 'HeI_4921.93': 183.70054638798544, 'Hf': 1764.137724128341, 'Hn': 523.4171388020746}","{'HeI_3819.62': 450.22845674523046, 'HeI_4009.26': 88.7235040545538, 'HeI_4143.76': 124.87523479490997, 'HeI_4387.93': 193.63031541419252, 'HeI_4471.50': 228.20525661619112, 'HeI_4713.17': 112.6654419181201, 'HeI_4921.93': 224.09941109710627, 'Hf': 1766.846026181105, 'Hn': 530.0238766087896}","{'HeI_3819.62': 519.5306480161635, 'HeI_4009.26': 101.6152795684182, 'HeI_4143.76': 143.20800725140862, 'HeI_4387.93': 223.45082683894643, 'HeI_4471.50': 270.6454605402707, 'HeI_4713.17': 128.6366723844966, 'HeI_4921.93': 262.90334796425253, 'Hf': 1775.5091581363336, 'Hn': 542.9356559587404}"
T30000logg3.8,"{'HeI_3819.62': 142.69087147776168, 'HeI_4009.26': 49.650149479413464, 'HeI_4143.76': 69.90245819039582, 'HeI_4387.93': 84.35834653942803, 'HeI_4471.50': 159.27965859147966, 'HeI_4713.17': 82.870609270112, 'HeI_4921.93': 148.36016202359465, 'Hf': 2682.4672908842836, 'Hn': 1041.101728263056}","{'HeI_3819.62': 42.57310538551147, 'HeI_4009.26': 15.815526295375832, 'HeI_4143.76': 19.99204523388394, 'HeI_4387.93': 24.19754192864474, 'HeI_4471.50': 73.24479103967768, 'HeI_4713.17': 23.674472800717492, 'HeI_4921.93': 49.185981453701295, 'Hf': 2657.1550618733954, 'Hn': 1029.0981992385045}","{'HeI_3819.62': 32.79755071604379, 'HeI_4009.26': 7.2597728367628465, 'HeI_4143.76': 10.458662749873456, 'HeI_4387.93': 12.949150150734026, 'HeI_4471.50': 45.43112142041174, 'HeI_4713.17': 14.882813994528433, 'HeI_4921.93': 36.55697484466396, 'Hf': 2634.2409460882373, 'Hn': 1020.0025785747243}","{'HeI_3819.62': 75.41241746138522, 'HeI_4009.26': 12.44423271244963, 'HeI_4143.76': 23.136983017318958, 'HeI_4387.93': 31.262624804172848, 'HeI_4471.50': 55.50362724984505, 'HeI_4713.17': 29.209979983455135, 'HeI_4921.93': 61.49077416695811, 'Hf': 2615.5023930552356, 'Hn': 1013.7558571564267}","{'HeI_3819.62': 144.36799667972062, 'HeI_4009.26': 24.359922167305577, 'HeI_4143.76': 45.16475612779407, 'HeI_4387.93': 63.979696465844796, 'HeI_4471.50': 87.27904162745095, 'HeI_4713.17': 51.29549267696081, 'HeI_4921.93': 99.20504433146122, 'Hf': 2600.908534324263, 'Hn': 1009.8534534889292}","{'HeI_3819.62': 222.47509399256944, 'HeI_4009.26': 38.90610102813988, 'HeI_4143.76': 68.92375494995325, 'HeI_4387.93': 101.09804604515102, 'HeI_4471.50': 129.06275816936773, 'HeI_4713.17': 73.62815230694882, 'HeI_4921.93': 140.06959610010972, 'Hf': 2590.004374070358, 'Hn': 1008.2766172901086}","{'HeI_3819.62': 301.03886826521676, 'HeI_4009.26': 53.98678742356637, 'HeI_4143.76': 91.49170208739008, 'HeI_4387.93': 137.5569012209104, 'HeI_4471.50': 173.28051447300012, 'HeI_4713.17': 93.8123706772176, 'HeI_4921.93': 180.21696970006053, 'Hf': 2582.6210397805394, 'Hn': 1009.2816517970662}","{'HeI_3819.62': 376.45548959573944, 'HeI_4009.26': 68.67141625976582, 'HeI_4143.76': 112.07790448854388, 'HeI_4387.93': 171.0092905312308, 'HeI_4471.50': 216.9425071815898, 'HeI_4713.17': 111.64018100020833, 'HeI_4921.93': 218.8540160306327, 'Hf': 2578.302914311877, 'Hn': 1013.6475130949369}","{'HeI_3819.62': 446.8472058370705, 'HeI_4009.26': 82.12619920516198, 'HeI_4143.76': 130.63932653966225, 'HeI_4387.93': 200.79619124206317, 'HeI_4471.50': 258.43601813026527, 'HeI_4713.17': 127.62117739652167, 'HeI_4921.93': 256.6395131379699, 'Hf': 2576.503244986522, 'Hn': 1021.4444454724643}"
T30000logg4.0,"{'HeI_3819.62': 112.15817506951319, 'HeI_4009.26': 53.27403124149927, 'HeI_4143.76': 80.42765595926487, 'HeI_4387.93': 91.76895143999405, 'HeI_4471.50': 143.9435178516325, 'HeI_4713.17': 74.74926079826184, 'HeI_4921.93': 153.81585335938294, 'Hf': 3297.0875107436204, 'Hn': 1494.0538960015097}","{'HeI_3819.62': 29.16071662975142, 'HeI_4009.26': 18.60086851122204, 'HeI_4143.76': 29.42332598919267, 'HeI_4387.93': 38.18183823249037, 'HeI_4471.50': 72.60505380356688, 'HeI_4713.17': 20.993575917294827, 'HeI_4921.93': 65.5604240118151, 'Hf': 3284.162004440095, 'Hn': 1489.2305459565255}","{'HeI_3819.62': 23.20839292019877, 'HeI_4009.26': 7.684598804609245, 'HeI_4143.76': 17.213894685017973, 'HeI_4387.93': 26.955532804342422, 'HeI_4471.50': 51.44557729626152, 'HeI_4713.17': 14.353794907658886, 'HeI_4921.93': 56.304907500563765, 'Hf': 3272.68510354986, 'Hn': 1487.416235996097}","{'HeI_3819.62': 64.07401918577231, 'HeI_4009.26': 10.632053985000526, 'HeI_4143.76': 27.550009483990056, 'HeI_4387.93': 42.709976185418604, 'HeI_4471.50': 63.244172807600386, 'HeI_4713.17': 29.440996485353956, 'HeI_4921.93': 80.31035728107696, 'Hf': 3263.1690969352903, 'Hn': 1487.7544538215025}","{'HeI_3819.62': 129.86203792051708, 'HeI_4009.26': 20.81562368270079, 'HeI_4143.76': 47.89210918265442, 'HeI_4387.93': 72.26432255879331, 'HeI_4471.50': 94.1961165713077, 'HeI_4713.17': 51.76514302748966, 'HeI_4921.93': 115.06750733381118, 'Hf': 3255.2825925575776, 'Hn': 1489.2338646885732}","{'HeI_3819.62': 205.18304927682058, 'HeI_4009.26': 34.113538787722874, 'HeI_4143.76': 70.55005297998224, 'HeI_4387.93': 106.59072333471165, 'HeI_4471.50': 134.19751979782495, 'HeI_4713.17': 74.16644139990683, 'HeI_4921.93': 152.63516696790558, 'Hf': 3248.579178197797, 'Hn': 1491.4359737030643}","{'HeI_3819.62': 281.8183218055708, 'HeI_4009.26': 48.30047390559076, 'HeI_4143.76': 92.40036486387493, 'HeI_4387.93': 140.9500444433445, 'HeI_4471.50': 176.5599749830405, 'HeI_4713.17': 94.36362906087537, 'HeI_4921.93': 189.94352807303545, 'Hf': 3242.8817287555803, 'Hn': 1494.3729182937632}","{'HeI_3819.62': 356.14431583524816, 'HeI_4009.26': 62.343620386488666, 'HeI_4143.76': 112.4621009678494, 'HeI_4387.93': 173.02757310612074, 'HeI_4471.50': 218.58786146925257, 'HeI_4713.17': 112.17601361152968, 'HeI_4921.93': 226.42850290339524, 'Hf': 3237.7051390584734, 'Hn': 1498.843716967469}","{'HeI_3819.62': 426.0265106483842, 'HeI_4009.26': 75.39096023085573, 'HeI_4143.76': 130.546253423794, 'HeI_4387.93': 201.96858293689004, 'HeI_4471.50': 258.75678581199173, 'HeI_4713.17': 128.11645897924078, 'HeI_4921.93': 262.67972576357596, 'Hf': 3232.579155948139, 'Hn': 1504.9161208141497}"
T30000logg4.2,"{'HeI_3819.62': 122.05217448403174, 'HeI_4009.26': 47.38499590930274, 'HeI_4143.76': 79.98846197057917, 'HeI_4387.93': 87.85098778266475, 'HeI_4471.50': 146.30297844152554, 'HeI_4713.17': 71.28102069832605, 'HeI_4921.93': 152.95479533770913, 'Hf': 3678.8025257397685, 'Hn': 1772.855596051434}","{'HeI_3819.62': 56.5351154472628, 'HeI_4009.26': 19.144664439941128, 'HeI_4143.76': 35.570557549810644, 'HeI_4387.93': 46.09238525741376, 'HeI_4471.50': 82.67968841295084, 'HeI_4713.17': 20.13413172906693, 'HeI_4921.93': 76.58837590855575, 'Hf': 3672.303502579855, 'Hn': 1773.2798697105577}","{'HeI_3819.62': 56.683321876442015, 'HeI_4009.26': 10.499290497551408, 'HeI_4143.76': 25.09564267979576, 'HeI_4387.93': 39.565738509723204, 'HeI_4471.50': 64.6306162025898, 'HeI_4713.17': 14.316859305840007, 'HeI_4921.93': 71.55495389848869, 'Hf': 3668.2000237262228, 'Hn': 1777.1040855882154}","{'HeI_3819.62': 97.81809354310856, 'HeI_4009.26': 13.884296108965515, 'HeI_4143.76': 35.16760890537643, 'HeI_4387.93': 56.103865588675546, 'HeI_4471.50': 76.74278891719547, 'HeI_4713.17': 29.569535394096288, 'HeI_4921.93': 95.9123595451937, 'Hf': 3666.0568950631377, 'Hn': 1783.319060565072}","{'HeI_3819.62': 161.6557585767441, 'HeI_4009.26': 23.792477931433833, 'HeI_4143.76': 54.580043454836655, 'HeI_4387.93': 84.63454681499263, 'HeI_4471.50': 106.56292679087568, 'HeI_4713.17': 51.85716222865223, 'HeI_4921.93': 129.33072094415428, 'Hf': 3665.1769422145717, 'Hn': 1790.7597359837703}","{'HeI_3819.62': 234.80239740374714, 'HeI_4009.26': 36.58369544827635, 'HeI_4143.76': 76.23844916308047, 'HeI_4387.93': 117.43179383641977, 'HeI_4471.50': 144.89190116406695, 'HeI_4713.17': 74.21794943356956, 'HeI_4921.93': 165.11704807093412, 'Hf': 3664.628244366938, 'Hn': 1798.7221620113896}","{'HeI_3819.62': 309.5973519009473, 'HeI_4009.26': 50.23512602145696, 'HeI_4143.76': 97.20339494045015, 'HeI_4387.93': 150.32610832299136, 'HeI_4471.50': 185.60819702760293, 'HeI_4713.17': 94.38299983295857, 'HeI_4921.93': 200.73975010779543, 'Hf': 3663.752832028563, 'Hn': 1806.8393282917498}","{'HeI_3819.62': 382.47880766379876, 'HeI_4009.26': 63.77480350387012, 'HeI_4143.76': 116.50274129004603, 'HeI_4387.93': 181.23459616807673, 'HeI_4471.50': 226.1299276001016, 'HeI_4713.17': 112.16038989660684, 'HeI_4921.93': 235.8200546430598, 'Hf': 3661.906693813087, 'Hn': 1815.728848629561}","{'HeI_3819.62': 451.4209345338539, 'HeI_4009.26': 76.41144161552033, 'HeI_4143.76': 133.89323876191642, 'HeI_4387.93': 209.49814127610608, 'HeI_4471.50': 264.9678956563615, 'HeI_4713.17': 128.02212986360533, 'HeI_4921.93': 271.00365406245027, 'Hf': 3658.2804879691644, 'Hn': 1825.4520156513495}"
T30000logg4.4,"{'HeI_3819.62': 176.20604011517804, 'HeI_4009.26': 47.39612180560959, 'HeI_4143.76': 90.99985214593748, 'HeI_4387.93': 100.3533510582154, 'HeI_4471.50': 146.23258376784617, 'HeI_4713.17': 66.80055424403366, 'HeI_4921.93': 162.43779475079012, 'Hf': 4248.976135494453, 'Hn': 2199.708630846708}","{'HeI_3819.62': 127.14708104993032, 'HeI_4009.26': 24.451958971876476, 'HeI_4143.76': 50.536724848500654, 'HeI_4387.93': 66.4043753503361, 'HeI_4471.50': 93.96364377562666, 'HeI_4713.17': 19.003253311305183, 'HeI_4921.93': 95.92356157439569, 'Hf': 4247.62469551902, 'Hn': 2202.9487337956944}","{'HeI_3819.62': 133.7025717861982, 'HeI_4009.26': 17.624533314092485, 'HeI_4143.76': 40.5045123736334, 'HeI_4387.93': 62.312609503559244, 'HeI_4471.50': 81.17850326100452, 'HeI_4713.17': 14.279534217637462, 'HeI_4921.93': 92.77950694881379, 'Hf': 4248.218624313826, 'Hn': 2209.423318648439}","{'HeI_3819.62': 175.8687582794045, 'HeI_4009.26': 21.18006553205011, 'HeI_4143.76': 49.6172070784345, 'HeI_4387.93': 78.33212690359015, 'HeI_4471.50': 94.71627628896232, 'HeI_4713.17': 29.749985236354725, 'HeI_4921.93': 115.9841984714139, 'Hf': 4249.811400674359, 'Hn': 2217.9983496062773}","{'HeI_3819.62': 238.53822177525717, 'HeI_4009.26': 30.605984578735345, 'HeI_4143.76': 67.70028788726162, 'HeI_4387.93': 105.12553827358005, 'HeI_4471.50': 123.87766164355989, 'HeI_4713.17': 52.0083260461546, 'HeI_4921.93': 147.53313125463433, 'Hf': 4251.579094245282, 'Hn': 2227.4837936488943}","{'HeI_3819.62': 309.8600973971973, 'HeI_4009.26': 42.70262330967729, 'HeI_4143.76': 88.11380178116225, 'HeI_4387.93': 135.9320803450924, 'HeI_4471.50': 160.66788527285647, 'HeI_4713.17': 74.29610572733118, 'HeI_4921.93': 181.52067170401904, 'Hf': 4252.535208295256, 'Hn': 2236.9915974029886}","{'HeI_3819.62': 382.8701418620884, 'HeI_4009.26': 55.65036074126056, 'HeI_4143.76': 108.0200205878992, 'HeI_4387.93': 167.07121000132204, 'HeI_4471.50': 199.62981085274154, 'HeI_4713.17': 94.41539294261986, 'HeI_4921.93': 215.68906965034935, 'Hf': 4251.951819866272, 'Hn': 2246.0711917249882}","{'HeI_3819.62': 454.22758217425456, 'HeI_4009.26': 68.55205140627135, 'HeI_4143.76': 126.41358066484821, 'HeI_4387.93': 196.65913340860823, 'HeI_4471.50': 238.43491316328817, 'HeI_4713.17': 112.16134022041858, 'HeI_4921.93': 249.68877259514656, 'Hf': 4249.072644405801, 'Hn': 2255.2594735732314}","{'HeI_3819.62': 521.7758933187038, 'HeI_4009.26': 80.63055764605107, 'HeI_4143.76': 142.93749105105323, 'HeI_4387.93': 223.89203010989212, 'HeI_4471.50': 275.73363115559647, 'HeI_4713.17': 128.00605814605623, 'HeI_4921.93': 283.98714447885266, 'Hf': 4243.357815361792, 'Hn': 2264.4834976877632}"
T31000logg3.2,"{'HeI_3819.62': 1396.6695203021286, 'HeI_4009.26': 426.4920137718065, 'HeI_4143.76': 528.9920360410537, 'HeI_4387.93': 1125.1723227032885, 'HeI_4471.50': 598.9477675989289, 'HeI_4713.17': 251.52227133811917, 'HeI_4921.93': 1480.2346472416812, 'Hf': 224.80868016524082, 'Hn': 552.5532149012246}","{'HeI_3819.62': 1415.3094498974715, 'HeI_4009.26': 421.3236620033724, 'HeI_4143.76': 521.7536205231731, 'HeI_4387.93': 1109.8330218442725, 'HeI_4471.50': 563.6626125670159, 'HeI_4713.17': 258.8516290336113, 'HeI_4921.93': 1424.4899822247899, 'Hf': 169.7850955654307, 'Hn': 509.0670797865553}","{'HeI_3819.62': 1447.2577645764313, 'HeI_4009.26': 416.0511871225174, 'HeI_4143.76': 514.4718400481678, 'HeI_4387.93': 1093.8760250031567, 'HeI_4471.50': 575.2752023647308, 'HeI_4713.17': 269.5950643573533, 'HeI_4921.93': 1375.4814848899068, 'Hf': 143.8824769465649, 'Hn': 486.70257326179967}","{'HeI_3819.62': 1483.691161547082, 'HeI_4009.26': 411.0545074445091, 'HeI_4143.76': 507.6673068998222, 'HeI_4387.93': 1078.47834133784, 'HeI_4471.50': 608.1366991580114, 'HeI_4713.17': 280.9980945930676, 'HeI_4921.93': 1330.8502521979385, 'Hf': 144.41728348964867, 'Hn': 485.3775925119803}","{'HeI_3819.62': 1520.129924009638, 'HeI_4009.26': 406.5477674256183, 'HeI_4143.76': 502.1633945645846, 'HeI_4387.93': 1064.5878497453414, 'HeI_4471.50': 648.3816808513809, 'HeI_4713.17': 291.47029202877, 'HeI_4921.93': 1290.421146908733, 'Hf': 169.11591562672314, 'Hn': 501.9156349063611}","{'HeI_3819.62': 1553.3853341415443, 'HeI_4009.26': 402.7381289514526, 'HeI_4143.76': 498.41233797534306, 'HeI_4387.93': 1052.6290835127559, 'HeI_4471.50': 688.7812783433627, 'HeI_4713.17': 300.4313863025508, 'HeI_4921.93': 1254.7432708051663, 'Hf': 213.69874983221874, 'Hn': 532.6987704868276}","{'HeI_3819.62': 1582.4996422520999, 'HeI_4009.26': 399.5769837023961, 'HeI_4143.76': 496.3698147334249, 'HeI_4387.93': 1042.6400284168676, 'HeI_4471.50': 724.8789379800719, 'HeI_4713.17': 307.88471478280934, 'HeI_4921.93': 1224.1980006798365, 'Hf': 272.7851279650055, 'Hn': 574.2836868597001}","{'HeI_3819.62': 1607.823619406451, 'HeI_4009.26': 396.90492839663625, 'HeI_4143.76': 495.830008994892, 'HeI_4387.93': 1034.502536553415, 'HeI_4471.50': 756.5235181695679, 'HeI_4713.17': 314.12522077865424, 'HeI_4921.93': 1197.7859256820498, 'Hf': 341.29978156738406, 'Hn': 624.3673260641561}","{'HeI_3819.62': 1630.1774303530888, 'HeI_4009.26': 394.6806279607413, 'HeI_4143.76': 496.58038226367, 'HeI_4387.93': 1027.8598330583447, 'HeI_4471.50': 784.3031635280588, 'HeI_4713.17': 319.4699439776582, 'HeI_4921.93': 1174.2364681490546, 'Hf': 415.3964993765876, 'Hn': 682.000651234941}"
T31000logg3.4,"{'HeI_3819.62': 353.2045561589597, 'HeI_4009.26': 174.58865804776906, 'HeI_4143.76': 197.4132718816115, 'HeI_4387.93': 302.53900447272207, 'HeI_4471.50': 236.68267809932067, 'HeI_4713.17': 81.31405442346511, 'HeI_4921.93': 277.9249651987414, 'Hf': 1218.6936016465108, 'Hn': 343.5006201117314}","{'HeI_3819.62': 246.42171136487457, 'HeI_4009.26': 177.82851450798051, 'HeI_4143.76': 201.69421576405043, 'HeI_4387.93': 309.9864642163525, 'HeI_4471.50': 115.49525316815121, 'HeI_4713.17': 22.418599555369443, 'HeI_4921.93': 279.3862805395031, 'Hf': 1119.7617135957673, 'Hn': 278.45128357956105}","{'HeI_3819.62': 246.7656476171852, 'HeI_4009.26': 184.9405388868066, 'HeI_4143.76': 213.75111843560248, 'HeI_4387.93': 332.08993833467815, 'HeI_4471.50': 75.49135601883044, 'HeI_4713.17': 15.47843231857801, 'HeI_4921.93': 305.7166987755699, 'Hf': 1035.0891374077687, 'Hn': 218.64301823766738}","{'HeI_3819.62': 301.64851746444, 'HeI_4009.26': 193.40483986626754, 'HeI_4143.76': 229.02385104641627, 'HeI_4387.93': 360.71672826309697, 'HeI_4471.50': 84.58924328742931, 'HeI_4713.17': 31.312331462725645, 'HeI_4921.93': 342.2816690849449, 'Hf': 973.9666742526196, 'Hn': 171.09798736969307}","{'HeI_3819.62': 379.3477250346886, 'HeI_4009.26': 201.9265774162086, 'HeI_4143.76': 244.39253743348368, 'HeI_4387.93': 390.6982864692175, 'HeI_4471.50': 119.54130116896086, 'HeI_4713.17': 54.143187110177664, 'HeI_4921.93': 380.58458243962156, 'Hf': 936.1952722037424, 'Hn': 138.59883343454464}","{'HeI_3819.62': 461.4958255865075, 'HeI_4009.26': 209.7937332484806, 'HeI_4143.76': 258.32972562413323, 'HeI_4387.93': 418.68655023847487, 'HeI_4471.50': 165.12682089536335, 'HeI_4713.17': 76.82906593920427, 'HeI_4921.93': 416.52940194100916, 'Hf': 918.042420961097, 'Hn': 122.11255487782573}","{'HeI_3819.62': 539.800741074004, 'HeI_4009.26': 216.72272997646968, 'HeI_4143.76': 270.43698692043444, 'HeI_4387.93': 443.31753454862104, 'HeI_4471.50': 212.20926975237, 'HeI_4713.17': 97.09097646728364, 'HeI_4921.93': 448.32071287781264, 'Hf': 916.0080800411841, 'Hn': 121.08045989913892}","{'HeI_3819.62': 611.6626090358001, 'HeI_4009.26': 222.65715927532747, 'HeI_4143.76': 280.9610484902101, 'HeI_4387.93': 464.3575401862275, 'HeI_4471.50': 257.5975382094427, 'HeI_4713.17': 114.9006295680114, 'HeI_4921.93': 476.45210551778405, 'Hf': 927.5929447773526, 'Hn': 133.88922026809732}","{'HeI_3819.62': 677.3400617300528, 'HeI_4009.26': 227.4808648210504, 'HeI_4143.76': 290.307084307424, 'HeI_4387.93': 482.27539782413766, 'HeI_4471.50': 299.92920369730643, 'HeI_4713.17': 130.8551906385687, 'HeI_4921.93': 502.11879731601204, 'Hf': 949.2982798026835, 'Hn': 159.17772014181764}"
T31000logg3.6,"{'HeI_3819.62': 245.627754875605, 'HeI_4009.26': 62.78947139870389, 'HeI_4143.76': 66.65700626959226, 'HeI_4387.93': 86.721888953781, 'HeI_4471.50': 183.55414777950642, 'HeI_4713.17': 84.05422165968204, 'HeI_4921.93': 105.16271171000552, 'Hf': 1688.4412789498722, 'Hn': 430.8451863514199}","{'HeI_3819.62': 136.50382969006455, 'HeI_4009.26': 52.9336346015408, 'HeI_4143.76': 48.138346424517394, 'HeI_4387.93': 59.38571720609662, 'HeI_4471.50': 84.0689701126562, 'HeI_4713.17': 23.498688404668655, 'HeI_4921.93': 46.23435685442789, 'Hf': 1642.6192508773945, 'Hn': 402.5389690071249}","{'HeI_3819.62': 130.46920708014952, 'HeI_4009.26': 57.65011952143658, 'HeI_4143.76': 55.06412328133954, 'HeI_4387.93': 69.53490884243153, 'HeI_4471.50': 51.85556162601527, 'HeI_4713.17': 14.906640433324789, 'HeI_4921.93': 52.8990803809695, 'Hf': 1602.3569028510863, 'Hn': 375.9873586755071}","{'HeI_3819.62': 180.10263426408093, 'HeI_4009.26': 69.13749326345427, 'HeI_4143.76': 74.4338478464726, 'HeI_4387.93': 99.96214745565736, 'HeI_4471.50': 62.27291748735637, 'HeI_4713.17': 29.68532305238319, 'HeI_4921.93': 89.3482561991141, 'Hf': 1571.8440290120677, 'Hn': 354.4650580865306}","{'HeI_3819.62': 255.04546829682758, 'HeI_4009.26': 83.22378564626523, 'HeI_4143.76': 97.79544199403094, 'HeI_4387.93': 138.82886352968038, 'HeI_4471.50': 96.03571685815922, 'HeI_4713.17': 52.03808202792633, 'HeI_4921.93': 135.81000076620765, 'Hf': 1551.6241596959737, 'Hn': 339.8904247670175}","{'HeI_3819.62': 336.7640412074673, 'HeI_4009.26': 97.62790634150439, 'HeI_4143.76': 120.5380298087505, 'HeI_4387.93': 178.25817990799646, 'HeI_4471.50': 140.06964416715377, 'HeI_4713.17': 74.52141476257513, 'HeI_4921.93': 183.0543653717523, 'Hf': 1540.712614295314, 'Hn': 333.76767867557425}","{'HeI_3819.62': 416.5241302555401, 'HeI_4009.26': 111.30034389925115, 'HeI_4143.76': 141.1047023767198, 'HeI_4387.93': 214.5565263746408, 'HeI_4471.50': 186.04856625471163, 'HeI_4713.17': 94.75060531267299, 'HeI_4921.93': 227.09857219967813, 'Hf': 1538.4444170069773, 'Hn': 336.4948979850834}","{'HeI_3819.62': 491.1269977267948, 'HeI_4009.26': 123.85213836217409, 'HeI_4143.76': 159.39014108169556, 'HeI_4387.93': 246.4046822257392, 'HeI_4471.50': 230.96434559803112, 'HeI_4713.17': 112.61694957883135, 'HeI_4921.93': 267.50493229157564, 'Hf': 1544.3090391776454, 'Hn': 347.94871626908116}","{'HeI_3819.62': 559.8929049086654, 'HeI_4009.26': 134.85334831653472, 'HeI_4143.76': 175.78820444014715, 'HeI_4387.93': 273.9954645428755, 'HeI_4471.50': 273.3876617914409, 'HeI_4713.17': 128.70623337120242, 'HeI_4921.93': 305.37203460334365, 'Hf': 1556.3117422702478, 'Hn': 367.8167771503056}"
T31000logg3.8,"{'HeI_3819.62': 163.10772535873917, 'HeI_4009.26': 42.21110264069716, 'HeI_4143.76': 56.38277426589048, 'HeI_4387.93': 66.26801186685289, 'HeI_4471.50': 158.73488591666137, 'HeI_4713.17': 77.99865312464057, 'HeI_4921.93': 117.1215221457536, 'Hf': 2448.8530855522495, 'Hn': 832.0165414641788}","{'HeI_3819.62': 63.00731986107343, 'HeI_4009.26': 18.04363967018808, 'HeI_4143.76': 17.602940898971095, 'HeI_4387.93': 17.693296000036103, 'HeI_4471.50': 72.94050819016849, 'HeI_4713.17': 21.677511703415306, 'HeI_4921.93': 31.59442037467506, 'Hf': 2421.9075883142436, 'Hn': 817.7651656209365}","{'HeI_3819.62': 55.613718794096144, 'HeI_4009.26': 15.261944406804494, 'HeI_4143.76': 14.368482901152504, 'HeI_4387.93': 14.20464872653146, 'HeI_4471.50': 45.72357276812885, 'HeI_4713.17': 14.522540492066357, 'HeI_4921.93': 24.777680159426993, 'Hf': 2397.4270285585953, 'Hn': 805.1833610854487}","{'HeI_3819.62': 101.38065138800687, 'HeI_4009.26': 23.631273840384438, 'HeI_4143.76': 30.05252940712962, 'HeI_4387.93': 37.21163776700294, 'HeI_4471.50': 56.63727977731234, 'HeI_4713.17': 29.70589984710798, 'HeI_4921.93': 53.527576463730874, 'Hf': 2377.6792271860527, 'Hn': 795.3355889836455}","{'HeI_3819.62': 172.98291877343448, 'HeI_4009.26': 37.154687569420474, 'HeI_4143.76': 53.28038253294471, 'HeI_4387.93': 72.70634749442233, 'HeI_4471.50': 89.11254405919843, 'HeI_4713.17': 52.17476929815472, 'HeI_4921.93': 94.94240528640537, 'Hf': 2362.693212018654, 'Hn': 788.6851321331948}","{'HeI_3819.62': 252.72225490574732, 'HeI_4009.26': 52.33568582594372, 'HeI_4143.76': 77.49466534280717, 'HeI_4387.93': 111.3507545395808, 'HeI_4471.50': 131.4735301538545, 'HeI_4713.17': 74.68893157468523, 'HeI_4921.93': 139.21992723324857, 'Hf': 2352.053158473024, 'Hn': 785.9518670711325}","{'HeI_3819.62': 331.878154758671, 'HeI_4009.26': 67.42238357064961, 'HeI_4143.76': 100.14774794149835, 'HeI_4387.93': 148.4223078647413, 'HeI_4471.50': 176.0081888748296, 'HeI_4713.17': 94.93596131476454, 'HeI_4921.93': 182.06959518540916, 'Hf': 2345.895404954244, 'Hn': 787.554778899441}","{'HeI_3819.62': 407.02395092390543, 'HeI_4009.26': 81.70723389117606, 'HeI_4143.76': 120.64619125156936, 'HeI_4387.93': 181.87946519567348, 'HeI_4471.50': 219.83082163968558, 'HeI_4713.17': 112.78870725789405, 'HeI_4921.93': 222.60732652970535, 'Hf': 2344.273639399088, 'Hn': 794.013832775279}","{'HeI_3819.62': 476.7993781131893, 'HeI_4009.26': 94.5840563718998, 'HeI_4143.76': 139.1077540794114, 'HeI_4387.93': 211.4576573878839, 'HeI_4471.50': 261.4483243727285, 'HeI_4713.17': 128.80045638084619, 'HeI_4921.93': 261.6030478565956, 'Hf': 2345.803811462358, 'Hn': 805.4135290753788}"
T31000logg4.0,"{'HeI_3819.62': 114.58739197035445, 'HeI_4009.26': 38.72265252319704, 'HeI_4143.76': 61.161631005147555, 'HeI_4387.93': 70.37911481132828, 'HeI_4471.50': 142.3822258402814, 'HeI_4713.17': 71.51795547650097, 'HeI_4921.93': 128.494609471734, 'Hf': 3097.6380650848278, 'Hn': 1260.6791309806492}","{'HeI_3819.62': 30.921354611686247, 'HeI_4009.26': 12.06775722848914, 'HeI_4143.76': 17.95883220126279, 'HeI_4387.93': 21.977699861505357, 'HeI_4471.50': 70.0632294697788, 'HeI_4713.17': 19.670440942982044, 'HeI_4921.93': 44.08288899794454, 'Hf': 3084.55560139823, 'Hn': 1255.0027636142045}","{'HeI_3819.62': 27.046948543366177, 'HeI_4009.26': 6.608515238805542, 'HeI_4143.76': 10.932233880764127, 'HeI_4387.93': 15.33301512973283, 'HeI_4471.50': 48.33214373823463, 'HeI_4713.17': 14.20685786718915, 'HeI_4921.93': 35.45558332115832, 'Hf': 3073.3379973596216, 'Hn': 1251.7183139528127}","{'HeI_3819.62': 71.07145833973162, 'HeI_4009.26': 13.026892196598114, 'HeI_4143.76': 24.174300201541456, 'HeI_4387.93': 34.597690244524, 'HeI_4471.50': 60.21417659934729, 'HeI_4713.17': 29.941609629720652, 'HeI_4921.93': 60.97994111008479, 'Hf': 3064.955532348521, 'Hn': 1250.707374734127}","{'HeI_3819.62': 139.75378398391288, 'HeI_4009.26': 25.335771066067714, 'HeI_4143.76': 46.0715229991116, 'HeI_4387.93': 66.7779726904266, 'HeI_4471.50': 91.59451590366005, 'HeI_4713.17': 52.55957221737078, 'HeI_4921.93': 98.75237690125408, 'Hf': 3059.023228921557, 'Hn': 1251.5074805249137}","{'HeI_3819.62': 217.16021989207852, 'HeI_4009.26': 39.8522908653636, 'HeI_4143.76': 69.69535372619764, 'HeI_4387.93': 102.97120544726396, 'HeI_4471.50': 132.24548385631658, 'HeI_4713.17': 75.10664882031583, 'HeI_4921.93': 139.86171573367085, 'Hf': 3054.823995519226, 'Hn': 1254.0986591564658}","{'HeI_3819.62': 294.93505351566813, 'HeI_4009.26': 54.685799130675676, 'HeI_4143.76': 92.20457151045483, 'HeI_4387.93': 138.4605447137701, 'HeI_4471.50': 175.14943890150568, 'HeI_4713.17': 95.35434393568676, 'HeI_4921.93': 180.38231840834197, 'Hf': 3052.3214267457306, 'Hn': 1258.5319361087647}","{'HeI_3819.62': 369.55156901795675, 'HeI_4009.26': 69.01083382123944, 'HeI_4143.76': 112.78489258961577, 'HeI_4387.93': 171.0465165523949, 'HeI_4471.50': 217.59695136616165, 'HeI_4713.17': 113.18231472174226, 'HeI_4921.93': 219.40400832475956, 'Hf': 3051.529046514466, 'Hn': 1265.4148040058872}","{'HeI_3819.62': 439.37466015998365, 'HeI_4009.26': 82.12438073110911, 'HeI_4143.76': 131.37476602730976, 'HeI_4387.93': 200.25524758708193, 'HeI_4471.50': 258.113729172019, 'HeI_4713.17': 129.1368261443506, 'HeI_4921.93': 257.5388564305801, 'Hf': 3051.1101578152434, 'Hn': 1274.872140054471}"
T31000logg4.2,"{'HeI_3819.62': 101.12448433938819, 'HeI_4009.26': 31.923158975017568, 'HeI_4143.76': 58.375551058015816, 'HeI_4387.93': 62.35770774871454, 'HeI_4471.50': 137.23602030273588, 'HeI_4713.17': 67.21128855715605, 'HeI_4921.93': 120.0363046271667, 'Hf': 3273.03448129586, 'Hn': 1415.6046390767012}","{'HeI_3819.62': 34.54518437966956, 'HeI_4009.26': 9.611962393371318, 'HeI_4143.76': 20.595557171021152, 'HeI_4387.93': 25.875655512137676, 'HeI_4471.50': 74.7024350873786, 'HeI_4713.17': 18.56575059668348, 'HeI_4921.93': 50.620860044737775, 'Hf': 3267.661624293426, 'Hn': 1416.6140214213817}","{'HeI_3819.62': 35.76449899618036, 'HeI_4009.26': 5.158150385333753, 'HeI_4143.76': 14.597662528944499, 'HeI_4387.93': 23.473231943427077, 'HeI_4471.50': 57.38186680843397, 'HeI_4713.17': 14.149028898230195, 'HeI_4921.93': 48.162564429315374, 'Hf': 3264.4680309512087, 'Hn': 1420.415825756758}","{'HeI_3819.62': 79.06145958960695, 'HeI_4009.26': 11.329251981340814, 'HeI_4143.76': 27.325126200918874, 'HeI_4387.93': 43.104209213579644, 'HeI_4471.50': 70.24863520701061, 'HeI_4713.17': 30.11712737809957, 'HeI_4921.93': 74.805685466267, 'Hf': 3263.2627596231164, 'Hn': 1426.593981574649}","{'HeI_3819.62': 145.1447486883331, 'HeI_4009.26': 23.044828999536414, 'HeI_4143.76': 48.29647304301237, 'HeI_4387.93': 73.99914047400695, 'HeI_4471.50': 100.74681940796731, 'HeI_4713.17': 52.7197617416007, 'HeI_4921.93': 111.22661175443864, 'Hf': 3263.590714917368, 'Hn': 1434.5597404780422}","{'HeI_3819.62': 220.14072192457837, 'HeI_4009.26': 36.960877671208685, 'HeI_4143.76': 71.01779460110643, 'HeI_4387.93': 108.54424948705525, 'HeI_4471.50': 139.8047308888736, 'HeI_4713.17': 75.22220850151116, 'HeI_4921.93': 150.2192919699672, 'Hf': 3264.5948710061234, 'Hn': 1444.0374213862126}","{'HeI_3819.62': 296.1877738957393, 'HeI_4009.26': 51.274056257573925, 'HeI_4143.76': 92.75333902387983, 'HeI_4387.93': 142.58627818401868, 'HeI_4471.50': 181.07284831317298, 'HeI_4713.17': 95.43200219422407, 'HeI_4921.93': 188.679823704229, 'Hf': 3265.7827370878044, 'Hn': 1454.7268746183458}","{'HeI_3819.62': 369.7228427167993, 'HeI_4009.26': 65.15849830744988, 'HeI_4143.76': 112.67730938159553, 'HeI_4387.93': 174.16387808136886, 'HeI_4471.50': 222.0332898549818, 'HeI_4713.17': 113.20809184510118, 'HeI_4921.93': 226.01202521050598, 'Hf': 3266.863719142616, 'Hn': 1467.02711834599}","{'HeI_3819.62': 439.05655892620206, 'HeI_4009.26': 77.95363382889099, 'HeI_4143.76': 130.66172840809023, 'HeI_4387.93': 202.78705686048704, 'HeI_4471.50': 261.26147688754804, 'HeI_4713.17': 129.08637518379902, 'HeI_4921.93': 262.8591565124989, 'Hf': 3266.512563084007, 'Hn': 1481.072253148445}"
T31000logg4.4,"{'HeI_3819.62': 126.53032441739096, 'HeI_4009.26': 25.801530678457095, 'HeI_4143.76': 58.53560692855169, 'HeI_4387.93': 59.110819504574366, 'HeI_4471.50': 143.23171373256332, 'HeI_4713.17': 64.73895797536765, 'HeI_4921.93': 118.98964479873814, 'Hf': 3721.3473137150663, 'Hn': 1714.73741694069}","{'HeI_3819.62': 80.37784967359077, 'HeI_4009.26': 9.679169125724524, 'HeI_4143.76': 26.277131105923228, 'HeI_4387.93': 33.84995706880639, 'HeI_4471.50': 88.87200011883165, 'HeI_4713.17': 18.135443078100135, 'HeI_4921.93': 61.999255871860576, 'Hf': 3721.828619841471, 'Hn': 1719.7652629088536}","{'HeI_3819.62': 89.47325215188675, 'HeI_4009.26': 7.489700611297476, 'HeI_4143.76': 21.428682279675364, 'HeI_4387.93': 35.39995915350172, 'HeI_4471.50': 74.72940492069726, 'HeI_4713.17': 14.144772690260881, 'HeI_4921.93': 61.950115631871526, 'Hf': 3726.2061652313864, 'Hn': 1728.117227114443}","{'HeI_3819.62': 134.05411658214118, 'HeI_4009.26': 14.082098882914453, 'HeI_4143.76': 33.656230152141354, 'HeI_4387.93': 54.995079055862, 'HeI_4471.50': 87.83948282877513, 'HeI_4713.17': 30.05949699652709, 'HeI_4921.93': 87.5549211613231, 'Hf': 3733.2023391668395, 'Hn': 1739.0941688567623}","{'HeI_3819.62': 198.62536685454762, 'HeI_4009.26': 25.47971008409042, 'HeI_4143.76': 53.62862351755009, 'HeI_4387.93': 84.0759788434193, 'HeI_4471.50': 117.09822287067618, 'HeI_4713.17': 52.48626927250647, 'HeI_4921.93': 122.19063616276019, 'Hf': 3741.725145842009, 'Hn': 1751.8256415751714}","{'HeI_3819.62': 271.61092041627643, 'HeI_4009.26': 38.889804205553716, 'HeI_4143.76': 75.44907076681523, 'HeI_4387.93': 116.50856428127288, 'HeI_4471.50': 154.32001334595088, 'HeI_4713.17': 74.92233014215158, 'HeI_4921.93': 159.83009785478149, 'Hf': 3750.3051030075117, 'Hn': 1765.5876429030855}","{'HeI_3819.62': 345.7132455726321, 'HeI_4009.26': 52.71599485186585, 'HeI_4143.76': 96.39416512353553, 'HeI_4387.93': 148.60046630215916, 'HeI_4471.50': 193.69090484183081, 'HeI_4713.17': 95.09193903571504, 'HeI_4921.93': 197.2796784065063, 'Hf': 3757.7715856083037, 'Hn': 1779.8531177143889}","{'HeI_3819.62': 417.46777653515437, 'HeI_4009.26': 66.17243650165025, 'HeI_4143.76': 115.65404625435654, 'HeI_4387.93': 178.63475628937286, 'HeI_4471.50': 232.77936391536957, 'HeI_4713.17': 112.84772316469302, 'HeI_4921.93': 233.9431932919619, 'Hf': 3763.7617335782347, 'Hn': 1794.7263178454002}","{'HeI_3819.62': 485.50549890444324, 'HeI_4009.26': 78.67506230022403, 'HeI_4143.76': 133.07004858577417, 'HeI_4387.93': 206.1473861039965, 'HeI_4471.50': 270.14892883400836, 'HeI_4713.17': 128.70064189043234, 'HeI_4921.93': 270.2746441870547, 'Hf': 3766.370253192401, 'Hn': 1810.5403952199185}"
T32000logg3.2,"{'HeI_3819.62': 798.4824055578428, 'HeI_4009.26': 375.42948606524993, 'HeI_4143.76': 504.33372900192705, 'HeI_4387.93': 989.6113216018956, 'HeI_4471.50': 336.76503306266727, 'HeI_4713.17': 123.21236169854757, 'HeI_4921.93': 1138.3314496699393, 'Hf': 520.8864333135085, 'Hn': 476.0279536695673}","{'HeI_3819.62': 795.0452713083185, 'HeI_4009.26': 372.7449283673976, 'HeI_4143.76': 500.70266021860016, 'HeI_4387.93': 984.7593752936932, 'HeI_4471.50': 259.21681950134405, 'HeI_4713.17': 122.47545819481496, 'HeI_4921.93': 1119.0270004155714, 'Hf': 377.8556389068094, 'Hn': 371.7141735396657}","{'HeI_3819.62': 834.2579941658734, 'HeI_4009.26': 369.85578345892526, 'HeI_4143.76': 496.7340343330698, 'HeI_4387.93': 979.5930001186724, 'HeI_4471.50': 249.29502357288692, 'HeI_4713.17': 137.76354004975343, 'HeI_4921.93': 1099.5489201244072, 'Hf': 269.8549648355553, 'Hn': 292.21683239825165}","{'HeI_3819.62': 891.6693360942936, 'HeI_4009.26': 366.98742061964845, 'HeI_4143.76': 492.7889892742435, 'HeI_4387.93': 974.4041562435807, 'HeI_4471.50': 275.3251383315469, 'HeI_4713.17': 158.59543364896135, 'HeI_4921.93': 1080.3709452554, 'Hf': 205.74097741802734, 'Hn': 243.20167731076296}","{'HeI_3819.62': 954.189950514506, 'HeI_4009.26': 364.2276641310014, 'HeI_4143.76': 489.22761196289485, 'HeI_4387.93': 969.4475214113112, 'HeI_4471.50': 318.0972632841161, 'HeI_4713.17': 179.2667492555854, 'HeI_4921.93': 1062.2600441009158, 'Hf': 183.10986928212498, 'Hn': 222.5108041970199}","{'HeI_3819.62': 1013.7858553946529, 'HeI_4009.26': 361.63996563718547, 'HeI_4143.76': 486.2469501811342, 'HeI_4387.93': 964.9714859975458, 'HeI_4471.50': 366.0959089441799, 'HeI_4713.17': 197.48533142700325, 'HeI_4921.93': 1045.804271221854, 'Hf': 193.27318263662139, 'Hn': 225.92128727175367}","{'HeI_3819.62': 1067.498905525273, 'HeI_4009.26': 359.1953321698758, 'HeI_4143.76': 483.8600029992463, 'HeI_4387.93': 961.0469277884846, 'HeI_4471.50': 412.1939932391386, 'HeI_4713.17': 212.8573989878727, 'HeI_4921.93': 1031.438324342885, 'Hf': 226.33265415210994, 'Hn': 248.53841942536405}","{'HeI_3819.62': 1115.1017588604147, 'HeI_4009.26': 356.7781847403704, 'HeI_4143.76': 481.9868921640459, 'HeI_4387.93': 957.6346148147051, 'HeI_4471.50': 454.7005116920294, 'HeI_4713.17': 225.86352299450638, 'HeI_4921.93': 1018.9314702501521, 'Hf': 274.605625768051, 'Hn': 286.071409333981}","{'HeI_3819.62': 1157.66686003176, 'HeI_4009.26': 354.3033936339261, 'HeI_4143.76': 480.53114970096044, 'HeI_4387.93': 954.645552213926, 'HeI_4471.50': 493.26232715275785, 'HeI_4713.17': 237.105749354455, 'HeI_4921.93': 1007.899743069002, 'Hf': 332.1973045353576, 'Hn': 335.91307665993537}"
T32000logg3.4,"{'HeI_3819.62': 1516.1221680002698, 'HeI_4009.26': 343.17963771135476, 'HeI_4143.76': 442.2145698620766, 'HeI_4387.93': 893.8278023858159, 'HeI_4471.50': 678.2680009204603, 'HeI_4713.17': 282.8608146582033, 'HeI_4921.93': 1075.175696023467, 'Hf': 275.7791167462107, 'Hn': 119.01612851205093}","{'HeI_3819.62': 1528.4929604441177, 'HeI_4009.26': 341.5449636472239, 'HeI_4143.76': 439.8887848017991, 'HeI_4387.93': 885.2164704933481, 'HeI_4471.50': 679.2982635315343, 'HeI_4713.17': 287.16331349830216, 'HeI_4921.93': 1056.7816562125124, 'Hf': 239.90360038968214, 'Hn': 96.94203579254786}","{'HeI_3819.62': 1544.1140892888457, 'HeI_4009.26': 339.77106883205, 'HeI_4143.76': 437.64633087893554, 'HeI_4387.93': 876.1062902251997, 'HeI_4471.50': 699.5518721096614, 'HeI_4713.17': 292.398821503422, 'HeI_4921.93': 1038.8915110685991, 'Hf': 218.80469885058167, 'Hn': 85.04960464366289}","{'HeI_3819.62': 1560.2996699471062, 'HeI_4009.26': 338.05926899155475, 'HeI_4143.76': 435.79105609608496, 'HeI_4387.93': 867.3487346826042, 'HeI_4471.50': 727.9305196569114, 'HeI_4713.17': 297.66991669760324, 'HeI_4921.93': 1021.8067643919601, 'Hf': 213.4843727287042, 'Hn': 84.88795163073031}","{'HeI_3819.62': 1575.6838124315045, 'HeI_4009.26': 336.5064299362255, 'HeI_4143.76': 434.84292091273664, 'HeI_4387.93': 859.5195397341099, 'HeI_4471.50': 758.0767134509673, 'HeI_4713.17': 302.41210418171823, 'HeI_4921.93': 1006.0219017038885, 'Hf': 224.40723536339763, 'Hn': 96.20341042825525}","{'HeI_3819.62': 1589.1913040638187, 'HeI_4009.26': 335.1886161598272, 'HeI_4143.76': 435.1786921478144, 'HeI_4387.93': 852.9845065313888, 'HeI_4471.50': 786.7427678233014, 'HeI_4713.17': 306.43976276900713, 'HeI_4921.93': 991.9228235522997, 'Hf': 250.13381990624268, 'Hn': 118.21236947130154}","{'HeI_3819.62': 1600.5900799258563, 'HeI_4009.26': 334.0900113459849, 'HeI_4143.76': 436.8720145077997, 'HeI_4387.93': 847.8583491571027, 'HeI_4471.50': 811.7360378792617, 'HeI_4713.17': 309.77358509217356, 'HeI_4921.93': 979.7809168578227, 'Hf': 287.7927351877166, 'Hn': 149.4985209149201}","{'HeI_3819.62': 1610.1600790378432, 'HeI_4009.26': 333.14976495743434, 'HeI_4143.76': 439.8781216140692, 'HeI_4387.93': 844.0617438063565, 'HeI_4471.50': 833.3898530774328, 'HeI_4713.17': 312.55795548831577, 'HeI_4921.93': 969.2258660202622, 'Hf': 334.26916275937566, 'Hn': 189.04022769413302}","{'HeI_3819.62': 1618.3067212142334, 'HeI_4009.26': 332.34263192802126, 'HeI_4143.76': 444.1538149324008, 'HeI_4387.93': 841.366031884564, 'HeI_4471.50': 852.3345749671673, 'HeI_4713.17': 314.93524175657427, 'HeI_4921.93': 959.7683707636039, 'Hf': 386.64126721109074, 'Hn': 236.45208590634684}"
T32000logg3.6,"{'HeI_3819.62': 293.89388927479814, 'HeI_4009.26': 142.9740195788425, 'HeI_4143.76': 157.47664786885173, 'HeI_4387.93': 230.1957456797652, 'HeI_4471.50': 188.89240266478268, 'HeI_4713.17': 69.71314677660209, 'HeI_4921.93': 254.4387244872364, 'Hf': 1396.1234851363927, 'Hn': 314.7895588178171}","{'HeI_3819.62': 202.89790389148703, 'HeI_4009.26': 145.9619771854186, 'HeI_4143.76': 160.74431719306986, 'HeI_4387.93': 237.50501087979774, 'HeI_4471.50': 93.65552898582195, 'HeI_4713.17': 18.925389198922794, 'HeI_4921.93': 258.20157449125077, 'Hf': 1351.216005034182, 'Hn': 283.8859834976281}","{'HeI_3819.62': 207.94304579393713, 'HeI_4009.26': 153.5619881497782, 'HeI_4143.76': 173.25340905326928, 'HeI_4387.93': 259.8069442543303, 'HeI_4471.50': 65.44454533112543, 'HeI_4713.17': 15.408240009867633, 'HeI_4921.93': 284.9619651137025, 'Hf': 1312.7207802831192, 'Hn': 255.12888342862124}","{'HeI_3819.62': 263.46584004530285, 'HeI_4009.26': 162.97015174775046, 'HeI_4143.76': 189.78275720904233, 'HeI_4387.93': 289.270478065635, 'HeI_4471.50': 78.81442763735339, 'HeI_4713.17': 32.5546420015122, 'HeI_4921.93': 321.2990954910205, 'Hf': 1285.2367987355308, 'Hn': 232.67480898095064}","{'HeI_3819.62': 340.72514925580276, 'HeI_4009.26': 172.69360167184382, 'HeI_4143.76': 206.80483771321747, 'HeI_4387.93': 320.75943397804923, 'HeI_4471.50': 114.64266828885282, 'HeI_4713.17': 55.91143805040439, 'HeI_4921.93': 359.48821532016274, 'Hf': 1269.2405436074016, 'Hn': 218.8638597677836}","{'HeI_3819.62': 421.9488043065799, 'HeI_4009.26': 181.80104202211132, 'HeI_4143.76': 222.35835615481983, 'HeI_4387.93': 350.3937901632389, 'HeI_4471.50': 159.95727399117496, 'HeI_4713.17': 78.747637500199, 'HeI_4921.93': 395.3886781370561, 'Hf': 1263.6674772961767, 'Hn': 215.20097252253237}","{'HeI_3819.62': 499.5617347820846, 'HeI_4009.26': 189.9839288854054, 'HeI_4143.76': 235.9818224472754, 'HeI_4387.93': 376.67275579607434, 'HeI_4471.50': 206.4580216376576, 'HeI_4713.17': 99.0434125691703, 'HeI_4921.93': 427.5307028480699, 'Hf': 1267.6454525211902, 'Hn': 221.75473869999738}","{'HeI_3819.62': 571.2741150660008, 'HeI_4009.26': 197.17632136811787, 'HeI_4143.76': 247.8621229492005, 'HeI_4387.93': 399.2711104883555, 'HeI_4471.50': 251.38227626974455, 'HeI_4713.17': 116.80647641084848, 'HeI_4921.93': 456.23884135516386, 'Hf': 1280.393696134986, 'Hn': 238.04434289208803}","{'HeI_3819.62': 636.4661923326186, 'HeI_4009.26': 203.176806498397, 'HeI_4143.76': 258.4173036644913, 'HeI_4387.93': 418.6687862862618, 'HeI_4471.50': 293.616335307071, 'HeI_4713.17': 132.63061309003396, 'HeI_4921.93': 482.6228893014092, 'Hf': 1300.3417718247274, 'Hn': 263.41728472634145}"
T32000logg3.8,"{'HeI_3819.62': 192.6490356188129, 'HeI_4009.26': 51.934621495419066, 'HeI_4143.76': 56.521304254245486, 'HeI_4387.93': 64.06893442712732, 'HeI_4471.50': 166.38814998054625, 'HeI_4713.17': 75.26089940767955, 'HeI_4921.93': 89.68621835349519, 'Hf': 2168.8892210221325, 'Hn': 627.5560119954711}","{'HeI_3819.62': 96.64385136596186, 'HeI_4009.26': 42.41028529524586, 'HeI_4143.76': 37.84306395829788, 'HeI_4387.93': 40.703671430858584, 'HeI_4471.50': 77.95221931431921, 'HeI_4713.17': 20.54488660957582, 'HeI_4921.93': 39.44888096800871, 'Hf': 2138.5407434514764, 'Hn': 609.7643710232832}","{'HeI_3819.62': 94.03489383301859, 'HeI_4009.26': 46.95884706291848, 'HeI_4143.76': 44.24169941799902, 'HeI_4387.93': 51.50308469658872, 'HeI_4471.50': 49.89453435455548, 'HeI_4713.17': 14.495553732011526, 'HeI_4921.93': 48.22025573232281, 'Hf': 2111.3227771557217, 'Hn': 593.2621004561312}","{'HeI_3819.62': 143.93149789914222, 'HeI_4009.26': 58.34605921369737, 'HeI_4143.76': 63.30570846950934, 'HeI_4387.93': 81.31620605226287, 'HeI_4471.50': 61.073723156528025, 'HeI_4713.17': 30.307179851958722, 'HeI_4921.93': 84.28305053984997, 'Hf': 2090.0634569357535, 'Hn': 580.1792246447844}","{'HeI_3819.62': 218.29996208308384, 'HeI_4009.26': 72.48250691550966, 'HeI_4143.76': 86.72088939424766, 'HeI_4387.93': 119.3105832776267, 'HeI_4471.50': 94.25556668287965, 'HeI_4713.17': 53.06380923761175, 'HeI_4921.93': 129.8820780955983, 'Hf': 2075.008766705127, 'Hn': 571.8126656510482}","{'HeI_3819.62': 299.24148701485365, 'HeI_4009.26': 86.95981458316352, 'HeI_4143.76': 109.80027071752369, 'HeI_4387.93': 158.10502233408656, 'HeI_4471.50': 137.38336370533474, 'HeI_4713.17': 75.70727767222682, 'HeI_4921.93': 176.54935853707548, 'Hf': 2065.6276180446134, 'Hn': 569.3733883075141}","{'HeI_3819.62': 378.29359069648325, 'HeI_4009.26': 100.686958079097, 'HeI_4143.76': 130.82233489808075, 'HeI_4387.93': 194.09944794315984, 'HeI_4471.50': 182.49452398710335, 'HeI_4713.17': 95.9921831704202, 'HeI_4921.93': 220.44997134638731, 'Hf': 2062.0259771365613, 'Hn': 573.2549327632121}","{'HeI_3819.62': 452.3587766119305, 'HeI_4009.26': 113.30756308685864, 'HeI_4143.76': 149.5770702786448, 'HeI_4387.93': 225.95552424333084, 'HeI_4471.50': 226.65285755925933, 'HeI_4713.17': 113.84165914744389, 'HeI_4921.93': 261.0226694595681, 'Hf': 2064.323844710647, 'Hn': 583.6368812882553}","{'HeI_3819.62': 520.7215688010231, 'HeI_4009.26': 124.45385231148515, 'HeI_4143.76': 166.3712505732992, 'HeI_4387.93': 253.7952707309529, 'HeI_4471.50': 268.46053947562456, 'HeI_4713.17': 129.84283519417278, 'HeI_4921.93': 299.1925914178169, 'Hf': 2070.7919630016, 'Hn': 600.4318104028897}"
T32000logg4.0,"{'HeI_3819.62': 142.12083314637124, 'HeI_4009.26': 42.79862369594801, 'HeI_4143.76': 48.52335110405343, 'HeI_4387.93': 50.118588631952335, 'HeI_4471.50': 144.42211992724765, 'HeI_4713.17': 61.37078346783831, 'HeI_4921.93': 86.91464864189686, 'Hf': 2542.3092885771744, 'Hn': 853.2899750205497}","{'HeI_3819.62': 66.00965203049608, 'HeI_4009.26': 33.26798612541328, 'HeI_4143.76': 27.640824058213525, 'HeI_4387.93': 24.128161910758422, 'HeI_4471.50': 69.73245073003879, 'HeI_4713.17': 16.534710303718175, 'HeI_4921.93': 27.39309975632871, 'Hf': 2527.6394852265903, 'Hn': 846.673713512683}","{'HeI_3819.62': 71.03070435628211, 'HeI_4009.26': 37.431989517770404, 'HeI_4143.76': 32.636471449845345, 'HeI_4387.93': 32.886912444347864, 'HeI_4471.50': 48.345711385908196, 'HeI_4713.17': 14.976315104629226, 'HeI_4921.93': 31.35285783478129, 'Hf': 2515.997561915633, 'Hn': 842.5135372172688}","{'HeI_3819.62': 122.385888934013, 'HeI_4009.26': 48.5514999313451, 'HeI_4143.76': 51.100851691395285, 'HeI_4387.93': 61.35926026437879, 'HeI_4471.50': 61.97194936214513, 'HeI_4713.17': 32.625685754820644, 'HeI_4921.93': 64.71408263794865, 'Hf': 2508.8524060307404, 'Hn': 841.6844452843902}","{'HeI_3819.62': 195.94588859846814, 'HeI_4009.26': 62.62368213676852, 'HeI_4143.76': 74.41483542234536, 'HeI_4387.93': 98.57457307786723, 'HeI_4471.50': 95.48204622947425, 'HeI_4713.17': 56.04385392709148, 'HeI_4921.93': 108.73153805038159, 'Hf': 2506.0549432822986, 'Hn': 844.4831649372824}","{'HeI_3819.62': 275.80780420725625, 'HeI_4009.26': 77.155967358229, 'HeI_4143.76': 97.66996075449686, 'HeI_4387.93': 137.0751670069977, 'HeI_4471.50': 138.1321849166635, 'HeI_4713.17': 78.87081018452574, 'HeI_4921.93': 154.79172851594325, 'Hf': 2506.676696465439, 'Hn': 851.2924441115263}","{'HeI_3819.62': 354.02946192706895, 'HeI_4009.26': 90.99757103769161, 'HeI_4143.76': 119.03064309323817, 'HeI_4387.93': 173.1435427537046, 'HeI_4471.50': 182.56397160490704, 'HeI_4713.17': 99.14199599048293, 'HeI_4921.93': 198.75490525204478, 'Hf': 2510.390225420349, 'Hn': 862.0010653671594}","{'HeI_3819.62': 427.53518022145084, 'HeI_4009.26': 103.78080348089307, 'HeI_4143.76': 138.21758332414603, 'HeI_4387.93': 205.33448276844467, 'HeI_4471.50': 226.07720270569317, 'HeI_4713.17': 116.87440688070058, 'HeI_4921.93': 239.85950074507593, 'Hf': 2517.025317229948, 'Hn': 876.7695642585151}","{'HeI_3819.62': 495.65109435644706, 'HeI_4009.26': 115.1626206522817, 'HeI_4143.76': 155.49468281671298, 'HeI_4387.93': 233.66922205374476, 'HeI_4471.50': 267.3567625567303, 'HeI_4713.17': 132.68347321162892, 'HeI_4921.93': 278.87737686754497, 'Hf': 2524.9591208013558, 'Hn': 895.6409086637736}"
T32000logg4.2,"{'HeI_3819.62': 94.7970402451596, 'HeI_4009.26': 24.533243725939936, 'HeI_4143.76': 46.3974926713346, 'HeI_4387.93': 44.769565355798235, 'HeI_4471.50': 140.9974456467863, 'HeI_4713.17': 67.41778510929316, 'HeI_4921.93': 95.91224189745618, 'Hf': 3371.644369519699, 'Hn': 1374.6236535733012}","{'HeI_3819.62': 29.357895891049697, 'HeI_4009.26': 7.637884217427924, 'HeI_4143.76': 14.476737462304373, 'HeI_4387.93': 14.117763548933691, 'HeI_4471.50': 75.24555142389367, 'HeI_4713.17': 18.613843374918353, 'HeI_4921.93': 32.75813377943854, 'Hf': 3363.444104360077, 'Hn': 1374.379356326899}","{'HeI_3819.62': 32.71033919291587, 'HeI_4009.26': 6.613245602348178, 'HeI_4143.76': 12.116100057102797, 'HeI_4387.93': 15.588371664360382, 'HeI_4471.50': 55.690355574600346, 'HeI_4713.17': 14.304157009172723, 'HeI_4921.93': 30.585858618914468, 'Hf': 3358.0300838210483, 'Hn': 1376.9466284230932}","{'HeI_3819.62': 78.72944600080605, 'HeI_4009.26': 14.793265040127464, 'HeI_4143.76': 26.830095380611763, 'HeI_4387.93': 37.54306079832802, 'HeI_4471.50': 67.53918496056848, 'HeI_4713.17': 30.43557743821884, 'HeI_4921.93': 57.98676462101847, 'Hf': 3355.413600411068, 'Hn': 1382.0710562458455}","{'HeI_3819.62': 147.06571632947472, 'HeI_4009.26': 27.594071370819815, 'HeI_4143.76': 48.82398973683896, 'HeI_4387.93': 69.77816047690067, 'HeI_4471.50': 97.81030786838798, 'HeI_4713.17': 53.086798254408805, 'HeI_4921.93': 96.77940865983206, 'Hf': 3354.823353292858, 'Hn': 1389.2834498526654}","{'HeI_3819.62': 223.60828418235704, 'HeI_4009.26': 42.08492473692316, 'HeI_4143.76': 72.29467781522827, 'HeI_4387.93': 105.29066950485742, 'HeI_4471.50': 136.95298969683316, 'HeI_4713.17': 75.68402988889497, 'HeI_4921.93': 139.25472562164964, 'Hf': 3355.1455006534934, 'Hn': 1397.9940250942298}","{'HeI_3819.62': 300.2610649605243, 'HeI_4009.26': 56.66342768680867, 'HeI_4143.76': 94.5273534768818, 'HeI_4387.93': 139.86821672619448, 'HeI_4471.50': 178.39726513806022, 'HeI_4713.17': 95.9214502332278, 'HeI_4921.93': 180.95162671428852, 'Hf': 3355.728103836408, 'Hn': 1408.252773689867}","{'HeI_3819.62': 373.56428919129377, 'HeI_4009.26': 70.57939995550588, 'HeI_4143.76': 114.84020045130407, 'HeI_4387.93': 171.6777806135666, 'HeI_4471.50': 219.44032050957225, 'HeI_4713.17': 113.72764337162896, 'HeI_4921.93': 220.94770943156465, 'Hf': 3356.518699208001, 'Hn': 1420.2056760159705}","{'HeI_3819.62': 442.5218379472506, 'HeI_4009.26': 83.40724278362637, 'HeI_4143.76': 133.18640135513084, 'HeI_4387.93': 200.31937341230739, 'HeI_4471.50': 258.5524843205447, 'HeI_4713.17': 129.65206880215797, 'HeI_4921.93': 259.6462668187027, 'Hf': 3355.8408848945173, 'Hn': 1434.2181727861866}"
T33000logg3.2,"{'HeI_3819.62': 1788.6983692211506, 'HeI_4009.26': 457.0563041547923, 'HeI_4143.76': 520.9933011195151, 'HeI_4387.93': 1281.023576384689, 'HeI_4471.50': 885.3096535531338, 'HeI_4713.17': 366.0623801495437, 'HeI_4921.93': 1395.0183194067286, 'Hf': 672.3731530437716, 'Hn': 1394.9777409700225}","{'HeI_3819.62': 1808.5151207509277, 'HeI_4009.26': 452.4160122808551, 'HeI_4143.76': 514.9733146571925, 'HeI_4387.93': 1269.03399943823, 'HeI_4471.50': 836.8538961177387, 'HeI_4713.17': 372.9412693615102, 'HeI_4921.93': 1349.333289349847, 'Hf': 587.3533851413439, 'Hn': 1325.6763363970877}","{'HeI_3819.62': 1839.9196252082054, 'HeI_4009.26': 447.6706820635029, 'HeI_4143.76': 508.8365759716043, 'HeI_4387.93': 1257.3183158074442, 'HeI_4471.50': 841.5080319706577, 'HeI_4713.17': 383.14477467511756, 'HeI_4921.93': 1307.941413408245, 'Hf': 550.1175901090638, 'Hn': 1291.2968855015752}","{'HeI_3819.62': 1875.0538924947962, 'HeI_4009.26': 443.2052570955315, 'HeI_4143.76': 503.07022824612835, 'HeI_4387.93': 1246.0929372553878, 'HeI_4471.50': 869.0559804991317, 'HeI_4713.17': 394.05278103747605, 'HeI_4921.93': 1269.7368589119503, 'Hf': 553.421996803601, 'Hn': 1287.902925058031}","{'HeI_3819.62': 1910.2125971743856, 'HeI_4009.26': 439.2099492798996, 'HeI_4143.76': 498.4126970282141, 'HeI_4387.93': 1236.134738169797, 'HeI_4471.50': 903.3143891792872, 'HeI_4713.17': 404.1972666247208, 'HeI_4921.93': 1234.9681383804198, 'Hf': 590.0065716425535, 'Hn': 1308.1831476351379}","{'HeI_3819.62': 1942.5574020756455, 'HeI_4009.26': 435.84804126591825, 'HeI_4143.76': 495.29041167613616, 'HeI_4387.93': 1227.464889498657, 'HeI_4471.50': 936.7124185285174, 'HeI_4713.17': 412.96168503279824, 'HeI_4921.93': 1204.3488845647867, 'Hf': 650.2730677434325, 'Hn': 1345.2534015733468}","{'HeI_3819.62': 1971.1524918583277, 'HeI_4009.26': 433.0589767803999, 'HeI_4143.76': 493.6814796350435, 'HeI_4387.93': 1219.9420308885765, 'HeI_4471.50': 965.3004443676674, 'HeI_4713.17': 420.27614807002976, 'HeI_4921.93': 1178.1875414658264, 'Hf': 725.2150775385016, 'Hn': 1393.384139247632}","{'HeI_3819.62': 1996.442490729036, 'HeI_4009.26': 430.67831271807177, 'HeI_4143.76': 493.42617519041175, 'HeI_4387.93': 1213.6008065933115, 'HeI_4471.50': 989.4326544207819, 'HeI_4713.17': 426.4194249525824, 'HeI_4921.93': 1155.6836926110977, 'Hf': 808.0008439562548, 'Hn': 1448.985781162184}","{'HeI_3819.62': 2019.1763661787058, 'HeI_4009.26': 428.6557207917661, 'HeI_4143.76': 494.3559980070734, 'HeI_4387.93': 1208.161058711936, 'HeI_4471.50': 1010.2433810550776, 'HeI_4713.17': 431.77599102076846, 'HeI_4921.93': 1135.7648089227177, 'Hf': 893.4988070075427, 'Hn': 1510.7357895801138}"
T33000logg3.4,"{'HeI_3819.62': 569.5299460033604, 'HeI_4009.26': 342.133407435986, 'HeI_4143.76': 447.03541730605303, 'HeI_4387.93': 805.2796908139711, 'HeI_4471.50': 260.76326469562235, 'HeI_4713.17': 60.948235218045326, 'HeI_4921.93': 1055.0276336408697, 'Hf': 762.6755416791402, 'Hn': 266.40495422485293}","{'HeI_3819.62': 537.6289797456067, 'HeI_4009.26': 339.91757304797807, 'HeI_4143.76': 444.8151187186775, 'HeI_4387.93': 804.202035054892, 'HeI_4471.50': 165.8198958247275, 'HeI_4713.17': 45.731932583040155, 'HeI_4921.93': 1040.0663059296767, 'Hf': 669.9889633293799, 'Hn': 198.97445192000728}","{'HeI_3819.62': 569.795207414918, 'HeI_4009.26': 337.5412284722594, 'HeI_4143.76': 442.31165435415403, 'HeI_4387.93': 803.3254527315752, 'HeI_4471.50': 143.80508456030606, 'HeI_4713.17': 57.39998222061156, 'HeI_4921.93': 1024.6099180429296, 'Hf': 593.0393320483776, 'Hn': 141.21365040576887}","{'HeI_3819.62': 631.369275078018, 'HeI_4009.26': 335.1848013745401, 'HeI_4143.76': 439.777510588427, 'HeI_4387.93': 802.4656769069755, 'HeI_4471.50': 162.95289724454966, 'HeI_4713.17': 79.44772222123473, 'HeI_4921.93': 1009.2164806827078, 'Hf': 541.6867503973674, 'Hn': 100.16134584433627}","{'HeI_3819.62': 703.1184090905159, 'HeI_4009.26': 332.9115608626228, 'HeI_4143.76': 437.4569164269999, 'HeI_4387.93': 801.5897266369316, 'HeI_4471.50': 202.77516227558297, 'HeI_4713.17': 103.04081642507151, 'HeI_4921.93': 994.6186405872519, 'Hf': 516.2268894014584, 'Hn': 77.44522430320637}","{'HeI_3819.62': 773.4706372003266, 'HeI_4009.26': 330.76336151547696, 'HeI_4143.76': 435.49136423650816, 'HeI_4387.93': 800.6957212284601, 'HeI_4471.50': 250.29060461614822, 'HeI_4713.17': 124.44524804169596, 'HeI_4921.93': 981.3316526513021, 'Hf': 512.600339214973, 'Hn': 72.57826997610478}","{'HeI_3819.62': 837.9251239449696, 'HeI_4009.26': 328.7101924011434, 'HeI_4143.76': 433.90181838641695, 'HeI_4387.93': 799.7758309403778, 'HeI_4471.50': 297.4070001871842, 'HeI_4713.17': 142.75773209030075, 'HeI_4921.93': 969.7836540270208, 'Hf': 525.88365223698, 'Hn': 83.6205849592023}","{'HeI_3819.62': 895.6418418804998, 'HeI_4009.26': 326.64128402729693, 'HeI_4143.76': 432.6453953760165, 'HeI_4387.93': 798.8265427035667, 'HeI_4471.50': 341.77466349960486, 'HeI_4713.17': 158.3837165374635, 'HeI_4921.93': 959.8147607083716, 'Hf': 552.2889215090638, 'Hn': 108.26595816508457}","{'HeI_3819.62': 947.4475981054563, 'HeI_4009.26': 324.4739143555315, 'HeI_4143.76': 431.67115084056775, 'HeI_4387.93': 797.8680982266048, 'HeI_4471.50': 382.6697233687854, 'HeI_4713.17': 172.00793038460736, 'HeI_4921.93': 951.1510093205786, 'Hf': 588.0776759308967, 'Hn': 144.94721447576225}"
T33000logg3.6,"{'HeI_3819.62': 362.75439987361136, 'HeI_4009.26': 252.04314136202004, 'HeI_4143.76': 309.4814380172482, 'HeI_4387.93': 508.2678718422211, 'HeI_4471.50': 221.9638774657077, 'HeI_4713.17': 57.18447895029895, 'HeI_4921.93': 649.4148793253895, 'Hf': 1274.8121133075672, 'Hn': 280.1961865209534}","{'HeI_3819.62': 292.193579949335, 'HeI_4009.26': 254.249135069948, 'HeI_4143.76': 314.038544163577, 'HeI_4387.93': 518.137763321076, 'HeI_4471.50': 119.89462708111752, 'HeI_4713.17': 19.112961580788, 'HeI_4921.93': 658.8460577452807, 'Hf': 1215.7290283203283, 'Hn': 241.66759057898904}","{'HeI_3819.62': 308.21302335339703, 'HeI_4009.26': 257.1171472445733, 'HeI_4143.76': 320.1867094768991, 'HeI_4387.93': 531.3598314308034, 'HeI_4471.50': 90.2018575481801, 'HeI_4713.17': 21.691102945297605, 'HeI_4921.93': 670.9018930655332, 'Hf': 1164.560971126403, 'Hn': 206.89534532076652}","{'HeI_3819.62': 368.11092838481625, 'HeI_4009.26': 260.14324729193515, 'HeI_4143.76': 326.828941050238, 'HeI_4387.93': 545.7116230327686, 'HeI_4471.50': 104.01237164731418, 'HeI_4713.17': 41.37798107133596, 'HeI_4921.93': 683.5915231437847, 'Hf': 1127.5452192979333, 'Hn': 180.6961433353405}","{'HeI_3819.62': 445.3601030502405, 'HeI_4009.26': 263.02521717134965, 'HeI_4143.76': 333.15014022667265, 'HeI_4387.93': 559.8117758263064, 'HeI_4471.50': 140.69390351701477, 'HeI_4713.17': 65.47570642471254, 'HeI_4921.93': 695.6784142792116, 'Hf': 1105.4015752287064, 'Hn': 165.16181833936696}","{'HeI_3819.62': 524.1625929617963, 'HeI_4009.26': 265.5468936362858, 'HeI_4143.76': 338.76222156248883, 'HeI_4387.93': 572.6399147649832, 'HeI_4471.50': 186.69135361817865, 'HeI_4713.17': 88.39244905996163, 'HeI_4921.93': 706.5679818631255, 'Hf': 1096.5514774213266, 'Hn': 161.15719065433981}","{'HeI_3819.62': 597.8298732225815, 'HeI_4009.26': 267.62942185068624, 'HeI_4143.76': 343.59889203770234, 'HeI_4387.93': 583.8141636743236, 'HeI_4471.50': 233.55072662441108, 'HeI_4713.17': 108.44364045603949, 'HeI_4921.93': 716.0418492767712, 'Hf': 1099.393055090809, 'Hn': 168.3972861476408}","{'HeI_3819.62': 664.6402763925555, 'HeI_4009.26': 269.22466349633737, 'HeI_4143.76': 347.8007640656862, 'HeI_4387.93': 593.3749662101633, 'HeI_4471.50': 278.4408830978448, 'HeI_4713.17': 125.82648827333645, 'HeI_4921.93': 724.425840014018, 'Hf': 1112.6492934331886, 'Hn': 185.99951530721788}","{'HeI_3819.62': 725.2543345219801, 'HeI_4009.26': 270.24501746017427, 'HeI_4143.76': 351.555274106211, 'HeI_4387.93': 601.603062339704, 'HeI_4471.50': 320.226465248803, 'HeI_4713.17': 141.19941890120882, 'HeI_4921.93': 732.1782016806123, 'Hf': 1133.5848950962516, 'Hn': 213.27663038582926}"
T33000logg3.8,"{'HeI_3819.62': 239.60530963020565, 'HeI_4009.26': 130.72460535670058, 'HeI_4143.76': 145.48656388905292, 'HeI_4387.93': 208.70291080665925, 'HeI_4471.50': 170.7334280136234, 'HeI_4713.17': 62.04727283099121, 'HeI_4921.93': 256.080022209235, 'Hf': 1862.4711310433177, 'Hn': 451.12902474423026}","{'HeI_3819.62': 161.06705309816383, 'HeI_4009.26': 134.19227505103376, 'HeI_4143.76': 149.34697997269038, 'HeI_4387.93': 218.15982008927267, 'HeI_4471.50': 85.20989012034663, 'HeI_4713.17': 17.180106876755247, 'HeI_4921.93': 263.8929338808749, 'Hf': 1833.477758842372, 'Hn': 433.3962909057633}","{'HeI_3819.62': 169.9268121027906, 'HeI_4009.26': 141.89937700578284, 'HeI_4143.76': 161.92603424961402, 'HeI_4387.93': 240.50174666656602, 'HeI_4471.50': 60.04739779250983, 'HeI_4713.17': 16.210134804913015, 'HeI_4921.93': 290.88142618196946, 'Hf': 1808.4553372605073, 'Hn': 417.69720472722025}","{'HeI_3819.62': 225.92766828332276, 'HeI_4009.26': 151.35954702741407, 'HeI_4143.76': 178.3840224884832, 'HeI_4387.93': 269.2405956186049, 'HeI_4471.50': 73.40968338130037, 'HeI_4713.17': 34.338697097195144, 'HeI_4921.93': 326.10605266742874, 'Hf': 1790.155217851404, 'Hn': 406.576011411584}","{'HeI_3819.62': 302.60585354266505, 'HeI_4009.26': 161.17616378576122, 'HeI_4143.76': 195.377364237485, 'HeI_4387.93': 299.9135398737251, 'HeI_4471.50': 108.17693249435702, 'HeI_4713.17': 57.99723250663188, 'HeI_4921.93': 362.9815209516134, 'Hf': 1778.7674939997942, 'Hn': 401.48141776858654}","{'HeI_3819.62': 383.17097758883597, 'HeI_4009.26': 170.4202283031549, 'HeI_4143.76': 211.00978860572525, 'HeI_4387.93': 328.9041739557546, 'HeI_4471.50': 152.40650585990159, 'HeI_4713.17': 80.89418436828002, 'HeI_4921.93': 397.86710278550254, 'Hf': 1773.4737550770333, 'Hn': 403.46593762145}","{'HeI_3819.62': 460.23300923297336, 'HeI_4009.26': 178.76564966393929, 'HeI_4143.76': 224.76577546813678, 'HeI_4387.93': 354.6944857471563, 'HeI_4471.50': 198.09531763076282, 'HeI_4713.17': 101.14619549566167, 'HeI_4921.93': 429.2960579285242, 'Hf': 1774.0372464200807, 'Hn': 412.60192030394717}","{'HeI_3819.62': 531.4532077501915, 'HeI_4009.26': 186.1418802711675, 'HeI_4143.76': 236.80299160478395, 'HeI_4387.93': 376.9665166649111, 'HeI_4471.50': 242.47929208852, 'HeI_4713.17': 118.82772192215928, 'HeI_4921.93': 457.5090872035167, 'Hf': 1780.3714845211443, 'Hn': 428.76548743079115}","{'HeI_3819.62': 596.4487989145291, 'HeI_4009.26': 192.38227452876188, 'HeI_4143.76': 247.5046693025591, 'HeI_4387.93': 396.19646357035754, 'HeI_4471.50': 284.3991722894504, 'HeI_4713.17': 134.58258810949104, 'HeI_4921.93': 483.4681653357001, 'Hf': 1790.9960062285713, 'Hn': 451.72228181133306}"
T33000logg4.0,"{'HeI_3819.62': 144.9551310691193, 'HeI_4009.26': 47.265912117263944, 'HeI_4143.76': 52.19099809597813, 'HeI_4387.93': 49.46604695893151, 'HeI_4471.50': 162.3240298448352, 'HeI_4713.17': 64.2871051586569, 'HeI_4921.93': 75.56496930291489, 'Hf': 2700.7804033824377, 'Hn': 813.821742015422}","{'HeI_3819.62': 71.0391077777415, 'HeI_4009.26': 41.782749074498334, 'HeI_4143.76': 38.99357999644174, 'HeI_4387.93': 36.90559089696358, 'HeI_4471.50': 79.52030952121399, 'HeI_4713.17': 17.584393705205116, 'HeI_4921.93': 39.140322787369264, 'Hf': 2671.356293482156, 'Hn': 802.6185142553072}","{'HeI_3819.62': 76.73557138445473, 'HeI_4009.26': 47.53676994965497, 'HeI_4143.76': 47.11757260066821, 'HeI_4387.93': 51.375388638272064, 'HeI_4471.50': 52.244812107358584, 'HeI_4713.17': 15.047702449206378, 'HeI_4921.93': 50.999538482822366, 'Hf': 2647.796609758998, 'Hn': 794.5413326523524}","{'HeI_3819.62': 128.8278058224992, 'HeI_4009.26': 58.98187682869377, 'HeI_4143.76': 66.24659182356893, 'HeI_4387.93': 81.40886616884637, 'HeI_4471.50': 62.27885468527024, 'HeI_4713.17': 32.28734550285963, 'HeI_4921.93': 87.19242931630977, 'Hf': 2631.676483948498, 'Hn': 790.6163721584556}","{'HeI_3819.62': 202.58356508467577, 'HeI_4009.26': 72.73123990602033, 'HeI_4143.76': 88.99152073441111, 'HeI_4387.93': 118.05885384523427, 'HeI_4471.50': 93.68802657783841, 'HeI_4713.17': 55.384433351550236, 'HeI_4921.93': 132.3967471276527, 'Hf': 2621.901843255635, 'Hn': 791.2280161149667}","{'HeI_3819.62': 282.63841655175406, 'HeI_4009.26': 86.85560867737637, 'HeI_4143.76': 111.6903113075646, 'HeI_4387.93': 155.7315837226267, 'HeI_4471.50': 135.02580579257608, 'HeI_4713.17': 78.21190596793636, 'HeI_4921.93': 179.4128502325534, 'Hf': 2616.539131195875, 'Hn': 796.1215884416374}","{'HeI_3819.62': 360.44291067642826, 'HeI_4009.26': 100.29654460216116, 'HeI_4143.76': 132.30738662879267, 'HeI_4387.93': 190.5434176250578, 'HeI_4471.50': 178.77224380072673, 'HeI_4713.17': 98.45520030405012, 'HeI_4921.93': 223.64634871265787, 'Hf': 2614.624845539072, 'Hn': 805.6890643217828}","{'HeI_3819.62': 433.15369977618354, 'HeI_4009.26': 112.64210335217626, 'HeI_4143.76': 150.75371080032156, 'HeI_4387.93': 221.47331061796817, 'HeI_4471.50': 221.80970928333028, 'HeI_4713.17': 116.19659532009499, 'HeI_4921.93': 264.534964970088, 'Hf': 2615.85130579943, 'Hn': 819.7817623264804}","{'HeI_3819.62': 500.42991297188223, 'HeI_4009.26': 123.68603861341936, 'HeI_4143.76': 167.26475106582672, 'HeI_4387.93': 248.58992349113913, 'HeI_4471.50': 262.58014527608566, 'HeI_4713.17': 132.01010371756584, 'HeI_4921.93': 302.69291856753637, 'Hf': 2619.0402091535548, 'Hn': 838.3802988742307}"
T33000logg4.2,"{'HeI_3819.62': 99.33120648062672, 'HeI_4009.26': 25.814799599601542, 'HeI_4143.76': 38.63361113588297, 'HeI_4387.93': 31.34304604005262, 'HeI_4471.50': 132.69592395298218, 'HeI_4713.17': 61.51179159499775, 'HeI_4921.93': 69.4583652643589, 'Hf': 2972.7153501466537, 'Hn': 1065.005066874433}","{'HeI_3819.62': 34.53936261343392, 'HeI_4009.26': 16.236326701377322, 'HeI_4143.76': 17.01012060311808, 'HeI_4387.93': 10.964913662730002, 'HeI_4471.50': 69.10413782963671, 'HeI_4713.17': 16.67600268137873, 'HeI_4921.93': 21.66172971596583, 'Hf': 2965.712195474993, 'Hn': 1064.1571728172182}","{'HeI_3819.62': 40.7037935921665, 'HeI_4009.26': 19.515285531958913, 'HeI_4143.76': 20.559498154569066, 'HeI_4387.93': 19.50871767332345, 'HeI_4471.50': 51.274735154966265, 'HeI_4713.17': 14.536016681503586, 'HeI_4921.93': 27.310837709925877, 'Hf': 2960.645307569747, 'Hn': 1065.509814130496}","{'HeI_3819.62': 89.94475744803131, 'HeI_4009.26': 29.882782354182734, 'HeI_4143.76': 37.98176902584853, 'HeI_4387.93': 45.957177710861465, 'HeI_4471.50': 64.54046526175388, 'HeI_4713.17': 31.716091680532863, 'HeI_4921.93': 59.41876594790681, 'Hf': 2958.0273639197912, 'Hn': 1069.4946285652923}","{'HeI_3819.62': 161.00797210447615, 'HeI_4009.26': 43.583693749694895, 'HeI_4143.76': 60.90563804334152, 'HeI_4387.93': 81.05259043295294, 'HeI_4471.50': 95.97446104313818, 'HeI_4713.17': 54.86442527291396, 'HeI_4921.93': 101.85510569505746, 'Hf': 2957.5540285702405, 'Hn': 1076.2331029651996}","{'HeI_3819.62': 239.1162430818172, 'HeI_4009.26': 58.163475421626615, 'HeI_4143.76': 84.37084884036027, 'HeI_4387.93': 118.05113661559358, 'HeI_4471.50': 136.1661430295747, 'HeI_4713.17': 77.61532923546996, 'HeI_4921.93': 146.8888636626876, 'Hf': 2958.4026929709094, 'Hn': 1085.9576571896662}","{'HeI_3819.62': 316.408439309057, 'HeI_4009.26': 72.40024124931625, 'HeI_4143.76': 106.2363777849502, 'HeI_4387.93': 153.2064224236003, 'HeI_4471.50': 178.45003857543406, 'HeI_4713.17': 97.8873007645286, 'HeI_4921.93': 190.35683471669992, 'Hf': 2960.3820103128246, 'Hn': 1098.4846290906569}","{'HeI_3819.62': 389.63426961864997, 'HeI_4009.26': 85.78417340165628, 'HeI_4143.76': 126.04067529150926, 'HeI_4387.93': 184.99717243122566, 'HeI_4471.50': 220.2180401665412, 'HeI_4713.17': 115.65830220353958, 'HeI_4921.93': 231.38600675190762, 'Hf': 2963.6495233715054, 'Hn': 1113.9509686749632}","{'HeI_3819.62': 458.0893247141958, 'HeI_4009.26': 97.8968346370935, 'HeI_4143.76': 143.89469660168785, 'HeI_4387.93': 213.30936868645037, 'HeI_4471.50': 260.14240471725844, 'HeI_4713.17': 131.5228503489456, 'HeI_4921.93': 270.51976751729626, 'Hf': 2966.39753866664, 'Hn': 1132.4801257816932}"
T34000logg3.4,"{'HeI_3819.62': 777.2653645202228, 'HeI_4009.26': 337.3360300436061, 'HeI_4143.76': 446.31319440833454, 'HeI_4387.93': 823.7479840848117, 'HeI_4471.50': 275.91915278370993, 'HeI_4713.17': 99.09917066507118, 'HeI_4921.93': 1032.1207828868398, 'Hf': 701.5082055342004, 'Hn': 273.268387942635}","{'HeI_3819.62': 779.1490179205376, 'HeI_4009.26': 335.1285790180309, 'HeI_4143.76': 443.66331699741977, 'HeI_4387.93': 821.6313714012246, 'HeI_4471.50': 206.12261730488723, 'HeI_4713.17': 100.0550470725721, 'HeI_4921.93': 1018.2641658482927, 'Hf': 607.6046547023767, 'Hn': 203.86121904484642}","{'HeI_3819.62': 818.8907356617713, 'HeI_4009.26': 332.74157291383, 'HeI_4143.76': 440.71263228617636, 'HeI_4387.93': 819.6366974681221, 'HeI_4471.50': 198.45323337137933, 'HeI_4713.17': 115.52607479326481, 'HeI_4921.93': 1003.9506211917246, 'Hf': 529.5882712993765, 'Hn': 144.74633406102933}","{'HeI_3819.62': 874.5190063743147, 'HeI_4009.26': 330.3785873275712, 'HeI_4143.76': 437.75277822634416, 'HeI_4387.93': 817.6323948303162, 'HeI_4471.50': 224.5320232384486, 'HeI_4713.17': 135.9163537027648, 'HeI_4921.93': 989.7381243335049, 'Hf': 477.6474237133863, 'Hn': 103.0653526013049}","{'HeI_3819.62': 934.4364168001538, 'HeI_4009.26': 328.12096151662416, 'HeI_4143.76': 435.0718523803204, 'HeI_4387.93': 815.625195264835, 'HeI_4471.50': 266.9544798414974, 'HeI_4713.17': 155.9695716602414, 'HeI_4921.93': 976.2973505008367, 'Hf': 452.3273653547834, 'Hn': 80.44577935672623}","{'HeI_3819.62': 991.4215281751477, 'HeI_4009.26': 326.02293119183054, 'HeI_4143.76': 432.8235246105, 'HeI_4387.93': 813.6630600598062, 'HeI_4471.50': 314.79087547396426, 'HeI_4713.17': 173.6014713558494, 'HeI_4921.93': 964.068694329136, 'Hf': 449.6900287096696, 'Hn': 76.3504149575733}","{'HeI_3819.62': 1042.7779598869602, 'HeI_4009.26': 324.0576555335651, 'HeI_4143.76': 431.0284416826866, 'HeI_4387.93': 811.7607916544933, 'HeI_4471.50': 361.00359405755364, 'HeI_4713.17': 188.43259954107546, 'HeI_4921.93': 953.459517835353, 'Hf': 464.80450699705847, 'Hn': 88.70120706858121}","{'HeI_3819.62': 1088.2643511372069, 'HeI_4009.26': 322.1251828081988, 'HeI_4143.76': 429.6281720590918, 'HeI_4387.93': 809.9177618956193, 'HeI_4471.50': 403.8706335716949, 'HeI_4713.17': 200.94822490368654, 'HeI_4921.93': 944.2961916822335, 'Hf': 493.7500405103869, 'Hn': 115.01156662561804}","{'HeI_3819.62': 1128.7875674489478, 'HeI_4009.26': 320.1476580759849, 'HeI_4143.76': 428.5563803373712, 'HeI_4387.93': 808.1406191221758, 'HeI_4471.50': 442.97812057078994, 'HeI_4713.17': 211.75421658775636, 'HeI_4921.93': 936.3055148396357, 'Hf': 532.5580264839759, 'Hn': 153.56029422271004}"
T34000logg3.6,"{'HeI_3819.62': 497.58300593325043, 'HeI_4009.26': 308.08587997819944, 'HeI_4143.76': 387.73032634394275, 'HeI_4387.93': 662.351471919854, 'HeI_4471.50': 220.31953956679206, 'HeI_4713.17': 53.824456641793525, 'HeI_4921.93': 931.7202289250823, 'Hf': 1000.3538904100366, 'Hn': 185.39569170017276}","{'HeI_3819.62': 468.5453225835727, 'HeI_4009.26': 307.50785748250036, 'HeI_4143.76': 388.0696676744372, 'HeI_4387.93': 663.9702172352839, 'HeI_4471.50': 136.7280060621388, 'HeI_4713.17': 39.50103844739994, 'HeI_4921.93': 924.1933656824428, 'Hf': 955.7128147902913, 'Hn': 156.1840192729214}","{'HeI_3819.62': 501.114611880061, 'HeI_4009.26': 306.8989651391068, 'HeI_4143.76': 388.44604952386976, 'HeI_4387.93': 666.1687556363669, 'HeI_4471.50': 118.46219031706792, 'HeI_4713.17': 51.348492221603436, 'HeI_4921.93': 916.2425406450541, 'Hf': 917.6394084970253, 'Hn': 130.9169539561033}","{'HeI_3819.62': 562.830395202777, 'HeI_4009.26': 306.303130210779, 'HeI_4143.76': 388.82888599354084, 'HeI_4387.93': 668.5016201261154, 'HeI_4471.50': 138.22591788181893, 'HeI_4713.17': 73.32920019161902, 'HeI_4921.93': 908.2100368085673, 'Hf': 891.6381613829052, 'Hn': 113.77275731180968}","{'HeI_3819.62': 634.633283099092, 'HeI_4009.26': 305.710826627445, 'HeI_4143.76': 389.2200186111291, 'HeI_4387.93': 670.8058751203444, 'HeI_4471.50': 177.68357603641402, 'HeI_4713.17': 96.75275534562778, 'HeI_4921.93': 900.5931058482919, 'Hf': 878.9716724423058, 'Hn': 106.63480946010984}","{'HeI_3819.62': 705.0872525175406, 'HeI_4009.26': 305.0910750041897, 'HeI_4143.76': 389.6375121463717, 'HeI_4387.93': 672.9362548150045, 'HeI_4471.50': 224.76074736095146, 'HeI_4713.17': 118.05743823375268, 'HeI_4921.93': 893.6136883373229, 'Hf': 878.6599444823864, 'Hn': 110.23536866086471}","{'HeI_3819.62': 769.4997103164441, 'HeI_4009.26': 304.40228322254524, 'HeI_4143.76': 390.09929373032065, 'HeI_4387.93': 674.8569515848982, 'HeI_4471.50': 271.7061156323411, 'HeI_4713.17': 136.33087808203433, 'HeI_4921.93': 887.6583316414653, 'Hf': 889.2921327651998, 'Hn': 124.20548737969789}","{'HeI_3819.62': 827.0805531367864, 'HeI_4009.26': 303.5632844724234, 'HeI_4143.76': 390.6254983227611, 'HeI_4387.93': 676.6046210633175, 'HeI_4471.50': 316.152868218405, 'HeI_4713.17': 152.01782013445035, 'HeI_4921.93': 882.6337091127504, 'Hf': 909.4527885051298, 'Hn': 147.761495886272}","{'HeI_3819.62': 878.8165970691315, 'HeI_4009.26': 302.48352702426604, 'HeI_4143.76': 391.24190091219134, 'HeI_4387.93': 678.2536237643075, 'HeI_4471.50': 357.2330218817653, 'HeI_4713.17': 165.74796435250312, 'HeI_4921.93': 878.4230150957474, 'Hf': 936.9149559245996, 'Hn': 180.35786990664124}"
T34000logg3.8,"{'HeI_3819.62': 806.6944939770347, 'HeI_4009.26': 351.7096392560433, 'HeI_4143.76': 486.75599756315256, 'HeI_4387.93': 924.1106403907687, 'HeI_4471.50': 314.33316077263066, 'HeI_4713.17': 125.87830896249496, 'HeI_4921.93': 1316.5949881694946, 'Hf': 1035.5618784784783, 'Hn': 165.74446116526994}","{'HeI_3819.62': 819.991269995849, 'HeI_4009.26': 347.8985771103583, 'HeI_4143.76': 480.2587949805111, 'HeI_4387.93': 908.6971302622577, 'HeI_4471.50': 265.76870774672227, 'HeI_4713.17': 131.63321461407654, 'HeI_4921.93': 1274.9877873149208, 'Hf': 1010.8713007152571, 'Hn': 153.98697760746256}","{'HeI_3819.62': 858.7267174103534, 'HeI_4009.26': 343.8695857424378, 'HeI_4143.76': 473.526803953983, 'HeI_4387.93': 892.249963632175, 'HeI_4471.50': 270.2940367002705, 'HeI_4713.17': 146.54887390994392, 'HeI_4921.93': 1235.7651111142973, 'Hf': 992.1279817921696, 'Hn': 147.31095835636972}","{'HeI_3819.62': 907.6803321686391, 'HeI_4009.26': 339.9638029857027, 'HeI_4143.76': 467.09774797727823, 'HeI_4387.93': 876.2251842066582, 'HeI_4471.50': 302.2192691810384, 'HeI_4713.17': 164.1763558826545, 'HeI_4921.93': 1199.0820697002039, 'Hf': 981.9966989587629, 'Hn': 147.63541797023834}","{'HeI_3819.62': 958.5815725619935, 'HeI_4009.26': 336.3690892484299, 'HeI_4143.76': 461.6773887544812, 'HeI_4387.93': 861.5307948016664, 'HeI_4471.50': 346.24847939648953, 'HeI_4713.17': 180.87569883605542, 'HeI_4921.93': 1165.7324311016353, 'Hf': 981.3301438160795, 'Hn': 155.48193722281172}","{'HeI_3819.62': 1006.3204093567476, 'HeI_4009.26': 333.22246339451107, 'HeI_4143.76': 457.62190405145213, 'HeI_4387.93': 848.7188271042089, 'HeI_4471.50': 393.2879044519437, 'HeI_4713.17': 195.48715359657956, 'HeI_4921.93': 1135.7826490148432, 'Hf': 989.633777803031, 'Hn': 170.85314690395597}","{'HeI_3819.62': 1048.6529025986315, 'HeI_4009.26': 330.51251542363457, 'HeI_4143.76': 454.9736017360775, 'HeI_4387.93': 838.0665199818199, 'HeI_4471.50': 437.5520396316501, 'HeI_4713.17': 207.65437331144878, 'HeI_4921.93': 1110.2779341916553, 'Hf': 1005.5106576097616, 'Hn': 193.09222694618464}","{'HeI_3819.62': 1085.6683121004182, 'HeI_4009.26': 328.134266380339, 'HeI_4143.76': 453.5608452607, 'HeI_4387.93': 829.4021330971609, 'HeI_4471.50': 477.877968602054, 'HeI_4713.17': 217.87450328816982, 'HeI_4921.93': 1088.3478927862075, 'Hf': 1027.3163770725916, 'Hn': 221.75740183984587}","{'HeI_3819.62': 1118.3206726684023, 'HeI_4009.26': 326.00364138497594, 'HeI_4143.76': 453.2035516859852, 'HeI_4387.93': 822.3995460317379, 'HeI_4471.50': 514.0791966184669, 'HeI_4713.17': 226.62857987826246, 'HeI_4921.93': 1069.0762686270234, 'Hf': 1053.3545111762605, 'Hn': 256.7112914714322}"
T34000logg4.0,"{'HeI_3819.62': 188.10320788489247, 'HeI_4009.26': 102.48006713003873, 'HeI_4143.76': 112.92515611779527, 'HeI_4387.93': 152.5063262732757, 'HeI_4471.50': 164.63442881068187, 'HeI_4713.17': 60.047136539516465, 'HeI_4921.93': 186.7405531684797, 'Hf': 2149.4013417752362, 'Hn': 556.3057679179846}","{'HeI_3819.62': 118.49308549372401, 'HeI_4009.26': 105.32946042874077, 'HeI_4143.76': 114.94399360323207, 'HeI_4387.93': 160.11254635616197, 'HeI_4471.50': 83.42086818167128, 'HeI_4713.17': 17.0539608166119, 'HeI_4921.93': 191.2553252527714, 'Hf': 2129.2179686816908, 'Hn': 546.505681150957}","{'HeI_3819.62': 129.02910751778143, 'HeI_4009.26': 113.41972036693221, 'HeI_4143.76': 127.71706218871088, 'HeI_4387.93': 182.4961561715651, 'HeI_4471.50': 58.954538303192045, 'HeI_4713.17': 16.669112030878736, 'HeI_4921.93': 218.09794795431787, 'Hf': 2113.355480261454, 'Hn': 539.3545774800934}","{'HeI_3819.62': 184.72253888557788, 'HeI_4009.26': 123.86229496811441, 'HeI_4143.76': 145.52421826322072, 'HeI_4387.93': 212.54769566082223, 'HeI_4471.50': 71.7351492208959, 'HeI_4713.17': 34.97328935204109, 'HeI_4921.93': 255.3758357420547, 'Hf': 2103.8831432960515, 'Hn': 536.5806768061208}","{'HeI_3819.62': 260.4869386502882, 'HeI_4009.26': 134.93606466238657, 'HeI_4143.76': 164.30900072328814, 'HeI_4387.93': 245.0653545803018, 'HeI_4471.50': 105.33997192931447, 'HeI_4713.17': 58.54480095688181, 'HeI_4921.93': 295.2990830421017, 'Hf': 2100.574009073261, 'Hn': 539.17952346313}","{'HeI_3819.62': 340.5718060469937, 'HeI_4009.26': 145.56794438619525, 'HeI_4143.76': 182.03702720708017, 'HeI_4387.93': 276.5534657826212, 'HeI_4471.50': 148.29123483767597, 'HeI_4713.17': 81.53096156838468, 'HeI_4921.93': 334.37436061977536, 'Hf': 2102.301580595925, 'Hn': 547.3524064014659}","{'HeI_3819.62': 417.2140705161041, 'HeI_4009.26': 155.2685316084016, 'HeI_4143.76': 197.74705242601604, 'HeI_4387.93': 304.932846155988, 'HeI_4471.50': 193.01799314502523, 'HeI_4713.17': 101.77706862699988, 'HeI_4921.93': 369.8900808156196, 'Hf': 2108.464390653784, 'Hn': 561.2804622167748}","{'HeI_3819.62': 487.9932157798491, 'HeI_4009.26': 163.9046447063997, 'HeI_4143.76': 211.57984762970224, 'HeI_4387.93': 329.79990010165693, 'HeI_4471.50': 236.60938441408916, 'HeI_4713.17': 119.45421087183364, 'HeI_4921.93': 402.0389052259782, 'Hf': 2118.835231951795, 'Hn': 580.655680208371}","{'HeI_3819.62': 552.9963945528531, 'HeI_4009.26': 171.44577047946453, 'HeI_4143.76': 223.87518822699016, 'HeI_4387.93': 351.4881671400961, 'HeI_4471.50': 277.6857248158718, 'HeI_4713.17': 135.18886337330176, 'HeI_4921.93': 431.61459556782785, 'Hf': 2132.1777360734923, 'Hn': 605.326720990674}"
T34000logg4.2,"{'HeI_3819.62': 118.15352378531668, 'HeI_4009.26': 48.862305024005366, 'HeI_4143.76': 54.10830362906516, 'HeI_4387.93': 52.00066269319687, 'HeI_4471.50': 134.8637604443991, 'HeI_4713.17': 57.177484273239024, 'HeI_4921.93': 75.75759277159185, 'Hf': 2592.262675365244, 'Hn': 794.3227263193206}","{'HeI_3819.62': 57.86492252119967, 'HeI_4009.26': 47.99179722243229, 'HeI_4143.76': 47.49141869580499, 'HeI_4387.93': 50.23877693838652, 'HeI_4471.50': 69.87189851860731, 'HeI_4713.17': 15.907806806584775, 'HeI_4921.93': 60.94459354368794, 'Hf': 2584.844119276451, 'Hn': 793.2386901383244}","{'HeI_3819.62': 68.70300204855953, 'HeI_4009.26': 55.311481738255516, 'HeI_4143.76': 57.80769840931739, 'HeI_4387.93': 68.64707709287596, 'HeI_4471.50': 51.84135701525457, 'HeI_4713.17': 15.747445019881564, 'HeI_4921.93': 81.1924699418177, 'Hf': 2580.029498646358, 'Hn': 794.6153258177281}","{'HeI_3819.62': 121.64450858571357, 'HeI_4009.26': 66.83062620085394, 'HeI_4143.76': 76.9562932630429, 'HeI_4387.93': 99.03496568012575, 'HeI_4471.50': 65.61426138241184, 'HeI_4713.17': 33.86852075142514, 'HeI_4921.93': 118.97910773386094, 'Hf': 2578.47794842454, 'Hn': 799.2531152802375}","{'HeI_3819.62': 195.03660648538, 'HeI_4009.26': 80.03610840826028, 'HeI_4143.76': 99.05735644250973, 'HeI_4387.93': 134.73274651901303, 'HeI_4471.50': 97.8265601139464, 'HeI_4713.17': 57.37771806364618, 'HeI_4921.93': 163.1796497942579, 'Hf': 2579.93391239022, 'Hn': 807.5765639754103}","{'HeI_3819.62': 273.9847437099291, 'HeI_4009.26': 93.19667261977, 'HeI_4143.76': 120.62229449352535, 'HeI_4387.93': 170.54217233428545, 'HeI_4471.50': 138.80595655054458, 'HeI_4713.17': 80.19808230795654, 'HeI_4921.93': 207.8699620334722, 'Hf': 2583.4075464205207, 'Hn': 819.965708497642}","{'HeI_3819.62': 351.01158090514707, 'HeI_4009.26': 105.53871743485823, 'HeI_4143.76': 140.2562249623976, 'HeI_4387.93': 203.6696569084709, 'HeI_4471.50': 181.69543233339738, 'HeI_4713.17': 100.41710060643483, 'HeI_4921.93': 249.85841228649548, 'Hf': 2588.6590253841823, 'Hn': 836.125346218848}","{'HeI_3819.62': 423.24652030622474, 'HeI_4009.26': 116.8149031335591, 'HeI_4143.76': 157.81252757114467, 'HeI_4387.93': 233.16948095751246, 'HeI_4471.50': 223.898523152838, 'HeI_4713.17': 118.1101196276914, 'HeI_4921.93': 288.7017628105066, 'Hf': 2595.7928762299657, 'Hn': 856.0359553023387}","{'HeI_3819.62': 490.2541108366739, 'HeI_4009.26': 126.78060945263253, 'HeI_4143.76': 173.55975918125154, 'HeI_4387.93': 259.23138526538014, 'HeI_4471.50': 264.18958286524264, 'HeI_4713.17': 133.9148068881632, 'HeI_4921.93': 325.1058965252429, 'Hf': 2603.2108326749226, 'Hn': 879.6784978717974}"
T34000logg4.4,"{'HeI_3819.62': 80.62410942046266, 'HeI_4009.26': 24.143151548906886, 'HeI_4143.76': 33.302970882956096, 'HeI_4387.93': 21.732832330008243, 'HeI_4471.50': 125.54594921250697, 'HeI_4713.17': 53.967458158455784, 'HeI_4921.93': 48.77504409180226, 'Hf': 3021.639166071695, 'Hn': 1048.7217617154693}","{'HeI_3819.62': 35.298965906689475, 'HeI_4009.26': 21.257322997226925, 'HeI_4143.76': 21.5051336388883, 'HeI_4387.93': 15.77182078575799, 'HeI_4471.50': 70.23276809171303, 'HeI_4713.17': 15.009568894439141, 'HeI_4921.93': 23.243550209105788, 'Hf': 3022.770283293581, 'Hn': 1053.3484025350363}","{'HeI_3819.62': 49.90967121755027, 'HeI_4009.26': 27.323093221025413, 'HeI_4143.76': 28.909389902469492, 'HeI_4387.93': 30.65186739953662, 'HeI_4471.50': 55.82024240040902, 'HeI_4713.17': 15.390909392234352, 'HeI_4921.93': 36.92976429907408, 'Hf': 3027.5495347059014, 'Hn': 1060.9870013544837}","{'HeI_3819.62': 101.81639141926149, 'HeI_4009.26': 38.439559929405796, 'HeI_4143.76': 47.14300828218601, 'HeI_4387.93': 58.74440553232095, 'HeI_4471.50': 69.85287031527047, 'HeI_4713.17': 33.526649941868705, 'HeI_4921.93': 71.28480542098814, 'Hf': 3035.4798546575485, 'Hn': 1071.663571479159}","{'HeI_3819.62': 172.63940441286434, 'HeI_4009.26': 51.866287870618926, 'HeI_4143.76': 69.49621223345233, 'HeI_4387.93': 93.07241497168381, 'HeI_4471.50': 100.70707541334082, 'HeI_4713.17': 56.82269097773725, 'HeI_4921.93': 113.89671966760532, 'Hf': 3045.545820139381, 'Hn': 1085.2751853914563}","{'HeI_3819.62': 249.88552109245046, 'HeI_4009.26': 65.76271495974547, 'HeI_4143.76': 92.24410771123344, 'HeI_4387.93': 128.81467415646594, 'HeI_4471.50': 139.78821409805124, 'HeI_4713.17': 79.67189115875976, 'HeI_4921.93': 158.87908524235195, 'Hf': 3056.4710350169275, 'Hn': 1101.440578858079}","{'HeI_3819.62': 325.8490244806774, 'HeI_4009.26': 79.10977614712566, 'HeI_4143.76': 113.28334714040932, 'HeI_4387.93': 162.50274481998798, 'HeI_4471.50': 180.97262748366654, 'HeI_4713.17': 99.87465051362885, 'HeI_4921.93': 202.0246763466033, 'Hf': 3067.3281729982887, 'Hn': 1119.955186397018}","{'HeI_3819.62': 397.6429510690151, 'HeI_4009.26': 91.4901063024427, 'HeI_4143.76': 132.3241609816133, 'HeI_4387.93': 193.02442101097833, 'HeI_4471.50': 221.6665427019846, 'HeI_4713.17': 117.54961181217578, 'HeI_4921.93': 242.64037509577415, 'Hf': 3078.0547752808516, 'Hn': 1140.6758757459131}","{'HeI_3819.62': 464.6695536060566, 'HeI_4009.26': 102.71621448171713, 'HeI_4143.76': 149.4649141878594, 'HeI_4387.93': 220.30849087062649, 'HeI_4471.50': 260.52468383663154, 'HeI_4713.17': 133.2763500963654, 'HeI_4921.93': 281.07981510643395, 'Hf': 3087.859403491088, 'Hn': 1163.608898566927}"
T35000logg3.4,"{'HeI_3819.62': 1112.3831452717557, 'HeI_4009.26': 339.09020289839685, 'HeI_4143.76': 453.46086762046895, 'HeI_4387.93': 870.2763401851671, 'HeI_4471.50': 355.0550736597939, 'HeI_4713.17': 187.3584349966976, 'HeI_4921.93': 1041.4166968871275, 'Hf': 541.1611977596597, 'Hn': 283.4743601099779}","{'HeI_3819.62': 1130.379988879329, 'HeI_4009.26': 337.26876265838223, 'HeI_4143.76': 450.5945902124779, 'HeI_4387.93': 866.5263419297305, 'HeI_4471.50': 322.2062861219356, 'HeI_4713.17': 194.76353119299827, 'HeI_4921.93': 1026.0891690944145, 'Hf': 453.0495913915743, 'Hn': 215.7234923999879}","{'HeI_3819.62': 1164.685236591723, 'HeI_4009.26': 335.2671810337027, 'HeI_4143.76': 447.4221764618241, 'HeI_4387.93': 862.5691979702924, 'HeI_4471.50': 333.16325105179067, 'HeI_4713.17': 207.84353833697642, 'HeI_4921.93': 1010.4587878755733, 'Hf': 379.5561574512644, 'Hn': 159.42112680007503}","{'HeI_3819.62': 1204.7977692115799, 'HeI_4009.26': 333.27593629070293, 'HeI_4143.76': 444.2551416181458, 'HeI_4387.93': 858.5554218069926, 'HeI_4471.50': 366.4912416984241, 'HeI_4713.17': 222.3412635462511, 'HeI_4921.93': 995.1115335860297, 'Hf': 330.4312442476463, 'Hn': 121.48328751901398}","{'HeI_3819.62': 1245.356809093286, 'HeI_4009.26': 331.3823948965971, 'HeI_4143.76': 441.4075176266805, 'HeI_4387.93': 854.6335028962279, 'HeI_4471.50': 409.66725369977667, 'HeI_4713.17': 235.8253587492058, 'HeI_4921.93': 980.7198020117017, 'Hf': 307.88391416114655, 'Hn': 103.32463852769625}","{'HeI_3819.62': 1282.7633694602052, 'HeI_4009.26': 329.64851855645924, 'HeI_4143.76': 439.0527365372725, 'HeI_4387.93': 850.9848712352574, 'HeI_4471.50': 455.0008061134465, 'HeI_4713.17': 247.3956393975124, 'HeI_4921.93': 967.7283765970795, 'Hf': 309.27706092962865, 'Hn': 104.13350283017385}","{'HeI_3819.62': 1315.8329967934658, 'HeI_4009.26': 328.05175430942376, 'HeI_4143.76': 437.2119804505768, 'HeI_4387.93': 847.6877478489095, 'HeI_4471.50': 497.2411688874244, 'HeI_4713.17': 257.00065800742686, 'HeI_4921.93': 956.5397922340437, 'Hf': 329.8371918902583, 'Hn': 121.48936674002586}","{'HeI_3819.62': 1344.7169668128447, 'HeI_4009.26': 326.51287149206127, 'HeI_4143.76': 435.8227895548302, 'HeI_4387.93': 844.7372777462826, 'HeI_4471.50': 535.5985462836635, 'HeI_4713.17': 265.0322897827841, 'HeI_4921.93': 946.916609391928, 'Hf': 365.1100651633494, 'Hn': 152.68374484632693}","{'HeI_3819.62': 1370.1546664718314, 'HeI_4009.26': 324.97526101381777, 'HeI_4143.76': 434.8128894392231, 'HeI_4387.93': 842.0944380821909, 'HeI_4471.50': 570.1080709358673, 'HeI_4713.17': 271.91070263409426, 'HeI_4921.93': 938.5196062470231, 'Hf': 410.68915937169334, 'Hn': 195.89284410333929}"
T35000logg3.6,"{'HeI_3819.62': 626.0330386835469, 'HeI_4009.26': 335.9969449202708, 'HeI_4143.76': 431.18262474321324, 'HeI_4387.93': 777.5922042668793, 'HeI_4471.50': 247.3083806605989, 'HeI_4713.17': 72.5469791160446, 'HeI_4921.93': 1042.560248350038, 'Hf': 925.408709269139, 'Hn': 192.82549853458153}","{'HeI_3819.62': 615.9969082978474, 'HeI_4009.26': 334.04834477891785, 'HeI_4143.76': 428.6893626191283, 'HeI_4387.93': 774.3215631487113, 'HeI_4471.50': 171.50206878100977, 'HeI_4713.17': 68.23069976938234, 'HeI_4921.93': 1027.4906386732257, 'Hf': 865.4757588495203, 'Hn': 153.8447610881519}","{'HeI_3819.62': 653.7777462685203, 'HeI_4009.26': 331.93078381611843, 'HeI_4143.76': 425.8952536119638, 'HeI_4387.93': 770.985235181769, 'HeI_4471.50': 159.15113286628784, 'HeI_4713.17': 82.87306907878856, 'HeI_4921.93': 1012.0095154740972, 'Hf': 814.1405419377012, 'Hn': 120.33668992565525}","{'HeI_3819.62': 713.149878740031, 'HeI_4009.26': 329.83793289323523, 'HeI_4143.76': 423.1001934430552, 'HeI_4387.93': 767.6766678335902, 'HeI_4471.50': 182.47970648934836, 'HeI_4713.17': 104.35699256914721, 'HeI_4921.93': 996.7536293139265, 'Hf': 778.3138331118001, 'Hn': 97.20047169156798}","{'HeI_3819.62': 778.9211928420664, 'HeI_4009.26': 327.8585525573517, 'HeI_4143.76': 420.59568967597954, 'HeI_4387.93': 764.540971762002, 'HeI_4471.50': 223.67880490168196, 'HeI_4713.17': 125.9891362833272, 'HeI_4921.93': 982.4885728261128, 'Hf': 759.3568170550238, 'Hn': 86.25890457017172}","{'HeI_3819.62': 842.2883392580504, 'HeI_4009.26': 326.03096551105006, 'HeI_4143.76': 418.5128257672743, 'HeI_4387.93': 761.6993648766955, 'HeI_4471.50': 271.2931240744922, 'HeI_4713.17': 145.43048865503818, 'HeI_4921.93': 969.4419096809237, 'Hf': 755.6914548922996, 'Hn': 87.66120394919608}","{'HeI_3819.62': 899.4362848814706, 'HeI_4009.26': 324.33256035776185, 'HeI_4143.76': 416.90165851474103, 'HeI_4387.93': 759.2599615555673, 'HeI_4471.50': 318.0511386766025, 'HeI_4713.17': 161.87010625277802, 'HeI_4921.93': 958.2266094701297, 'Hf': 765.1549121025056, 'Hn': 100.9186890131616}","{'HeI_3819.62': 950.1082188062961, 'HeI_4009.26': 322.67491701254954, 'HeI_4143.76': 415.7021139537626, 'HeI_4387.93': 757.2141027797638, 'HeI_4471.50': 361.81891013533374, 'HeI_4713.17': 175.8677738264102, 'HeI_4921.93': 948.5737551140028, 'Hf': 785.3346918488423, 'Hn': 124.81386883941587}","{'HeI_3819.62': 995.2993111780727, 'HeI_4009.26': 320.96869892945375, 'HeI_4143.76': 414.8550296532628, 'HeI_4387.93': 755.5340271901069, 'HeI_4471.50': 401.88658722269224, 'HeI_4713.17': 188.00360658837673, 'HeI_4921.93': 940.1798630755366, 'Hf': 813.8619741338351, 'Hn': 158.46365287845848}"
T35000logg3.8,"{'HeI_3819.62': 399.03510095165245, 'HeI_4009.26': 285.783134141039, 'HeI_4143.76': 362.00198498811153, 'HeI_4387.93': 631.8259838135926, 'HeI_4471.50': 203.8587047537113, 'HeI_4713.17': 49.865558789005824, 'HeI_4921.93': 945.1110466577338, 'Hf': 1370.7425435794698, 'Hn': 270.0769803707663}","{'HeI_3819.62': 362.6889747267796, 'HeI_4009.26': 285.99539271016465, 'HeI_4143.76': 363.42344228049274, 'HeI_4387.93': 634.9550891409052, 'HeI_4471.50': 125.16769394189714, 'HeI_4713.17': 30.393483839652486, 'HeI_4921.93': 935.0365652650327, 'Hf': 1341.5865932521415, 'Hn': 252.3057844151453}","{'HeI_3819.62': 391.9294097641172, 'HeI_4009.26': 286.2481903245581, 'HeI_4143.76': 365.0883529476063, 'HeI_4387.93': 638.8583509881294, 'HeI_4471.50': 107.80384153132897, 'HeI_4713.17': 40.40520031084412, 'HeI_4921.93': 924.880300067267, 'Hf': 1316.3288615974434, 'Hn': 237.59351958097432}","{'HeI_3819.62': 453.6813663100965, 'HeI_4009.26': 286.53178563826214, 'HeI_4143.76': 366.80588285202583, 'HeI_4387.93': 642.9842081889549, 'HeI_4471.50': 127.05508930639262, 'HeI_4713.17': 62.14796802875933, 'HeI_4921.93': 914.9237357359165, 'Hf': 1298.5809460332791, 'Hn': 228.79683567186373}","{'HeI_3819.62': 527.6270719427861, 'HeI_4009.26': 286.811876198028, 'HeI_4143.76': 368.4622998862136, 'HeI_4387.93': 647.0500993701236, 'HeI_4471.50': 165.68739617463604, 'HeI_4713.17': 86.07650639849528, 'HeI_4921.93': 905.680456500855, 'Hf': 1289.191226773258, 'Hn': 227.30487924134354}","{'HeI_3819.62': 600.8987056363743, 'HeI_4009.26': 287.0328671722201, 'HeI_4143.76': 369.98817544835526, 'HeI_4387.93': 650.7553706131274, 'HeI_4471.50': 212.17108791794362, 'HeI_4713.17': 107.99638940774354, 'HeI_4921.93': 897.5073414602331, 'Hf': 1287.7512424759602, 'Hn': 233.82928843086225}","{'HeI_3819.62': 668.476666125028, 'HeI_4009.26': 287.15366565099066, 'HeI_4143.76': 371.38400006290203, 'HeI_4387.93': 654.00788636118, 'HeI_4471.50': 258.7579057495918, 'HeI_4713.17': 126.93242067391513, 'HeI_4921.93': 890.6810863507675, 'Hf': 1293.6809371656234, 'Hn': 248.11966776435372}","{'HeI_3819.62': 729.3522444514942, 'HeI_4009.26': 287.1102962443358, 'HeI_4143.76': 372.68583583015834, 'HeI_4387.93': 656.8404447679673, 'HeI_4471.50': 303.0767873773846, 'HeI_4713.17': 143.23291303475136, 'HeI_4921.93': 885.0158402464842, 'Hf': 1306.3730590665946, 'Hn': 269.83675548912936}","{'HeI_3819.62': 784.084701631395, 'HeI_4009.26': 286.84988837304877, 'HeI_4143.76': 373.95140551424583, 'HeI_4387.93': 659.3697855223014, 'HeI_4471.50': 344.33448820328766, 'HeI_4713.17': 157.54018192316815, 'HeI_4921.93': 880.2707402015392, 'Hf': 1324.2350055083434, 'Hn': 298.7532371596455}"
T35000logg4.0,"{'HeI_3819.62': 725.3862905323284, 'HeI_4009.26': 320.36121057060456, 'HeI_4143.76': 457.2199600997945, 'HeI_4387.93': 863.0705419539258, 'HeI_4471.50': 292.4681072021234, 'HeI_4713.17': 114.91737649809751, 'HeI_4921.93': 1123.1237923540384, 'Hf': 1200.9367582167483, 'Hn': 219.93323061095649}","{'HeI_3819.62': 738.1642425295115, 'HeI_4009.26': 318.06047468506983, 'HeI_4143.76': 453.15071958316037, 'HeI_4387.93': 851.4375131592333, 'HeI_4471.50': 241.1309048236614, 'HeI_4713.17': 119.73334510535423, 'HeI_4921.93': 1100.7628068414867, 'Hf': 1184.1183802524697, 'Hn': 216.9872172725511}","{'HeI_3819.62': 776.9697385500406, 'HeI_4009.26': 315.5472119673568, 'HeI_4143.76': 448.9107626981715, 'HeI_4387.93': 838.7388608134603, 'HeI_4471.50': 243.35646412191426, 'HeI_4713.17': 134.931137781868, 'HeI_4921.93': 1078.7551617602958, 'Hf': 1174.733795246836, 'Hn': 220.07517371003144}","{'HeI_3819.62': 826.37231721068, 'HeI_4009.26': 313.0754742019468, 'HeI_4143.76': 444.9746264967633, 'HeI_4387.93': 826.2139828124175, 'HeI_4471.50': 273.99027432104054, 'HeI_4713.17': 153.2895514426698, 'HeI_4921.93': 1057.6611324266667, 'Hf': 1173.6098575962642, 'Hn': 230.08764305198338}","{'HeI_3819.62': 877.5955403960788, 'HeI_4009.26': 310.78623560205733, 'HeI_4143.76': 441.947562640016, 'HeI_4387.93': 814.6908056863606, 'HeI_4471.50': 317.7497345549752, 'HeI_4713.17': 170.76241594168783, 'HeI_4921.93': 1038.1851303379399, 'Hf': 1181.234562855412, 'Hn': 246.74361994425644}","{'HeI_3819.62': 926.0056347410584, 'HeI_4009.26': 308.75389232692305, 'HeI_4143.76': 440.1329116674715, 'HeI_4387.93': 804.464937281926, 'HeI_4471.50': 365.23902208008855, 'HeI_4713.17': 186.12975600333917, 'HeI_4921.93': 1020.5259589896883, 'Hf': 1196.178164466975, 'Hn': 269.62737140750977}","{'HeI_3819.62': 968.7014158084125, 'HeI_4009.26': 306.98841655834656, 'HeI_4143.76': 439.6276365851526, 'HeI_4387.93': 796.0799268173246, 'HeI_4471.50': 410.4902332066676, 'HeI_4713.17': 198.95517179788052, 'HeI_4921.93': 1005.2799202258748, 'Hf': 1216.390257903377, 'Hn': 297.58475565546655}","{'HeI_3819.62': 1005.9593523401858, 'HeI_4009.26': 305.416770626099, 'HeI_4143.76': 440.3141389061819, 'HeI_4387.93': 789.3820656890022, 'HeI_4471.50': 451.94551526983247, 'HeI_4713.17': 209.73892292568618, 'HeI_4921.93': 992.0190355822907, 'Hf': 1239.6680241482868, 'Hn': 330.13041156123194}","{'HeI_3819.62': 1038.7729732524474, 'HeI_4009.26': 303.9821541139859, 'HeI_4143.76': 442.0603050974467, 'HeI_4387.93': 784.1366237821201, 'HeI_4471.50': 489.25434174817116, 'HeI_4713.17': 218.93961653559998, 'HeI_4921.93': 980.2560329724786, 'Hf': 1264.3926129872991, 'Hn': 367.0697681675231}"
T35000logg4.2,"{'HeI_3819.62': 862.345073170001, 'HeI_4009.26': 286.3135461508162, 'HeI_4143.76': 409.44159230955, 'HeI_4387.93': 755.5108139872522, 'HeI_4471.50': 326.9152969394821, 'HeI_4713.17': 175.89402397990042, 'HeI_4921.93': 964.5570735761435, 'Hf': 1660.9888115792662, 'Hn': 404.80917460075216}","{'HeI_3819.62': 881.6496889760658, 'HeI_4009.26': 285.32146194121697, 'HeI_4143.76': 407.74012470584233, 'HeI_4387.93': 749.0343367913042, 'HeI_4471.50': 310.79255732495903, 'HeI_4713.17': 183.366178534936, 'HeI_4921.93': 954.1549323023644, 'Hf': 1656.491091813458, 'Hn': 408.98744231124317}","{'HeI_3819.62': 912.4151407861928, 'HeI_4009.26': 284.2049192720998, 'HeI_4143.76': 405.94872022844385, 'HeI_4387.93': 741.8779508983216, 'HeI_4471.50': 328.1230686735972, 'HeI_4713.17': 195.12537086820666, 'HeI_4921.93': 943.4550743858421, 'Hf': 1656.6873533226922, 'Hn': 417.7872324006602}","{'HeI_3819.62': 947.2944177512693, 'HeI_4009.26': 283.09829952950633, 'HeI_4143.76': 404.3229133722528, 'HeI_4387.93': 734.7660813494581, 'HeI_4471.50': 362.80660405305827, 'HeI_4713.17': 207.81414210999412, 'HeI_4921.93': 933.0134757194592, 'Hf': 1661.8474672961772, 'Hn': 431.5015880380834}","{'HeI_3819.62': 981.9661252873161, 'HeI_4009.26': 282.07205709287524, 'HeI_4143.76': 403.18833998219344, 'HeI_4387.93': 728.2210686064744, 'HeI_4471.50': 404.9181546669982, 'HeI_4713.17': 219.4469441089721, 'HeI_4921.93': 923.3209663478863, 'Hf': 1672.264198627302, 'Hn': 449.92235953800053}","{'HeI_3819.62': 1014.2349451484656, 'HeI_4009.26': 281.15806212779927, 'HeI_4143.76': 402.74699804654585, 'HeI_4387.93': 722.4810679662775, 'HeI_4471.50': 448.2875241292352, 'HeI_4713.17': 229.52700833101594, 'HeI_4921.93': 914.5298586796772, 'Hf': 1686.8922642879004, 'Hn': 472.9477655633301}","{'HeI_3819.62': 1042.426485074065, 'HeI_4009.26': 280.35661013406474, 'HeI_4143.76': 403.06749778853043, 'HeI_4387.93': 717.9230348854186, 'HeI_4471.50': 488.73992796951893, 'HeI_4713.17': 237.86472396381538, 'HeI_4921.93': 906.9639241077458, 'Hf': 1704.6019192539586, 'Hn': 499.6927064040882}","{'HeI_3819.62': 1066.8564615693058, 'HeI_4009.26': 279.6238164135922, 'HeI_4143.76': 404.1127330991296, 'HeI_4387.93': 714.4880636495061, 'HeI_4471.50': 525.4293573204715, 'HeI_4713.17': 244.83092277744478, 'HeI_4921.93': 900.4118042091957, 'Hf': 1723.9239164223331, 'Hn': 529.9083959845439}","{'HeI_3819.62': 1088.1741017613544, 'HeI_4009.26': 278.9268951365929, 'HeI_4143.76': 405.82836440339446, 'HeI_4387.93': 712.0420386886135, 'HeI_4471.50': 558.3476665170652, 'HeI_4713.17': 250.74391715537354, 'HeI_4921.93': 894.6325589175343, 'Hf': 1743.6240486597023, 'Hn': 563.5300630116213}"
T36000logg3.6,"{'HeI_3819.62': 815.0060485039699, 'HeI_4009.26': 321.3769443541198, 'HeI_4143.76': 423.4367447610751, 'HeI_4387.93': 788.1291919234762, 'HeI_4471.50': 265.5872258227058, 'HeI_4713.17': 111.37590231564606, 'HeI_4921.93': 961.0128394661846, 'Hf': 976.3158197933496, 'Hn': 232.8974399541789}","{'HeI_3819.62': 824.0246488233246, 'HeI_4009.26': 320.14398083133045, 'HeI_4143.76': 421.5823556076336, 'HeI_4387.93': 785.234133884587, 'HeI_4471.50': 211.1167799686091, 'HeI_4713.17': 115.25267036918461, 'HeI_4921.93': 951.9651513648964, 'Hf': 898.6933288090115, 'Hn': 183.14136210952557}","{'HeI_3819.62': 863.4483483838968, 'HeI_4009.26': 318.77049145896683, 'HeI_4143.76': 419.47990768804414, 'HeI_4387.93': 782.3125769822276, 'HeI_4471.50': 210.2309104295592, 'HeI_4713.17': 130.55265287713092, 'HeI_4921.93': 942.3262244526111, 'Hf': 829.6269334367906, 'Hn': 139.5184463269407}","{'HeI_3819.62': 915.6095867462686, 'HeI_4009.26': 317.39597319820643, 'HeI_4143.76': 417.3692918736788, 'HeI_4387.93': 779.3837309238013, 'HeI_4471.50': 238.7058853943902, 'HeI_4713.17': 149.48733747849053, 'HeI_4921.93': 932.6503678271391, 'Hf': 777.6713220268595, 'Hn': 107.80927264471256}","{'HeI_3819.62': 970.3274916333338, 'HeI_4009.26': 316.08484722519796, 'HeI_4143.76': 415.48660773358836, 'HeI_4387.93': 776.5515826311844, 'HeI_4471.50': 281.45159669130277, 'HeI_4713.17': 167.63323983508795, 'HeI_4921.93': 923.4844618936563, 'Hf': 745.447954713979, 'Hn': 90.03195102560261}","{'HeI_3819.62': 1021.9524489150875, 'HeI_4009.26': 314.85528392411425, 'HeI_4143.76': 413.91775933530204, 'HeI_4387.93': 773.8937231497167, 'HeI_4471.50': 328.7348949745065, 'HeI_4713.17': 183.64714829995134, 'HeI_4921.93': 915.0381876199864, 'Hf': 731.322385198611, 'Hn': 86.18329849021843}","{'HeI_3819.62': 1067.8029042064406, 'HeI_4009.26': 313.6992860183893, 'HeI_4143.76': 412.7277462909787, 'HeI_4387.93': 771.5665889401744, 'HeI_4471.50': 374.28602522114136, 'HeI_4713.17': 197.05858734167677, 'HeI_4921.93': 907.7240974538229, 'Hf': 732.9564588740145, 'Hn': 95.75222731281383}","{'HeI_3819.62': 1108.0666191616092, 'HeI_4009.26': 312.54992105899066, 'HeI_4143.76': 411.8685386437842, 'HeI_4387.93': 769.5747679227702, 'HeI_4471.50': 416.4171356903132, 'HeI_4713.17': 208.4098211268201, 'HeI_4921.93': 901.4285466426294, 'Hf': 746.9295880957617, 'Hn': 117.23008459758786}","{'HeI_3819.62': 1143.7047723178835, 'HeI_4009.26': 311.34109024784954, 'HeI_4143.76': 411.29832097548285, 'HeI_4387.93': 767.9145876063575, 'HeI_4471.50': 454.68513168412534, 'HeI_4713.17': 218.1762344572167, 'HeI_4921.93': 896.001323815713, 'Hf': 770.136757123186, 'Hn': 149.42997334254318}"
T36000logg3.8,"{'HeI_3819.62': 740.1801356524156, 'HeI_4009.26': 302.9389496842362, 'HeI_4143.76': 404.05527491124184, 'HeI_4387.93': 727.4266384612536, 'HeI_4471.50': 249.40436406788163, 'HeI_4713.17': 111.48201998041488, 'HeI_4921.93': 960.5640833178076, 'Hf': 1371.1200880727124, 'Hn': 266.35275278145457}","{'HeI_3819.62': 751.768132767164, 'HeI_4009.26': 301.9169386049034, 'HeI_4143.76': 402.65405783622623, 'HeI_4387.93': 724.6838585408958, 'HeI_4471.50': 205.45816526065133, 'HeI_4713.17': 116.42112728846851, 'HeI_4921.93': 950.2583228668436, 'Hf': 1333.7352250515141, 'Hn': 246.18934175361662}","{'HeI_3819.62': 790.9437725963503, 'HeI_4009.26': 300.78547960731856, 'HeI_4143.76': 401.0523403278819, 'HeI_4387.93': 721.7704467221394, 'HeI_4471.50': 209.6182208747439, 'HeI_4713.17': 131.67989672444895, 'HeI_4921.93': 939.4675142522926, 'Hf': 1300.572895935282, 'Hn': 229.6669412474896}","{'HeI_3819.62': 841.9309167699033, 'HeI_4009.26': 299.6642483729612, 'HeI_4143.76': 399.4368227756132, 'HeI_4387.93': 718.8564452761725, 'HeI_4471.50': 240.22379125152742, 'HeI_4713.17': 150.13684181506252, 'HeI_4921.93': 928.7647173017792, 'Hf': 1275.8503335776395, 'Hn': 219.6274566585569}","{'HeI_3819.62': 895.2060515596811, 'HeI_4009.26': 298.6052856062021, 'HeI_4143.76': 398.00817133025384, 'HeI_4387.93': 716.1253844291655, 'HeI_4471.50': 283.42825546623004, 'HeI_4713.17': 167.73177219622684, 'HeI_4921.93': 918.7383360605659, 'Hf': 1261.0477508632503, 'Hn': 217.31071513651864}","{'HeI_3819.62': 945.5440679569974, 'HeI_4009.26': 297.61554607328947, 'HeI_4143.76': 396.8444871671225, 'HeI_4387.93': 713.6700125352327, 'HeI_4471.50': 330.39770632024636, 'HeI_4713.17': 183.22728365717614, 'HeI_4921.93': 909.6037784669259, 'Hf': 1255.337361735935, 'Hn': 223.06315620215506}","{'HeI_3819.62': 990.2640180974878, 'HeI_4009.26': 296.6760413699199, 'HeI_4143.76': 395.99924867509833, 'HeI_4387.93': 711.652499445785, 'HeI_4471.50': 375.3688016280228, 'HeI_4713.17': 196.14326154068675, 'HeI_4921.93': 901.7910384436985, 'Hf': 1258.2730994781218, 'Hn': 236.88224543242555}","{'HeI_3819.62': 1029.5414446809798, 'HeI_4009.26': 295.7208353260771, 'HeI_4143.76': 395.43793899282093, 'HeI_4387.93': 710.0688624683971, 'HeI_4471.50': 416.8442592867867, 'HeI_4713.17': 207.00973848367417, 'HeI_4921.93': 895.1313618868836, 'Hf': 1268.4061691486086, 'Hn': 258.3142938202254}","{'HeI_3819.62': 1064.2393189945808, 'HeI_4009.26': 294.6866522049442, 'HeI_4143.76': 395.1321415053282, 'HeI_4387.93': 708.8937191694691, 'HeI_4471.50': 454.47872889480095, 'HeI_4713.17': 216.33363817168402, 'HeI_4921.93': 889.4226795998935, 'Hf': 1284.058906173386, 'Hn': 287.0252835519619}"
T36000logg4.0,"{'HeI_3819.62': 375.6080910794625, 'HeI_4009.26': 276.0598024903577, 'HeI_4143.76': 358.84952819652165, 'HeI_4387.93': 623.4489198736749, 'HeI_4471.50': 206.83356130190504, 'HeI_4713.17': 48.66920237082274, 'HeI_4921.93': 816.7225597577368, 'Hf': 1522.7170096091772, 'Hn': 281.5867071804998}","{'HeI_3819.62': 345.31121376766833, 'HeI_4009.26': 276.4106403942115, 'HeI_4143.76': 360.3693291309808, 'HeI_4387.93': 627.0305605867974, 'HeI_4471.50': 126.41409669136897, 'HeI_4713.17': 30.505271493649143, 'HeI_4921.93': 816.7058234944282, 'Hf': 1497.766250810006, 'Hn': 271.89710310585616}","{'HeI_3819.62': 376.3964716247905, 'HeI_4009.26': 276.83845091144025, 'HeI_4143.76': 362.1732752945311, 'HeI_4387.93': 631.4136872883277, 'HeI_4471.50': 107.59110337280782, 'HeI_4713.17': 40.962747860857604, 'HeI_4921.93': 816.740894263909, 'Hf': 1477.9784368700023, 'Hn': 266.34305355431474}","{'HeI_3819.62': 438.05459006557237, 'HeI_4009.26': 277.29142630729666, 'HeI_4143.76': 364.0468709639059, 'HeI_4387.93': 635.9907061566614, 'HeI_4471.50': 126.0774844185166, 'HeI_4713.17': 62.80699080652777, 'HeI_4921.93': 816.7238638904611, 'Hf': 1466.200511590214, 'Hn': 266.9075517132054}","{'HeI_3819.62': 510.8211543847069, 'HeI_4009.26': 277.7172864848001, 'HeI_4143.76': 365.83854776851877, 'HeI_4387.93': 640.3893537829981, 'HeI_4471.50': 164.25628100274778, 'HeI_4713.17': 86.56029855488212, 'HeI_4921.93': 816.6856391129195, 'Hf': 1463.0812227844303, 'Hn': 274.37160023420057}","{'HeI_3819.62': 583.1262366213589, 'HeI_4009.26': 278.0564079207287, 'HeI_4143.76': 367.51816914522755, 'HeI_4387.93': 644.3902474961466, 'HeI_4471.50': 210.4146639658111, 'HeI_4713.17': 108.55601109084431, 'HeI_4921.93': 816.6237337273859, 'Hf': 1467.6446763585195, 'Hn': 288.72297763224606}","{'HeI_3819.62': 649.5717426578941, 'HeI_4009.26': 278.26526667814795, 'HeI_4143.76': 369.06930922079897, 'HeI_4387.93': 647.8828154462076, 'HeI_4471.50': 256.9423754936098, 'HeI_4713.17': 127.41335375199645, 'HeI_4921.93': 816.6473532093485, 'Hf': 1478.4908364403489, 'Hn': 309.54855858668947}","{'HeI_3819.62': 709.2107384134447, 'HeI_4009.26': 278.28840453643744, 'HeI_4143.76': 370.5444966148012, 'HeI_4387.93': 650.9287666966214, 'HeI_4471.50': 301.21345216092845, 'HeI_4713.17': 143.5710287583795, 'HeI_4921.93': 816.7903757082669, 'Hf': 1494.476032700439, 'Hn': 336.3388085606593}","{'HeI_3819.62': 762.8547443022593, 'HeI_4009.26': 278.0674418472894, 'HeI_4143.76': 372.0041370013661, 'HeI_4387.93': 653.6387811647162, 'HeI_4471.50': 342.1836508454992, 'HeI_4713.17': 157.66011502651486, 'HeI_4921.93': 817.104264775897, 'Hf': 1514.1371125552419, 'Hn': 368.84764977560036}"
T36000logg4.2,"{'HeI_3819.62': 230.72048811621642, 'HeI_4009.26': 178.19641291462418, 'HeI_4143.76': 212.4253821131683, 'HeI_4387.93': 345.5267580769549, 'HeI_4471.50': 165.16717388146964, 'HeI_4713.17': 45.27143613021761, 'HeI_4921.93': 440.0553456100216, 'Hf': 1980.0648965137345, 'Hn': 451.59623216075863}","{'HeI_3819.62': 195.97146874135728, 'HeI_4009.26': 182.15417034512765, 'HeI_4143.76': 218.93687552446482, 'HeI_4387.93': 358.31311118048205, 'HeI_4471.50': 94.60369505692002, 'HeI_4713.17': 21.4873020223665, 'HeI_4921.93': 455.05944769595465, 'Hf': 1969.6714250050509, 'Hn': 451.8008483199459}","{'HeI_3819.62': 223.00696874246748, 'HeI_4009.26': 187.51874656035702, 'HeI_4143.76': 228.8438246259702, 'HeI_4387.93': 375.9348896370478, 'HeI_4471.50': 77.1386807473759, 'HeI_4713.17': 29.465850969805725, 'HeI_4921.93': 475.97034304012215, 'Hf': 1964.2112802029565, 'Hn': 455.9611808420369}","{'HeI_3819.62': 283.71424067019535, 'HeI_4009.26': 193.42748771036065, 'HeI_4143.76': 240.12481558780868, 'HeI_4387.93': 395.7910941740481, 'HeI_4471.50': 94.00373068147564, 'HeI_4713.17': 50.6411157231786, 'HeI_4921.93': 499.4911188203766, 'Hf': 1964.595494607163, 'Hn': 464.8592181673294}","{'HeI_3819.62': 358.07718412287164, 'HeI_4009.26': 199.32239683525208, 'HeI_4143.76': 251.23907160796847, 'HeI_4387.93': 415.85224093984067, 'HeI_4471.50': 129.77138332848017, 'HeI_4713.17': 74.59778196465051, 'HeI_4921.93': 523.1363666244401, 'Hf': 1970.519304074014, 'Hn': 478.6999046475587}","{'HeI_3819.62': 433.9324547087518, 'HeI_4009.26': 204.80993612826256, 'HeI_4143.76': 261.5642911748062, 'HeI_4387.93': 434.9020761068421, 'HeI_4471.50': 173.78742256885405, 'HeI_4713.17': 97.12220694242146, 'HeI_4921.93': 545.7246615953593, 'Hf': 1980.6015098709292, 'Hn': 497.3882694532114}","{'HeI_3819.62': 504.84327324004386, 'HeI_4009.26': 209.69383383468295, 'HeI_4143.76': 270.621328353585, 'HeI_4387.93': 451.83451467009144, 'HeI_4471.50': 218.89473658614165, 'HeI_4713.17': 116.60741329459093, 'HeI_4921.93': 566.0769973407295, 'Hf': 1993.7223764318073, 'Hn': 520.3942626646768}","{'HeI_3819.62': 569.3974938659182, 'HeI_4009.26': 213.92477367277067, 'HeI_4143.76': 278.5931671750397, 'HeI_4387.93': 466.6588448764599, 'HeI_4471.50': 262.36806134407664, 'HeI_4713.17': 133.41751992447152, 'HeI_4921.93': 584.3910316493955, 'Hf': 2009.2697635305078, 'Hn': 547.4272214164441}","{'HeI_3819.62': 628.0507842553155, 'HeI_4009.26': 217.49218324056605, 'HeI_4143.76': 285.70742804308077, 'HeI_4387.93': 479.65283666819585, 'HeI_4471.50': 303.02186163264906, 'HeI_4713.17': 148.17234268702015, 'HeI_4921.93': 601.100234441315, 'Hf': 2026.2003594991068, 'Hn': 578.3719564870923}"
T37000logg3.6,"{'HeI_3819.62': 1253.4625218589158, 'HeI_4009.26': 349.7557849319332, 'HeI_4143.76': 446.89412237755795, 'HeI_4387.93': 935.5605781367303, 'HeI_4471.50': 526.5455821239068, 'HeI_4713.17': 197.3463266051919, 'HeI_4921.93': 1130.995382558862, 'Hf': 354.7897191839386, 'Hn': 136.55023354179158}","{'HeI_3819.62': 1271.156787892418, 'HeI_4009.26': 347.36860903246037, 'HeI_4143.76': 443.11988993885143, 'HeI_4387.93': 928.5970967281929, 'HeI_4471.50': 485.23605407052986, 'HeI_4713.17': 204.93006827711807, 'HeI_4921.93': 1108.1218775964169, 'Hf': 313.2989720193039, 'Hn': 107.19449466319843}","{'HeI_3819.62': 1304.0513460554664, 'HeI_4009.26': 344.81971356627315, 'HeI_4143.76': 439.1419677354184, 'HeI_4387.93': 921.2201310085777, 'HeI_4471.50': 494.16506633736714, 'HeI_4713.17': 217.3127836657686, 'HeI_4921.93': 1085.7736401348106, 'Hf': 283.9699135284779, 'Hn': 86.56725181003131}","{'HeI_3819.62': 1342.0911892561276, 'HeI_4009.26': 342.39067540387873, 'HeI_4143.76': 435.3794477336889, 'HeI_4387.93': 913.9844176721398, 'HeI_4471.50': 526.8172869109669, 'HeI_4713.17': 230.8098103318335, 'HeI_4921.93': 1064.4808036381714, 'Hf': 271.6960229739773, 'Hn': 78.39328105521626}","{'HeI_3819.62': 1380.1689701035652, 'HeI_4009.26': 340.22362374377434, 'HeI_4143.76': 432.36981546231004, 'HeI_4387.93': 907.4419577948498, 'HeI_4471.50': 567.959115686899, 'HeI_4713.17': 243.30319908057305, 'HeI_4921.93': 1044.9720403773822, 'Hf': 277.20592778591265, 'Hn': 83.15516906593972}","{'HeI_3819.62': 1415.1203191248355, 'HeI_4009.26': 338.40504334549, 'HeI_4143.76': 430.4128912652347, 'HeI_4387.93': 901.7538502792831, 'HeI_4471.50': 609.6120384195432, 'HeI_4713.17': 254.21592817808428, 'HeI_4921.93': 1027.395105906618, 'Hf': 298.4002877577759, 'Hn': 100.43791521686171}","{'HeI_3819.62': 1445.4268825457418, 'HeI_4009.26': 336.91075674928436, 'HeI_4143.76': 429.55918138644233, 'HeI_4387.93': 896.9725641668598, 'HeI_4471.50': 647.1524587388727, 'HeI_4713.17': 263.2631863162021, 'HeI_4921.93': 1012.4258184000304, 'Hf': 331.98262325301533, 'Hn': 128.232532903917}","{'HeI_3819.62': 1471.5787133245294, 'HeI_4009.26': 335.6496771460902, 'HeI_4143.76': 429.71387387366383, 'HeI_4387.93': 893.0240432974944, 'HeI_4471.50': 680.1384482249723, 'HeI_4713.17': 270.82486575345166, 'HeI_4921.93': 999.5498868944866, 'Hf': 374.65409538067615, 'Hn': 165.17277136908598}","{'HeI_3819.62': 1494.731211670563, 'HeI_4009.26': 334.55482127499823, 'HeI_4143.76': 430.77644126896945, 'HeI_4387.93': 889.736961725625, 'HeI_4471.50': 708.9791668821953, 'HeI_4713.17': 277.29096647458766, 'HeI_4921.93': 988.212837646344, 'Hf': 423.904845448869, 'Hn': 210.50726336506}"
T37000logg3.8,"{'HeI_3819.62': 1188.2251517016357, 'HeI_4009.26': 316.4427873651112, 'HeI_4143.76': 423.6365387860291, 'HeI_4387.93': 816.6785040624615, 'HeI_4471.50': 462.0404740540457, 'HeI_4713.17': 211.68922367932535, 'HeI_4921.93': 1021.8818381540218, 'Hf': 814.6178989998665, 'Hn': 102.47009904214417}","{'HeI_3819.62': 1206.0657079128082, 'HeI_4009.26': 315.16985558913933, 'HeI_4143.76': 421.2845128401658, 'HeI_4387.93': 810.4709594853921, 'HeI_4471.50': 447.5004889511037, 'HeI_4713.17': 218.6258970026563, 'HeI_4921.93': 1007.4846516604389, 'Hf': 793.801356148208, 'Hn': 94.17616976361974}","{'HeI_3819.62': 1232.8018077499714, 'HeI_4009.26': 313.7814472999233, 'HeI_4143.76': 418.85712599351183, 'HeI_4387.93': 803.6329569170933, 'HeI_4471.50': 466.0341072284208, 'HeI_4713.17': 228.5008339149264, 'HeI_4921.93': 992.8776537787577, 'Hf': 780.2913008879613, 'Hn': 91.58359423741412}","{'HeI_3819.62': 1262.19926920314, 'HeI_4009.26': 312.4573655480339, 'HeI_4143.76': 416.6759787362667, 'HeI_4387.93': 796.9106800334315, 'HeI_4471.50': 500.3739189993118, 'HeI_4713.17': 238.87872870562552, 'HeI_4921.93': 978.7416800559247, 'Hf': 776.0077708181593, 'Hn': 96.17854439518743}","{'HeI_3819.62': 1290.8806415257434, 'HeI_4009.26': 311.2823218622354, 'HeI_4143.76': 415.18730960731614, 'HeI_4387.93': 790.8340172836296, 'HeI_4471.50': 540.3655325045206, 'HeI_4713.17': 248.30954569442667, 'HeI_4921.93': 965.6889371681806, 'Hf': 781.6083486378301, 'Hn': 108.13844118257505}","{'HeI_3819.62': 1317.1617580808402, 'HeI_4009.26': 310.2943118238787, 'HeI_4143.76': 414.6756770712511, 'HeI_4387.93': 785.5658916709864, 'HeI_4471.50': 580.2204194604286, 'HeI_4713.17': 256.4782351979596, 'HeI_4921.93': 953.9088773621022, 'Hf': 795.8567891570239, 'Hn': 127.43406448669901}","{'HeI_3819.62': 1339.7712852732025, 'HeI_4009.26': 309.48608280975486, 'HeI_4143.76': 415.2273513890258, 'HeI_4387.93': 781.3619390396037, 'HeI_4471.50': 616.348185125727, 'HeI_4713.17': 263.24535072209227, 'HeI_4921.93': 943.824637240905, 'Hf': 817.3434691615904, 'Hn': 153.22915121639016}","{'HeI_3819.62': 1359.190832578742, 'HeI_4009.26': 308.79985402398245, 'HeI_4143.76': 416.79047134664347, 'HeI_4387.93': 778.1344777649291, 'HeI_4471.50': 648.3417915891738, 'HeI_4713.17': 268.9059421170781, 'HeI_4921.93': 935.141692149353, 'Hf': 844.034344469191, 'Hn': 185.08477281048442}","{'HeI_3819.62': 1376.2035037251298, 'HeI_4009.26': 308.1939250167879, 'HeI_4143.76': 419.2927296759954, 'HeI_4387.93': 775.7370220646819, 'HeI_4471.50': 676.5303286858701, 'HeI_4713.17': 273.70350693648993, 'HeI_4921.93': 927.5269835227807, 'Hf': 874.2901170979088, 'Hn': 222.74347929134225}"
T37000logg4.0,"{'HeI_3819.62': 594.03783103334, 'HeI_4009.26': 305.6856533955117, 'HeI_4143.76': 415.2573902238585, 'HeI_4387.93': 773.33493261338, 'HeI_4471.50': 261.9075608261279, 'HeI_4713.17': 76.97271311201987, 'HeI_4921.93': 946.4761803922642, 'Hf': 1231.6711895905305, 'Hn': 199.88824521455723}","{'HeI_3819.62': 594.2137800782565, 'HeI_4009.26': 304.5231894170951, 'HeI_4143.76': 413.6324882261438, 'HeI_4387.93': 769.8828163371702, 'HeI_4471.50': 196.12024495194464, 'HeI_4713.17': 75.53096825918345, 'HeI_4921.93': 938.7510070988392, 'Hf': 1209.2163103476096, 'Hn': 193.314988652284}","{'HeI_3819.62': 633.5313148976306, 'HeI_4009.26': 303.23558937871496, 'HeI_4143.76': 411.841089245422, 'HeI_4387.93': 766.0263542370742, 'HeI_4471.50': 189.12817555366195, 'HeI_4713.17': 90.6981517636644, 'HeI_4921.93': 930.5657140326414, 'Hf': 1192.959295827008, 'Hn': 192.0045027533073}","{'HeI_3819.62': 690.3916707736403, 'HeI_4009.26': 301.96665711356843, 'HeI_4143.76': 410.1438248865299, 'HeI_4387.93': 762.0683507748876, 'HeI_4471.50': 215.13999561818144, 'HeI_4713.17': 111.70410643361531, 'HeI_4921.93': 922.4193325365567, 'Hf': 1185.1770207759964, 'Hn': 197.52637467873677}","{'HeI_3819.62': 751.732767581602, 'HeI_4009.26': 300.79119569538534, 'HeI_4143.76': 408.8211371991851, 'HeI_4387.93': 758.2431185339559, 'HeI_4471.50': 257.3017721673729, 'HeI_4713.17': 132.57360894359127, 'HeI_4921.93': 914.7448088088172, 'Hf': 1187.063079432409, 'Hn': 210.1401643706285}","{'HeI_3819.62': 811.014542521791, 'HeI_4009.26': 299.73149691140486, 'HeI_4143.76': 408.03946276550005, 'HeI_4387.93': 754.6986969532326, 'HeI_4471.50': 304.965674250886, 'HeI_4713.17': 151.28136282933738, 'HeI_4921.93': 907.6871319347072, 'Hf': 1196.8535526100204, 'Hn': 229.75093419560758}","{'HeI_3819.62': 863.8057305523301, 'HeI_4009.26': 298.77953554576817, 'HeI_4143.76': 407.8728170518849, 'HeI_4387.93': 751.7169939785845, 'HeI_4471.50': 351.44687765299864, 'HeI_4713.17': 167.09705790230464, 'HeI_4921.93': 901.5401544837126, 'Hf': 1213.2835516139842, 'Hn': 255.39401870659492}","{'HeI_3819.62': 910.2467378778211, 'HeI_4009.26': 297.873754842411, 'HeI_4143.76': 408.28759264241563, 'HeI_4387.93': 749.3006056287649, 'HeI_4471.50': 394.58160956088796, 'HeI_4713.17': 180.4946134562402, 'HeI_4921.93': 896.1824853262399, 'Hf': 1234.1438730787668, 'Hn': 286.5163265785399}","{'HeI_3819.62': 951.3936214330595, 'HeI_4009.26': 296.9582455553725, 'HeI_4143.76': 409.24030595607354, 'HeI_4387.93': 747.409990793381, 'HeI_4471.50': 433.7105318539671, 'HeI_4713.17': 191.96742995011505, 'HeI_4921.93': 891.4699417479002, 'Hf': 1257.7040760186665, 'Hn': 322.7938049216607}"
T37000logg4.2,"{'HeI_3819.62': 630.565287217078, 'HeI_4009.26': 305.0710628535893, 'HeI_4143.76': 426.7318636732926, 'HeI_4387.93': 801.9741036736458, 'HeI_4471.50': 265.43799834277115, 'HeI_4713.17': 99.54124179414079, 'HeI_4921.93': 991.5490719428855, 'Hf': 1343.3078755281947, 'Hn': 248.80349134744125}","{'HeI_3819.62': 641.0755814725616, 'HeI_4009.26': 303.4524147136374, 'HeI_4143.76': 424.13177805760535, 'HeI_4387.93': 795.3146918693416, 'HeI_4471.50': 213.90428949156606, 'HeI_4713.17': 102.94452702523448, 'HeI_4921.93': 980.5514302978481, 'Hf': 1334.7331980843048, 'Hn': 252.22447745108695}","{'HeI_3819.62': 680.6302529433611, 'HeI_4009.26': 301.66357992093486, 'HeI_4143.76': 421.30632590249934, 'HeI_4387.93': 787.8791196813669, 'HeI_4471.50': 214.41713873676636, 'HeI_4713.17': 118.3955613446437, 'HeI_4921.93': 969.0722716438822, 'Hf': 1332.2782627928073, 'Hn': 260.99294541928964}","{'HeI_3819.62': 732.6646706985615, 'HeI_4009.26': 299.8949185090801, 'HeI_4143.76': 418.62153675899816, 'HeI_4387.93': 780.3372298335095, 'HeI_4471.50': 243.64765731145783, 'HeI_4713.17': 137.72981355893558, 'HeI_4921.93': 957.7690095632565, 'Hf': 1336.393124659001, 'Hn': 275.6021270739124}","{'HeI_3819.62': 787.1193310329693, 'HeI_4009.26': 298.25822013307345, 'HeI_4143.76': 416.4602294806801, 'HeI_4387.93': 773.164817317421, 'HeI_4471.50': 286.69601031909974, 'HeI_4713.17': 156.3770568213928, 'HeI_4921.93': 947.1679243866954, 'Hf': 1347.684930720482, 'Hn': 295.78994869595454}","{'HeI_3819.62': 839.3632198925998, 'HeI_4009.26': 296.7896589828016, 'HeI_4143.76': 415.0260969194636, 'HeI_4387.93': 766.6136243974724, 'HeI_4471.50': 334.0582546593495, 'HeI_4713.17': 172.87808818706958, 'HeI_4921.93': 937.4488075432158, 'Hf': 1364.8110109549436, 'Hn': 321.37686530300846}","{'HeI_3819.62': 885.5402456342578, 'HeI_4009.26': 295.50443551876316, 'HeI_4143.76': 414.4033637052915, 'HeI_4387.93': 761.1048690214226, 'HeI_4471.50': 379.79635153629164, 'HeI_4713.17': 186.7319827008807, 'HeI_4921.93': 928.9478631419729, 'Hf': 1386.1435262621937, 'Hn': 351.23158052405324}","{'HeI_3819.62': 925.9938755266821, 'HeI_4009.26': 294.3394084885938, 'HeI_4143.76': 414.5274655081484, 'HeI_4387.93': 756.6169141506197, 'HeI_4471.50': 421.987438380944, 'HeI_4713.17': 198.386509373866, 'HeI_4921.93': 921.4926050521534, 'Hf': 1409.7537706374344, 'Hn': 384.928473470371}","{'HeI_3819.62': 961.6943654814397, 'HeI_4009.26': 293.2435244428723, 'HeI_4143.76': 415.31272977910646, 'HeI_4387.93': 753.0526083441249, 'HeI_4471.50': 460.129457205509, 'HeI_4713.17': 208.27480878940827, 'HeI_4921.93': 914.8774201548099, 'Hf': 1434.1376301324567, 'Hn': 422.21771352291535}"
T38000logg3.6,"{'HeI_3819.62': 1533.1958979194342, 'HeI_4009.26': 345.54301162795304, 'HeI_4143.76': 438.28791761751717, 'HeI_4387.93': 957.5017675238389, 'HeI_4471.50': 752.560122579953, 'HeI_4713.17': 278.655330108514, 'HeI_4921.93': 1140.0655134554795, 'Hf': 174.61051276904402, 'Hn': 200.34004455398082}","{'HeI_3819.62': 1549.2842929461306, 'HeI_4009.26': 343.44713015476043, 'HeI_4143.76': 435.18212663016703, 'HeI_4387.93': 950.3413899904949, 'HeI_4471.50': 732.7352150788046, 'HeI_4713.17': 284.36258715092526, 'HeI_4921.93': 1115.4241489783215, 'Hf': 144.44896528888964, 'Hn': 178.8165573344008}","{'HeI_3819.62': 1571.3377849821943, 'HeI_4009.26': 341.21180972140326, 'HeI_4143.76': 431.92765408548934, 'HeI_4387.93': 943.1290246958876, 'HeI_4471.50': 746.5756332217871, 'HeI_4713.17': 291.9901159584784, 'HeI_4921.93': 1091.5520994066949, 'Hf': 129.34966513884373, 'Hn': 167.6607832064253}","{'HeI_3819.62': 1594.8816111319875, 'HeI_4009.26': 339.1002287101518, 'HeI_4143.76': 428.8637107948833, 'HeI_4387.93': 936.1504301892239, 'HeI_4471.50': 774.6224449064995, 'HeI_4713.17': 299.89056800406087, 'HeI_4921.93': 1068.898332227488, 'Hf': 132.5357729139119, 'Hn': 169.46553001823722}","{'HeI_3819.62': 1617.7992159766955, 'HeI_4009.26': 337.230180027154, 'HeI_4143.76': 426.4648127419569, 'HeI_4387.93': 929.93280308693, 'HeI_4471.50': 806.1066821174692, 'HeI_4713.17': 307.10478090636406, 'HeI_4921.93': 1048.1998423244072, 'Hf': 153.74908981438585, 'Hn': 183.96733916803913}","{'HeI_3819.62': 1638.601601194273, 'HeI_4009.26': 335.6731861706984, 'HeI_4143.76': 425.01458754042255, 'HeI_4387.93': 924.5721084060224, 'HeI_4471.50': 835.9947972335152, 'HeI_4713.17': 313.36724138244915, 'HeI_4921.93': 1029.635607811071, 'Hf': 190.04624137066108, 'Hn': 210.4894780206177}","{'HeI_3819.62': 1656.6534342942164, 'HeI_4009.26': 334.4044548805271, 'HeI_4143.76': 424.5446926226139, 'HeI_4387.93': 920.0545961750295, 'HeI_4471.50': 861.5847879100287, 'HeI_4713.17': 318.53728450992935, 'HeI_4921.93': 1013.8781844243348, 'Hf': 237.65981493415333, 'Hn': 246.5158174277816}","{'HeI_3819.62': 1672.3984762669184, 'HeI_4009.26': 333.3365522833017, 'HeI_4143.76': 424.97798376301455, 'HeI_4387.93': 916.3166832044031, 'HeI_4471.50': 883.1828341482369, 'HeI_4713.17': 322.8547630169812, 'HeI_4921.93': 1000.3729138669436, 'Hf': 293.25168386788954, 'Hn': 290.68930377291474}","{'HeI_3819.62': 1686.6727959714447, 'HeI_4009.26': 332.40778645908114, 'HeI_4143.76': 426.23417370145336, 'HeI_4387.93': 913.1737437246112, 'HeI_4471.50': 901.6048871438486, 'HeI_4713.17': 326.5867108713564, 'HeI_4921.93': 988.5185114127432, 'Hf': 354.3872879097668, 'Hn': 342.3344100375629}"
T38000logg3.8,"{'HeI_3819.62': 989.8931272231039, 'HeI_4009.26': 323.3368725398336, 'HeI_4143.76': 429.7370053427732, 'HeI_4387.93': 828.9659022595366, 'HeI_4471.50': 390.315850611498, 'HeI_4713.17': 139.96248162617468, 'HeI_4921.93': 995.3371051797951, 'Hf': 726.201633726093, 'Hn': 91.90584004545408}","{'HeI_3819.62': 1004.1038563432812, 'HeI_4009.26': 322.00094006882443, 'HeI_4143.76': 427.1277783062341, 'HeI_4387.93': 825.3195314066071, 'HeI_4471.50': 340.2409509484666, 'HeI_4713.17': 146.4810851205758, 'HeI_4921.93': 984.0458470713089, 'Hf': 695.8154706194164, 'Hn': 75.7347135433603}","{'HeI_3819.62': 1041.2555255197485, 'HeI_4009.26': 320.5566741021884, 'HeI_4143.76': 424.3571948618572, 'HeI_4387.93': 821.259817754083, 'HeI_4471.50': 344.5853761353105, 'HeI_4713.17': 161.03008421910687, 'HeI_4921.93': 972.4273516038363, 'Hf': 673.4116747448546, 'Hn': 65.69992450804166}","{'HeI_3819.62': 1087.1362171678097, 'HeI_4009.26': 319.1924433631837, 'HeI_4143.76': 421.7809469725324, 'HeI_4387.93': 817.2041499132539, 'HeI_4471.50': 376.5303442973702, 'HeI_4713.17': 177.8563432945752, 'HeI_4921.93': 961.0946692288616, 'Hf': 662.4621573839152, 'Hn': 64.38756571339455}","{'HeI_3819.62': 1134.0819335960496, 'HeI_4009.26': 317.9967980173601, 'HeI_4143.76': 419.8365886957336, 'HeI_4387.93': 813.4924502336181, 'HeI_4471.50': 420.03102445608204, 'HeI_4713.17': 193.71557600831437, 'HeI_4921.93': 950.5826820038615, 'Hf': 664.0021123721133, 'Hn': 72.36162255632097}","{'HeI_3819.62': 1177.9207788040953, 'HeI_4009.26': 317.01056205772136, 'HeI_4143.76': 418.7786065592943, 'HeI_4387.93': 810.2234452012971, 'HeI_4471.50': 465.92572546941716, 'HeI_4713.17': 207.68734134135065, 'HeI_4921.93': 941.0613608307824, 'Hf': 676.7819205935892, 'Hn': 89.42273879619393}","{'HeI_3819.62': 1216.0502341655583, 'HeI_4009.26': 316.21418152004816, 'HeI_4143.76': 418.703544485608, 'HeI_4387.93': 807.5431815190236, 'HeI_4471.50': 508.67799137146307, 'HeI_4713.17': 219.3626990876588, 'HeI_4921.93': 932.8982498459395, 'Hf': 698.6894314202501, 'Hn': 114.44831171929579}","{'HeI_3819.62': 1248.9818055931694, 'HeI_4009.26': 315.5414060864385, 'HeI_4143.76': 419.5507049757514, 'HeI_4387.93': 805.4089181708849, 'HeI_4471.50': 547.0956085386171, 'HeI_4713.17': 229.1705609133168, 'HeI_4921.93': 925.85740876121, 'Hf': 727.2912323147453, 'Hn': 146.6146080891284}","{'HeI_3819.62': 1278.051119123396, 'HeI_4009.26': 314.9414564136788, 'HeI_4143.76': 421.2476674110981, 'HeI_4387.93': 803.735883808361, 'HeI_4471.50': 581.1729822833903, 'HeI_4713.17': 237.52330488256135, 'HeI_4921.93': 919.6684872907289, 'Hf': 760.5906911259702, 'Hn': 185.4875800225006}"
T38000logg4.0,"{'HeI_3819.62': 730.8956484327971, 'HeI_4009.26': 307.2571972664712, 'HeI_4143.76': 413.3868104957242, 'HeI_4387.93': 772.5137730054953, 'HeI_4471.50': 267.67339888815815, 'HeI_4713.17': 106.47064541495999, 'HeI_4921.93': 1008.3990888726363, 'Hf': 992.02597702062, 'Hn': 119.28008728206093}","{'HeI_3819.62': 743.6008269297535, 'HeI_4009.26': 305.9837000400428, 'HeI_4143.76': 411.4145792386251, 'HeI_4387.93': 770.4007784320215, 'HeI_4471.50': 219.85467816709652, 'HeI_4713.17': 110.8518990399706, 'HeI_4921.93': 993.2206789747552, 'Hf': 984.5612868539495, 'Hn': 119.64536329971375}","{'HeI_3819.62': 783.0843865614241, 'HeI_4009.26': 304.56377797346926, 'HeI_4143.76': 409.20016653018007, 'HeI_4387.93': 768.2151836338737, 'HeI_4471.50': 222.1605068085335, 'HeI_4713.17': 126.23302394175333, 'HeI_4921.93': 977.7889945559056, 'Hf': 984.3412560103322, 'Hn': 124.86537282036626}","{'HeI_3819.62': 833.6882136465324, 'HeI_4009.26': 303.15965673596725, 'HeI_4143.76': 407.003073676341, 'HeI_4387.93': 765.9765059918288, 'HeI_4471.50': 252.08721401863446, 'HeI_4713.17': 145.0845957833839, 'HeI_4921.93': 962.7521030569743, 'Hf': 992.8603420580686, 'Hn': 136.17732911812982}","{'HeI_3819.62': 886.3222934792713, 'HeI_4009.26': 301.84938946316987, 'HeI_4143.76': 405.11679615615543, 'HeI_4387.93': 763.7492190018451, 'HeI_4471.50': 295.0889981178183, 'HeI_4713.17': 163.13881420743883, 'HeI_4921.93': 948.8427860406807, 'Hf': 1009.595046812281, 'Hn': 153.9109854837341}","{'HeI_3819.62': 936.8167269474395, 'HeI_4009.26': 300.65349249858764, 'HeI_4143.76': 403.6706340229379, 'HeI_4387.93': 761.5258674790887, 'HeI_4471.50': 341.9795397794767, 'HeI_4713.17': 179.0667199692551, 'HeI_4921.93': 936.3070944666952, 'Hf': 1032.3271697506448, 'Hn': 178.22883083978036}","{'HeI_3819.62': 981.6888888279483, 'HeI_4009.26': 299.56878470371174, 'HeI_4143.76': 402.73074046550465, 'HeI_4387.93': 759.369643467972, 'HeI_4471.50': 386.9753123949077, 'HeI_4713.17': 192.3728701790056, 'HeI_4921.93': 925.6595661683224, 'Hf': 1059.9790259943802, 'Hn': 208.11431249121574}","{'HeI_3819.62': 1021.167554465532, 'HeI_4009.26': 298.5260779396936, 'HeI_4143.76': 402.2503570136743, 'HeI_4387.93': 757.272691573555, 'HeI_4471.50': 428.4269849564905, 'HeI_4713.17': 203.55906357328493, 'HeI_4921.93': 916.6262755810745, 'Hf': 1091.5531300697096, 'Hn': 243.10007107152842}","{'HeI_3819.62': 1056.0390751621303, 'HeI_4009.26': 297.4683706730057, 'HeI_4143.76': 402.18289327929716, 'HeI_4387.93': 755.247325293777, 'HeI_4471.50': 465.95936669901545, 'HeI_4713.17': 213.1207387160691, 'HeI_4921.93': 908.9070948385927, 'Hf': 1126.0049053135695, 'Hn': 282.8532179164623}"
T38000logg4.2,"{'HeI_3819.62': 416.6563553756919, 'HeI_4009.26': 264.2309039324926, 'HeI_4143.76': 346.8585744887472, 'HeI_4387.93': 605.7470790652724, 'HeI_4471.50': 187.6816455109752, 'HeI_4713.17': 56.34385948120505, 'HeI_4921.93': 761.7621893381189, 'Hf': 1601.268255259964, 'Hn': 289.3405344653837}","{'HeI_3819.62': 407.786096716474, 'HeI_4009.26': 264.84258096637814, 'HeI_4143.76': 348.641604747962, 'HeI_4387.93': 608.8450519482013, 'HeI_4471.50': 126.74881510996457, 'HeI_4713.17': 48.91486227164259, 'HeI_4921.93': 764.7913543449522, 'Hf': 1587.6711483558363, 'Hn': 289.51377612803265}","{'HeI_3819.62': 445.1958581111675, 'HeI_4009.26': 265.5519080462605, 'HeI_4143.76': 350.78377230593503, 'HeI_4387.93': 612.8630348932331, 'HeI_4471.50': 116.90097390965686, 'HeI_4713.17': 62.75323161147306, 'HeI_4921.93': 768.3232941949902, 'Hf': 1578.68865943656, 'Hn': 293.99442913362464}","{'HeI_3819.62': 505.3808063874582, 'HeI_4009.26': 266.28601308962675, 'HeI_4143.76': 353.01902784928444, 'HeI_4387.93': 617.0865046818718, 'HeI_4471.50': 138.6770080846793, 'HeI_4713.17': 84.63325285177422, 'HeI_4921.93': 771.9385568087664, 'Hf': 1575.8228505339769, 'Hn': 303.72692555868593}","{'HeI_3819.62': 572.6689957015665, 'HeI_4009.26': 266.9829770522833, 'HeI_4143.76': 355.16351091341085, 'HeI_4387.93': 621.1131954342502, 'HeI_4471.50': 177.5140272725711, 'HeI_4713.17': 107.15311422498287, 'HeI_4921.93': 775.4082682702772, 'Hf': 1579.5945808472638, 'Hn': 318.9283668440129}","{'HeI_3819.62': 639.2537386963896, 'HeI_4009.26': 267.60004876327577, 'HeI_4143.76': 357.18703529136445, 'HeI_4387.93': 624.7261055050776, 'HeI_4471.50': 223.22300062979912, 'HeI_4713.17': 127.59476656218766, 'HeI_4921.93': 778.6223739745806, 'Hf': 1588.7305313615666, 'Hn': 339.7298746621018}","{'HeI_3819.62': 699.653963411273, 'HeI_4009.26': 268.0828523285436, 'HeI_4143.76': 359.054849297376, 'HeI_4387.93': 627.8071334283152, 'HeI_4471.50': 269.23660119206767, 'HeI_4713.17': 144.9875403049419, 'HeI_4921.93': 781.5319707688855, 'Hf': 1602.2939816678722, 'Hn': 365.4322933721659}","{'HeI_3819.62': 753.5849700481493, 'HeI_4009.26': 268.3969592038901, 'HeI_4143.76': 360.8170717752546, 'HeI_4387.93': 630.45683928178, 'HeI_4471.50': 312.92345516713493, 'HeI_4713.17': 159.76590592324771, 'HeI_4921.93': 784.1963521053823, 'Hf': 1619.137116408452, 'Hn': 395.6794128018852}","{'HeI_3819.62': 801.7370038054597, 'HeI_4009.26': 268.50877698044417, 'HeI_4143.76': 362.52303705911845, 'HeI_4387.93': 632.7995461229785, 'HeI_4471.50': 353.3604129722478, 'HeI_4713.17': 172.47118759513285, 'HeI_4921.93': 786.7041523823124, 'Hf': 1637.9424670911142, 'Hn': 430.2328668598928}"
T38000logg4.4,"{'HeI_3819.62': 300.137745440951, 'HeI_4009.26': 203.77855440634085, 'HeI_4143.76': 258.76214424586755, 'HeI_4387.93': 422.1626445068467, 'HeI_4471.50': 138.36709756969196, 'HeI_4713.17': 50.333644591631476, 'HeI_4921.93': 526.9615597281282, 'Hf': 1714.4247437700242, 'Hn': 337.1229345948195}","{'HeI_3819.62': 296.0685430353978, 'HeI_4009.26': 206.54220649908822, 'HeI_4143.76': 264.09726960593497, 'HeI_4387.93': 431.11167493150464, 'HeI_4471.50': 91.14407911892668, 'HeI_4713.17': 42.26389761491103, 'HeI_4921.93': 539.6243777819237, 'Hf': 1714.165384076484, 'Hn': 344.6419576484367}","{'HeI_3819.62': 334.28901858113227, 'HeI_4009.26': 209.9586282280964, 'HeI_4143.76': 271.1622344132329, 'HeI_4387.93': 443.05578895606834, 'HeI_4471.50': 84.89905771359935, 'HeI_4713.17': 55.75824360789984, 'HeI_4921.93': 555.8721141564076, 'Hf': 1720.0448251938767, 'Hn': 356.7002490912551}","{'HeI_3819.62': 394.57101496084346, 'HeI_4009.26': 213.61251564401925, 'HeI_4143.76': 278.8565494005732, 'HeI_4387.93': 456.18984893554205, 'HeI_4471.50': 105.80774403725822, 'HeI_4713.17': 77.6291525959942, 'HeI_4921.93': 573.5766502379303, 'Hf': 1732.0730154338623, 'Hn': 373.48039225743327}","{'HeI_3819.62': 462.7553733612249, 'HeI_4009.26': 217.19257822071353, 'HeI_4143.76': 286.34534611203014, 'HeI_4387.93': 469.332098457315, 'HeI_4471.50': 142.34290234431188, 'HeI_4713.17': 100.35222332267304, 'HeI_4921.93': 591.1875683026428, 'Hf': 1749.3818814045592, 'Hn': 394.8122308419309}","{'HeI_3819.62': 531.5901200727441, 'HeI_4009.26': 220.56147967334624, 'HeI_4143.76': 293.3171916552118, 'HeI_4387.93': 481.62963567393916, 'HeI_4471.50': 185.78879608043903, 'HeI_4713.17': 121.07341322935372, 'HeI_4921.93': 607.9367936696942, 'Hf': 1770.1685738402193, 'Hn': 420.7255901957466}","{'HeI_3819.62': 595.2723214167077, 'HeI_4009.26': 223.5150261876969, 'HeI_4143.76': 299.5159493223599, 'HeI_4387.93': 492.3149052117306, 'HeI_4471.50': 230.16533639273902, 'HeI_4713.17': 138.75202361188718, 'HeI_4921.93': 623.1300052426302, 'Hf': 1793.1641080392956, 'Hn': 450.3101115541852}","{'HeI_3819.62': 653.0504251530357, 'HeI_4009.26': 226.02914054906256, 'HeI_4143.76': 305.04813152188103, 'HeI_4387.93': 501.4864981367447, 'HeI_4471.50': 272.9453503902373, 'HeI_4713.17': 153.80567896518025, 'HeI_4921.93': 636.8501923332965, 'Hf': 1817.7361002323617, 'Hn': 483.22860243516374}","{'HeI_3819.62': 705.1804156910895, 'HeI_4009.26': 228.08194630689005, 'HeI_4143.76': 310.0370231940369, 'HeI_4387.93': 509.39258596772123, 'HeI_4471.50': 313.1864791205224, 'HeI_4713.17': 166.80097543260445, 'HeI_4921.93': 649.3368531328362, 'Hf': 1842.9265941544, 'Hn': 519.2754397523246}"
T39000logg3.6,"{'HeI_3819.62': 1450.3039145099906, 'HeI_4009.26': 309.2013424376521, 'HeI_4143.76': 410.33075731692514, 'HeI_4387.93': 807.3875575155877, 'HeI_4471.50': 571.6534600054844, 'HeI_4713.17': 275.91185693539416, 'HeI_4921.93': 905.9305082261628, 'Hf': 831.7391830144029, 'Hn': 249.67291125538762}","{'HeI_3819.62': 1462.7359511096754, 'HeI_4009.26': 308.80662588738613, 'HeI_4143.76': 409.2560031919338, 'HeI_4387.93': 804.9607902845813, 'HeI_4471.50': 581.60514242347, 'HeI_4713.17': 279.90257453972964, 'HeI_4921.93': 900.2879403493673, 'Hf': 740.4143811112655, 'Hn': 189.81833906838287}","{'HeI_3819.62': 1478.4859848866424, 'HeI_4009.26': 308.35382067161214, 'HeI_4143.76': 408.0352055770764, 'HeI_4387.93': 802.3629002171572, 'HeI_4471.50': 604.8110635272053, 'HeI_4713.17': 285.0792664763111, 'HeI_4921.93': 894.2500858419845, 'Hf': 658.6817262094477, 'Hn': 137.62008690783907}","{'HeI_3819.62': 1494.9143930564148, 'HeI_4009.26': 307.8960317005655, 'HeI_4143.76': 406.8272845387933, 'HeI_4387.93': 799.6976200146503, 'HeI_4471.50': 634.3185368723896, 'HeI_4713.17': 290.35035334654594, 'HeI_4921.93': 888.2018948073809, 'Hf': 596.1279757920547, 'Hn': 99.64712301004006}","{'HeI_3819.62': 1510.6588645824124, 'HeI_4009.26': 307.462299871122, 'HeI_4143.76': 405.7942747982819, 'HeI_4387.93': 797.061387495668, 'HeI_4471.50': 665.9158533993703, 'HeI_4713.17': 295.00820008793846, 'HeI_4921.93': 882.4988462831659, 'Hf': 556.4435317547889, 'Hn': 78.08424903400096}","{'HeI_3819.62': 1524.8322906155338, 'HeI_4009.26': 307.06337669148155, 'HeI_4143.76': 405.01796813083087, 'HeI_4387.93': 794.5526222465716, 'HeI_4471.50': 696.8066161766866, 'HeI_4713.17': 298.94301285679546, 'HeI_4921.93': 877.2668135848683, 'Hf': 538.9220844620328, 'Hn': 72.88557378378661}","{'HeI_3819.62': 1537.0372089521604, 'HeI_4009.26': 306.69061866939023, 'HeI_4143.76': 404.5371045286716, 'HeI_4387.93': 792.308057454877, 'HeI_4471.50': 724.7224969957045, 'HeI_4713.17': 302.14055324933713, 'HeI_4921.93': 872.7677938418151, 'Hf': 540.6102495768642, 'Hn': 83.09142231332453}","{'HeI_3819.62': 1547.441789952076, 'HeI_4009.26': 306.31802847210236, 'HeI_4143.76': 404.32682012028755, 'HeI_4387.93': 790.3463081085649, 'HeI_4471.50': 749.6103055169414, 'HeI_4713.17': 304.7717514550386, 'HeI_4921.93': 868.9040256471098, 'Hf': 557.1157223839105, 'Hn': 106.70380589041048}","{'HeI_3819.62': 1556.3521995319188, 'HeI_4009.26': 305.9171321079977, 'HeI_4143.76': 404.36343375344546, 'HeI_4387.93': 788.665212455871, 'HeI_4471.50': 771.6901402549629, 'HeI_4713.17': 306.928129707681, 'HeI_4921.93': 865.5581827870948, 'Hf': 584.4350723941815, 'Hn': 142.1830832771885}"
T39000logg3.8,"{'HeI_3819.62': 1159.751581591417, 'HeI_4009.26': 314.9036496122175, 'HeI_4143.76': 410.8501517504817, 'HeI_4387.93': 820.9392807715061, 'HeI_4471.50': 485.8279111507809, 'HeI_4713.17': 199.21336909628556, 'HeI_4921.93': 985.046326970048, 'Hf': 661.2591379224538, 'Hn': 74.43999708911609}","{'HeI_3819.62': 1178.9945968817478, 'HeI_4009.26': 313.87701771679446, 'HeI_4143.76': 409.15401336025747, 'HeI_4387.93': 817.5537532203671, 'HeI_4471.50': 456.25035931502447, 'HeI_4713.17': 206.61543330250998, 'HeI_4921.93': 973.9490318277452, 'Hf': 632.3173955618247, 'Hn': 60.67884393631263}","{'HeI_3819.62': 1209.9130654460096, 'HeI_4009.26': 312.76591802963026, 'HeI_4143.76': 407.3738524115494, 'HeI_4387.93': 813.8967759454063, 'HeI_4471.50': 469.43481778022704, 'HeI_4713.17': 218.05584529611437, 'HeI_4921.93': 962.535693263913, 'Hf': 612.1233953896835, 'Hn': 53.17949914564841}","{'HeI_3819.62': 1244.6481225357572, 'HeI_4009.26': 311.73037524228937, 'HeI_4143.76': 405.7655274192961, 'HeI_4387.93': 810.2863820027385, 'HeI_4471.50': 502.97757116769316, 'HeI_4713.17': 230.35008299928668, 'HeI_4921.93': 951.4286092344405, 'Hf': 603.9716794068421, 'Hn': 54.22693205241275}","{'HeI_3819.62': 1279.0988853939584, 'HeI_4009.26': 310.8363138433837, 'HeI_4143.76': 404.6684126335864, 'HeI_4387.93': 807.0286747730875, 'HeI_4471.50': 543.7227128603532, 'HeI_4713.17': 241.6656085002943, 'HeI_4921.93': 941.1588468301754, 'Hf': 608.5000962988379, 'Hn': 64.27228855734347}","{'HeI_3819.62': 1311.1817914044161, 'HeI_4009.26': 310.11096341744303, 'HeI_4143.76': 404.3011381128183, 'HeI_4387.93': 804.1893260653725, 'HeI_4471.50': 584.6330635218385, 'HeI_4713.17': 251.53606674393043, 'HeI_4921.93': 931.8923630621355, 'Hf': 624.0693543104065, 'Hn': 83.21441924161591}","{'HeI_3819.62': 1339.1323752876972, 'HeI_4009.26': 309.53974774784956, 'HeI_4143.76': 404.7296153451783, 'HeI_4387.93': 801.867139444427, 'HeI_4471.50': 621.6222144801977, 'HeI_4713.17': 259.68411336485445, 'HeI_4921.93': 923.9775081236633, 'Hf': 648.7095889476628, 'Hn': 109.98515175171403}","{'HeI_3819.62': 1363.4316893835478, 'HeI_4009.26': 309.0662398187238, 'HeI_4143.76': 405.9158476226704, 'HeI_4387.93': 800.0095815930458, 'HeI_4471.50': 654.1813523489596, 'HeI_4713.17': 266.4654608651322, 'HeI_4921.93': 917.1759057646954, 'Hf': 680.0355348104702, 'Hn': 143.8444053327103}","{'HeI_3819.62': 1384.9815144746842, 'HeI_4009.26': 308.6485025063401, 'HeI_4143.76': 407.81185996946533, 'HeI_4387.93': 798.5255307393088, 'HeI_4471.50': 682.6996562788386, 'HeI_4713.17': 272.259757670736, 'HeI_4921.93': 911.2174284507297, 'Hf': 716.1015269745816, 'Hn': 184.32796165719446}"
T39000logg4.0,"{'HeI_3819.62': 604.5656890568143, 'HeI_4009.26': 287.37950317863175, 'HeI_4143.76': 381.30075111303705, 'HeI_4387.93': 691.2298296413784, 'HeI_4471.50': 205.42419097360943, 'HeI_4713.17': 79.61222188549227, 'HeI_4921.93': 914.56199091466, 'Hf': 1303.5511418039682, 'Hn': 199.83945775274722}","{'HeI_3819.62': 609.0287474296206, 'HeI_4009.26': 287.0007651567019, 'HeI_4143.76': 381.16041974459455, 'HeI_4387.93': 690.4169823776149, 'HeI_4471.50': 153.2697782762006, 'HeI_4713.17': 80.00407521243758, 'HeI_4921.93': 906.715171359271, 'Hf': 1280.2209384437388, 'Hn': 191.05560478811094}","{'HeI_3819.62': 649.1543901153734, 'HeI_4009.26': 286.57676242193406, 'HeI_4143.76': 380.9793484648425, 'HeI_4387.93': 690.6697767308395, 'HeI_4471.50': 149.82944410724102, 'HeI_4713.17': 95.42603473474588, 'HeI_4921.93': 898.5036591052921, 'Hf': 1260.7495743637517, 'Hn': 185.88223843153958}","{'HeI_3819.62': 705.3100933110477, 'HeI_4009.26': 286.15558866980734, 'HeI_4143.76': 380.7930013848009, 'HeI_4387.93': 691.1735594668173, 'HeI_4471.50': 175.03574648283615, 'HeI_4713.17': 116.06391399736937, 'HeI_4921.93': 890.3399722765829, 'Hf': 1248.332612069621, 'Hn': 186.4166910083873}","{'HeI_3819.62': 766.051710977934, 'HeI_4009.26': 285.75018591025366, 'HeI_4143.76': 380.66793397244567, 'HeI_4387.93': 691.5783049225071, 'HeI_4471.50': 215.49042743257925, 'HeI_4713.17': 136.41749849336742, 'HeI_4921.93': 882.7298245585519, 'Hf': 1244.082744255904, 'Hn': 193.7147301884031}","{'HeI_3819.62': 824.3710937446186, 'HeI_4009.26': 285.34890167765366, 'HeI_4143.76': 380.64893274136267, 'HeI_4387.93': 691.6590356130584, 'HeI_4471.50': 261.8381922418398, 'HeI_4713.17': 154.53756373003898, 'HeI_4921.93': 875.8426098332903, 'Hf': 1247.5593938907828, 'Hn': 208.21812273967043}","{'HeI_3819.62': 877.2133195243756, 'HeI_4009.26': 284.9231827350825, 'HeI_4143.76': 380.7511060552828, 'HeI_4387.93': 691.3688620273197, 'HeI_4471.50': 307.4711196570962, 'HeI_4713.17': 169.76503226923944, 'HeI_4921.93': 870.0824090172807, 'Hf': 1257.8107340888705, 'Hn': 229.5643237950361}","{'HeI_3819.62': 924.2352315173054, 'HeI_4009.26': 284.42543547296697, 'HeI_4143.76': 380.9739323238848, 'HeI_4387.93': 690.7928512543706, 'HeI_4471.50': 350.4703887470498, 'HeI_4713.17': 182.61861054548203, 'HeI_4921.93': 865.2910624304856, 'Hf': 1273.8024363456093, 'Hn': 257.36730052675085}","{'HeI_3819.62': 966.1844859768177, 'HeI_4009.26': 283.80523893661695, 'HeI_4143.76': 381.3247468233022, 'HeI_4387.93': 690.0538704333899, 'HeI_4471.50': 390.1451498021335, 'HeI_4713.17': 193.6882424034536, 'HeI_4921.93': 861.3029194898738, 'Hf': 1294.0896738890315, 'Hn': 291.43894468347077}"
T39000logg4.2,"{'HeI_3819.62': 1263.5989721193457, 'HeI_4009.26': 286.20204941320304, 'HeI_4143.76': 404.67133119028296, 'HeI_4387.93': 763.7287626208742, 'HeI_4471.50': 615.7959223866825, 'HeI_4713.17': 271.96323514671906, 'HeI_4921.93': 971.9316366972653, 'Hf': 1412.9393616800378, 'Hn': 293.64119643491995}","{'HeI_3819.62': 1272.5726850198623, 'HeI_4009.26': 285.5263799303629, 'HeI_4143.76': 403.04030553165666, 'HeI_4387.93': 757.7461228629894, 'HeI_4471.50': 627.1842511920693, 'HeI_4713.17': 275.2909585857991, 'HeI_4921.93': 960.427149233613, 'Hf': 1410.4319501189643, 'Hn': 298.69004453122056}","{'HeI_3819.62': 1283.5464662608194, 'HeI_4009.26': 284.76648780984186, 'HeI_4143.76': 401.2777954189959, 'HeI_4387.93': 751.0687506173986, 'HeI_4471.50': 648.7508209211479, 'HeI_4713.17': 279.3843047527867, 'HeI_4921.93': 948.5383725771356, 'Hf': 1412.2487190895722, 'Hn': 308.2844898428265}","{'HeI_3819.62': 1294.6947967212352, 'HeI_4009.26': 284.0222599230422, 'HeI_4143.76': 399.63229076568314, 'HeI_4387.93': 744.365959697371, 'HeI_4471.50': 674.9488800109021, 'HeI_4713.17': 283.4831746369321, 'HeI_4921.93': 936.9371277422698, 'Hf': 1418.829064674509, 'Hn': 322.6893461467858}","{'HeI_3819.62': 1304.9568091689935, 'HeI_4009.26': 283.34911501600163, 'HeI_4143.76': 398.3973439875112, 'HeI_4387.93': 738.108608656874, 'HeI_4471.50': 702.4161409542814, 'HeI_4713.17': 287.10397216519465, 'HeI_4921.93': 926.1806411331567, 'Hf': 1430.411985633791, 'Hn': 341.7403137754614}","{'HeI_3819.62': 1313.9246974338214, 'HeI_4009.26': 282.7612261663725, 'HeI_4143.76': 397.74814423057387, 'HeI_4387.93': 732.5234750890745, 'HeI_4471.50': 728.9622182717269, 'HeI_4713.17': 290.1701596686624, 'HeI_4921.93': 916.4690634529869, 'Hf': 1446.19577903484, 'Hn': 365.45688796360486}","{'HeI_3819.62': 1321.2147674315706, 'HeI_4009.26': 282.26265254650036, 'HeI_4143.76': 397.751852244075, 'HeI_4387.93': 727.9501166993185, 'HeI_4471.50': 753.0064322398939, 'HeI_4713.17': 292.66827520226246, 'HeI_4921.93': 908.1434162963316, 'Hf': 1465.1640454150702, 'Hn': 392.99989577382837}","{'HeI_3819.62': 1327.1308536813715, 'HeI_4009.26': 281.81562114883786, 'HeI_4143.76': 398.3744770988625, 'HeI_4387.93': 724.3597391376452, 'HeI_4471.50': 774.3820063669604, 'HeI_4713.17': 294.71403565113513, 'HeI_4921.93': 900.9970241684783, 'Hf': 1486.006631581587, 'Hn': 424.117671982114}","{'HeI_3819.62': 1332.0450291571024, 'HeI_4009.26': 281.3926897600023, 'HeI_4143.76': 399.55497462832983, 'HeI_4387.93': 721.6469750023091, 'HeI_4471.50': 793.3203458276023, 'HeI_4713.17': 296.38054777432365, 'HeI_4921.93': 894.7847032619379, 'Hf': 1507.564863961127, 'Hn': 458.6882462897597}"
T40000logg3.6,"{'HeI_3819.62': 1539.4362785197798, 'HeI_4009.26': 305.682108557165, 'HeI_4143.76': 405.37926898032447, 'HeI_4387.93': 802.2333218938156, 'HeI_4471.50': 723.9637823760352, 'HeI_4713.17': 304.711869563445, 'HeI_4921.93': 885.273248776004, 'Hf': 739.6932475589914, 'Hn': 242.68977695980794}","{'HeI_3819.62': 1547.4429476438545, 'HeI_4009.26': 305.424423493079, 'HeI_4143.76': 404.6031334251713, 'HeI_4387.93': 800.521025171301, 'HeI_4471.50': 736.5347506631309, 'HeI_4713.17': 307.28450256041094, 'HeI_4921.93': 881.1446964887142, 'Hf': 651.0551200795275, 'Hn': 182.80060114574133}","{'HeI_3819.62': 1557.0742233448273, 'HeI_4009.26': 305.1253139783396, 'HeI_4143.76': 403.71823991741206, 'HeI_4387.93': 798.6450891200086, 'HeI_4471.50': 756.2657165081401, 'HeI_4713.17': 310.38555475247017, 'HeI_4921.93': 876.6951920183446, 'Hf': 572.6772586038046, 'Hn': 131.3521966796191}","{'HeI_3819.62': 1566.9489822133041, 'HeI_4009.26': 304.82036216256495, 'HeI_4143.76': 402.8477512646964, 'HeI_4387.93': 796.694975468018, 'HeI_4471.50': 779.1300846411075, 'HeI_4713.17': 313.4753487855699, 'HeI_4921.93': 872.2328135193304, 'Hf': 514.106074098924, 'Hn': 94.91036610994388}","{'HeI_3819.62': 1576.3585559487437, 'HeI_4009.26': 304.5314153153884, 'HeI_4143.76': 402.12083357118655, 'HeI_4387.93': 794.7511830663344, 'HeI_4471.50': 802.6454426510013, 'HeI_4713.17': 316.18731151172176, 'HeI_4921.93': 868.0247506578459, 'Hf': 479.0165580146552, 'Hn': 75.46951510974698}","{'HeI_3819.62': 1584.8203653320418, 'HeI_4009.26': 304.26668183192663, 'HeI_4143.76': 401.6007220355674, 'HeI_4387.93': 792.8650119313779, 'HeI_4471.50': 825.1747595187809, 'HeI_4713.17': 318.4767429020754, 'HeI_4921.93': 864.1679002981393, 'Hf': 466.34519841209124, 'Hn': 72.70699148967168}","{'HeI_3819.62': 1592.0459609144177, 'HeI_4009.26': 304.0216735410488, 'HeI_4143.76': 401.32159562230765, 'HeI_4387.93': 791.1586123574353, 'HeI_4471.50': 845.3235201406109, 'HeI_4713.17': 320.33341651686095, 'HeI_4921.93': 860.8492570487614, 'Hf': 473.044959307979, 'Hn': 85.46700858059346}","{'HeI_3819.62': 1598.085952020665, 'HeI_4009.26': 303.7808887504067, 'HeI_4143.76': 401.26380691802177, 'HeI_4387.93': 789.6454595790656, 'HeI_4471.50': 863.1491663339574, 'HeI_4713.17': 321.8505189884224, 'HeI_4921.93': 857.9965749448177, 'Hf': 494.5093390060009, 'Hn': 111.60144141557227}","{'HeI_3819.62': 1603.0446226707272, 'HeI_4009.26': 303.5279331191066, 'HeI_4143.76': 401.40985926532153, 'HeI_4387.93': 788.3292302549341, 'HeI_4471.50': 878.8836097285647, 'HeI_4713.17': 323.08074232808815, 'HeI_4921.93': 855.5224046194169, 'Hf': 526.6506478530827, 'Hn': 149.43172196974334}"
T40000logg3.8,"{'HeI_3819.62': 1255.4435012281158, 'HeI_4009.26': 298.368139845655, 'HeI_4143.76': 400.2851210216162, 'HeI_4387.93': 751.8524080073273, 'HeI_4471.50': 455.03353534720435, 'HeI_4713.17': 228.26400183418156, 'HeI_4921.93': 926.3304846536441, 'Hf': 973.7108324075701, 'Hn': 164.88543043728197}","{'HeI_3819.62': 1271.5037788389325, 'HeI_4009.26': 297.78077594933393, 'HeI_4143.76': 399.0345754564187, 'HeI_4387.93': 749.5516064574235, 'HeI_4471.50': 458.1910116868053, 'HeI_4713.17': 234.26488515842797, 'HeI_4921.93': 918.2857817240938, 'Hf': 939.2986127699136, 'Hn': 143.27950410006832}","{'HeI_3819.62': 1293.9534629891275, 'HeI_4009.26': 297.10772588941046, 'HeI_4143.76': 397.5996320205894, 'HeI_4387.93': 747.3133973160385, 'HeI_4471.50': 480.9181196173917, 'HeI_4713.17': 242.45137072589063, 'HeI_4921.93': 909.8721464809195, 'Hf': 908.3280059973529, 'Hn': 124.84107006657979}","{'HeI_3819.62': 1318.3984297741, 'HeI_4009.26': 296.4204888361831, 'HeI_4143.76': 396.13839256392913, 'HeI_4387.93': 744.9945795115061, 'HeI_4471.50': 513.7374552576119, 'HeI_4713.17': 251.07144906401612, 'HeI_4921.93': 901.3851302223806, 'Hf': 885.5262173910266, 'Hn': 113.00292894929923}","{'HeI_3819.62': 1341.746669848402, 'HeI_4009.26': 295.7837232268282, 'HeI_4143.76': 394.90367384825123, 'HeI_4387.93': 742.7022260843303, 'HeI_4471.50': 550.1678692422486, 'HeI_4713.17': 258.68661372533137, 'HeI_4921.93': 893.5443522355035, 'Hf': 873.938927874877, 'Hn': 110.1199837177295}","{'HeI_3819.62': 1363.2190782075481, 'HeI_4009.26': 295.195146754406, 'HeI_4143.76': 393.9790396562993, 'HeI_4387.93': 740.4148633049542, 'HeI_4471.50': 586.2688556969457, 'HeI_4713.17': 265.16825346749124, 'HeI_4921.93': 886.4684522034399, 'Hf': 872.4833731825775, 'Hn': 116.80080250928592}","{'HeI_3819.62': 1381.8902714815306, 'HeI_4009.26': 294.65135112982944, 'HeI_4143.76': 393.41155944778484, 'HeI_4387.93': 738.2326846879307, 'HeI_4471.50': 619.1253207875881, 'HeI_4713.17': 270.50494681856304, 'HeI_4921.93': 880.4692708707626, 'Hf': 881.1683445737923, 'Hn': 132.9597958543328}","{'HeI_3819.62': 1397.9612320450794, 'HeI_4009.26': 294.1186716468639, 'HeI_4143.76': 393.18227590269646, 'HeI_4387.93': 736.1887587903957, 'HeI_4471.50': 648.9573181754087, 'HeI_4713.17': 274.9700457753932, 'HeI_4921.93': 875.3410544599933, 'Hf': 898.5173626932465, 'Hn': 158.22228861258085}","{'HeI_3819.62': 1411.749167977593, 'HeI_4009.26': 293.5728919723128, 'HeI_4143.76': 393.2634323573794, 'HeI_4387.93': 734.334118825834, 'HeI_4471.50': 675.4390526642021, 'HeI_4713.17': 278.7126936655221, 'HeI_4921.93': 871.0144563315207, 'Hf': 922.6800943309988, 'Hn': 191.64231866674191}"
T40000logg4.0,"{'HeI_3819.62': 1403.4331151081794, 'HeI_4009.26': 304.40151278004276, 'HeI_4143.76': 414.82804647047715, 'HeI_4387.93': 816.4371584537365, 'HeI_4471.50': 725.2935767278216, 'HeI_4713.17': 273.0821458175493, 'HeI_4921.93': 1050.339824576703, 'Hf': 828.3252587158488, 'Hn': 92.6493270083436}","{'HeI_3819.62': 1413.651539590802, 'HeI_4009.26': 303.3181617180591, 'HeI_4143.76': 412.60533568523533, 'HeI_4387.93': 810.5732004048053, 'HeI_4471.50': 731.8308575534056, 'HeI_4713.17': 276.91731509108206, 'HeI_4921.93': 1031.9706386549374, 'Hf': 816.1197367092162, 'Hn': 90.55606741442107}","{'HeI_3819.62': 1426.454323899945, 'HeI_4009.26': 302.12610483086587, 'HeI_4143.76': 410.2491302630263, 'HeI_4387.93': 804.045489520987, 'HeI_4471.50': 751.3702539930947, 'HeI_4713.17': 281.73320358059806, 'HeI_4921.93': 1013.6104903011977, 'Hf': 810.2667040071398, 'Hn': 93.7038454790573}","{'HeI_3819.62': 1439.597683542258, 'HeI_4009.26': 301.01155115473273, 'HeI_4143.76': 408.0941688735333, 'HeI_4387.93': 797.6015721751185, 'HeI_4471.50': 775.8165124929241, 'HeI_4713.17': 286.5818631213013, 'HeI_4921.93': 996.1056615568657, 'Hf': 812.7000777363378, 'Hn': 103.321634097524}","{'HeI_3819.62': 1452.0329849541906, 'HeI_4009.26': 300.053075149501, 'HeI_4143.76': 406.6161325159681, 'HeI_4387.93': 791.7642989453793, 'HeI_4471.50': 801.2108377344696, 'HeI_4713.17': 290.9658240627748, 'HeI_4921.93': 979.9064093905445, 'Hf': 823.7976261995383, 'Hn': 119.85955116691821}","{'HeI_3819.62': 1463.194704536863, 'HeI_4009.26': 299.2732552306221, 'HeI_4143.76': 406.1035233171581, 'HeI_4387.93': 786.7769048127687, 'HeI_4471.50': 824.4462645367108, 'HeI_4713.17': 294.6744785481041, 'HeI_4921.93': 965.7655568516847, 'Hf': 842.6729671585391, 'Hn': 142.73501747524227}","{'HeI_3819.62': 1472.8494163524108, 'HeI_4009.26': 298.6513949785278, 'HeI_4143.76': 406.6588043038865, 'HeI_4387.93': 782.6197757157541, 'HeI_4471.50': 844.8439087579441, 'HeI_4713.17': 297.789810401698, 'HeI_4921.93': 953.5346931186327, 'Hf': 867.8867839821938, 'Hn': 171.847648825347}","{'HeI_3819.62': 1481.2670265410354, 'HeI_4009.26': 298.1280982972359, 'HeI_4143.76': 408.22858362675305, 'HeI_4387.93': 779.2986076908887, 'HeI_4471.50': 862.3072804976496, 'HeI_4713.17': 300.36582486640236, 'HeI_4921.93': 943.1713554338755, 'Hf': 897.5980442931411, 'Hn': 206.25550092568042}","{'HeI_3819.62': 1488.9395055994696, 'HeI_4009.26': 297.66804607334285, 'HeI_4143.76': 410.77823063743267, 'HeI_4387.93': 776.665005771223, 'HeI_4471.50': 877.4834624523927, 'HeI_4713.17': 302.5797920832333, 'HeI_4921.93': 934.1057995055336, 'Hf': 930.0342891928268, 'Hn': 245.91089136574237}"
T40000logg4.2,"{'HeI_3819.62': 1027.1985038728837, 'HeI_4009.26': 298.3576418936447, 'HeI_4143.76': 420.89612869966555, 'HeI_4387.93': 816.0252228626653, 'HeI_4471.50': 423.7948295325469, 'HeI_4713.17': 191.01523799948012, 'HeI_4921.93': 1013.4820010246642, 'Hf': 1137.8149340068721, 'Hn': 181.08582443546902}","{'HeI_3819.62': 1044.4342916409914, 'HeI_4009.26': 297.1785406870248, 'HeI_4143.76': 418.35907112301027, 'HeI_4387.93': 809.1323729504708, 'HeI_4471.50': 414.52315872130396, 'HeI_4713.17': 197.74122192754106, 'HeI_4921.93': 998.8600521760275, 'Hf': 1132.9476894477746, 'Hn': 185.74345131476045}","{'HeI_3819.62': 1072.8084748761312, 'HeI_4009.26': 295.85570903294, 'HeI_4143.76': 415.53504279802587, 'HeI_4387.93': 801.2928035480354, 'HeI_4471.50': 434.715904522857, 'HeI_4713.17': 208.7473621940867, 'HeI_4921.93': 983.6598698869874, 'Hf': 1133.930267709942, 'Hn': 195.69327084724793}","{'HeI_3819.62': 1104.372273903486, 'HeI_4009.26': 294.5902770775169, 'HeI_4143.76': 412.86191453223694, 'HeI_4387.93': 793.4189981180821, 'HeI_4471.50': 468.95093453188935, 'HeI_4713.17': 220.46811640356069, 'HeI_4921.93': 969.0723723161789, 'Hf': 1141.1808635839684, 'Hn': 211.197411576162}","{'HeI_3819.62': 1135.740827301, 'HeI_4009.26': 293.45976332401386, 'HeI_4143.76': 410.7349719649953, 'HeI_4387.93': 785.8766839620945, 'HeI_4471.50': 509.1797399330397, 'HeI_4713.17': 231.21511335914425, 'HeI_4921.93': 955.433657859661, 'Hf': 1154.663099002348, 'Hn': 232.41075147827908}","{'HeI_3819.62': 1163.888829577752, 'HeI_4009.26': 292.5211763718043, 'HeI_4143.76': 409.450991421381, 'HeI_4387.93': 779.1837495760309, 'HeI_4471.50': 548.8380457318008, 'HeI_4713.17': 240.25697327698168, 'HeI_4921.93': 943.4389687146712, 'Hf': 1173.912212143612, 'Hn': 258.38179491882335}","{'HeI_3819.62': 1188.5096832640686, 'HeI_4009.26': 291.73590784990506, 'HeI_4143.76': 409.0566552659974, 'HeI_4387.93': 773.3905037263893, 'HeI_4471.50': 585.4756120173477, 'HeI_4713.17': 247.87076021222958, 'HeI_4921.93': 933.0304472799163, 'Hf': 1197.2092243798513, 'Hn': 289.0754974761942}","{'HeI_3819.62': 1209.4484557345893, 'HeI_4009.26': 291.0629290713094, 'HeI_4143.76': 409.5149397732474, 'HeI_4387.93': 768.6310541483671, 'HeI_4471.50': 618.2076255741464, 'HeI_4713.17': 254.19927620098738, 'HeI_4921.93': 924.1578162077396, 'Hf': 1222.787435090737, 'Hn': 323.53491375644467}","{'HeI_3819.62': 1227.7935983650482, 'HeI_4009.26': 290.45287026679705, 'HeI_4143.76': 410.75700030150597, 'HeI_4387.93': 764.7613435918183, 'HeI_4471.50': 647.3375865382484, 'HeI_4713.17': 259.53121282065445, 'HeI_4921.93': 916.4169145607179, 'Hf': 1249.3349548210915, 'Hn': 361.8270751551205}"
T41000logg3.6,"{'HeI_3819.62': 1630.9014753742708, 'HeI_4009.26': 302.82814857952167, 'HeI_4143.76': 396.56865951362767, 'HeI_4387.93': 786.2676201262748, 'HeI_4471.50': 896.9901739936283, 'HeI_4713.17': 325.4491184631686, 'HeI_4921.93': 860.8510721139281, 'Hf': 618.5564057016194, 'Hn': 251.8593016675543}","{'HeI_3819.62': 1635.2800078028583, 'HeI_4009.26': 302.68055533725254, 'HeI_4143.76': 396.1952742060777, 'HeI_4387.93': 785.6360211138589, 'HeI_4471.50': 906.3259547739575, 'HeI_4713.17': 325.86740396711457, 'HeI_4921.93': 858.5360311159054, 'Hf': 530.5869695019668, 'Hn': 189.17629787949343}","{'HeI_3819.62': 1640.4314881977955, 'HeI_4009.26': 302.51138797938887, 'HeI_4143.76': 395.76239715751785, 'HeI_4387.93': 784.8970932390829, 'HeI_4471.50': 918.6961241608112, 'HeI_4713.17': 326.7500900127564, 'HeI_4921.93': 856.0308275563947, 'Hf': 455.4715923454596, 'Hn': 136.70553004214062}","{'HeI_3819.62': 1645.8697508431435, 'HeI_4009.26': 302.34089953071236, 'HeI_4143.76': 395.3409184171131, 'HeI_4387.93': 784.0729104614575, 'HeI_4471.50': 932.3197890718118, 'HeI_4713.17': 327.7629137423433, 'HeI_4921.93': 853.483645173536, 'Hf': 402.02347621841085, 'Hn': 100.52015113801744}","{'HeI_3819.62': 1651.1299527005049, 'HeI_4009.26': 302.186890815746, 'HeI_4143.76': 395.030133617977, 'HeI_4387.93': 783.2179167389498, 'HeI_4471.50': 945.7694538775901, 'HeI_4713.17': 328.62351726073854, 'HeI_4921.93': 851.1087311134377, 'Hf': 374.4714031614716, 'Hn': 83.10430509813897}","{'HeI_3819.62': 1656.0799615625804, 'HeI_4009.26': 302.0491881292846, 'HeI_4143.76': 394.8816766481315, 'HeI_4387.93': 782.3518211691687, 'HeI_4471.50': 958.2667171512848, 'HeI_4713.17': 329.3206558096565, 'HeI_4921.93': 848.9552796444658, 'Hf': 370.1052652398135, 'Hn': 83.21609282203832}","{'HeI_3819.62': 1660.4102529118677, 'HeI_4009.26': 301.9245607016353, 'HeI_4143.76': 394.9187433819141, 'HeI_4387.93': 781.5256830702558, 'HeI_4471.50': 969.2480609268333, 'HeI_4713.17': 329.87761105149, 'HeI_4921.93': 847.1074305758458, 'Hf': 385.11732971108705, 'Hn': 99.05184730245965}","{'HeI_3819.62': 1664.169347356785, 'HeI_4009.26': 301.8006249322134, 'HeI_4143.76': 395.1427659473593, 'HeI_4387.93': 780.7482276003632, 'HeI_4471.50': 978.9312907701261, 'HeI_4713.17': 330.3121216116482, 'HeI_4921.93': 845.5085220678412, 'Hf': 414.7059591447119, 'Hn': 128.5837352326792}","{'HeI_3819.62': 1667.2761568620701, 'HeI_4009.26': 301.6708814440331, 'HeI_4143.76': 395.53651061828566, 'HeI_4387.93': 780.0525233501401, 'HeI_4471.50': 987.3726652807393, 'HeI_4713.17': 330.58526925125653, 'HeI_4921.93': 844.1417096219909, 'Hf': 454.51561762119286, 'Hn': 169.34547413072173}"
T41000logg3.8,"{'HeI_3819.62': 1590.3043274108059, 'HeI_4009.26': 311.9925822606363, 'HeI_4143.76': 412.76874162982296, 'HeI_4387.93': 817.9043843401862, 'HeI_4471.50': 815.5770454938547, 'HeI_4713.17': 294.44546473075536, 'HeI_4921.93': 996.7378678924574, 'Hf': 518.0307884507632, 'Hn': 69.9394287561785}","{'HeI_3819.62': 1598.139352230424, 'HeI_4009.26': 311.1639119959591, 'HeI_4143.76': 410.83701778485147, 'HeI_4387.93': 814.1041933671063, 'HeI_4471.50': 822.2195165071354, 'HeI_4713.17': 296.91586520788786, 'HeI_4921.93': 983.3569836032782, 'Hf': 495.4126917712933, 'Hn': 55.97866249358991}","{'HeI_3819.62': 1608.0124856989967, 'HeI_4009.26': 310.2496385072442, 'HeI_4143.76': 408.7376375332393, 'HeI_4387.93': 809.9326075812818, 'HeI_4471.50': 839.1591649729985, 'HeI_4713.17': 300.06069717823567, 'HeI_4921.93': 969.9213679593249, 'Hf': 480.4701358516522, 'Hn': 47.99435243362206}","{'HeI_3819.62': 1618.1892624725324, 'HeI_4009.26': 309.3825271674168, 'HeI_4143.76': 406.70977702774127, 'HeI_4387.93': 805.7187414285066, 'HeI_4471.50': 860.1628760994598, 'HeI_4713.17': 303.3158822613381, 'HeI_4921.93': 956.7591472187181, 'Hf': 476.2352924314195, 'Hn': 48.44945229843659}","{'HeI_3819.62': 1627.5285693877272, 'HeI_4009.26': 308.6553584054449, 'HeI_4143.76': 405.15180031302555, 'HeI_4387.93': 801.9369354098756, 'HeI_4471.50': 881.0709097647199, 'HeI_4713.17': 306.1732670584896, 'HeI_4921.93': 944.7836472017203, 'Hf': 483.7363981921799, 'Hn': 58.1735779143532}","{'HeI_3819.62': 1635.80789875576, 'HeI_4009.26': 308.07524440659193, 'HeI_4143.76': 404.2385291883725, 'HeI_4387.93': 798.6369937271858, 'HeI_4471.50': 900.1306059911659, 'HeI_4713.17': 308.61480389828574, 'HeI_4921.93': 934.0947973365485, 'Hf': 502.1304206233946, 'Hn': 77.07830853866136}","{'HeI_3819.62': 1642.705157073373, 'HeI_4009.26': 307.6356198877302, 'HeI_4143.76': 404.037525957386, 'HeI_4387.93': 795.8825357249532, 'HeI_4471.50': 916.3301704085503, 'HeI_4713.17': 310.6419885862908, 'HeI_4921.93': 925.0346372831929, 'Hf': 529.5216265966724, 'Hn': 104.1423632908079}","{'HeI_3819.62': 1648.6649462236853, 'HeI_4009.26': 307.28209976608434, 'HeI_4143.76': 404.53335804972613, 'HeI_4387.93': 793.6118951112161, 'HeI_4471.50': 930.1373978984371, 'HeI_4713.17': 312.3475985898462, 'HeI_4921.93': 917.2167549694104, 'Hf': 563.9365856840018, 'Hn': 138.97831581645397}","{'HeI_3819.62': 1654.2114266355948, 'HeI_4009.26': 306.98336839893375, 'HeI_4143.76': 405.6527815601423, 'HeI_4387.93': 791.7754637998851, 'HeI_4471.50': 941.8589220304863, 'HeI_4713.17': 313.72207158237285, 'HeI_4921.93': 910.4936009372581, 'Hf': 603.2381533516032, 'Hn': 180.31431625511937}"
T41000logg4.0,"{'HeI_3819.62': 1552.6366778549748, 'HeI_4009.26': 288.0253041601765, 'HeI_4143.76': 387.4491815991978, 'HeI_4387.93': 752.7832624498509, 'HeI_4471.50': 986.7092499363553, 'HeI_4713.17': 313.6691225250947, 'HeI_4921.93': 879.9444322839851, 'Hf': 895.2216074200109, 'Hn': 110.25028328078419}","{'HeI_3819.62': 1555.0888274609779, 'HeI_4009.26': 287.8668372526895, 'HeI_4143.76': 387.11314194292413, 'HeI_4387.93': 751.0192263329837, 'HeI_4471.50': 991.2525730542176, 'HeI_4713.17': 314.3953736660983, 'HeI_4921.93': 876.0332794356782, 'Hf': 883.2254719281225, 'Hn': 107.83276274880343}","{'HeI_3819.62': 1557.8313059529426, 'HeI_4009.26': 287.7035857171567, 'HeI_4143.76': 386.8142792562802, 'HeI_4387.93': 749.0761903460876, 'HeI_4471.50': 998.0997690856103, 'HeI_4713.17': 315.2489567213966, 'HeI_4921.93': 871.8398397033409, 'Hf': 877.0962161860416, 'Hn': 110.4006820659084}","{'HeI_3819.62': 1560.4933144236118, 'HeI_4009.26': 287.5866194784982, 'HeI_4143.76': 386.6686930690227, 'HeI_4387.93': 747.1396856827496, 'HeI_4471.50': 1005.5561324617765, 'HeI_4713.17': 316.1048866976541, 'HeI_4921.93': 867.6885666111526, 'Hf': 878.7267270085347, 'Hn': 119.1639495498467}","{'HeI_3819.62': 1562.871966746545, 'HeI_4009.26': 287.5205715371307, 'HeI_4143.76': 386.8679713694254, 'HeI_4387.93': 745.3928207705632, 'HeI_4471.50': 1012.578331457622, 'HeI_4713.17': 316.90743565376926, 'HeI_4921.93': 863.8529678944791, 'Hf': 888.3889594281371, 'Hn': 134.39900300759652}","{'HeI_3819.62': 1564.902766757168, 'HeI_4009.26': 287.50285209341826, 'HeI_4143.76': 387.57437574762, 'HeI_4387.93': 743.9175372241175, 'HeI_4471.50': 1018.676815896644, 'HeI_4713.17': 317.6285912475777, 'HeI_4921.93': 860.4643386409005, 'Hf': 905.3529351118693, 'Hn': 155.88278254091605}","{'HeI_3819.62': 1566.5745549158185, 'HeI_4009.26': 287.5211274486982, 'HeI_4143.76': 388.86973415103205, 'HeI_4387.93': 742.7605277441495, 'HeI_4471.50': 1023.7680938333697, 'HeI_4713.17': 318.24721456622297, 'HeI_4921.93': 857.5747483630237, 'Hf': 928.1874163778026, 'Hn': 183.2588659625068}","{'HeI_3819.62': 1568.1489524680246, 'HeI_4009.26': 287.5498269935753, 'HeI_4143.76': 390.76952033948817, 'HeI_4387.93': 741.9080349795726, 'HeI_4471.50': 1027.9587984590053, 'HeI_4713.17': 318.7706452025338, 'HeI_4921.93': 855.1125874066003, 'Hf': 955.4920778142598, 'Hn': 216.05388987663522}","{'HeI_3819.62': 1569.9226945601765, 'HeI_4009.26': 287.56768225283537, 'HeI_4143.76': 393.24315286430624, 'HeI_4387.93': 741.3214390069414, 'HeI_4471.50': 1031.4972750076652, 'HeI_4713.17': 319.21877128800327, 'HeI_4921.93': 852.9788045894509, 'Hf': 985.5098852888855, 'Hn': 253.8637530614835}"
T41000logg4.2,"{'HeI_3819.62': 1032.7892726104424, 'HeI_4009.26': 294.8965132161333, 'HeI_4143.76': 408.9904823333239, 'HeI_4387.93': 778.6256744225084, 'HeI_4471.50': 430.9558167257442, 'HeI_4713.17': 186.9996541462382, 'HeI_4921.93': 989.0611154453643, 'Hf': 1036.4280716787575, 'Hn': 143.21287020144078}","{'HeI_3819.62': 1050.4939695375374, 'HeI_4009.26': 293.9894905706262, 'HeI_4143.76': 406.93880570953763, 'HeI_4387.93': 774.3538014710655, 'HeI_4471.50': 420.77620745465424, 'HeI_4713.17': 194.00079896873024, 'HeI_4921.93': 976.4392383081165, 'Hf': 1031.706783206503, 'Hn': 147.98964979987895}","{'HeI_3819.62': 1079.6420335312348, 'HeI_4009.26': 292.97279708467994, 'HeI_4143.76': 404.6640607369585, 'HeI_4387.93': 769.3944273832944, 'HeI_4471.50': 440.62703364030426, 'HeI_4713.17': 205.32828777022362, 'HeI_4921.93': 963.2919549351727, 'Hf': 1032.4790371867239, 'Hn': 158.05759611334258}","{'HeI_3819.62': 1111.7536160149098, 'HeI_4009.26': 292.0280713798034, 'HeI_4143.76': 402.56231575657165, 'HeI_4387.93': 764.4577121445354, 'HeI_4471.50': 474.8296857613965, 'HeI_4713.17': 217.40837716261277, 'HeI_4921.93': 950.6405698705306, 'Hf': 1039.7372596356468, 'Hn': 173.71472574784377}","{'HeI_3819.62': 1143.7325401416276, 'HeI_4009.26': 291.2036042059779, 'HeI_4143.76': 400.99858067127724, 'HeI_4387.93': 759.8436250570406, 'HeI_4471.50': 514.873645956269, 'HeI_4713.17': 228.5152467300222, 'HeI_4921.93': 938.8449157411972, 'Hf': 1053.851384369526, 'Hn': 195.21346923231818}","{'HeI_3819.62': 1172.780970299755, 'HeI_4009.26': 290.53953823774197, 'HeI_4143.76': 400.25255565365455, 'HeI_4387.93': 755.8392858211807, 'HeI_4471.50': 554.2555112874848, 'HeI_4713.17': 237.91796983117962, 'HeI_4921.93': 928.4687125730586, 'Hf': 1073.745865234547, 'Hn': 221.7050160763731}","{'HeI_3819.62': 1198.4513560018834, 'HeI_4009.26': 290.00040394033704, 'HeI_4143.76': 400.3987696454055, 'HeI_4387.93': 752.4381956240215, 'HeI_4471.50': 590.4229116579759, 'HeI_4713.17': 245.8250482848039, 'HeI_4921.93': 919.5090797027748, 'Hf': 1098.188550987566, 'Hn': 253.10678954764552}","{'HeI_3819.62': 1220.5382820888556, 'HeI_4009.26': 289.5421743286707, 'HeI_4143.76': 401.41320655806226, 'HeI_4387.93': 749.6944129533624, 'HeI_4471.50': 622.7033525165217, 'HeI_4713.17': 252.4035854664437, 'HeI_4921.93': 911.8700471935902, 'Hf': 1125.2376567509064, 'Hn': 288.579834316623}","{'HeI_3819.62': 1239.942559625046, 'HeI_4009.26': 289.1240429800954, 'HeI_4143.76': 403.23806321065587, 'HeI_4387.93': 747.5208742732756, 'HeI_4471.50': 651.2615179066695, 'HeI_4713.17': 257.9596766927286, 'HeI_4921.93': 905.2279961129932, 'Hf': 1153.687816605551, 'Hn': 328.0064027016798}"
T41000logg4.4,"{'HeI_3819.62': 1188.7320477453213, 'HeI_4009.26': 283.87860938695366, 'HeI_4143.76': 411.73483375806507, 'HeI_4387.93': 784.2036417369237, 'HeI_4471.50': 607.559168421426, 'HeI_4713.17': 258.95805359312516, 'HeI_4921.93': 1046.9073022681225, 'Hf': 1228.0848957713943, 'Hn': 242.80658161126192}","{'HeI_3819.62': 1199.0025541375294, 'HeI_4009.26': 282.88068472331435, 'HeI_4143.76': 409.30217099179794, 'HeI_4387.93': 777.1684342846899, 'HeI_4471.50': 618.0194738881224, 'HeI_4713.17': 263.0476032862568, 'HeI_4921.93': 1028.6828177801533, 'Hf': 1232.9334122235982, 'Hn': 252.97926708770825}","{'HeI_3819.62': 1212.3018833521448, 'HeI_4009.26': 281.74526372242167, 'HeI_4143.76': 406.63196652999136, 'HeI_4387.93': 769.175676628564, 'HeI_4471.50': 640.0458244691164, 'HeI_4713.17': 268.28596442584774, 'HeI_4921.93': 1010.158379621151, 'Hf': 1243.1439943918658, 'Hn': 268.2875063466526}","{'HeI_3819.62': 1225.9564960789228, 'HeI_4009.26': 280.66031911081296, 'HeI_4143.76': 404.1453966633195, 'HeI_4387.93': 761.2886900150099, 'HeI_4471.50': 667.1124681340009, 'HeI_4713.17': 273.5404354524638, 'HeI_4921.93': 992.4973261993364, 'Hf': 1257.9687121200927, 'Hn': 288.2621606544428}","{'HeI_3819.62': 1239.0475860244742, 'HeI_4009.26': 279.67669155103914, 'HeI_4143.76': 402.24200762994997, 'HeI_4387.93': 753.9466829394677, 'HeI_4471.50': 695.7624463249159, 'HeI_4713.17': 278.23705494759145, 'HeI_4921.93': 976.1460557990745, 'Hf': 1277.4414774101544, 'Hn': 312.92749320786413}","{'HeI_3819.62': 1250.654151786801, 'HeI_4009.26': 278.8415585098526, 'HeI_4143.76': 401.2011653774583, 'HeI_4387.93': 747.5714443343103, 'HeI_4471.50': 722.9856087465744, 'HeI_4713.17': 282.1693274675861, 'HeI_4921.93': 961.7512707526676, 'Hf': 1300.412522507508, 'Hn': 341.42514172580354}","{'HeI_3819.62': 1260.648929811793, 'HeI_4009.26': 278.12748269032033, 'HeI_4143.76': 401.07724486870916, 'HeI_4387.93': 742.2055144615923, 'HeI_4471.50': 747.4543959449603, 'HeI_4713.17': 285.4437352475195, 'HeI_4921.93': 949.3524028882921, 'Hf': 1325.842850576078, 'Hn': 373.5427842105299}","{'HeI_3819.62': 1269.1274866374872, 'HeI_4009.26': 277.4993390847542, 'HeI_4143.76': 401.84025690240725, 'HeI_4387.93': 737.8959224855105, 'HeI_4471.50': 769.3644908083829, 'HeI_4713.17': 288.15961164133887, 'HeI_4921.93': 938.7221642200435, 'Hf': 1352.20886391141, 'Hn': 408.7692255250451}","{'HeI_3819.62': 1276.5286397643752, 'HeI_4009.26': 276.92552441695466, 'HeI_4143.76': 403.3965040197294, 'HeI_4387.93': 734.5215993856106, 'HeI_4471.50': 788.6090827799768, 'HeI_4713.17': 290.41686655324895, 'HeI_4921.93': 929.5138598445584, 'Hf': 1378.4914747424455, 'Hn': 446.67025236227454}"
T42000logg3.8,"{'HeI_3819.62': 1767.2689497229962, 'HeI_4009.26': 299.7279518196312, 'HeI_4143.76': 385.6721711810312, 'HeI_4387.93': 749.7400054757454, 'HeI_4471.50': 1051.814310752755, 'HeI_4713.17': 328.6155250962232, 'HeI_4921.93': 853.3837606633523, 'Hf': 632.86216709317, 'Hn': 97.8333656487165}","{'HeI_3819.62': 1766.8620512091884, 'HeI_4009.26': 299.62374551475165, 'HeI_4143.76': 385.5591800580135, 'HeI_4387.93': 749.1162863809379, 'HeI_4471.50': 1053.951540531833, 'HeI_4713.17': 328.0901377127773, 'HeI_4921.93': 851.5473004138353, 'Hf': 602.212580736847, 'Hn': 78.61026167283977}","{'HeI_3819.62': 1766.6562411188977, 'HeI_4009.26': 299.50913840384294, 'HeI_4143.76': 385.4545863894958, 'HeI_4387.93': 748.4786999221436, 'HeI_4471.50': 1057.6873901292697, 'HeI_4713.17': 327.8175052624348, 'HeI_4921.93': 849.5618037309159, 'Hf': 578.4870877086701, 'Hn': 64.65403901977741}","{'HeI_3819.62': 1766.1247555745667, 'HeI_4009.26': 299.43328598429076, 'HeI_4143.76': 385.43717938550697, 'HeI_4387.93': 747.8409778176486, 'HeI_4471.50': 1061.701534818172, 'HeI_4713.17': 327.6853828385251, 'HeI_4921.93': 847.5858956047626, 'Hf': 565.7658048156167, 'Hn': 58.988747872562435}","{'HeI_3819.62': 1765.1476598215288, 'HeI_4009.26': 299.4138945292256, 'HeI_4143.76': 385.6178360530862, 'HeI_4387.93': 747.2536379120743, 'HeI_4471.50': 1065.1910952804421, 'HeI_4713.17': 327.6049552572489, 'HeI_4921.93': 845.7713416124959, 'Hf': 565.328595893272, 'Hn': 62.969207283064804}","{'HeI_3819.62': 1763.8087354347888, 'HeI_4009.26': 299.4605025160488, 'HeI_4143.76': 386.096932342587, 'HeI_4387.93': 746.758469860056, 'HeI_4471.50': 1067.9939831394133, 'HeI_4713.17': 327.57019943732854, 'HeI_4921.93': 844.1711386041578, 'Hf': 576.3076749629248, 'Hn': 76.62299046381509}","{'HeI_3819.62': 1762.2209050656904, 'HeI_4009.26': 299.56082611858375, 'HeI_4143.76': 386.9228983530621, 'HeI_4387.93': 746.3872527352346, 'HeI_4471.50': 1070.0925411960995, 'HeI_4713.17': 327.5611275750245, 'HeI_4921.93': 842.8229517292866, 'Hf': 597.0904985108455, 'Hn': 99.26035427167707}","{'HeI_3819.62': 1760.7537211313343, 'HeI_4009.26': 299.6874720585726, 'HeI_4143.76': 388.11927615124023, 'HeI_4387.93': 746.1359778797556, 'HeI_4471.50': 1071.6477117385823, 'HeI_4713.17': 327.5388284751351, 'HeI_4921.93': 841.6806465899786, 'Hf': 625.9960085861127, 'Hn': 130.22639874695636}","{'HeI_3819.62': 1759.8366985056407, 'HeI_4009.26': 299.81106804906926, 'HeI_4143.76': 389.6628097359372, 'HeI_4387.93': 745.9840818102537, 'HeI_4471.50': 1072.8272663264213, 'HeI_4713.17': 327.4448982671395, 'HeI_4921.93': 840.704906613698, 'Hf': 660.588460541391, 'Hn': 168.4884759906604}"
T42000logg4.0,"{'HeI_3819.62': 1246.174020363629, 'HeI_4009.26': 296.2399597779834, 'HeI_4143.76': 401.6680684080484, 'HeI_4387.93': 743.275027255349, 'HeI_4471.50': 425.83625227125873, 'HeI_4713.17': 235.48180491109846, 'HeI_4921.93': 954.0833773074464, 'Hf': 1155.1414096535195, 'Hn': 152.99765040666364}","{'HeI_3819.62': 1261.5940515032382, 'HeI_4009.26': 295.5895994407598, 'HeI_4143.76': 400.2036574901909, 'HeI_4387.93': 739.5483501218226, 'HeI_4471.50': 430.9488534179029, 'HeI_4713.17': 240.50721811073345, 'HeI_4921.93': 943.9565676071837, 'Hf': 1129.5189525119185, 'Hn': 142.87086943721027}","{'HeI_3819.62': 1282.3148479239296, 'HeI_4009.26': 294.8490214401168, 'HeI_4143.76': 398.53273617116486, 'HeI_4387.93': 735.5863738263447, 'HeI_4471.50': 454.1698634853714, 'HeI_4713.17': 247.6053647127231, 'HeI_4921.93': 933.3377351573293, 'Hf': 1108.3429497865502, 'Hn': 136.5075788589189}","{'HeI_3819.62': 1304.3829844336315, 'HeI_4009.26': 294.1070452198719, 'HeI_4143.76': 396.87580651072386, 'HeI_4387.93': 731.5607877922513, 'HeI_4471.50': 486.8236519209691, 'HeI_4713.17': 255.00691044198115, 'HeI_4921.93': 922.8976181369644, 'Hf': 1095.4486371472142, 'Hn': 136.26978423658628}","{'HeI_3819.62': 1325.5343360975587, 'HeI_4009.26': 293.41687320600556, 'HeI_4143.76': 395.4546143730685, 'HeI_4387.93': 727.6545030561398, 'HeI_4471.50': 523.5201162181493, 'HeI_4713.17': 261.63236978863563, 'HeI_4921.93': 913.1724422967334, 'Hf': 1091.510170450347, 'Hn': 143.20519421162106}","{'HeI_3819.62': 1344.829548774782, 'HeI_4009.26': 292.7855117081461, 'HeI_4143.76': 394.37337808138625, 'HeI_4387.93': 723.9626000461548, 'HeI_4471.50': 560.1673465286171, 'HeI_4713.17': 267.2644905606762, 'HeI_4921.93': 904.3957516855273, 'Hf': 1095.6939829161192, 'Hn': 157.76983294993823}","{'HeI_3819.62': 1361.4224962750416, 'HeI_4009.26': 292.21876155351487, 'HeI_4143.76': 393.67865992353524, 'HeI_4387.93': 720.7019010877277, 'HeI_4471.50': 594.4072078600742, 'HeI_4713.17': 271.9262772296644, 'HeI_4921.93': 896.8595730186184, 'Hf': 1107.2989752699314, 'Hn': 179.66882998634142}","{'HeI_3819.62': 1375.6359303823615, 'HeI_4009.26': 291.685208307019, 'HeI_4143.76': 393.33844097436696, 'HeI_4387.93': 717.9077676278379, 'HeI_4471.50': 625.280848895942, 'HeI_4713.17': 275.81047744540126, 'HeI_4921.93': 890.4335166396918, 'Hf': 1125.2540213158052, 'Hn': 208.3784148701684}","{'HeI_3819.62': 1387.8894577255328, 'HeI_4009.26': 291.16168930288956, 'HeI_4143.76': 393.31443993726407, 'HeI_4387.93': 715.5870983578684, 'HeI_4471.50': 652.9720620455514, 'HeI_4713.17': 279.0216207076688, 'HeI_4921.93': 884.9096079461435, 'Hf': 1148.2347240037782, 'Hn': 243.36553351244825}"
T42000logg4.2,"{'HeI_3819.62': 1432.4586647568333, 'HeI_4009.26': 285.3858458603778, 'HeI_4143.76': 392.0570689520657, 'HeI_4387.93': 757.3262933823368, 'HeI_4471.50': 866.9341346347652, 'HeI_4713.17': 300.7658674530072, 'HeI_4921.93': 935.3725864353685, 'Hf': 1038.9460323301469, 'Hn': 151.78786233095175}","{'HeI_3819.62': 1435.9384992191879, 'HeI_4009.26': 284.967485776017, 'HeI_4143.76': 391.1064856532729, 'HeI_4387.93': 753.9294479454443, 'HeI_4471.50': 875.6333951692941, 'HeI_4713.17': 302.34884897421665, 'HeI_4921.93': 927.038863215538, 'Hf': 1038.3036096009544, 'Hn': 158.08989503188474}","{'HeI_3819.62': 1439.904020999776, 'HeI_4009.26': 284.5179344014368, 'HeI_4143.76': 390.1277271567466, 'HeI_4387.93': 750.1010701926089, 'HeI_4471.50': 888.0701203815559, 'HeI_4713.17': 304.17881649528357, 'HeI_4921.93': 918.2756203385429, 'Hf': 1042.9688374034, 'Hn': 169.3162550654743}","{'HeI_3819.62': 1443.7422786146574, 'HeI_4009.26': 284.12243384822193, 'HeI_4143.76': 389.29980650734205, 'HeI_4387.93': 746.2882421415351, 'HeI_4471.50': 901.809337582812, 'HeI_4713.17': 305.982708360334, 'HeI_4921.93': 909.7006012930433, 'Hf': 1053.5140816074977, 'Hn': 185.7431921344398}","{'HeI_3819.62': 1447.1554333952909, 'HeI_4009.26': 283.8054679340335, 'HeI_4143.76': 388.85662277692, 'HeI_4387.93': 742.80612707299, 'HeI_4471.50': 915.3584033574615, 'HeI_4713.17': 307.61290037742566, 'HeI_4921.93': 901.7576761974727, 'Hf': 1069.7242467926103, 'Hn': 207.24118138514893}","{'HeI_3819.62': 1450.0491436556872, 'HeI_4009.26': 283.5704566286508, 'HeI_4143.76': 388.9652861138061, 'HeI_4387.93': 739.7755080387113, 'HeI_4471.50': 927.8569259236732, 'HeI_4713.17': 309.03506939115533, 'HeI_4921.93': 894.6212283912313, 'Hf': 1091.06016509164, 'Hn': 233.816088616413}","{'HeI_3819.62': 1452.3401389530268, 'HeI_4009.26': 283.4061752324861, 'HeI_4143.76': 389.6754315956789, 'HeI_4387.93': 737.3262639198597, 'HeI_4471.50': 938.8491266901102, 'HeI_4713.17': 310.21821205635797, 'HeI_4921.93': 888.509046225976, 'Hf': 1115.9266344105704, 'Hn': 264.66550996495744}","{'HeI_3819.62': 1454.2585441030694, 'HeI_4009.26': 283.2740199041368, 'HeI_4143.76': 390.9655767820346, 'HeI_4387.93': 735.4323903918097, 'HeI_4471.50': 948.33609940089, 'HeI_4713.17': 311.2045556542373, 'HeI_4921.93': 883.2816180092877, 'Hf': 1143.2021596144298, 'Hn': 299.380137595132}","{'HeI_3819.62': 1456.0866795206302, 'HeI_4009.26': 283.14481714312234, 'HeI_4143.76': 392.7857528597809, 'HeI_4387.93': 734.0261987107491, 'HeI_4471.50': 956.5796908121824, 'HeI_4713.17': 312.0449944160875, 'HeI_4921.93': 878.742305848369, 'Hf': 1171.8344191375159, 'Hn': 337.6887434085244}"
T43000logg3.8,"{'HeI_3819.62': 1571.040306318943, 'HeI_4009.26': 298.6985203301414, 'HeI_4143.76': 393.79706331552126, 'HeI_4387.93': 769.1059758096297, 'HeI_4471.50': 828.9832230759578, 'HeI_4713.17': 313.41881203610063, 'HeI_4921.93': 877.9116062844594, 'Hf': 838.2158661095291, 'Hn': 156.82869031080483}","{'HeI_3819.62': 1575.8949942800564, 'HeI_4009.26': 298.4716502879947, 'HeI_4143.76': 393.242145770695, 'HeI_4387.93': 767.785109807948, 'HeI_4471.50': 839.6295011205023, 'HeI_4713.17': 313.551957728233, 'HeI_4921.93': 874.1809723724343, 'Hf': 785.6123675387856, 'Hn': 124.9304201088005}","{'HeI_3819.62': 1581.5698409288275, 'HeI_4009.26': 298.2159235678039, 'HeI_4143.76': 392.607405168666, 'HeI_4387.93': 766.2783497783122, 'HeI_4471.50': 854.216851195232, 'HeI_4713.17': 314.3950552271369, 'HeI_4921.93': 870.1731114231166, 'Hf': 737.6305112247052, 'Hn': 97.68250605895818}","{'HeI_3819.62': 1587.3653719531012, 'HeI_4009.26': 297.9621942142212, 'HeI_4143.76': 391.98937151420785, 'HeI_4387.93': 764.6863569508598, 'HeI_4471.50': 870.3630088943919, 'HeI_4713.17': 315.4302610481287, 'HeI_4921.93': 866.1714878488181, 'Hf': 701.034545541814, 'Hn': 79.60924864930752}","{'HeI_3819.62': 1592.9226155298904, 'HeI_4009.26': 297.7304993227987, 'HeI_4143.76': 391.4929142811704, 'HeI_4387.93': 763.0868785066958, 'HeI_4471.50': 886.5728020542526, 'HeI_4713.17': 316.33398029536505, 'HeI_4921.93': 862.4173097457741, 'Hf': 678.9516184239702, 'Hn': 72.69865754615152}","{'HeI_3819.62': 1597.9266974544507, 'HeI_4009.26': 297.5306147848079, 'HeI_4143.76': 391.1830886327586, 'HeI_4387.93': 761.5546386425566, 'HeI_4471.50': 901.9082649559771, 'HeI_4713.17': 317.0477938422999, 'HeI_4921.93': 858.9901108715311, 'Hf': 671.7201311731906, 'Hn': 77.59130637756301}","{'HeI_3819.62': 1602.1774246964587, 'HeI_4009.26': 297.35675156818166, 'HeI_4143.76': 391.078957985533, 'HeI_4387.93': 760.1605021584097, 'HeI_4471.50': 915.4975987369858, 'HeI_4713.17': 317.5810892488559, 'HeI_4921.93': 856.0593554509942, 'Hf': 677.880474106141, 'Hn': 93.79100035965116}","{'HeI_3819.62': 1605.6771722761075, 'HeI_4009.26': 297.1974524401082, 'HeI_4143.76': 391.16825806743594, 'HeI_4387.93': 758.9255148112428, 'HeI_4471.50': 927.4576450217161, 'HeI_4713.17': 317.94475817162913, 'HeI_4921.93': 853.5434429484192, 'Hf': 694.9031180014364, 'Hn': 120.2674145003128}","{'HeI_3819.62': 1608.4664455886007, 'HeI_4009.26': 297.0407813640769, 'HeI_4143.76': 391.4402440125642, 'HeI_4387.93': 757.8507970590332, 'HeI_4471.50': 937.9820778537799, 'HeI_4713.17': 318.0927258233704, 'HeI_4921.93': 851.3495094213406, 'Hf': 720.2575955349735, 'Hn': 156.2583380085634}"
T43000logg4.0,"{'HeI_3819.62': 1399.2135587011996, 'HeI_4009.26': 293.5264643901479, 'HeI_4143.76': 392.13550831540596, 'HeI_4387.93': 743.7950025077175, 'HeI_4471.50': 644.2119128162485, 'HeI_4713.17': 277.7376654806194, 'HeI_4921.93': 901.5589082690736, 'Hf': 1158.1200031872138, 'Hn': 167.6211348689131}","{'HeI_3819.62': 1407.901357979981, 'HeI_4009.26': 293.1587273689019, 'HeI_4143.76': 391.2581007597974, 'HeI_4387.93': 741.0528178180668, 'HeI_4471.50': 656.738881952561, 'HeI_4713.17': 280.87374377904223, 'HeI_4921.93': 895.731304555358, 'Hf': 1128.687196127517, 'Hn': 155.92650644421767}","{'HeI_3819.62': 1418.8609857817764, 'HeI_4009.26': 292.7278337510741, 'HeI_4143.76': 390.2250499314543, 'HeI_4387.93': 738.0591548671508, 'HeI_4471.50': 677.2220178116648, 'HeI_4713.17': 284.7533142461095, 'HeI_4921.93': 889.4299966335609, 'Hf': 1102.1277665061318, 'Hn': 147.95780740854323}","{'HeI_3819.62': 1430.0216872065018, 'HeI_4009.26': 292.2965986526841, 'HeI_4143.76': 389.2083956477442, 'HeI_4387.93': 735.0036565159216, 'HeI_4471.50': 701.3572557709687, 'HeI_4713.17': 288.6161905601315, 'HeI_4921.93': 883.191305336958, 'Hf': 1083.0749907128716, 'Hn': 146.2497938776845}","{'HeI_3819.62': 1440.588328550389, 'HeI_4009.26': 291.8946768741611, 'HeI_4143.76': 388.3623272266697, 'HeI_4387.93': 731.9900666839815, 'HeI_4471.50': 726.6298942151549, 'HeI_4713.17': 292.0308218250476, 'HeI_4921.93': 877.3320598976582, 'Hf': 1072.9228581676768, 'Hn': 151.7441811402845}","{'HeI_3819.62': 1449.9306502348945, 'HeI_4009.26': 291.5390827228592, 'HeI_4143.76': 387.7813797320652, 'HeI_4387.93': 729.1595862558107, 'HeI_4471.50': 751.0874239024859, 'HeI_4713.17': 294.8862643196691, 'HeI_4921.93': 872.0854976104998, 'Hf': 1071.8239972169451, 'Hn': 164.75621339064517}","{'HeI_3819.62': 1457.8769954152422, 'HeI_4009.26': 291.21930126998944, 'HeI_4143.76': 387.491479168001, 'HeI_4387.93': 726.6325580860472, 'HeI_4471.50': 773.1544556628293, 'HeI_4713.17': 297.2360504836819, 'HeI_4921.93': 867.582082734796, 'Hf': 1078.8480373355626, 'Hn': 185.07292037778504}","{'HeI_3819.62': 1464.4556022670108, 'HeI_4009.26': 290.9164951351684, 'HeI_4143.76': 387.4824158289555, 'HeI_4387.93': 724.4381998949845, 'HeI_4471.50': 793.0794311634062, 'HeI_4713.17': 299.19917978724374, 'HeI_4921.93': 863.6872691591337, 'Hf': 1092.3103888231024, 'Hn': 212.53271936155676}","{'HeI_3819.62': 1469.6915759645203, 'HeI_4009.26': 290.6183569351888, 'HeI_4143.76': 387.72953441640544, 'HeI_4387.93': 722.6348413547289, 'HeI_4471.50': 810.752542140589, 'HeI_4713.17': 300.8163417068588, 'HeI_4921.93': 860.3562064694413, 'Hf': 1110.6911500741348, 'Hn': 246.34984898083238}"
T43000logg4.2,"{'HeI_3819.62': 1162.8906798019375, 'HeI_4009.26': 287.90751961560227, 'HeI_4143.76': 397.54207615032243, 'HeI_4387.93': 754.0901637624393, 'HeI_4471.50': 429.5253811827595, 'HeI_4713.17': 231.02176801582274, 'HeI_4921.93': 955.0410673626623, 'Hf': 1299.5759630587115, 'Hn': 186.26982864954246}","{'HeI_3819.62': 1178.5497222978458, 'HeI_4009.26': 287.2866868355839, 'HeI_4143.76': 396.1615118687109, 'HeI_4387.93': 749.9386607924429, 'HeI_4471.50': 435.2547377812687, 'HeI_4713.17': 236.2105169370659, 'HeI_4921.93': 944.5696904542946, 'Hf': 1289.024950408514, 'Hn': 187.82066851969012}","{'HeI_3819.62': 1199.521516557358, 'HeI_4009.26': 286.584094642206, 'HeI_4143.76': 394.5783220410811, 'HeI_4387.93': 745.4596798271987, 'HeI_4471.50': 458.868581870869, 'HeI_4713.17': 243.5324504206105, 'HeI_4921.93': 933.6119671016522, 'Hf': 1281.7439321972322, 'Hn': 193.5808611036298}","{'HeI_3819.62': 1221.9354247976241, 'HeI_4009.26': 285.8832156841905, 'HeI_4143.76': 393.001822807307, 'HeI_4387.93': 740.913851973156, 'HeI_4471.50': 491.60922629037844, 'HeI_4713.17': 251.1650556095282, 'HeI_4921.93': 922.873893433459, 'Hf': 1279.613204759161, 'Hn': 204.45197161030094}","{'HeI_3819.62': 1243.5531878136808, 'HeI_4009.26': 285.23563280176677, 'HeI_4143.76': 391.641334751228, 'HeI_4387.93': 736.500463972801, 'HeI_4471.50': 528.1081504533389, 'HeI_4713.17': 258.01039994618037, 'HeI_4921.93': 912.8918404725728, 'Hf': 1283.370335095824, 'Hn': 220.75706195462448}","{'HeI_3819.62': 1263.4158013044944, 'HeI_4009.26': 284.6480448207958, 'HeI_4143.76': 390.59332771510293, 'HeI_4387.93': 732.3358395369247, 'HeI_4471.50': 564.2723068536609, 'HeI_4713.17': 263.83245787255737, 'HeI_4921.93': 903.9107995089361, 'Hf': 1292.7290899944678, 'Hn': 242.680311206903}","{'HeI_3819.62': 1280.6595935183261, 'HeI_4009.26': 284.1209824729436, 'HeI_4143.76': 389.89782385282007, 'HeI_4387.93': 728.6407960474602, 'HeI_4471.50': 598.2411361639537, 'HeI_4713.17': 268.66610095284227, 'HeI_4921.93': 896.1913019766855, 'Hf': 1306.7919512576848, 'Hn': 269.8331300139198}","{'HeI_3819.62': 1295.466966500669, 'HeI_4009.26': 283.6241169173542, 'HeI_4143.76': 389.5258852673486, 'HeI_4387.93': 725.4608012335947, 'HeI_4471.50': 628.6957455649007, 'HeI_4713.17': 272.68733233816, 'HeI_4921.93': 889.6158797127241, 'Hf': 1324.5193232828656, 'Hn': 301.7343806903097}","{'HeI_3819.62': 1308.139208240783, 'HeI_4009.26': 283.1359736974094, 'HeI_4143.76': 389.4416339944344, 'HeI_4387.93': 722.7961280084681, 'HeI_4471.50': 655.91472023604, 'HeI_4713.17': 276.0092640054877, 'HeI_4921.93': 883.9610991619721, 'Hf': 1344.9091009901015, 'Hn': 338.05426126730765}"
T44000logg3.8,"{'HeI_3819.62': 1594.3242709983042, 'HeI_4009.26': 296.04569307236915, 'HeI_4143.76': 389.55150070947263, 'HeI_4387.93': 758.5498456281356, 'HeI_4471.50': 914.10902474059, 'HeI_4713.17': 320.0581084265578, 'HeI_4921.93': 861.030722383557, 'Hf': 784.9498138692036, 'Hn': 150.55147142953425}","{'HeI_3819.62': 1597.1082398552294, 'HeI_4009.26': 295.8958588199874, 'HeI_4143.76': 389.2563905108481, 'HeI_4387.93': 757.7168893251085, 'HeI_4471.50': 921.961007104151, 'HeI_4713.17': 320.9482682859875, 'HeI_4921.93': 858.5723406270329, 'Hf': 733.2707397391392, 'Hn': 118.29641485400695}","{'HeI_3819.62': 1600.3900532458003, 'HeI_4009.26': 295.72744144385746, 'HeI_4143.76': 388.91884891409717, 'HeI_4387.93': 756.7439872413759, 'HeI_4471.50': 932.2160034449419, 'HeI_4713.17': 321.9763136228179, 'HeI_4921.93': 855.9089408549836, 'Hf': 686.3715509232452, 'Hn': 90.89134823853468}","{'HeI_3819.62': 1603.8070267306744, 'HeI_4009.26': 295.5597787028622, 'HeI_4143.76': 388.60047084434154, 'HeI_4387.93': 755.6986331409253, 'HeI_4471.50': 943.2982240681952, 'HeI_4713.17': 322.9992950709027, 'HeI_4921.93': 853.2436415372348, 'Hf': 651.1594976463423, 'Hn': 72.96720648381343}","{'HeI_3819.62': 1607.1379215420827, 'HeI_4009.26': 295.4060393897749, 'HeI_4143.76': 388.37068497373514, 'HeI_4387.93': 754.6375131082328, 'HeI_4471.50': 954.2382148473665, 'HeI_4713.17': 323.9116844981225, 'HeI_4921.93': 850.7419386888594, 'Hf': 630.8343595044851, 'Hn': 66.53742949735164}","{'HeI_3819.62': 1610.151250510631, 'HeI_4009.26': 295.272564076614, 'HeI_4143.76': 388.2769689902851, 'HeI_4387.93': 753.6092800566262, 'HeI_4471.50': 964.4776977926696, 'HeI_4713.17': 324.70141149584236, 'HeI_4921.93': 848.4592933626756, 'Hf': 625.6490750067744, 'Hn': 72.17327896986383}","{'HeI_3819.62': 1612.6405211230162, 'HeI_4009.26': 295.15639361328647, 'HeI_4143.76': 388.3307939771058, 'HeI_4387.93': 752.6645094127526, 'HeI_4471.50': 973.4940431502231, 'HeI_4713.17': 325.35591562340045, 'HeI_4921.93': 846.507828711815, 'Hf': 634.0535433746146, 'Hn': 89.32969846125816}","{'HeI_3819.62': 1614.5255286988186, 'HeI_4009.26': 295.05132419641, 'HeI_4143.76': 388.525314856622, 'HeI_4387.93': 751.8204507505263, 'HeI_4471.50': 981.3947105524322, 'HeI_4713.17': 325.8962522458184, 'HeI_4921.93': 844.8330089288025, 'Hf': 653.4526653826041, 'Hn': 116.88748326395299}","{'HeI_3819.62': 1615.728703160919, 'HeI_4009.26': 294.95070283534386, 'HeI_4143.76': 388.85549774689736, 'HeI_4387.93': 751.080918708785, 'HeI_4471.50': 988.3374104126962, 'HeI_4713.17': 326.332006053959, 'HeI_4921.93': 843.3720819484502, 'Hf': 681.2966591734242, 'Hn': 154.00579994684873}"
T44000logg4.0,"{'HeI_3819.62': 1614.3683980637327, 'HeI_4009.26': 286.4899826159262, 'HeI_4143.76': 379.41969080690154, 'HeI_4387.93': 745.9430483592349, 'HeI_4471.50': 1088.9589497007617, 'HeI_4713.17': 336.79509909627546, 'HeI_4921.93': 851.5455309655474, 'Hf': 592.1730356682364, 'Hn': 47.785972527500725}","{'HeI_3819.62': 1615.891976673966, 'HeI_4009.26': 286.4580059523128, 'HeI_4143.76': 379.5210661134566, 'HeI_4387.93': 745.1177484317938, 'HeI_4471.50': 1089.664622695855, 'HeI_4713.17': 336.3675940652038, 'HeI_4921.93': 849.6679908185556, 'Hf': 587.3366594753002, 'Hn': 48.65481308478852}","{'HeI_3819.62': 1617.523447666197, 'HeI_4009.26': 286.4410219131125, 'HeI_4143.76': 379.6767543813402, 'HeI_4387.93': 744.3287741043347, 'HeI_4471.50': 1091.8065661645076, 'HeI_4713.17': 336.54894190341986, 'HeI_4921.93': 847.6409723014041, 'Hf': 588.0733806181878, 'Hn': 54.427387264654016}","{'HeI_3819.62': 1619.1379797939087, 'HeI_4009.26': 286.4683166687276, 'HeI_4143.76': 379.9280504957828, 'HeI_4387.93': 743.5870342431601, 'HeI_4471.50': 1094.0380666706162, 'HeI_4713.17': 337.0178904846135, 'HeI_4921.93': 845.6512077208088, 'Hf': 596.1687572067874, 'Hn': 66.25198863347562}","{'HeI_3819.62': 1620.7156017254365, 'HeI_4009.26': 286.52928678444914, 'HeI_4143.76': 380.3479859883281, 'HeI_4387.93': 742.9475859616849, 'HeI_4471.50': 1095.6013730183001, 'HeI_4713.17': 337.672695122035, 'HeI_4921.93': 843.8263430095307, 'Hf': 612.2352960237178, 'Hn': 84.52639395457433}","{'HeI_3819.62': 1622.2053862734294, 'HeI_4009.26': 286.6155084935043, 'HeI_4143.76': 381.01855018107574, 'HeI_4387.93': 742.4450888470825, 'HeI_4471.50': 1096.4005070325807, 'HeI_4713.17': 338.4214099578144, 'HeI_4921.93': 842.2116524636463, 'Hf': 635.5938485420462, 'Hn': 109.60258553644356}","{'HeI_3819.62': 1623.6620231057168, 'HeI_4009.26': 286.714350161188, 'HeI_4143.76': 381.94446625731473, 'HeI_4387.93': 742.0994998729154, 'HeI_4471.50': 1096.5046121432008, 'HeI_4713.17': 339.1785269957835, 'HeI_4921.93': 840.8677053465924, 'Hf': 664.9790238353356, 'Hn': 140.5658683852692}","{'HeI_3819.62': 1625.2884427757965, 'HeI_4009.26': 286.80549854799517, 'HeI_4143.76': 383.1282256950564, 'HeI_4387.93': 741.8917382771937, 'HeI_4471.50': 1096.1476003111832, 'HeI_4713.17': 339.9458723361193, 'HeI_4921.93': 839.7416291822134, 'Hf': 699.0491305918721, 'Hn': 177.04512435857987}","{'HeI_3819.62': 1627.3794776158097, 'HeI_4009.26': 286.8710735233623, 'HeI_4143.76': 384.5719661221874, 'HeI_4387.93': 741.784902333776, 'HeI_4471.50': 1095.587202005104, 'HeI_4713.17': 340.77121543558064, 'HeI_4921.93': 838.7745745680658, 'Hf': 736.6264543317463, 'Hn': 218.78441048361086}"
T44000logg4.2,"{'HeI_3819.62': 1408.6017781577684, 'HeI_4009.26': 293.00440969827724, 'HeI_4143.76': 401.2931355416315, 'HeI_4387.93': 786.9954632925898, 'HeI_4471.50': 756.0611062565603, 'HeI_4713.17': 280.2447502188347, 'HeI_4921.93': 1009.5324081757329, 'Hf': 891.6470440045259, 'Hn': 97.88902211331119}","{'HeI_3819.62': 1416.5065516482557, 'HeI_4009.26': 292.237983321778, 'HeI_4143.76': 399.6644826035745, 'HeI_4387.93': 782.9176775704188, 'HeI_4471.50': 764.8917138338078, 'HeI_4713.17': 283.4839706002036, 'HeI_4921.93': 994.9744116360614, 'Hf': 889.9120951225743, 'Hn': 102.89915246541628}","{'HeI_3819.62': 1426.6027877223908, 'HeI_4009.26': 291.4014485498148, 'HeI_4143.76': 397.89017544488667, 'HeI_4387.93': 778.3684153047387, 'HeI_4471.50': 783.3042191437945, 'HeI_4713.17': 287.40206929706534, 'HeI_4921.93': 980.1252981833305, 'Hf': 893.4188967519809, 'Hn': 112.861231687694}","{'HeI_3819.62': 1437.13525799021, 'HeI_4009.26': 290.6222661770085, 'HeI_4143.76': 396.21249109500894, 'HeI_4387.93': 773.8246281789083, 'HeI_4471.50': 805.4386615695164, 'HeI_4713.17': 291.3295118882023, 'HeI_4921.93': 965.767695343075, 'Hf': 903.2317184858889, 'Hn': 128.3759680586699}","{'HeI_3819.62': 1447.2471902613308, 'HeI_4009.26': 289.9552913913039, 'HeI_4143.76': 394.910582504262, 'HeI_4387.93': 769.6602832011203, 'HeI_4471.50': 827.7696809301948, 'HeI_4713.17': 294.8765449935023, 'HeI_4921.93': 952.5321895205577, 'Hf': 919.5029026003402, 'Hn': 149.52286438695495}","{'HeI_3819.62': 1456.5905616341586, 'HeI_4009.26': 289.4110180731599, 'HeI_4143.76': 394.13589339664446, 'HeI_4387.93': 765.9809400679554, 'HeI_4471.50': 848.4381677290626, 'HeI_4713.17': 297.9570319355143, 'HeI_4921.93': 940.6499215241391, 'Hf': 941.8492115017223, 'Hn': 176.408521807302}","{'HeI_3819.62': 1464.6470178552267, 'HeI_4009.26': 288.9868335728315, 'HeI_4143.76': 393.93704647863905, 'HeI_4387.93': 762.8933864605161, 'HeI_4471.50': 866.4632058107032, 'HeI_4713.17': 300.5184459238738, 'HeI_4921.93': 930.4826803856615, 'Hf': 968.6186710575872, 'Hn': 208.11216425100102}","{'HeI_3819.62': 1471.7165431892408, 'HeI_4009.26': 288.63292467233475, 'HeI_4143.76': 394.273113259603, 'HeI_4387.93': 760.3472022603734, 'HeI_4471.50': 881.9142469480335, 'HeI_4713.17': 302.6612941823766, 'HeI_4921.93': 921.7841757681757, 'Hf': 998.632991242116, 'Hn': 244.15139623646692}","{'HeI_3819.62': 1478.2140460650228, 'HeI_4009.26': 288.3140012295003, 'HeI_4143.76': 395.0862532418288, 'HeI_4387.93': 758.262763351375, 'HeI_4471.50': 895.2386554504025, 'HeI_4713.17': 304.4959288057675, 'HeI_4921.93': 914.2373052276371, 'Hf': 1030.7213281792463, 'Hn': 284.18421313098725}"
T45000logg3.8,"{'HeI_3819.62': 1605.2786869097579, 'HeI_4009.26': 294.05445648853737, 'HeI_4143.76': 387.12058910568794, 'HeI_4387.93': 745.4416945973185, 'HeI_4471.50': 958.2263115703047, 'HeI_4713.17': 326.90757695680577, 'HeI_4921.93': 850.2161414339981, 'Hf': 701.34016657525, 'Hn': 139.27248961663875}","{'HeI_3819.62': 1606.9783375195564, 'HeI_4009.26': 293.94415699736095, 'HeI_4143.76': 387.0186965967127, 'HeI_4387.93': 744.8216725405107, 'HeI_4471.50': 963.9834817527229, 'HeI_4713.17': 327.5136395041679, 'HeI_4921.93': 848.5239575675306, 'Hf': 652.7281141638995, 'Hn': 107.69953091780832}","{'HeI_3819.62': 1609.0986511034598, 'HeI_4009.26': 293.81974919721824, 'HeI_4143.76': 386.900495021484, 'HeI_4387.93': 744.0880502257917, 'HeI_4471.50': 971.3878476240205, 'HeI_4713.17': 328.2231922611797, 'HeI_4921.93': 846.682210299715, 'Hf': 609.0167808790877, 'Hn': 81.14274703618611}","{'HeI_3819.62': 1611.4591232350629, 'HeI_4009.26': 293.69437057217726, 'HeI_4143.76': 386.80050597914294, 'HeI_4387.93': 743.2964427821728, 'HeI_4471.50': 979.3016662717333, 'HeI_4713.17': 328.94355162182495, 'HeI_4921.93': 844.8371965999542, 'Hf': 577.106984788696, 'Hn': 64.30640208705802}","{'HeI_3819.62': 1613.908698017738, 'HeI_4009.26': 293.5765233225099, 'HeI_4143.76': 386.76225625371933, 'HeI_4387.93': 742.4959327606374, 'HeI_4471.50': 987.0461709251431, 'HeI_4713.17': 329.615240632825, 'HeI_4921.93': 843.1053168248044, 'Hf': 560.2747590720941, 'Hn': 59.21407733874611}","{'HeI_3819.62': 1616.22736476595, 'HeI_4009.26': 293.47121009245893, 'HeI_4143.76': 386.81735327957404, 'HeI_4387.93': 741.7279823296149, 'HeI_4471.50': 994.2500579536858, 'HeI_4713.17': 330.22147891253076, 'HeI_4921.93': 841.5267128820244, 'Hf': 558.7529021734998, 'Hn': 66.54813200471605}","{'HeI_3819.62': 1618.1746888860855, 'HeI_4009.26': 293.3769541905841, 'HeI_4143.76': 386.97152007890537, 'HeI_4387.93': 741.0287415854191, 'HeI_4471.50': 1000.5739847204773, 'HeI_4713.17': 330.74425862400466, 'HeI_4921.93': 840.1783315804406, 'Hf': 570.8753668989688, 'Hn': 85.51885994778611}","{'HeI_3819.62': 1619.6112138137657, 'HeI_4009.26': 293.29097399873314, 'HeI_4143.76': 387.22114478727684, 'HeI_4387.93': 740.4125765411405, 'HeI_4471.50': 1006.1091602315282, 'HeI_4713.17': 331.1950233782546, 'HeI_4921.93': 839.0213709501378, 'Hf': 594.0487066511837, 'Hn': 114.96292083957232}","{'HeI_3819.62': 1620.3893116431857, 'HeI_4009.26': 293.20980395795146, 'HeI_4143.76': 387.5658336625663, 'HeI_4387.93': 739.882174761156, 'HeI_4471.50': 1010.9806179387841, 'HeI_4713.17': 331.5872109882977, 'HeI_4921.93': 838.0107391248813, 'Hf': 625.7049619927012, 'Hn': 154.02044577109902}"
T45000logg4.0,"{'HeI_3819.62': 1669.4732572024836, 'HeI_4009.26': 294.49611893383036, 'HeI_4143.76': 384.6825464155458, 'HeI_4387.93': 752.7824076363472, 'HeI_4471.50': 1038.9384347719788, 'HeI_4713.17': 324.72036695374345, 'HeI_4921.93': 874.4625917142729, 'Hf': 608.1588423879382, 'Hn': 52.880575656864664}","{'HeI_3819.62': 1670.179915021922, 'HeI_4009.26': 294.30392739134254, 'HeI_4143.76': 384.4672855344484, 'HeI_4387.93': 751.5705610266854, 'HeI_4471.50': 1041.8667658012225, 'HeI_4713.17': 325.2669715900703, 'HeI_4921.93': 870.9096523987433, 'Hf': 601.7342282703061, 'Hn': 51.50300615300763}","{'HeI_3819.62': 1671.2363307502255, 'HeI_4009.26': 294.09842696521616, 'HeI_4143.76': 384.2443964625598, 'HeI_4387.93': 750.2882790092779, 'HeI_4471.50': 1046.8944137600488, 'HeI_4713.17': 325.90125740445524, 'HeI_4921.93': 867.1087779793686, 'Hf': 600.0548998006303, 'Hn': 54.65150509438846}","{'HeI_3819.62': 1672.1397565266632, 'HeI_4009.26': 293.93674134289284, 'HeI_4143.76': 384.0856062220443, 'HeI_4387.93': 749.0266869820417, 'HeI_4471.50': 1052.2489021181634, 'HeI_4713.17': 326.5381582031044, 'HeI_4921.93': 863.3566845319788, 'Hf': 605.2066411551459, 'Hn': 63.89117546401999}","{'HeI_3819.62': 1672.7455893156516, 'HeI_4009.26': 293.83517541422094, 'HeI_4143.76': 384.0860394149587, 'HeI_4387.93': 747.8938934690715, 'HeI_4471.50': 1056.9057922970771, 'HeI_4713.17': 327.1400573434777, 'HeI_4921.93': 859.879933466427, 'Hf': 618.1940936795755, 'Hn': 79.92878831607689}","{'HeI_3819.62': 1673.017763856165, 'HeI_4009.26': 293.80012752838365, 'HeI_4143.76': 384.32085523768893, 'HeI_4387.93': 746.9374465989782, 'HeI_4471.50': 1060.6079526204155, 'HeI_4713.17': 327.6933680726078, 'HeI_4921.93': 856.7554329766785, 'Hf': 638.7780256590326, 'Hn': 103.18231096790413}","{'HeI_3819.62': 1673.0287824967843, 'HeI_4009.26': 293.8169198026995, 'HeI_4143.76': 384.8008463609462, 'HeI_4387.93': 746.1899556036111, 'HeI_4471.50': 1063.2983495633264, 'HeI_4713.17': 328.16518268789014, 'HeI_4921.93': 854.1137269333287, 'Hf': 665.7401955957112, 'Hn': 132.72651542236852}","{'HeI_3819.62': 1673.0612938240456, 'HeI_4009.26': 293.85419300957045, 'HeI_4143.76': 385.52041999830556, 'HeI_4387.93': 745.6284800851976, 'HeI_4471.50': 1065.2184801276783, 'HeI_4713.17': 328.5599801921877, 'HeI_4921.93': 851.8656656696461, 'Hf': 697.880780077646, 'Hn': 168.13117747913577}","{'HeI_3819.62': 1673.4583540874776, 'HeI_4009.26': 293.8864324360677, 'HeI_4143.76': 386.47713355029236, 'HeI_4387.93': 745.2106210040268, 'HeI_4471.50': 1066.6562897414344, 'HeI_4713.17': 328.8847698481763, 'HeI_4921.93': 849.9102863428582, 'Hf': 734.0686595711385, 'Hn': 209.20336369506313}"
T45000logg4.2,"{'HeI_3819.62': 1426.9252220536944, 'HeI_4009.26': 297.03348774440036, 'HeI_4143.76': 404.87325759675804, 'HeI_4387.93': 800.4075895007479, 'HeI_4471.50': 754.7028014727385, 'HeI_4713.17': 278.8871713667075, 'HeI_4921.93': 1032.831921675238, 'Hf': 885.6796929939899, 'Hn': 98.4099461330118}","{'HeI_3819.62': 1434.5962525445063, 'HeI_4009.26': 296.1074008342626, 'HeI_4143.76': 402.98652062210715, 'HeI_4387.93': 795.8822085142709, 'HeI_4471.50': 763.0050842893952, 'HeI_4713.17': 282.2638919195825, 'HeI_4921.93': 1016.3059854870564, 'Hf': 884.4732545638348, 'Hn': 103.71810900215192}","{'HeI_3819.62': 1444.4688932022707, 'HeI_4009.26': 295.0867794928247, 'HeI_4143.76': 400.91851563139556, 'HeI_4387.93': 790.8578037356519, 'HeI_4471.50': 781.363525371199, 'HeI_4713.17': 286.31702223113274, 'HeI_4921.93': 999.5745743818632, 'Hf': 887.7757786312859, 'Hn': 113.68937409899044}","{'HeI_3819.62': 1454.6608538369178, 'HeI_4009.26': 294.1156067005853, 'HeI_4143.76': 398.9294498577773, 'HeI_4387.93': 785.8266292447231, 'HeI_4471.50': 803.6404666114148, 'HeI_4713.17': 290.3692711909245, 'HeI_4921.93': 983.4405260753443, 'Hf': 896.5644334368808, 'Hn': 128.9487248756317}","{'HeI_3819.62': 1464.304967769586, 'HeI_4009.26': 293.26691514916155, 'HeI_4143.76': 397.3117175482854, 'HeI_4387.93': 781.1984508166662, 'HeI_4471.50': 826.1440432668555, 'HeI_4713.17': 294.0127193264736, 'HeI_4921.93': 968.5786220567416, 'Hf': 911.2280920592834, 'Hn': 149.6403070990191}","{'HeI_3819.62': 1473.0952562938342, 'HeI_4009.26': 292.5578671977371, 'HeI_4143.76': 396.21074254506203, 'HeI_4387.93': 777.0797887453042, 'HeI_4471.50': 846.965238375764, 'HeI_4713.17': 297.1657314795334, 'HeI_4921.93': 955.2266124445822, 'Hf': 931.5842493924687, 'Hn': 175.96099978130303}","{'HeI_3819.62': 1480.532681887213, 'HeI_4009.26': 291.9937129222093, 'HeI_4143.76': 395.67709662191123, 'HeI_4387.93': 773.5875215387546, 'HeI_4471.50': 865.0830353307642, 'HeI_4713.17': 299.77971252405393, 'HeI_4921.93': 943.8029031999621, 'Hf': 956.2865158316205, 'Hn': 207.0446872487123}","{'HeI_3819.62': 1486.901195122956, 'HeI_4009.26': 291.52133997531354, 'HeI_4143.76': 395.66254282813776, 'HeI_4387.93': 770.6609349131357, 'HeI_4471.50': 880.5762790856036, 'HeI_4713.17': 301.95925448451345, 'HeI_4921.93': 934.0192617297454, 'Hf': 984.3099572605773, 'Hn': 242.5010443789758}","{'HeI_3819.62': 1492.5552724725887, 'HeI_4009.26': 291.1031693467902, 'HeI_4143.76': 396.1063687006221, 'HeI_4387.93': 768.2120407194618, 'HeI_4471.50': 893.9089537469052, 'HeI_4713.17': 303.8043027782785, 'HeI_4921.93': 925.5256776743465, 'Hf': 1014.5709281776519, 'Hn': 282.04564411961206}"
T46000logg4.0,"{'HeI_3819.62': 1538.6038108310058, 'HeI_4009.26': 292.7457133331389, 'HeI_4143.76': 389.33985573262373, 'HeI_4387.93': 745.3778331401228, 'HeI_4471.50': 835.7884096334355, 'HeI_4713.17': 305.74700547653606, 'HeI_4921.93': 891.0239544250531, 'Hf': 873.7323452604707, 'Hn': 103.46676811133237}","{'HeI_3819.62': 1542.3382242719763, 'HeI_4009.26': 292.4680516105441, 'HeI_4143.76': 388.81928879303683, 'HeI_4387.93': 743.8531566112624, 'HeI_4471.50': 845.6976439118669, 'HeI_4713.17': 307.07213269437824, 'HeI_4921.93': 886.302071621403, 'Hf': 850.4753808149669, 'Hn': 93.05280628820671}","{'HeI_3819.62': 1546.8709681507248, 'HeI_4009.26': 292.15675605024495, 'HeI_4143.76': 388.22295933625264, 'HeI_4387.93': 742.1258820053885, 'HeI_4471.50': 858.9185532690476, 'HeI_4713.17': 308.6188126068761, 'HeI_4921.93': 881.254647499635, 'Hf': 829.840020277012, 'Hn': 86.25731720415033}","{'HeI_3819.62': 1551.6640789896985, 'HeI_4009.26': 291.84766677418077, 'HeI_4143.76': 387.6452120584252, 'HeI_4387.93': 740.3256948324942, 'HeI_4471.50': 873.4563757826168, 'HeI_4713.17': 310.1550344895376, 'HeI_4921.93': 876.2378436814787, 'Hf': 815.7220698521226, 'Hn': 85.66300157132333}","{'HeI_3819.62': 1556.4134372065814, 'HeI_4009.26': 291.56438879553497, 'HeI_4143.76': 387.19329918134844, 'HeI_4387.93': 738.5780301144989, 'HeI_4471.50': 888.0488196364334, 'HeI_4713.17': 311.51570145703255, 'HeI_4921.93': 871.5425191107583, 'Hf': 810.4280026720041, 'Hn': 92.66073613274384}","{'HeI_3819.62': 1560.846066519024, 'HeI_4009.26': 291.31813253137176, 'HeI_4143.76': 386.92571912085924, 'HeI_4387.93': 736.9240974732681, 'HeI_4471.50': 901.8928410441326, 'HeI_4713.17': 312.68174922051884, 'HeI_4921.93': 867.2731718174795, 'Hf': 814.4931104422874, 'Hn': 107.96982143720626}","{'HeI_3819.62': 1564.6600801800812, 'HeI_4009.26': 291.10590756124907, 'HeI_4143.76': 386.867913455678, 'HeI_4387.93': 735.450895845621, 'HeI_4471.50': 914.2322543091378, 'HeI_4713.17': 313.63689034344316, 'HeI_4921.93': 863.6187972076859, 'Hf': 827.2704684113568, 'Hn': 131.2022301418406}","{'HeI_3819.62': 1567.7441084730528, 'HeI_4009.26': 290.91769988984095, 'HeI_4143.76': 387.0057781560901, 'HeI_4387.93': 734.1648118435901, 'HeI_4471.50': 925.1396264107475, 'HeI_4713.17': 314.4178907540402, 'HeI_4921.93': 860.4795592771281, 'Hf': 847.3334868838292, 'Hn': 161.88069943220304}","{'HeI_3819.62': 1569.9973104699022, 'HeI_4009.26': 290.7446261731059, 'HeI_4143.76': 387.3280790062311, 'HeI_4387.93': 733.0633263187761, 'HeI_4471.50': 934.7821479015108, 'HeI_4713.17': 315.0452741320606, 'HeI_4921.93': 857.7380515218074, 'Hf': 873.1000638733724, 'Hn': 199.61579996832666}"
T46000logg4.2,"{'HeI_3819.62': 1522.2025247796173, 'HeI_4009.26': 288.9100530260642, 'HeI_4143.76': 389.2488421483584, 'HeI_4387.93': 761.9461426817279, 'HeI_4471.50': 928.7018409039491, 'HeI_4713.17': 305.37061100443736, 'HeI_4921.93': 930.8534715288209, 'Hf': 822.799140753818, 'Hn': 85.38943457793137}","{'HeI_3819.62': 1525.1913541212891, 'HeI_4009.26': 288.4697133474551, 'HeI_4143.76': 388.48609032696675, 'HeI_4387.93': 759.6342148115947, 'HeI_4471.50': 935.2374757126913, 'HeI_4713.17': 306.87460779963027, 'HeI_4921.93': 922.8571206283946, 'Hf': 821.9120680588792, 'Hn': 90.56753499119827}","{'HeI_3819.62': 1528.9507552939713, 'HeI_4009.26': 287.98304411777684, 'HeI_4143.76': 387.645903799402, 'HeI_4387.93': 757.0784898042559, 'HeI_4471.50': 946.1129552307103, 'HeI_4713.17': 308.60950342477514, 'HeI_4921.93': 914.4476941739491, 'Hf': 826.2681167925435, 'Hn': 100.73423706189847}","{'HeI_3819.62': 1532.6866595599797, 'HeI_4009.26': 287.53728109095215, 'HeI_4143.76': 386.86362122640014, 'HeI_4387.93': 754.5247463801786, 'HeI_4471.50': 958.198821212346, 'HeI_4713.17': 310.31559362413725, 'HeI_4921.93': 906.2075913866224, 'Hf': 836.930889908863, 'Hn': 116.55434595175451}","{'HeI_3819.62': 1536.063268263565, 'HeI_4009.26': 287.16733105494745, 'HeI_4143.76': 386.2945974287983, 'HeI_4387.93': 752.1899727836585, 'HeI_4471.50': 969.6588822638164, 'HeI_4713.17': 311.8481968342623, 'HeI_4921.93': 898.5675534841968, 'Hf': 854.0526442590349, 'Hn': 138.1498918632378}","{'HeI_3819.62': 1538.990883189624, 'HeI_4009.26': 286.88322179657246, 'HeI_4143.76': 386.0275776246678, 'HeI_4387.93': 750.1441082145053, 'HeI_4471.50': 979.7398774220788, 'HeI_4713.17': 313.1767603634048, 'HeI_4921.93': 891.6945808199234, 'Hf': 877.2748744489741, 'Hn': 165.63627322011388}","{'HeI_3819.62': 1541.3451847502392, 'HeI_4009.26': 286.67945825784443, 'HeI_4143.76': 386.08511564609665, 'HeI_4387.93': 748.4451778759966, 'HeI_4471.50': 988.1203412316577, 'HeI_4713.17': 314.27500152057956, 'HeI_4921.93': 885.8132306130426, 'Hf': 904.9573106458876, 'Hn': 198.0475501323078}","{'HeI_3819.62': 1543.3920824830766, 'HeI_4009.26': 286.5181615502163, 'HeI_4143.76': 386.4437979262385, 'HeI_4387.93': 747.0578977209537, 'HeI_4471.50': 995.0066920151683, 'HeI_4713.17': 315.182150439472, 'HeI_4921.93': 880.7824643630404, 'Hf': 935.9795987534173, 'Hn': 234.87968071338375}","{'HeI_3819.62': 1545.4443303210535, 'HeI_4009.26': 286.3707075019312, 'HeI_4143.76': 387.07368136240586, 'HeI_4387.93': 745.9253036775642, 'HeI_4471.50': 1000.7720124632253, 'HeI_4713.17': 315.9366245003118, 'HeI_4921.93': 876.4172731388237, 'Hf': 969.2085893261665, 'Hn': 275.77451656740084}"
T47000logg4.0,"{'HeI_3819.62': 1576.5728990697687, 'HeI_4009.26': 290.907819287524, 'HeI_4143.76': 383.35877618411615, 'HeI_4387.93': 734.7036555940401, 'HeI_4471.50': 935.7795859509754, 'HeI_4713.17': 317.8277303703293, 'HeI_4921.93': 856.9101318290747, 'Hf': 871.6906949549322, 'Hn': 101.555279542289}","{'HeI_3819.62': 1578.3411888931296, 'HeI_4009.26': 290.7773445569905, 'HeI_4143.76': 383.25358427796374, 'HeI_4387.93': 733.8966129704437, 'HeI_4471.50': 941.8030207376848, 'HeI_4713.17': 318.32075759537423, 'HeI_4921.93': 854.663433213962, 'Hf': 844.9104311007596, 'Hn': 89.50332590151422}","{'HeI_3819.62': 1580.4777179154332, 'HeI_4009.26': 290.63047589462343, 'HeI_4143.76': 383.1310683895676, 'HeI_4387.93': 732.9511645361579, 'HeI_4471.50': 949.6636340584387, 'HeI_4713.17': 318.9228005566642, 'HeI_4921.93': 852.2193480659853, 'Hf': 821.1293727996042, 'Hn': 81.34430082373608}","{'HeI_3819.62': 1582.7556858798534, 'HeI_4009.26': 290.4855199694204, 'HeI_4143.76': 383.02962605644973, 'HeI_4387.93': 731.940922221878, 'HeI_4471.50': 958.1420333132969, 'HeI_4713.17': 319.53119568397597, 'HeI_4921.93': 849.7730981633293, 'Hf': 804.5235782435374, 'Hn': 79.76289884119876}","{'HeI_3819.62': 1585.0161261444541, 'HeI_4009.26': 290.35364614017806, 'HeI_4143.76': 382.99824097420264, 'HeI_4387.93': 730.9332907586981, 'HeI_4471.50': 966.5119131400762, 'HeI_4713.17': 320.06857155744154, 'HeI_4921.93': 847.4758041536279, 'Hf': 797.2972324426681, 'Hn': 86.1221805610232}","{'HeI_3819.62': 1587.0769559499126, 'HeI_4009.26': 290.240372859676, 'HeI_4143.76': 383.07157703128763, 'HeI_4387.93': 729.9671809130284, 'HeI_4471.50': 974.3787452076444, 'HeI_4713.17': 320.5278468560766, 'HeI_4921.93': 845.3825097025489, 'Hf': 799.8517288070177, 'Hn': 101.064195596043}","{'HeI_3819.62': 1588.7413664001647, 'HeI_4009.26': 290.1434193073594, 'HeI_4143.76': 383.2575600347017, 'HeI_4387.93': 729.0973159664283, 'HeI_4471.50': 981.3515776664451, 'HeI_4713.17': 320.90124482571764, 'HeI_4921.93': 843.5886470134404, 'Hf': 811.4396729670574, 'Hn': 124.14092203007705}","{'HeI_3819.62': 1589.9273963438886, 'HeI_4009.26': 290.05693190982396, 'HeI_4143.76': 383.55184275706097, 'HeI_4387.93': 728.3361068632364, 'HeI_4471.50': 987.49953187706, 'HeI_4713.17': 321.19446924685684, 'HeI_4921.93': 842.0461389471756, 'Hf': 830.583277103371, 'Hn': 154.82235059408058}","{'HeI_3819.62': 1590.5524554089384, 'HeI_4009.26': 289.9750800428687, 'HeI_4143.76': 383.9531600679168, 'HeI_4387.93': 727.6858104130588, 'HeI_4471.50': 992.939227327631, 'HeI_4713.17': 321.40019571401916, 'HeI_4921.93': 840.697212353064, 'Hf': 855.6658983028414, 'Hn': 192.7130215524226}"
T47000logg4.2,"{'HeI_3819.62': 1548.5534281686598, 'HeI_4009.26': 285.44527637655654, 'HeI_4143.76': 382.2602812243535, 'HeI_4387.93': 742.1897936879304, 'HeI_4471.50': 1016.4013774045604, 'HeI_4713.17': 318.00117358690784, 'HeI_4921.93': 881.5716434921962, 'Hf': 812.6746713186315, 'Hn': 85.32504489917113}","{'HeI_3819.62': 1549.6203437959457, 'HeI_4009.26': 285.23716799871954, 'HeI_4143.76': 381.99504788402567, 'HeI_4387.93': 740.7718221853248, 'HeI_4471.50': 1019.9290835002852, 'HeI_4713.17': 318.69978270771117, 'HeI_4921.93': 877.3330813492977, 'Hf': 812.918334687092, 'Hn': 90.95462889136353}","{'HeI_3819.62': 1550.9108831940077, 'HeI_4009.26': 285.00784938407475, 'HeI_4143.76': 381.7139794741022, 'HeI_4387.93': 739.2356220097795, 'HeI_4471.50': 1025.6038536888486, 'HeI_4713.17': 319.49436364162483, 'HeI_4921.93': 872.7810329506656, 'Hf': 818.1424781898288, 'Hn': 101.41217518906556}","{'HeI_3819.62': 1552.0646859199305, 'HeI_4009.26': 284.8085190874952, 'HeI_4143.76': 381.49275857864717, 'HeI_4387.93': 737.7170219826032, 'HeI_4471.50': 1031.6262715453247, 'HeI_4713.17': 320.27110768473284, 'HeI_4921.93': 868.2911599978199, 'Hf': 829.2882005934832, 'Hn': 117.27054286404092}","{'HeI_3819.62': 1552.9609459390642, 'HeI_4009.26': 284.65449450854254, 'HeI_4143.76': 381.4258673321036, 'HeI_4387.93': 736.3447979462186, 'HeI_4471.50': 1036.974782436402, 'HeI_4713.17': 320.9782318348266, 'HeI_4921.93': 864.1249582990207, 'Hf': 846.4934740077449, 'Hn': 138.6296102520389}","{'HeI_3819.62': 1553.5799754761156, 'HeI_4009.26': 284.5513509851438, 'HeI_4143.76': 381.5803625777775, 'HeI_4387.93': 735.1747016627073, 'HeI_4471.50': 1041.366384420779, 'HeI_4713.17': 321.6004803054777, 'HeI_4921.93': 860.3870283349651, 'Hf': 869.5027031940642, 'Hn': 165.642807369835}","{'HeI_3819.62': 1553.9203534873075, 'HeI_4009.26': 284.49203694254464, 'HeI_4143.76': 381.968357819554, 'HeI_4387.93': 734.244114593828, 'HeI_4471.50': 1044.7298124947602, 'HeI_4713.17': 322.1176810844024, 'HeI_4921.93': 857.1996510877506, 'Hf': 896.8207403983412, 'Hn': 197.4721451013886}","{'HeI_3819.62': 1554.1957056946726, 'HeI_4009.26': 284.45107025274245, 'HeI_4143.76': 382.5780762184712, 'HeI_4387.93': 733.5287248137232, 'HeI_4471.50': 1047.2798736941304, 'HeI_4713.17': 322.54563210912073, 'HeI_4921.93': 854.4835968145533, 'Hf': 927.4627665394449, 'Hn': 233.67355104897078}","{'HeI_3819.62': 1554.6452227208422, 'HeI_4009.26': 284.40756953707864, 'HeI_4143.76': 383.39256063646553, 'HeI_4387.93': 732.9841289732342, 'HeI_4471.50': 1049.2860389734685, 'HeI_4713.17': 322.90181698051344, 'HeI_4921.93': 852.1326435877389, 'Hf': 960.3827440992519, 'Hn': 273.9260138987994}"
T48000logg4.0,"{'HeI_3819.62': 1590.8938707593634, 'HeI_4009.26': 290.11906569153035, 'HeI_4143.76': 381.2085216400584, 'HeI_4387.93': 728.7170359209226, 'HeI_4471.50': 981.6850112583342, 'HeI_4713.17': 324.3087678300321, 'HeI_4921.93': 846.6278282725485, 'Hf': 922.3800485515487, 'Hn': 111.39540421712654}","{'HeI_3819.62': 1591.9733797311687, 'HeI_4009.26': 290.0400551875769, 'HeI_4143.76': 381.2450366644096, 'HeI_4387.93': 728.2346682892121, 'HeI_4471.50': 985.7263437871068, 'HeI_4713.17': 324.2502260673453, 'HeI_4921.93': 845.1093384483494, 'Hf': 891.0970184810086, 'Hn': 97.34185037597791}","{'HeI_3819.62': 1593.2404235113404, 'HeI_4009.26': 289.94977187467424, 'HeI_4143.76': 381.28473009433395, 'HeI_4387.93': 727.6518640620309, 'HeI_4471.50': 991.1586918122287, 'HeI_4713.17': 324.34001321656785, 'HeI_4921.93': 843.4431655301373, 'Hf': 862.6509994438316, 'Hn': 87.14220891540621}","{'HeI_3819.62': 1594.5703478363032, 'HeI_4009.26': 289.86175276751504, 'HeI_4143.76': 381.34435706852906, 'HeI_4387.93': 727.0190542670758, 'HeI_4471.50': 996.9623891370586, 'HeI_4713.17': 324.4664801400236, 'HeI_4921.93': 841.7741168428599, 'Hf': 841.6401043061892, 'Hn': 83.65765269474767}","{'HeI_3819.62': 1595.860275724514, 'HeI_4009.26': 289.78337055306463, 'HeI_4143.76': 381.44957439988895, 'HeI_4387.93': 726.385437195976, 'HeI_4471.50': 1002.5758203711447, 'HeI_4713.17': 324.5542347947915, 'HeI_4921.93': 840.2065755989078, 'Hf': 830.6108665255495, 'Hn': 88.28241097227871}","{'HeI_3819.62': 1597.0186854380272, 'HeI_4009.26': 289.71729704360644, 'HeI_4143.76': 381.6217310371604, 'HeI_4387.93': 725.7741801888786, 'HeI_4471.50': 1007.7526264735984, 'HeI_4713.17': 324.5942504842655, 'HeI_4921.93': 838.7814937968291, 'Hf': 829.2663899949677, 'Hn': 101.674396560226}","{'HeI_3819.62': 1597.891377734617, 'HeI_4009.26': 289.662644046567, 'HeI_4143.76': 381.8611837968436, 'HeI_4387.93': 725.2242253159725, 'HeI_4471.50': 1012.2921662606907, 'HeI_4713.17': 324.58421062335975, 'HeI_4921.93': 837.5572597723929, 'Hf': 837.6887050733244, 'Hn': 123.47352630133608}","{'HeI_3819.62': 1598.4474498336149, 'HeI_4009.26': 289.6144973142731, 'HeI_4143.76': 382.16531524226025, 'HeI_4387.93': 724.7438621121506, 'HeI_4471.50': 1016.248604200403, 'HeI_4713.17': 324.51165097940464, 'HeI_4921.93': 836.50598942575, 'Hf': 854.111865658612, 'Hn': 153.1182907821988}","{'HeI_3819.62': 1598.6514574176394, 'HeI_4009.26': 289.56836773485236, 'HeI_4143.76': 382.5334929465291, 'HeI_4387.93': 724.3354037018407, 'HeI_4471.50': 1019.727014568479, 'HeI_4713.17': 324.3448518626593, 'HeI_4921.93': 835.5929824694989, 'Hf': 876.7579099859925, 'Hn': 190.0134204821192}"
T49000logg4.0,"{'HeI_3819.62': 1604.35965194888, 'HeI_4009.26': 291.2922915031128, 'HeI_4143.76': 382.96936680569297, 'HeI_4387.93': 730.2824273159292, 'HeI_4471.50': 1004.8959545713732, 'HeI_4713.17': 327.17395615179436, 'HeI_4921.93': 844.420269561143, 'Hf': 778.0254481042342, 'Hn': 89.98795639111292}","{'HeI_3819.62': 1604.8610278955173, 'HeI_4009.26': 291.2148116972882, 'HeI_4143.76': 383.01532642570453, 'HeI_4387.93': 729.9580900785044, 'HeI_4471.50': 1008.1205086208473, 'HeI_4713.17': 327.4091823462397, 'HeI_4921.93': 843.1325188845342, 'Hf': 751.5157567737217, 'Hn': 77.11440172811656}","{'HeI_3819.62': 1605.4187793597994, 'HeI_4009.26': 291.1248890596522, 'HeI_4143.76': 383.06634952283054, 'HeI_4387.93': 729.5655467887243, 'HeI_4471.50': 1012.5981563815026, 'HeI_4713.17': 327.6868490647136, 'HeI_4921.93': 841.7118968606857, 'Hf': 728.0990843937998, 'Hn': 68.03470768943139}","{'HeI_3819.62': 1605.9318841601216, 'HeI_4009.26': 291.0350292201315, 'HeI_4143.76': 383.13645494751387, 'HeI_4387.93': 729.1381767476053, 'HeI_4471.50': 1017.3314841767541, 'HeI_4713.17': 327.9680904814114, 'HeI_4921.93': 840.2869083613765, 'Hf': 712.1969969356669, 'Hn': 65.72010869359801}","{'HeI_3819.62': 1606.3134565278392, 'HeI_4009.26': 290.9528544687745, 'HeI_4143.76': 383.2480073676317, 'HeI_4387.93': 728.7118245123987, 'HeI_4471.50': 1021.7848223797965, 'HeI_4713.17': 328.2231113044628, 'HeI_4921.93': 838.9462043314064, 'Hf': 706.1634054901376, 'Hn': 71.66693038474253}","{'HeI_3819.62': 1606.481463229688, 'HeI_4009.26': 290.8806421722722, 'HeI_4143.76': 383.4208414545961, 'HeI_4387.93': 728.3034490908899, 'HeI_4471.50': 1025.7749819863188, 'HeI_4713.17': 328.4480797455932, 'HeI_4921.93': 837.725813402136, 'Hf': 710.2615467730703, 'Hn': 86.58768622027512}","{'HeI_3819.62': 1606.3217256046582, 'HeI_4009.26': 290.81900879997886, 'HeI_4143.76': 383.656222852247, 'HeI_4387.93': 727.9351656170435, 'HeI_4471.50': 1029.190157528003, 'HeI_4713.17': 328.6361065717381, 'HeI_4921.93': 836.6743150942817, 'Hf': 723.916280254364, 'Hn': 110.09074052044754}","{'HeI_3819.62': 1605.7868149076894, 'HeI_4009.26': 290.76375016088485, 'HeI_4143.76': 383.9522014311641, 'HeI_4387.93': 727.6103510513819, 'HeI_4471.50': 1032.0976875936503, 'HeI_4713.17': 328.785098899332, 'HeI_4921.93': 835.7706098941136, 'Hf': 745.5545996146237, 'Hn': 141.538229167015}","{'HeI_3819.62': 1604.8122144252227, 'HeI_4009.26': 290.71120515819376, 'HeI_4143.76': 384.3064022571943, 'HeI_4387.93': 727.3273719637551, 'HeI_4471.50': 1034.6134466640283, 'HeI_4713.17': 328.888109413577, 'HeI_4921.93': 834.9857734069341, 'Hf': 773.4255077708617, 'Hn': 180.2334083470476}"
T49000logg4.2,"{'HeI_3819.62': 1525.91201849605, 'HeI_4009.26': 285.99595520532614, 'HeI_4143.76': 381.43730231415327, 'HeI_4387.93': 725.7402436877056, 'HeI_4471.50': 920.4900719468677, 'HeI_4713.17': 312.80390793031205, 'HeI_4921.93': 863.0251190659228, 'Hf': 935.2138755207311, 'Hn': 88.4451930077975}","{'HeI_3819.62': 1527.6464620597862, 'HeI_4009.26': 285.839951118099, 'HeI_4143.76': 381.32633376886116, 'HeI_4387.93': 724.7810206373631, 'HeI_4471.50': 926.7200355097144, 'HeI_4713.17': 313.3247130402508, 'HeI_4921.93': 860.2721009375275, 'Hf': 925.8178554861375, 'Hn': 89.79168836204624}","{'HeI_3819.62': 1529.7378265393609, 'HeI_4009.26': 285.6625000662908, 'HeI_4143.76': 381.1979307917207, 'HeI_4387.93': 723.6608624798372, 'HeI_4471.50': 934.8906087446497, 'HeI_4713.17': 313.96854466887925, 'HeI_4921.93': 857.2672377686174, 'Hf': 919.6698541354364, 'Hn': 95.43854604860881}","{'HeI_3819.62': 1531.9373650827777, 'HeI_4009.26': 285.48578458942234, 'HeI_4143.76': 381.0925673628666, 'HeI_4387.93': 722.475878953774, 'HeI_4471.50': 943.7191795692219, 'HeI_4713.17': 314.61962399862654, 'HeI_4921.93': 854.2622866041411, 'Hf': 918.8856560008704, 'Hn': 106.59877168525254}","{'HeI_3819.62': 1534.0659549809982, 'HeI_4009.26': 285.3233056881356, 'HeI_4143.76': 381.0612511948316, 'HeI_4387.93': 721.3112596308822, 'HeI_4471.50': 952.464043430468, 'HeI_4713.17': 315.1931944546807, 'HeI_4921.93': 851.4381557087462, 'Hf': 924.5883664572652, 'Hn': 123.82311372509332}","{'HeI_3819.62': 1536.0046578147794, 'HeI_4009.26': 285.17790497797915, 'HeI_4143.76': 381.1396740642079, 'HeI_4387.93': 720.2028194535523, 'HeI_4471.50': 960.6872787151631, 'HeI_4713.17': 315.67964691902876, 'HeI_4921.93': 848.8693608237197, 'Hf': 936.8188503512526, 'Hn': 147.54286207267134}","{'HeI_3819.62': 1537.5329499489703, 'HeI_4009.26': 285.0505352780688, 'HeI_4143.76': 381.3362694831653, 'HeI_4387.93': 719.2147853676962, 'HeI_4471.50': 968.0457485665627, 'HeI_4713.17': 316.0743927517203, 'HeI_4921.93': 846.6542063190755, 'Hf': 954.7994322748091, 'Hn': 177.06895595184298}","{'HeI_3819.62': 1538.5940759008927, 'HeI_4009.26': 284.9336205791391, 'HeI_4143.76': 381.6452049491183, 'HeI_4387.93': 718.3590668880101, 'HeI_4471.50': 974.5470325732321, 'HeI_4713.17': 316.38268427531784, 'HeI_4921.93': 844.7473310307945, 'Hf': 977.5123732248325, 'Hn': 212.00149090747686}","{'HeI_3819.62': 1539.1257617981341, 'HeI_4009.26': 284.82096313721695, 'HeI_4143.76': 382.058780176018, 'HeI_4387.93': 717.6387675007304, 'HeI_4471.50': 980.3044990449209, 'HeI_4713.17': 316.59615109026396, 'HeI_4921.93': 843.0878764050722, 'Hf': 1003.7613780799644, 'Hn': 251.950405453454}"
T50000logg4.0,"{'HeI_3819.62': 1601.5716454566718, 'HeI_4009.26': 289.48399242035816, 'HeI_4143.76': 381.3178973989348, 'HeI_4387.93': 722.8727401645845, 'HeI_4471.50': 1030.0967023994965, 'HeI_4713.17': 331.6441033662286, 'HeI_4921.93': 837.8222242007365, 'Hf': 754.9642873240616, 'Hn': 86.39078027269227}","{'HeI_3819.62': 1601.914668186007, 'HeI_4009.26': 289.4455290988885, 'HeI_4143.76': 381.4441721273419, 'HeI_4387.93': 722.6647896263999, 'HeI_4471.50': 1032.095765876077, 'HeI_4713.17': 331.78634782872206, 'HeI_4921.93': 837.037998821717, 'Hf': 726.8522333680896, 'Hn': 72.5523716717554}","{'HeI_3819.62': 1602.2490645395933, 'HeI_4009.26': 289.39858236082137, 'HeI_4143.76': 381.58695181345877, 'HeI_4387.93': 722.4023090920246, 'HeI_4471.50': 1035.1782408460429, 'HeI_4713.17': 331.96167153538096, 'HeI_4921.93': 836.1572256969039, 'Hf': 702.1326656937218, 'Hn': 62.81747270323118}","{'HeI_3819.62': 1602.5590744067172, 'HeI_4009.26': 289.3511823931988, 'HeI_4143.76': 381.74485051792675, 'HeI_4387.93': 722.1069825272463, 'HeI_4471.50': 1038.3665449835405, 'HeI_4713.17': 332.1459680243308, 'HeI_4921.93': 835.2668176426313, 'Hf': 685.6744286200709, 'Hn': 60.32175042510094}","{'HeI_3819.62': 1602.7669737180545, 'HeI_4009.26': 289.3071178060681, 'HeI_4143.76': 381.92648181355383, 'HeI_4387.93': 721.8015931705426, 'HeI_4471.50': 1041.228386647072, 'HeI_4713.17': 332.3241991272617, 'HeI_4921.93': 834.4154063146525, 'Hf': 679.763699601154, 'Hn': 66.58847198644042}","{'HeI_3819.62': 1602.8220294828377, 'HeI_4009.26': 289.2678661064612, 'HeI_4143.76': 382.13477688400747, 'HeI_4387.93': 721.5170609843732, 'HeI_4471.50': 1043.6203049348087, 'HeI_4713.17': 332.488209050519, 'HeI_4921.93': 833.6487721999822, 'Hf': 684.6103075134812, 'Hn': 81.81414487510285}","{'HeI_3819.62': 1602.6172777581987, 'HeI_4009.26': 289.23268227728687, 'HeI_4143.76': 382.37551820237155, 'HeI_4387.93': 721.2627865307877, 'HeI_4471.50': 1045.578990220993, 'HeI_4713.17': 332.6361886367833, 'HeI_4921.93': 832.9698573340364, 'Hf': 699.1360121500513, 'Hn': 106.00470327534201}","{'HeI_3819.62': 1602.131026557683, 'HeI_4009.26': 289.1991775259909, 'HeI_4143.76': 382.642661358994, 'HeI_4387.93': 721.0474368544286, 'HeI_4471.50': 1047.1636591311308, 'HeI_4713.17': 332.76090828336487, 'HeI_4921.93': 832.3852199582168, 'Hf': 721.7844503873546, 'Hn': 138.1003344135909}","{'HeI_3819.62': 1601.3072444719096, 'HeI_4009.26': 289.1652061264888, 'HeI_4143.76': 382.94233055516827, 'HeI_4387.93': 720.8659862917634, 'HeI_4471.50': 1048.4891652861081, 'HeI_4713.17': 332.8596372522454, 'HeI_4921.93': 831.8693116754512, 'Hf': 750.5735030794696, 'Hn': 177.8021005754413}"
T50000logg4.2,"{'HeI_3819.62': 1537.6965811464468, 'HeI_4009.26': 285.2494642540786, 'HeI_4143.76': 379.4935375763265, 'HeI_4387.93': 720.7935132072947, 'HeI_4471.50': 959.6644722079803, 'HeI_4713.17': 318.3220965924913, 'HeI_4921.93': 851.5363838123501, 'Hf': 979.0065824274526, 'Hn': 93.96357202157195}","{'HeI_3819.62': 1538.7693037759525, 'HeI_4009.26': 285.1425088278626, 'HeI_4143.76': 379.5086870653823, 'HeI_4387.93': 720.1162027715142, 'HeI_4471.50': 964.0833685844211, 'HeI_4713.17': 318.3686673199277, 'HeI_4921.93': 849.6104067220022, 'Hf': 966.7944764034529, 'Hn': 94.44299702097484}","{'HeI_3819.62': 1539.9989905390164, 'HeI_4009.26': 285.0162321733523, 'HeI_4143.76': 379.52258522734076, 'HeI_4387.93': 719.2958822522876, 'HeI_4471.50': 970.0717839518405, 'HeI_4713.17': 318.57548257266643, 'HeI_4921.93': 847.4699269362386, 'Hf': 957.7168874450191, 'Hn': 99.28820638718332}","{'HeI_3819.62': 1541.2176159924359, 'HeI_4009.26': 284.892127963665, 'HeI_4143.76': 379.557018732738, 'HeI_4387.93': 718.4196437513777, 'HeI_4471.50': 976.5079979077483, 'HeI_4713.17': 318.8309457386672, 'HeI_4921.93': 845.3274803170245, 'Hf': 954.2804316267557, 'Hn': 109.71064563018243}","{'HeI_3819.62': 1542.313463099692, 'HeI_4009.26': 284.77887104528753, 'HeI_4143.76': 379.64589440916956, 'HeI_4387.93': 717.550178416714, 'HeI_4471.50': 982.8110530939343, 'HeI_4713.17': 319.0449307551344, 'HeI_4921.93': 843.3202913045751, 'Hf': 957.5289287253482, 'Hn': 126.207865774958}","{'HeI_3819.62': 1543.2030382958073, 'HeI_4009.26': 284.68109048246265, 'HeI_4143.76': 379.8146513033819, 'HeI_4387.93': 716.7311061008961, 'HeI_4471.50': 988.6836213433437, 'HeI_4713.17': 319.210048728484, 'HeI_4921.93': 841.4992363977115, 'Hf': 967.4219738962847, 'Hn': 149.01390635127137}","{'HeI_3819.62': 1543.782270886639, 'HeI_4009.26': 284.5966117940639, 'HeI_4143.76': 380.0693538712752, 'HeI_4387.93': 715.9997214799527, 'HeI_4471.50': 993.882102107891, 'HeI_4713.17': 319.3329784736589, 'HeI_4921.93': 839.9351873393306, 'Hf': 983.1738683985368, 'Hn': 177.53379301161158}","{'HeI_3819.62': 1544.0496236707636, 'HeI_4009.26': 284.51823654108784, 'HeI_4143.76': 380.4135449602503, 'HeI_4387.93': 715.3633618505498, 'HeI_4471.50': 998.5077551464378, 'HeI_4713.17': 319.40475461566047, 'HeI_4921.93': 838.5766582246994, 'Hf': 1003.8937180131288, 'Hn': 211.82022443295278}","{'HeI_3819.62': 1543.9943404453452, 'HeI_4009.26': 284.44246956704035, 'HeI_4143.76': 380.8385141212134, 'HeI_4387.93': 714.8363634694146, 'HeI_4471.50': 1002.5984736816207, 'HeI_4713.17': 319.39547779149547, 'HeI_4921.93': 837.3979947604327, 'Hf': 1028.0479522255562, 'Hn': 251.01745977581493}"
T51000logg4.2,"{'HeI_3819.62': 1549.6654170077832, 'HeI_4009.26': 284.95397029264916, 'HeI_4143.76': 379.1956968468026, 'HeI_4387.93': 719.2136819831898, 'HeI_4471.50': 993.8348637142009, 'HeI_4713.17': 321.98281335988617, 'HeI_4921.93': 843.9403173899528, 'Hf': 996.4660226841581, 'Hn': 94.94202752415944}","{'HeI_3819.62': 1550.3144853788765, 'HeI_4009.26': 284.872255320515, 'HeI_4143.76': 379.2691810575288, 'HeI_4387.93': 718.7852278467282, 'HeI_4471.50': 997.0067478420045, 'HeI_4713.17': 322.093556913388, 'HeI_4921.93': 842.5576793177466, 'Hf': 982.7355704348395, 'Hn': 94.41760228531633}","{'HeI_3819.62': 1551.027102319453, 'HeI_4009.26': 284.7722754672809, 'HeI_4143.76': 379.3506863015839, 'HeI_4387.93': 718.257248391357, 'HeI_4471.50': 1001.5196577103952, 'HeI_4713.17': 322.2753501920137, 'HeI_4921.93': 841.0125696217607, 'Hf': 972.5007123532008, 'Hn': 98.41787627124633}","{'HeI_3819.62': 1551.706966357341, 'HeI_4009.26': 284.6708057131228, 'HeI_4143.76': 379.44848947976783, 'HeI_4387.93': 717.6853173208635, 'HeI_4471.50': 1006.29947384423, 'HeI_4713.17': 322.4737373702742, 'HeI_4921.93': 839.4635265476007, 'Hf': 968.463231371301, 'Hn': 108.2736734418824}","{'HeI_3819.62': 1552.2698791317778, 'HeI_4009.26': 284.574578606718, 'HeI_4143.76': 379.58249255388375, 'HeI_4387.93': 717.1112808052576, 'HeI_4471.50': 1010.8199129458749, 'HeI_4713.17': 322.6410334359299, 'HeI_4921.93': 838.0105034516155, 'Hf': 971.5973341640522, 'Hn': 124.4582102279122}","{'HeI_3819.62': 1552.652891706539, 'HeI_4009.26': 284.48782335476, 'HeI_4143.76': 379.7690258386495, 'HeI_4387.93': 716.5712262744688, 'HeI_4471.50': 1014.8940887597519, 'HeI_4713.17': 322.774887644797, 'HeI_4921.93': 836.6908771770312, 'Hf': 981.7674823147938, 'Hn': 147.1682407190764}","{'HeI_3819.62': 1552.7658543630484, 'HeI_4009.26': 284.4099118880747, 'HeI_4143.76': 380.010571284035, 'HeI_4387.93': 716.0907919649478, 'HeI_4471.50': 1018.4065281998442, 'HeI_4713.17': 322.8768125127187, 'HeI_4921.93': 835.5565230276576, 'Hf': 998.095770857691, 'Hn': 175.7228372540153}","{'HeI_3819.62': 1552.6051700706678, 'HeI_4009.26': 284.3355271452515, 'HeI_4143.76': 380.3106370862848, 'HeI_4387.93': 715.6736846360999, 'HeI_4471.50': 1021.457673878377, 'HeI_4713.17': 322.94009777132055, 'HeI_4921.93': 834.571237098829, 'Hf': 1019.5725171607353, 'Hn': 210.10405704166726}","{'HeI_3819.62': 1552.1681259473528, 'HeI_4009.26': 284.2626055427854, 'HeI_4143.76': 380.6637766146836, 'HeI_4387.93': 715.326224275705, 'HeI_4471.50': 1024.1125627171966, 'HeI_4713.17': 322.9448762525274, 'HeI_4921.93': 833.7169070582277, 'Hf': 1044.5597288370261, 'Hn': 249.42684678790724}"
T52000logg4.2,"{'HeI_3819.62': 1617.3339059783198, 'HeI_4009.26': 286.03705098357136, 'HeI_4143.76': 375.01173226486867, 'HeI_4387.93': 718.9003855945833, 'HeI_4471.50': 1069.0205768481376, 'HeI_4713.17': 334.53351082811326, 'HeI_4921.93': 832.9927146631982, 'Hf': 707.9533582090853, 'Hn': 56.232754256824535}","{'HeI_3819.62': 1617.0526568773241, 'HeI_4009.26': 286.00630556571383, 'HeI_4143.76': 375.13707589369983, 'HeI_4387.93': 718.7305124026427, 'HeI_4471.50': 1069.4791316529374, 'HeI_4713.17': 334.47796131303744, 'HeI_4921.93': 832.4179909179464, 'Hf': 704.3970574967625, 'Hn': 59.091613388287115}","{'HeI_3819.62': 1616.694605590774, 'HeI_4009.26': 285.96661682118673, 'HeI_4143.76': 375.2814597838019, 'HeI_4387.93': 718.5601489024388, 'HeI_4471.50': 1070.9358422311773, 'HeI_4713.17': 334.42908767515127, 'HeI_4921.93': 831.7737418165511, 'Hf': 705.4371275556769, 'Hn': 66.74802048612472}","{'HeI_3819.62': 1616.1310681848997, 'HeI_4009.26': 285.94168983898163, 'HeI_4143.76': 375.44772318743645, 'HeI_4387.93': 718.3892122109819, 'HeI_4471.50': 1072.331479940722, 'HeI_4713.17': 334.3848923375204, 'HeI_4921.93': 831.1344720943848, 'Hf': 712.726079771977, 'Hn': 80.22538782519966}","{'HeI_3819.62': 1615.349589287747, 'HeI_4009.26': 285.9375830488076, 'HeI_4143.76': 375.649720598017, 'HeI_4387.93': 718.2286778668578, 'HeI_4471.50': 1073.2012808111022, 'HeI_4713.17': 334.34339019965415, 'HeI_4921.93': 830.5406534715357, 'Hf': 726.917422989647, 'Hn': 99.95377243232005}","{'HeI_3819.62': 1614.4047821817176, 'HeI_4009.26': 285.95828404191354, 'HeI_4143.76': 375.9015496114177, 'HeI_4387.93': 718.1086778774486, 'HeI_4471.50': 1073.5543311076858, 'HeI_4713.17': 334.3036637526561, 'HeI_4921.93': 830.0108615990202, 'Hf': 747.6245424408642, 'Hn': 126.02178097016399}","{'HeI_3819.62': 1613.3656082336986, 'HeI_4009.26': 285.99752937907533, 'HeI_4143.76': 376.2051420263913, 'HeI_4387.93': 718.0351510751314, 'HeI_4471.50': 1073.5298979281797, 'HeI_4713.17': 334.2601862066529, 'HeI_4921.93': 829.5624783618808, 'Hf': 773.890335526584, 'Hn': 157.65535390083141}","{'HeI_3819.62': 1612.4372095803835, 'HeI_4009.26': 286.03993907802317, 'HeI_4143.76': 376.56653352989855, 'HeI_4387.93': 718.0024608524052, 'HeI_4471.50': 1073.2429448554494, 'HeI_4713.17': 334.1985810847942, 'HeI_4921.93': 829.1795075904851, 'Hf': 804.7914710299183, 'Hn': 194.82708632603277}","{'HeI_3819.62': 1611.8619586047532, 'HeI_4009.26': 286.0704275833797, 'HeI_4143.76': 376.9813347940829, 'HeI_4387.93': 717.9959290253115, 'HeI_4471.50': 1072.8393152417284, 'HeI_4713.17': 334.1017838092414, 'HeI_4921.93': 828.8523609666472, 'Hf': 838.6377483385528, 'Hn': 236.5290514066791}"
T53000logg4.2,"{'HeI_3819.62': 1558.6266373104397, 'HeI_4009.26': 285.8378364647014, 'HeI_4143.76': 382.1475626492647, 'HeI_4387.93': 716.4544415534956, 'HeI_4471.50': 1027.34398273484, 'HeI_4713.17': 328.1854049353494, 'HeI_4921.93': 837.5618234655817, 'Hf': 863.0108238385603, 'Hn': 72.61072892408878}","{'HeI_3819.62': 1558.8183791705962, 'HeI_4009.26': 285.7949728910905, 'HeI_4143.76': 382.27139891288067, 'HeI_4387.93': 716.2732453265033, 'HeI_4471.50': 1029.2282514758792, 'HeI_4713.17': 328.2866764326212, 'HeI_4921.93': 836.7559770706206, 'Hf': 851.870392409176, 'Hn': 72.3552994722668}","{'HeI_3819.62': 1558.9597551072295, 'HeI_4009.26': 285.73917807192856, 'HeI_4143.76': 382.4137038612814, 'HeI_4387.93': 716.0457857696771, 'HeI_4471.50': 1032.2618305566348, 'HeI_4713.17': 328.410922141821, 'HeI_4921.93': 835.8369488458278, 'Hf': 843.8632934033644, 'Hn': 76.42307896453732}","{'HeI_3819.62': 1559.0129829367445, 'HeI_4009.26': 285.68040681699193, 'HeI_4143.76': 382.5689098978935, 'HeI_4387.93': 715.792800199232, 'HeI_4471.50': 1035.3916064075738, 'HeI_4713.17': 328.5380776217397, 'HeI_4921.93': 834.9068341366507, 'Hf': 841.7651831197771, 'Hn': 86.27995059378691}","{'HeI_3819.62': 1558.9194262761057, 'HeI_4009.26': 285.6221466433893, 'HeI_4143.76': 382.74396990301346, 'HeI_4387.93': 715.5317129481635, 'HeI_4471.50': 1038.1532741692124, 'HeI_4713.17': 328.6524887498617, 'HeI_4921.93': 834.0145808543205, 'Hf': 846.7962784396766, 'Hn': 102.71311878945232}","{'HeI_3819.62': 1558.6414393794146, 'HeI_4009.26': 285.56742458371014, 'HeI_4143.76': 382.94038724289146, 'HeI_4387.93': 715.293618807397, 'HeI_4471.50': 1040.4334533937333, 'HeI_4713.17': 328.75068651237166, 'HeI_4921.93': 833.1992351486698, 'Hf': 858.8995823819461, 'Hn': 125.7625616904533}","{'HeI_3819.62': 1558.1145312017554, 'HeI_4009.26': 285.5155695931402, 'HeI_4143.76': 383.15749260504333, 'HeI_4387.93': 715.0877367011838, 'HeI_4471.50': 1042.268154256627, 'HeI_4713.17': 328.83255600767853, 'HeI_4921.93': 832.4828944916343, 'Hf': 877.4285338832088, 'Hn': 155.03386171371505}","{'HeI_3819.62': 1557.324035863092, 'HeI_4009.26': 285.4642822594714, 'HeI_4143.76': 383.39683500809616, 'HeI_4387.93': 714.9149220389054, 'HeI_4471.50': 1043.738185534169, 'HeI_4713.17': 328.89466641392823, 'HeI_4921.93': 831.85072257371, 'Hf': 901.2473712920137, 'Hn': 190.424551099821}","{'HeI_3819.62': 1556.2778534254498, 'HeI_4009.26': 285.4120472136869, 'HeI_4143.76': 383.65338873522114, 'HeI_4387.93': 714.7717846606334, 'HeI_4471.50': 1044.9475067633396, 'HeI_4713.17': 328.9285724383314, 'HeI_4921.93': 831.300301334562, 'Hf': 928.9472782196574, 'Hn': 230.8656721055639}"
T54000logg4.2,"{'HeI_3819.62': 1558.1026503054647, 'HeI_4009.26': 285.11092838245344, 'HeI_4143.76': 379.38745608168745, 'HeI_4387.93': 713.0155648402891, 'HeI_4471.50': 1035.953105616782, 'HeI_4713.17': 331.07598257393965, 'HeI_4921.93': 835.203156018362, 'Hf': 929.8934303813206, 'Hn': 80.18075660423548}","{'HeI_3819.62': 1558.1315570074705, 'HeI_4009.26': 285.08155932578256, 'HeI_4143.76': 379.50592745179404, 'HeI_4387.93': 712.8985451853442, 'HeI_4471.50': 1037.4072192089468, 'HeI_4713.17': 331.1043266674911, 'HeI_4921.93': 834.5967862459307, 'Hf': 913.9195351529855, 'Hn': 78.10522896645425}","{'HeI_3819.62': 1558.0597389965444, 'HeI_4009.26': 285.0400248827626, 'HeI_4143.76': 379.64104020418506, 'HeI_4387.93': 712.7457868041846, 'HeI_4471.50': 1039.8440246582613, 'HeI_4713.17': 331.14410192600036, 'HeI_4921.93': 833.8990656109814, 'Hf': 901.5022733123378, 'Hn': 80.49657622048886}","{'HeI_3819.62': 1557.8607110997355, 'HeI_4009.26': 284.99243795482215, 'HeI_4143.76': 379.78602921937375, 'HeI_4387.93': 712.5641992739344, 'HeI_4471.50': 1042.34083935766, 'HeI_4713.17': 331.18730599959997, 'HeI_4921.93': 833.1783920787508, 'Hf': 895.7126663657825, 'Hn': 89.02868064558622}","{'HeI_3819.62': 1557.4974980480815, 'HeI_4009.26': 284.9427230358936, 'HeI_4143.76': 379.93984591259886, 'HeI_4387.93': 712.3691615122852, 'HeI_4471.50': 1044.4504254606595, 'HeI_4713.17': 331.22074564568186, 'HeI_4921.93': 832.4838826497996, 'Hf': 897.7359198025837, 'Hn': 104.27151233042011}","{'HeI_3819.62': 1556.936800021316, 'HeI_4009.26': 284.8920408814326, 'HeI_4143.76': 380.10328687500595, 'HeI_4387.93': 712.1850789139105, 'HeI_4471.50': 1046.1489390164204, 'HeI_4713.17': 331.2452407763633, 'HeI_4921.93': 831.8325647829435, 'Hf': 907.396355047296, 'Hn': 126.52037720381195}","{'HeI_3819.62': 1556.1441344170187, 'HeI_4009.26': 284.8414092032212, 'HeI_4143.76': 380.2704816100489, 'HeI_4387.93': 712.0254434849029, 'HeI_4471.50': 1047.4563804109152, 'HeI_4713.17': 331.2606628163627, 'HeI_4921.93': 831.2525769436749, 'Hf': 923.7270226962057, 'Hn': 155.16451298414745}","{'HeI_3819.62': 1555.115873918167, 'HeI_4009.26': 284.7886261237582, 'HeI_4143.76': 380.4400727531637, 'HeI_4387.93': 711.8919741835327, 'HeI_4471.50': 1048.4642866923216, 'HeI_4713.17': 331.26197626250917, 'HeI_4921.93': 830.741102278621, 'Hf': 945.5896674794697, 'Hn': 189.8166670765843}","{'HeI_3819.62': 1553.8530023642347, 'HeI_4009.26': 284.7329875558861, 'HeI_4143.76': 380.6128163377071, 'HeI_4387.93': 711.78007348211, 'HeI_4471.50': 1049.2716880745168, 'HeI_4713.17': 331.2380054512117, 'HeI_4921.93': 830.2869559050465, 'Hf': 971.4940886588391, 'Hn': 230.15214096728414}"
T56000logg4.2,"{'HeI_3819.62': 1584.8789290977365, 'HeI_4009.26': 281.9122723353565, 'HeI_4143.76': 364.0918790271679, 'HeI_4387.93': 705.2738196105443, 'HeI_4471.50': 1041.9985736249828, 'HeI_4713.17': 337.799679437096, 'HeI_4921.93': 834.164381061413, 'Hf': 645.1411385713964, 'Hn': 41.2924122924535}","{'HeI_3819.62': 1585.5089063154696, 'HeI_4009.26': 281.9135379581376, 'HeI_4143.76': 364.1849638958753, 'HeI_4387.93': 705.1723913632471, 'HeI_4471.50': 1042.60912603644, 'HeI_4713.17': 337.6732128555872, 'HeI_4921.93': 834.0078140362444, 'Hf': 634.6776184781045, 'Hn': 41.19299041477906}","{'HeI_3819.62': 1585.981336444336, 'HeI_4009.26': 281.9129612806472, 'HeI_4143.76': 364.290879152556, 'HeI_4387.93': 705.0410588032908, 'HeI_4471.50': 1043.8051254604388, 'HeI_4713.17': 337.53632038695514, 'HeI_4921.93': 833.8036306730255, 'Hf': 629.7528316443996, 'Hn': 46.18107460471456}","{'HeI_3819.62': 1586.2812289563499, 'HeI_4009.26': 281.9208548575461, 'HeI_4143.76': 364.4076090573126, 'HeI_4387.93': 704.8847622867916, 'HeI_4471.50': 1045.0578007379795, 'HeI_4713.17': 337.3988732476498, 'HeI_4921.93': 833.5697203989931, 'Hf': 632.7694835754064, 'Hn': 57.85913015857364}","{'HeI_3819.62': 1586.431459871418, 'HeI_4009.26': 281.9344352138508, 'HeI_4143.76': 364.53013723431604, 'HeI_4387.93': 704.7214965743997, 'HeI_4471.50': 1046.076850858389, 'HeI_4713.17': 337.2620990922771, 'HeI_4921.93': 833.3202543662513, 'Hf': 644.5197016800423, 'Hn': 76.46742621036805}","{'HeI_3819.62': 1586.4758519011498, 'HeI_4009.26': 281.95212585532147, 'HeI_4143.76': 364.65198499859525, 'HeI_4387.93': 704.5727561524793, 'HeI_4471.50': 1046.8823551053783, 'HeI_4713.17': 337.1290380017583, 'HeI_4921.93': 833.0625778245252, 'Hf': 664.3101670717443, 'Hn': 101.90112090311426}","{'HeI_3819.62': 1586.4573392501861, 'HeI_4009.26': 281.972901613365, 'HeI_4143.76': 364.7669586283191, 'HeI_4387.93': 704.4540274472461, 'HeI_4471.50': 1047.4976103006027, 'HeI_4713.17': 336.99579192343737, 'HeI_4921.93': 832.8071449408632, 'Hf': 690.9025565985811, 'Hn': 134.1135967491353}","{'HeI_3819.62': 1586.5238972223244, 'HeI_4009.26': 281.99052803697526, 'HeI_4143.76': 364.87071003886683, 'HeI_4387.93': 704.3698894237401, 'HeI_4471.50': 1047.9635370604942, 'HeI_4713.17': 336.8549439745571, 'HeI_4921.93': 832.5712962738685, 'Hf': 722.6131185122374, 'Hn': 172.03431645846067}","{'HeI_3819.62': 1586.841358095403, 'HeI_4009.26': 281.99828558136744, 'HeI_4143.76': 364.96431742818953, 'HeI_4387.93': 704.3172326520079, 'HeI_4471.50': 1048.3457530382168, 'HeI_4713.17': 336.69204480834514, 'HeI_4921.93': 832.358408096303, 'Hf': 758.0581324036127, 'Hn': 215.36081761468327}"
